user_id,age,logins_180d,views_180d,applies_180d,days_since_login,career_months,months_since_job,education,assessed,assess_score,profile_completeness,offer_event,truth_type,truth_outcome,truth_sparse
0,29,0,0,0,180,0,-1,0,0,0.0,0.212,0,explorer,hired,1
1,29,43,125,10,71,3,22,3,0,0.0,0.785,0,newgrad,lapsed,0
2,25,21,90,0,8,0,-1,2,0,0.0,0.763,0,explorer,active,0
3,26,14,75,0,123,79,16,3,1,65.5,0.866,0,mover,lapsed,0
4,30,39,139,1,115,0,-1,0,0,0.0,0.156,0,recent_career,lapsed,1
5,30,37,187,0,8,0,-1,0,0,0.0,0.212,0,explorer,active,1
6,29,34,167,0,1,12,24,4,0,0.0,0.984,0,explorer,active,0
7,26,23,118,0,2,15,1,3,0,0.0,0.61,0,explorer,active,0
8,29,64,253,6,0,24,1,3,1,73.5,0.788,0,recent_career,active,0
9,25,40,134,7,117,2,0,3,0,0.0,0.999,0,newgrad,hired,0
10,26,28,91,5,103,2,7,3,1,48.0,0.985,0,newgrad,hired,0
11,29,20,92,1,2,6,10,2,0,0.0,0.993,0,explorer,active,0
12,30,9,61,1,149,56,9,3,0,0.0,0.984,0,mover,lapsed,0
13,30,19,91,1,65,6,14,3,0,0.0,0.684,0,explorer,hired,0
14,33,64,175,12,3,4,7,2,0,0.0,0.969,0,newgrad,active,0
15,32,53,146,6,48,0,-1,0,0,0.0,0.14,0,newgrad,lapsed,1
16,28,19,116,2,67,92,23,3,0,0.0,0.702,0,mover,lapsed,0
17,32,75,315,8,2,22,0,2,1,50.1,0.863,0,recent_career,active,0
18,25,18,70,1,3,0,-1,0,0,0.0,0.294,0,explorer,active,1
19,32,39,241,0,1,71,3,3,0,0.0,0.905,0,mover,active,0
20,28,20,102,1,4,11,3,3,0,0.0,0.796,0,explorer,active,0
21,31,38,118,14,0,1,9,3,1,79.7,0.699,0,newgrad,active,0
22,33,14,52,0,7,17,7,3,1,52.1,0.875,0,explorer,active,0
23,31,10,54,0,93,6,6,3,0,0.0,0.7,0,explorer,lapsed,0
24,33,21,94,2,2,4,3,4,1,74.6,0.848,0,explorer,active,0
25,25,55,195,12,6,25,11,3,0,0.0,0.954,0,recent_career,active,0
26,26,26,81,5,63,0,-1,3,1,72.6,0.67,0,newgrad,hired,0
27,30,41,164,4,7,6,8,4,1,67.6,0.742,0,recent_career,active,0
28,29,40,161,6,7,6,1,2,1,46.6,0.856,0,recent_career,active,0
29,26,22,136,1,0,55,1,3,1,54.8,0.767,0,mover,active,0
30,31,19,82,0,0,23,5,3,0,0.0,0.942,0,explorer,active,0
31,25,14,73,0,3,0,-1,0,0,0.0,0.273,0,explorer,active,1
32,33,34,108,3,86,5,3,3,1,67.8,0.98,0,newgrad,hired,0
33,26,29,79,5,87,1,3,4,1,46.0,0.799,0,newgrad,hired,0
34,29,35,103,12,8,3,23,3,1,85.0,0.836,0,newgrad,active,0
35,32,70,322,4,0,7,5,3,1,67.8,0.82,0,recent_career,active,0
36,29,70,247,12,1,11,3,2,1,57.0,0.892,0,recent_career,active,0
37,31,45,126,8,2,2,15,3,1,61.2,0.83,0,newgrad,active,0
38,31,59,192,10,1,3,10,3,1,57.9,0.698,0,newgrad,active,0
39,33,41,247,2,2,0,-1,0,0,0.0,0.13,0,mover,active,1
40,29,61,184,9,4,0,-1,0,0,0.0,0.109,0,newgrad,active,1
41,33,3,16,0,140,15,4,3,1,66.9,0.907,0,explorer,hired,0
42,29,21,142,2,49,64,1,4,0,0.0,0.782,0,mover,lapsed,0
43,33,62,171,13,71,4,24,3,1,53.4,0.756,0,newgrad,lapsed,0
44,31,13,53,0,78,8,12,3,1,60.0,0.624,0,explorer,lapsed,0
45,26,16,71,0,7,13,4,3,1,68.9,0.69,0,explorer,active,0
46,30,29,88,9,4,5,19,3,0,0.0,0.643,0,newgrad,active,0
47,32,52,138,7,33,0,-1,0,0,0.0,0.299,0,newgrad,hired,1
48,26,66,423,5,3,38,7,3,1,70.1,0.696,0,mover,active,0
49,32,39,163,4,87,19,1,4,1,58.4,0.749,0,recent_career,lapsed,0
50,25,50,206,4,0,14,12,3,1,45.2,0.933,0,recent_career,active,0
51,32,93,365,10,0,0,-1,0,0,0.0,0.109,0,recent_career,active,1
52,32,7,37,0,117,0,-1,0,0,0.0,0.132,0,explorer,lapsed,1
53,26,11,66,1,141,0,-1,0,0,0.0,0.106,0,mover,lapsed,1
54,31,30,199,1,4,0,-1,0,0,0.0,0.231,0,mover,active,1
55,26,27,144,0,9,15,17,3,1,59.8,0.983,0,explorer,active,0
56,30,60,180,7,2,0,-1,0,0,0.0,0.344,0,newgrad,active,1
57,33,48,277,4,0,88,11,2,0,0.0,0.977,0,mover,active,0
58,26,21,69,1,0,27,1,2,1,59.5,0.643,0,recent_career,active,0
59,26,28,118,1,13,0,-1,0,0,0.0,0.204,0,recent_career,active,1
60,28,33,191,1,16,55,10,3,1,75.3,0.75,0,mover,active,0
61,28,46,155,8,6,0,-1,0,0,0.0,0.245,0,newgrad,active,1
62,25,52,302,0,57,60,2,3,0,0.0,0.924,0,mover,hired,0
63,29,22,110,0,2,18,0,3,1,47.5,0.882,0,explorer,active,0
64,27,9,55,0,127,39,22,3,0,0.0,0.671,0,mover,lapsed,0
65,26,18,102,0,63,85,0,4,0,0.0,0.993,1,mover,hired,0
66,27,31,181,2,1,87,7,3,0,0.0,0.717,0,mover,active,0
67,25,144,423,22,0,2,1,4,1,40.4,0.775,0,newgrad,active,0
68,33,14,52,2,119,28,6,3,1,33.5,0.698,0,recent_career,lapsed,0
69,33,55,165,13,0,4,10,3,0,0.0,0.885,0,newgrad,active,0
70,28,70,265,2,0,0,-1,0,0,0.0,0.147,0,recent_career,active,1
71,32,69,216,26,2,2,1,3,1,67.3,0.744,0,newgrad,active,0
72,29,21,104,0,16,0,-1,0,0,0.0,0.27,0,explorer,active,1
73,33,20,54,4,76,2,15,2,0,0.0,0.905,0,newgrad,lapsed,0
74,26,42,171,3,3,0,-1,0,0,0.0,0.15,0,recent_career,active,1
75,27,56,168,7,1,0,-1,0,0,0.0,0.147,0,newgrad,active,1
76,31,33,97,2,34,3,18,4,1,50.8,0.967,1,newgrad,hired,0
77,26,37,197,1,2,54,8,3,0,0.0,0.912,0,mover,active,0
78,32,43,268,2,1,84,17,3,0,0.0,0.907,0,mover,active,0
79,28,7,37,0,139,24,6,3,0,0.0,0.775,0,explorer,hired,0
80,28,55,323,3,2,91,2,2,0,0.0,0.82,0,mover,active,0
81,29,94,248,25,5,5,16,2,1,75.4,0.626,0,newgrad,active,0
82,32,19,94,0,41,8,20,3,0,0.0,0.823,0,explorer,lapsed,0
83,25,42,144,6,51,24,10,3,0,0.0,0.828,0,recent_career,lapsed,0
84,31,48,204,5,1,12,8,3,0,0.0,0.656,0,recent_career,active,0
85,32,40,172,2,2,11,9,3,0,0.0,0.917,0,recent_career,active,0
86,32,70,400,3,2,64,23,3,0,0.0,0.776,0,mover,active,0
87,33,48,148,15,2,1,6,3,0,0.0,0.778,0,newgrad,active,0
88,32,51,215,7,0,8,2,2,1,47.8,0.717,0,recent_career,active,0
89,29,78,210,16,2,5,21,3,1,67.4,0.949,0,newgrad,active,0
90,29,35,130,6,1,14,8,3,1,72.4,0.82,0,recent_career,active,0
91,28,29,160,1,3,0,-1,0,0,0.0,0.347,0,mover,active,1
92,32,116,376,23,0,0,-1,0,0,0.0,0.305,0,newgrad,active,1
93,28,56,165,9,2,4,13,3,1,75.2,0.794,0,newgrad,active,0
94,30,14,45,4,137,1,10,3,1,42.7,0.954,0,newgrad,lapsed,0
95,25,52,299,4,0,0,-1,0,0,0.0,0.24,0,mover,active,1
96,27,76,232,16,0,2,7,3,0,0.0,0.756,0,newgrad,active,0
97,27,34,145,3,0,20,5,3,1,42.2,0.811,0,recent_career,active,0
98,28,45,187,3,2,12,10,3,1,65.9,0.686,0,recent_career,active,0
99,29,11,57,1,77,19,2,3,0,0.0,0.756,1,explorer,hired,0
100,31,9,37,0,8,17,19,3,0,0.0,0.642,0,explorer,active,0
101,28,48,289,1,3,66,0,4,0,0.0,0.873,0,mover,active,0
102,26,39,114,3,1,1,23,3,1,66.0,0.861,0,newgrad,active,0
103,29,15,79,0,3,23,15,3,0,0.0,0.958,0,explorer,active,0
104,25,26,126,1,24,4,4,3,0,0.0,0.79,0,explorer,active,0
105,32,23,134,1,21,92,21,4,0,0.0,0.797,0,mover,active,0
106,31,81,223,25,34,0,-1,4,0,0.0,0.76,0,newgrad,lapsed,0
107,27,64,195,10,0,3,9,3,1,22.6,0.958,0,newgrad,active,0
108,27,91,384,14,2,23,2,2,0,0.0,0.987,0,recent_career,active,0
109,25,14,82,0,21,20,19,4,0,0.0,0.807,0,explorer,active,0
110,28,64,181,11,11,1,21,4,0,0.0,0.807,0,newgrad,active,0
111,25,86,357,11,4,19,8,3,1,60.8,0.746,0,recent_career,active,0
112,33,61,173,6,0,2,2,3,1,50.9,0.959,0,newgrad,active,0
113,26,44,285,2,8,0,-1,0,0,0.0,0.277,0,mover,active,1
114,30,45,197,4,9,0,-1,0,0,0.0,0.267,0,recent_career,active,1
115,30,14,67,0,0,1,18,3,0,0.0,0.666,0,explorer,active,0
116,27,32,167,1,18,10,0,2,0,0.0,0.696,0,explorer,active,0
117,32,48,279,1,2,0,-1,0,0,0.0,0.137,0,mover,active,1
118,25,126,408,20,0,4,4,3,0,0.0,0.931,0,newgrad,active,0
119,32,41,217,4,2,79,5,3,1,56.1,0.848,0,mover,active,0
120,31,58,332,1,6,0,-1,0,0,0.0,0.141,0,mover,active,1
121,30,60,340,3,0,0,-1,0,0,0.0,0.123,0,mover,active,1
122,32,55,214,3,2,0,-1,0,0,0.0,0.306,0,recent_career,active,1
123,28,111,346,27,0,4,8,3,1,82.1,0.796,0,newgrad,active,0
124,27,66,248,5,4,22,6,3,1,62.6,0.824,0,recent_career,active,0
125,26,22,62,3,91,2,12,2,0,0.0,0.714,0,newgrad,hired,0
126,33,12,36,9,123,5,24,2,1,63.3,0.834,1,newgrad,hired,0
127,28,53,205,4,50,28,12,3,0,0.0,0.765,1,recent_career,hired,0
128,32,24,86,3,92,0,-1,0,0,0.0,0.216,1,recent_career,hired,1
129,27,33,213,2,11,0,-1,0,0,0.0,0.209,0,mover,active,1
130,33,39,175,5,0,10,10,2,1,57.1,0.717,0,recent_career,active,0
131,32,11,59,0,5,0,-1,0,0,0.0,0.254,0,explorer,active,1
132,27,28,155,0,14,95,4,4,0,0.0,0.908,0,mover,active,0
133,29,46,143,6,0,0,-1,0,0,0.0,0.289,0,newgrad,active,1
134,32,40,205,0,10,79,21,3,0,0.0,0.935,0,mover,active,0
135,27,2,5,1,129,0,-1,0,0,0.0,0.12,0,recent_career,lapsed,1
136,25,22,96,0,66,0,-1,0,0,0.0,0.107,0,explorer,lapsed,1
137,27,71,208,14,1,5,20,3,1,60.8,0.944,0,newgrad,active,0
138,30,19,88,1,0,22,13,3,1,38.6,0.606,0,explorer,active,0
139,26,49,199,3,87,14,2,3,1,51.9,0.62,0,recent_career,lapsed,0
140,28,110,322,24,2,0,-1,0,0,0.0,0.34,0,newgrad,active,1
141,33,136,405,21,0,4,18,3,1,64.8,0.997,0,newgrad,active,0
142,25,16,72,0,11,24,19,3,0,0.0,0.946,0,explorer,active,0
143,25,25,169,1,35,42,8,3,1,70.7,0.651,0,mover,hired,0
144,28,19,57,4,102,3,5,3,1,46.1,0.87,0,newgrad,lapsed,0
145,25,45,135,12,44,5,9,3,0,0.0,0.769,0,newgrad,hired,0
146,25,14,48,3,125,3,22,3,1,58.6,0.79,0,newgrad,lapsed,0
147,26,24,70,8,114,1,4,3,1,49.4,0.893,0,newgrad,lapsed,0
148,25,77,217,10,1,0,-1,0,0,0.0,0.188,0,newgrad,active,1
149,32,69,250,4,2,7,6,3,0,0.0,0.751,0,recent_career,active,0
150,26,15,81,0,28,17,20,4,0,0.0,0.661,0,explorer,active,0
151,29,16,82,0,18,10,7,3,0,0.0,0.772,0,explorer,active,0
152,31,13,58,1,116,17,4,3,1,64.5,0.601,0,recent_career,lapsed,0
153,30,49,301,3,7,96,15,3,1,50.5,0.895,0,mover,active,0
154,30,36,153,9,100,13,3,3,1,51.1,0.915,0,recent_career,lapsed,0
155,28,37,221,1,0,75,23,3,0,0.0,0.707,0,mover,active,0
156,32,59,199,13,0,0,-1,0,0,0.0,0.163,0,newgrad,active,1
157,25,22,122,1,12,65,24,3,0,0.0,0.746,0,mover,active,0
158,25,36,224,2,0,96,4,3,0,0.0,0.932,0,mover,active,0
159,32,26,113,0,5,0,-1,0,0,0.0,0.186,0,explorer,active,1
160,25,73,288,18,5,9,12,3,1,55.7,0.899,0,recent_career,active,0
161,26,20,104,0,10,18,21,3,0,0.0,0.816,0,explorer,active,0
162,26,111,329,21,31,2,2,4,0,0.0,0.864,1,newgrad,hired,0
163,25,7,33,1,155,18,12,2,1,60.0,0.954,1,recent_career,hired,0
164,26,15,83,0,129,58,20,2,0,0.0,0.928,0,mover,hired,0
165,30,10,39,2,140,5,14,3,1,89.7,0.966,1,newgrad,hired,0
166,30,21,110,1,3,0,-1,0,0,0.0,0.18,0,explorer,active,1
167,25,30,153,2,1,12,2,3,0,0.0,0.816,0,explorer,active,0
168,33,36,110,9,77,0,-1,3,0,0.0,0.663,1,newgrad,hired,0
169,25,12,56,0,3,0,-1,0,0,0.0,0.173,0,explorer,active,1
170,31,68,184,15,1,0,-1,0,0,0.0,0.176,0,newgrad,active,1
171,32,69,191,11,2,2,17,3,1,61.9,0.979,0,newgrad,active,0
172,29,17,47,7,153,0,-1,0,0,0.0,0.235,0,newgrad,lapsed,1
173,29,29,152,1,1,3,3,2,0,0.0,0.669,0,explorer,active,0
174,25,69,295,13,33,9,1,2,1,56.9,0.634,1,recent_career,hired,0
175,27,33,150,4,73,0,-1,0,0,0.0,0.207,1,recent_career,hired,1
176,32,38,121,2,4,0,-1,0,0,0.0,0.119,0,newgrad,active,1
177,28,29,151,0,7,6,21,3,0,0.0,0.879,0,explorer,active,0
178,25,27,144,0,65,0,-1,0,0,0.0,0.136,0,explorer,lapsed,1
179,31,4,20,0,162,16,23,3,0,0.0,0.681,0,explorer,hired,0
180,31,19,86,0,6,12,24,2,1,58.5,0.662,0,explorer,active,0
181,25,24,114,0,4,8,22,3,1,45.4,0.87,0,explorer,active,0
182,25,81,241,10,0,5,4,3,1,64.4,0.824,0,newgrad,active,0
183,26,54,162,11,1,5,11,4,1,60.8,0.92,0,newgrad,active,0
184,25,15,74,0,91,0,-1,0,0,0.0,0.233,1,explorer,hired,1
185,30,72,415,2,0,93,5,2,0,0.0,0.912,0,mover,active,0
186,26,58,176,8,5,0,-1,0,0,0.0,0.194,0,newgrad,active,1
187,30,73,301,15,1,0,-1,0,0,0.0,0.107,0,recent_career,active,1
188,26,23,122,0,0,4,20,3,0,0.0,0.857,0,explorer,active,0
189,33,26,81,7,2,0,-1,0,0,0.0,0.12,0,newgrad,active,1
190,31,12,54,0,3,19,17,2,0,0.0,0.876,0,explorer,active,0
191,28,43,134,7,0,1,15,3,1,75.5,0.782,0,newgrad,active,0
192,28,11,53,0,100,29,6,4,1,61.0,0.682,0,recent_career,lapsed,0
193,25,21,100,0,20,21,13,4,1,53.8,0.661,0,explorer,active,0
194,25,48,194,8,0,0,-1,0,0,0.0,0.198,0,recent_career,active,1
195,29,68,304,6,6,22,4,3,1,48.9,0.996,0,recent_career,active,0
196,25,35,214,2,2,96,3,3,0,0.0,0.9,0,mover,active,0
197,30,10,62,0,180,11,14,4,0,0.0,0.939,1,explorer,hired,0
198,28,46,186,10,0,0,-1,0,0,0.0,0.267,0,recent_career,active,1
199,26,67,204,11,1,0,-1,0,0,0.0,0.29,0,newgrad,active,1
200,29,10,49,0,4,22,8,3,0,0.0,0.656,0,explorer,active,0
201,29,16,75,0,47,3,11,3,0,0.0,0.658,1,explorer,hired,0
202,31,74,237,15,2,0,-1,0,0,0.0,0.186,0,newgrad,active,1
203,26,47,188,5,0,23,0,4,1,66.9,0.774,0,recent_career,active,0
204,29,15,71,1,120,12,10,4,1,48.3,0.736,0,recent_career,lapsed,0
205,32,53,171,8,1,0,-1,3,1,68.2,0.888,0,newgrad,active,0
206,27,24,89,0,78,14,11,2,1,57.3,0.64,0,recent_career,lapsed,0
207,32,26,164,1,3,56,18,3,1,70.8,0.853,0,mover,active,0
208,31,78,291,9,0,9,11,3,1,56.7,0.677,0,recent_career,active,0
209,28,61,201,15,0,5,18,2,1,66.0,0.651,0,newgrad,active,0
210,32,47,267,3,2,0,-1,0,0,0.0,0.296,0,mover,active,1
211,33,58,327,3,0,79,13,2,1,64.9,0.745,0,mover,active,0
212,27,46,192,9,43,10,8,3,1,50.2,0.916,0,recent_career,lapsed,0
213,33,32,170,0,0,0,-1,0,0,0.0,0.334,0,explorer,active,1
214,25,31,188,0,0,0,-1,0,0,0.0,0.249,0,mover,active,1
215,26,27,155,2,9,49,15,3,0,0.0,0.79,0,mover,active,0
216,25,19,77,1,104,27,10,3,1,78.0,0.917,0,recent_career,hired,0
217,28,37,144,2,43,26,6,2,1,72.3,0.631,0,recent_career,hired,0
218,33,27,139,0,7,11,9,3,0,0.0,0.752,0,explorer,active,0
219,30,45,142,12,14,3,11,3,1,56.6,0.777,0,newgrad,active,0
220,30,56,162,10,72,0,-1,0,0,0.0,0.347,0,newgrad,hired,1
221,25,32,78,5,54,4,21,3,1,52.7,0.837,0,newgrad,lapsed,0
222,29,23,142,0,108,93,6,2,0,0.0,0.797,0,mover,lapsed,0
223,28,42,200,0,0,11,8,2,0,0.0,0.931,0,explorer,active,0
224,29,43,130,5,7,0,-1,3,0,0.0,0.736,0,newgrad,active,0
225,27,14,54,0,5,9,2,3,0,0.0,0.674,0,explorer,active,0
226,26,74,302,8,0,29,1,3,1,59.4,0.673,0,recent_career,active,0
227,33,12,81,0,127,80,4,3,0,0.0,0.691,0,mover,lapsed,0
228,30,28,150,1,14,75,11,4,1,75.3,0.838,0,mover,active,0
229,28,21,81,2,82,7,12,2,1,58.8,0.765,0,recent_career,lapsed,0
230,25,51,214,9,2,0,-1,0,0,0.0,0.284,0,recent_career,active,1
231,31,48,153,7,3,1,16,4,1,60.7,0.656,0,newgrad,active,0
232,29,16,85,1,0,23,21,3,1,57.9,0.853,0,explorer,active,0
233,28,25,168,4,3,49,7,2,0,0.0,0.696,0,mover,active,0
234,31,25,114,0,2,7,8,3,0,0.0,0.862,0,explorer,active,0
235,26,39,224,0,0,5,18,3,1,70.5,0.67,0,explorer,active,0
236,29,98,277,22,3,3,10,2,1,60.8,0.78,0,newgrad,active,0
237,32,15,86,0,1,6,7,2,1,55.0,0.939,0,explorer,active,0
238,29,65,283,6,0,0,-1,0,0,0.0,0.201,0,recent_career,active,1
239,25,47,188,9,0,6,4,3,1,52.9,0.798,0,recent_career,active,0
240,27,23,101,0,4,0,-1,0,0,0.0,0.222,0,explorer,active,1
241,25,19,104,0,10,0,-1,0,0,0.0,0.234,0,explorer,active,1
242,29,62,222,11,4,1,4,3,1,65.0,0.647,0,newgrad,active,0
243,28,94,272,10,1,2,3,3,1,65.7,0.654,0,newgrad,active,0
244,26,13,80,1,1,0,-1,0,0,0.0,0.132,0,mover,active,1
245,31,28,135,0,2,18,21,4,0,0.0,0.66,0,explorer,active,0
246,26,30,185,1,109,0,-1,0,0,0.0,0.132,0,mover,lapsed,1
247,28,25,72,4,111,0,-1,0,0,0.0,0.165,1,newgrad,hired,1
248,33,53,136,16,86,0,-1,4,1,56.3,0.643,0,newgrad,lapsed,0
249,25,49,139,9,63,0,-1,0,0,0.0,0.197,0,newgrad,hired,1
250,27,19,127,0,113,94,23,3,0,0.0,0.986,0,mover,lapsed,0
251,27,26,135,0,6,16,20,3,0,0.0,0.737,0,explorer,active,0
252,29,35,110,9,107,2,0,3,1,70.4,0.914,1,newgrad,hired,0
253,27,125,373,17,0,0,-1,0,0,0.0,0.285,0,newgrad,active,1
254,33,7,19,0,168,1,12,3,1,38.3,0.822,0,newgrad,hired,0
255,25,22,100,0,15,6,13,2,1,62.2,0.611,0,explorer,active,0
256,33,4,16,0,33,0,-1,0,0,0.0,0.23,1,explorer,hired,1
257,29,32,117,5,117,9,1,3,1,48.1,0.899,0,recent_career,hired,0
258,25,32,126,8,13,0,-1,0,0,0.0,0.244,0,recent_career,active,1
259,26,69,401,4,4,93,6,3,0,0.0,0.849,0,mover,active,0
260,25,51,200,9,0,12,10,3,1,79.0,0.66,0,recent_career,active,0
261,27,24,111,0,11,0,-1,0,0,0.0,0.239,0,explorer,active,1
262,27,8,27,4,136,0,-1,4,0,0.0,0.722,1,newgrad,hired,0
263,30,51,168,9,11,0,-1,0,0,0.0,0.223,0,recent_career,active,1
264,27,9,36,0,69,9,20,3,0,0.0,0.958,0,explorer,hired,0
265,31,41,171,7,50,19,11,4,1,63.6,0.902,1,recent_career,hired,0
266,27,63,195,12,1,4,9,3,1,37.1,0.641,0,newgrad,active,0
267,27,27,108,5,124,20,7,3,1,71.7,0.905,0,recent_career,hired,0
268,27,88,343,7,2,27,10,2,0,0.0,0.778,0,recent_career,active,0
269,27,66,259,12,0,26,3,3,1,57.8,0.977,0,recent_career,active,0
270,32,55,215,4,1,0,-1,0,0,0.0,0.217,0,recent_career,active,1
271,27,41,183,8,1,15,2,3,1,39.8,0.809,0,recent_career,active,0
272,27,28,103,5,8,23,6,3,0,0.0,0.926,0,recent_career,active,0
273,33,69,402,3,1,86,8,2,1,61.9,0.682,0,mover,active,0
274,30,42,264,3,0,58,24,3,0,0.0,0.832,0,mover,active,0
275,26,43,123,7,1,0,-1,0,0,0.0,0.16,0,newgrad,active,1
276,32,87,274,16,6,4,5,3,1,67.6,0.625,0,newgrad,active,0
277,26,63,180,13,5,2,20,3,0,0.0,0.716,0,newgrad,active,0
278,26,27,134,1,1,8,8,3,0,0.0,0.917,0,explorer,active,0
279,29,28,151,0,20,12,22,3,0,0.0,0.898,0,explorer,active,0
280,31,106,448,7,0,7,7,3,1,82.0,0.706,0,recent_career,active,0
281,26,32,127,5,66,11,5,3,1,46.4,0.917,0,recent_career,hired,0
282,31,64,219,13,4,0,-1,0,0,0.0,0.156,0,newgrad,active,1
283,26,56,161,14,1,3,7,4,0,0.0,0.769,0,newgrad,active,0
284,32,44,292,2,7,0,-1,0,0,0.0,0.117,0,mover,active,1
285,25,63,199,15,72,1,19,2,1,48.7,0.937,0,newgrad,lapsed,0
286,29,79,335,16,37,16,7,2,1,44.4,0.953,0,recent_career,hired,0
287,30,17,50,3,138,2,6,3,0,0.0,0.634,0,newgrad,hired,0
288,27,113,362,22,0,0,-1,0,0,0.0,0.109,0,newgrad,active,1
289,30,9,44,2,149,21,10,2,0,0.0,0.65,1,recent_career,hired,0
290,31,24,129,2,6,22,8,4,1,69.2,0.774,0,explorer,active,0
291,30,70,276,6,2,0,-1,0,0,0.0,0.264,0,recent_career,active,1
292,28,10,39,0,110,17,19,3,0,0.0,0.683,0,explorer,hired,0
293,31,42,149,6,0,0,-1,0,0,0.0,0.142,0,recent_career,active,1
294,31,14,73,0,93,17,10,3,0,0.0,0.687,0,explorer,active,0
295,27,17,88,0,23,2,23,2,1,64.8,0.974,0,explorer,active,0
296,31,13,64,0,81,19,19,3,0,0.0,0.71,0,explorer,hired,0
297,33,25,134,2,11,0,-1,0,0,0.0,0.332,0,explorer,active,1
298,32,12,67,0,31,8,23,4,0,0.0,0.853,0,explorer,active,0
299,31,32,197,1,0,0,-1,0,0,0.0,0.138,0,mover,active,1
300,31,13,52,0,68,0,-1,0,0,0.0,0.31,1,explorer,hired,1
301,32,57,229,6,3,16,1,3,1,73.0,0.711,0,recent_career,active,0
302,27,50,143,8,3,0,-1,0,0,0.0,0.264,0,newgrad,active,1
303,31,38,128,8,44,5,7,3,1,44.9,0.885,1,newgrad,hired,0
304,26,36,189,0,0,20,20,3,1,56.2,0.895,0,explorer,active,0
305,28,44,137,10,0,5,24,3,1,60.1,0.858,0,newgrad,active,0
306,33,59,175,12,6,1,2,3,0,0.0,0.651,0,newgrad,active,0
307,27,56,320,3,5,54,5,3,0,0.0,0.673,0,mover,active,0
308,32,44,121,9,3,5,18,2,1,59.2,0.69,0,newgrad,active,0
309,28,73,277,17,63,24,8,4,0,0.0,0.921,0,recent_career,hired,0
310,26,71,215,7,0,2,19,3,0,0.0,0.782,0,newgrad,active,0
311,25,33,109,12,121,5,15,2,1,51.0,0.628,0,newgrad,lapsed,0
312,29,96,286,28,0,4,1,3,1,55.9,0.792,0,newgrad,active,0
313,29,45,150,6,112,2,21,3,1,53.5,0.684,0,newgrad,lapsed,0
314,29,44,124,8,117,4,3,3,1,50.9,0.719,0,newgrad,lapsed,0
315,25,50,157,10,5,1,0,3,1,73.9,0.913,0,newgrad,active,0
316,27,88,246,16,0,0,-1,0,0,0.0,0.193,0,newgrad,active,1
317,25,51,302,2,2,42,14,3,0,0.0,0.699,0,mover,active,0
318,27,46,128,10,2,0,-1,2,0,0.0,0.685,0,newgrad,active,0
319,33,25,123,0,7,2,10,3,0,0.0,0.783,0,explorer,active,0
320,26,31,172,0,1,22,1,4,0,0.0,0.892,0,explorer,active,0
321,31,57,186,14,4,1,22,3,1,49.4,0.972,0,newgrad,active,0
322,25,101,302,27,0,0,-1,0,0,0.0,0.176,0,newgrad,active,1
323,30,66,212,9,5,3,10,3,1,66.2,0.926,0,newgrad,active,0
324,33,15,82,0,9,9,6,3,0,0.0,0.835,0,explorer,active,0
325,28,12,80,1,37,49,1,4,1,54.4,0.864,0,mover,lapsed,0
326,26,36,193,1,2,14,12,3,1,59.8,0.858,0,explorer,active,0
327,30,56,171,12,35,4,2,3,1,66.7,0.904,0,newgrad,hired,0
328,27,32,185,1,0,0,-1,0,0,0.0,0.258,0,mover,active,1
329,33,62,175,17,2,5,24,4,1,54.6,0.626,0,newgrad,active,0
330,32,20,107,1,6,0,-1,0,0,0.0,0.299,0,mover,active,1
331,30,55,209,6,2,15,12,3,0,0.0,0.614,0,recent_career,active,0
332,30,12,75,0,89,0,-1,0,0,0.0,0.263,0,mover,lapsed,1
333,30,12,57,0,21,18,23,2,0,0.0,0.69,0,explorer,active,0
334,31,68,289,5,2,12,11,2,1,89.7,0.639,0,recent_career,active,0
335,29,62,361,4,4,93,22,3,1,59.8,0.674,0,mover,active,0
336,33,70,271,8,2,16,4,3,1,69.9,0.636,0,recent_career,active,0
337,28,47,286,3,0,80,4,3,1,52.7,0.668,0,mover,active,0
338,25,56,202,4,2,7,11,3,1,81.0,0.991,0,recent_career,active,0
339,31,36,164,0,3,0,-1,0,0,0.0,0.127,0,explorer,active,1
340,30,10,46,0,150,19,5,3,1,57.3,0.839,0,recent_career,lapsed,0
341,33,8,36,0,21,24,6,3,0,0.0,0.602,0,explorer,active,0
342,28,5,24,0,133,0,-1,0,0,0.0,0.2,1,explorer,hired,1
343,28,49,293,5,0,45,2,2,0,0.0,0.731,0,mover,active,0
344,30,37,176,1,12,21,0,3,0,0.0,0.65,0,explorer,active,0
345,28,23,134,0,7,5,4,3,0,0.0,0.823,0,explorer,active,0
346,32,5,19,0,142,3,0,3,1,53.2,0.606,0,explorer,hired,0
347,28,69,233,10,1,0,-1,4,1,69.4,0.977,0,newgrad,active,0
348,32,30,179,1,9,66,3,2,1,41.5,0.911,0,mover,active,0
349,28,28,121,3,0,28,2,3,1,53.4,0.957,0,recent_career,active,0
350,27,36,207,1,1,46,1,3,1,29.6,0.741,0,mover,active,0
351,33,6,19,2,152,0,-1,0,0,0.0,0.167,0,recent_career,lapsed,1
352,29,23,119,1,2,81,16,3,0,0.0,0.804,0,mover,active,0
353,31,50,301,4,8,87,20,3,0,0.0,0.742,0,mover,active,0
354,30,43,134,9,1,3,18,3,1,59.5,0.7,0,newgrad,active,0
355,28,68,207,7,2,0,-1,0,0,0.0,0.299,0,newgrad,active,1
356,33,12,64,0,69,0,-1,0,0,0.0,0.23,1,explorer,hired,1
357,28,9,41,0,75,16,11,3,0,0.0,0.73,0,explorer,hired,0
358,33,70,207,12,4,0,-1,0,0,0.0,0.255,0,newgrad,active,1
359,28,32,196,6,1,44,10,3,0,0.0,0.697,0,mover,active,0
360,25,14,61,0,67,20,18,3,0,0.0,0.611,0,explorer,lapsed,0
361,25,33,130,3,35,29,1,4,0,0.0,0.721,0,recent_career,hired,0
362,33,84,348,8,2,8,0,3,0,0.0,0.607,0,recent_career,active,0
363,29,48,199,9,1,0,-1,0,0,0.0,0.233,0,recent_career,active,1
364,28,41,260,2,1,69,12,3,1,52.2,0.997,0,mover,active,0
365,32,54,177,6,0,0,-1,2,0,0.0,0.832,0,newgrad,active,0
366,30,20,100,1,11,0,-1,0,0,0.0,0.198,0,explorer,active,1
367,30,9,47,0,151,79,22,2,0,0.0,0.792,1,mover,hired,0
368,31,76,233,17,3,5,9,2,0,0.0,0.735,0,newgrad,active,0
369,26,10,65,0,137,0,-1,0,0,0.0,0.276,0,explorer,lapsed,1
370,25,19,80,0,6,2,22,3,0,0.0,0.64,0,explorer,active,0
371,31,55,157,13,7,2,2,4,1,74.6,0.852,0,newgrad,active,0
372,25,66,183,13,3,4,21,4,0,0.0,0.6,0,newgrad,active,0
373,31,51,158,7,3,1,0,3,1,69.7,0.848,0,newgrad,active,0
374,26,70,287,3,4,10,7,3,1,66.7,0.858,0,recent_career,active,0
375,27,11,35,3,135,11,5,3,1,51.5,0.719,0,recent_career,hired,0
376,31,34,188,1,2,13,6,2,0,0.0,0.662,0,explorer,active,0
377,30,24,71,6,68,4,2,4,0,0.0,0.698,0,newgrad,hired,0
378,32,44,133,7,22,3,24,3,0,0.0,0.85,0,newgrad,active,0
379,30,22,123,0,3,0,-1,0,0,0.0,0.168,0,mover,active,1
380,25,49,320,6,2,67,19,3,0,0.0,0.677,0,mover,active,0
381,32,46,246,0,0,20,10,3,0,0.0,0.868,0,explorer,active,0
382,26,13,57,0,24,7,18,3,0,0.0,0.602,0,explorer,active,0
383,26,53,137,10,40,5,11,3,1,69.8,0.948,0,newgrad,hired,0
384,32,89,263,22,5,3,11,3,1,70.5,0.953,0,newgrad,active,0
385,26,18,87,1,0,0,-1,0,0,0.0,0.349,0,explorer,active,1
386,29,45,256,2,37,0,-1,0,0,0.0,0.161,0,mover,hired,1
387,29,6,34,0,130,0,-1,0,0,0.0,0.107,1,explorer,hired,1
388,31,97,375,11,1,9,3,3,1,48.5,0.823,0,recent_career,active,0
389,25,42,202,0,4,23,12,3,1,75.2,0.865,0,explorer,active,0
390,25,31,187,2,15,59,22,3,0,0.0,0.655,0,mover,active,0
391,28,100,403,17,0,0,-1,0,0,0.0,0.275,0,recent_career,active,1
392,29,7,56,0,156,0,-1,0,0,0.0,0.264,1,mover,hired,1
393,32,28,161,2,57,55,1,3,0,0.0,0.714,0,mover,lapsed,0
394,30,50,238,8,2,0,-1,0,0,0.0,0.349,0,recent_career,active,1
395,26,56,174,12,1,0,-1,3,1,75.6,0.703,0,newgrad,active,0
396,33,22,95,0,0,14,5,3,0,0.0,0.604,0,explorer,active,0
397,29,52,156,15,2,3,10,3,1,56.9,0.68,0,newgrad,active,0
398,33,66,195,12,0,0,-1,0,0,0.0,0.175,0,newgrad,active,1
399,33,66,196,10,1,3,15,3,0,0.0,0.793,0,newgrad,active,0
400,25,49,149,13,98,2,11,3,1,60.9,0.995,0,newgrad,hired,0
401,29,12,50,0,19,21,5,3,0,0.0,0.667,0,explorer,active,0
402,28,26,123,0,15,0,-1,0,0,0.0,0.17,0,explorer,active,1
403,29,52,186,7,1,25,9,3,0,0.0,0.744,0,recent_career,active,0
404,27,22,121,0,2,17,20,3,0,0.0,0.687,0,explorer,active,0
405,30,29,151,0,7,0,-1,0,0,0.0,0.133,0,explorer,active,1
406,29,150,431,22,0,5,8,3,1,38.3,0.834,0,newgrad,active,0
407,26,7,24,0,0,23,20,4,0,0.0,0.666,0,explorer,active,0
408,27,51,204,8,0,0,-1,0,0,0.0,0.227,0,recent_career,active,1
409,26,10,61,0,6,0,-1,0,0,0.0,0.121,0,explorer,active,1
410,32,3,22,1,129,0,-1,0,0,0.0,0.311,0,mover,lapsed,1
411,31,49,270,2,0,49,5,3,0,0.0,0.647,0,mover,active,0
412,28,41,169,4,5,0,-1,0,0,0.0,0.105,0,recent_career,active,1
413,28,27,132,0,13,6,2,3,0,0.0,0.882,0,explorer,active,0
414,25,113,473,12,0,22,3,2,0,0.0,0.698,0,recent_career,active,0
415,27,31,94,8,104,0,-1,3,1,65.1,0.918,0,newgrad,lapsed,0
416,33,64,271,8,0,21,11,3,1,47.5,0.786,0,recent_career,active,0
417,25,17,72,0,78,0,-1,0,0,0.0,0.302,0,explorer,hired,1
418,26,12,51,4,112,0,-1,0,0,0.0,0.246,0,recent_career,lapsed,1
419,32,15,66,0,22,18,11,3,0,0.0,0.81,0,explorer,active,0
420,29,82,504,5,4,72,5,3,0,0.0,0.615,0,mover,active,0
421,25,42,162,8,74,10,5,3,1,69.6,0.684,1,recent_career,hired,0
422,29,65,291,11,1,20,9,2,1,50.1,0.71,0,recent_career,active,0
423,31,64,256,8,0,25,2,3,1,67.9,0.621,0,recent_career,active,0
424,28,36,230,0,1,0,-1,0,0,0.0,0.261,0,mover,active,1
425,28,18,95,0,3,0,-1,2,0,0.0,0.714,0,explorer,active,0
426,30,79,251,14,0,1,13,3,0,0.0,0.999,0,newgrad,active,0
427,30,6,34,0,155,0,-1,0,0,0.0,0.1,1,explorer,hired,1
428,33,67,312,6,2,28,10,3,0,0.0,0.634,0,recent_career,active,0
429,27,10,42,0,119,24,11,3,0,0.0,0.954,0,explorer,lapsed,0
430,27,8,47,0,6,22,10,3,1,67.7,0.827,0,explorer,active,0
431,26,19,88,1,3,14,12,3,1,63.3,0.983,0,explorer,active,0
432,30,25,142,0,18,70,1,3,1,56.9,0.794,0,mover,active,0
433,29,4,27,0,51,15,24,2,0,0.0,0.817,0,explorer,active,0
434,28,44,185,2,4,0,-1,0,0,0.0,0.228,0,recent_career,active,1
435,31,57,213,9,0,0,-1,0,0,0.0,0.17,0,recent_career,active,1
436,28,35,153,7,2,0,-1,0,0,0.0,0.317,0,recent_career,active,1
437,26,132,405,26,0,4,21,3,1,73.7,0.626,0,newgrad,active,0
438,29,19,91,0,42,0,-1,0,0,0.0,0.334,0,explorer,active,1
439,28,23,158,0,5,93,24,4,1,64.7,0.625,0,mover,active,0
440,28,28,124,0,2,4,9,4,0,0.0,0.82,0,explorer,active,0
441,29,84,332,12,0,15,9,3,1,44.7,0.887,0,recent_career,active,0
442,33,33,208,0,5,50,10,3,1,62.5,0.819,0,mover,active,0
443,26,22,81,3,121,0,-1,0,0,0.0,0.316,0,recent_career,hired,1
444,27,85,270,26,1,4,7,3,1,79.4,0.909,0,newgrad,active,0
445,30,11,61,0,154,0,-1,0,0,0.0,0.135,0,mover,hired,1
446,25,30,149,0,3,2,6,3,0,0.0,0.647,0,explorer,active,0
447,26,70,416,3,0,0,-1,0,0,0.0,0.325,0,mover,active,1
448,30,80,321,6,0,6,9,3,1,57.9,0.783,0,recent_career,active,0
449,29,53,301,4,3,0,-1,0,0,0.0,0.168,0,mover,active,1
450,30,50,181,3,1,30,2,3,1,56.8,0.827,0,recent_career,active,0
451,26,46,212,0,0,23,9,2,0,0.0,1.0,0,explorer,active,0
452,32,25,133,0,1,68,0,3,1,78.5,0.777,0,mover,active,0
453,29,88,351,14,0,6,1,3,1,75.5,0.818,0,recent_career,active,0
454,26,54,233,6,64,0,-1,0,0,0.0,0.161,0,recent_career,lapsed,1
455,27,42,138,3,0,0,-1,0,0,0.0,0.142,0,recent_career,active,1
456,27,27,135,0,35,24,1,3,0,0.0,0.881,0,explorer,active,0
457,29,44,127,6,4,3,2,3,1,55.7,0.693,0,newgrad,active,0
458,29,12,51,1,90,9,8,3,0,0.0,0.894,0,explorer,lapsed,0
459,28,8,45,0,131,48,19,2,0,0.0,0.685,1,mover,hired,0
460,29,36,214,3,83,70,19,3,0,0.0,0.871,1,mover,hired,0
461,33,74,298,8,46,0,-1,0,0,0.0,0.32,0,recent_career,lapsed,1
462,33,7,38,0,146,0,-1,0,0,0.0,0.254,0,explorer,hired,1
463,29,92,296,19,1,0,-1,0,0,0.0,0.336,0,newgrad,active,1
464,33,33,183,0,1,0,-1,0,0,0.0,0.234,0,mover,active,1
465,32,32,216,1,0,87,18,3,0,0.0,0.988,0,mover,active,0
466,32,41,231,6,0,0,-1,0,0,0.0,0.28,0,mover,active,1
467,27,11,57,0,0,0,-1,0,0,0.0,0.185,0,explorer,active,1
468,28,44,175,8,3,14,2,3,1,63.4,0.698,0,recent_career,active,0
469,28,55,159,13,46,5,24,3,1,47.4,0.761,1,newgrad,hired,0
470,25,103,315,20,0,5,9,3,1,64.6,0.722,0,newgrad,active,0
471,25,11,23,3,130,5,24,3,1,71.8,0.667,0,newgrad,lapsed,0
472,30,77,310,9,2,17,0,4,1,58.3,0.732,0,recent_career,active,0
473,28,28,117,4,95,0,-1,0,0,0.0,0.198,0,recent_career,lapsed,1
474,32,44,105,9,3,2,4,4,1,66.8,0.685,0,newgrad,active,0
475,31,38,126,10,4,0,-1,0,0,0.0,0.257,0,newgrad,active,1
476,25,38,95,7,96,0,-1,3,1,40.8,0.717,0,newgrad,hired,0
477,32,24,164,0,3,74,1,3,0,0.0,0.962,0,mover,active,0
478,29,12,70,0,71,77,9,3,0,0.0,0.88,0,mover,hired,0
479,30,86,294,21,1,5,12,4,1,63.3,0.602,0,newgrad,active,0
480,33,83,260,16,1,0,-1,3,1,53.0,0.971,0,newgrad,active,0
481,30,35,145,2,13,20,5,3,1,55.8,0.756,0,recent_career,active,0
482,25,8,56,0,131,80,22,4,0,0.0,0.636,0,mover,hired,0
483,26,114,348,31,3,5,10,3,0,0.0,0.82,0,newgrad,active,0
484,28,68,294,11,0,22,8,4,1,72.6,0.869,0,recent_career,active,0
485,25,20,50,6,139,3,5,4,1,55.8,0.627,0,newgrad,lapsed,0
486,26,51,171,7,9,4,0,3,1,75.8,0.866,0,newgrad,active,0
487,32,70,212,19,40,0,-1,0,0,0.0,0.234,0,newgrad,lapsed,1
488,26,9,41,2,129,0,-1,0,0,0.0,0.229,0,mover,hired,1
489,26,54,318,3,11,88,18,3,0,0.0,0.875,0,mover,active,0
490,29,23,147,1,44,67,3,3,0,0.0,0.913,0,mover,lapsed,0
491,25,30,167,0,3,77,14,3,0,0.0,0.977,0,mover,active,0
492,27,10,65,0,131,39,0,3,0,0.0,0.721,0,mover,hired,0
493,33,69,192,12,1,1,4,2,0,0.0,0.712,0,newgrad,active,0
494,30,20,88,0,2,23,19,3,0,0.0,0.989,0,explorer,active,0
495,33,26,169,4,0,54,0,3,0,0.0,0.939,0,mover,active,0
496,28,80,221,17,3,0,-1,4,1,46.9,0.757,0,newgrad,active,0
497,30,12,59,0,108,0,-1,0,0,0.0,0.158,0,mover,lapsed,1
498,27,68,199,15,0,5,14,3,0,0.0,0.621,0,newgrad,active,0
499,28,47,151,7,1,5,20,3,0,0.0,0.882,0,newgrad,active,0
500,26,15,81,0,101,51,13,3,0,0.0,0.877,0,mover,hired,0
501,32,17,83,0,1,6,24,2,0,0.0,0.695,0,explorer,active,0
502,26,15,62,1,40,3,11,3,0,0.0,0.611,0,explorer,active,0
503,26,33,92,6,10,0,-1,3,1,38.1,0.711,0,newgrad,active,0
504,29,71,217,13,81,4,10,3,1,77.9,0.633,1,newgrad,hired,0
505,28,8,43,0,92,11,1,3,0,0.0,0.78,1,explorer,hired,0
506,27,21,65,5,108,0,-1,0,0,0.0,0.235,0,newgrad,hired,1
507,28,22,92,0,4,16,12,4,0,0.0,0.922,0,explorer,active,0
508,27,50,164,10,125,5,18,3,1,57.9,0.683,0,newgrad,hired,0
509,33,14,60,0,129,21,3,3,1,55.5,0.639,0,recent_career,lapsed,0
510,30,81,328,9,1,6,7,2,1,69.0,0.771,0,recent_career,active,0
511,33,23,123,1,0,20,14,3,0,0.0,0.913,0,explorer,active,0
512,33,19,83,2,114,6,7,3,1,59.1,0.748,0,recent_career,lapsed,0
513,30,101,288,15,2,1,0,4,1,67.7,0.637,0,newgrad,active,0
514,32,52,164,12,11,1,7,3,0,0.0,0.829,0,newgrad,active,0
515,25,45,176,4,86,0,-1,0,0,0.0,0.317,0,recent_career,lapsed,1
516,33,52,146,12,79,0,-1,3,1,68.4,0.73,0,newgrad,hired,0
517,29,22,104,0,66,23,7,2,0,0.0,0.84,0,explorer,lapsed,0
518,31,56,229,7,3,0,-1,0,0,0.0,0.124,0,recent_career,active,1
519,27,19,87,0,1,3,7,2,0,0.0,0.969,0,explorer,active,0
520,25,19,104,2,2,0,-1,0,0,0.0,0.247,0,explorer,active,1
521,32,62,182,12,0,0,-1,0,0,0.0,0.32,0,newgrad,active,1
522,29,52,182,6,2,22,10,3,1,59.6,0.844,0,recent_career,active,0
523,26,58,319,3,4,53,14,3,0,0.0,0.866,0,mover,active,0
524,30,42,173,2,5,22,3,2,1,60.4,0.619,0,recent_career,active,0
525,25,41,134,9,0,2,22,3,1,66.9,0.616,0,newgrad,active,0
526,29,34,156,2,8,7,2,3,0,0.0,0.69,0,explorer,active,0
527,31,21,127,1,3,7,2,3,0,0.0,0.939,0,explorer,active,0
528,31,1,2,0,167,16,24,3,1,58.7,0.873,0,explorer,hired,0
529,29,36,95,4,105,5,7,3,1,59.4,0.992,0,newgrad,hired,0
530,28,24,139,0,2,0,-1,0,0,0.0,0.31,0,mover,active,1
531,32,18,125,0,5,79,19,3,0,0.0,0.936,0,mover,active,0
532,26,126,388,30,0,3,18,2,1,48.1,0.811,0,newgrad,active,0
533,25,35,208,2,1,93,11,3,0,0.0,0.914,0,mover,active,0
534,26,33,139,4,8,6,1,2,1,59.4,0.889,0,recent_career,active,0
535,32,22,88,3,2,0,-1,0,0,0.0,0.252,0,recent_career,active,1
536,29,15,41,2,145,5,9,3,1,49.0,0.994,0,newgrad,hired,0
537,25,53,209,4,2,10,0,3,1,75.4,0.833,0,recent_career,active,0
538,26,57,247,8,4,21,5,4,1,69.4,0.614,0,recent_career,active,0
539,25,15,65,0,23,0,-1,0,0,0.0,0.212,0,explorer,active,1
540,32,17,74,0,38,8,10,3,1,60.0,0.927,1,explorer,hired,0
541,29,19,115,1,12,0,-1,0,0,0.0,0.346,0,mover,active,1
542,25,4,22,0,147,0,-1,0,0,0.0,0.315,0,explorer,lapsed,1
543,26,14,70,0,0,12,14,3,0,0.0,0.886,0,explorer,active,0
544,30,31,127,4,5,0,-1,0,0,0.0,0.253,0,recent_career,active,1
545,30,30,85,14,86,0,-1,0,0,0.0,0.283,1,newgrad,hired,1
546,32,112,325,28,0,0,-1,0,0,0.0,0.168,0,newgrad,active,1
547,25,53,184,6,2,18,1,2,1,55.6,0.868,0,recent_career,active,0
548,25,3,12,0,133,24,21,3,1,65.0,0.946,1,explorer,hired,0
549,25,63,201,17,10,4,24,3,1,71.7,0.653,0,newgrad,active,0
550,28,123,342,25,0,2,19,3,1,64.7,0.793,0,newgrad,active,0
551,31,62,239,7,1,8,4,3,0,0.0,0.914,0,recent_career,active,0
552,30,68,271,9,3,27,9,4,1,42.1,0.992,0,recent_career,active,0
553,26,34,159,0,5,0,-1,0,0,0.0,0.279,0,explorer,active,1
554,30,46,189,5,2,13,11,2,1,60.7,0.827,0,recent_career,active,0
555,30,55,154,12,67,1,2,4,0,0.0,0.775,1,newgrad,hired,0
556,26,27,82,7,119,0,-1,0,0,0.0,0.14,1,newgrad,hired,1
557,31,64,201,9,2,0,-1,3,1,69.7,0.913,0,newgrad,active,0
558,28,31,175,2,61,66,0,2,1,86.6,0.891,0,mover,hired,0
559,25,49,171,12,5,5,12,4,1,49.6,0.617,0,newgrad,active,0
560,28,60,260,13,4,10,1,3,1,57.9,0.864,0,recent_career,active,0
561,31,73,217,14,0,2,0,4,1,63.9,0.972,0,newgrad,active,0
562,31,20,113,0,1,2,0,3,0,0.0,0.79,0,explorer,active,0
563,27,24,144,2,9,67,6,4,0,0.0,0.615,0,mover,active,0
564,31,41,232,1,2,56,12,3,1,59.6,0.979,0,mover,active,0
565,28,7,49,0,145,80,24,3,0,0.0,0.872,0,mover,lapsed,0
566,29,19,87,0,9,0,-1,3,0,0.0,0.633,0,explorer,active,0
567,25,40,166,7,3,12,8,4,0,0.0,0.629,0,recent_career,active,0
568,33,136,414,30,0,0,-1,0,0,0.0,0.345,0,newgrad,active,1
569,32,30,93,8,107,0,-1,0,0,0.0,0.319,0,newgrad,lapsed,1
570,26,46,147,4,6,2,20,2,1,53.5,0.603,0,newgrad,active,0
571,30,15,81,0,10,1,5,3,1,55.7,0.718,0,explorer,active,0
572,32,45,137,12,44,1,22,3,1,67.3,0.73,0,newgrad,hired,0
573,29,4,29,0,141,12,24,3,1,62.8,0.928,0,explorer,lapsed,0
574,26,36,178,0,0,0,-1,0,0,0.0,0.203,0,explorer,active,1
575,33,65,202,9,0,0,-1,4,1,64.7,0.684,0,newgrad,active,0
576,27,32,143,1,10,11,15,3,0,0.0,0.849,0,explorer,active,0
577,28,46,272,2,0,46,7,4,0,0.0,0.801,0,mover,active,0
578,28,25,131,0,1,15,2,3,0,0.0,0.732,0,explorer,active,0
579,33,13,34,5,85,2,5,3,1,70.4,0.61,0,newgrad,lapsed,0
580,29,59,182,10,83,1,20,2,1,41.5,0.855,0,newgrad,lapsed,0
581,31,62,167,15,58,4,14,3,0,0.0,0.77,0,newgrad,lapsed,0
582,33,28,100,2,0,27,3,3,1,51.8,0.939,0,recent_career,active,0
583,33,33,106,5,108,0,-1,3,1,73.2,0.817,0,newgrad,hired,0
584,32,14,69,1,43,17,2,3,0,0.0,0.751,0,explorer,hired,0
585,33,34,207,1,70,80,16,4,0,0.0,0.721,0,mover,hired,0
586,33,71,324,14,1,22,11,4,0,0.0,0.796,0,recent_career,active,0
587,33,42,129,7,0,1,0,3,1,45.4,0.724,0,newgrad,active,0
588,30,16,69,2,136,19,12,3,0,0.0,0.684,0,recent_career,lapsed,0
589,26,28,110,3,20,13,8,4,1,43.8,0.933,0,recent_career,active,0
590,26,21,89,0,2,0,-1,0,0,0.0,0.184,0,explorer,active,1
591,32,55,159,15,3,0,-1,0,0,0.0,0.108,0,newgrad,active,1
592,27,106,326,25,0,0,-1,0,0,0.0,0.23,0,newgrad,active,1
593,32,30,192,2,0,79,23,3,0,0.0,0.925,0,mover,active,0
594,33,27,100,4,5,22,6,3,1,58.6,0.69,0,recent_career,active,0
595,30,78,253,13,0,5,24,3,1,59.6,0.9,0,newgrad,active,0
596,31,15,78,1,14,0,-1,0,0,0.0,0.135,0,mover,active,1
597,27,6,22,0,153,0,-1,0,0,0.0,0.157,0,mover,lapsed,1
598,28,14,54,0,41,0,-1,0,0,0.0,0.201,1,explorer,hired,1
599,33,37,206,2,4,50,6,4,0,0.0,0.973,0,mover,active,0
600,32,83,243,15,0,0,-1,3,1,49.0,0.66,0,newgrad,active,0
601,26,34,199,0,0,13,2,3,0,0.0,0.933,0,explorer,active,0
602,33,3,16,0,168,0,-1,3,0,0.0,0.619,0,explorer,hired,0
603,29,47,300,3,0,0,-1,0,0,0.0,0.144,0,mover,active,1
604,32,28,141,0,4,5,7,3,1,57.6,0.647,0,explorer,active,0
605,29,16,76,0,19,12,13,3,0,0.0,0.628,0,explorer,active,0
606,30,8,45,1,170,3,16,2,0,0.0,0.755,0,explorer,lapsed,0
607,26,59,227,11,0,0,-1,0,0,0.0,0.206,0,recent_career,active,1
608,28,42,264,3,2,74,7,3,0,0.0,0.63,0,mover,active,0
609,31,47,151,7,4,5,17,3,0,0.0,0.918,0,newgrad,active,0
610,32,40,210,3,2,56,12,3,0,0.0,0.885,0,mover,active,0
611,25,21,118,2,74,74,14,3,1,57.4,0.947,0,mover,lapsed,0
612,25,34,174,1,1,0,-1,0,0,0.0,0.247,0,explorer,active,1
613,31,14,82,1,0,0,-1,0,0,0.0,0.123,0,explorer,active,1
614,29,70,233,11,0,0,-1,0,0,0.0,0.215,0,newgrad,active,1
615,32,5,37,2,155,53,13,3,0,0.0,0.656,0,mover,lapsed,0
616,25,24,111,0,6,14,7,4,0,0.0,0.883,0,explorer,active,0
617,28,23,74,8,133,0,-1,4,1,58.7,0.719,0,newgrad,hired,0
618,25,48,203,5,0,27,2,3,1,85.2,0.926,0,recent_career,active,0
619,31,32,146,6,10,20,9,3,0,0.0,0.621,0,recent_career,active,0
620,32,15,79,0,0,0,-1,0,0,0.0,0.243,0,explorer,active,1
621,26,38,122,7,119,3,9,3,1,56.6,0.849,0,newgrad,hired,0
622,27,20,99,0,67,8,21,2,0,0.0,0.998,0,explorer,lapsed,0
623,32,43,127,4,0,0,-1,0,0,0.0,0.229,0,newgrad,active,1
624,25,17,89,1,7,0,-1,3,1,45.2,0.832,0,explorer,active,0
625,33,40,130,4,0,0,-1,0,0,0.0,0.248,0,newgrad,active,1
626,32,11,57,0,101,18,13,3,0,0.0,0.6,0,explorer,hired,0
627,26,32,152,4,4,11,12,4,1,72.3,0.845,0,recent_career,active,0
628,26,34,205,2,6,50,2,3,0,0.0,0.938,0,mover,active,0
629,31,49,261,0,0,17,5,3,0,0.0,0.855,0,explorer,active,0
630,25,48,248,0,2,24,6,4,0,0.0,0.996,0,explorer,active,0
631,29,17,86,1,37,22,7,3,0,0.0,0.806,0,explorer,active,0
632,25,57,233,12,2,21,8,3,1,41.6,0.977,0,recent_career,active,0
633,29,95,300,18,6,0,-1,3,1,49.8,0.611,0,newgrad,active,0
634,28,64,255,11,0,6,11,4,1,61.3,0.904,0,recent_career,active,0
635,31,6,31,1,147,18,10,2,1,67.4,0.631,0,recent_career,lapsed,0
636,32,52,304,5,1,65,8,4,0,0.0,0.872,0,mover,active,0
637,29,23,145,1,0,72,24,4,0,0.0,0.68,0,mover,active,0
638,30,10,42,0,6,12,16,4,0,0.0,0.65,0,explorer,active,0
639,30,14,79,1,3,7,4,3,1,68.9,0.918,0,explorer,active,0
640,33,36,204,3,2,96,7,3,0,0.0,0.873,0,mover,active,0
641,27,7,27,0,14,0,-1,0,0,0.0,0.169,0,explorer,active,1
642,27,31,114,6,14,23,0,3,1,85.2,0.729,0,recent_career,active,0
643,28,70,228,15,1,5,15,2,1,59.5,0.638,0,newgrad,active,0
644,31,8,47,0,141,0,-1,0,0,0.0,0.244,0,mover,lapsed,1
645,32,29,147,0,11,21,10,3,0,0.0,0.787,0,explorer,active,0
646,27,47,201,7,2,0,-1,0,0,0.0,0.213,0,recent_career,active,1
647,25,102,307,24,1,5,22,3,1,66.5,0.767,0,newgrad,active,0
648,30,42,257,5,10,0,-1,0,0,0.0,0.32,0,mover,active,1
649,30,47,210,8,1,24,1,3,1,51.9,0.948,0,recent_career,active,0
650,28,64,185,8,1,3,1,3,1,63.6,0.898,0,newgrad,active,0
651,26,7,43,0,112,0,-1,0,0,0.0,0.302,0,explorer,lapsed,1
652,32,11,65,0,99,57,23,2,1,66.7,0.854,0,mover,lapsed,0
653,32,45,121,10,7,4,23,4,0,0.0,0.814,0,newgrad,active,0
654,31,13,69,0,104,21,4,3,1,53.8,0.78,0,explorer,lapsed,0
655,30,31,84,3,74,3,18,3,0,0.0,0.937,0,newgrad,hired,0
656,27,11,53,0,93,19,8,3,1,62.1,0.99,0,explorer,lapsed,0
657,28,24,65,3,2,3,5,3,0,0.0,0.815,0,newgrad,active,0
658,25,22,144,2,88,90,16,3,0,0.0,0.904,0,mover,hired,0
659,27,65,193,12,3,0,-1,3,1,53.8,0.601,0,newgrad,active,0
660,29,74,231,11,0,1,15,3,1,56.2,0.905,0,newgrad,active,0
661,28,4,17,0,118,4,0,3,0,0.0,0.748,0,explorer,lapsed,0
662,25,43,159,7,3,0,-1,0,0,0.0,0.184,0,recent_career,active,1
663,33,43,172,7,1,16,2,2,1,57.4,0.932,0,recent_career,active,0
664,27,40,105,5,0,5,9,3,1,54.5,0.886,0,newgrad,active,0
665,29,74,467,5,3,74,12,3,0,0.0,0.856,0,mover,active,0
666,29,28,137,0,8,18,20,3,0,0.0,0.638,0,explorer,active,0
667,29,34,170,0,11,12,13,4,0,0.0,0.937,0,explorer,active,0
668,32,52,136,11,0,0,-1,0,0,0.0,0.302,0,newgrad,active,1
669,31,49,141,14,0,0,-1,3,1,70.7,0.888,0,newgrad,active,0
670,32,73,271,5,1,30,6,3,1,55.4,0.804,0,recent_career,active,0
671,28,38,251,5,1,37,19,3,0,0.0,0.635,0,mover,active,0
672,27,4,14,0,108,18,2,2,0,0.0,0.894,0,explorer,lapsed,0
673,28,37,203,6,1,0,-1,0,0,0.0,0.15,0,mover,active,1
674,30,51,300,3,4,40,20,4,1,67.0,0.911,0,mover,active,0
675,28,67,204,20,1,0,-1,0,0,0.0,0.25,0,newgrad,active,1
676,29,39,191,1,1,12,8,3,0,0.0,0.952,0,explorer,active,0
677,26,51,154,13,2,0,-1,4,1,37.5,0.914,0,newgrad,active,0
678,30,42,173,4,0,0,-1,0,0,0.0,0.337,0,recent_career,active,1
679,31,81,223,18,0,4,24,3,1,66.1,0.642,0,newgrad,active,0
680,29,102,417,13,1,22,8,3,1,72.9,0.896,0,recent_career,active,0
681,32,40,155,4,0,12,7,3,1,66.2,0.764,0,recent_career,active,0
682,33,54,210,6,8,18,6,3,1,57.9,0.79,0,recent_career,active,0
683,33,35,102,4,4,1,7,3,1,71.5,0.897,0,newgrad,active,0
684,25,35,207,2,4,72,12,3,0,0.0,0.669,0,mover,active,0
685,32,52,169,11,47,4,14,3,1,49.5,0.742,1,newgrad,hired,0
686,28,76,205,15,3,1,12,4,1,48.9,0.907,0,newgrad,active,0
687,29,22,110,0,1,11,14,3,1,59.6,0.813,0,explorer,active,0
688,28,8,38,0,151,0,-1,0,0,0.0,0.312,0,explorer,lapsed,1
689,27,42,269,0,10,61,21,2,1,62.9,0.979,0,mover,active,0
690,32,27,81,6,82,1,22,3,1,58.0,0.734,0,newgrad,lapsed,0
691,30,9,50,0,99,0,-1,0,0,0.0,0.214,0,explorer,hired,1
692,33,72,200,17,0,0,-1,0,0,0.0,0.286,0,newgrad,active,1
693,33,128,402,30,0,3,14,3,0,0.0,0.675,0,newgrad,active,0
694,28,14,60,0,0,21,16,3,1,55.5,0.866,0,explorer,active,0
695,31,44,134,5,11,4,19,2,1,73.4,0.932,0,newgrad,active,0
696,29,34,187,0,8,18,22,3,0,0.0,0.722,0,explorer,active,0
697,29,38,236,3,5,44,21,3,1,62.5,0.848,0,mover,active,0
698,31,25,174,0,53,67,18,4,1,81.3,0.662,0,mover,lapsed,0
699,31,6,29,0,164,3,16,3,1,52.9,0.69,0,newgrad,lapsed,0
700,33,88,251,22,0,5,16,3,1,64.1,0.766,0,newgrad,active,0
701,31,87,245,26,0,0,-1,3,1,35.8,0.666,0,newgrad,active,0
702,30,39,158,4,2,0,-1,0,0,0.0,0.106,0,recent_career,active,1
703,33,15,65,0,10,2,1,2,1,51.0,0.608,0,explorer,active,0
704,25,64,189,11,0,1,16,3,1,48.8,0.789,0,newgrad,active,0
705,31,31,174,0,0,89,19,3,1,73.2,0.968,0,mover,active,0
706,28,6,30,0,155,0,-1,0,0,0.0,0.312,1,explorer,hired,1
707,28,33,158,0,47,11,2,4,0,0.0,0.885,0,explorer,lapsed,0
708,32,54,180,7,79,2,8,3,0,0.0,0.889,0,newgrad,hired,0
709,27,110,306,19,0,0,-1,3,1,48.3,0.921,0,newgrad,active,0
710,32,15,77,2,24,17,1,4,0,0.0,0.667,0,explorer,active,0
711,29,30,145,1,42,84,15,3,0,0.0,0.831,0,mover,lapsed,0
712,28,28,133,1,42,0,-1,0,0,0.0,0.289,1,explorer,hired,1
713,27,35,196,1,0,5,18,3,0,0.0,0.72,0,explorer,active,0
714,28,6,27,0,133,0,-1,0,0,0.0,0.108,1,explorer,hired,1
715,33,44,185,4,40,10,4,3,1,44.0,0.6,0,recent_career,lapsed,0
716,25,42,281,1,75,69,10,3,1,64.3,0.692,1,mover,hired,0
717,29,11,41,1,138,22,2,3,1,70.6,0.61,0,recent_career,lapsed,0
718,32,45,273,1,0,0,-1,0,0,0.0,0.303,0,mover,active,1
719,29,10,39,1,170,6,16,4,0,0.0,0.703,0,explorer,hired,0
720,30,42,121,9,71,1,14,2,0,0.0,0.68,1,newgrad,hired,0
721,28,31,88,4,1,5,2,4,1,64.7,0.973,0,newgrad,active,0
722,26,32,134,4,9,30,1,4,0,0.0,0.872,0,recent_career,active,0
723,30,30,151,0,9,24,17,3,1,64.0,0.628,0,explorer,active,0
724,33,75,310,14,1,0,-1,0,0,0.0,0.219,0,recent_career,active,1
725,29,10,39,1,153,0,-1,0,0,0.0,0.307,0,recent_career,lapsed,1
726,28,71,224,15,1,4,13,3,1,61.2,0.903,0,newgrad,active,0
727,26,17,74,1,121,17,8,3,1,56.4,0.914,0,recent_career,hired,0
728,33,69,224,16,0,3,16,2,1,67.7,0.617,0,newgrad,active,0
729,32,70,201,9,0,0,-1,0,0,0.0,0.163,0,newgrad,active,1
730,33,63,190,16,0,2,7,2,1,65.3,0.663,0,newgrad,active,0
731,28,37,148,5,6,19,7,3,1,59.5,0.91,0,recent_career,active,0
732,30,43,176,4,5,24,3,3,1,62.1,0.772,0,recent_career,active,0
733,28,55,170,8,0,2,24,3,1,58.8,0.841,0,newgrad,active,0
734,27,35,149,6,37,0,-1,0,0,0.0,0.318,0,recent_career,hired,1
735,26,36,221,3,0,69,3,3,1,67.4,0.695,0,mover,active,0
736,28,34,131,3,8,0,-1,0,0,0.0,0.232,0,recent_career,active,1
737,29,45,115,4,15,2,13,3,0,0.0,0.851,0,newgrad,active,0
738,26,63,178,7,40,3,3,3,1,71.8,0.605,0,newgrad,hired,0
739,31,37,108,7,61,2,11,3,0,0.0,0.94,0,newgrad,hired,0
740,29,31,111,5,3,14,6,3,1,65.5,0.923,0,recent_career,active,0
741,32,64,251,6,1,0,-1,0,0,0.0,0.23,0,recent_career,active,1
742,27,31,164,0,13,0,-1,0,0,0.0,0.147,0,explorer,active,1
743,25,47,193,4,6,9,12,2,1,70.0,0.83,0,recent_career,active,0
744,27,35,105,7,48,2,12,3,1,60.1,0.603,0,newgrad,hired,0
745,33,67,204,10,2,5,19,3,1,53.2,0.743,0,newgrad,active,0
746,27,84,245,16,0,1,21,3,1,58.7,0.749,0,newgrad,active,0
747,31,18,77,4,149,0,-1,0,0,0.0,0.345,0,newgrad,lapsed,1
748,32,15,74,0,83,10,4,3,0,0.0,0.741,0,explorer,hired,0
749,27,32,160,0,11,16,9,2,0,0.0,0.696,0,explorer,active,0
750,30,51,162,14,5,0,-1,3,1,43.3,0.766,0,newgrad,active,0
751,26,60,196,11,6,3,15,3,0,0.0,0.979,0,newgrad,active,0
752,28,49,130,9,1,1,8,3,1,60.4,0.853,0,newgrad,active,0
753,27,35,105,7,2,0,-1,0,0,0.0,0.326,0,newgrad,active,1
754,31,22,142,1,93,60,17,3,0,0.0,0.621,0,mover,hired,0
755,32,65,169,4,0,4,5,3,1,67.1,0.763,0,newgrad,active,0
756,27,50,158,9,2,1,1,3,1,73.7,0.818,0,newgrad,active,0
757,27,10,53,0,66,11,24,4,0,0.0,0.912,0,explorer,hired,0
758,32,5,24,0,165,19,5,3,0,0.0,0.614,1,recent_career,hired,0
759,29,50,139,13,1,5,12,3,1,54.8,0.711,0,newgrad,active,0
760,29,62,360,5,0,0,-1,0,0,0.0,0.211,0,mover,active,1
761,31,82,340,12,2,0,-1,0,0,0.0,0.255,0,recent_career,active,1
762,26,11,44,1,116,7,3,2,1,56.1,0.889,0,recent_career,lapsed,0
763,32,44,172,6,10,0,-1,0,0,0.0,0.114,0,recent_career,active,1
764,28,21,119,0,0,0,-1,0,0,0.0,0.18,0,explorer,active,1
765,30,58,241,5,39,20,7,3,1,69.6,0.649,0,recent_career,hired,0
766,28,49,208,2,0,19,3,3,1,61.3,0.72,0,recent_career,active,0
767,31,29,125,2,2,14,12,3,1,69.9,0.732,0,recent_career,active,0
768,30,13,47,1,127,0,-1,0,0,0.0,0.233,0,recent_career,lapsed,1
769,26,52,307,2,3,0,-1,0,0,0.0,0.339,0,mover,active,1
770,26,35,97,7,4,1,8,4,1,68.8,0.756,0,newgrad,active,0
771,32,38,222,2,70,69,2,3,0,0.0,0.948,0,mover,lapsed,0
772,29,81,476,3,5,92,0,4,0,0.0,0.904,0,mover,active,0
773,27,12,58,0,2,4,4,2,1,44.3,0.629,0,explorer,active,0
774,26,42,178,6,0,0,-1,0,0,0.0,0.28,0,recent_career,active,1
775,26,21,99,0,13,1,12,3,1,40.7,0.76,0,explorer,active,0
776,33,7,47,1,147,45,7,2,0,0.0,0.653,0,mover,lapsed,0
777,33,32,131,8,71,7,0,2,1,47.0,0.775,0,recent_career,lapsed,0
778,28,18,96,0,10,17,0,4,1,66.1,0.729,0,explorer,active,0
779,26,9,46,0,3,15,9,3,0,0.0,0.607,0,explorer,active,0
780,28,110,336,28,1,0,-1,0,0,0.0,0.282,0,newgrad,active,1
781,26,4,19,0,112,0,-1,0,0,0.0,0.188,0,explorer,lapsed,1
782,29,54,146,9,3,0,-1,0,0,0.0,0.179,0,newgrad,active,1
783,30,18,101,0,34,0,-1,0,0,0.0,0.165,0,mover,active,1
784,33,12,49,0,12,4,2,4,0,0.0,0.713,0,explorer,active,0
785,27,9,16,1,155,4,24,3,1,59.0,0.978,0,newgrad,lapsed,0
786,26,17,98,0,2,9,22,2,0,0.0,0.609,0,explorer,active,0
787,26,137,412,26,0,0,-1,3,1,63.6,0.959,0,newgrad,active,0
788,28,25,118,1,6,0,-1,0,0,0.0,0.321,0,explorer,active,1
789,30,46,242,2,0,0,-1,0,0,0.0,0.346,0,mover,active,1
790,25,66,282,3,0,15,4,3,1,49.2,0.679,0,recent_career,active,0
791,31,39,128,10,2,4,16,3,0,0.0,0.689,0,newgrad,active,0
792,29,54,179,13,0,0,-1,0,0,0.0,0.181,0,newgrad,active,1
793,32,52,220,6,2,21,5,3,0,0.0,0.67,0,recent_career,active,0
794,29,67,275,10,6,19,7,3,1,45.2,0.881,0,recent_career,active,0
795,26,59,164,18,1,4,9,3,1,40.4,0.732,0,newgrad,active,0
796,25,28,99,5,8,0,-1,0,0,0.0,0.312,0,recent_career,active,1
797,30,38,175,3,1,0,-1,0,0,0.0,0.249,0,recent_career,active,1
798,29,20,119,2,42,0,-1,0,0,0.0,0.232,0,mover,hired,1
799,32,8,43,0,147,85,14,3,1,76.6,0.76,0,mover,hired,0
800,32,6,38,0,132,47,0,3,0,0.0,0.839,0,mover,hired,0
801,26,21,64,4,156,1,17,2,1,56.9,0.738,0,newgrad,hired,0
802,27,19,91,0,84,24,16,3,0,0.0,0.836,1,explorer,hired,0
803,26,36,213,0,1,51,6,3,1,71.3,0.786,0,mover,active,0
804,25,49,216,3,1,16,12,3,1,49.1,0.605,0,recent_career,active,0
805,25,97,401,9,1,6,8,4,1,52.2,0.947,0,recent_career,active,0
806,25,32,189,2,2,82,15,3,1,36.3,0.772,0,mover,active,0
807,29,63,230,12,1,0,-1,0,0,0.0,0.302,0,recent_career,active,1
808,26,60,195,16,2,5,24,3,1,49.1,0.723,0,newgrad,active,0
809,26,43,203,0,0,0,-1,0,0,0.0,0.198,0,explorer,active,1
810,26,76,307,12,1,0,-1,0,0,0.0,0.316,0,recent_career,active,1
811,31,56,237,10,0,0,-1,0,0,0.0,0.175,0,recent_career,active,1
812,30,11,70,0,125,3,9,3,0,0.0,0.84,0,explorer,lapsed,0
813,33,48,288,1,4,40,21,3,0,0.0,0.743,0,mover,active,0
814,26,48,181,5,0,0,-1,0,0,0.0,0.276,0,recent_career,active,1
815,26,10,55,0,6,0,-1,0,0,0.0,0.221,0,explorer,active,1
816,29,30,127,0,5,1,19,3,1,55.8,0.95,0,explorer,active,0
817,30,65,218,11,1,0,-1,0,0,0.0,0.186,0,newgrad,active,1
818,26,25,161,1,19,39,4,2,1,57.8,0.932,0,mover,active,0
819,26,62,205,16,75,1,5,3,0,0.0,0.901,0,newgrad,hired,0
820,28,119,479,16,0,0,-1,0,0,0.0,0.251,0,recent_career,active,1
821,25,17,105,2,39,0,-1,0,0,0.0,0.137,1,mover,hired,1
822,28,74,242,10,0,3,8,4,1,64.1,0.955,0,newgrad,active,0
823,31,17,101,0,99,0,-1,0,0,0.0,0.195,0,mover,lapsed,1
824,29,8,44,0,99,7,16,3,0,0.0,0.835,0,explorer,lapsed,0
825,28,33,130,6,88,0,-1,0,0,0.0,0.285,0,recent_career,hired,1
826,29,31,183,2,1,68,4,3,0,0.0,0.875,0,mover,active,0
827,33,51,141,8,97,1,3,3,1,86.8,0.724,0,newgrad,hired,0
828,29,16,84,0,0,4,2,3,1,63.1,0.958,0,explorer,active,0
829,29,45,140,8,5,4,3,3,1,83.3,0.632,0,newgrad,active,0
830,33,15,101,1,94,76,1,3,0,0.0,0.848,0,mover,lapsed,0
831,26,33,202,1,11,95,22,4,1,63.3,0.936,0,mover,active,0
832,25,50,155,7,0,3,18,3,1,70.2,0.651,0,newgrad,active,0
833,29,27,151,1,51,49,7,2,1,78.4,0.782,0,mover,lapsed,0
834,27,35,192,1,78,81,7,3,0,0.0,0.855,0,mover,lapsed,0
835,26,43,298,5,1,41,22,3,0,0.0,0.968,0,mover,active,0
836,26,11,67,0,84,6,1,3,1,66.5,0.813,0,explorer,hired,0
837,32,12,65,0,2,15,20,3,0,0.0,0.619,0,explorer,active,0
838,30,18,58,7,136,3,13,3,1,50.4,0.743,0,newgrad,hired,0
839,31,37,95,8,6,0,-1,0,0,0.0,0.309,0,newgrad,active,1
840,26,43,178,7,6,30,0,4,1,56.7,0.799,0,recent_career,active,0
841,28,6,31,0,114,0,-1,0,0,0.0,0.345,0,explorer,hired,1
842,30,23,71,4,130,0,-1,0,0,0.0,0.122,0,newgrad,hired,1
843,29,31,99,4,81,1,12,2,1,55.8,0.919,0,newgrad,lapsed,0
844,31,60,231,6,0,27,2,3,1,65.2,0.992,0,recent_career,active,0
845,31,8,38,0,7,20,2,2,0,0.0,0.78,0,explorer,active,0
846,28,66,214,7,0,3,21,3,1,56.7,0.7,0,newgrad,active,0
847,32,48,290,2,4,66,21,3,0,0.0,0.92,0,mover,active,0
848,27,72,247,9,2,15,2,4,1,54.2,0.774,0,recent_career,active,0
849,25,29,162,0,3,23,2,2,0,0.0,0.66,0,explorer,active,0
850,33,8,30,2,153,24,11,3,1,64.8,0.697,0,recent_career,hired,0
851,25,48,208,5,90,0,-1,0,0,0.0,0.292,0,recent_career,lapsed,1
852,27,19,87,0,16,9,2,2,0,0.0,0.68,0,explorer,active,0
853,26,18,79,1,51,0,-1,0,0,0.0,0.145,0,explorer,hired,1
854,27,31,118,3,41,18,10,3,0,0.0,0.93,0,recent_career,lapsed,0
855,28,14,39,1,123,0,-1,0,0,0.0,0.335,1,newgrad,hired,1
856,26,20,112,0,86,61,10,3,1,53.3,0.972,1,mover,hired,0
857,29,11,54,0,118,2,20,3,0,0.0,0.628,0,explorer,lapsed,0
858,33,47,136,12,0,4,20,3,1,49.8,0.783,0,newgrad,active,0
859,26,27,78,7,125,0,-1,3,0,0.0,0.727,1,newgrad,hired,0
860,33,18,74,0,1,0,-1,0,0,0.0,0.236,0,explorer,active,1
861,28,50,303,1,0,86,4,2,0,0.0,0.634,0,mover,active,0
862,30,0,0,0,180,5,2,4,0,0.0,0.611,0,explorer,lapsed,0
863,28,51,318,3,0,0,-1,0,0,0.0,0.168,0,mover,active,1
864,27,43,176,3,1,27,8,3,1,69.5,0.612,0,recent_career,active,0
865,25,17,82,0,117,12,6,3,0,0.0,0.811,0,explorer,hired,0
866,30,41,187,2,0,0,-1,0,0,0.0,0.26,0,explorer,active,1
867,33,19,96,0,21,0,-1,0,0,0.0,0.118,0,explorer,active,1
868,29,44,175,6,6,22,12,3,1,70.4,0.875,0,recent_career,active,0
869,30,9,39,0,160,23,1,3,0,0.0,0.861,0,recent_career,hired,0
870,30,3,7,0,138,0,-1,3,1,47.3,0.669,0,explorer,lapsed,0
871,28,41,146,2,89,0,-1,0,0,0.0,0.167,0,recent_career,hired,1
872,26,17,92,0,1,0,-1,0,0,0.0,0.19,0,explorer,active,1
873,29,83,241,19,0,4,21,3,1,48.8,0.66,0,newgrad,active,0
874,32,39,210,2,8,57,24,3,0,0.0,0.809,0,mover,active,0
875,27,19,91,0,27,7,20,3,0,0.0,0.988,0,explorer,active,0
876,32,20,50,1,114,3,22,3,0,0.0,0.635,0,newgrad,hired,0
877,32,64,173,13,0,2,10,3,1,67.2,0.718,0,newgrad,active,0
878,27,14,93,1,59,75,21,2,1,38.0,0.886,0,mover,lapsed,0
879,30,16,91,0,137,41,15,3,1,66.3,0.774,1,mover,hired,0
880,31,156,495,40,0,0,-1,0,0,0.0,0.241,0,newgrad,active,1
881,29,25,144,3,18,71,24,3,0,0.0,0.775,0,mover,active,0
882,31,9,35,1,111,1,10,3,0,0.0,0.846,0,explorer,lapsed,0
883,33,64,202,16,6,5,10,2,1,77.0,0.872,0,newgrad,active,0
884,30,53,224,2,1,11,5,3,1,63.6,0.655,0,recent_career,active,0
885,32,67,193,15,2,3,22,4,1,54.4,0.961,0,newgrad,active,0
886,32,103,316,20,1,1,2,4,0,0.0,0.741,0,newgrad,active,0
887,32,2,9,0,159,14,1,3,1,69.7,0.772,0,recent_career,hired,0
888,32,40,172,2,3,15,4,4,1,74.8,0.988,0,recent_career,active,0
889,27,10,63,0,141,77,3,3,0,0.0,0.845,0,mover,hired,0
890,25,67,224,16,0,5,0,3,1,77.0,0.802,0,newgrad,active,0
891,26,5,28,1,106,10,1,3,1,69.9,0.835,0,explorer,lapsed,0
892,27,80,230,9,1,2,5,2,1,70.1,0.659,0,newgrad,active,0
893,31,30,125,4,51,24,7,3,1,32.6,0.809,1,recent_career,hired,0
894,29,2,8,0,153,2,24,3,1,65.1,0.639,0,explorer,hired,0
895,29,33,182,0,3,2,22,3,0,0.0,0.942,0,explorer,active,0
896,25,82,235,9,1,0,-1,0,0,0.0,0.152,0,newgrad,active,1
897,31,8,33,2,131,7,11,3,1,54.3,0.765,0,recent_career,lapsed,0
898,28,57,223,5,2,12,3,3,1,60.9,0.719,0,recent_career,active,0
899,31,88,283,13,1,0,-1,0,0,0.0,0.237,0,newgrad,active,1
900,26,46,152,9,39,5,19,3,1,49.3,0.995,0,newgrad,lapsed,0
901,27,29,91,5,4,1,5,3,1,64.3,0.767,0,newgrad,active,0
902,25,49,191,6,6,16,1,3,1,43.6,0.864,0,recent_career,active,0
903,27,71,204,16,0,3,10,3,0,0.0,0.657,0,newgrad,active,0
904,33,19,106,0,11,3,1,4,0,0.0,0.797,0,explorer,active,0
905,29,28,165,3,22,84,11,3,0,0.0,0.95,0,mover,active,0
906,28,91,285,15,6,0,-1,0,0,0.0,0.199,0,newgrad,active,1
907,27,30,123,6,0,0,-1,0,0,0.0,0.121,0,recent_career,active,1
908,27,97,304,13,0,4,11,3,0,0.0,0.936,0,newgrad,active,0
909,31,55,169,12,0,1,6,3,1,48.9,0.725,0,newgrad,active,0
910,33,24,100,0,4,0,-1,0,0,0.0,0.122,0,explorer,active,1
911,31,35,185,1,4,5,1,4,0,0.0,0.743,0,explorer,active,0
912,31,17,96,0,17,22,0,2,0,0.0,0.918,0,explorer,active,0
913,29,22,112,0,4,1,22,3,1,45.8,0.89,0,explorer,active,0
914,25,15,68,0,12,24,13,3,0,0.0,0.854,0,explorer,active,0
915,31,34,162,2,4,22,18,3,0,0.0,0.606,0,explorer,active,0
916,32,20,78,6,114,22,3,3,1,50.3,0.641,0,recent_career,hired,0
917,29,65,252,10,2,28,10,2,1,49.4,0.782,0,recent_career,active,0
918,25,32,100,5,90,0,-1,0,0,0.0,0.126,0,newgrad,hired,1
919,31,11,61,0,157,62,5,4,0,0.0,0.727,0,mover,hired,0
920,33,44,168,8,0,17,7,3,1,41.5,0.977,0,recent_career,active,0
921,27,21,119,0,2,5,0,4,0,0.0,0.734,0,explorer,active,0
922,26,43,226,1,7,66,22,3,0,0.0,0.678,0,mover,active,0
923,31,25,143,3,12,0,-1,0,0,0.0,0.21,0,mover,active,1
924,27,44,166,5,4,17,10,3,0,0.0,0.666,0,recent_career,active,0
925,31,102,311,18,1,1,8,3,1,56.4,0.684,0,newgrad,active,0
926,31,25,95,3,6,8,3,3,1,55.2,0.933,0,recent_career,active,0
927,27,26,121,0,2,21,4,3,1,75.4,0.719,0,explorer,active,0
928,25,76,474,3,0,92,24,3,0,0.0,0.693,0,mover,active,0
929,30,23,147,0,57,67,6,3,0,0.0,0.954,0,mover,lapsed,0
930,28,44,133,7,0,0,-1,0,0,0.0,0.131,0,newgrad,active,1
931,32,40,111,7,83,2,18,4,1,54.9,0.976,0,newgrad,hired,0
932,28,140,402,26,0,0,-1,3,1,72.6,0.699,0,newgrad,active,0
933,27,15,87,1,1,3,18,3,0,0.0,0.705,0,explorer,active,0
934,32,11,44,0,8,0,-1,0,0,0.0,0.293,0,explorer,active,1
935,31,53,241,4,9,30,2,2,1,67.3,0.61,0,recent_career,active,0
936,30,23,118,1,68,0,-1,0,0,0.0,0.133,0,explorer,hired,1
937,33,29,126,6,98,23,10,2,1,39.1,0.73,0,recent_career,hired,0
938,32,16,67,0,35,10,17,2,1,72.6,0.72,0,explorer,active,0
939,32,26,96,4,4,17,0,2,1,53.9,0.824,0,recent_career,active,0
940,32,98,268,23,0,3,2,3,0,0.0,0.725,0,newgrad,active,0
941,28,17,84,0,35,19,23,3,0,0.0,0.909,0,explorer,active,0
942,25,58,238,3,0,7,3,2,0,0.0,0.745,0,recent_career,active,0
943,30,71,207,12,1,5,8,3,1,64.7,0.665,0,newgrad,active,0
944,31,76,220,17,8,0,-1,3,1,70.6,0.853,0,newgrad,active,0
945,33,99,321,29,1,2,5,3,0,0.0,0.903,0,newgrad,active,0
946,31,32,209,2,7,69,22,3,0,0.0,0.975,0,mover,active,0
947,30,12,42,1,2,7,2,3,0,0.0,0.739,0,explorer,active,0
948,30,24,115,0,10,0,-1,0,0,0.0,0.191,0,explorer,active,1
949,26,125,399,33,0,0,-1,3,1,70.4,0.813,0,newgrad,active,0
950,25,58,190,12,3,3,2,4,1,88.9,0.821,0,newgrad,active,0
951,25,51,169,8,1,0,-1,0,0,0.0,0.298,0,newgrad,active,1
952,33,118,373,23,1,1,22,3,1,38.3,0.925,0,newgrad,active,0
953,32,23,90,3,5,27,2,3,1,66.2,0.917,0,recent_career,active,0
954,27,13,78,0,7,9,19,4,0,0.0,0.717,0,explorer,active,0
955,28,28,152,0,13,14,11,3,0,0.0,0.799,0,explorer,active,0
956,29,53,252,1,0,0,-1,0,0,0.0,0.176,0,explorer,active,1
957,27,104,325,29,0,0,-1,0,0,0.0,0.133,0,newgrad,active,1
958,28,66,197,17,2,1,24,2,1,57.1,0.684,0,newgrad,active,0
959,28,57,157,11,2,4,24,3,1,57.8,0.995,0,newgrad,active,0
960,31,41,139,11,75,0,-1,4,0,0.0,0.662,0,newgrad,hired,0
961,31,60,181,16,0,4,7,3,1,52.7,0.632,0,newgrad,active,0
962,25,89,384,14,0,12,9,3,1,81.1,0.713,0,recent_career,active,0
963,29,31,115,5,65,16,3,3,1,75.2,0.873,0,recent_career,lapsed,0
964,33,25,128,1,12,1,17,4,1,64.0,0.668,0,explorer,active,0
965,32,93,275,16,2,0,-1,0,0,0.0,0.224,0,newgrad,active,1
966,32,12,58,0,71,0,-1,0,0,0.0,0.303,1,explorer,hired,1
967,31,55,246,8,0,12,3,3,1,65.3,0.677,0,recent_career,active,0
968,25,49,306,1,2,68,2,3,0,0.0,0.919,0,mover,active,0
969,33,18,67,2,76,0,-1,0,0,0.0,0.106,0,recent_career,hired,1
970,31,59,176,13,3,0,-1,0,0,0.0,0.267,0,newgrad,active,1
971,32,32,121,4,2,21,1,3,1,64.4,0.678,0,recent_career,active,0
972,33,47,181,3,4,25,8,4,0,0.0,0.85,0,recent_career,active,0
973,27,24,118,0,14,17,13,3,0,0.0,0.9,0,explorer,active,0
974,25,83,264,22,2,3,3,3,1,52.5,0.702,0,newgrad,active,0
975,30,48,302,2,0,64,3,3,0,0.0,0.643,0,mover,active,0
976,29,119,339,25,1,0,-1,2,1,78.9,0.6,0,newgrad,active,0
977,25,28,71,6,7,0,-1,3,0,0.0,0.761,0,newgrad,active,0
978,27,93,294,16,2,2,6,4,0,0.0,0.847,0,newgrad,active,0
979,33,112,442,10,1,0,-1,0,0,0.0,0.203,0,recent_career,active,1
980,28,12,58,0,78,19,22,3,0,0.0,0.635,0,explorer,hired,0
981,27,27,135,0,10,4,2,3,0,0.0,0.897,0,explorer,active,0
982,30,16,78,1,7,11,22,3,1,55.4,0.846,0,explorer,active,0
983,30,27,77,7,0,0,-1,3,1,69.2,0.685,0,newgrad,active,0
984,27,84,350,9,34,13,6,2,1,70.3,0.886,0,recent_career,hired,0
985,32,35,168,0,1,0,-1,0,0,0.0,0.104,0,explorer,active,1
986,30,30,106,7,3,0,-1,2,0,0.0,0.768,0,newgrad,active,0
987,26,32,119,6,87,11,9,3,0,0.0,0.702,0,recent_career,lapsed,0
988,27,45,115,13,1,0,-1,0,0,0.0,0.137,0,newgrad,active,1
989,32,25,121,0,2,0,-1,0,0,0.0,0.191,0,explorer,active,1
990,25,33,188,1,72,81,6,3,0,0.0,0.789,0,mover,hired,0
991,25,18,84,0,2,4,2,3,0,0.0,0.708,0,explorer,active,0
992,30,23,122,0,17,10,13,3,0,0.0,0.845,0,explorer,active,0
993,28,6,27,0,160,18,3,3,1,40.5,0.677,0,recent_career,hired,0
994,27,23,116,0,8,11,18,3,0,0.0,0.893,0,explorer,active,0
995,29,64,197,10,5,5,1,3,1,39.3,0.678,0,newgrad,active,0
996,26,24,151,0,110,0,-1,0,0,0.0,0.198,0,mover,hired,1
997,28,55,227,8,0,19,12,2,1,57.7,0.937,0,recent_career,active,0
998,27,18,92,0,134,9,17,3,0,0.0,0.961,0,explorer,hired,0
999,30,88,270,12,2,0,-1,0,0,0.0,0.276,0,newgrad,active,1
1000,31,48,195,8,5,11,7,4,1,88.8,0.944,0,recent_career,active,0
1001,33,52,149,10,10,3,12,2,1,77.5,0.678,0,newgrad,active,0
1002,25,9,31,1,111,13,9,2,1,58.5,0.883,0,recent_career,lapsed,0
1003,27,91,377,10,0,16,6,3,1,89.6,0.637,0,recent_career,active,0
1004,27,33,205,0,85,66,21,3,0,0.0,0.854,0,mover,hired,0
1005,30,35,86,4,132,4,5,2,1,45.2,0.739,0,newgrad,lapsed,0
1006,29,13,71,0,74,15,20,3,0,0.0,0.771,0,explorer,hired,0
1007,32,104,311,20,1,0,-1,0,0,0.0,0.328,0,newgrad,active,1
1008,33,42,232,4,0,93,8,4,0,0.0,0.81,0,mover,active,0
1009,31,57,179,13,0,0,-1,3,1,68.0,0.706,0,newgrad,active,0
1010,26,38,225,0,79,0,-1,0,0,0.0,0.173,0,mover,lapsed,1
1011,25,28,172,2,0,85,8,3,0,0.0,0.71,0,mover,active,0
1012,33,92,265,20,0,0,-1,0,0,0.0,0.283,0,newgrad,active,1
1013,33,5,28,0,149,0,-1,0,0,0.0,0.188,0,explorer,lapsed,1
1014,27,15,50,0,157,0,-1,0,0,0.0,0.306,1,newgrad,hired,1
1015,25,67,262,12,1,12,6,4,1,71.7,0.953,0,recent_career,active,0
1016,31,29,161,2,11,87,8,4,0,0.0,0.973,0,mover,active,0
1017,30,49,255,0,7,17,23,3,1,65.2,0.651,0,explorer,active,0
1018,32,41,163,6,99,25,10,4,1,41.9,0.756,0,recent_career,lapsed,0
1019,30,58,169,16,2,5,8,3,1,55.3,0.911,0,newgrad,active,0
1020,31,15,86,0,57,24,19,3,0,0.0,0.965,0,explorer,lapsed,0
1021,32,30,143,0,5,0,-1,0,0,0.0,0.187,0,explorer,active,1
1022,25,18,85,0,10,0,-1,0,0,0.0,0.23,0,explorer,active,1
1023,26,9,31,1,156,0,-1,0,0,0.0,0.32,0,newgrad,hired,1
1024,32,40,246,3,2,75,18,3,0,0.0,0.705,0,mover,active,0
1025,26,19,54,5,3,0,-1,3,0,0.0,0.842,0,newgrad,active,0
1026,26,17,73,0,7,1,11,3,0,0.0,0.852,0,explorer,active,0
1027,31,49,148,9,1,5,11,3,0,0.0,0.977,0,newgrad,active,0
1028,26,45,267,3,3,53,0,2,1,43.6,0.825,0,mover,active,0
1029,26,35,105,8,116,0,-1,2,0,0.0,0.746,1,newgrad,hired,0
1030,25,35,210,1,8,58,11,3,0,0.0,0.917,0,mover,active,0
1031,29,6,41,0,160,0,-1,0,0,0.0,0.158,1,mover,hired,1
1032,30,57,161,9,3,0,-1,0,0,0.0,0.157,0,newgrad,active,1
1033,31,21,85,0,5,0,-1,0,0,0.0,0.276,0,explorer,active,1
1034,33,81,271,16,4,3,12,4,1,69.5,0.927,0,newgrad,active,0
1035,30,40,211,1,1,74,21,3,0,0.0,0.988,0,mover,active,0
1036,31,58,159,14,1,2,21,3,1,58.2,0.856,0,newgrad,active,0
1037,26,31,78,6,99,0,-1,0,0,0.0,0.318,0,newgrad,hired,1
1038,28,36,128,4,50,0,-1,0,0,0.0,0.156,0,newgrad,lapsed,1
1039,27,56,223,8,1,20,7,3,1,79.6,0.795,0,recent_career,active,0
1040,25,60,234,9,1,0,-1,0,0,0.0,0.234,0,recent_career,active,1
1041,33,16,101,1,118,62,1,3,0,0.0,0.761,0,mover,hired,0
1042,27,9,54,0,97,82,19,3,0,0.0,0.62,0,mover,hired,0
1043,29,31,164,3,14,69,19,3,1,60.7,0.749,0,mover,active,0
1044,28,23,81,2,112,7,5,3,1,69.4,0.917,0,recent_career,hired,0
1045,25,36,95,6,1,5,10,4,0,0.0,0.99,0,newgrad,active,0
1046,33,51,225,6,55,16,7,3,1,64.8,0.815,1,recent_career,hired,0
1047,26,16,83,0,3,0,-1,0,0,0.0,0.326,0,explorer,active,1
1048,25,7,41,0,82,3,4,4,1,76.0,0.62,0,explorer,lapsed,0
1049,28,45,128,10,96,0,-1,0,0,0.0,0.266,0,newgrad,lapsed,1
1050,26,56,340,2,1,76,2,3,0,0.0,0.98,0,mover,active,0
1051,33,49,186,5,5,7,0,2,1,60.0,0.7,0,recent_career,active,0
1052,26,69,228,14,2,1,15,3,1,59.9,0.78,0,newgrad,active,0
1053,27,3,11,1,159,11,0,2,1,59.9,0.722,1,recent_career,hired,0
1054,27,72,236,10,2,0,-1,0,0,0.0,0.182,0,newgrad,active,1
1055,25,45,281,1,8,64,17,3,0,0.0,0.767,0,mover,active,0
1056,25,44,246,0,4,24,6,3,0,0.0,0.922,0,explorer,active,0
1057,29,54,194,5,5,18,3,3,1,71.5,0.665,0,recent_career,active,0
1058,27,34,206,1,1,69,24,2,0,0.0,0.785,0,mover,active,0
1059,25,59,368,3,2,53,4,3,1,57.5,0.929,0,mover,active,0
1060,27,14,68,0,72,12,10,3,0,0.0,0.657,0,explorer,hired,0
1061,27,11,62,1,128,51,16,3,1,75.5,0.655,0,mover,lapsed,0
1062,28,37,114,10,1,0,-1,0,0,0.0,0.319,0,newgrad,active,1
1063,33,42,249,2,0,48,3,4,0,0.0,0.803,0,mover,active,0
1064,27,37,119,9,1,1,10,4,0,0.0,0.623,0,newgrad,active,0
1065,31,9,50,0,88,9,23,4,0,0.0,0.855,0,explorer,lapsed,0
1066,31,157,464,30,0,3,3,2,1,31.9,0.807,0,newgrad,active,0
1067,25,11,63,2,0,71,19,3,0,0.0,0.711,0,mover,active,0
1068,29,34,156,4,1,27,6,4,1,60.4,0.619,0,recent_career,active,0
1069,29,68,195,13,2,0,-1,0,0,0.0,0.32,0,newgrad,active,1
1070,29,23,103,0,6,22,15,3,0,0.0,0.65,0,explorer,active,0
1071,26,25,186,1,15,70,3,2,1,53.6,0.632,0,mover,active,0
1072,29,60,161,11,0,2,17,3,0,0.0,0.764,0,newgrad,active,0
1073,26,14,64,0,5,3,2,3,1,63.0,0.88,0,explorer,active,0
1074,33,19,97,0,71,21,14,2,0,0.0,0.632,0,explorer,hired,0
1075,30,62,167,9,0,0,-1,3,0,0.0,0.689,0,newgrad,active,0
1076,25,69,423,2,1,0,-1,0,0,0.0,0.118,0,mover,active,1
1077,29,53,179,11,1,0,-1,0,0,0.0,0.267,0,newgrad,active,1
1078,33,17,102,0,24,0,-1,0,0,0.0,0.229,0,mover,active,1
1079,31,42,142,6,0,4,12,3,1,66.2,0.872,0,newgrad,active,0
1080,27,91,278,26,0,0,-1,0,0,0.0,0.321,0,newgrad,active,1
1081,33,22,110,0,1,2,23,3,0,0.0,0.944,0,explorer,active,0
1082,26,22,107,0,3,9,6,3,0,0.0,0.968,0,explorer,active,0
1083,27,36,175,0,0,0,-1,3,0,0.0,0.935,0,explorer,active,0
1084,26,10,45,0,0,0,-1,0,0,0.0,0.151,0,explorer,active,1
1085,33,29,138,1,2,15,13,3,0,0.0,0.688,0,explorer,active,0
1086,31,8,31,0,99,19,8,3,0,0.0,0.626,0,explorer,hired,0
1087,29,17,90,0,0,15,22,3,0,0.0,0.965,0,explorer,active,0
1088,31,66,194,6,1,4,4,2,1,73.1,0.914,0,newgrad,active,0
1089,27,43,129,14,1,0,-1,4,1,70.7,0.693,0,newgrad,active,0
1090,25,61,184,7,4,4,2,3,1,63.0,0.649,0,newgrad,active,0
1091,32,55,342,1,1,65,4,4,0,0.0,0.838,0,mover,active,0
1092,33,45,131,10,48,4,8,3,1,64.0,0.782,0,newgrad,lapsed,0
1093,25,37,108,10,0,0,-1,0,0,0.0,0.134,0,newgrad,active,1
1094,25,12,79,1,145,0,-1,0,0,0.0,0.236,0,mover,hired,1
1095,30,6,21,3,157,3,10,2,1,74.1,0.782,1,newgrad,hired,0
1096,25,55,240,8,1,11,8,3,1,59.2,0.73,0,recent_career,active,0
1097,31,35,180,0,0,0,-1,0,0,0.0,0.175,0,explorer,active,1
1098,33,22,117,0,1,16,5,4,0,0.0,0.993,0,explorer,active,0
1099,27,79,304,7,0,0,-1,0,0,0.0,0.269,0,recent_career,active,1
1100,27,30,117,6,2,20,4,3,1,73.0,0.889,0,recent_career,active,0
1101,32,9,35,1,143,4,3,4,1,85.8,0.936,0,newgrad,lapsed,0
1102,28,17,72,0,12,0,-1,0,0,0.0,0.303,0,explorer,active,1
1103,27,20,78,0,10,9,8,3,0,0.0,0.661,0,explorer,active,0
1104,25,22,96,5,79,13,3,3,1,73.1,0.775,1,recent_career,hired,0
1105,32,39,204,0,0,12,12,3,1,58.6,0.637,0,explorer,active,0
1106,33,60,256,3,7,0,-1,0,0,0.0,0.193,0,recent_career,active,1
1107,25,90,255,27,0,2,24,3,0,0.0,0.937,0,newgrad,active,0
1108,32,18,97,0,1,2,10,2,1,56.4,0.961,0,explorer,active,0
1109,26,70,269,8,2,17,11,3,1,58.1,0.975,0,recent_career,active,0
1110,26,32,109,4,2,6,7,4,1,49.1,0.969,0,recent_career,active,0
1111,28,49,138,12,7,4,23,4,0,0.0,0.932,0,newgrad,active,0
1112,28,27,167,2,29,56,4,3,0,0.0,0.922,0,mover,active,0
1113,32,20,100,0,7,9,24,3,0,0.0,0.998,0,explorer,active,0
1114,31,9,44,0,132,15,20,3,0,0.0,0.996,1,explorer,hired,0
1115,26,52,222,6,0,14,6,3,1,81.4,0.914,0,recent_career,active,0
1116,30,83,328,8,1,10,0,3,1,51.6,0.669,0,recent_career,active,0
1117,32,23,103,0,2,0,-1,0,0,0.0,0.336,0,explorer,active,1
1118,30,63,191,17,2,0,-1,3,0,0.0,0.633,0,newgrad,active,0
1119,27,22,89,0,7,20,6,3,0,0.0,0.997,0,explorer,active,0
1120,26,30,196,0,3,50,21,3,0,0.0,0.735,0,mover,active,0
1121,29,62,237,13,3,16,2,3,0,0.0,0.951,0,recent_career,active,0
1122,29,28,133,0,1,24,21,3,0,0.0,0.938,0,explorer,active,0
1123,28,49,180,3,3,27,2,3,1,71.9,0.794,0,recent_career,active,0
1124,25,48,153,5,43,1,24,3,1,55.5,0.768,0,newgrad,lapsed,0
1125,26,14,86,2,76,0,-1,0,0,0.0,0.332,0,mover,hired,1
1126,29,153,420,34,1,1,17,3,0,0.0,0.815,0,newgrad,active,0
1127,33,23,139,2,10,0,-1,0,0,0.0,0.311,0,mover,active,1
1128,30,33,199,2,3,84,16,3,0,0.0,0.742,0,mover,active,0
1129,28,44,216,0,1,17,16,3,0,0.0,0.632,0,explorer,active,0
1130,33,17,89,0,4,0,-1,0,0,0.0,0.199,0,explorer,active,1
1131,31,98,329,11,2,3,7,3,1,59.2,0.941,0,newgrad,active,0
1132,31,25,97,1,122,20,12,3,1,75.6,0.792,1,recent_career,hired,0
1133,30,11,71,2,149,87,14,3,1,54.6,0.869,0,mover,lapsed,0
1134,31,14,74,0,99,9,19,3,0,0.0,0.65,0,explorer,hired,0
1135,29,99,314,29,0,0,-1,0,0,0.0,0.124,0,newgrad,active,1
1136,30,78,245,13,0,5,11,3,1,42.1,0.681,0,newgrad,active,0
1137,30,105,320,28,0,1,2,4,0,0.0,0.854,0,newgrad,active,0
1138,31,6,20,0,159,27,1,3,1,32.9,0.894,0,recent_career,lapsed,0
1139,33,20,119,2,24,65,3,3,0,0.0,0.607,0,mover,active,0
1140,27,19,48,4,51,3,6,3,0,0.0,0.923,1,newgrad,hired,0
1141,31,26,141,0,6,18,23,4,1,58.3,0.683,0,explorer,active,0
1142,25,22,111,0,0,14,8,3,1,42.3,0.625,0,explorer,active,0
1143,29,29,141,0,4,22,11,2,1,55.0,0.603,0,explorer,active,0
1144,33,26,70,11,58,4,10,4,1,63.6,0.668,0,newgrad,lapsed,0
1145,30,53,174,11,1,0,-1,0,0,0.0,0.344,0,newgrad,active,1
1146,27,20,95,1,6,23,12,2,0,0.0,0.606,0,explorer,active,0
1147,30,14,55,0,44,10,3,4,1,31.9,0.83,0,explorer,active,0
1148,28,70,238,10,1,2,22,3,1,53.9,0.601,0,newgrad,active,0
1149,28,11,66,0,95,8,10,3,1,65.4,0.89,1,explorer,hired,0
1150,27,40,164,5,0,10,3,3,1,64.3,0.95,0,recent_career,active,0
1151,30,6,30,0,71,5,1,4,0,0.0,0.957,0,explorer,lapsed,0
1152,26,32,142,5,3,18,8,3,1,56.4,0.783,0,recent_career,active,0
1153,28,44,177,2,6,20,1,3,1,63.6,0.813,0,recent_career,active,0
1154,33,94,293,15,1,0,-1,0,0,0.0,0.15,0,newgrad,active,1
1155,31,39,165,7,8,18,6,4,1,88.6,0.894,0,recent_career,active,0
1156,28,40,153,4,2,12,4,3,1,67.9,0.84,0,recent_career,active,0
1157,33,34,138,6,0,22,0,3,1,64.0,0.662,0,recent_career,active,0
1158,25,64,189,15,6,4,23,2,1,61.5,0.786,0,newgrad,active,0
1159,33,9,49,0,49,13,17,3,0,0.0,0.825,0,explorer,hired,0
1160,28,48,161,3,0,0,-1,0,0,0.0,0.229,0,recent_career,active,1
1161,32,40,241,0,4,53,6,2,1,58.8,0.801,0,mover,active,0
1162,33,17,105,0,7,19,20,2,1,58.5,0.884,0,explorer,active,0
1163,30,61,239,14,0,7,4,3,1,64.4,0.794,0,recent_career,active,0
1164,30,14,60,2,146,0,-1,0,0,0.0,0.177,0,recent_career,hired,1
1165,31,8,34,0,147,21,17,2,1,49.0,0.666,1,explorer,hired,0
1166,27,30,134,1,1,5,5,3,1,45.4,0.902,0,explorer,active,0
1167,26,36,120,6,73,0,-1,3,1,69.9,0.771,1,newgrad,hired,0
1168,28,12,49,2,61,14,19,3,1,44.0,0.986,0,explorer,active,0
1169,29,45,191,4,2,0,-1,0,0,0.0,0.296,0,recent_career,active,1
1170,31,48,135,14,11,1,8,3,1,67.9,0.701,0,newgrad,active,0
1171,27,16,96,2,130,0,-1,0,0,0.0,0.164,1,mover,hired,1
1172,30,67,214,13,1,0,-1,3,1,55.8,0.823,0,newgrad,active,0
1173,25,16,79,0,4,16,1,3,0,0.0,0.798,0,explorer,active,0
1174,25,74,247,9,0,4,16,3,1,46.1,0.783,0,newgrad,active,0
1175,33,13,58,1,80,18,2,3,1,69.5,0.661,0,explorer,lapsed,0
1176,32,39,122,6,55,4,1,4,1,62.3,0.69,0,newgrad,lapsed,0
1177,32,35,109,8,0,0,-1,0,0,0.0,0.328,0,newgrad,active,1
1178,27,93,376,12,1,30,9,3,1,77.8,0.615,0,recent_career,active,0
1179,29,128,528,9,0,26,1,3,1,62.3,0.741,0,recent_career,active,0
1180,31,18,71,1,7,22,17,2,0,0.0,0.765,0,explorer,active,0
1181,27,94,363,10,0,12,0,2,1,55.5,0.968,0,recent_career,active,0
1182,31,40,154,2,2,21,1,2,1,76.2,0.627,0,recent_career,active,0
1183,31,28,109,3,1,24,5,3,1,58.0,0.635,0,recent_career,active,0
1184,28,9,34,3,145,23,6,3,1,60.4,0.656,0,recent_career,lapsed,0
1185,28,34,159,0,1,10,22,4,1,75.2,0.684,0,explorer,active,0
1186,27,40,108,6,3,4,4,4,0,0.0,0.851,0,newgrad,active,0
1187,32,26,157,1,10,22,2,3,0,0.0,0.915,0,explorer,active,0
1188,33,36,146,11,6,0,-1,0,0,0.0,0.25,0,recent_career,active,1
1189,33,55,299,2,12,41,6,4,1,41.6,0.673,0,mover,active,0
1190,31,70,208,17,1,3,9,3,1,47.4,0.771,0,newgrad,active,0
1191,28,20,56,6,109,1,13,4,1,48.4,0.866,0,newgrad,hired,0
1192,32,23,111,0,8,10,16,3,0,0.0,0.948,0,explorer,active,0
1193,27,36,181,0,3,4,15,3,0,0.0,0.765,0,explorer,active,0
1194,33,35,171,1,2,10,20,3,0,0.0,0.71,0,explorer,active,0
1195,27,73,288,10,1,30,10,3,1,68.1,0.811,0,recent_career,active,0
1196,28,124,361,25,1,0,-1,2,1,58.4,0.85,0,newgrad,active,0
1197,25,18,113,1,68,0,-1,0,0,0.0,0.28,0,mover,hired,1
1198,25,70,215,17,0,1,8,3,1,74.4,0.681,0,newgrad,active,0
1199,28,25,168,5,25,0,-1,0,0,0.0,0.194,0,mover,active,1
1200,29,14,59,0,109,0,-1,0,0,0.0,0.105,0,mover,lapsed,1
1201,25,112,685,5,2,0,-1,0,0,0.0,0.171,0,mover,active,1
1202,32,16,63,0,3,5,12,3,0,0.0,0.741,0,explorer,active,0
1203,26,22,128,2,13,83,17,3,0,0.0,0.941,0,mover,active,0
1204,33,42,159,4,0,11,10,2,0,0.0,0.866,0,recent_career,active,0
1205,27,61,312,7,0,19,6,3,1,66.8,0.607,0,recent_career,active,0
1206,28,22,133,1,9,43,10,3,1,61.3,0.608,0,mover,active,0
1207,26,43,118,6,5,1,13,3,1,59.2,0.704,0,newgrad,active,0
1208,32,52,163,12,1,5,14,3,1,64.9,0.795,0,newgrad,active,0
1209,31,52,153,14,12,0,-1,0,0,0.0,0.126,0,newgrad,active,1
1210,25,22,114,0,22,19,21,4,0,0.0,0.943,0,explorer,active,0
1211,25,14,58,1,62,10,23,3,0,0.0,0.79,0,explorer,hired,0
1212,30,34,198,3,1,68,5,3,1,61.9,0.927,0,mover,active,0
1213,32,89,260,17,0,1,18,3,0,0.0,0.687,0,newgrad,active,0
1214,25,53,154,11,13,5,0,3,0,0.0,0.834,0,newgrad,active,0
1215,26,53,159,9,3,0,-1,0,0,0.0,0.122,0,newgrad,active,1
1216,29,7,22,0,152,2,17,3,1,57.9,0.916,0,newgrad,lapsed,0
1217,25,11,70,1,121,61,6,2,1,59.7,0.907,0,mover,lapsed,0
1218,27,24,140,0,2,44,3,2,0,0.0,0.658,0,mover,active,0
1219,25,30,118,4,6,22,12,3,1,54.0,0.651,0,recent_career,active,0
1220,29,33,141,7,3,10,1,3,1,66.6,0.635,0,recent_career,active,0
1221,31,52,187,4,1,29,0,4,1,59.5,0.715,0,recent_career,active,0
1222,28,33,163,1,5,9,24,2,0,0.0,0.848,0,explorer,active,0
1223,27,35,242,1,5,59,15,3,0,0.0,0.874,0,mover,active,0
1224,28,61,245,9,2,25,0,3,1,63.9,0.726,0,recent_career,active,0
1225,29,24,138,0,5,9,16,4,0,0.0,0.943,0,explorer,active,0
1226,26,46,149,12,10,2,7,3,1,52.8,0.786,0,newgrad,active,0
1227,26,41,123,9,1,1,23,3,1,87.3,0.848,0,newgrad,active,0
1228,26,14,63,0,9,13,20,3,0,0.0,0.965,0,explorer,active,0
1229,33,73,268,10,1,0,-1,0,0,0.0,0.34,0,recent_career,active,1
1230,31,36,138,3,98,16,5,4,1,40.8,0.628,1,recent_career,hired,0
1231,26,15,93,0,1,47,21,3,0,0.0,0.741,0,mover,active,0
1232,27,46,169,1,0,0,-1,0,0,0.0,0.315,0,recent_career,active,1
1233,28,26,159,3,106,44,21,2,0,0.0,0.699,0,mover,hired,0
1234,26,30,124,2,8,24,0,2,1,59.0,0.618,0,recent_career,active,0
1235,32,33,140,4,3,0,-1,0,0,0.0,0.152,0,recent_career,active,1
1236,33,34,128,4,7,0,-1,0,0,0.0,0.197,0,recent_career,active,1
1237,27,41,114,4,4,4,8,3,1,49.1,0.767,0,newgrad,active,0
1238,25,58,245,4,0,0,-1,0,0,0.0,0.349,0,recent_career,active,1
1239,27,60,235,8,2,28,8,4,1,73.3,0.735,0,recent_career,active,0
1240,30,18,89,0,1,11,15,3,1,57.9,0.683,0,explorer,active,0
1241,32,86,256,22,2,0,-1,0,0,0.0,0.19,0,newgrad,active,1
1242,28,86,249,23,1,4,0,4,0,0.0,0.802,0,newgrad,active,0
1243,27,33,138,1,6,24,5,3,1,37.8,0.764,0,recent_career,active,0
1244,27,18,66,3,137,0,-1,3,1,77.6,0.635,0,newgrad,lapsed,0
1245,25,70,221,18,0,1,15,3,1,55.5,0.638,0,newgrad,active,0
1246,25,23,134,0,2,81,6,3,0,0.0,0.855,0,mover,active,0
1247,28,51,208,9,53,6,2,2,1,46.2,0.912,1,recent_career,hired,0
1248,30,17,75,1,2,5,16,3,0,0.0,0.874,0,explorer,active,0
1249,25,30,164,0,8,2,24,3,0,0.0,0.83,0,explorer,active,0
1250,26,46,182,7,2,0,-1,0,0,0.0,0.189,0,recent_career,active,1
1251,33,13,50,3,103,0,-1,0,0,0.0,0.283,0,recent_career,lapsed,1
1252,33,36,153,7,0,0,-1,0,0,0.0,0.271,0,recent_career,active,1
1253,30,48,290,3,31,69,1,3,1,52.8,0.823,0,mover,lapsed,0
1254,29,41,163,7,38,22,3,3,1,52.0,0.741,0,recent_career,hired,0
1255,30,16,91,0,21,0,-1,0,0,0.0,0.149,0,explorer,active,1
1256,28,12,42,0,4,23,10,3,1,55.3,0.686,0,explorer,active,0
1257,26,28,143,2,5,1,6,3,1,53.6,0.943,0,explorer,active,0
1258,28,14,42,4,107,0,-1,0,0,0.0,0.133,0,newgrad,lapsed,1
1259,31,31,143,0,1,6,24,4,1,63.8,0.693,0,explorer,active,0
1260,30,62,231,10,0,9,6,3,1,65.7,0.9,0,recent_career,active,0
1261,31,72,227,19,1,1,5,3,1,81.1,0.644,0,newgrad,active,0
1262,30,116,376,22,47,1,12,3,1,74.9,0.759,0,newgrad,hired,0
1263,25,8,50,0,48,0,-1,0,0,0.0,0.305,0,explorer,lapsed,1
1264,30,44,263,2,3,51,12,3,1,72.0,0.791,0,mover,active,0
1265,32,9,44,0,38,5,21,3,0,0.0,0.75,0,explorer,active,0
1266,30,12,40,0,135,0,-1,0,0,0.0,0.109,0,recent_career,lapsed,1
1267,30,24,111,0,1,0,-1,0,0,0.0,0.165,0,explorer,active,1
1268,27,57,180,8,2,5,1,2,1,66.0,0.876,0,newgrad,active,0
1269,32,45,144,9,6,0,-1,0,0,0.0,0.232,0,newgrad,active,1
1270,29,16,88,0,32,5,5,4,0,0.0,0.892,0,explorer,active,0
1271,27,63,178,9,2,0,-1,0,0,0.0,0.268,0,newgrad,active,1
1272,29,55,178,12,95,3,24,2,1,45.7,0.601,0,newgrad,lapsed,0
1273,26,38,245,2,5,67,11,3,1,61.3,0.994,0,mover,active,0
1274,33,78,331,6,0,10,7,3,1,66.7,0.711,0,recent_career,active,0
1275,31,61,191,6,60,0,-1,3,0,0.0,0.818,0,newgrad,lapsed,0
1276,27,58,233,8,3,27,6,4,1,54.2,0.912,0,recent_career,active,0
1277,32,30,102,3,87,29,5,3,0,0.0,0.626,1,recent_career,hired,0
1278,25,15,67,0,2,0,-1,0,0,0.0,0.26,0,explorer,active,1
1279,28,35,211,3,3,43,13,3,1,43.1,0.813,0,mover,active,0
1280,30,51,167,8,4,0,-1,3,0,0.0,0.685,0,newgrad,active,0
1281,25,109,313,16,1,0,-1,3,1,45.5,0.94,0,newgrad,active,0
1282,31,112,343,19,5,0,-1,4,1,55.7,0.963,0,newgrad,active,0
1283,32,30,156,0,4,0,-1,0,0,0.0,0.269,0,mover,active,1
1284,30,26,120,0,10,14,0,4,0,0.0,0.968,0,explorer,active,0
1285,26,13,77,0,8,3,0,3,1,23.9,0.696,0,explorer,active,0
1286,31,84,260,15,5,3,12,3,1,65.9,0.66,0,newgrad,active,0
1287,28,58,159,13,0,1,23,3,1,55.4,0.905,0,newgrad,active,0
1288,31,111,319,14,3,0,-1,0,0,0.0,0.165,0,newgrad,active,1
1289,30,29,171,1,94,59,11,4,0,0.0,0.924,0,mover,hired,0
1290,25,4,17,2,138,5,23,2,0,0.0,0.768,0,newgrad,lapsed,0
1291,25,32,186,3,9,87,5,4,0,0.0,0.968,0,mover,active,0
1292,25,86,481,3,0,74,5,3,0,0.0,0.696,0,mover,active,0
1293,25,78,245,11,2,5,15,3,0,0.0,0.902,0,newgrad,active,0
1294,27,64,194,8,5,4,5,2,0,0.0,0.678,0,newgrad,active,0
1295,25,80,230,18,0,1,9,3,1,51.5,0.97,0,newgrad,active,0
1296,33,55,214,8,4,0,-1,0,0,0.0,0.307,0,recent_career,active,1
1297,33,127,486,14,0,16,9,3,1,44.2,0.69,0,recent_career,active,0
1298,26,37,235,4,2,80,22,3,0,0.0,0.742,0,mover,active,0
1299,27,42,122,8,0,0,-1,0,0,0.0,0.285,0,newgrad,active,1
1300,31,47,184,3,6,12,3,3,1,58.9,0.896,0,recent_career,active,0
1301,30,19,141,1,4,88,6,3,0,0.0,0.891,0,mover,active,0
1302,30,35,192,0,2,0,-1,0,0,0.0,0.174,0,explorer,active,1
1303,33,79,262,15,0,5,16,3,1,53.5,0.767,0,newgrad,active,0
1304,30,22,120,0,6,19,11,3,0,0.0,0.764,0,explorer,active,0
1305,31,24,139,1,4,0,-1,0,0,0.0,0.273,0,explorer,active,1
1306,29,9,56,3,3,85,4,3,0,0.0,0.825,0,mover,active,0
1307,29,57,328,4,11,70,18,4,1,84.7,0.856,0,mover,active,0
1308,27,41,172,9,9,0,-1,0,0,0.0,0.202,0,recent_career,active,1
1309,29,5,25,0,137,1,3,2,1,49.2,0.704,0,explorer,hired,0
1310,33,86,275,11,2,0,-1,0,0,0.0,0.124,0,newgrad,active,1
1311,28,12,61,0,111,8,3,2,0,0.0,0.966,0,explorer,lapsed,0
1312,26,48,283,6,2,0,-1,0,0,0.0,0.187,0,mover,active,1
1313,30,53,225,5,2,25,0,2,1,59.1,0.976,0,recent_career,active,0
1314,32,44,169,3,2,13,9,2,1,60.1,0.994,0,recent_career,active,0
1315,33,85,491,3,3,45,12,4,0,0.0,0.844,0,mover,active,0
1316,29,37,213,2,2,0,-1,0,0,0.0,0.175,0,mover,active,1
1317,32,38,150,4,56,7,6,3,1,68.4,0.783,0,recent_career,lapsed,0
1318,27,31,170,0,41,13,5,3,0,0.0,0.834,0,explorer,hired,0
1319,28,40,189,0,1,0,-1,0,0,0.0,0.182,0,explorer,active,1
1320,28,37,108,7,61,0,-1,0,0,0.0,0.152,1,newgrad,hired,1
1321,27,29,108,4,44,3,18,3,0,0.0,0.838,0,newgrad,hired,0
1322,31,90,338,11,1,21,9,3,1,73.3,0.694,0,recent_career,active,0
1323,32,16,85,1,5,19,7,3,0,0.0,0.993,0,explorer,active,0
1324,27,58,184,9,1,0,-1,3,1,69.7,0.647,0,newgrad,active,0
1325,26,9,44,0,0,0,-1,0,0,0.0,0.113,0,explorer,active,1
1326,32,53,172,8,1,2,17,3,0,0.0,0.907,0,newgrad,active,0
1327,32,38,245,2,1,81,13,3,0,0.0,0.721,0,mover,active,0
1328,33,13,41,6,123,1,3,4,0,0.0,0.804,0,newgrad,lapsed,0
1329,27,17,56,5,141,21,11,3,0,0.0,0.965,0,recent_career,hired,0
1330,31,13,65,0,92,1,19,3,1,82.0,0.854,0,explorer,lapsed,0
1331,31,115,332,11,0,0,-1,0,0,0.0,0.235,0,newgrad,active,1
1332,32,37,118,5,1,2,20,3,1,64.6,0.854,0,newgrad,active,0
1333,32,14,51,0,17,14,8,2,1,58.0,0.696,0,explorer,active,0
1334,33,29,160,0,1,2,24,3,0,0.0,0.817,0,explorer,active,0
1335,29,23,110,0,93,0,-1,0,0,0.0,0.175,0,explorer,hired,1
1336,25,15,73,4,51,20,3,2,1,62.8,0.616,0,recent_career,lapsed,0
1337,26,29,149,0,91,77,14,3,0,0.0,0.924,0,mover,hired,0
1338,32,12,54,0,16,0,-1,0,0,0.0,0.18,0,explorer,active,1
1339,32,30,83,4,60,0,-1,3,1,79.7,0.891,0,newgrad,lapsed,0
1340,25,101,415,8,0,17,5,3,1,54.2,0.832,0,recent_career,active,0
1341,28,8,46,0,111,0,-1,0,0,0.0,0.285,0,explorer,lapsed,1
1342,27,77,238,19,3,2,5,3,0,0.0,0.781,0,newgrad,active,0
1343,27,10,68,0,97,38,18,4,0,0.0,0.928,0,mover,lapsed,0
1344,30,14,64,0,7,2,11,2,0,0.0,0.68,0,explorer,active,0
1345,29,40,249,4,4,56,11,3,0,0.0,0.813,0,mover,active,0
1346,29,85,286,20,2,0,-1,0,0,0.0,0.243,0,newgrad,active,1
1347,28,21,60,4,76,4,22,4,0,0.0,0.6,0,newgrad,lapsed,0
1348,30,32,80,8,107,4,3,3,1,70.1,0.769,1,newgrad,hired,0
1349,31,41,171,4,84,0,-1,0,0,0.0,0.239,0,recent_career,lapsed,1
1350,25,12,67,0,50,23,4,3,1,48.6,0.894,0,explorer,lapsed,0
1351,26,16,77,0,9,6,2,3,0,0.0,0.673,0,explorer,active,0
1352,28,38,110,8,0,4,10,3,1,42.8,0.896,0,newgrad,active,0
1353,28,14,37,2,160,0,-1,3,0,0.0,0.664,1,newgrad,hired,0
1354,33,39,184,1,1,3,2,3,1,51.9,0.725,0,explorer,active,0
1355,33,30,112,2,124,0,-1,0,0,0.0,0.172,0,recent_career,lapsed,1
1356,30,20,90,10,104,0,-1,3,1,63.8,0.985,1,newgrad,hired,0
1357,25,27,64,5,81,2,10,2,1,43.0,0.647,1,newgrad,hired,0
1358,25,54,329,3,0,64,13,3,1,78.3,0.9,0,mover,active,0
1359,29,17,68,4,124,20,12,3,0,0.0,0.873,1,recent_career,hired,0
1360,30,4,26,0,131,92,14,3,0,0.0,0.855,0,mover,lapsed,0
1361,30,48,155,9,2,1,11,3,1,58.7,0.63,0,newgrad,active,0
1362,26,45,271,2,0,84,21,2,0,0.0,0.962,0,mover,active,0
1363,32,27,110,0,3,8,5,3,1,75.8,0.614,0,recent_career,active,0
1364,29,101,271,27,1,1,15,3,0,0.0,0.603,0,newgrad,active,0
1365,30,54,174,8,3,0,-1,3,0,0.0,0.672,0,newgrad,active,0
1366,25,51,207,4,3,0,-1,0,0,0.0,0.175,0,recent_career,active,1
1367,32,67,263,9,0,0,-1,0,0,0.0,0.175,0,recent_career,active,1
1368,29,32,135,1,110,0,-1,0,0,0.0,0.301,0,recent_career,lapsed,1
1369,27,47,160,8,3,2,8,3,0,0.0,0.742,0,newgrad,active,0
1370,27,29,104,4,122,20,5,3,1,55.0,0.625,0,recent_career,hired,0
1371,28,20,118,0,4,0,-1,0,0,0.0,0.248,0,explorer,active,1
1372,25,57,159,11,2,0,-1,2,1,56.1,0.894,0,newgrad,active,0
1373,33,19,96,0,0,1,12,2,1,71.9,0.839,0,explorer,active,0
1374,32,13,87,1,6,12,14,3,0,0.0,0.76,0,explorer,active,0
1375,32,58,231,1,0,22,6,3,1,48.0,0.966,0,recent_career,active,0
1376,28,35,215,1,5,0,-1,0,0,0.0,0.34,0,mover,active,1
1377,30,4,18,0,170,15,18,3,1,65.9,0.789,1,explorer,hired,0
1378,29,12,67,0,112,52,0,3,0,0.0,0.788,0,mover,lapsed,0
1379,29,54,171,12,6,0,-1,0,0,0.0,0.177,0,newgrad,active,1
1380,30,73,201,12,1,5,3,2,0,0.0,0.835,0,newgrad,active,0
1381,29,49,204,8,9,0,-1,0,0,0.0,0.269,0,recent_career,active,1
1382,31,116,355,21,1,0,-1,0,0,0.0,0.101,0,newgrad,active,1
1383,25,19,80,1,10,9,6,3,1,82.0,0.619,0,explorer,active,0
1384,26,33,177,0,1,1,21,3,1,60.0,0.917,0,explorer,active,0
1385,33,36,125,2,2,0,-1,0,0,0.0,0.183,0,recent_career,active,1
1386,32,42,297,2,2,39,21,3,0,0.0,0.851,0,mover,active,0
1387,32,83,263,14,4,0,-1,0,0,0.0,0.116,0,newgrad,active,1
1388,28,20,91,0,86,5,22,4,0,0.0,0.934,0,explorer,hired,0
1389,29,46,174,12,1,6,7,3,1,58.8,0.627,0,recent_career,active,0
1390,25,5,22,0,137,7,2,3,0,0.0,0.705,0,explorer,lapsed,0
1391,27,4,17,0,149,0,-1,0,0,0.0,0.267,0,explorer,lapsed,1
1392,31,60,249,5,1,9,11,3,1,47.2,0.92,0,recent_career,active,0
1393,28,32,107,3,4,0,-1,0,0,0.0,0.106,0,recent_career,active,1
1394,29,8,36,0,74,4,24,3,0,0.0,0.609,0,explorer,lapsed,0
1395,26,29,135,3,58,0,-1,0,0,0.0,0.104,0,recent_career,lapsed,1
1396,29,57,183,18,2,0,-1,0,0,0.0,0.325,0,newgrad,active,1
1397,31,23,91,1,0,0,-1,0,0,0.0,0.198,0,explorer,active,1
1398,30,47,271,2,1,51,2,3,0,0.0,0.67,0,mover,active,0
1399,30,75,234,15,0,0,-1,0,0,0.0,0.134,0,newgrad,active,1
1400,33,43,115,8,6,0,-1,3,1,67.5,0.757,0,newgrad,active,0
1401,27,26,111,4,0,15,12,3,1,88.2,0.63,0,recent_career,active,0
1402,27,22,125,1,0,0,-1,0,0,0.0,0.254,0,explorer,active,1
1403,30,65,191,8,0,3,14,3,0,0.0,0.767,0,newgrad,active,0
1404,29,96,360,16,1,23,3,3,1,41.5,0.949,0,recent_career,active,0
1405,33,55,175,20,6,3,19,3,1,73.5,0.832,0,newgrad,active,0
1406,25,16,66,1,8,0,-1,3,0,0.0,0.73,0,explorer,active,0
1407,26,15,53,2,144,21,6,3,1,58.6,0.722,0,recent_career,hired,0
1408,28,35,173,1,14,10,21,2,0,0.0,0.962,0,explorer,active,0
1409,29,18,103,0,127,39,19,3,0,0.0,0.836,0,mover,hired,0
1410,33,25,122,0,18,20,13,4,0,0.0,0.885,0,explorer,active,0
1411,29,10,65,0,68,0,-1,0,0,0.0,0.282,0,explorer,lapsed,1
1412,28,31,156,0,0,0,-1,0,0,0.0,0.171,0,explorer,active,1
1413,26,18,93,0,46,0,-1,0,0,0.0,0.13,0,explorer,hired,1
1414,28,43,211,9,5,0,-1,0,0,0.0,0.151,0,recent_career,active,1
1415,29,24,111,0,100,10,20,3,1,61.1,0.871,0,explorer,hired,0
1416,30,22,140,1,82,63,1,2,0,0.0,0.977,0,mover,lapsed,0
1417,30,22,134,1,18,85,1,2,0,0.0,0.626,0,mover,active,0
1418,28,19,89,0,17,0,-1,0,0,0.0,0.117,0,explorer,active,1
1419,26,29,125,1,4,2,10,3,1,54.9,0.721,0,explorer,active,0
1420,26,12,62,2,110,37,5,2,0,0.0,0.85,0,mover,hired,0
1421,26,16,46,6,102,2,14,4,0,0.0,0.793,0,newgrad,hired,0
1422,30,50,152,12,0,1,10,4,1,71.4,0.614,0,newgrad,active,0
1423,32,47,133,9,1,2,16,2,1,76.6,0.856,0,newgrad,active,0
1424,32,55,159,11,8,1,20,4,1,85.9,0.644,0,newgrad,active,0
1425,27,77,225,12,1,5,15,4,1,70.9,0.984,0,newgrad,active,0
1426,25,25,82,1,2,20,5,3,1,59.4,0.879,0,recent_career,active,0
1427,30,59,246,10,1,24,12,3,1,81.6,0.659,0,recent_career,active,0
1428,25,10,47,0,0,19,17,3,0,0.0,0.862,0,explorer,active,0
1429,30,100,288,21,1,3,7,3,1,43.1,0.663,0,newgrad,active,0
1430,28,8,33,0,92,17,4,3,0,0.0,0.731,0,explorer,lapsed,0
1431,32,3,20,0,138,71,21,4,0,0.0,0.725,0,mover,lapsed,0
1432,30,4,19,1,158,14,1,3,1,69.3,0.929,0,recent_career,lapsed,0
1433,31,33,152,4,57,24,4,3,1,61.9,0.724,0,recent_career,hired,0
1434,28,53,230,1,0,13,7,3,1,71.2,0.866,0,recent_career,active,0
1435,32,14,65,0,0,0,-1,3,0,0.0,0.83,0,explorer,active,0
1436,29,6,21,1,158,6,10,2,1,68.3,0.811,1,recent_career,hired,0
1437,30,46,134,9,0,0,-1,0,0,0.0,0.172,0,newgrad,active,1
1438,28,13,68,0,2,21,4,4,1,70.2,0.875,0,explorer,active,0
1439,29,23,136,0,0,2,14,3,1,72.3,0.646,0,explorer,active,0
1440,32,34,93,10,4,1,14,3,1,53.1,0.67,0,newgrad,active,0
1441,28,50,188,8,0,20,12,3,1,72.5,0.781,0,recent_career,active,0
1442,25,42,170,4,5,19,7,4,1,45.7,0.87,0,recent_career,active,0
1443,28,54,212,8,0,15,6,3,0,0.0,0.731,0,recent_career,active,0
1444,28,43,184,7,50,17,8,2,1,66.1,0.717,0,recent_career,hired,0
1445,28,53,309,2,12,79,7,3,0,0.0,0.731,0,mover,active,0
1446,25,25,138,0,31,17,19,3,0,0.0,0.717,0,explorer,active,0
1447,26,50,133,7,86,0,-1,0,0,0.0,0.213,0,newgrad,lapsed,1
1448,27,11,69,2,14,0,-1,0,0,0.0,0.244,0,mover,active,1
1449,28,26,94,5,93,27,4,2,1,57.8,0.96,0,recent_career,hired,0
1450,25,13,54,0,88,23,6,4,0,0.0,0.982,0,explorer,lapsed,0
1451,28,37,237,4,10,41,14,3,0,0.0,0.924,0,mover,active,0
1452,27,28,167,0,6,15,22,3,1,68.8,0.884,0,explorer,active,0
1453,25,22,91,0,1,2,0,3,0,0.0,0.791,0,explorer,active,0
1454,27,94,300,18,0,5,18,3,0,0.0,0.88,0,newgrad,active,0
1455,27,5,23,1,167,10,11,3,1,56.6,0.656,0,recent_career,lapsed,0
1456,26,66,202,21,0,4,10,2,1,53.5,0.989,0,newgrad,active,0
1457,31,64,189,14,5,4,4,2,0,0.0,0.803,0,newgrad,active,0
1458,25,26,134,0,0,0,-1,0,0,0.0,0.325,0,explorer,active,1
1459,30,90,264,14,0,2,15,3,1,66.5,0.625,0,newgrad,active,0
1460,30,15,73,0,7,13,19,3,0,0.0,0.964,0,explorer,active,0
1461,32,29,168,0,2,81,6,2,1,64.2,0.878,0,mover,active,0
1462,29,16,62,3,151,14,12,2,1,45.3,0.628,0,recent_career,hired,0
1463,29,97,299,17,1,2,10,3,1,67.0,0.934,0,newgrad,active,0
1464,31,42,253,3,2,81,20,3,1,51.2,0.78,0,mover,active,0
1465,32,6,36,1,145,95,9,4,0,0.0,0.895,0,mover,lapsed,0
1466,26,20,63,5,101,3,24,2,0,0.0,0.664,0,newgrad,lapsed,0
1467,32,18,52,6,151,2,8,3,1,70.7,0.861,0,newgrad,hired,0
1468,29,51,320,1,2,65,12,4,1,78.7,0.939,0,mover,active,0
1469,25,29,104,1,52,29,6,3,1,57.8,0.668,0,recent_career,lapsed,0
1470,30,21,125,0,4,8,6,3,1,69.5,0.976,0,explorer,active,0
1471,33,24,80,4,78,0,-1,0,0,0.0,0.149,0,recent_career,hired,1
1472,26,53,209,7,0,19,10,2,1,59.4,0.647,0,recent_career,active,0
1473,25,30,111,7,118,2,19,3,0,0.0,0.817,1,newgrad,hired,0
1474,33,57,162,18,1,3,20,3,0,0.0,0.682,0,newgrad,active,0
1475,30,78,232,13,34,0,-1,0,0,0.0,0.222,0,newgrad,hired,1
1476,26,32,98,4,55,0,-1,0,0,0.0,0.121,0,newgrad,lapsed,1
1477,32,15,74,0,16,6,7,3,0,0.0,0.893,0,explorer,active,0
1478,28,94,283,20,0,0,-1,0,0,0.0,0.195,0,newgrad,active,1
1479,27,50,146,11,7,1,8,3,0,0.0,0.722,0,newgrad,active,0
1480,27,77,236,14,1,3,5,3,1,76.3,0.641,0,newgrad,active,0
1481,30,74,300,11,1,0,-1,0,0,0.0,0.169,0,recent_career,active,1
1482,26,30,176,1,52,61,21,3,0,0.0,0.754,1,mover,hired,0
1483,28,54,182,13,43,3,3,2,1,65.4,0.781,0,newgrad,hired,0
1484,27,52,322,2,2,0,-1,0,0,0.0,0.312,0,mover,active,1
1485,25,78,326,10,0,22,10,3,1,60.9,1.0,0,recent_career,active,0
1486,31,11,45,0,0,22,19,2,0,0.0,0.812,0,explorer,active,0
1487,25,50,170,7,1,4,16,3,1,80.1,0.963,0,newgrad,active,0
1488,33,16,73,0,7,17,16,3,0,0.0,0.627,0,explorer,active,0
1489,25,103,314,22,0,1,16,3,0,0.0,0.761,0,newgrad,active,0
1490,28,67,290,8,4,13,4,3,0,0.0,0.667,0,recent_career,active,0
1491,25,25,111,1,2,11,14,3,0,0.0,0.663,0,explorer,active,0
1492,28,18,110,0,24,0,-1,0,0,0.0,0.138,0,mover,active,1
1493,30,8,39,1,58,6,5,3,1,66.8,0.903,1,explorer,hired,0
1494,25,55,160,13,2,1,21,3,1,52.0,0.722,0,newgrad,active,0
1495,29,31,189,2,4,0,-1,0,0,0.0,0.32,0,mover,active,1
1496,31,10,53,0,4,11,0,3,0,0.0,0.911,0,explorer,active,0
1497,29,63,374,8,1,67,16,4,0,0.0,0.772,0,mover,active,0
1498,26,44,156,10,1,0,-1,0,0,0.0,0.114,0,newgrad,active,1
1499,31,3,21,1,134,62,19,3,1,58.4,0.845,0,mover,lapsed,0
1500,26,46,303,2,2,92,8,3,1,71.8,0.963,0,mover,active,0
1501,25,33,153,0,5,4,5,3,0,0.0,0.653,0,explorer,active,0
1502,28,48,139,10,1,0,-1,0,0,0.0,0.141,0,newgrad,active,1
1503,27,57,148,11,0,3,0,4,1,55.9,0.872,0,newgrad,active,0
1504,25,30,129,1,50,14,12,3,1,67.8,0.779,1,explorer,hired,0
1505,31,94,271,16,1,1,13,3,1,52.5,0.988,0,newgrad,active,0
1506,30,31,226,0,2,68,13,3,0,0.0,0.669,0,mover,active,0
1507,33,84,246,17,0,0,-1,3,0,0.0,0.843,0,newgrad,active,0
1508,29,33,114,3,81,23,2,2,1,54.5,0.778,0,recent_career,lapsed,0
1509,28,17,67,0,9,13,2,2,0,0.0,0.709,0,explorer,active,0
1510,32,14,57,2,87,21,1,3,1,85.3,0.742,1,recent_career,hired,0
1511,25,27,109,8,1,27,3,3,1,69.3,0.831,0,recent_career,active,0
1512,28,53,348,6,0,94,20,4,0,0.0,0.762,0,mover,active,0
1513,32,41,203,0,0,6,10,4,0,0.0,0.941,0,explorer,active,0
1514,27,27,137,0,1,0,-1,0,0,0.0,0.158,0,explorer,active,1
1515,32,129,397,22,2,5,2,3,0,0.0,0.794,0,newgrad,active,0
1516,27,51,228,7,2,7,12,2,1,55.5,0.939,0,recent_career,active,0
1517,28,41,186,2,4,19,5,3,0,0.0,0.641,0,explorer,active,0
1518,33,42,175,5,3,7,8,3,1,53.2,0.633,0,recent_career,active,0
1519,27,41,167,1,10,14,5,3,1,48.8,0.672,0,recent_career,active,0
1520,33,50,145,10,3,4,2,2,1,73.7,0.971,0,newgrad,active,0
1521,25,67,190,15,80,4,12,3,0,0.0,0.993,0,newgrad,hired,0
1522,27,26,133,1,6,20,11,3,0,0.0,0.816,0,explorer,active,0
1523,30,8,32,0,98,3,24,3,0,0.0,0.671,1,explorer,hired,0
1524,30,21,139,0,8,56,1,3,0,0.0,0.607,0,mover,active,0
1525,33,50,207,5,1,15,1,3,1,59.6,0.986,0,recent_career,active,0
1526,33,5,17,0,146,4,3,3,1,72.2,0.602,0,newgrad,lapsed,0
1527,31,21,68,2,96,0,-1,3,1,74.1,0.968,0,newgrad,lapsed,0
1528,30,44,174,2,0,14,8,3,1,72.6,0.768,0,recent_career,active,0
1529,27,85,274,23,1,4,16,3,1,63.1,0.955,0,newgrad,active,0
1530,32,139,422,26,0,0,-1,0,0,0.0,0.216,0,newgrad,active,1
1531,30,74,298,9,2,13,4,3,1,53.2,0.881,0,recent_career,active,0
1532,25,64,371,2,1,65,18,3,0,0.0,0.941,0,mover,active,0
1533,32,37,209,2,2,0,-1,0,0,0.0,0.13,0,mover,active,1
1534,28,69,250,8,0,17,2,3,1,65.5,0.898,0,recent_career,active,0
1535,29,93,283,14,1,1,15,2,1,76.0,0.744,0,newgrad,active,0
1536,29,17,78,1,3,21,18,4,0,0.0,0.921,0,explorer,active,0
1537,32,61,311,1,0,0,-1,0,0,0.0,0.311,0,explorer,active,1
1538,27,29,141,0,0,0,-1,0,0,0.0,0.14,0,explorer,active,1
1539,28,27,88,6,118,3,23,3,1,47.7,0.792,0,newgrad,lapsed,0
1540,25,12,63,0,160,18,23,2,1,68.5,0.601,0,explorer,lapsed,0
1541,28,33,103,9,0,2,17,3,1,70.6,0.834,0,newgrad,active,0
1542,25,7,20,1,157,4,2,3,1,74.7,0.886,0,newgrad,hired,0
1543,30,56,242,5,4,23,2,3,1,73.2,0.975,0,recent_career,active,0
1544,33,15,43,4,97,0,-1,0,0,0.0,0.282,0,newgrad,lapsed,1
1545,29,16,39,4,135,1,13,3,1,66.3,0.667,0,newgrad,hired,0
1546,33,69,197,13,0,1,20,3,1,63.5,0.943,0,newgrad,active,0
1547,33,13,71,0,7,0,-1,0,0,0.0,0.332,0,explorer,active,1
1548,25,150,455,36,0,2,6,4,1,51.1,0.826,0,newgrad,active,0
1549,29,27,88,5,7,0,-1,0,0,0.0,0.228,0,newgrad,active,1
1550,29,24,99,3,0,24,9,2,1,44.8,0.824,0,recent_career,active,0
1551,28,83,243,18,0,1,2,3,0,0.0,0.884,0,newgrad,active,0
1552,32,41,131,12,1,5,3,3,0,0.0,0.933,0,newgrad,active,0
1553,28,61,181,14,2,5,24,3,1,33.0,0.687,0,newgrad,active,0
1554,25,47,135,12,115,1,18,3,0,0.0,0.715,1,newgrad,hired,0
1555,29,4,19,0,122,0,-1,0,0,0.0,0.103,0,explorer,lapsed,1
1556,26,23,110,0,8,9,20,3,0,0.0,0.667,0,explorer,active,0
1557,28,77,252,15,0,4,18,3,0,0.0,0.722,0,newgrad,active,0
1558,29,46,287,0,2,50,5,3,0,0.0,0.886,0,mover,active,0
1559,31,21,101,0,5,14,3,3,0,0.0,0.925,0,explorer,active,0
1560,27,14,66,0,50,7,13,4,1,68.8,0.877,0,explorer,active,0
1561,28,19,123,1,4,0,-1,0,0,0.0,0.163,0,mover,active,1
1562,25,21,105,0,5,16,3,4,0,0.0,0.943,0,explorer,active,0
1563,28,15,68,0,98,19,2,4,0,0.0,0.976,0,explorer,hired,0
1564,30,11,46,0,10,20,9,4,0,0.0,0.89,0,explorer,active,0
1565,30,42,136,7,45,0,-1,0,0,0.0,0.105,0,newgrad,lapsed,1
1566,27,86,335,6,0,30,6,2,1,51.4,0.862,0,recent_career,active,0
1567,25,71,250,13,4,17,11,3,1,79.4,0.793,0,recent_career,active,0
1568,30,113,344,27,0,0,-1,0,0,0.0,0.258,0,newgrad,active,1
1569,30,83,223,20,0,2,20,3,0,0.0,0.703,0,newgrad,active,0
1570,25,59,163,13,1,0,-1,0,0,0.0,0.27,0,newgrad,active,1
1571,29,55,328,1,0,0,-1,0,0,0.0,0.198,0,mover,active,1
1572,25,18,109,0,1,58,10,3,0,0.0,0.625,0,mover,active,0
1573,29,38,169,0,4,17,1,3,0,0.0,0.734,0,explorer,active,0
1574,30,47,196,11,5,27,9,3,1,62.6,0.728,0,recent_career,active,0
1575,31,18,59,1,128,3,24,3,0,0.0,0.711,1,newgrad,hired,0
1576,31,9,54,0,81,23,11,3,0,0.0,0.615,0,explorer,lapsed,0
1577,31,13,79,0,28,19,11,4,1,40.5,0.763,0,explorer,active,0
1578,27,22,105,0,76,20,24,3,1,61.4,0.804,0,explorer,hired,0
1579,32,25,116,0,2,0,-1,0,0,0.0,0.231,0,explorer,active,1
1580,28,14,64,1,104,18,11,3,0,0.0,0.78,1,explorer,hired,0
1581,28,71,228,9,0,3,4,3,1,75.3,0.983,0,newgrad,active,0
1582,32,66,208,11,1,2,9,3,1,49.9,0.632,0,newgrad,active,0
1583,27,5,17,1,142,4,3,2,0,0.0,0.792,1,newgrad,hired,0
1584,25,29,180,2,18,54,0,4,1,54.9,0.851,0,mover,active,0
1585,31,9,33,0,98,7,6,3,0,0.0,0.747,1,explorer,hired,0
1586,30,32,90,11,1,0,-1,3,1,59.6,0.635,0,newgrad,active,0
1587,30,16,82,2,101,0,-1,0,0,0.0,0.134,0,mover,lapsed,1
1588,26,44,128,10,5,0,-1,3,1,46.2,0.618,0,newgrad,active,0
1589,30,9,40,6,156,20,1,3,1,60.0,0.692,0,recent_career,hired,0
1590,26,28,111,1,64,17,4,3,0,0.0,0.925,0,recent_career,lapsed,0
1591,29,68,254,12,65,23,10,3,1,55.0,0.941,0,recent_career,hired,0
1592,29,19,77,0,54,0,-1,0,0,0.0,0.194,0,explorer,hired,1
1593,31,110,354,23,0,0,-1,0,0,0.0,0.325,0,newgrad,active,1
1594,33,15,81,2,1,0,-1,0,0,0.0,0.169,0,explorer,active,1
1595,26,23,133,0,12,79,0,3,0,0.0,0.913,0,mover,active,0
1596,26,49,212,7,1,0,-1,0,0,0.0,0.278,0,recent_career,active,1
1597,30,48,177,3,7,0,-1,0,0,0.0,0.104,0,recent_career,active,1
1598,33,9,45,0,53,1,2,3,0,0.0,0.611,1,explorer,hired,0
1599,26,11,38,0,158,0,-1,0,0,0.0,0.231,1,newgrad,hired,1
1600,29,30,127,0,20,9,3,2,0,0.0,0.75,0,explorer,active,0
1601,28,76,311,7,0,13,5,3,1,49.9,0.806,0,recent_career,active,0
1602,27,27,170,1,6,46,1,4,0,0.0,0.665,0,mover,active,0
1603,30,21,99,0,17,10,15,3,0,0.0,0.687,0,explorer,active,0
1604,27,33,99,7,71,0,-1,2,0,0.0,0.932,0,newgrad,lapsed,0
1605,29,58,177,9,3,2,15,4,1,57.3,0.856,0,newgrad,active,0
1606,32,20,103,0,11,23,20,3,1,85.6,0.964,0,explorer,active,0
1607,28,30,89,2,105,5,19,3,1,88.4,0.901,0,newgrad,hired,0
1608,25,95,262,25,2,5,19,3,1,44.8,0.668,0,newgrad,active,0
1609,32,71,188,16,1,1,1,3,1,64.9,0.688,0,newgrad,active,0
1610,27,76,249,17,0,5,6,2,1,46.4,0.849,0,newgrad,active,0
1611,31,23,133,0,10,18,15,3,0,0.0,0.632,0,explorer,active,0
1612,31,16,81,0,34,21,2,2,0,0.0,0.773,0,explorer,active,0
1613,29,72,209,13,83,0,-1,0,0,0.0,0.117,0,newgrad,lapsed,1
1614,25,56,278,0,2,10,5,2,1,41.6,0.996,0,explorer,active,0
1615,33,48,206,5,90,9,4,4,1,72.8,0.653,0,recent_career,hired,0
1616,31,11,42,0,128,30,11,3,1,52.1,0.808,0,recent_career,lapsed,0
1617,28,28,157,1,10,37,14,3,0,0.0,0.86,0,mover,active,0
1618,32,26,126,0,14,13,12,3,0,0.0,0.766,0,explorer,active,0
1619,32,49,187,5,7,16,5,3,1,49.9,0.924,0,recent_career,active,0
1620,31,42,174,1,0,18,10,4,1,48.5,0.941,0,recent_career,active,0
1621,26,45,158,6,1,2,13,4,1,78.4,0.626,0,newgrad,active,0
1622,30,17,80,0,20,12,6,2,0,0.0,0.797,0,explorer,active,0
1623,27,63,234,3,1,23,0,3,1,81.6,0.947,0,recent_career,active,0
1624,25,35,117,7,4,5,19,3,0,0.0,0.646,0,newgrad,active,0
1625,28,7,48,0,147,13,13,2,0,0.0,0.748,0,explorer,hired,0
1626,25,29,85,2,5,0,-1,0,0,0.0,0.189,0,newgrad,active,1
1627,25,68,248,13,0,17,5,3,1,53.0,0.663,0,recent_career,active,0
1628,31,59,251,5,1,0,-1,0,0,0.0,0.308,0,recent_career,active,1
1629,29,52,167,13,38,1,5,3,1,68.7,0.8,0,newgrad,lapsed,0
1630,28,70,212,21,6,3,24,4,0,0.0,0.896,0,newgrad,active,0
1631,26,10,46,0,17,16,3,3,0,0.0,0.961,0,explorer,active,0
1632,31,8,48,2,135,77,16,4,0,0.0,0.853,0,mover,hired,0
1633,30,31,182,2,4,43,10,3,0,0.0,0.683,0,mover,active,0
1634,30,8,45,0,118,11,19,2,0,0.0,0.754,0,explorer,lapsed,0
1635,26,55,145,10,5,1,19,2,0,0.0,0.964,0,newgrad,active,0
1636,26,4,13,0,153,5,10,3,1,64.0,0.843,1,newgrad,hired,0
1637,26,16,85,0,8,0,-1,0,0,0.0,0.31,0,explorer,active,1
1638,25,90,267,17,0,4,20,3,0,0.0,0.869,0,newgrad,active,0
1639,33,18,111,0,67,81,13,3,1,51.6,0.977,0,mover,lapsed,0
1640,28,10,44,0,10,2,13,3,0,0.0,0.973,0,explorer,active,0
1641,30,62,200,11,0,29,9,3,1,99.5,0.661,0,recent_career,active,0
1642,33,17,48,4,116,3,2,3,1,82.7,0.922,0,newgrad,lapsed,0
1643,33,22,80,3,45,20,1,2,1,66.2,0.765,0,recent_career,lapsed,0
1644,27,18,72,3,125,27,2,4,1,78.1,0.934,0,recent_career,lapsed,0
1645,29,22,53,7,1,0,-1,0,0,0.0,0.293,0,newgrad,active,1
1646,29,38,97,6,6,0,-1,0,0,0.0,0.121,0,newgrad,active,1
1647,25,12,62,0,115,15,8,3,0,0.0,0.699,0,explorer,hired,0
1648,31,20,116,0,6,21,15,3,0,0.0,0.937,0,explorer,active,0
1649,30,11,52,0,6,5,1,2,0,0.0,0.957,0,explorer,active,0
1650,28,33,95,4,82,5,1,4,1,65.9,0.847,0,newgrad,lapsed,0
1651,30,80,241,15,0,2,7,4,1,65.0,0.809,0,newgrad,active,0
1652,31,23,63,5,114,0,-1,0,0,0.0,0.184,0,newgrad,lapsed,1
1653,25,35,143,3,1,6,10,4,1,67.6,0.937,0,recent_career,active,0
1654,30,50,228,2,3,14,7,3,0,0.0,0.739,0,explorer,active,0
1655,32,86,247,17,8,2,19,3,0,0.0,0.736,0,newgrad,active,0
1656,31,15,50,4,160,0,-1,0,0,0.0,0.299,0,newgrad,lapsed,1
1657,30,14,57,1,10,2,22,3,1,70.7,0.883,0,explorer,active,0
1658,25,127,366,24,0,0,-1,2,1,29.4,0.645,0,newgrad,active,0
1659,31,48,184,5,0,0,-1,0,0,0.0,0.298,0,recent_career,active,1
1660,31,68,317,8,35,6,11,2,1,63.6,0.906,0,recent_career,lapsed,0
1661,29,9,63,2,144,0,-1,0,0,0.0,0.227,0,mover,lapsed,1
1662,30,24,129,0,7,23,9,4,1,44.2,0.687,0,explorer,active,0
1663,30,21,89,1,98,7,2,3,1,38.9,0.639,1,recent_career,hired,0
1664,26,42,225,2,0,23,7,3,0,0.0,0.832,0,explorer,active,0
1665,27,26,122,0,1,0,-1,0,0,0.0,0.295,0,explorer,active,1
1666,32,24,105,1,35,10,8,3,0,0.0,0.865,0,explorer,active,0
1667,33,50,144,5,8,0,-1,0,0,0.0,0.191,0,newgrad,active,1
1668,27,64,256,15,1,11,3,2,1,56.7,0.603,0,recent_career,active,0
1669,28,31,169,0,0,19,5,3,0,0.0,0.762,0,explorer,active,0
1670,33,34,97,10,59,2,22,4,0,0.0,0.819,0,newgrad,lapsed,0
1671,26,2,10,0,145,83,15,3,0,0.0,0.913,0,mover,lapsed,0
1672,27,33,163,0,1,0,-1,0,0,0.0,0.297,0,explorer,active,1
1673,25,67,278,6,1,11,9,2,1,69.1,0.901,0,recent_career,active,0
1674,27,14,59,0,11,24,6,4,0,0.0,0.805,0,explorer,active,0
1675,30,27,128,0,18,3,3,2,0,0.0,0.695,0,explorer,active,0
1676,28,22,165,1,12,57,0,4,0,0.0,0.753,0,mover,active,0
1677,33,86,276,18,0,5,19,3,1,61.4,0.634,0,newgrad,active,0
1678,33,7,36,0,169,1,21,3,0,0.0,0.922,0,explorer,lapsed,0
1679,33,50,133,12,5,2,6,3,0,0.0,0.741,0,newgrad,active,0
1680,31,34,173,0,4,1,19,4,0,0.0,0.632,0,explorer,active,0
1681,31,8,32,1,106,12,4,4,0,0.0,0.98,0,explorer,lapsed,0
1682,29,15,86,0,154,0,-1,0,0,0.0,0.123,0,explorer,hired,1
1683,33,67,177,25,1,3,13,3,0,0.0,0.758,0,newgrad,active,0
1684,25,30,119,4,104,15,2,2,1,66.5,0.846,0,recent_career,lapsed,0
1685,31,62,187,12,4,5,2,3,0,0.0,0.963,0,newgrad,active,0
1686,26,49,166,12,0,0,-1,0,0,0.0,0.151,0,newgrad,active,1
1687,28,56,149,7,2,0,-1,0,0,0.0,0.157,0,newgrad,active,1
1688,27,15,80,0,94,69,14,2,0,0.0,0.705,0,mover,hired,0
1689,30,144,437,25,1,1,3,3,1,52.7,0.701,0,newgrad,active,0
1690,32,14,86,0,101,0,-1,0,0,0.0,0.184,0,explorer,lapsed,1
1691,25,0,0,0,180,14,1,4,0,0.0,0.884,0,explorer,lapsed,0
1692,30,47,142,9,0,5,22,4,0,0.0,0.868,0,newgrad,active,0
1693,26,64,397,4,0,58,11,3,0,0.0,0.699,0,mover,active,0
1694,25,7,38,0,154,0,-1,0,0,0.0,0.287,1,mover,hired,1
1695,28,48,144,10,5,4,6,3,0,0.0,0.848,0,newgrad,active,0
1696,30,84,322,7,3,27,4,3,0,0.0,0.658,0,recent_career,active,0
1697,26,34,162,0,0,9,24,3,0,0.0,0.832,0,explorer,active,0
1698,28,4,21,0,171,13,11,2,0,0.0,0.673,0,explorer,lapsed,0
1699,33,72,428,3,0,0,-1,0,0,0.0,0.221,0,mover,active,1
1700,28,12,63,0,36,9,15,3,0,0.0,0.838,0,explorer,active,0
1701,33,25,124,0,59,23,4,2,1,49.5,0.787,1,explorer,hired,0
1702,32,57,153,11,0,0,-1,0,0,0.0,0.189,0,newgrad,active,1
1703,28,35,199,2,57,93,10,3,0,0.0,0.942,0,mover,hired,0
1704,30,27,76,5,4,0,-1,3,1,83.4,0.831,0,newgrad,active,0
1705,31,13,62,0,90,0,-1,0,0,0.0,0.171,0,explorer,lapsed,1
1706,29,56,194,5,2,27,10,4,0,0.0,0.783,0,recent_career,active,0
1707,28,38,144,7,9,0,-1,0,0,0.0,0.134,0,newgrad,active,1
1708,27,15,79,0,57,6,6,2,0,0.0,0.658,1,explorer,hired,0
1709,26,26,76,6,122,2,14,3,1,61.2,0.622,0,newgrad,lapsed,0
1710,25,60,315,2,3,5,7,3,0,0.0,0.895,0,explorer,active,0
1711,28,69,196,7,0,5,1,3,0,0.0,0.683,0,newgrad,active,0
1712,32,27,145,1,5,17,8,3,1,60.5,0.614,0,explorer,active,0
1713,27,16,63,0,1,6,23,3,1,78.5,0.762,0,explorer,active,0
1714,26,114,339,16,0,3,17,3,1,30.0,0.638,0,newgrad,active,0
1715,27,15,63,0,10,0,-1,0,0,0.0,0.134,0,explorer,active,1
1716,30,75,208,18,0,3,11,3,0,0.0,0.983,0,newgrad,active,0
1717,26,49,264,1,1,74,24,2,0,0.0,0.639,0,mover,active,0
1718,26,22,124,0,3,0,-1,0,0,0.0,0.135,0,mover,active,1
1719,26,17,95,1,8,0,-1,0,0,0.0,0.248,0,explorer,active,1
1720,27,8,30,0,125,0,-1,0,0,0.0,0.221,0,recent_career,lapsed,1
1721,26,68,203,14,5,0,-1,0,0,0.0,0.299,0,newgrad,active,1
1722,32,35,208,0,0,92,17,3,1,36.6,0.871,0,mover,active,0
1723,33,45,270,3,6,77,6,2,0,0.0,0.732,0,mover,active,0
1724,28,88,281,14,0,5,7,2,1,59.7,0.935,0,newgrad,active,0
1725,25,49,193,5,5,0,-1,0,0,0.0,0.222,0,recent_career,active,1
1726,25,36,107,5,4,5,16,3,1,64.5,0.826,0,newgrad,active,0
1727,27,9,46,0,101,18,2,3,0,0.0,0.883,0,explorer,hired,0
1728,29,26,95,5,2,16,10,3,1,67.0,0.888,0,recent_career,active,0
1729,29,35,104,5,97,0,-1,0,0,0.0,0.305,0,newgrad,lapsed,1
1730,27,9,49,0,83,16,20,3,0,0.0,0.903,1,explorer,hired,0
1731,28,67,279,7,5,21,0,3,1,53.6,0.832,0,recent_career,active,0
1732,27,9,49,0,4,18,7,3,1,53.4,0.837,0,explorer,active,0
1733,29,33,92,9,12,0,-1,0,0,0.0,0.203,0,newgrad,active,1
1734,31,19,85,0,19,8,1,4,0,0.0,0.745,0,explorer,active,0
1735,25,29,123,0,9,15,7,3,0,0.0,0.787,0,explorer,active,0
1736,29,15,69,0,12,17,24,3,0,0.0,0.614,0,explorer,active,0
1737,30,82,321,10,0,7,8,3,1,70.9,0.684,0,recent_career,active,0
1738,31,60,182,14,0,1,19,3,1,44.1,0.932,0,newgrad,active,0
1739,30,20,104,0,11,16,6,2,0,0.0,0.624,0,explorer,active,0
1740,29,52,162,8,0,2,16,3,1,47.8,0.873,0,newgrad,active,0
1741,31,76,220,10,0,2,7,3,1,62.3,0.604,0,newgrad,active,0
1742,28,115,456,19,0,9,11,3,1,41.3,0.955,0,recent_career,active,0
1743,30,44,186,0,0,11,15,3,0,0.0,0.812,0,explorer,active,0
1744,27,6,38,0,111,63,21,3,1,62.2,0.817,0,mover,hired,0
1745,28,34,217,5,16,0,-1,0,0,0.0,0.278,0,mover,active,1
1746,26,27,119,0,1,4,19,3,0,0.0,0.755,0,explorer,active,0
1747,28,60,189,16,2,0,-1,0,0,0.0,0.292,0,newgrad,active,1
1748,26,12,33,2,91,0,-1,0,0,0.0,0.234,0,newgrad,lapsed,1
1749,27,36,119,4,0,2,24,3,1,61.5,0.796,0,newgrad,active,0
1750,28,46,271,1,1,0,-1,0,0,0.0,0.196,0,mover,active,1
1751,29,44,171,7,5,0,-1,0,0,0.0,0.307,0,recent_career,active,1
1752,33,24,116,0,3,21,17,3,0,0.0,0.629,0,explorer,active,0
1753,25,27,158,0,19,24,20,3,0,0.0,0.853,0,explorer,active,0
1754,33,61,200,10,0,1,0,3,1,73.5,0.653,0,newgrad,active,0
1755,27,11,72,1,140,0,-1,0,0,0.0,0.315,0,mover,lapsed,1
1756,31,36,139,3,0,0,-1,0,0,0.0,0.12,0,recent_career,active,1
1757,31,27,144,1,0,3,1,4,1,67.5,0.812,0,explorer,active,0
1758,33,8,49,0,12,2,23,3,0,0.0,0.885,0,explorer,active,0
1759,25,4,21,0,114,4,12,3,0,0.0,0.749,0,explorer,hired,0
1760,33,77,239,20,1,0,-1,0,0,0.0,0.249,0,newgrad,active,1
1761,25,31,124,3,101,18,12,2,1,49.1,0.915,0,recent_career,hired,0
1762,32,53,219,6,4,19,10,3,1,81.6,0.621,0,recent_career,active,0
1763,30,20,64,2,114,26,6,3,1,81.9,0.907,0,recent_career,hired,0
1764,29,19,61,0,69,13,10,4,1,70.9,0.731,0,recent_career,hired,0
1765,28,18,78,2,51,0,-1,0,0,0.0,0.164,1,recent_career,hired,1
1766,25,24,114,0,22,0,-1,0,0,0.0,0.332,0,explorer,active,1
1767,32,24,101,2,90,21,12,3,0,0.0,0.624,0,recent_career,lapsed,0
1768,31,70,286,8,1,9,4,2,0,0.0,0.886,0,recent_career,active,0
1769,33,14,79,0,127,0,-1,0,0,0.0,0.307,0,explorer,lapsed,1
1770,31,29,184,0,41,80,23,3,0,0.0,0.607,0,mover,lapsed,0
1771,33,11,59,0,1,12,13,3,0,0.0,0.983,0,explorer,active,0
1772,32,43,215,2,0,88,6,3,1,69.5,0.644,0,mover,active,0
1773,28,6,27,0,108,15,9,3,1,70.4,0.735,0,explorer,hired,0
1774,31,34,189,3,3,60,15,3,0,0.0,0.68,0,mover,active,0
1775,27,63,209,7,0,2,1,3,0,0.0,0.696,0,newgrad,active,0
1776,32,21,121,1,13,47,11,4,1,67.8,0.722,0,mover,active,0
1777,30,15,51,1,127,0,-1,0,0,0.0,0.325,0,newgrad,lapsed,1
1778,28,55,195,10,2,2,0,3,1,61.8,0.962,0,newgrad,active,0
1779,30,60,165,18,0,2,18,3,1,60.7,0.796,0,newgrad,active,0
1780,27,52,221,9,3,20,9,3,1,35.9,0.693,0,recent_career,active,0
1781,30,2,10,0,135,0,-1,0,0,0.0,0.286,0,explorer,lapsed,1
1782,29,65,201,12,72,1,17,3,1,51.9,0.661,0,newgrad,lapsed,0
1783,27,79,333,8,0,29,1,4,1,60.6,0.745,0,recent_career,active,0
1784,33,14,29,5,155,3,24,3,1,43.8,0.696,0,newgrad,lapsed,0
1785,25,21,122,0,1,14,19,3,1,63.3,0.727,0,explorer,active,0
1786,31,28,83,5,120,0,-1,3,0,0.0,0.704,0,newgrad,lapsed,0
1787,26,47,290,3,2,38,8,3,1,71.7,0.604,0,mover,active,0
1788,27,19,105,1,1,19,24,3,0,0.0,0.768,0,explorer,active,0
1789,26,92,367,12,0,28,6,3,0,0.0,0.697,0,recent_career,active,0
1790,25,44,225,0,0,13,14,2,0,0.0,0.739,0,explorer,active,0
1791,26,49,155,8,1,1,6,3,1,73.9,0.969,0,newgrad,active,0
1792,32,53,207,6,0,23,12,3,1,55.0,0.606,0,recent_career,active,0
1793,33,8,54,0,153,38,20,4,1,62.2,0.617,0,mover,lapsed,0
1794,30,9,43,0,18,7,18,3,1,83.5,0.735,0,explorer,active,0
1795,25,55,133,11,0,3,11,3,0,0.0,0.753,0,newgrad,active,0
1796,32,51,333,6,2,84,4,3,0,0.0,0.761,0,mover,active,0
1797,30,42,102,9,7,4,17,3,0,0.0,0.78,0,newgrad,active,0
1798,29,33,207,2,1,73,9,2,0,0.0,0.618,0,mover,active,0
1799,33,17,100,0,15,0,-1,0,0,0.0,0.288,0,mover,active,1
1800,28,33,223,0,0,60,24,2,0,0.0,0.646,0,mover,active,0
1801,28,32,178,4,19,60,21,4,0,0.0,0.92,0,mover,active,0
1802,32,67,266,9,0,22,10,3,1,69.2,0.912,0,recent_career,active,0
1803,29,11,72,1,132,0,-1,0,0,0.0,0.208,1,mover,hired,1
1804,31,32,164,4,0,0,-1,0,0,0.0,0.184,0,mover,active,1
1805,31,30,183,4,3,64,16,3,0,0.0,0.698,0,mover,active,0
1806,32,26,98,8,4,15,1,3,1,52.3,0.963,0,recent_career,active,0
1807,27,77,255,18,0,1,2,3,1,70.8,0.792,0,newgrad,active,0
1808,25,33,105,7,95,5,9,3,1,44.5,0.611,0,newgrad,hired,0
1809,29,77,317,6,6,23,5,2,1,66.2,0.986,0,recent_career,active,0
1810,30,47,131,7,0,5,13,3,1,81.1,0.891,0,newgrad,active,0
1811,32,37,90,13,9,1,14,4,1,71.0,0.644,0,newgrad,active,0
1812,27,46,248,0,0,0,-1,0,0,0.0,0.218,0,explorer,active,1
1813,31,79,250,16,0,3,19,3,1,52.0,0.838,0,newgrad,active,0
1814,32,19,99,0,96,9,23,3,1,64.3,0.761,0,explorer,hired,0
1815,32,30,191,2,23,79,10,3,0,0.0,0.968,0,mover,active,0
1816,32,36,179,2,1,17,9,3,1,51.4,0.716,0,explorer,active,0
1817,33,19,50,2,145,3,11,3,0,0.0,0.635,0,newgrad,lapsed,0
1818,30,72,197,10,0,0,-1,0,0,0.0,0.328,0,newgrad,active,1
1819,28,62,353,2,1,51,2,3,1,84.6,0.959,0,mover,active,0
1820,28,15,84,0,3,19,11,3,0,0.0,0.751,0,explorer,active,0
1821,31,69,199,15,1,4,10,3,1,52.9,0.755,0,newgrad,active,0
1822,27,14,32,3,143,0,-1,0,0,0.0,0.143,0,newgrad,lapsed,1
1823,30,49,328,0,1,0,-1,0,0,0.0,0.268,0,mover,active,1
1824,30,23,155,1,83,78,4,3,1,67.5,0.636,0,mover,lapsed,0
1825,30,62,260,9,29,28,8,3,0,0.0,0.941,0,recent_career,active,0
1826,28,75,216,11,1,0,-1,4,1,71.9,0.745,0,newgrad,active,0
1827,31,64,188,8,54,0,-1,0,0,0.0,0.126,0,newgrad,hired,1
1828,25,2,9,0,131,0,-1,0,0,0.0,0.22,0,explorer,hired,1
1829,31,56,162,8,2,2,10,3,1,41.4,0.885,0,newgrad,active,0
1830,32,86,222,17,0,4,10,3,0,0.0,0.795,0,newgrad,active,0
1831,32,7,47,0,149,0,-1,0,0,0.0,0.322,0,explorer,hired,1
1832,33,16,52,1,148,0,-1,0,0,0.0,0.241,0,newgrad,hired,1
1833,28,93,378,16,0,13,2,4,0,0.0,0.998,0,recent_career,active,0
1834,25,27,105,1,77,0,-1,0,0,0.0,0.318,0,recent_career,hired,1
1835,30,63,283,9,4,16,4,2,1,60.8,0.94,0,recent_career,active,0
1836,25,26,106,1,56,23,7,3,1,64.9,0.642,0,recent_career,hired,0
1837,27,68,227,21,0,0,-1,2,1,59.4,0.971,0,newgrad,active,0
1838,31,15,80,0,8,0,-1,0,0,0.0,0.265,0,explorer,active,1
1839,30,36,211,1,12,38,15,4,0,0.0,0.852,0,mover,active,0
1840,30,36,156,6,1,9,2,3,0,0.0,0.87,0,recent_career,active,0
1841,31,67,396,1,0,49,11,4,0,0.0,0.918,0,mover,active,0
1842,26,27,87,0,53,8,6,3,1,57.0,0.654,0,recent_career,hired,0
1843,32,17,59,0,27,0,-1,0,0,0.0,0.337,0,explorer,active,1
1844,30,32,138,4,7,17,10,3,1,62.6,0.797,0,recent_career,active,0
1845,28,6,33,0,149,53,12,4,0,0.0,0.789,0,mover,hired,0
1846,29,105,321,28,0,1,10,3,1,70.0,0.914,0,newgrad,active,0
1847,29,35,214,3,64,80,22,3,0,0.0,0.924,0,mover,hired,0
1848,29,99,310,19,0,1,10,3,1,50.2,0.622,0,newgrad,active,0
1849,28,32,165,0,12,14,5,3,0,0.0,0.713,0,explorer,active,0
1850,27,50,142,6,0,0,-1,0,0,0.0,0.328,0,newgrad,active,1
1851,26,39,192,0,14,12,24,3,0,0.0,0.731,0,explorer,active,0
1852,28,80,242,12,43,5,1,3,1,65.9,0.954,0,newgrad,lapsed,0
1853,27,20,95,0,4,11,20,3,0,0.0,0.761,0,explorer,active,0
1854,29,6,37,1,106,17,4,4,0,0.0,0.857,1,explorer,hired,0
1855,33,14,65,0,0,16,16,3,1,52.2,0.671,0,explorer,active,0
1856,25,74,193,12,5,4,12,3,0,0.0,0.892,0,newgrad,active,0
1857,27,115,347,13,2,0,-1,0,0,0.0,0.11,0,newgrad,active,1
1858,25,28,74,7,66,4,5,3,1,51.0,0.945,0,newgrad,hired,0
1859,33,76,256,20,0,0,-1,3,1,66.5,0.884,0,newgrad,active,0
1860,31,14,83,1,78,55,5,3,0,0.0,0.69,0,mover,lapsed,0
1861,27,17,85,0,9,20,7,3,0,0.0,0.715,0,explorer,active,0
1862,28,14,72,0,57,0,-1,0,0,0.0,0.333,1,explorer,hired,1
1863,31,65,183,20,73,1,13,3,1,73.7,0.827,0,newgrad,lapsed,0
1864,33,40,232,4,2,91,9,3,0,0.0,0.783,0,mover,active,0
1865,30,26,130,0,6,11,0,4,0,0.0,0.807,0,explorer,active,0
1866,27,6,37,0,156,20,0,3,1,78.6,0.818,1,explorer,hired,0
1867,31,46,163,7,64,11,10,3,1,59.4,0.731,1,recent_career,hired,0
1868,31,27,86,4,3,2,5,4,1,71.3,0.902,0,newgrad,active,0
1869,30,5,25,0,128,6,5,4,1,66.5,0.939,0,explorer,lapsed,0
1870,25,31,84,4,101,5,1,3,1,52.0,0.699,1,newgrad,hired,0
1871,31,70,203,15,0,0,-1,0,0,0.0,0.277,0,newgrad,active,1
1872,25,12,60,0,137,12,24,3,0,0.0,0.642,0,explorer,hired,0
1873,33,11,49,0,2,1,24,3,1,38.3,0.796,0,explorer,active,0
1874,32,19,79,0,7,0,-1,0,0,0.0,0.259,0,explorer,active,1
1875,30,24,108,0,7,4,1,3,0,0.0,0.857,0,explorer,active,0
1876,30,47,149,13,4,3,2,4,1,68.2,0.684,0,newgrad,active,0
1877,25,23,86,9,130,3,6,2,0,0.0,0.6,0,newgrad,hired,0
1878,32,46,285,2,1,72,23,3,0,0.0,0.616,0,mover,active,0
1879,27,55,305,4,1,50,7,3,0,0.0,0.913,0,mover,active,0
1880,27,50,128,10,0,0,-1,0,0,0.0,0.256,0,newgrad,active,1
1881,31,11,48,0,130,82,23,3,0,0.0,0.94,0,mover,hired,0
1882,33,80,223,18,0,0,-1,3,1,56.7,0.929,0,newgrad,active,0
1883,29,29,126,0,20,10,2,4,0,0.0,0.981,0,explorer,active,0
1884,29,51,140,7,1,3,9,3,0,0.0,0.679,0,newgrad,active,0
1885,29,33,82,7,68,0,-1,0,0,0.0,0.24,1,newgrad,hired,1
1886,27,7,29,2,148,15,3,3,0,0.0,0.744,0,recent_career,lapsed,0
1887,30,50,182,3,0,25,3,4,1,83.4,0.916,0,recent_career,active,0
1888,33,4,18,0,156,0,-1,0,0,0.0,0.254,0,explorer,hired,1
1889,28,14,32,2,146,3,18,3,1,52.5,0.986,0,newgrad,lapsed,0
1890,31,94,288,14,1,3,14,2,1,18.0,0.953,0,newgrad,active,0
1891,31,19,119,0,1,4,21,4,0,0.0,0.658,0,explorer,active,0
1892,32,33,229,1,8,0,-1,0,0,0.0,0.189,0,mover,active,1
1893,31,8,25,2,134,10,5,3,1,49.2,0.988,0,recent_career,hired,0
1894,33,112,349,25,0,5,20,3,1,70.2,0.785,0,newgrad,active,0
1895,31,22,86,4,135,0,-1,0,0,0.0,0.152,0,recent_career,lapsed,1
1896,33,39,234,1,3,38,2,3,0,0.0,0.636,0,mover,active,0
1897,31,46,120,8,11,4,7,2,0,0.0,0.981,0,newgrad,active,0
1898,32,45,206,4,1,9,4,2,0,0.0,0.649,0,recent_career,active,0
1899,33,62,254,3,2,0,-1,0,0,0.0,0.312,0,recent_career,active,1
1900,33,63,391,0,9,0,-1,0,0,0.0,0.17,0,mover,active,1
1901,30,45,190,0,5,20,3,3,0,0.0,0.936,0,recent_career,active,0
1902,31,9,53,0,11,0,-1,0,0,0.0,0.185,0,explorer,active,1
1903,33,43,179,4,3,0,-1,0,0,0.0,0.23,0,recent_career,active,1
1904,28,36,219,3,0,56,6,3,0,0.0,0.934,0,mover,active,0
1905,26,35,106,4,41,5,12,3,0,0.0,0.806,0,newgrad,hired,0
1906,32,70,218,18,0,0,-1,3,1,54.0,0.929,0,newgrad,active,0
1907,30,66,276,10,0,23,1,3,1,57.2,0.633,0,recent_career,active,0
1908,28,22,124,0,3,0,-1,0,0,0.0,0.248,0,explorer,active,1
1909,31,14,68,0,23,19,7,2,0,0.0,0.655,0,explorer,active,0
1910,25,36,136,2,9,0,-1,0,0,0.0,0.202,0,recent_career,active,1
1911,29,20,73,2,95,30,0,3,1,51.2,0.97,1,recent_career,hired,0
1912,27,15,82,0,112,0,-1,0,0,0.0,0.3,0,explorer,lapsed,1
1913,27,25,133,1,3,83,13,3,1,68.0,0.673,0,mover,active,0
1914,33,58,220,7,0,15,9,3,1,61.5,0.812,0,recent_career,active,0
1915,29,14,58,2,111,24,8,3,1,61.7,0.912,0,recent_career,lapsed,0
1916,26,32,183,3,16,93,10,3,0,0.0,0.888,0,mover,active,0
1917,28,44,280,0,1,94,19,3,1,60.6,0.795,0,mover,active,0
1918,27,49,312,1,1,71,14,4,1,41.5,0.678,0,mover,active,0
1919,33,42,199,0,15,15,3,3,0,0.0,0.876,0,explorer,active,0
1920,27,21,56,1,157,0,-1,0,0,0.0,0.215,0,newgrad,lapsed,1
1921,28,28,77,3,1,2,20,3,1,63.0,0.835,0,newgrad,active,0
1922,28,54,160,11,59,5,5,3,0,0.0,0.712,0,newgrad,hired,0
1923,26,87,259,15,1,1,2,3,1,67.9,0.906,0,newgrad,active,0
1924,32,27,81,5,61,5,23,2,0,0.0,0.811,1,newgrad,hired,0
1925,30,83,320,10,2,0,-1,0,0,0.0,0.146,0,recent_career,active,1
1926,28,15,46,1,93,0,-1,3,0,0.0,0.896,0,newgrad,hired,0
1927,28,35,247,2,4,37,8,4,1,86.3,0.833,0,mover,active,0
1928,31,13,53,1,127,16,5,3,1,59.2,0.902,0,recent_career,hired,0
1929,25,25,75,8,2,0,-1,3,1,48.7,0.829,0,newgrad,active,0
1930,33,15,96,0,106,52,23,3,0,0.0,0.886,0,mover,lapsed,0
1931,30,36,219,0,7,0,-1,0,0,0.0,0.247,0,mover,active,1
1932,27,15,84,0,18,6,12,3,0,0.0,0.882,0,explorer,active,0
1933,29,6,32,0,147,19,1,3,1,52.5,0.844,0,explorer,hired,0
1934,32,37,227,3,5,85,19,3,1,71.0,0.866,0,mover,active,0
1935,26,83,296,7,0,25,4,3,0,0.0,0.947,0,recent_career,active,0
1936,29,35,120,12,0,0,-1,2,0,0.0,0.839,0,newgrad,active,0
1937,30,52,279,1,5,63,19,3,1,80.0,0.738,0,mover,active,0
1938,32,103,309,12,0,4,0,4,1,43.8,0.856,0,newgrad,active,0
1939,30,62,276,4,0,21,4,3,0,0.0,0.775,0,recent_career,active,0
1940,31,38,114,6,59,4,24,3,1,65.9,0.841,0,newgrad,hired,0
1941,31,23,64,6,139,0,-1,3,1,51.6,0.757,0,newgrad,lapsed,0
1942,33,79,213,17,0,0,-1,0,0,0.0,0.266,0,newgrad,active,1
1943,28,30,122,4,0,30,9,3,1,50.0,0.821,0,recent_career,active,0
1944,31,20,98,0,8,0,-1,0,0,0.0,0.325,0,explorer,active,1
1945,27,17,101,0,5,4,24,3,0,0.0,0.63,0,explorer,active,0
1946,32,47,180,4,0,0,-1,0,0,0.0,0.246,0,recent_career,active,1
1947,33,11,53,0,5,0,-1,0,0,0.0,0.257,0,explorer,active,1
1948,27,27,117,4,3,21,8,4,1,54.8,0.659,0,recent_career,active,0
1949,30,17,93,0,32,15,19,3,0,0.0,0.67,0,explorer,active,0
1950,32,14,61,0,129,8,21,3,0,0.0,0.742,0,explorer,lapsed,0
1951,25,102,399,15,0,0,-1,0,0,0.0,0.224,0,recent_career,active,1
1952,31,17,98,0,20,10,23,3,1,61.4,0.85,0,explorer,active,0
1953,32,14,60,0,4,0,-1,0,0,0.0,0.333,0,explorer,active,1
1954,32,21,101,0,2,13,12,4,0,0.0,0.751,0,explorer,active,0
1955,26,14,74,0,68,0,-1,0,0,0.0,0.337,0,explorer,lapsed,1
1956,31,33,187,3,7,48,0,3,1,50.5,0.803,0,mover,active,0
1957,32,59,239,4,0,10,6,3,1,64.1,0.776,0,recent_career,active,0
1958,25,37,185,0,1,7,3,4,0,0.0,0.762,0,explorer,active,0
1959,31,22,142,1,19,0,-1,0,0,0.0,0.325,0,mover,active,1
1960,30,45,265,5,5,0,-1,0,0,0.0,0.282,0,mover,active,1
1961,33,20,62,1,101,1,23,3,1,61.3,0.639,0,newgrad,hired,0
1962,25,10,71,0,144,62,6,3,1,69.1,0.975,0,mover,lapsed,0
1963,33,62,220,5,3,25,1,3,1,45.6,0.992,0,recent_career,active,0
1964,30,29,196,1,0,46,5,3,0,0.0,0.906,0,mover,active,0
1965,27,48,191,5,12,27,1,3,1,62.2,0.908,0,recent_career,active,0
1966,28,20,125,0,95,50,20,2,0,0.0,0.984,0,mover,lapsed,0
1967,31,25,118,0,6,14,22,3,0,0.0,0.838,0,explorer,active,0
1968,33,15,48,1,117,0,-1,4,0,0.0,0.876,0,newgrad,hired,0
1969,27,65,197,17,0,2,23,4,1,63.9,0.952,0,newgrad,active,0
1970,33,81,215,22,0,0,-1,0,0,0.0,0.136,0,newgrad,active,1
1971,30,27,133,1,2,11,10,3,0,0.0,0.772,0,explorer,active,0
1972,26,68,436,2,0,46,5,3,0,0.0,0.759,0,mover,active,0
1973,30,14,47,3,144,0,-1,0,0,0.0,0.106,1,newgrad,hired,1
1974,32,59,212,10,4,0,-1,0,0,0.0,0.308,0,recent_career,active,1
1975,25,43,165,5,55,25,12,3,0,0.0,0.882,1,recent_career,hired,0
1976,25,109,325,22,0,3,10,3,0,0.0,0.78,0,newgrad,active,0
1977,25,43,197,0,0,0,-1,0,0,0.0,0.295,0,explorer,active,1
1978,30,51,325,4,2,0,-1,0,0,0.0,0.226,0,mover,active,1
1979,25,45,199,9,0,22,11,3,1,59.8,0.674,0,recent_career,active,0
1980,33,24,122,0,0,11,4,3,1,55.8,0.753,0,explorer,active,0
1981,26,10,29,3,146,4,18,3,1,47.7,0.843,0,newgrad,hired,0
1982,25,14,72,0,9,13,8,3,0,0.0,0.87,0,explorer,active,0
1983,27,13,42,2,145,0,-1,0,0,0.0,0.202,1,newgrad,hired,1
1984,31,37,218,1,8,75,20,3,1,67.4,0.821,0,mover,active,0
1985,33,11,64,0,107,23,18,3,1,53.7,0.889,0,explorer,hired,0
1986,27,97,310,10,2,0,-1,4,1,52.4,0.762,0,newgrad,active,0
1987,29,47,246,5,4,37,2,3,0,0.0,0.984,0,mover,active,0
1988,31,18,91,0,10,10,3,3,0,0.0,0.839,0,explorer,active,0
1989,32,35,120,4,3,0,-1,0,0,0.0,0.349,0,recent_career,active,1
1990,26,78,323,10,0,12,6,4,1,49.8,0.724,0,recent_career,active,0
1991,32,33,182,2,0,52,17,3,1,62.9,0.839,0,mover,active,0
1992,32,38,142,12,3,5,18,2,1,61.2,0.945,0,newgrad,active,0
1993,31,4,20,0,149,0,-1,0,0,0.0,0.289,0,recent_career,lapsed,1
1994,29,59,190,16,75,0,-1,0,0,0.0,0.158,0,newgrad,hired,1
1995,28,17,88,0,0,14,18,2,0,0.0,1.0,0,explorer,active,0
1996,33,31,113,6,34,3,12,3,1,75.8,0.837,0,newgrad,hired,0
1997,32,75,224,17,1,2,3,3,0,0.0,0.848,0,newgrad,active,0
1998,29,30,145,0,0,20,6,2,0,0.0,0.699,0,explorer,active,0
1999,31,35,110,6,2,0,-1,0,0,0.0,0.25,0,newgrad,active,1
2000,28,10,46,0,13,3,19,3,0,0.0,0.65,0,explorer,active,0
2001,31,102,331,20,2,2,12,4,1,78.5,0.81,0,newgrad,active,0
2002,25,18,96,1,137,6,20,3,0,0.0,0.878,0,explorer,lapsed,0
2003,33,27,157,0,10,38,11,2,1,79.6,0.676,0,mover,active,0
2004,29,72,276,8,7,6,6,3,1,58.4,0.766,0,recent_career,active,0
2005,30,25,132,0,75,15,15,3,0,0.0,0.769,1,explorer,hired,0
2006,26,83,235,16,0,5,9,2,1,63.4,0.837,0,newgrad,active,0
2007,29,48,177,5,6,6,11,2,0,0.0,0.665,0,recent_career,active,0
2008,25,13,54,1,143,13,7,4,1,62.4,0.828,0,recent_career,hired,0
2009,33,8,52,1,156,59,16,3,1,79.0,0.634,0,mover,hired,0
2010,31,29,114,4,3,7,0,3,1,63.7,0.82,0,recent_career,active,0
2011,29,52,166,9,2,2,11,3,1,56.9,0.883,0,newgrad,active,0
2012,32,17,68,2,140,0,-1,0,0,0.0,0.252,0,recent_career,lapsed,1
2013,32,14,35,3,153,5,20,3,1,53.6,0.602,0,newgrad,lapsed,0
2014,26,64,180,11,58,5,5,3,1,64.7,0.922,0,newgrad,lapsed,0
2015,25,54,147,13,1,5,22,2,1,53.4,0.672,0,newgrad,active,0
2016,27,93,271,18,0,4,4,3,1,36.8,0.935,0,newgrad,active,0
2017,25,105,399,15,0,27,8,4,1,42.9,0.693,0,recent_career,active,0
2018,30,36,211,2,1,0,-1,0,0,0.0,0.296,0,mover,active,1
2019,29,46,135,12,4,5,14,4,1,48.4,0.704,0,newgrad,active,0
2020,29,27,158,1,8,56,7,3,1,68.0,0.709,0,mover,active,0
2021,25,47,187,4,13,14,7,2,1,69.5,0.876,0,recent_career,active,0
2022,33,57,225,9,0,22,11,3,1,74.7,0.976,0,recent_career,active,0
2023,33,62,206,11,85,4,3,3,1,45.0,0.991,1,newgrad,hired,0
2024,30,105,333,26,1,0,-1,0,0,0.0,0.249,0,newgrad,active,1
2025,25,70,178,14,0,2,4,4,0,0.0,0.964,0,newgrad,active,0
2026,28,26,121,0,2,0,-1,0,0,0.0,0.287,0,explorer,active,1
2027,31,90,277,26,0,4,1,3,0,0.0,0.724,0,newgrad,active,0
2028,31,75,244,25,1,3,18,3,1,50.2,0.718,0,newgrad,active,0
2029,27,59,349,3,0,96,13,3,0,0.0,0.87,0,mover,active,0
2030,32,87,307,14,0,22,0,3,1,63.4,0.989,0,recent_career,active,0
2031,33,13,44,5,133,5,17,3,0,0.0,0.914,0,newgrad,hired,0
2032,29,54,164,6,0,3,6,3,1,63.0,0.855,0,newgrad,active,0
2033,28,40,119,7,65,3,5,4,0,0.0,0.772,0,newgrad,lapsed,0
2034,29,16,67,3,67,6,12,3,1,57.9,0.884,1,recent_career,hired,0
2035,25,11,57,0,111,21,14,3,0,0.0,0.809,0,explorer,hired,0
2036,29,13,71,0,26,23,5,4,1,58.3,0.849,0,explorer,active,0
2037,25,40,154,4,74,26,4,3,1,60.8,0.995,0,recent_career,lapsed,0
2038,25,48,297,3,1,0,-1,0,0,0.0,0.187,0,mover,active,1
2039,29,24,111,0,0,24,13,3,0,0.0,0.856,0,explorer,active,0
2040,29,29,75,5,51,1,11,3,0,0.0,0.891,0,newgrad,hired,0
2041,33,25,120,0,2,0,-1,0,0,0.0,0.238,0,explorer,active,1
2042,29,4,33,0,164,64,12,3,1,56.2,0.954,0,mover,hired,0
2043,33,9,48,0,120,23,10,3,0,0.0,0.745,0,explorer,hired,0
2044,32,52,261,0,0,0,-1,0,0,0.0,0.247,0,explorer,active,1
2045,28,46,184,4,3,14,7,3,1,39.3,0.872,0,recent_career,active,0
2046,33,56,142,12,2,3,22,3,1,51.8,0.703,0,newgrad,active,0
2047,29,28,204,2,8,44,12,3,0,0.0,0.849,0,mover,active,0
2048,30,34,148,2,8,15,6,3,0,0.0,0.947,0,recent_career,active,0
2049,25,124,372,24,0,0,-1,0,0,0.0,0.283,0,newgrad,active,1
2050,26,26,131,0,2,0,-1,2,0,0.0,0.949,0,explorer,active,0
2051,29,38,183,4,1,0,-1,0,0,0.0,0.344,0,recent_career,active,1
2052,27,29,111,7,121,5,4,3,1,61.6,0.922,0,newgrad,lapsed,0
2053,30,9,42,0,87,22,7,3,1,64.8,0.73,1,explorer,hired,0
2054,25,49,154,6,3,0,-1,4,0,0.0,0.98,0,newgrad,active,0
2055,27,39,107,6,115,1,21,3,0,0.0,0.925,0,newgrad,hired,0
2056,30,18,102,0,66,0,-1,0,0,0.0,0.197,0,explorer,lapsed,1
2057,30,48,159,9,50,2,10,3,1,33.4,0.761,0,newgrad,lapsed,0
2058,33,7,28,0,160,8,10,3,1,60.4,0.819,0,recent_career,hired,0
2059,33,76,295,10,2,12,3,3,1,64.7,0.829,0,recent_career,active,0
2060,32,11,53,0,120,17,20,3,0,0.0,0.9,0,explorer,lapsed,0
2061,25,8,21,1,136,0,-1,0,0,0.0,0.324,0,newgrad,lapsed,1
2062,30,19,69,2,135,5,17,3,0,0.0,0.827,0,newgrad,hired,0
2063,27,45,174,4,12,21,11,3,1,52.8,0.831,0,recent_career,active,0
2064,27,52,167,12,1,0,-1,3,1,41.8,0.844,0,newgrad,active,0
2065,26,2,8,0,134,0,-1,0,0,0.0,0.282,1,explorer,hired,1
2066,29,54,166,14,4,0,-1,0,0,0.0,0.155,0,newgrad,active,1
2067,26,6,25,0,147,14,3,3,0,0.0,0.966,0,explorer,lapsed,0
2068,29,58,175,17,0,1,2,3,1,59.4,0.813,0,newgrad,active,0
2069,26,92,303,9,0,0,-1,0,0,0.0,0.209,0,newgrad,active,1
2070,29,25,132,0,13,0,-1,0,0,0.0,0.14,0,explorer,active,1
2071,30,23,76,2,64,0,-1,3,0,0.0,0.709,1,newgrad,hired,0
2072,26,59,172,16,1,0,-1,0,0,0.0,0.132,0,newgrad,active,1
2073,25,20,87,0,6,2,15,3,0,0.0,0.902,0,explorer,active,0
2074,32,103,294,30,2,1,12,3,1,55.5,0.777,0,newgrad,active,0
2075,31,97,260,16,1,5,18,3,0,0.0,0.865,0,newgrad,active,0
2076,27,4,22,0,158,21,12,2,0,0.0,0.781,0,explorer,hired,0
2077,32,24,95,1,133,12,1,2,1,49.1,0.752,0,recent_career,hired,0
2078,26,54,185,18,0,5,11,4,1,66.4,0.751,0,newgrad,active,0
2079,33,77,322,6,2,13,12,3,1,71.6,0.979,0,recent_career,active,0
2080,26,43,120,13,1,0,-1,3,1,45.2,0.739,0,newgrad,active,0
2081,30,31,122,4,0,0,-1,0,0,0.0,0.244,0,recent_career,active,1
2082,25,23,153,2,3,47,22,2,1,43.6,0.941,0,mover,active,0
2083,26,89,343,8,1,15,9,3,1,29.0,0.874,0,recent_career,active,0
2084,28,28,168,1,4,0,-1,0,0,0.0,0.233,0,mover,active,1
2085,25,49,137,11,1,1,5,3,0,0.0,0.782,0,newgrad,active,0
2086,29,62,167,5,0,2,5,3,1,49.3,0.892,0,newgrad,active,0
2087,27,29,84,6,0,0,-1,2,1,38.8,0.692,0,newgrad,active,0
2088,25,8,42,0,146,0,-1,0,0,0.0,0.226,0,mover,lapsed,1
2089,33,81,258,19,1,5,16,3,0,0.0,0.638,0,newgrad,active,0
2090,33,47,142,9,65,0,-1,3,1,62.7,0.719,0,newgrad,lapsed,0
2091,33,19,100,0,1,9,2,3,0,0.0,0.891,0,explorer,active,0
2092,26,42,293,2,2,80,23,2,0,0.0,0.731,0,mover,active,0
2093,28,41,148,3,1,20,1,3,1,58.7,0.714,0,recent_career,active,0
2094,27,24,114,1,8,14,8,4,0,0.0,0.845,0,explorer,active,0
2095,27,86,250,19,1,4,17,3,1,53.0,0.84,0,newgrad,active,0
2096,28,47,176,7,0,0,-1,0,0,0.0,0.104,0,recent_career,active,1
2097,29,83,216,13,1,2,24,2,1,59.4,0.849,0,newgrad,active,0
2098,29,63,260,12,1,0,-1,0,0,0.0,0.273,0,recent_career,active,1
2099,27,45,137,6,0,0,-1,3,0,0.0,0.813,0,newgrad,active,0
2100,33,36,180,1,2,8,9,3,0,0.0,0.688,0,explorer,active,0
2101,33,61,257,5,2,11,6,3,1,64.0,0.972,0,recent_career,active,0
2102,27,17,95,0,25,3,6,4,1,70.5,0.757,0,explorer,active,0
2103,26,8,36,0,144,4,12,2,0,0.0,0.805,0,explorer,lapsed,0
2104,29,19,109,2,122,58,20,3,1,54.7,0.66,1,mover,hired,0
2105,28,35,203,0,11,87,24,3,0,0.0,0.671,0,mover,active,0
2106,33,98,575,6,0,93,9,3,1,59.3,0.676,0,mover,active,0
2107,28,22,112,0,4,20,8,3,0,0.0,0.846,0,explorer,active,0
2108,25,7,19,0,143,2,24,3,1,53.5,0.708,0,newgrad,lapsed,0
2109,26,7,17,0,144,15,10,2,1,80.2,0.751,0,recent_career,lapsed,0
2110,25,117,362,19,0,2,0,3,1,66.8,0.991,0,newgrad,active,0
2111,28,60,157,9,2,0,-1,3,1,56.7,0.784,0,newgrad,active,0
2112,27,38,135,4,0,15,1,4,1,58.0,0.701,0,recent_career,active,0
2113,32,7,44,1,144,50,5,3,0,0.0,0.823,0,mover,lapsed,0
2114,33,35,156,3,6,27,0,2,1,75.8,0.994,0,recent_career,active,0
2115,26,8,41,0,144,12,13,2,0,0.0,0.913,0,explorer,hired,0
2116,33,24,69,1,120,3,13,4,0,0.0,0.975,0,newgrad,hired,0
2117,30,76,278,8,3,0,-1,0,0,0.0,0.235,0,recent_career,active,1
2118,27,55,220,4,6,12,8,4,1,65.2,0.902,0,recent_career,active,0
2119,28,52,176,18,1,3,2,2,0,0.0,0.88,0,newgrad,active,0
2120,28,54,170,13,2,5,23,4,1,39.2,0.805,0,newgrad,active,0
2121,26,109,481,11,0,0,-1,0,0,0.0,0.147,0,recent_career,active,1
2122,32,63,176,12,6,5,17,3,1,56.7,0.826,0,newgrad,active,0
2123,25,16,66,1,119,0,-1,0,0,0.0,0.205,0,recent_career,hired,1
2124,25,74,226,15,0,0,-1,0,0,0.0,0.139,0,newgrad,active,1
2125,27,52,153,8,2,2,15,2,1,63.8,0.683,0,newgrad,active,0
2126,26,96,307,19,0,0,-1,0,0,0.0,0.34,0,newgrad,active,1
2127,25,40,116,4,75,0,-1,0,0,0.0,0.208,0,newgrad,hired,1
2128,28,16,45,0,154,14,0,2,0,0.0,0.78,1,recent_career,hired,0
2129,28,134,522,16,0,17,9,3,1,54.5,0.683,0,recent_career,active,0
2130,26,26,105,2,2,0,-1,0,0,0.0,0.121,0,recent_career,active,1
2131,32,32,162,0,0,0,-1,0,0,0.0,0.124,0,explorer,active,1
2132,32,6,29,0,151,0,-1,0,0,0.0,0.158,0,explorer,lapsed,1
2133,31,12,66,0,1,11,23,3,0,0.0,0.889,0,explorer,active,0
2134,29,42,140,12,77,1,22,3,0,0.0,0.685,0,newgrad,lapsed,0
2135,33,38,102,8,2,3,13,4,1,39.6,0.84,0,newgrad,active,0
2136,28,50,149,9,6,1,3,3,1,41.8,0.869,0,newgrad,active,0
2137,28,9,38,1,94,10,22,3,1,32.5,0.929,0,explorer,lapsed,0
2138,25,13,57,0,69,12,6,3,0,0.0,0.993,0,explorer,hired,0
2139,31,17,64,0,6,0,-1,0,0,0.0,0.137,0,explorer,active,1
2140,25,29,140,2,41,1,1,3,1,38.4,0.848,0,explorer,hired,0
2141,30,50,162,9,0,2,12,4,1,48.7,0.69,0,newgrad,active,0
2142,32,19,89,0,10,10,8,3,1,64.7,0.688,0,explorer,active,0
2143,26,34,165,0,3,17,5,3,0,0.0,0.975,0,explorer,active,0
2144,30,134,403,33,0,4,19,3,0,0.0,0.681,0,newgrad,active,0
2145,27,25,129,0,17,11,6,3,0,0.0,0.67,0,explorer,active,0
2146,28,29,109,5,4,0,-1,0,0,0.0,0.232,0,recent_career,active,1
2147,29,12,56,0,4,24,10,4,1,52.1,0.691,0,explorer,active,0
2148,27,14,78,0,48,7,2,3,1,54.6,0.803,1,explorer,hired,0
2149,32,15,58,2,3,22,12,4,1,68.1,0.688,0,recent_career,active,0
2150,28,53,311,4,1,89,5,3,0,0.0,0.678,0,mover,active,0
2151,29,31,158,6,9,15,9,3,1,70.2,0.857,0,recent_career,active,0
2152,32,20,94,0,2,5,15,3,1,81.6,0.751,0,explorer,active,0
2153,27,15,59,0,59,20,8,3,0,0.0,0.837,0,explorer,lapsed,0
2154,29,46,262,0,6,87,13,3,0,0.0,0.779,0,mover,active,0
2155,33,13,59,0,0,0,-1,0,0,0.0,0.154,0,explorer,active,1
2156,28,8,33,1,116,12,4,4,1,65.3,0.985,0,recent_career,lapsed,0
2157,26,80,267,20,1,5,1,4,1,68.5,0.751,0,newgrad,active,0
2158,27,123,347,25,0,3,20,3,0,0.0,0.656,0,newgrad,active,0
2159,33,79,328,8,0,18,6,2,1,48.5,0.697,0,recent_career,active,0
2160,31,47,109,9,1,0,-1,0,0,0.0,0.122,0,newgrad,active,1
2161,32,70,209,22,0,0,-1,3,0,0.0,0.832,0,newgrad,active,0
2162,27,42,116,17,2,0,-1,3,1,52.0,0.658,0,newgrad,active,0
2163,32,5,13,0,157,0,-1,0,0,0.0,0.224,0,newgrad,lapsed,1
2164,28,31,146,0,3,17,9,3,0,0.0,0.865,0,explorer,active,0
2165,32,44,145,13,0,0,-1,0,0,0.0,0.262,0,newgrad,active,1
2166,32,20,92,0,3,8,14,3,0,0.0,0.714,0,explorer,active,0
2167,26,43,139,12,114,0,-1,0,0,0.0,0.201,0,newgrad,lapsed,1
2168,33,79,206,18,0,2,14,2,1,39.5,0.946,0,newgrad,active,0
2169,30,65,207,11,1,1,13,3,1,52.9,0.925,0,newgrad,active,0
2170,31,79,226,16,64,0,-1,0,0,0.0,0.116,0,newgrad,hired,1
2171,31,54,167,7,9,0,-1,3,1,80.9,0.61,0,newgrad,active,0
2172,26,51,142,9,3,2,7,3,0,0.0,0.828,0,newgrad,active,0
2173,31,49,202,5,1,25,12,3,1,57.4,0.792,0,recent_career,active,0
2174,26,39,115,11,6,5,17,2,1,57.0,0.988,0,newgrad,active,0
2175,27,13,85,3,12,0,-1,0,0,0.0,0.313,0,mover,active,1
2176,26,23,66,6,126,2,22,3,1,42.6,0.737,1,newgrad,hired,0
2177,26,17,74,0,3,4,5,3,0,0.0,0.849,0,explorer,active,0
2178,33,36,117,10,47,2,7,3,1,42.2,0.738,0,newgrad,lapsed,0
2179,27,10,55,0,41,0,-1,0,0,0.0,0.16,0,explorer,hired,1
2180,28,18,91,0,14,21,23,3,0,0.0,0.6,0,explorer,active,0
2181,29,1,7,0,155,2,13,2,0,0.0,0.868,0,explorer,lapsed,0
2182,31,16,80,1,13,8,24,2,0,0.0,0.938,0,explorer,active,0
2183,30,15,60,4,62,25,12,4,0,0.0,0.745,0,recent_career,lapsed,0
2184,29,56,150,7,44,2,13,3,1,46.8,0.872,0,newgrad,lapsed,0
2185,32,13,52,2,126,21,8,3,1,61.0,0.926,0,recent_career,lapsed,0
2186,29,22,115,0,1,23,21,2,0,0.0,0.689,0,explorer,active,0
2187,31,42,267,1,3,63,11,3,0,0.0,0.798,0,mover,active,0
2188,33,53,148,10,0,2,22,2,1,65.6,0.843,0,newgrad,active,0
2189,31,42,228,0,7,11,24,4,1,84.8,0.949,0,explorer,active,0
2190,25,46,184,3,0,23,7,3,1,67.8,0.968,0,recent_career,active,0
2191,27,46,262,0,1,86,13,3,1,63.2,0.768,0,mover,active,0
2192,30,28,170,0,2,66,11,3,1,50.8,0.748,0,mover,active,0
2193,29,13,76,1,151,0,-1,0,0,0.0,0.109,0,recent_career,lapsed,1
2194,27,40,234,3,0,70,19,3,0,0.0,0.723,0,mover,active,0
2195,28,30,156,0,0,0,-1,0,0,0.0,0.192,0,explorer,active,1
2196,25,37,148,2,0,18,6,2,1,27.7,0.846,0,recent_career,active,0
2197,27,31,93,3,76,3,20,3,1,31.1,0.756,1,newgrad,hired,0
2198,32,44,103,6,45,0,-1,3,0,0.0,0.973,0,newgrad,hired,0
2199,25,40,251,1,0,76,9,2,1,55.6,0.772,0,mover,active,0
2200,32,47,186,9,0,30,8,2,1,78.9,0.639,0,recent_career,active,0
2201,28,32,150,0,1,17,9,3,0,0.0,0.745,0,explorer,active,0
2202,32,22,106,0,6,12,14,3,0,0.0,0.904,0,explorer,active,0
2203,27,50,193,0,78,25,12,3,1,60.5,0.963,0,recent_career,hired,0
2204,32,51,177,12,1,4,14,3,1,40.6,0.881,0,newgrad,active,0
2205,30,2,9,0,180,64,21,3,0,0.0,0.707,0,mover,lapsed,0
2206,32,7,48,0,156,0,-1,0,0,0.0,0.198,0,mover,hired,1
2207,25,96,264,19,0,4,16,3,1,47.5,0.82,0,newgrad,active,0
2208,32,27,120,2,95,24,3,3,0,0.0,0.618,0,recent_career,lapsed,0
2209,27,68,277,6,3,22,1,3,1,64.4,0.99,0,recent_career,active,0
2210,28,8,51,0,98,1,19,3,1,54.4,0.898,0,explorer,hired,0
2211,25,108,319,22,0,0,-1,0,0,0.0,0.16,0,newgrad,active,1
2212,33,34,162,0,6,23,16,3,0,0.0,0.705,0,explorer,active,0
2213,30,20,77,3,138,3,4,3,1,49.2,0.666,0,newgrad,lapsed,0
2214,33,26,120,0,6,6,1,3,0,0.0,0.877,0,explorer,active,0
2215,30,42,181,7,9,16,8,3,0,0.0,0.761,0,recent_career,active,0
2216,26,60,271,12,0,0,-1,0,0,0.0,0.225,0,recent_career,active,1
2217,28,13,78,0,6,12,4,2,1,55.8,0.672,0,explorer,active,0
2218,28,20,95,0,1,9,17,2,0,0.0,0.832,0,explorer,active,0
2219,26,53,183,16,1,4,21,3,0,0.0,0.672,0,newgrad,active,0
2220,33,58,171,8,3,4,14,3,1,88.1,0.763,0,newgrad,active,0
2221,33,11,33,3,152,1,9,3,1,49.1,0.794,0,newgrad,hired,0
2222,30,13,32,4,110,1,0,3,1,53.6,0.831,0,newgrad,hired,0
2223,30,63,258,6,1,12,4,3,1,68.0,0.666,0,recent_career,active,0
2224,31,21,116,0,62,20,14,3,0,0.0,0.958,0,explorer,lapsed,0
2225,31,33,94,10,64,0,-1,4,0,0.0,0.833,0,newgrad,hired,0
2226,25,30,200,3,1,61,7,3,1,71.8,0.875,0,mover,active,0
2227,29,25,105,4,13,29,4,3,1,36.6,0.708,0,recent_career,active,0
2228,31,105,432,12,1,12,11,3,1,85.9,0.759,0,recent_career,active,0
2229,32,55,305,0,7,0,-1,0,0,0.0,0.11,0,mover,active,1
2230,30,65,196,17,2,0,-1,0,0,0.0,0.107,0,newgrad,active,1
2231,33,28,185,1,0,66,17,3,0,0.0,0.976,0,mover,active,0
2232,30,80,340,17,0,20,1,4,1,53.2,0.85,0,recent_career,active,0
2233,28,12,72,1,5,21,8,2,0,0.0,0.811,0,explorer,active,0
2234,28,21,98,0,29,5,20,3,0,0.0,0.616,0,explorer,active,0
2235,31,7,39,0,96,4,5,3,0,0.0,0.649,0,explorer,lapsed,0
2236,32,27,108,7,34,27,3,4,1,56.6,0.727,0,recent_career,hired,0
2237,27,37,119,4,97,4,23,2,1,63.6,0.764,0,newgrad,hired,0
2238,27,12,30,1,77,4,13,3,0,0.0,0.937,0,newgrad,lapsed,0
2239,30,53,168,12,0,0,-1,0,0,0.0,0.214,0,newgrad,active,1
2240,31,112,321,25,0,5,23,3,1,56.3,0.743,0,newgrad,active,0
2241,28,10,39,1,155,0,-1,0,0,0.0,0.119,0,recent_career,hired,1
2242,30,80,226,20,46,0,-1,0,0,0.0,0.181,0,newgrad,lapsed,1
2243,25,26,72,4,121,2,20,3,1,68.9,0.641,1,newgrad,hired,0
2244,27,77,218,8,1,5,17,4,1,63.3,0.751,0,newgrad,active,0
2245,33,23,100,3,63,27,8,3,1,45.3,0.662,0,recent_career,hired,0
2246,30,46,146,13,53,0,-1,3,0,0.0,0.643,0,newgrad,hired,0
2247,32,17,102,0,34,40,20,3,0,0.0,0.863,0,mover,active,0
2248,26,23,89,3,6,0,-1,4,1,56.8,0.814,0,newgrad,active,0
2249,27,57,168,10,1,0,-1,0,0,0.0,0.114,0,newgrad,active,1
2250,33,48,125,7,31,2,20,3,1,52.8,0.707,0,newgrad,hired,0
2251,33,21,107,1,19,1,9,3,0,0.0,0.716,0,explorer,active,0
2252,32,32,81,8,3,0,-1,3,1,61.4,0.722,0,newgrad,active,0
2253,27,45,280,3,1,63,10,3,0,0.0,0.698,0,mover,active,0
2254,32,18,95,1,2,13,19,4,1,55.5,0.633,0,explorer,active,0
2255,29,30,81,5,0,3,0,3,1,63.3,0.784,0,newgrad,active,0
2256,32,9,35,0,75,12,1,2,0,0.0,0.702,0,explorer,hired,0
2257,32,1,7,0,146,16,17,3,0,0.0,0.972,0,explorer,lapsed,0
2258,28,73,296,7,33,22,9,3,1,54.6,0.974,0,recent_career,lapsed,0
2259,27,32,99,10,82,4,13,3,0,0.0,0.684,0,newgrad,lapsed,0
2260,33,37,211,1,6,0,-1,0,0,0.0,0.337,0,mover,active,1
2261,29,9,39,0,92,11,3,3,1,86.5,0.805,1,explorer,hired,0
2262,28,36,104,7,47,2,9,4,0,0.0,0.73,0,newgrad,hired,0
2263,30,45,187,3,3,18,5,2,1,33.1,0.793,0,recent_career,active,0
2264,33,15,93,0,137,93,10,2,0,0.0,0.872,1,mover,hired,0
2265,26,86,350,6,1,11,6,3,1,81.3,0.792,0,recent_career,active,0
2266,33,10,50,0,88,11,7,3,0,0.0,0.95,0,explorer,lapsed,0
2267,28,103,317,15,0,4,5,3,0,0.0,0.687,0,newgrad,active,0
2268,25,26,162,2,6,0,-1,0,0,0.0,0.268,0,mover,active,1
2269,27,3,15,0,167,18,9,3,1,44.7,0.938,0,explorer,lapsed,0
2270,29,23,136,1,7,53,12,3,1,68.8,0.811,0,mover,active,0
2271,31,30,173,3,0,0,-1,0,0,0.0,0.252,0,mover,active,1
2272,30,28,150,0,4,17,21,4,0,0.0,0.788,0,explorer,active,0
2273,26,12,75,0,90,10,19,4,0,0.0,0.638,0,explorer,hired,0
2274,29,15,91,0,4,3,8,3,0,0.0,0.6,0,explorer,active,0
2275,27,32,102,3,51,10,2,3,0,0.0,0.867,0,recent_career,hired,0
2276,27,40,268,3,0,51,19,3,0,0.0,0.893,0,mover,active,0
2277,31,52,215,3,2,7,5,2,1,71.2,0.683,0,recent_career,active,0
2278,32,30,157,1,5,0,-1,0,0,0.0,0.281,0,explorer,active,1
2279,26,3,13,0,163,37,17,3,0,0.0,0.659,1,mover,hired,0
2280,30,65,182,10,0,0,-1,3,1,73.1,0.742,0,newgrad,active,0
2281,28,44,156,5,0,19,2,3,1,81.6,0.721,0,recent_career,active,0
2282,28,82,249,13,3,5,8,4,1,72.6,0.679,0,newgrad,active,0
2283,31,14,89,2,31,73,12,3,0,0.0,0.696,0,mover,active,0
2284,27,26,89,5,6,16,5,3,0,0.0,0.977,0,recent_career,active,0
2285,31,49,222,7,5,27,9,3,0,0.0,0.841,0,recent_career,active,0
2286,28,13,81,0,43,0,-1,0,0,0.0,0.12,0,explorer,active,1
2287,25,27,135,0,16,6,20,3,0,0.0,0.976,0,explorer,active,0
2288,32,65,252,6,2,26,4,3,1,64.8,0.711,0,recent_career,active,0
2289,32,13,43,2,147,2,11,3,1,70.0,0.694,0,newgrad,hired,0
2290,30,19,92,1,1,15,8,3,0,0.0,0.636,0,explorer,active,0
2291,31,46,276,2,6,0,-1,0,0,0.0,0.159,0,mover,active,1
2292,26,31,200,3,10,0,-1,0,0,0.0,0.209,0,mover,active,1
2293,28,48,148,10,0,1,15,2,1,45.9,0.824,0,newgrad,active,0
2294,28,84,271,20,0,0,-1,3,1,70.5,0.93,0,newgrad,active,0
2295,31,87,363,18,0,15,5,3,1,64.1,0.775,0,recent_career,active,0
2296,28,30,177,4,78,81,10,3,0,0.0,0.667,0,mover,lapsed,0
2297,31,36,113,4,3,18,3,3,1,56.5,0.795,0,recent_career,active,0
2298,27,57,231,9,0,30,2,3,1,66.4,0.668,0,recent_career,active,0
2299,30,3,18,0,137,53,17,4,0,0.0,0.966,1,mover,hired,0
2300,26,12,54,0,4,5,19,3,0,0.0,0.995,0,explorer,active,0
2301,30,5,25,0,15,0,-1,0,0,0.0,0.151,0,explorer,active,1
2302,25,53,151,12,0,1,1,4,0,0.0,0.728,0,newgrad,active,0
2303,31,4,12,0,160,2,12,3,1,56.3,0.927,0,newgrad,hired,0
2304,25,48,146,14,55,0,-1,0,0,0.0,0.171,0,newgrad,hired,1
2305,33,55,150,14,82,4,22,3,0,0.0,0.862,0,newgrad,lapsed,0
2306,32,4,11,2,150,0,-1,3,0,0.0,0.68,0,newgrad,hired,0
2307,30,60,180,14,53,0,-1,0,0,0.0,0.185,0,newgrad,lapsed,1
2308,33,10,57,1,124,0,-1,0,0,0.0,0.343,0,mover,lapsed,1
2309,32,12,60,0,3,0,-1,0,0,0.0,0.285,0,explorer,active,1
2310,26,12,56,0,29,7,6,3,0,0.0,0.91,0,explorer,active,0
2311,31,63,261,3,1,28,5,3,1,79.2,0.834,0,recent_career,active,0
2312,28,36,117,6,5,5,10,3,1,44.8,0.963,0,newgrad,active,0
2313,32,8,30,1,147,23,12,3,1,60.1,0.751,0,recent_career,lapsed,0
2314,32,59,167,13,55,2,17,3,1,43.9,0.619,0,newgrad,hired,0
2315,33,68,203,21,0,3,5,4,0,0.0,0.803,0,newgrad,active,0
2316,29,65,267,9,0,29,10,3,1,80.3,0.891,0,recent_career,active,0
2317,26,13,66,0,4,0,-1,0,0,0.0,0.159,0,explorer,active,1
2318,26,37,94,10,0,5,7,4,1,67.8,0.735,0,newgrad,active,0
2319,26,1,6,0,149,19,4,4,0,0.0,0.917,0,explorer,lapsed,0
2320,33,2,5,0,160,0,-1,0,0,0.0,0.232,0,recent_career,hired,1
2321,30,30,149,5,90,27,12,3,1,66.7,0.858,0,recent_career,lapsed,0
2322,28,77,252,12,0,2,2,3,1,69.5,0.759,0,newgrad,active,0
2323,29,84,363,11,0,19,0,3,0,0.0,0.933,0,recent_career,active,0
2324,26,43,148,6,7,0,-1,0,0,0.0,0.159,0,newgrad,active,1
2325,30,28,133,0,44,21,8,3,0,0.0,0.676,0,explorer,active,0
2326,28,44,162,4,0,0,-1,0,0,0.0,0.224,0,recent_career,active,1
2327,32,14,55,1,140,27,1,3,0,0.0,0.718,0,recent_career,lapsed,0
2328,25,38,216,3,56,45,5,3,1,53.6,0.782,0,mover,hired,0
2329,33,67,209,10,0,0,-1,0,0,0.0,0.172,0,newgrad,active,1
2330,25,29,153,1,2,84,10,3,0,0.0,0.854,0,mover,active,0
2331,28,55,154,10,0,2,16,2,1,64.2,0.639,0,newgrad,active,0
2332,28,22,109,0,0,0,-1,0,0,0.0,0.185,0,explorer,active,1
2333,31,18,72,0,125,7,7,3,1,63.8,0.691,1,recent_career,hired,0
2334,30,61,159,11,8,2,11,2,1,54.2,0.876,0,newgrad,active,0
2335,26,29,174,0,71,68,14,3,1,60.3,0.793,0,mover,hired,0
2336,29,11,59,0,9,15,4,3,0,0.0,0.818,0,explorer,active,0
2337,29,49,156,8,1,5,8,2,1,81.2,0.84,0,newgrad,active,0
2338,29,65,360,4,2,66,12,3,1,71.4,0.912,0,mover,active,0
2339,25,18,75,1,96,12,0,4,1,63.1,0.919,0,recent_career,hired,0
2340,26,38,160,6,0,0,-1,0,0,0.0,0.326,0,recent_career,active,1
2341,29,62,246,6,9,24,0,3,1,48.7,0.765,0,recent_career,active,0
2342,27,30,171,2,34,0,-1,0,0,0.0,0.226,0,mover,hired,1
2343,29,88,272,19,0,5,0,3,1,82.8,0.708,0,newgrad,active,0
2344,26,76,446,9,0,89,1,3,0,0.0,0.971,0,mover,active,0
2345,31,57,239,6,0,26,3,3,1,71.4,0.997,0,recent_career,active,0
2346,26,8,48,0,131,0,-1,0,0,0.0,0.13,1,explorer,hired,1
2347,30,22,107,0,8,13,22,3,0,0.0,0.864,0,explorer,active,0
2348,32,38,155,3,1,30,12,2,1,49.3,0.836,0,recent_career,active,0
2349,28,45,199,7,1,27,0,3,1,53.1,0.778,0,recent_career,active,0
2350,26,51,210,13,5,21,5,3,1,57.6,0.673,0,recent_career,active,0
2351,25,15,65,0,4,0,-1,0,0,0.0,0.243,0,explorer,active,1
2352,28,53,154,11,0,0,-1,3,1,44.6,0.845,0,newgrad,active,0
2353,26,30,184,4,6,44,21,4,0,0.0,0.776,0,mover,active,0
2354,32,54,162,14,11,2,0,3,1,60.7,0.745,0,newgrad,active,0
2355,33,8,42,0,7,20,1,3,0,0.0,0.918,0,explorer,active,0
2356,33,73,222,21,1,0,-1,0,0,0.0,0.303,0,newgrad,active,1
2357,33,46,154,7,1,3,5,3,1,54.4,0.673,0,newgrad,active,0
2358,30,15,69,0,8,20,2,3,0,0.0,0.825,0,explorer,active,0
2359,27,62,277,11,54,20,6,3,1,65.3,0.688,0,recent_career,hired,0
2360,29,11,42,0,98,21,14,2,1,61.5,0.882,0,explorer,lapsed,0
2361,27,16,82,1,92,23,0,2,0,0.0,0.857,0,recent_career,hired,0
2362,32,56,164,11,0,3,13,4,0,0.0,0.973,0,newgrad,active,0
2363,28,27,146,0,9,0,-1,0,0,0.0,0.205,0,explorer,active,1
2364,28,12,71,0,0,93,22,3,0,0.0,0.607,0,mover,active,0
2365,31,20,130,1,11,89,18,3,0,0.0,0.893,0,mover,active,0
2366,28,53,164,8,2,5,24,3,1,27.3,0.708,0,newgrad,active,0
2367,28,77,241,14,0,4,5,3,1,57.9,0.819,0,newgrad,active,0
2368,27,44,156,11,4,1,12,3,0,0.0,0.955,0,newgrad,active,0
2369,25,57,171,10,0,5,9,3,0,0.0,0.688,0,newgrad,active,0
2370,25,34,106,6,4,0,-1,0,0,0.0,0.243,0,newgrad,active,1
2371,28,6,20,0,150,2,23,3,1,45.8,0.935,0,newgrad,lapsed,0
2372,33,49,141,7,1,0,-1,3,0,0.0,0.743,0,newgrad,active,0
2373,27,23,70,9,126,1,16,4,0,0.0,0.741,0,newgrad,hired,0
2374,30,40,149,9,1,3,22,3,1,60.6,0.669,0,newgrad,active,0
2375,27,78,332,13,3,9,12,2,1,73.9,0.852,0,recent_career,active,0
2376,27,16,94,0,6,11,10,2,0,0.0,0.69,0,explorer,active,0
2377,26,18,119,1,92,0,-1,0,0,0.0,0.275,0,mover,lapsed,1
2378,30,73,313,13,1,16,6,2,1,54.3,0.739,0,recent_career,active,0
2379,30,65,367,3,6,47,5,3,0,0.0,0.863,0,mover,active,0
2380,28,30,134,0,6,10,2,3,0,0.0,0.974,0,explorer,active,0
2381,29,65,209,8,2,0,-1,3,0,0.0,0.796,0,newgrad,active,0
2382,29,38,136,8,7,27,9,3,1,49.6,0.796,0,recent_career,active,0
2383,27,22,86,5,149,0,-1,0,0,0.0,0.221,1,recent_career,hired,1
2384,31,70,291,8,1,0,-1,0,0,0.0,0.213,0,recent_career,active,1
2385,29,27,131,0,6,1,15,3,0,0.0,0.63,0,explorer,active,0
2386,25,40,180,0,0,23,10,3,0,0.0,0.97,0,explorer,active,0
2387,29,50,169,4,1,8,11,4,1,61.8,0.661,0,recent_career,active,0
2388,28,17,92,0,6,14,17,3,1,71.6,0.747,0,explorer,active,0
2389,32,86,371,9,47,16,3,3,0,0.0,0.688,0,recent_career,lapsed,0
2390,27,33,214,2,5,85,10,3,0,0.0,0.787,0,mover,active,0
2391,33,30,175,0,4,0,-1,0,0,0.0,0.251,0,explorer,active,1
2392,30,70,206,16,0,4,6,3,0,0.0,0.656,0,newgrad,active,0
2393,26,49,203,7,0,18,8,3,1,61.3,0.983,0,recent_career,active,0
2394,28,42,250,1,2,0,-1,0,0,0.0,0.139,0,mover,active,1
2395,32,29,164,0,5,6,6,3,1,47.5,0.611,0,explorer,active,0
2396,27,57,141,14,1,5,3,3,0,0.0,0.869,0,newgrad,active,0
2397,31,110,430,15,1,0,-1,0,0,0.0,0.234,0,recent_career,active,1
2398,32,49,206,9,1,0,-1,0,0,0.0,0.349,0,recent_career,active,1
2399,31,9,68,0,146,73,23,3,0,0.0,0.65,0,mover,lapsed,0
2400,25,47,292,1,2,0,-1,0,0,0.0,0.298,0,mover,active,1
2401,28,41,172,0,0,16,14,3,0,0.0,0.933,0,explorer,active,0
2402,28,12,57,0,66,0,-1,0,0,0.0,0.294,1,explorer,hired,1
2403,28,28,145,1,1,10,5,2,1,56.6,0.856,0,explorer,active,0
2404,32,21,109,0,95,11,10,3,1,51.9,0.909,0,explorer,hired,0
2405,25,94,263,21,0,1,21,4,0,0.0,0.609,0,newgrad,active,0
2406,29,9,50,0,135,0,-1,0,0,0.0,0.33,0,mover,hired,1
2407,33,48,122,8,2,0,-1,0,0,0.0,0.144,0,newgrad,active,1
2408,32,39,118,4,117,4,0,3,1,50.8,0.884,0,newgrad,hired,0
2409,30,18,86,0,24,2,0,3,0,0.0,0.929,0,explorer,active,0
2410,33,9,54,1,89,94,0,3,0,0.0,0.952,0,mover,lapsed,0
2411,28,33,150,0,12,16,11,2,0,0.0,0.689,0,explorer,active,0
2412,30,44,118,12,5,0,-1,0,0,0.0,0.2,0,newgrad,active,1
2413,29,97,265,21,0,2,7,2,1,73.8,0.93,0,newgrad,active,0
2414,25,99,272,14,0,0,-1,0,0,0.0,0.311,0,newgrad,active,1
2415,25,87,341,3,4,12,9,3,1,50.5,0.976,0,recent_career,active,0
2416,33,34,108,6,3,0,-1,3,0,0.0,0.937,0,newgrad,active,0
2417,26,93,280,22,5,0,-1,0,0,0.0,0.28,0,newgrad,active,1
2418,28,74,288,12,1,16,9,3,1,79.8,0.902,0,recent_career,active,0
2419,30,22,110,0,2,0,-1,0,0,0.0,0.312,0,explorer,active,1
2420,30,61,243,8,2,22,4,3,1,66.6,0.806,0,recent_career,active,0
2421,29,10,47,0,155,0,-1,0,0,0.0,0.138,0,recent_career,lapsed,1
2422,33,24,111,0,3,18,18,3,0,0.0,0.715,0,explorer,active,0
2423,32,37,145,5,54,10,2,3,0,0.0,1.0,0,recent_career,lapsed,0
2424,33,33,150,1,0,6,18,3,1,64.8,0.779,0,explorer,active,0
2425,30,24,145,0,3,74,7,3,1,58.8,0.885,0,mover,active,0
2426,33,60,238,7,0,0,-1,0,0,0.0,0.291,0,recent_career,active,1
2427,30,33,203,4,42,86,20,3,1,52.8,0.667,0,mover,lapsed,0
2428,29,62,386,4,3,80,21,3,1,68.6,0.917,0,mover,active,0
2429,32,14,75,0,4,2,24,4,0,0.0,0.769,0,explorer,active,0
2430,32,13,62,0,94,16,7,3,0,0.0,0.935,0,explorer,lapsed,0
2431,25,13,84,0,123,0,-1,0,0,0.0,0.246,0,mover,hired,1
2432,33,10,68,0,56,0,-1,0,0,0.0,0.201,0,mover,lapsed,1
2433,31,84,249,20,2,4,19,4,0,0.0,0.893,0,newgrad,active,0
2434,33,69,452,2,7,0,-1,0,0,0.0,0.21,0,mover,active,1
2435,31,6,33,0,91,19,9,3,0,0.0,0.698,0,explorer,lapsed,0
2436,33,22,118,1,55,0,-1,0,0,0.0,0.192,0,mover,hired,1
2437,27,19,131,0,1,0,-1,0,0,0.0,0.289,0,mover,active,1
2438,26,73,209,18,4,1,14,3,1,55.8,0.732,0,newgrad,active,0
2439,26,16,82,0,8,20,16,3,0,0.0,0.931,0,explorer,active,0
2440,27,33,165,0,3,0,-1,0,0,0.0,0.214,0,explorer,active,1
2441,26,9,38,1,155,11,0,4,0,0.0,0.651,0,recent_career,lapsed,0
2442,28,39,161,8,38,17,4,3,1,74.3,0.799,0,recent_career,lapsed,0
2443,26,70,196,12,2,0,-1,0,0,0.0,0.181,0,newgrad,active,1
2444,26,84,268,19,0,0,-1,0,0,0.0,0.152,0,newgrad,active,1
2445,29,88,538,8,2,44,15,3,0,0.0,0.924,0,mover,active,0
2446,32,22,100,3,121,22,4,2,1,80.9,0.984,0,recent_career,hired,0
2447,26,65,185,14,0,1,11,3,1,68.0,0.872,0,newgrad,active,0
2448,29,100,622,6,0,78,0,3,1,49.3,0.702,0,mover,active,0
2449,30,5,27,0,122,53,10,3,0,0.0,0.676,0,mover,lapsed,0
2450,31,24,135,0,14,72,8,3,0,0.0,0.779,0,mover,active,0
2451,25,42,266,4,8,69,0,2,1,59.8,0.721,0,mover,active,0
2452,31,16,100,0,5,50,17,4,0,0.0,0.683,0,mover,active,0
2453,25,5,29,0,12,3,19,3,0,0.0,0.869,0,explorer,active,0
2454,27,4,35,0,114,47,22,2,0,0.0,0.901,0,mover,hired,0
2455,27,22,67,1,4,0,-1,0,0,0.0,0.188,0,newgrad,active,1
2456,32,33,197,3,81,85,2,4,1,58.2,0.972,1,mover,hired,0
2457,26,76,285,14,1,9,9,3,1,55.4,0.97,0,recent_career,active,0
2458,32,47,128,5,69,5,3,4,0,0.0,0.949,1,newgrad,hired,0
2459,33,56,181,9,0,3,17,3,1,38.2,0.611,0,newgrad,active,0
2460,33,21,104,0,46,0,-1,3,0,0.0,0.654,1,explorer,hired,0
2461,27,33,185,3,1,50,10,3,1,64.5,0.679,0,mover,active,0
2462,25,113,426,15,1,0,-1,0,0,0.0,0.112,0,recent_career,active,1
2463,26,23,139,0,7,88,6,3,0,0.0,0.904,0,mover,active,0
2464,31,75,231,21,1,2,1,3,1,86.2,0.685,0,newgrad,active,0
2465,26,18,110,0,51,82,17,3,0,0.0,0.873,1,mover,hired,0
2466,30,31,156,0,1,18,2,3,1,68.7,0.775,0,explorer,active,0
2467,28,26,141,0,2,89,22,3,0,0.0,0.652,0,mover,active,0
2468,31,52,292,7,2,0,-1,0,0,0.0,0.102,0,mover,active,1
2469,30,12,33,3,117,1,8,2,1,58.9,0.892,0,newgrad,lapsed,0
2470,30,39,111,7,72,0,-1,3,1,42.0,0.738,0,newgrad,lapsed,0
2471,32,21,98,0,21,1,13,3,0,0.0,0.86,0,explorer,active,0
2472,33,36,190,1,4,44,12,3,0,0.0,0.758,0,mover,active,0
2473,28,67,187,12,3,0,-1,0,0,0.0,0.311,0,newgrad,active,1
2474,29,87,217,14,2,1,20,3,0,0.0,0.923,0,newgrad,active,0
2475,30,13,46,1,155,6,3,2,0,0.0,0.717,1,recent_career,hired,0
2476,32,17,58,1,126,7,0,3,1,58.9,0.609,0,recent_career,lapsed,0
2477,29,44,179,5,16,15,6,3,0,0.0,0.703,0,recent_career,active,0
2478,28,67,206,13,0,1,16,3,1,44.0,0.84,0,newgrad,active,0
2479,32,19,93,0,34,7,1,3,0,0.0,0.882,0,explorer,lapsed,0
2480,33,36,105,8,0,0,-1,3,0,0.0,0.97,0,newgrad,active,0
2481,30,41,116,10,0,3,19,3,1,71.8,0.895,0,newgrad,active,0
2482,25,93,377,14,3,16,12,3,1,63.7,0.651,0,recent_career,active,0
2483,27,85,284,11,4,1,8,3,0,0.0,0.764,0,newgrad,active,0
2484,29,15,68,0,18,19,7,3,0,0.0,0.712,0,explorer,active,0
2485,31,21,72,4,1,5,4,2,1,61.5,0.637,0,newgrad,active,0
2486,31,37,167,0,6,6,8,4,0,0.0,0.669,0,explorer,active,0
2487,32,7,41,1,130,10,1,3,0,0.0,0.836,0,explorer,hired,0
2488,25,51,207,8,0,15,8,4,0,0.0,0.686,0,recent_career,active,0
2489,29,34,213,0,114,0,-1,0,0,0.0,0.197,0,mover,lapsed,1
2490,31,19,79,0,24,7,8,2,0,0.0,0.905,0,explorer,active,0
2491,33,59,187,15,1,0,-1,3,0,0.0,0.819,0,newgrad,active,0
2492,26,59,224,7,3,6,0,2,1,54.1,0.927,0,recent_career,active,0
2493,32,21,88,0,2,5,17,3,0,0.0,0.993,0,explorer,active,0
2494,25,20,112,1,2,2,20,3,1,65.3,0.716,0,explorer,active,0
2495,26,76,242,14,1,5,23,3,1,69.7,0.808,0,newgrad,active,0
2496,32,11,72,1,34,0,-1,0,0,0.0,0.255,0,mover,active,1
2497,32,66,264,7,3,0,-1,0,0,0.0,0.267,0,recent_career,active,1
2498,33,25,126,0,5,1,10,4,0,0.0,0.734,0,explorer,active,0
2499,30,25,83,8,0,2,20,3,1,66.1,0.883,0,newgrad,active,0
2500,30,83,323,15,1,0,-1,0,0,0.0,0.109,0,recent_career,active,1
2501,29,29,198,0,6,40,7,4,0,0.0,0.916,0,mover,active,0
2502,29,13,58,0,116,0,-1,0,0,0.0,0.202,0,explorer,hired,1
2503,29,10,50,0,85,0,-1,0,0,0.0,0.155,0,explorer,lapsed,1
2504,27,89,298,18,7,3,6,4,0,0.0,0.967,0,newgrad,active,0
2505,32,24,118,3,106,17,2,3,1,39.7,0.992,0,recent_career,hired,0
2506,28,15,80,0,15,0,-1,0,0,0.0,0.213,0,explorer,active,1
2507,30,4,13,0,161,8,5,3,0,0.0,0.729,0,explorer,hired,0
2508,31,75,230,12,1,0,-1,0,0,0.0,0.118,0,newgrad,active,1
2509,29,89,538,6,0,38,3,3,1,65.1,0.65,0,mover,active,0
2510,30,27,91,9,115,5,12,3,1,53.7,0.772,0,newgrad,lapsed,0
2511,25,9,35,3,137,2,8,3,1,67.4,0.748,0,newgrad,lapsed,0
2512,27,45,166,2,2,9,3,3,1,68.3,0.655,0,recent_career,active,0
2513,29,28,110,2,5,7,9,4,1,75.3,0.762,0,recent_career,active,0
2514,28,9,30,4,155,0,-1,3,0,0.0,0.715,1,newgrad,hired,0
2515,33,10,52,0,10,4,14,3,1,41.5,0.702,0,explorer,active,0
2516,33,16,62,5,108,18,5,3,1,61.8,0.789,0,recent_career,lapsed,0
2517,31,19,54,6,143,0,-1,3,0,0.0,0.755,0,newgrad,lapsed,0
2518,28,72,440,6,2,0,-1,0,0,0.0,0.239,0,mover,active,1
2519,25,48,181,3,10,11,11,2,1,47.9,0.725,0,recent_career,active,0
2520,31,82,334,11,0,0,-1,0,0,0.0,0.164,0,recent_career,active,1
2521,32,48,333,2,2,47,13,4,0,0.0,0.907,0,mover,active,0
2522,29,79,233,18,0,0,-1,0,0,0.0,0.336,0,newgrad,active,1
2523,32,30,189,1,50,79,5,3,0,0.0,0.792,0,mover,hired,0
2524,33,13,65,0,11,0,-1,0,0,0.0,0.105,0,explorer,active,1
2525,29,40,144,4,8,0,-1,0,0,0.0,0.317,0,recent_career,active,1
2526,26,9,44,0,7,10,12,3,0,0.0,0.628,0,explorer,active,0
2527,25,12,47,0,3,0,-1,0,0,0.0,0.142,0,explorer,active,1
2528,31,15,83,1,46,11,24,3,1,43.1,0.969,0,explorer,lapsed,0
2529,30,2,13,0,136,69,8,3,0,0.0,0.604,0,mover,hired,0
2530,26,35,228,1,2,46,7,4,0,0.0,0.938,0,mover,active,0
2531,25,38,219,1,2,0,-1,0,0,0.0,0.133,0,mover,active,1
2532,33,35,217,0,6,54,0,3,1,48.4,0.712,0,mover,active,0
2533,27,43,170,3,71,0,-1,0,0,0.0,0.135,0,recent_career,hired,1
2534,27,6,30,0,115,5,7,3,0,0.0,0.96,0,explorer,hired,0
2535,30,17,105,1,14,76,18,2,0,0.0,0.82,0,mover,active,0
2536,28,27,136,1,10,12,19,3,0,0.0,0.655,0,explorer,active,0
2537,33,123,333,26,0,1,1,3,1,64.1,0.918,0,newgrad,active,0
2538,31,112,463,10,0,30,3,3,1,35.1,0.75,0,recent_career,active,0
2539,28,22,78,3,6,2,18,3,0,0.0,0.954,0,newgrad,active,0
2540,27,32,93,4,99,4,16,2,1,41.6,0.916,0,newgrad,lapsed,0
2541,32,62,196,14,0,1,10,3,0,0.0,0.788,0,newgrad,active,0
2542,30,13,31,2,130,4,7,3,1,77.8,0.665,0,newgrad,lapsed,0
2543,33,51,146,14,38,0,-1,0,0,0.0,0.115,0,newgrad,hired,1
2544,28,53,169,18,7,1,17,2,1,56.0,0.852,0,newgrad,active,0
2545,25,67,192,9,4,4,24,2,0,0.0,0.624,0,newgrad,active,0
2546,33,26,132,1,2,0,-1,0,0,0.0,0.197,0,explorer,active,1
2547,27,45,189,7,0,18,2,3,1,71.8,0.77,0,recent_career,active,0
2548,32,44,126,4,16,5,21,3,0,0.0,0.998,0,newgrad,active,0
2549,31,77,232,26,1,0,-1,0,0,0.0,0.307,0,newgrad,active,1
2550,27,16,93,0,5,95,21,3,1,56.6,0.799,0,mover,active,0
2551,31,73,212,19,0,3,18,3,1,39.1,0.674,0,newgrad,active,0
2552,25,60,380,1,0,85,24,3,0,0.0,0.766,0,mover,active,0
2553,28,19,108,1,2,14,8,3,1,64.1,0.769,0,explorer,active,0
2554,28,90,283,19,0,5,12,4,1,61.2,0.823,0,newgrad,active,0
2555,30,25,154,1,51,57,15,3,0,0.0,0.951,0,mover,hired,0
2556,29,56,222,7,1,20,0,3,1,70.2,0.619,0,recent_career,active,0
2557,30,19,49,4,82,5,2,3,0,0.0,0.764,0,newgrad,lapsed,0
2558,29,32,96,7,4,4,16,3,1,62.5,0.618,0,newgrad,active,0
2559,31,14,76,1,151,8,4,3,1,63.3,0.97,0,recent_career,hired,0
2560,26,7,32,0,140,54,2,3,1,83.4,0.935,1,mover,hired,0
2561,31,33,209,2,8,0,-1,0,0,0.0,0.253,0,mover,active,1
2562,25,13,67,1,14,0,-1,0,0,0.0,0.123,0,explorer,active,1
2563,25,76,229,20,2,2,13,3,1,67.2,0.928,0,newgrad,active,0
2564,31,31,169,1,0,58,0,3,0,0.0,0.846,0,mover,active,0
2565,26,92,282,25,3,1,0,3,0,0.0,0.766,0,newgrad,active,0
2566,31,41,155,3,2,0,-1,0,0,0.0,0.231,0,recent_career,active,1
2567,26,88,331,11,1,11,7,3,0,0.0,0.739,0,recent_career,active,0
2568,26,34,217,0,60,0,-1,0,0,0.0,0.33,0,mover,hired,1
2569,33,16,87,1,16,0,-1,0,0,0.0,0.17,0,explorer,active,1
2570,26,50,224,3,19,23,0,3,1,82.3,0.742,0,recent_career,active,0
2571,33,44,262,3,0,81,4,3,0,0.0,0.88,0,mover,active,0
2572,28,35,178,0,3,24,21,3,0,0.0,0.696,0,explorer,active,0
2573,32,24,117,0,9,5,21,3,0,0.0,0.608,0,explorer,active,0
2574,33,30,163,0,6,84,23,3,0,0.0,0.971,0,mover,active,0
2575,26,15,97,0,57,81,7,4,0,0.0,0.949,0,mover,hired,0
2576,27,39,198,3,11,0,-1,0,0,0.0,0.164,0,mover,active,1
2577,30,20,87,0,65,23,23,2,0,0.0,0.631,0,explorer,hired,0
2578,32,49,197,5,2,0,-1,0,0,0.0,0.285,0,recent_career,active,1
2579,26,20,106,0,6,20,24,2,0,0.0,0.715,0,explorer,active,0
2580,26,9,38,2,144,0,-1,0,0,0.0,0.305,0,recent_career,hired,1
2581,28,16,73,0,1,8,16,4,0,0.0,0.686,0,explorer,active,0
2582,26,29,115,5,49,16,0,3,1,76.7,0.78,0,recent_career,hired,0
2583,27,62,261,5,6,0,-1,0,0,0.0,0.301,0,recent_career,active,1
2584,26,96,358,14,2,27,10,3,1,49.6,0.628,0,recent_career,active,0
2585,32,65,194,19,4,0,-1,0,0,0.0,0.137,0,newgrad,active,1
2586,32,92,271,14,0,2,1,3,1,65.4,0.812,0,newgrad,active,0
2587,26,35,155,4,40,0,-1,0,0,0.0,0.318,1,recent_career,hired,1
2588,29,108,327,28,0,4,10,3,1,60.8,0.807,0,newgrad,active,0
2589,30,56,140,13,2,4,6,3,0,0.0,0.769,0,newgrad,active,0
2590,30,24,106,0,14,0,-1,0,0,0.0,0.185,0,explorer,active,1
2591,33,13,55,0,15,12,19,3,0,0.0,0.913,0,explorer,active,0
2592,30,35,235,1,0,56,22,3,0,0.0,0.809,0,mover,active,0
2593,31,48,181,2,7,10,4,3,1,81.5,0.774,0,recent_career,active,0
2594,25,87,261,17,1,3,13,3,1,32.0,0.747,0,newgrad,active,0
2595,25,18,82,0,18,8,4,4,0,0.0,0.685,0,explorer,active,0
2596,30,6,16,2,169,26,12,2,0,0.0,0.802,0,recent_career,lapsed,0
2597,33,108,282,23,0,0,-1,0,0,0.0,0.155,0,newgrad,active,1
2598,28,31,157,0,1,11,5,3,1,67.0,0.843,0,explorer,active,0
2599,30,6,31,0,122,3,3,3,1,54.2,0.612,0,explorer,lapsed,0
2600,26,65,199,17,3,2,24,3,1,59.0,0.922,0,newgrad,active,0
2601,29,26,167,0,10,92,2,2,0,0.0,0.945,0,mover,active,0
2602,31,90,241,24,0,0,-1,0,0,0.0,0.223,0,newgrad,active,1
2603,30,19,90,0,5,0,-1,0,0,0.0,0.294,0,explorer,active,1
2604,26,32,132,0,0,13,3,3,1,69.4,0.81,0,recent_career,active,0
2605,32,19,58,1,134,24,1,4,1,41.2,0.977,0,recent_career,lapsed,0
2606,33,23,138,0,0,93,2,3,0,0.0,0.62,0,mover,active,0
2607,29,72,198,13,3,5,24,3,0,0.0,0.751,0,newgrad,active,0
2608,28,30,169,2,0,59,10,2,1,63.0,0.917,0,mover,active,0
2609,29,55,191,9,2,0,-1,0,0,0.0,0.335,0,newgrad,active,1
2610,32,28,142,0,4,0,-1,0,0,0.0,0.144,0,explorer,active,1
2611,29,16,68,0,93,0,-1,0,0,0.0,0.326,0,explorer,hired,1
2612,25,23,87,2,116,1,8,3,1,44.9,0.669,0,newgrad,lapsed,0
2613,25,1,6,0,180,9,1,3,0,0.0,0.972,0,explorer,lapsed,0
2614,32,58,178,13,2,0,-1,3,1,45.5,0.832,0,newgrad,active,0
2615,32,36,102,7,61,0,-1,0,0,0.0,0.257,0,newgrad,lapsed,1
2616,31,65,259,8,0,19,9,2,1,41.3,0.67,0,recent_career,active,0
2617,26,9,45,0,46,14,6,4,1,65.2,0.615,0,explorer,hired,0
2618,26,15,93,0,89,14,13,2,0,0.0,0.842,0,explorer,hired,0
2619,28,12,49,0,0,0,-1,0,0,0.0,0.31,0,explorer,active,1
2620,27,45,224,1,3,0,-1,0,0,0.0,0.324,0,explorer,active,1
2621,28,30,158,0,8,0,-1,0,0,0.0,0.174,0,explorer,active,1
2622,30,40,106,7,0,1,21,3,0,0.0,0.836,0,newgrad,active,0
2623,27,28,153,0,9,3,10,3,0,0.0,0.782,0,explorer,active,0
2624,26,58,379,5,52,0,-1,0,0,0.0,0.183,0,mover,lapsed,1
2625,28,126,383,24,3,5,0,2,1,75.0,0.886,0,newgrad,active,0
2626,31,22,135,0,0,95,17,3,1,82.4,0.999,0,mover,active,0
2627,30,25,66,4,39,5,14,4,0,0.0,0.769,0,newgrad,lapsed,0
2628,27,55,160,12,3,0,-1,0,0,0.0,0.179,0,newgrad,active,1
2629,27,52,154,9,6,3,18,4,1,56.0,0.889,0,newgrad,active,0
2630,30,6,31,1,123,28,3,3,1,65.5,0.626,0,recent_career,hired,0
2631,26,57,191,13,70,4,0,2,0,0.0,0.812,0,newgrad,hired,0
2632,32,23,116,0,9,0,-1,0,0,0.0,0.316,0,explorer,active,1
2633,32,21,142,1,17,64,10,3,1,44.2,0.825,0,mover,active,0
2634,25,61,182,16,4,2,2,3,1,71.4,0.759,0,newgrad,active,0
2635,33,68,203,11,0,2,14,4,1,55.6,0.713,0,newgrad,active,0
2636,25,29,94,9,0,0,-1,0,0,0.0,0.106,0,newgrad,active,1
2637,29,50,192,9,5,16,1,2,1,65.9,0.818,0,recent_career,active,0
2638,31,9,49,0,82,19,10,3,0,0.0,0.913,1,explorer,hired,0
2639,27,65,279,6,1,29,12,3,1,72.4,0.968,0,recent_career,active,0
2640,26,6,54,0,167,56,23,3,0,0.0,0.78,0,mover,hired,0
2641,25,16,79,0,4,0,-1,0,0,0.0,0.295,0,explorer,active,1
2642,31,36,210,1,3,58,23,3,1,70.6,0.881,0,mover,active,0
2643,25,8,23,0,8,2,4,3,1,75.6,0.61,0,explorer,active,0
2644,29,89,280,16,0,1,23,4,0,0.0,0.644,0,newgrad,active,0
2645,28,41,198,2,0,0,-1,3,0,0.0,0.74,0,explorer,active,0
2646,33,44,276,3,4,0,-1,0,0,0.0,0.218,0,mover,active,1
2647,33,16,93,0,1,19,11,3,0,0.0,0.797,0,explorer,active,0
2648,32,44,274,4,3,85,4,3,0,0.0,0.771,0,mover,active,0
2649,31,15,80,0,3,14,0,3,0,0.0,0.665,0,explorer,active,0
2650,29,1,6,0,133,9,24,3,1,68.2,0.905,1,explorer,hired,0
2651,28,25,81,3,96,0,-1,3,1,66.0,0.734,0,newgrad,hired,0
2652,26,35,158,0,3,7,21,3,0,0.0,0.711,0,explorer,active,0
2653,33,17,82,0,1,1,16,3,0,0.0,0.637,0,explorer,active,0
2654,28,10,34,3,146,3,3,2,0,0.0,0.743,0,newgrad,lapsed,0
2655,28,25,99,1,5,2,20,3,0,0.0,0.834,0,explorer,active,0
2656,26,48,137,13,0,0,-1,4,1,62.3,0.604,0,newgrad,active,0
2657,27,42,269,1,4,50,1,2,0,0.0,0.795,0,mover,active,0
2658,30,55,212,8,0,0,-1,0,0,0.0,0.288,0,recent_career,active,1
2659,28,62,193,13,5,2,0,3,1,58.2,0.884,0,newgrad,active,0
2660,30,21,89,0,11,21,4,3,0,0.0,0.916,0,explorer,active,0
2661,26,47,140,6,0,4,4,4,1,49.6,0.646,0,newgrad,active,0
2662,25,24,73,4,89,3,22,3,1,48.8,0.977,0,newgrad,lapsed,0
2663,32,64,204,16,3,2,23,3,1,41.5,0.688,0,newgrad,active,0
2664,28,49,138,10,1,0,-1,0,0,0.0,0.155,0,newgrad,active,1
2665,28,26,143,2,5,0,-1,0,0,0.0,0.312,0,explorer,active,1
2666,27,15,66,0,0,5,22,4,1,49.3,0.773,0,explorer,active,0
2667,30,24,114,2,52,8,5,3,1,62.5,0.651,0,recent_career,lapsed,0
2668,30,38,234,2,1,57,17,3,1,69.3,0.89,0,mover,active,0
2669,28,62,204,13,0,2,6,3,0,0.0,0.771,0,newgrad,active,0
2670,33,31,168,2,19,43,0,2,1,76.5,0.938,0,mover,active,0
2671,33,43,109,6,7,2,6,2,1,59.0,0.944,0,newgrad,active,0
2672,26,36,104,7,0,0,-1,0,0,0.0,0.303,0,newgrad,active,1
2673,30,37,119,7,1,2,12,3,1,57.6,0.814,0,newgrad,active,0
2674,33,48,311,3,9,64,9,3,1,65.3,0.639,0,mover,active,0
2675,29,94,288,23,7,0,-1,0,0,0.0,0.145,0,newgrad,active,1
2676,25,38,100,6,111,2,2,4,1,59.7,0.64,0,newgrad,hired,0
2677,26,44,218,3,1,10,22,2,0,0.0,0.666,0,explorer,active,0
2678,31,25,126,0,23,0,-1,0,0,0.0,0.292,0,explorer,active,1
2679,33,85,254,23,1,4,3,2,1,69.0,0.828,0,newgrad,active,0
2680,26,28,135,0,3,18,23,3,0,0.0,0.788,0,explorer,active,0
2681,29,4,22,0,129,0,-1,0,0,0.0,0.263,1,explorer,hired,1
2682,29,26,88,2,88,23,5,4,1,40.6,0.868,0,recent_career,hired,0
2683,27,125,771,5,1,54,8,3,0,0.0,0.853,0,mover,active,0
2684,30,49,148,6,38,0,-1,0,0,0.0,0.179,0,newgrad,lapsed,1
2685,32,26,152,0,8,0,-1,0,0,0.0,0.218,0,mover,active,1
2686,27,71,213,12,2,2,23,3,1,32.7,0.616,0,newgrad,active,0
2687,25,15,84,0,56,0,-1,0,0,0.0,0.258,1,mover,hired,1
2688,28,114,354,23,1,2,1,4,0,0.0,0.84,0,newgrad,active,0
2689,27,39,143,2,13,3,13,3,1,58.4,0.793,0,newgrad,active,0
2690,31,3,15,0,131,19,19,3,0,0.0,0.765,0,explorer,lapsed,0
2691,29,51,159,11,65,0,-1,0,0,0.0,0.329,0,newgrad,hired,1
2692,25,27,151,0,13,10,24,4,0,0.0,0.641,0,explorer,active,0
2693,28,18,98,0,70,9,14,3,1,72.5,0.8,0,explorer,hired,0
2694,31,25,136,0,5,15,21,4,1,51.3,0.647,0,explorer,active,0
2695,29,5,22,0,161,24,1,3,1,49.9,0.977,0,recent_career,lapsed,0
2696,30,7,40,0,164,20,14,3,0,0.0,0.897,0,explorer,hired,0
2697,27,69,261,12,2,0,-1,0,0,0.0,0.247,0,recent_career,active,1
2698,27,52,153,5,2,4,17,3,1,59.0,0.615,0,newgrad,active,0
2699,26,12,76,1,37,21,18,2,0,0.0,0.651,0,explorer,active,0
2700,25,34,183,0,0,48,21,3,0,0.0,0.89,0,mover,active,0
2701,25,32,89,1,14,0,-1,0,0,0.0,0.187,0,newgrad,active,1
2702,30,52,175,5,3,0,-1,0,0,0.0,0.331,0,newgrad,active,1
2703,26,32,158,0,5,9,22,3,0,0.0,0.81,0,explorer,active,0
2704,30,26,163,2,3,75,15,2,0,0.0,0.905,0,mover,active,0
2705,33,65,184,13,8,0,-1,0,0,0.0,0.109,0,newgrad,active,1
2706,31,30,151,1,5,0,-1,3,0,0.0,0.706,0,explorer,active,0
2707,30,73,233,16,1,1,21,3,1,59.6,0.915,0,newgrad,active,0
2708,26,10,48,1,135,12,1,3,1,83.3,0.869,0,recent_career,lapsed,0
2709,29,17,111,2,17,72,14,2,0,0.0,0.981,0,mover,active,0
2710,33,15,73,0,43,15,11,3,0,0.0,0.799,0,explorer,lapsed,0
2711,28,65,206,13,1,5,14,3,1,67.4,0.923,0,newgrad,active,0
2712,32,51,146,3,1,4,15,3,1,59.8,0.916,0,newgrad,active,0
2713,31,89,360,9,0,26,7,3,1,54.3,0.882,0,recent_career,active,0
2714,27,17,86,0,5,0,-1,0,0,0.0,0.153,0,explorer,active,1
2715,26,32,96,4,56,0,-1,0,0,0.0,0.308,0,newgrad,hired,1
2716,25,64,177,10,81,0,-1,0,0,0.0,0.196,0,newgrad,hired,1
2717,27,32,174,0,0,0,-1,0,0,0.0,0.192,0,explorer,active,1
2718,27,45,153,8,0,0,-1,0,0,0.0,0.182,0,recent_career,active,1
2719,30,29,172,2,7,42,24,3,0,0.0,0.908,0,mover,active,0
2720,30,101,346,21,1,0,-1,0,0,0.0,0.146,0,newgrad,active,1
2721,29,9,48,0,3,15,4,3,0,0.0,0.938,0,explorer,active,0
2722,31,66,207,23,0,0,-1,3,1,83.6,0.81,0,newgrad,active,0
2723,31,48,133,11,0,4,20,3,1,58.6,0.82,0,newgrad,active,0
2724,31,11,43,3,157,6,3,3,1,50.7,0.743,0,recent_career,lapsed,0
2725,33,27,129,0,3,6,22,4,0,0.0,0.903,0,explorer,active,0
2726,28,23,125,0,8,20,14,2,0,0.0,0.992,0,explorer,active,0
2727,32,32,135,3,96,11,10,3,0,0.0,0.699,0,recent_career,hired,0
2728,28,30,81,6,40,0,-1,0,0,0.0,0.216,1,newgrad,hired,1
2729,26,17,103,0,46,0,-1,0,0,0.0,0.308,0,explorer,hired,1
2730,26,63,232,9,0,14,11,2,1,78.6,0.769,0,recent_career,active,0
2731,25,75,208,18,0,0,-1,0,0,0.0,0.168,0,newgrad,active,1
2732,33,48,293,1,1,69,16,3,0,0.0,0.659,0,mover,active,0
2733,26,13,37,3,129,4,19,3,0,0.0,0.773,1,newgrad,hired,0
2734,32,85,247,19,1,0,-1,0,0,0.0,0.335,0,newgrad,active,1
2735,32,75,235,20,0,1,9,3,1,52.6,0.86,0,newgrad,active,0
2736,28,16,56,0,90,24,2,3,1,81.1,0.932,0,recent_career,hired,0
2737,33,55,168,11,1,1,20,3,1,58.9,0.816,0,newgrad,active,0
2738,33,14,88,2,120,86,17,3,0,0.0,0.685,0,mover,hired,0
2739,33,8,53,0,15,40,9,4,0,0.0,0.816,0,mover,active,0
2740,29,94,373,15,0,29,6,3,1,60.2,0.923,0,recent_career,active,0
2741,27,14,81,1,24,6,17,2,0,0.0,0.839,0,explorer,active,0
2742,25,111,418,15,1,15,8,3,1,50.3,0.648,0,recent_career,active,0
2743,32,5,30,0,81,23,1,3,0,0.0,0.952,0,explorer,hired,0
2744,32,114,357,22,0,2,18,4,1,75.1,0.617,0,newgrad,active,0
2745,29,11,51,1,16,22,23,3,0,0.0,0.667,0,explorer,active,0
2746,25,66,259,6,5,8,0,3,1,63.0,0.706,0,recent_career,active,0
2747,32,8,30,0,81,20,0,3,1,71.2,0.714,0,recent_career,hired,0
2748,27,41,132,5,3,3,24,3,1,86.8,0.957,0,newgrad,active,0
2749,29,42,167,5,3,0,-1,0,0,0.0,0.329,0,recent_career,active,1
2750,30,87,251,14,1,5,21,3,1,60.2,0.966,0,newgrad,active,0
2751,26,10,41,0,130,40,10,2,0,0.0,0.953,0,mover,lapsed,0
2752,25,38,181,0,3,4,0,3,0,0.0,0.714,0,explorer,active,0
2753,25,57,211,8,1,23,9,3,1,68.2,0.824,0,recent_career,active,0
2754,33,15,83,0,6,8,16,3,0,0.0,0.737,0,explorer,active,0
2755,33,46,252,0,7,16,20,3,0,0.0,0.937,0,explorer,active,0
2756,28,17,90,0,5,7,2,4,0,0.0,0.793,0,explorer,active,0
2757,28,29,206,3,11,0,-1,0,0,0.0,0.139,0,mover,active,1
2758,28,30,181,2,6,60,5,3,1,63.7,0.796,0,mover,active,0
2759,28,27,86,8,80,0,-1,0,0,0.0,0.348,0,newgrad,lapsed,1
2760,29,28,164,3,1,68,5,4,1,54.6,0.983,0,mover,active,0
2761,28,5,23,0,143,17,20,3,0,0.0,0.713,0,explorer,hired,0
2762,30,96,364,12,1,8,3,3,1,79.7,0.665,0,recent_career,active,0
2763,28,13,44,2,149,0,-1,0,0,0.0,0.152,1,newgrad,hired,1
2764,30,52,217,7,0,24,10,3,1,52.3,0.901,0,recent_career,active,0
2765,33,34,140,1,0,17,14,3,0,0.0,0.927,0,explorer,active,0
2766,26,122,340,21,5,4,19,4,1,56.8,0.601,0,newgrad,active,0
2767,25,7,41,0,122,46,13,3,0,0.0,0.803,0,mover,lapsed,0
2768,29,16,72,0,17,0,-1,0,0,0.0,0.202,0,explorer,active,1
2769,26,41,208,0,4,19,0,3,0,0.0,0.946,0,explorer,active,0
2770,27,15,61,0,132,0,-1,0,0,0.0,0.227,1,recent_career,hired,1
2771,32,23,100,0,14,0,-1,0,0,0.0,0.281,0,explorer,active,1
2772,28,15,80,0,75,2,15,4,0,0.0,0.732,0,explorer,lapsed,0
2773,29,25,115,4,7,16,1,3,0,0.0,0.642,0,recent_career,active,0
2774,31,32,152,0,14,12,14,3,0,0.0,0.859,0,explorer,active,0
2775,26,52,147,7,4,3,4,3,1,44.2,0.782,0,newgrad,active,0
2776,29,39,243,3,1,0,-1,0,0,0.0,0.21,0,mover,active,1
2777,25,47,162,17,2,0,-1,0,0,0.0,0.141,0,newgrad,active,1
2778,29,62,202,11,2,5,20,3,0,0.0,0.623,0,newgrad,active,0
2779,27,16,63,0,113,0,-1,0,0,0.0,0.129,0,recent_career,hired,1
2780,33,64,240,6,2,21,1,3,1,26.3,0.685,0,recent_career,active,0
2781,27,15,60,3,98,0,-1,0,0,0.0,0.14,0,recent_career,lapsed,1
2782,26,31,195,3,1,94,14,3,0,0.0,0.709,0,mover,active,0
2783,25,66,195,24,4,3,0,4,1,60.2,0.911,0,newgrad,active,0
2784,26,77,289,10,2,13,1,2,0,0.0,0.669,0,recent_career,active,0
2785,26,39,235,2,0,46,5,3,0,0.0,0.968,0,mover,active,0
2786,27,56,334,2,0,67,19,3,0,0.0,0.749,0,mover,active,0
2787,31,77,218,11,0,0,-1,3,0,0.0,0.796,0,newgrad,active,0
2788,32,15,73,0,13,21,7,3,0,0.0,0.76,0,explorer,active,0
2789,32,34,91,5,72,0,-1,0,0,0.0,0.251,1,newgrad,hired,1
2790,33,16,90,0,10,14,8,3,1,74.3,0.764,0,explorer,active,0
2791,33,50,202,3,3,6,9,3,0,0.0,0.731,0,recent_career,active,0
2792,29,38,234,1,12,0,-1,0,0,0.0,0.156,0,mover,active,1
2793,28,25,134,0,53,16,15,4,0,0.0,0.907,1,explorer,hired,0
2794,30,16,87,0,61,0,-1,0,0,0.0,0.328,1,explorer,hired,1
2795,27,12,79,1,99,0,-1,0,0,0.0,0.333,0,mover,hired,1
2796,30,20,119,1,9,88,12,3,0,0.0,0.88,0,mover,active,0
2797,33,99,307,16,2,0,-1,2,1,65.7,0.682,0,newgrad,active,0
2798,26,37,228,1,64,0,-1,0,0,0.0,0.174,0,mover,hired,1
2799,31,18,79,0,1,4,12,3,0,0.0,0.606,0,explorer,active,0
2800,33,26,127,1,3,16,3,3,0,0.0,0.744,0,explorer,active,0
2801,29,35,112,5,2,0,-1,3,1,37.4,0.843,0,newgrad,active,0
2802,28,42,155,3,2,25,4,4,1,72.1,0.613,0,recent_career,active,0
2803,27,5,27,0,159,72,3,3,0,0.0,0.825,0,mover,lapsed,0
2804,26,37,146,5,3,27,2,3,1,69.5,0.893,0,recent_career,active,0
2805,27,48,155,14,5,1,3,3,1,54.4,0.615,0,newgrad,active,0
2806,31,50,143,9,33,5,13,3,1,64.6,0.933,1,newgrad,hired,0
2807,29,41,221,0,1,37,8,3,1,76.3,0.935,0,mover,active,0
2808,26,135,528,17,0,15,5,3,0,0.0,0.854,0,recent_career,active,0
2809,29,36,162,6,0,30,9,3,1,41.6,0.609,0,recent_career,active,0
2810,32,45,160,5,1,29,11,3,1,80.3,0.628,0,recent_career,active,0
2811,25,10,46,1,75,23,5,3,0,0.0,0.742,0,explorer,lapsed,0
2812,25,3,15,0,159,61,13,4,0,0.0,0.904,0,mover,lapsed,0
2813,33,48,212,3,53,19,12,3,1,51.5,0.814,0,recent_career,hired,0
2814,31,7,25,1,158,25,9,3,1,49.7,0.928,0,recent_career,lapsed,0
2815,30,29,164,2,2,56,13,3,0,0.0,0.798,0,mover,active,0
2816,33,34,101,5,1,4,23,2,1,48.2,0.986,0,newgrad,active,0
2817,30,28,172,0,52,94,7,3,0,0.0,0.956,0,mover,hired,0
2818,29,54,162,8,54,4,23,3,0,0.0,0.647,1,newgrad,hired,0
2819,26,21,101,0,33,2,24,3,1,55.5,0.933,0,explorer,active,0
2820,32,48,123,9,4,0,-1,0,0,0.0,0.325,0,newgrad,active,1
2821,31,16,87,1,68,92,4,3,0,0.0,0.76,0,mover,lapsed,0
2822,27,29,120,6,83,7,4,3,1,51.4,0.94,0,recent_career,hired,0
2823,31,38,200,0,5,21,18,3,1,46.5,0.998,0,explorer,active,0
2824,31,28,125,0,6,24,18,3,0,0.0,0.902,0,explorer,active,0
2825,25,21,140,1,100,61,11,3,0,0.0,0.739,0,mover,hired,0
2826,26,83,261,18,0,0,-1,0,0,0.0,0.196,0,newgrad,active,1
2827,30,70,270,8,2,22,8,3,1,61.9,0.947,0,recent_career,active,0
2828,30,13,69,1,17,18,13,3,0,0.0,0.958,0,explorer,active,0
2829,30,42,247,4,0,63,24,3,0,0.0,0.938,0,mover,active,0
2830,28,30,61,3,105,0,-1,0,0,0.0,0.106,0,newgrad,hired,1
2831,32,36,106,6,0,4,6,3,1,55.0,0.842,0,newgrad,active,0
2832,29,36,111,9,1,4,7,3,1,72.4,0.656,0,newgrad,active,0
2833,26,14,74,0,90,10,8,2,1,53.1,0.83,0,explorer,lapsed,0
2834,26,50,309,1,2,79,6,3,0,0.0,0.893,0,mover,active,0
2835,32,49,299,2,1,86,8,3,0,0.0,0.807,0,mover,active,0
2836,31,11,54,1,44,92,0,3,0,0.0,0.778,0,mover,lapsed,0
2837,29,45,134,14,1,5,10,2,1,71.4,0.957,0,newgrad,active,0
2838,26,29,100,7,77,1,15,3,1,74.4,0.844,0,newgrad,lapsed,0
2839,25,63,265,8,2,30,0,3,1,71.5,0.94,0,recent_career,active,0
2840,26,12,68,0,6,3,10,2,0,0.0,0.813,0,explorer,active,0
2841,25,96,291,24,0,5,19,4,0,0.0,0.868,0,newgrad,active,0
2842,29,59,188,14,4,1,24,3,1,57.7,0.676,0,newgrad,active,0
2843,26,40,132,6,3,4,4,2,1,54.0,0.963,0,newgrad,active,0
2844,26,17,72,0,147,14,0,3,1,77.0,0.812,0,recent_career,hired,0
2845,27,44,293,4,54,60,4,3,0,0.0,0.747,0,mover,hired,0
2846,31,21,57,3,5,0,-1,0,0,0.0,0.289,0,newgrad,active,1
2847,29,55,237,7,1,19,3,4,1,52.0,0.909,0,recent_career,active,0
2848,26,9,44,0,1,0,-1,0,0,0.0,0.238,0,explorer,active,1
2849,31,102,285,17,2,1,2,3,1,51.9,0.792,0,newgrad,active,0
2850,29,43,138,12,0,5,12,3,1,46.6,0.619,0,newgrad,active,0
2851,26,38,117,8,36,5,21,3,1,60.9,0.912,0,newgrad,hired,0
2852,31,16,83,0,10,11,1,3,0,0.0,0.949,0,explorer,active,0
2853,33,33,102,5,107,0,-1,0,0,0.0,0.207,0,newgrad,lapsed,1
2854,29,21,113,0,15,16,10,3,0,0.0,0.715,0,explorer,active,0
2855,26,24,117,0,0,24,15,3,0,0.0,0.907,0,explorer,active,0
2856,27,66,372,6,1,0,-1,0,0,0.0,0.342,0,mover,active,1
2857,30,68,205,10,0,5,18,2,1,48.9,0.865,0,newgrad,active,0
2858,33,26,120,0,11,16,13,3,0,0.0,0.65,0,explorer,active,0
2859,33,85,245,23,1,4,22,4,1,49.1,0.763,0,newgrad,active,0
2860,33,14,50,4,119,4,0,3,1,43.5,0.7,1,newgrad,hired,0
2861,32,78,211,21,0,3,16,3,0,0.0,0.793,0,newgrad,active,0
2862,30,93,276,17,0,4,23,3,1,60.4,0.881,0,newgrad,active,0
2863,30,46,171,5,7,0,-1,0,0,0.0,0.322,0,recent_career,active,1
2864,31,54,186,10,0,3,14,3,1,63.2,0.661,0,newgrad,active,0
2865,31,77,307,9,34,14,3,2,1,59.7,0.734,0,recent_career,hired,0
2866,30,71,236,18,0,3,17,3,0,0.0,0.764,0,newgrad,active,0
2867,26,36,230,5,5,0,-1,0,0,0.0,0.295,0,mover,active,1
2868,32,33,169,0,3,4,21,2,0,0.0,0.782,0,explorer,active,0
2869,25,60,269,7,1,0,-1,0,0,0.0,0.237,0,recent_career,active,1
2870,28,16,98,1,67,0,-1,0,0,0.0,0.181,0,mover,lapsed,1
2871,28,53,146,13,0,0,-1,3,1,62.7,0.616,0,newgrad,active,0
2872,33,70,278,11,2,7,5,3,0,0.0,0.783,0,recent_career,active,0
2873,25,100,305,24,0,0,-1,0,0,0.0,0.33,0,newgrad,active,1
2874,29,35,143,7,93,30,6,3,1,59.5,0.801,0,recent_career,lapsed,0
2875,28,45,165,9,3,6,5,3,0,0.0,0.888,0,recent_career,active,0
2876,25,63,178,11,8,0,-1,0,0,0.0,0.304,0,newgrad,active,1
2877,27,22,59,5,107,4,12,3,1,53.2,0.604,0,newgrad,hired,0
2878,28,71,215,17,10,5,14,3,1,51.6,0.789,0,newgrad,active,0
2879,33,81,284,7,2,29,11,3,1,64.6,0.737,0,recent_career,active,0
2880,28,7,29,1,133,0,-1,0,0,0.0,0.121,0,recent_career,lapsed,1
2881,32,29,99,2,9,0,-1,0,0,0.0,0.345,0,recent_career,active,1
2882,31,49,290,3,0,0,-1,0,0,0.0,0.3,0,mover,active,1
2883,32,38,118,8,2,3,19,4,1,60.7,0.642,0,newgrad,active,0
2884,32,18,92,2,112,0,-1,0,0,0.0,0.213,1,mover,hired,1
2885,31,40,139,8,78,5,8,3,1,56.3,0.804,0,newgrad,lapsed,0
2886,31,123,476,17,1,0,-1,0,0,0.0,0.241,0,recent_career,active,1
2887,26,21,108,1,0,10,5,2,0,0.0,0.867,0,explorer,active,0
2888,31,59,226,5,2,17,12,3,1,50.4,0.714,0,recent_career,active,0
2889,25,40,158,7,1,25,0,3,1,46.5,0.789,0,recent_career,active,0
2890,31,51,207,4,1,12,7,3,1,44.1,0.75,0,recent_career,active,0
2891,30,27,172,1,19,1,10,3,0,0.0,0.696,0,explorer,active,0
2892,31,23,141,0,25,75,11,3,1,47.1,0.791,0,mover,active,0
2893,30,51,301,2,0,0,-1,0,0,0.0,0.308,0,mover,active,1
2894,28,42,213,0,5,9,17,3,0,0.0,0.601,0,explorer,active,0
2895,28,79,315,10,0,23,8,3,1,46.9,0.671,0,recent_career,active,0
2896,30,14,85,0,2,0,-1,0,0,0.0,0.201,0,explorer,active,1
2897,29,4,12,0,156,9,10,3,1,53.7,0.644,0,recent_career,hired,0
2898,28,18,113,0,99,0,-1,0,0,0.0,0.289,0,mover,lapsed,1
2899,29,38,118,12,68,3,9,3,0,0.0,0.638,0,newgrad,hired,0
2900,29,39,110,4,2,4,16,3,0,0.0,0.858,0,newgrad,active,0
2901,27,26,139,0,3,0,-1,0,0,0.0,0.322,0,explorer,active,1
2902,30,37,166,5,70,0,-1,0,0,0.0,0.276,0,recent_career,hired,1
2903,27,14,62,0,70,4,7,3,1,59.3,0.829,1,explorer,hired,0
2904,27,55,163,13,0,3,2,3,1,62.0,0.729,0,newgrad,active,0
2905,28,65,417,3,2,58,24,3,0,0.0,0.795,0,mover,active,0
2906,25,8,35,0,121,21,8,4,0,0.0,0.764,1,explorer,hired,0
2907,30,5,18,1,159,0,-1,0,0,0.0,0.103,1,recent_career,hired,1
2908,31,9,35,0,3,0,-1,0,0,0.0,0.183,0,explorer,active,1
2909,33,8,40,0,146,46,8,3,0,0.0,0.768,0,mover,lapsed,0
2910,27,25,152,3,0,0,-1,0,0,0.0,0.212,0,mover,active,1
2911,29,56,227,8,0,26,1,3,1,66.8,0.73,0,recent_career,active,0
2912,29,65,189,12,2,5,12,4,1,79.9,0.867,0,newgrad,active,0
2913,31,55,329,3,3,84,12,3,0,0.0,0.794,0,mover,active,0
2914,30,87,259,20,1,4,22,3,0,0.0,0.893,0,newgrad,active,0
2915,32,47,194,6,55,13,4,3,1,74.0,0.957,0,recent_career,hired,0
2916,32,68,205,22,0,0,-1,4,0,0.0,0.715,0,newgrad,active,0
2917,26,29,164,0,26,4,0,4,0,0.0,0.946,0,explorer,active,0
2918,28,82,323,12,0,13,6,3,1,46.3,0.916,0,recent_career,active,0
2919,30,4,15,0,155,47,6,3,1,75.7,0.853,1,mover,hired,0
2920,29,13,57,0,93,21,21,4,0,0.0,0.755,0,explorer,lapsed,0
2921,29,49,208,1,5,0,-1,0,0,0.0,0.271,0,recent_career,active,1
2922,26,12,39,0,113,23,6,3,1,58.6,0.905,0,recent_career,hired,0
2923,30,28,187,3,4,57,13,3,0,0.0,0.63,0,mover,active,0
2924,31,63,252,7,1,17,6,2,0,0.0,0.611,0,recent_career,active,0
2925,25,22,137,2,49,52,16,3,0,0.0,0.841,0,mover,lapsed,0
2926,30,18,116,1,85,77,4,3,1,67.4,0.602,0,mover,hired,0
2927,33,23,124,2,4,0,-1,0,0,0.0,0.237,0,mover,active,1
2928,30,38,102,7,0,4,15,4,1,45.8,0.975,0,newgrad,active,0
2929,33,41,263,3,35,74,12,3,0,0.0,0.603,0,mover,hired,0
2930,28,45,284,1,1,94,17,3,0,0.0,0.814,0,mover,active,0
2931,25,11,32,0,137,20,1,3,1,68.3,0.829,0,recent_career,hired,0
2932,31,16,85,1,97,69,16,3,0,0.0,0.652,0,mover,hired,0
2933,26,21,113,0,1,13,3,2,0,0.0,0.886,0,explorer,active,0
2934,25,63,351,6,0,0,-1,0,0,0.0,0.29,0,mover,active,1
2935,26,20,55,7,92,0,-1,3,1,70.6,0.971,0,newgrad,lapsed,0
2936,33,69,214,17,1,0,-1,0,0,0.0,0.255,0,newgrad,active,1
2937,32,22,73,2,58,17,5,4,1,70.2,0.671,0,recent_career,hired,0
2938,27,117,358,25,2,2,21,3,0,0.0,0.956,0,newgrad,active,0
2939,30,46,184,3,1,18,5,3,1,64.2,0.647,0,recent_career,active,0
2940,28,3,16,0,180,16,15,3,0,0.0,0.926,0,explorer,hired,0
2941,26,36,110,6,3,0,-1,0,0,0.0,0.3,0,newgrad,active,1
2942,33,16,70,1,23,0,-1,0,0,0.0,0.198,0,explorer,active,1
2943,32,87,350,7,1,11,2,3,1,64.7,0.804,0,recent_career,active,0
2944,28,52,159,7,11,0,-1,3,0,0.0,0.863,0,newgrad,active,0
2945,28,26,77,3,108,0,-1,2,0,0.0,0.955,0,newgrad,lapsed,0
2946,32,68,204,11,0,3,0,3,1,53.8,0.731,0,newgrad,active,0
2947,29,13,61,0,31,23,6,2,1,62.6,0.734,0,explorer,active,0
2948,28,39,183,1,2,13,1,3,1,50.3,0.807,0,explorer,active,0
2949,28,12,51,0,2,0,-1,0,0,0.0,0.33,0,explorer,active,1
2950,29,4,13,2,152,0,-1,0,0,0.0,0.26,0,recent_career,lapsed,1
2951,29,20,124,0,7,23,10,2,1,60.0,0.64,0,explorer,active,0
2952,25,36,172,7,0,21,5,3,0,0.0,0.915,0,recent_career,active,0
2953,29,13,79,0,0,19,4,3,1,61.7,0.714,0,explorer,active,0
2954,28,140,460,24,0,2,4,4,1,44.2,0.674,0,newgrad,active,0
2955,27,36,99,7,0,2,23,2,1,68.9,0.802,0,newgrad,active,0
2956,28,64,282,7,0,0,-1,0,0,0.0,0.299,0,recent_career,active,1
2957,28,26,96,2,113,20,6,3,1,74.4,0.642,0,recent_career,hired,0
2958,28,46,153,4,1,3,19,4,1,56.3,0.879,0,newgrad,active,0
2959,33,19,99,1,7,12,13,3,0,0.0,0.971,0,explorer,active,0
2960,29,15,70,0,1,0,-1,3,0,0.0,0.666,0,explorer,active,0
2961,29,14,73,0,55,18,6,3,0,0.0,0.657,1,explorer,hired,0
2962,27,38,132,5,2,27,5,3,1,41.4,0.761,0,recent_career,active,0
2963,33,21,122,2,61,83,17,4,0,0.0,0.675,0,mover,hired,0
2964,25,33,95,8,3,2,13,2,0,0.0,0.794,0,newgrad,active,0
2965,29,28,162,1,3,0,-1,0,0,0.0,0.21,0,mover,active,1
2966,26,18,60,1,127,5,11,3,0,0.0,0.732,0,newgrad,lapsed,0
2967,31,51,161,9,1,1,1,3,1,79.1,0.805,0,newgrad,active,0
2968,28,73,443,4,0,51,9,3,0,0.0,0.794,0,mover,active,0
2969,27,65,273,8,1,0,-1,0,0,0.0,0.324,0,recent_career,active,1
2970,25,70,222,12,0,0,-1,3,1,65.1,0.835,0,newgrad,active,0
2971,32,34,198,2,13,80,3,3,0,0.0,0.705,0,mover,active,0
2972,28,60,233,4,0,8,8,2,1,67.7,0.899,0,recent_career,active,0
2973,27,20,99,0,88,13,19,3,1,42.9,0.776,0,explorer,hired,0
2974,32,101,305,10,2,3,17,3,0,0.0,0.736,0,newgrad,active,0
2975,25,24,140,0,31,7,24,3,0,0.0,0.644,0,explorer,active,0
2976,29,3,20,0,154,53,11,2,0,0.0,0.601,0,mover,hired,0
2977,26,46,268,2,1,95,16,3,0,0.0,0.624,0,mover,active,0
2978,26,34,208,3,53,76,20,3,0,0.0,0.805,0,mover,hired,0
2979,25,18,86,0,89,0,-1,3,0,0.0,0.609,0,explorer,lapsed,0
2980,26,34,234,1,4,46,10,4,0,0.0,0.805,0,mover,active,0
2981,33,29,114,7,131,1,3,3,1,58.2,0.79,0,newgrad,lapsed,0
2982,29,38,151,4,1,30,1,3,1,52.4,0.889,0,recent_career,active,0
2983,33,35,196,1,10,85,1,2,0,0.0,0.653,0,mover,active,0
2984,27,26,103,2,124,11,0,2,1,84.4,0.841,0,recent_career,hired,0
2985,31,43,122,7,0,2,11,3,1,70.2,0.833,0,newgrad,active,0
2986,25,25,109,5,44,8,6,3,1,56.2,0.636,0,recent_career,lapsed,0
2987,25,33,191,1,1,0,-1,0,0,0.0,0.166,0,mover,active,1
2988,25,65,258,6,2,19,0,2,1,51.5,0.948,0,recent_career,active,0
2989,33,36,219,0,0,0,-1,0,0,0.0,0.304,0,mover,active,1
2990,31,16,84,1,3,8,16,3,0,0.0,0.618,0,explorer,active,0
2991,31,13,64,1,1,14,7,3,0,0.0,0.84,0,explorer,active,0
2992,33,7,24,1,152,5,19,3,0,0.0,0.936,0,newgrad,lapsed,0
2993,27,42,242,1,3,48,21,3,0,0.0,0.856,0,mover,active,0
2994,31,34,196,4,3,74,18,4,0,0.0,0.607,0,mover,active,0
2995,29,37,97,9,0,0,-1,0,0,0.0,0.168,0,newgrad,active,1
2996,29,10,51,0,149,39,24,3,0,0.0,0.863,0,mover,lapsed,0
2997,30,31,121,4,114,0,-1,0,0,0.0,0.33,0,recent_career,lapsed,1
2998,29,6,29,0,4,0,-1,0,0,0.0,0.135,0,explorer,active,1
2999,25,11,49,3,157,7,6,3,1,68.9,0.879,0,recent_career,lapsed,0
3000,25,16,79,0,9,0,-1,3,0,0.0,0.928,0,explorer,active,0
3001,29,26,162,1,44,67,16,3,0,0.0,0.915,1,mover,hired,0
3002,30,45,151,8,0,0,-1,0,0,0.0,0.237,0,newgrad,active,1
3003,31,21,96,0,0,18,2,2,1,85.2,0.91,0,explorer,active,0
3004,30,116,450,19,1,0,-1,0,0,0.0,0.165,0,recent_career,active,1
3005,26,12,59,0,25,15,17,3,0,0.0,0.606,0,explorer,active,0
3006,28,22,142,0,88,87,2,2,0,0.0,0.64,0,mover,hired,0
3007,28,43,167,6,2,0,-1,0,0,0.0,0.26,0,recent_career,active,1
3008,33,57,234,6,1,20,1,3,1,51.3,0.901,0,recent_career,active,0
3009,29,24,120,0,39,18,8,3,1,67.0,0.984,0,explorer,hired,0
3010,30,64,219,9,1,1,19,4,0,0.0,0.709,0,newgrad,active,0
3011,31,11,65,0,29,10,14,3,1,53.2,0.773,0,explorer,active,0
3012,28,35,187,0,6,0,-1,0,0,0.0,0.107,0,explorer,active,1
3013,33,47,313,5,4,74,11,3,1,55.1,0.731,0,mover,active,0
3014,31,80,252,19,3,5,4,3,1,47.4,0.984,0,newgrad,active,0
3015,32,41,255,0,0,45,1,3,0,0.0,0.932,0,mover,active,0
3016,31,14,72,0,71,0,-1,0,0,0.0,0.298,0,explorer,hired,1
3017,30,75,293,18,0,0,-1,0,0,0.0,0.342,0,recent_career,active,1
3018,25,8,24,3,151,0,-1,0,0,0.0,0.116,0,newgrad,lapsed,1
3019,30,69,189,12,3,0,-1,0,0,0.0,0.182,0,newgrad,active,1
3020,26,14,33,1,160,0,-1,0,0,0.0,0.335,0,newgrad,lapsed,1
3021,30,22,122,1,15,2,22,3,0,0.0,0.945,0,explorer,active,0
3022,31,53,182,13,1,0,-1,0,0,0.0,0.138,0,newgrad,active,1
3023,29,21,113,2,4,50,13,4,0,0.0,0.76,0,mover,active,0
3024,27,56,169,9,48,3,11,3,1,44.2,0.853,0,newgrad,hired,0
3025,25,46,190,6,47,24,6,3,1,62.2,0.926,1,recent_career,hired,0
3026,31,56,169,11,2,5,21,2,1,73.3,0.632,0,newgrad,active,0
3027,31,24,132,0,8,7,9,3,0,0.0,0.908,0,explorer,active,0
3028,29,20,129,0,35,54,12,3,0,0.0,0.777,0,mover,lapsed,0
3029,31,44,133,6,11,2,3,4,0,0.0,0.704,0,newgrad,active,0
3030,32,23,95,0,3,0,-1,0,0,0.0,0.133,0,explorer,active,1
3031,29,72,292,5,2,28,4,3,1,70.9,0.77,0,recent_career,active,0
3032,25,104,304,19,0,1,20,4,1,65.9,0.929,0,newgrad,active,0
3033,32,29,87,2,2,1,6,3,0,0.0,0.602,0,newgrad,active,0
3034,29,19,97,0,17,6,10,3,0,0.0,0.97,0,explorer,active,0
3035,31,29,175,2,3,0,-1,0,0,0.0,0.28,0,mover,active,1
3036,33,26,146,1,46,0,-1,0,0,0.0,0.159,1,mover,hired,1
3037,28,50,192,6,1,0,-1,0,0,0.0,0.246,0,recent_career,active,1
3038,30,48,185,4,4,0,-1,0,0,0.0,0.348,0,recent_career,active,1
3039,25,12,72,0,0,96,20,3,0,0.0,0.755,0,mover,active,0
3040,32,34,86,5,71,3,21,3,0,0.0,0.715,0,newgrad,hired,0
3041,25,35,191,2,1,0,-1,0,0,0.0,0.159,0,explorer,active,1
3042,29,24,139,0,2,0,-1,0,0,0.0,0.179,0,explorer,active,1
3043,28,7,16,0,159,3,10,3,1,47.6,0.698,0,newgrad,lapsed,0
3044,25,37,171,0,7,5,24,3,1,65.9,0.669,0,explorer,active,0
3045,29,12,62,0,6,8,1,3,0,0.0,0.857,0,explorer,active,0
3046,33,63,196,16,1,4,6,3,1,100.0,0.885,0,newgrad,active,0
3047,26,12,76,0,122,0,-1,0,0,0.0,0.177,0,mover,hired,1
3048,27,25,138,0,5,2,2,3,0,0.0,0.959,0,explorer,active,0
3049,26,43,111,5,9,1,18,2,0,0.0,0.671,0,newgrad,active,0
3050,26,20,105,0,1,0,-1,3,1,69.3,0.736,0,explorer,active,0
3051,27,56,226,10,4,20,8,3,1,58.9,0.995,0,recent_career,active,0
3052,30,22,111,0,4,96,23,3,1,35.1,0.987,0,mover,active,0
3053,32,30,150,0,1,0,-1,0,0,0.0,0.211,0,explorer,active,1
3054,31,39,242,4,1,91,9,2,0,0.0,0.749,0,mover,active,0
3055,31,60,173,12,0,2,17,4,0,0.0,0.807,0,newgrad,active,0
3056,31,24,151,1,69,53,2,4,0,0.0,0.834,0,mover,hired,0
3057,28,70,289,6,1,8,5,3,1,48.9,0.985,0,recent_career,active,0
3058,33,63,257,4,3,8,12,3,1,54.7,0.713,0,recent_career,active,0
3059,26,79,209,18,0,3,18,3,1,54.8,0.866,0,newgrad,active,0
3060,31,38,222,3,3,64,8,3,1,49.5,0.782,0,mover,active,0
3061,25,51,177,10,6,0,-1,0,0,0.0,0.342,0,newgrad,active,1
3062,31,41,125,8,2,5,13,3,1,70.9,0.743,0,newgrad,active,0
3063,25,10,60,0,34,7,2,3,0,0.0,0.789,0,explorer,active,0
3064,26,23,87,3,63,0,-1,4,0,0.0,0.764,0,newgrad,hired,0
3065,28,63,173,15,0,1,8,3,1,53.4,0.804,0,newgrad,active,0
3066,31,160,475,28,0,0,-1,0,0,0.0,0.158,0,newgrad,active,1
3067,25,47,185,4,0,9,7,3,1,57.9,0.721,0,recent_career,active,0
3068,27,28,185,0,5,76,2,4,0,0.0,0.739,0,mover,active,0
3069,28,50,145,7,6,0,-1,3,1,52.1,0.947,0,newgrad,active,0
3070,31,9,39,0,146,29,7,3,0,0.0,0.776,0,recent_career,hired,0
3071,33,25,127,1,17,0,-1,0,0,0.0,0.145,0,explorer,active,1
3072,30,19,85,1,14,24,2,3,0,0.0,0.835,0,explorer,active,0
3073,29,20,120,0,1,63,22,4,0,0.0,0.672,0,mover,active,0
3074,28,18,95,0,23,4,9,4,0,0.0,0.608,0,explorer,active,0
3075,32,33,161,0,3,2,0,3,0,0.0,0.885,0,explorer,active,0
3076,25,100,318,13,1,5,4,3,1,45.5,0.799,0,newgrad,active,0
3077,26,27,177,1,0,55,0,4,1,77.0,0.925,0,mover,active,0
3078,26,22,152,2,104,38,22,4,0,0.0,0.845,0,mover,hired,0
3079,27,51,160,9,1,0,-1,0,0,0.0,0.156,0,newgrad,active,1
3080,29,74,209,20,47,2,21,3,0,0.0,0.666,0,newgrad,lapsed,0
3081,33,28,116,3,104,13,2,2,0,0.0,0.896,0,recent_career,hired,0
3082,30,22,139,0,34,0,-1,0,0,0.0,0.128,1,mover,hired,1
3083,28,16,78,1,20,0,-1,0,0,0.0,0.125,0,explorer,active,1
3084,26,5,23,0,134,15,7,3,0,0.0,0.996,0,explorer,lapsed,0
3085,30,12,40,1,145,3,3,3,1,46.8,0.838,1,newgrad,hired,0
3086,27,33,140,10,7,15,9,4,1,57.3,0.774,0,recent_career,active,0
3087,33,49,142,18,9,3,1,4,1,54.4,0.723,0,newgrad,active,0
3088,29,34,201,2,0,92,6,2,0,0.0,0.948,0,mover,active,0
3089,29,20,115,0,5,0,-1,0,0,0.0,0.265,0,explorer,active,1
3090,33,26,123,0,4,5,23,3,0,0.0,0.711,0,explorer,active,0
3091,27,27,135,0,9,12,15,3,0,0.0,0.888,0,explorer,active,0
3092,29,31,151,0,58,3,20,3,1,65.8,0.927,0,explorer,lapsed,0
3093,29,20,114,0,20,17,7,3,0,0.0,0.827,0,explorer,active,0
3094,27,9,20,3,0,5,12,3,1,72.6,0.889,0,newgrad,active,0
3095,25,29,106,7,1,25,10,3,1,50.1,0.722,0,recent_career,active,0
3096,27,62,250,9,12,12,9,3,1,76.0,0.845,0,recent_career,active,0
3097,26,85,268,14,1,2,6,3,0,0.0,0.772,0,newgrad,active,0
3098,31,47,160,8,3,0,-1,3,0,0.0,0.697,0,newgrad,active,0
3099,25,51,217,4,14,12,4,3,1,52.0,0.822,0,recent_career,active,0
3100,27,20,110,0,0,19,24,3,0,0.0,0.901,0,explorer,active,0
3101,32,89,359,12,0,19,10,4,0,0.0,0.71,0,recent_career,active,0
3102,30,0,0,0,180,11,11,3,1,57.0,0.651,0,explorer,hired,0
3103,31,21,99,0,4,24,13,3,1,62.2,0.636,0,explorer,active,0
3104,31,6,30,1,144,57,23,3,0,0.0,0.736,0,mover,hired,0
3105,27,21,106,2,0,60,5,4,1,50.2,0.998,0,mover,active,0
3106,30,111,318,27,4,1,21,3,1,52.5,0.608,0,newgrad,active,0
3107,26,25,133,3,115,60,12,3,0,0.0,0.936,0,mover,hired,0
3108,30,59,264,6,0,30,0,3,1,55.3,0.812,0,recent_career,active,0
3109,31,11,60,1,28,7,5,3,0,0.0,0.854,0,explorer,active,0
3110,32,39,106,12,6,5,20,3,1,66.5,0.773,0,newgrad,active,0
3111,33,49,151,9,0,0,-1,0,0,0.0,0.324,0,newgrad,active,1
3112,25,5,36,0,164,41,16,3,0,0.0,0.648,0,mover,hired,0
3113,27,17,107,0,4,0,-1,0,0,0.0,0.343,0,mover,active,1
3114,29,43,112,13,6,2,2,3,1,62.7,0.831,0,newgrad,active,0
3115,27,21,125,2,6,0,-1,0,0,0.0,0.19,0,mover,active,1
3116,30,69,276,7,0,0,-1,0,0,0.0,0.307,0,recent_career,active,1
3117,32,50,286,5,0,84,0,3,0,0.0,0.871,0,mover,active,0
3118,27,76,235,16,1,3,15,3,0,0.0,0.742,0,newgrad,active,0
3119,33,97,313,14,1,0,-1,2,0,0.0,0.954,0,newgrad,active,0
3120,32,50,202,7,3,6,9,3,1,63.3,0.921,0,recent_career,active,0
3121,33,76,229,15,0,5,5,4,0,0.0,0.685,0,newgrad,active,0
3122,25,68,187,20,0,2,12,3,1,50.2,0.71,0,newgrad,active,0
3123,27,89,282,16,0,0,-1,0,0,0.0,0.174,0,newgrad,active,1
3124,26,57,214,6,10,0,-1,0,0,0.0,0.261,0,recent_career,active,1
3125,26,65,264,12,1,0,-1,0,0,0.0,0.278,0,recent_career,active,1
3126,25,19,113,0,136,48,18,3,0,0.0,0.975,0,mover,lapsed,0
3127,28,35,144,4,0,0,-1,0,0,0.0,0.274,0,recent_career,active,1
3128,25,35,214,2,2,89,17,3,1,79.0,0.998,0,mover,active,0
3129,27,23,104,0,17,9,8,4,0,0.0,0.672,0,explorer,active,0
3130,33,42,151,12,52,5,15,3,1,83.0,0.93,0,newgrad,lapsed,0
3131,32,2,10,0,153,1,14,2,1,53.0,0.625,0,explorer,hired,0
3132,33,44,188,4,7,0,-1,0,0,0.0,0.244,0,recent_career,active,1
3133,25,13,54,2,136,0,-1,0,0,0.0,0.134,1,recent_career,hired,1
3134,30,39,215,3,18,45,7,3,0,0.0,0.821,0,mover,active,0
3135,30,19,82,0,11,0,-1,0,0,0.0,0.273,0,explorer,active,1
3136,26,13,63,0,138,1,7,3,0,0.0,0.673,0,explorer,lapsed,0
3137,33,98,377,12,0,24,4,2,1,50.5,0.658,0,recent_career,active,0
3138,28,1,3,0,165,11,19,3,0,0.0,0.709,0,explorer,hired,0
3139,33,16,46,2,110,0,-1,0,0,0.0,0.282,0,newgrad,lapsed,1
3140,26,45,149,13,0,3,16,4,0,0.0,0.722,0,newgrad,active,0
3141,30,56,209,5,0,0,-1,0,0,0.0,0.155,0,recent_career,active,1
3142,26,34,173,0,0,10,7,3,1,73.8,0.603,0,explorer,active,0
3143,33,93,355,10,0,7,11,2,1,78.4,0.882,0,recent_career,active,0
3144,30,25,133,0,0,2,24,3,0,0.0,0.896,0,explorer,active,0
3145,25,38,215,0,4,0,-1,0,0,0.0,0.121,0,mover,active,1
3146,26,32,186,0,2,90,13,3,0,0.0,0.653,0,mover,active,0
3147,28,59,348,2,5,75,19,3,1,44.9,0.76,0,mover,active,0
3148,25,5,18,0,141,4,3,2,1,55.3,0.894,0,explorer,lapsed,0
3149,25,93,328,7,0,0,-1,0,0,0.0,0.246,0,recent_career,active,1
3150,33,47,189,7,11,0,-1,0,0,0.0,0.26,0,recent_career,active,1
3151,33,54,331,1,4,0,-1,0,0,0.0,0.326,0,mover,active,1
3152,29,79,241,17,1,0,-1,0,0,0.0,0.26,0,newgrad,active,1
3153,33,55,200,7,0,25,7,3,0,0.0,0.963,0,recent_career,active,0
3154,30,18,77,5,127,6,6,4,1,38.5,0.757,0,recent_career,hired,0
3155,25,63,191,17,0,3,11,2,1,45.4,0.675,0,newgrad,active,0
3156,31,77,316,8,0,0,-1,0,0,0.0,0.222,0,recent_career,active,1
3157,25,9,40,2,149,10,7,2,1,69.5,0.873,1,recent_career,hired,0
3158,32,20,105,0,2,22,17,3,0,0.0,0.942,0,explorer,active,0
3159,28,39,113,5,50,5,0,3,1,76.9,0.677,1,newgrad,hired,0
3160,26,27,116,0,13,20,19,3,0,0.0,0.904,0,explorer,active,0
3161,27,21,107,0,1,0,-1,0,0,0.0,0.299,0,explorer,active,1
3162,31,64,254,11,4,0,-1,0,0,0.0,0.248,0,recent_career,active,1
3163,32,26,182,1,3,48,7,4,0,0.0,0.965,0,mover,active,0
3164,30,4,19,0,180,85,1,3,0,0.0,0.712,1,mover,hired,0
3165,26,28,168,1,29,46,16,3,0,0.0,0.999,0,mover,active,0
3166,33,9,32,3,149,6,0,3,1,45.1,0.978,0,recent_career,lapsed,0
3167,32,60,231,8,0,18,5,2,1,61.8,0.642,0,recent_career,active,0
3168,28,46,178,6,112,30,7,4,1,73.8,0.676,0,recent_career,hired,0
3169,29,31,181,3,2,93,12,3,0,0.0,0.884,0,mover,active,0
3170,33,1,4,0,162,0,-1,4,0,0.0,0.877,0,explorer,hired,0
3171,28,44,277,0,5,44,13,3,1,65.4,0.716,0,mover,active,0
3172,25,66,376,3,0,0,-1,0,0,0.0,0.104,0,mover,active,1
3173,26,25,114,1,21,10,21,3,0,0.0,0.892,0,explorer,active,0
3174,30,20,117,4,3,95,4,3,0,0.0,0.669,0,mover,active,0
3175,33,46,197,7,11,0,-1,0,0,0.0,0.19,0,recent_career,active,1
3176,31,13,69,0,64,0,-1,0,0,0.0,0.274,0,explorer,lapsed,1
3177,30,103,294,27,1,5,16,3,1,62.5,0.908,0,newgrad,active,0
3178,27,73,302,7,2,0,-1,0,0,0.0,0.238,0,recent_career,active,1
3179,28,105,324,22,1,0,-1,0,0,0.0,0.118,0,newgrad,active,1
3180,25,3,13,0,120,20,5,3,0,0.0,0.969,0,explorer,lapsed,0
3181,28,5,18,1,169,2,8,3,0,0.0,0.648,0,newgrad,hired,0
3182,30,64,208,14,4,3,18,4,0,0.0,0.708,0,newgrad,active,0
3183,33,17,62,1,115,0,-1,0,0,0.0,0.209,0,recent_career,hired,1
3184,33,47,180,3,0,0,-1,0,0,0.0,0.137,0,recent_career,active,1
3185,32,6,19,0,149,0,-1,0,0,0.0,0.139,0,recent_career,lapsed,1
3186,25,65,411,3,3,0,-1,0,0,0.0,0.213,0,mover,active,1
3187,32,5,22,0,151,0,-1,0,0,0.0,0.306,0,explorer,hired,1
3188,26,80,331,8,0,15,3,3,1,79.2,0.707,0,recent_career,active,0
3189,30,55,162,9,2,5,3,4,0,0.0,0.812,0,newgrad,active,0
3190,33,44,176,5,89,20,12,3,1,66.2,0.934,0,recent_career,hired,0
3191,32,32,114,3,50,0,-1,0,0,0.0,0.268,0,recent_career,hired,1
3192,30,19,123,2,32,96,8,3,0,0.0,0.802,0,mover,active,0
3193,27,47,285,1,2,96,23,3,1,73.9,0.736,0,mover,active,0
3194,29,41,240,2,7,37,1,4,0,0.0,0.731,0,mover,active,0
3195,31,50,135,11,5,0,-1,0,0,0.0,0.323,0,newgrad,active,1
3196,29,21,116,3,45,50,24,3,0,0.0,0.612,0,mover,hired,0
3197,28,33,128,3,2,18,3,3,0,0.0,0.801,0,recent_career,active,0
3198,28,78,280,6,36,17,7,3,1,61.0,0.913,0,recent_career,lapsed,0
3199,30,16,101,0,39,19,5,4,0,0.0,0.758,0,explorer,lapsed,0
3200,25,8,41,0,143,0,-1,0,0,0.0,0.288,0,explorer,lapsed,1
3201,33,18,100,0,8,22,10,3,0,0.0,0.719,0,explorer,active,0
3202,25,14,87,0,5,10,10,3,0,0.0,0.976,0,explorer,active,0
3203,33,36,224,2,6,0,-1,0,0,0.0,0.292,0,mover,active,1
3204,25,11,54,0,3,0,-1,0,0,0.0,0.247,0,explorer,active,1
3205,29,41,114,12,0,5,2,3,1,62.9,0.848,0,newgrad,active,0
3206,28,50,181,7,67,16,10,3,1,63.1,0.851,0,recent_career,hired,0
3207,30,44,175,5,0,19,9,3,1,76.1,0.709,0,recent_career,active,0
3208,28,49,198,11,18,0,-1,0,0,0.0,0.298,0,recent_career,active,1
3209,33,37,144,10,7,0,-1,0,0,0.0,0.147,0,recent_career,active,1
3210,25,48,149,7,2,0,-1,0,0,0.0,0.232,0,newgrad,active,1
3211,33,14,89,0,0,57,23,4,0,0.0,0.659,0,mover,active,0
3212,31,16,67,1,19,23,3,2,0,0.0,0.75,0,explorer,active,0
3213,32,26,170,0,137,92,19,4,0,0.0,0.912,0,mover,lapsed,0
3214,26,50,219,5,5,0,-1,0,0,0.0,0.248,0,recent_career,active,1
3215,25,22,124,0,0,3,13,3,0,0.0,0.922,0,explorer,active,0
3216,28,43,118,8,42,0,-1,0,0,0.0,0.32,1,newgrad,hired,1
3217,27,75,282,8,0,13,0,3,1,67.7,0.617,0,recent_career,active,0
3218,32,108,317,21,0,4,17,3,1,43.3,0.753,0,newgrad,active,0
3219,33,49,158,11,79,3,13,3,1,51.9,0.968,0,newgrad,lapsed,0
3220,28,24,73,2,103,2,13,2,1,84.4,0.776,0,newgrad,lapsed,0
3221,31,14,62,0,97,18,6,3,0,0.0,0.719,0,explorer,lapsed,0
3222,25,9,47,0,70,24,24,3,0,0.0,0.848,1,explorer,hired,0
3223,31,13,77,0,133,55,7,2,0,0.0,0.913,0,mover,lapsed,0
3224,25,43,168,7,0,0,-1,0,0,0.0,0.324,0,recent_career,active,1
3225,31,20,93,0,112,13,9,3,0,0.0,0.956,0,explorer,lapsed,0
3226,28,47,276,2,1,80,20,3,0,0.0,0.674,0,mover,active,0
3227,28,37,147,3,4,7,8,3,1,70.4,0.782,0,recent_career,active,0
3228,27,33,238,1,10,0,-1,0,0,0.0,0.114,0,mover,active,1
3229,28,53,140,12,57,0,-1,0,0,0.0,0.315,0,newgrad,hired,1
3230,32,85,236,19,15,0,-1,0,0,0.0,0.262,0,newgrad,active,1
3231,32,67,298,3,0,20,9,4,1,57.9,0.787,0,recent_career,active,0
3232,28,60,203,12,67,0,-1,3,0,0.0,0.848,0,newgrad,hired,0
3233,27,37,164,2,74,12,2,3,1,50.5,0.635,0,recent_career,hired,0
3234,29,34,182,4,0,9,11,2,1,68.2,0.778,0,recent_career,active,0
3235,31,3,14,0,157,24,0,3,1,69.3,0.808,0,recent_career,hired,0
3236,26,2,8,0,161,0,-1,0,0,0.0,0.203,0,explorer,hired,1
3237,31,68,202,17,35,5,1,3,1,58.4,0.634,0,newgrad,lapsed,0
3238,33,22,62,3,91,3,4,2,1,56.5,0.964,0,newgrad,hired,0
3239,32,13,41,3,122,0,-1,3,1,45.2,0.917,1,newgrad,hired,0
3240,29,21,115,0,10,7,1,3,0,0.0,0.663,0,explorer,active,0
3241,27,24,146,0,4,46,0,4,1,74.0,0.939,0,mover,active,0
3242,27,15,94,0,73,24,8,3,0,0.0,0.643,0,explorer,hired,0
3243,31,57,153,12,0,3,20,3,0,0.0,0.819,0,newgrad,active,0
3244,29,48,186,11,1,13,6,4,1,52.2,0.879,0,recent_career,active,0
3245,25,33,170,0,56,89,3,3,0,0.0,0.949,0,mover,lapsed,0
3246,31,35,107,5,2,0,-1,0,0,0.0,0.219,0,newgrad,active,1
3247,26,5,25,0,132,0,-1,0,0,0.0,0.222,0,explorer,lapsed,1
3248,33,18,86,0,1,7,16,3,0,0.0,0.853,0,explorer,active,0
3249,28,64,194,6,2,2,12,3,1,73.4,0.944,0,newgrad,active,0
3250,28,22,114,0,8,7,5,3,0,0.0,0.635,0,explorer,active,0
3251,25,32,193,1,6,46,14,3,1,45.5,0.876,0,mover,active,0
3252,26,47,140,10,58,0,-1,0,0,0.0,0.22,0,newgrad,lapsed,1
3253,33,12,28,1,155,0,-1,0,0,0.0,0.337,0,newgrad,hired,1
3254,29,16,49,2,105,0,-1,0,0,0.0,0.15,1,recent_career,hired,1
3255,33,34,192,1,0,3,22,3,0,0.0,0.957,0,explorer,active,0
3256,33,76,307,13,37,14,8,3,1,52.2,0.62,0,recent_career,lapsed,0
3257,25,28,104,4,59,1,11,3,1,58.3,0.659,0,newgrad,lapsed,0
3258,28,55,341,5,3,0,-1,0,0,0.0,0.295,0,mover,active,1
3259,32,84,345,8,1,0,-1,0,0,0.0,0.183,0,recent_career,active,1
3260,29,37,174,1,80,21,9,3,1,45.0,0.665,1,recent_career,hired,0
3261,29,24,149,3,1,0,-1,0,0,0.0,0.242,0,mover,active,1
3262,30,77,306,10,0,22,2,3,0,0.0,0.827,0,recent_career,active,0
3263,31,91,294,18,2,4,2,2,1,61.9,0.604,0,newgrad,active,0
3264,33,42,113,9,2,0,-1,0,0,0.0,0.198,0,newgrad,active,1
3265,32,33,87,9,97,0,-1,0,0,0.0,0.126,0,newgrad,hired,1
3266,30,92,377,10,0,21,10,3,1,68.2,0.954,0,recent_career,active,0
3267,30,17,82,0,45,20,1,3,0,0.0,0.767,0,explorer,lapsed,0
3268,28,18,75,0,65,23,5,2,0,0.0,0.775,1,explorer,hired,0
3269,26,51,190,4,94,0,-1,0,0,0.0,0.294,0,recent_career,lapsed,1
3270,31,5,21,0,20,17,3,3,0,0.0,0.785,0,explorer,active,0
3271,25,44,246,4,6,46,6,3,1,68.6,0.956,0,mover,active,0
3272,31,14,77,0,127,75,11,3,1,59.6,0.601,0,mover,hired,0
3273,29,13,66,0,138,0,-1,0,0,0.0,0.106,0,mover,lapsed,1
3274,32,18,102,1,108,0,-1,0,0,0.0,0.158,0,mover,hired,1
3275,33,6,30,0,57,21,22,3,0,0.0,0.731,0,explorer,lapsed,0
3276,29,31,100,4,113,0,-1,4,1,41.3,0.623,0,newgrad,lapsed,0
3277,30,52,164,14,6,1,19,3,1,49.6,0.723,0,newgrad,active,0
3278,29,70,202,12,0,0,-1,3,0,0.0,0.609,0,newgrad,active,0
3279,28,100,371,10,2,0,-1,0,0,0.0,0.328,0,recent_career,active,1
3280,25,14,100,2,104,59,7,3,0,0.0,0.652,0,mover,lapsed,0
3281,25,37,145,6,73,6,6,3,1,75.0,0.641,1,recent_career,hired,0
3282,31,52,152,11,7,1,9,3,1,60.6,0.836,0,newgrad,active,0
3283,33,4,8,0,138,7,8,4,1,50.7,0.709,0,recent_career,lapsed,0
3284,25,50,185,7,0,21,0,3,1,75.3,0.839,0,recent_career,active,0
3285,27,50,306,1,6,0,-1,0,0,0.0,0.231,0,mover,active,1
3286,30,4,22,2,159,37,7,3,1,38.3,0.862,0,mover,lapsed,0
3287,31,25,80,2,37,0,-1,0,0,0.0,0.253,0,newgrad,lapsed,1
3288,31,33,135,3,79,15,0,3,1,72.3,0.868,0,recent_career,lapsed,0
3289,31,73,205,19,1,0,-1,3,1,72.2,0.745,0,newgrad,active,0
3290,25,56,170,7,2,3,13,3,0,0.0,0.715,0,newgrad,active,0
3291,27,34,190,2,10,75,12,4,0,0.0,0.849,0,mover,active,0
3292,29,4,21,2,127,0,-1,0,0,0.0,0.22,0,mover,lapsed,1
3293,25,51,144,10,4,3,8,3,1,57.6,0.818,0,newgrad,active,0
3294,28,82,233,16,3,3,21,3,1,60.4,0.617,0,newgrad,active,0
3295,28,27,143,1,6,22,9,3,0,0.0,0.874,0,explorer,active,0
3296,33,50,231,0,5,8,7,3,0,0.0,0.693,0,explorer,active,0
3297,27,68,213,13,0,5,1,3,0,0.0,0.774,0,newgrad,active,0
3298,33,137,451,20,0,2,1,3,1,52.1,0.75,0,newgrad,active,0
3299,31,54,246,2,0,26,2,3,0,0.0,0.962,0,recent_career,active,0
3300,31,23,94,0,14,4,1,2,0,0.0,0.942,0,explorer,active,0
3301,32,96,309,17,0,5,20,3,1,58.3,0.725,0,newgrad,active,0
3302,32,47,150,12,0,2,14,2,0,0.0,0.765,0,newgrad,active,0
3303,27,17,77,0,1,12,9,3,0,0.0,0.909,0,explorer,active,0
3304,28,63,389,8,1,39,17,3,1,65.8,0.809,0,mover,active,0
3305,29,21,64,3,108,11,2,2,1,71.3,0.732,0,recent_career,lapsed,0
3306,33,55,205,10,0,0,-1,0,0,0.0,0.284,0,recent_career,active,1
3307,25,74,274,12,1,10,3,3,1,53.4,0.913,0,recent_career,active,0
3308,29,15,88,0,128,66,7,4,0,0.0,0.899,0,mover,lapsed,0
3309,26,51,188,6,1,10,5,3,1,56.1,0.896,0,recent_career,active,0
3310,26,17,101,0,3,0,-1,0,0,0.0,0.112,0,explorer,active,1
3311,31,40,198,1,7,3,4,2,0,0.0,0.892,0,explorer,active,0
3312,26,1,9,0,164,72,12,2,0,0.0,0.905,1,mover,hired,0
3313,32,50,294,2,1,72,9,2,0,0.0,0.996,0,mover,active,0
3314,33,50,165,8,0,0,-1,0,0,0.0,0.319,0,newgrad,active,1
3315,31,46,163,2,0,13,10,3,0,0.0,0.756,0,recent_career,active,0
3316,26,49,323,1,1,95,24,3,0,0.0,0.922,0,mover,active,0
3317,26,55,220,7,6,19,7,3,1,62.4,0.601,0,recent_career,active,0
3318,28,50,183,6,1,18,10,3,0,0.0,0.746,0,recent_career,active,0
3319,29,72,222,10,2,4,14,3,1,62.8,0.814,0,newgrad,active,0
3320,32,47,189,4,2,8,2,3,1,73.1,0.909,0,recent_career,active,0
3321,28,56,171,16,0,2,15,3,1,53.6,0.951,0,newgrad,active,0
3322,26,53,323,3,1,79,11,3,0,0.0,0.987,0,mover,active,0
3323,33,33,147,0,2,21,9,3,0,0.0,0.728,0,explorer,active,0
3324,33,34,184,1,1,61,0,3,1,59.3,0.715,0,mover,active,0
3325,30,33,167,0,1,10,12,2,0,0.0,0.788,0,explorer,active,0
3326,31,19,50,3,135,0,-1,0,0,0.0,0.234,1,newgrad,hired,1
3327,33,19,107,0,17,3,9,2,1,47.4,0.904,0,explorer,active,0
3328,29,68,208,11,1,1,20,3,1,58.6,0.959,0,newgrad,active,0
3329,26,80,195,10,0,2,18,3,0,0.0,0.662,0,newgrad,active,0
3330,30,12,58,1,17,10,14,3,0,0.0,0.783,0,explorer,active,0
3331,29,25,79,3,1,5,6,3,1,60.6,0.938,0,newgrad,active,0
3332,32,58,216,8,5,0,-1,0,0,0.0,0.147,0,recent_career,active,1
3333,31,41,114,7,99,0,-1,4,1,76.5,0.844,0,newgrad,hired,0
3334,29,60,174,20,2,0,-1,2,1,49.9,0.809,0,newgrad,active,0
3335,28,74,224,12,3,5,1,4,1,80.0,0.893,0,newgrad,active,0
3336,28,35,112,7,0,3,9,3,1,54.4,0.742,0,newgrad,active,0
3337,30,34,136,1,3,0,-1,0,0,0.0,0.271,0,explorer,active,1
3338,30,76,226,12,0,0,-1,0,0,0.0,0.108,0,newgrad,active,1
3339,29,51,158,7,2,4,13,3,1,47.4,0.929,0,newgrad,active,0
3340,29,101,302,24,2,1,20,4,0,0.0,0.608,0,newgrad,active,0
3341,33,13,56,1,1,20,1,3,0,0.0,0.928,0,explorer,active,0
3342,27,73,278,4,6,11,11,3,0,0.0,0.791,0,recent_career,active,0
3343,26,19,87,1,147,23,5,3,0,0.0,0.815,0,recent_career,lapsed,0
3344,32,41,140,11,9,5,24,4,1,35.6,0.7,0,newgrad,active,0
3345,33,50,293,4,2,41,2,2,1,55.9,0.955,0,mover,active,0
3346,30,18,100,0,31,11,18,3,0,0.0,0.692,0,explorer,active,0
3347,28,3,16,0,165,59,8,2,0,0.0,0.7,0,mover,lapsed,0
3348,28,21,117,1,18,5,21,3,0,0.0,0.772,0,explorer,active,0
3349,29,9,19,2,146,2,3,3,1,63.6,0.755,1,newgrad,hired,0
3350,25,36,151,2,5,0,-1,0,0,0.0,0.157,0,recent_career,active,1
3351,29,65,260,8,2,21,3,2,1,69.8,0.783,0,recent_career,active,0
3352,27,66,283,8,1,14,6,2,1,65.9,0.641,0,recent_career,active,0
3353,27,87,249,15,2,4,21,3,1,78.2,0.859,0,newgrad,active,0
3354,30,56,175,12,0,3,21,3,1,75.6,0.911,0,newgrad,active,0
3355,33,128,384,38,0,1,16,3,0,0.0,0.754,0,newgrad,active,0
3356,26,35,211,1,1,93,4,3,0,0.0,0.898,0,mover,active,0
3357,33,89,261,18,1,2,6,2,1,83.5,0.627,0,newgrad,active,0
3358,29,45,248,2,5,52,21,3,0,0.0,0.826,0,mover,active,0
3359,33,35,206,0,2,42,4,3,0,0.0,0.787,0,mover,active,0
3360,28,34,112,7,1,0,-1,4,1,42.1,0.743,0,newgrad,active,0
3361,33,71,212,11,0,4,3,2,0,0.0,0.638,0,newgrad,active,0
3362,30,25,130,3,3,44,1,3,0,0.0,0.852,0,mover,active,0
3363,31,12,59,0,77,61,13,3,0,0.0,0.741,0,mover,lapsed,0
3364,30,50,144,11,6,3,18,3,1,64.4,0.702,0,newgrad,active,0
3365,29,54,174,9,13,0,-1,0,0,0.0,0.308,0,newgrad,active,1
3366,29,58,349,2,2,54,6,3,0,0.0,0.911,0,mover,active,0
3367,32,19,142,1,98,0,-1,0,0,0.0,0.264,0,mover,lapsed,1
3368,32,40,169,8,2,0,-1,0,0,0.0,0.101,0,recent_career,active,1
3369,25,91,276,12,1,4,8,3,1,59.0,0.602,0,newgrad,active,0
3370,31,8,41,1,2,14,6,3,0,0.0,0.688,0,explorer,active,0
3371,32,27,112,3,109,22,12,3,1,49.4,0.833,0,recent_career,lapsed,0
3372,31,7,40,0,17,0,-1,0,0,0.0,0.172,0,explorer,active,1
3373,29,39,171,4,9,19,12,3,1,70.9,0.758,0,recent_career,active,0
3374,28,15,44,1,149,0,-1,0,0,0.0,0.29,1,newgrad,hired,1
3375,31,74,206,16,0,2,2,3,0,0.0,0.768,0,newgrad,active,0
3376,30,20,80,2,114,29,3,3,1,51.0,0.728,0,recent_career,lapsed,0
3377,28,8,46,0,4,20,12,2,0,0.0,0.8,0,explorer,active,0
3378,28,67,173,12,64,0,-1,2,1,79.9,0.826,0,newgrad,lapsed,0
3379,28,29,130,1,4,13,17,3,0,0.0,0.738,0,explorer,active,0
3380,25,158,447,21,0,0,-1,0,0,0.0,0.242,0,newgrad,active,1
3381,25,26,131,1,2,17,24,3,0,0.0,0.69,0,explorer,active,0
3382,25,13,68,0,18,10,20,2,0,0.0,0.67,0,explorer,active,0
3383,28,16,96,1,109,70,20,3,0,0.0,0.78,0,mover,lapsed,0
3384,29,64,269,13,0,19,1,2,1,57.1,0.868,0,recent_career,active,0
3385,28,39,240,2,1,73,2,3,0,0.0,0.61,0,mover,active,0
3386,33,20,101,2,12,68,9,3,0,0.0,0.733,0,mover,active,0
3387,27,53,225,0,11,0,-1,0,0,0.0,0.169,0,explorer,active,1
3388,28,60,180,21,1,1,17,2,0,0.0,0.975,0,newgrad,active,0
3389,27,40,128,6,32,1,20,3,1,49.0,0.632,0,newgrad,hired,0
3390,27,38,148,5,14,0,-1,0,0,0.0,0.246,0,recent_career,active,1
3391,30,32,187,2,7,96,2,3,0,0.0,0.795,0,mover,active,0
3392,27,19,93,1,19,1,16,3,0,0.0,0.985,0,explorer,active,0
3393,27,17,59,2,67,11,12,3,1,81.4,0.874,0,recent_career,hired,0
3394,31,39,183,2,3,0,-1,0,0,0.0,0.25,0,explorer,active,1
3395,32,25,129,0,4,6,3,3,0,0.0,0.947,0,explorer,active,0
3396,26,92,368,13,0,10,5,2,0,0.0,0.992,0,recent_career,active,0
3397,26,10,38,0,152,0,-1,0,0,0.0,0.262,0,recent_career,hired,1
3398,27,55,327,3,3,0,-1,0,0,0.0,0.223,0,mover,active,1
3399,30,9,59,0,120,49,24,4,0,0.0,0.843,0,mover,hired,0
3400,33,94,352,16,78,10,2,3,1,59.1,0.729,0,recent_career,hired,0
3401,26,25,120,0,16,0,-1,0,0,0.0,0.14,0,explorer,active,1
3402,25,51,154,5,1,3,7,4,1,57.8,0.78,0,newgrad,active,0
3403,29,23,109,0,4,14,3,2,1,49.4,0.811,0,explorer,active,0
3404,33,7,36,0,2,11,24,3,0,0.0,0.803,0,explorer,active,0
3405,29,21,111,0,21,23,14,3,0,0.0,0.869,0,explorer,active,0
3406,33,40,123,11,73,2,5,3,1,70.3,0.799,0,newgrad,lapsed,0
3407,30,57,177,17,0,0,-1,0,0,0.0,0.108,0,newgrad,active,1
3408,25,26,82,3,7,1,21,3,0,0.0,0.955,0,newgrad,active,0
3409,28,114,449,16,0,0,-1,0,0,0.0,0.102,0,recent_career,active,1
3410,31,10,56,0,126,88,23,3,0,0.0,0.785,1,mover,hired,0
3411,29,58,235,8,1,0,-1,0,0,0.0,0.153,0,recent_career,active,1
3412,26,63,196,7,2,2,12,3,1,54.5,0.821,0,newgrad,active,0
3413,26,37,169,3,107,15,9,2,1,56.0,0.608,0,recent_career,hired,0
3414,30,77,239,20,2,3,3,3,1,49.8,0.619,0,newgrad,active,0
3415,29,65,179,9,1,0,-1,0,0,0.0,0.118,0,newgrad,active,1
3416,30,19,121,1,1,51,21,4,1,54.7,0.749,0,mover,active,0
3417,28,15,82,1,64,3,0,3,0,0.0,0.84,0,explorer,hired,0
3418,28,30,119,5,0,0,-1,0,0,0.0,0.334,0,recent_career,active,1
3419,30,26,141,0,6,5,20,2,0,0.0,0.745,0,explorer,active,0
3420,25,29,159,0,1,24,22,3,0,0.0,0.683,0,explorer,active,0
3421,28,27,69,5,108,0,-1,0,0,0.0,0.255,0,newgrad,hired,1
3422,28,27,174,1,11,0,-1,0,0,0.0,0.199,0,mover,active,1
3423,32,52,176,12,0,0,-1,3,1,70.7,0.903,0,newgrad,active,0
3424,31,54,207,6,9,16,12,3,1,64.4,0.95,0,recent_career,active,0
3425,28,79,239,9,4,0,-1,4,1,60.3,0.681,0,newgrad,active,0
3426,27,40,172,10,1,21,1,4,1,68.0,0.761,0,recent_career,active,0
3427,27,12,54,0,12,0,-1,0,0,0.0,0.269,0,explorer,active,1
3428,26,22,99,0,0,2,18,3,0,0.0,0.942,0,explorer,active,0
3429,27,9,34,0,89,2,13,3,0,0.0,0.987,0,explorer,lapsed,0
3430,31,52,302,2,3,77,7,3,0,0.0,0.836,0,mover,active,0
3431,25,31,215,1,9,80,6,4,1,29.4,0.794,0,mover,active,0
3432,25,22,107,0,3,0,-1,0,0,0.0,0.256,0,explorer,active,1
3433,29,27,69,3,130,4,9,3,1,67.0,0.947,0,newgrad,hired,0
3434,27,32,130,3,5,10,7,3,1,36.7,0.902,0,recent_career,active,0
3435,32,17,94,2,87,60,2,3,1,64.2,0.896,0,mover,hired,0
3436,31,36,106,7,87,0,-1,0,0,0.0,0.301,0,newgrad,hired,1
3437,31,37,106,11,63,5,10,4,1,63.9,0.672,0,newgrad,lapsed,0
3438,29,69,257,15,3,0,-1,0,0,0.0,0.256,0,recent_career,active,1
3439,28,23,128,2,13,83,11,3,1,57.6,0.639,0,mover,active,0
3440,28,92,280,12,1,4,15,3,1,57.7,0.712,0,newgrad,active,0
3441,26,32,131,2,6,0,-1,0,0,0.0,0.251,0,recent_career,active,1
3442,30,36,129,3,3,14,7,4,1,67.6,0.906,0,recent_career,active,0
3443,32,18,58,4,148,0,-1,3,0,0.0,0.622,1,newgrad,hired,0
3444,27,24,105,2,1,0,-1,0,0,0.0,0.165,0,explorer,active,1
3445,25,10,34,2,128,3,5,2,1,66.7,0.754,0,newgrad,lapsed,0
3446,30,32,198,3,0,0,-1,0,0,0.0,0.343,0,mover,active,1
3447,28,7,39,0,99,3,7,3,1,49.7,0.615,0,explorer,hired,0
3448,32,1,5,2,157,4,14,4,1,60.4,0.752,0,newgrad,hired,0
3449,32,27,126,0,11,9,7,2,0,0.0,0.673,0,explorer,active,0
3450,33,53,311,0,3,37,9,3,1,50.7,0.683,0,mover,active,0
3451,28,23,148,2,9,0,-1,0,0,0.0,0.274,0,mover,active,1
3452,33,60,219,4,2,0,-1,0,0,0.0,0.11,0,recent_career,active,1
3453,26,78,298,13,3,0,-1,0,0,0.0,0.138,0,recent_career,active,1
3454,28,24,133,0,4,12,16,2,0,0.0,0.996,0,explorer,active,0
3455,27,23,139,1,1,14,20,3,1,55.2,0.738,0,explorer,active,0
3456,33,11,66,0,0,8,16,3,0,0.0,0.897,0,explorer,active,0
3457,30,11,53,0,76,1,4,3,1,85.0,0.739,0,explorer,hired,0
3458,28,58,260,5,2,0,-1,0,0,0.0,0.327,0,recent_career,active,1
3459,26,20,92,0,3,19,2,3,1,74.1,0.964,0,explorer,active,0
3460,32,82,232,24,0,2,13,3,1,62.9,0.822,0,newgrad,active,0
3461,30,32,169,0,3,11,1,3,0,0.0,0.689,0,explorer,active,0
3462,32,15,54,3,83,22,10,2,1,77.3,0.791,0,recent_career,lapsed,0
3463,28,82,240,6,3,5,4,3,0,0.0,0.672,0,newgrad,active,0
3464,26,17,81,0,45,16,7,3,0,0.0,0.703,0,explorer,active,0
3465,28,0,0,0,180,22,0,3,0,0.0,0.813,0,explorer,hired,0
3466,30,23,137,0,5,83,21,3,0,0.0,0.846,0,mover,active,0
3467,27,13,33,2,117,2,15,3,0,0.0,0.661,0,newgrad,hired,0
3468,25,46,134,10,105,0,-1,0,0,0.0,0.302,0,newgrad,lapsed,1
3469,32,11,58,0,5,5,11,2,1,74.6,0.869,0,explorer,active,0
3470,29,48,156,7,1,3,7,3,1,71.4,0.665,0,newgrad,active,0
3471,28,30,91,11,87,2,14,3,1,79.9,0.981,0,newgrad,hired,0
3472,29,23,156,7,6,0,-1,0,0,0.0,0.339,0,mover,active,1
3473,31,60,155,16,51,3,0,3,0,0.0,0.793,1,newgrad,hired,0
3474,25,29,157,1,3,73,13,3,0,0.0,0.79,0,mover,active,0
3475,28,101,303,19,1,1,17,4,1,49.9,0.759,0,newgrad,active,0
3476,27,30,161,0,0,1,8,3,1,62.2,0.607,0,explorer,active,0
3477,25,10,46,0,10,1,3,3,0,0.0,0.966,0,explorer,active,0
3478,25,32,179,0,6,0,-1,0,0,0.0,0.279,0,explorer,active,1
3479,28,26,149,3,1,56,1,3,0,0.0,0.694,0,mover,active,0
3480,29,80,236,23,1,0,-1,0,0,0.0,0.167,0,newgrad,active,1
3481,29,32,188,2,37,91,22,3,0,0.0,0.897,0,mover,hired,0
3482,32,15,69,0,9,22,15,3,0,0.0,0.81,0,explorer,active,0
3483,29,8,42,1,64,71,19,3,0,0.0,0.88,0,mover,lapsed,0
3484,30,15,97,0,8,92,7,3,0,0.0,0.77,0,mover,active,0
3485,32,17,102,0,8,5,13,4,1,58.6,0.714,0,explorer,active,0
3486,30,55,318,2,7,77,22,3,0,0.0,0.952,0,mover,active,0
3487,33,15,73,0,53,10,9,3,0,0.0,0.916,0,explorer,lapsed,0
3488,26,17,56,1,109,26,8,3,1,60.5,0.771,0,recent_career,lapsed,0
3489,32,18,57,8,69,3,13,4,0,0.0,0.631,0,newgrad,hired,0
3490,31,25,144,2,0,0,-1,0,0,0.0,0.162,0,mover,active,1
3491,30,26,108,4,122,0,-1,0,0,0.0,0.131,0,recent_career,lapsed,1
3492,25,15,77,0,2,19,6,3,0,0.0,0.601,0,explorer,active,0
3493,29,5,39,0,129,64,11,3,0,0.0,0.827,0,mover,lapsed,0
3494,32,19,74,0,0,14,10,4,0,0.0,0.718,0,recent_career,active,0
3495,30,2,10,0,133,22,7,2,1,71.0,0.869,1,explorer,hired,0
3496,25,26,157,1,107,57,7,3,1,88.0,0.81,1,mover,hired,0
3497,27,25,110,0,4,23,14,3,1,77.1,0.836,0,explorer,active,0
3498,30,13,36,3,139,5,10,3,1,51.3,0.676,0,newgrad,lapsed,0
3499,32,21,105,0,0,1,4,3,0,0.0,0.697,0,explorer,active,0
3500,29,102,354,16,0,1,7,4,0,0.0,0.918,0,newgrad,active,0
3501,32,58,320,2,3,82,3,3,0,0.0,0.638,0,mover,active,0
3502,32,32,142,5,57,16,11,3,1,69.3,0.769,0,recent_career,hired,0
3503,27,41,253,1,1,79,23,3,0,0.0,0.843,0,mover,active,0
3504,26,15,94,1,112,89,0,3,0,0.0,0.798,1,mover,hired,0
3505,33,47,283,3,0,79,0,3,0,0.0,0.74,0,mover,active,0
3506,30,46,143,7,0,2,9,3,1,61.1,0.74,0,newgrad,active,0
3507,32,15,49,0,7,0,-1,0,0,0.0,0.299,0,explorer,active,1
3508,33,66,401,2,1,65,5,4,1,61.4,0.601,0,mover,active,0
3509,28,71,206,11,2,0,-1,3,1,71.3,0.686,0,newgrad,active,0
3510,25,15,69,0,23,8,21,4,1,67.1,0.923,0,explorer,active,0
3511,33,7,42,0,160,80,11,3,0,0.0,0.944,0,mover,hired,0
3512,30,11,59,0,96,18,13,3,0,0.0,0.775,0,explorer,lapsed,0
3513,26,8,38,1,41,0,-1,0,0,0.0,0.222,0,explorer,active,1
3514,29,11,57,0,5,18,22,3,1,70.0,0.862,0,explorer,active,0
3515,25,32,177,0,14,0,-1,0,0,0.0,0.219,0,explorer,active,1
3516,27,31,180,0,70,55,10,3,1,41.8,0.985,0,mover,hired,0
3517,28,28,120,4,3,22,2,3,1,63.3,0.889,0,recent_career,active,0
3518,29,54,311,3,8,75,21,3,0,0.0,0.698,0,mover,active,0
3519,30,7,44,1,133,2,19,3,1,48.4,0.787,0,explorer,lapsed,0
3520,32,51,152,13,1,4,16,4,0,0.0,0.958,0,newgrad,active,0
3521,28,14,69,0,83,7,11,3,0,0.0,0.866,0,explorer,hired,0
3522,31,43,179,2,58,0,-1,0,0,0.0,0.106,0,recent_career,hired,1
3523,33,58,148,12,5,4,6,3,1,65.1,0.638,0,newgrad,active,0
3524,31,126,367,22,0,0,-1,3,1,72.9,0.809,0,newgrad,active,0
3525,27,57,154,10,0,2,4,3,1,89.0,0.96,0,newgrad,active,0
3526,31,54,199,7,41,17,2,2,0,0.0,0.793,1,recent_career,hired,0
3527,27,128,543,17,1,12,4,2,0,0.0,0.7,0,recent_career,active,0
3528,29,25,108,0,83,7,12,3,0,0.0,0.985,0,explorer,lapsed,0
3529,30,103,315,13,1,2,8,4,1,75.9,0.65,0,newgrad,active,0
3530,27,109,426,12,1,8,2,4,1,56.9,0.817,0,recent_career,active,0
3531,25,44,179,8,5,29,7,3,1,85.6,0.911,0,recent_career,active,0
3532,32,72,213,13,11,0,-1,4,0,0.0,0.768,0,newgrad,active,0
3533,31,63,250,11,1,15,2,3,1,51.0,0.898,0,recent_career,active,0
3534,26,35,214,0,4,82,20,3,0,0.0,0.625,0,mover,active,0
3535,28,18,87,1,5,0,-1,3,0,0.0,0.66,0,explorer,active,0
3536,27,55,167,16,9,0,-1,0,0,0.0,0.188,0,newgrad,active,1
3537,33,23,117,0,1,80,0,3,0,0.0,0.867,0,mover,active,0
3538,33,65,288,11,0,0,-1,0,0,0.0,0.21,0,recent_career,active,1
3539,31,44,139,8,2,1,16,3,0,0.0,0.758,0,newgrad,active,0
3540,28,14,73,1,9,8,9,3,1,55.7,0.704,0,explorer,active,0
3541,25,19,121,1,4,77,10,3,0,0.0,0.635,0,mover,active,0
3542,27,17,85,0,29,4,1,3,0,0.0,0.872,0,explorer,active,0
3543,25,65,195,5,0,3,7,3,0,0.0,0.612,0,newgrad,active,0
3544,32,99,277,20,0,4,22,2,0,0.0,0.678,0,newgrad,active,0
3545,25,83,243,26,2,0,-1,3,1,76.8,0.611,0,newgrad,active,0
3546,31,72,223,12,1,0,-1,0,0,0.0,0.343,0,newgrad,active,1
3547,33,24,131,0,8,0,-1,4,0,0.0,0.885,0,explorer,active,0
3548,27,80,325,12,1,29,1,3,1,58.2,0.649,0,recent_career,active,0
3549,31,20,103,0,23,4,19,3,0,0.0,0.899,0,explorer,active,0
3550,32,28,121,0,5,10,10,3,0,0.0,0.77,0,explorer,active,0
3551,28,54,308,3,1,91,3,3,0,0.0,0.935,0,mover,active,0
3552,29,100,335,19,0,2,2,3,1,85.3,0.829,0,newgrad,active,0
3553,26,48,161,9,0,0,-1,0,0,0.0,0.213,0,newgrad,active,1
3554,28,9,26,1,140,2,16,3,0,0.0,0.653,0,newgrad,lapsed,0
3555,32,30,138,1,17,18,2,3,0,0.0,0.777,0,explorer,active,0
3556,30,46,136,9,2,1,14,4,1,74.9,0.949,0,newgrad,active,0
3557,26,11,48,0,0,0,-1,0,0,0.0,0.225,0,explorer,active,1
3558,29,35,229,2,1,0,-1,0,0,0.0,0.146,0,mover,active,1
3559,31,13,36,3,142,4,13,2,0,0.0,0.999,1,newgrad,hired,0
3560,25,37,227,5,0,39,7,4,0,0.0,0.982,0,mover,active,0
3561,31,54,136,12,11,1,22,3,1,75.8,0.786,0,newgrad,active,0
3562,26,14,81,0,24,0,-1,0,0,0.0,0.24,0,explorer,active,1
3563,27,69,248,7,2,26,10,3,0,0.0,0.68,0,recent_career,active,0
3564,28,27,150,0,4,10,13,3,0,0.0,0.692,0,explorer,active,0
3565,29,10,48,0,88,4,9,3,0,0.0,0.666,0,explorer,lapsed,0
3566,33,20,90,1,8,20,8,3,0,0.0,0.821,0,explorer,active,0
3567,27,18,53,5,84,4,17,3,0,0.0,0.929,0,newgrad,lapsed,0
3568,27,15,79,0,0,10,4,3,0,0.0,0.901,0,explorer,active,0
3569,28,46,164,7,1,3,12,4,1,70.0,0.809,0,newgrad,active,0
3570,32,21,96,0,24,15,17,3,0,0.0,0.714,0,explorer,active,0
3571,33,49,194,6,102,10,1,3,1,86.4,0.644,0,recent_career,lapsed,0
3572,29,29,102,5,6,5,14,3,1,68.8,0.916,0,newgrad,active,0
3573,31,53,153,15,67,0,-1,3,1,48.6,0.833,0,newgrad,lapsed,0
3574,33,25,82,4,0,0,-1,0,0,0.0,0.275,0,newgrad,active,1
3575,32,51,142,14,2,4,10,3,1,48.1,0.834,0,newgrad,active,0
3576,31,29,172,2,3,2,6,3,0,0.0,0.603,0,explorer,active,0
3577,29,73,214,14,0,0,-1,0,0,0.0,0.303,0,newgrad,active,1
3578,33,25,139,0,6,17,18,3,0,0.0,0.696,0,explorer,active,0
3579,27,45,183,4,0,10,11,3,1,73.6,0.64,0,recent_career,active,0
3580,28,24,121,0,13,20,2,3,1,49.9,0.783,0,explorer,active,0
3581,31,35,170,0,12,16,22,3,0,0.0,0.72,0,explorer,active,0
3582,25,80,228,13,0,2,22,3,1,67.9,0.642,0,newgrad,active,0
3583,29,36,237,1,93,51,0,3,0,0.0,0.673,0,mover,hired,0
3584,32,16,79,0,71,7,6,2,0,0.0,0.948,0,explorer,lapsed,0
3585,26,15,90,0,49,23,9,4,0,0.0,0.73,0,explorer,hired,0
3586,32,31,82,11,8,1,9,4,0,0.0,0.645,0,newgrad,active,0
3587,28,56,165,10,0,3,5,3,1,81.9,0.756,0,newgrad,active,0
3588,32,12,50,2,42,15,20,2,0,0.0,0.839,0,explorer,active,0
3589,30,61,182,16,1,4,12,3,0,0.0,0.711,0,newgrad,active,0
3590,26,33,187,0,41,0,-1,0,0,0.0,0.162,0,explorer,lapsed,1
3591,31,35,92,6,4,0,-1,0,0,0.0,0.14,0,newgrad,active,1
3592,25,12,53,0,37,1,15,3,0,0.0,0.953,0,explorer,lapsed,0
3593,27,36,149,7,3,9,11,3,1,29.5,0.742,0,recent_career,active,0
3594,32,45,179,7,3,10,0,3,1,39.5,0.728,0,recent_career,active,0
3595,32,6,23,0,154,16,16,3,0,0.0,0.897,0,explorer,hired,0
3596,25,23,125,0,0,10,11,3,1,53.1,0.767,0,explorer,active,0
3597,28,25,119,0,45,15,8,2,0,0.0,0.605,0,explorer,hired,0
3598,25,13,65,0,14,0,-1,3,1,54.9,0.766,0,explorer,active,0
3599,27,30,69,2,2,0,-1,0,0,0.0,0.271,0,newgrad,active,1
3600,33,84,264,23,0,0,-1,0,0,0.0,0.127,0,newgrad,active,1
3601,26,53,200,5,8,10,0,2,1,49.0,0.752,0,recent_career,active,0
3602,30,55,172,14,0,0,-1,0,0,0.0,0.298,0,newgrad,active,1
3603,32,73,207,18,0,4,24,3,0,0.0,0.832,0,newgrad,active,0
3604,32,7,31,0,81,11,17,3,0,0.0,0.951,0,explorer,lapsed,0
3605,28,76,325,13,0,8,6,2,0,0.0,0.963,0,recent_career,active,0
3606,31,47,201,4,0,15,4,3,1,79.7,0.979,0,recent_career,active,0
3607,29,62,191,18,78,0,-1,0,0,0.0,0.163,0,newgrad,lapsed,1
3608,25,49,198,4,1,22,3,3,1,61.2,0.813,0,recent_career,active,0
3609,27,34,99,11,0,0,-1,0,0,0.0,0.114,0,newgrad,active,1
3610,31,31,200,5,10,54,20,4,0,0.0,0.692,0,mover,active,0
3611,31,93,273,21,1,3,24,3,1,46.5,0.899,0,newgrad,active,0
3612,29,18,114,2,0,92,22,3,1,63.2,0.821,0,mover,active,0
3613,32,3,11,0,124,3,24,3,0,0.0,0.719,0,explorer,lapsed,0
3614,31,26,141,1,11,43,24,3,1,45.4,0.887,0,mover,active,0
3615,28,33,175,0,3,42,17,3,0,0.0,0.671,0,mover,active,0
3616,27,47,129,10,1,5,19,3,0,0.0,0.925,0,newgrad,active,0
3617,33,31,106,4,2,0,-1,0,0,0.0,0.244,0,recent_career,active,1
3618,33,42,131,10,0,5,18,4,1,55.4,0.972,0,newgrad,active,0
3619,25,11,64,0,64,17,4,3,0,0.0,0.673,0,explorer,active,0
3620,32,25,154,0,0,38,6,4,0,0.0,0.683,0,mover,active,0
3621,26,43,134,7,1,3,9,3,0,0.0,0.991,0,newgrad,active,0
3622,32,42,115,10,0,3,15,3,1,73.1,0.894,0,newgrad,active,0
3623,30,2,9,0,135,1,7,4,1,59.4,0.763,0,explorer,hired,0
3624,31,15,79,3,114,66,7,4,0,0.0,0.765,1,mover,hired,0
3625,31,22,130,1,8,0,-1,0,0,0.0,0.119,0,mover,active,1
3626,30,18,81,0,0,24,1,3,0,0.0,0.621,0,explorer,active,0
3627,27,44,277,4,5,0,-1,0,0,0.0,0.201,0,mover,active,1
3628,32,34,205,2,15,48,14,3,0,0.0,0.988,0,mover,active,0
3629,29,31,136,3,0,30,2,2,1,42.9,0.647,0,recent_career,active,0
3630,29,23,95,2,102,15,1,3,1,66.4,0.768,0,recent_career,lapsed,0
3631,27,20,122,0,9,1,13,3,0,0.0,0.873,0,explorer,active,0
3632,25,9,39,0,105,94,11,3,0,0.0,0.664,1,mover,hired,0
3633,29,43,123,10,4,3,6,4,1,53.3,0.919,0,newgrad,active,0
3634,28,14,73,0,123,0,-1,0,0,0.0,0.248,0,mover,lapsed,1
3635,30,23,76,5,9,16,5,2,1,60.4,0.901,0,recent_career,active,0
3636,28,4,19,0,127,17,16,3,1,77.3,0.679,1,explorer,hired,0
3637,33,31,127,4,91,6,0,3,1,59.2,0.715,0,recent_career,hired,0
3638,31,15,89,1,7,15,15,3,1,54.1,0.735,0,explorer,active,0
3639,29,28,81,6,52,2,2,4,1,54.3,0.891,0,newgrad,lapsed,0
3640,31,55,159,15,6,4,12,4,1,65.1,0.656,0,newgrad,active,0
3641,30,41,170,3,0,30,12,3,0,0.0,0.766,0,recent_career,active,0
3642,30,32,170,1,0,0,-1,0,0,0.0,0.13,0,explorer,active,1
3643,30,64,263,8,4,24,12,4,0,0.0,0.984,0,recent_career,active,0
3644,33,46,201,4,59,17,3,4,0,0.0,0.822,0,recent_career,hired,0
3645,27,4,21,0,153,0,-1,0,0,0.0,0.264,0,explorer,hired,1
3646,28,29,87,5,125,2,17,3,1,62.0,0.991,0,newgrad,lapsed,0
3647,27,62,180,11,49,3,12,3,0,0.0,0.668,0,newgrad,lapsed,0
3648,30,92,284,23,0,3,11,2,1,48.9,0.627,0,newgrad,active,0
3649,33,36,172,0,31,0,-1,0,0,0.0,0.143,0,explorer,active,1
3650,30,13,40,1,128,0,-1,0,0,0.0,0.33,1,newgrad,hired,1
3651,26,79,312,10,5,16,7,2,1,73.5,0.834,0,recent_career,active,0
3652,33,70,203,11,0,0,-1,0,0,0.0,0.349,0,newgrad,active,1
3653,32,36,124,2,0,29,3,4,1,78.4,0.823,0,recent_career,active,0
3654,28,9,35,3,158,3,22,3,1,62.7,0.775,0,newgrad,hired,0
3655,26,50,190,5,7,20,5,2,0,0.0,0.643,0,recent_career,active,0
3656,28,26,90,1,10,0,-1,0,0,0.0,0.137,0,recent_career,active,1
3657,32,23,68,9,137,3,16,4,1,43.2,0.868,0,newgrad,lapsed,0
3658,30,12,61,0,110,0,-1,0,0,0.0,0.32,0,explorer,lapsed,1
3659,26,10,40,1,158,0,-1,0,0,0.0,0.113,0,recent_career,hired,1
3660,26,62,257,7,2,13,12,3,1,68.7,0.642,0,recent_career,active,0
3661,33,7,30,0,137,0,-1,3,0,0.0,0.915,0,explorer,hired,0
3662,29,14,59,0,104,17,17,4,1,65.3,0.917,0,explorer,lapsed,0
3663,31,17,110,0,122,74,5,2,0,0.0,0.832,0,mover,lapsed,0
3664,28,8,24,0,137,0,-1,3,0,0.0,0.887,0,newgrad,lapsed,0
3665,25,27,101,3,109,0,-1,0,0,0.0,0.329,0,newgrad,hired,1
3666,28,58,265,5,6,22,8,3,1,64.8,0.715,0,recent_career,active,0
3667,31,69,273,9,1,12,0,3,1,63.2,0.604,0,recent_career,active,0
3668,28,12,29,3,161,3,24,3,0,0.0,0.898,1,newgrad,hired,0
3669,30,59,357,0,0,46,9,3,0,0.0,0.795,0,mover,active,0
3670,28,58,170,15,0,0,-1,3,1,64.2,0.675,0,newgrad,active,0
3671,28,36,217,4,0,0,-1,0,0,0.0,0.164,0,mover,active,1
3672,27,67,213,11,3,0,-1,3,1,50.4,0.976,0,newgrad,active,0
3673,27,18,52,2,142,2,6,4,1,67.6,0.678,1,newgrad,hired,0
3674,27,18,88,0,6,20,14,3,0,0.0,0.718,0,explorer,active,0
3675,31,38,193,0,0,14,18,2,0,0.0,0.775,0,explorer,active,0
3676,28,9,19,0,142,2,8,3,1,47.3,0.811,0,newgrad,hired,0
3677,31,20,130,0,2,57,14,3,0,0.0,0.665,0,mover,active,0
3678,27,51,143,13,0,2,13,3,1,49.1,0.602,0,newgrad,active,0
3679,27,48,197,8,2,29,3,2,1,29.3,0.921,0,recent_career,active,0
3680,33,30,180,2,5,49,22,3,1,63.3,0.88,0,mover,active,0
3681,32,58,230,12,8,8,7,3,1,81.5,0.977,0,recent_career,active,0
3682,28,7,30,1,157,5,4,3,1,41.1,0.793,0,newgrad,lapsed,0
3683,27,43,134,10,51,0,-1,0,0,0.0,0.16,0,newgrad,lapsed,1
3684,31,24,91,3,133,0,-1,0,0,0.0,0.323,0,recent_career,hired,1
3685,25,76,298,6,1,25,3,2,1,44.9,0.847,0,recent_career,active,0
3686,29,90,260,15,2,4,2,3,1,66.4,0.754,0,newgrad,active,0
3687,30,1,9,0,129,0,-1,0,0,0.0,0.266,0,explorer,hired,1
3688,31,50,305,4,2,71,2,2,0,0.0,0.87,0,mover,active,0
3689,25,85,254,23,0,5,16,4,0,0.0,0.7,0,newgrad,active,0
3690,25,46,194,0,2,21,5,3,1,42.2,0.959,0,recent_career,active,0
3691,27,23,136,2,115,86,19,3,0,0.0,0.777,0,mover,lapsed,0
3692,26,44,189,3,1,12,0,3,1,49.2,0.678,0,recent_career,active,0
3693,29,5,45,0,142,40,23,3,0,0.0,0.94,0,mover,hired,0
3694,33,25,118,0,26,0,-1,0,0,0.0,0.169,0,explorer,active,1
3695,27,99,302,16,3,5,13,2,1,52.4,0.848,0,newgrad,active,0
3696,29,107,360,15,0,3,17,4,1,61.6,0.851,0,newgrad,active,0
3697,26,25,100,2,88,6,2,3,1,61.2,0.758,0,recent_career,hired,0
3698,25,39,129,7,2,30,12,3,1,42.7,0.994,0,recent_career,active,0
3699,31,15,42,2,129,2,23,2,0,0.0,0.895,1,newgrad,hired,0
3700,27,10,49,0,138,2,17,3,0,0.0,0.834,0,explorer,hired,0
3701,29,53,173,18,0,0,-1,3,1,56.5,0.733,0,newgrad,active,0
3702,31,37,236,4,2,0,-1,0,0,0.0,0.314,0,mover,active,1
3703,32,35,210,0,2,41,14,3,1,41.8,0.948,0,mover,active,0
3704,26,23,115,2,117,29,2,3,1,74.2,0.757,0,recent_career,lapsed,0
3705,30,36,152,3,3,0,-1,0,0,0.0,0.154,0,recent_career,active,1
3706,33,91,267,22,0,0,-1,3,1,59.5,0.617,0,newgrad,active,0
3707,29,40,219,1,39,0,-1,0,0,0.0,0.321,0,mover,hired,1
3708,25,96,290,17,1,2,21,2,1,39.8,0.787,0,newgrad,active,0
3709,27,4,25,0,131,63,2,4,0,0.0,0.993,1,mover,hired,0
3710,32,19,110,0,3,6,4,3,0,0.0,0.645,0,explorer,active,0
3711,32,13,64,0,87,9,16,3,0,0.0,0.923,0,explorer,lapsed,0
3712,27,5,22,1,174,21,14,3,0,0.0,0.706,0,explorer,lapsed,0
3713,26,9,53,0,155,20,11,3,0,0.0,0.826,0,explorer,lapsed,0
3714,27,38,180,0,0,16,14,2,0,0.0,0.6,0,explorer,active,0
3715,27,12,65,0,13,5,8,2,0,0.0,0.996,0,explorer,active,0
3716,31,62,369,4,0,0,-1,0,0,0.0,0.111,0,mover,active,1
3717,32,31,173,0,10,21,22,4,0,0.0,0.724,0,explorer,active,0
3718,25,26,143,0,5,18,21,2,0,0.0,0.943,0,explorer,active,0
3719,31,60,169,14,0,1,8,2,0,0.0,0.944,0,newgrad,active,0
3720,31,5,26,0,78,82,14,3,0,0.0,0.992,1,mover,hired,0
3721,30,48,157,10,0,0,-1,3,0,0.0,0.689,0,newgrad,active,0
3722,32,29,143,0,0,14,19,3,1,49.7,0.987,0,explorer,active,0
3723,25,9,34,2,137,5,2,3,1,61.1,0.909,1,newgrad,hired,0
3724,31,17,92,0,40,6,7,4,0,0.0,0.652,0,explorer,active,0
3725,26,14,61,0,1,6,12,3,0,0.0,0.862,0,explorer,active,0
3726,33,40,207,0,2,12,20,3,0,0.0,0.74,0,explorer,active,0
3727,29,41,112,4,76,0,-1,0,0,0.0,0.232,0,newgrad,hired,1
3728,25,36,216,0,5,0,-1,0,0,0.0,0.178,0,mover,active,1
3729,31,36,203,0,5,16,8,3,0,0.0,0.884,0,explorer,active,0
3730,31,46,242,0,4,0,-1,0,0,0.0,0.215,0,explorer,active,1
3731,29,28,151,0,52,0,-1,0,0,0.0,0.102,0,explorer,active,1
3732,27,27,147,2,8,0,-1,0,0,0.0,0.223,0,mover,active,1
3733,25,47,282,2,62,0,-1,0,0,0.0,0.226,0,mover,hired,1
3734,33,59,220,4,5,16,2,3,1,55.6,0.647,0,recent_career,active,0
3735,26,12,57,0,99,0,-1,0,0,0.0,0.327,0,explorer,lapsed,1
3736,32,92,272,23,0,1,7,3,0,0.0,0.997,0,newgrad,active,0
3737,30,4,21,0,126,62,4,2,0,0.0,0.688,0,mover,lapsed,0
3738,31,14,65,0,122,9,0,3,0,0.0,0.684,1,explorer,hired,0
3739,31,60,171,18,0,0,-1,0,0,0.0,0.267,0,newgrad,active,1
3740,32,96,363,14,0,0,-1,0,0,0.0,0.25,0,recent_career,active,1
3741,25,37,156,6,79,18,7,3,1,59.0,0.733,0,recent_career,hired,0
3742,33,32,153,0,4,19,17,4,0,0.0,0.82,0,explorer,active,0
3743,25,44,140,9,1,5,12,3,1,49.9,0.993,0,newgrad,active,0
3744,33,30,120,4,2,27,2,3,1,69.2,0.802,0,recent_career,active,0
3745,27,38,255,1,1,50,5,3,0,0.0,0.902,0,mover,active,0
3746,32,87,252,15,8,1,12,3,1,38.9,0.858,0,newgrad,active,0
3747,25,21,114,0,4,6,3,3,0,0.0,0.977,0,explorer,active,0
3748,29,68,196,13,0,5,4,3,1,59.8,0.847,0,newgrad,active,0
3749,29,36,137,4,0,23,12,3,0,0.0,0.978,0,recent_career,active,0
3750,33,49,189,3,6,13,5,3,1,80.9,0.677,0,recent_career,active,0
3751,26,59,176,9,5,1,23,3,1,61.2,0.901,0,newgrad,active,0
3752,25,42,122,7,86,1,19,3,1,79.7,0.643,0,newgrad,hired,0
3753,30,12,62,0,14,0,-1,0,0,0.0,0.214,0,explorer,active,1
3754,25,83,218,22,0,0,-1,0,0,0.0,0.265,0,newgrad,active,1
3755,31,58,163,9,2,1,24,2,0,0.0,0.743,0,newgrad,active,0
3756,25,40,149,5,0,2,14,3,0,0.0,0.665,0,newgrad,active,0
3757,33,80,277,14,8,5,18,3,1,74.6,0.709,0,newgrad,active,0
3758,29,30,156,1,1,19,11,3,0,0.0,0.827,0,explorer,active,0
3759,33,15,65,1,122,11,4,3,1,80.7,0.622,0,recent_career,hired,0
3760,26,15,74,0,0,13,8,3,0,0.0,0.774,0,explorer,active,0
3761,27,69,201,15,2,1,11,3,0,0.0,0.629,0,newgrad,active,0
3762,29,17,67,4,139,15,10,2,1,51.6,0.813,0,recent_career,lapsed,0
3763,25,5,14,1,155,0,-1,0,0,0.0,0.102,0,newgrad,hired,1
3764,25,44,159,2,0,0,-1,0,0,0.0,0.246,0,recent_career,active,1
3765,27,38,181,1,8,15,15,2,1,60.6,0.773,0,explorer,active,0
3766,31,92,285,15,60,2,20,2,1,53.0,0.8,0,newgrad,lapsed,0
3767,31,43,111,11,1,0,-1,2,0,0.0,0.67,0,newgrad,active,0
3768,25,42,251,0,1,63,17,4,0,0.0,0.608,0,mover,active,0
3769,25,25,165,2,6,78,2,3,0,0.0,0.627,0,mover,active,0
3770,30,23,101,0,1,22,0,3,0,0.0,0.714,0,explorer,active,0
3771,28,28,135,0,2,23,2,2,0,0.0,0.85,0,explorer,active,0
3772,32,20,125,1,69,0,-1,0,0,0.0,0.173,0,mover,hired,1
3773,27,13,73,0,9,0,-1,0,0,0.0,0.225,0,explorer,active,1
3774,28,16,96,0,24,13,15,2,0,0.0,0.961,0,explorer,active,0
3775,26,49,153,6,50,1,9,2,1,54.9,0.837,0,newgrad,lapsed,0
3776,27,34,212,1,0,0,-1,0,0,0.0,0.325,0,mover,active,1
3777,31,49,183,2,0,14,7,3,1,62.4,0.965,0,recent_career,active,0
3778,29,12,54,0,82,15,2,2,0,0.0,0.703,0,explorer,hired,0
3779,30,34,159,2,5,0,-1,0,0,0.0,0.206,0,explorer,active,1
3780,25,42,168,4,4,0,-1,0,0,0.0,0.28,0,recent_career,active,1
3781,29,31,169,1,0,14,0,3,0,0.0,0.803,0,explorer,active,0
3782,29,22,122,0,7,0,-1,0,0,0.0,0.259,0,explorer,active,1
3783,33,86,244,17,5,3,22,3,1,52.5,0.86,0,newgrad,active,0
3784,28,62,148,10,4,0,-1,3,1,29.5,0.699,0,newgrad,active,0
3785,25,7,32,0,24,12,12,3,0,0.0,0.989,0,explorer,active,0
3786,31,19,102,1,7,0,-1,2,0,0.0,0.676,0,explorer,active,0
3787,26,39,156,10,2,22,12,3,0,0.0,0.628,0,recent_career,active,0
3788,33,34,117,4,0,3,17,3,1,85.8,0.873,0,newgrad,active,0
3789,28,55,304,1,0,0,-1,0,0,0.0,0.326,0,mover,active,1
3790,32,42,126,5,9,5,8,3,1,67.4,0.94,0,newgrad,active,0
3791,30,31,92,9,76,0,-1,0,0,0.0,0.348,0,newgrad,lapsed,1
3792,29,80,326,13,2,7,2,3,1,77.6,0.82,0,recent_career,active,0
3793,30,57,211,3,1,7,6,3,0,0.0,0.641,0,recent_career,active,0
3794,26,30,202,1,3,86,19,3,0,0.0,0.882,0,mover,active,0
3795,25,21,140,0,92,0,-1,0,0,0.0,0.338,0,mover,lapsed,1
3796,31,18,102,1,3,58,12,3,0,0.0,0.872,0,mover,active,0
3797,33,9,39,0,126,13,11,3,1,44.5,0.717,0,explorer,lapsed,0
3798,32,58,161,11,1,3,0,4,0,0.0,0.941,0,newgrad,active,0
3799,27,18,54,2,63,3,7,3,1,51.7,0.902,1,newgrad,hired,0
3800,28,42,186,4,3,20,6,3,1,62.3,0.662,0,recent_career,active,0
3801,28,48,171,5,37,27,4,3,1,67.7,0.807,1,recent_career,hired,0
3802,31,67,202,14,4,1,11,4,0,0.0,0.689,0,newgrad,active,0
3803,30,6,23,2,159,8,3,3,1,51.2,0.882,0,recent_career,hired,0
3804,32,58,228,9,1,10,0,3,1,54.5,0.813,0,recent_career,active,0
3805,33,71,272,8,1,0,-1,0,0,0.0,0.286,0,recent_career,active,1
3806,28,18,108,5,1,0,-1,0,0,0.0,0.299,0,mover,active,1
3807,30,11,57,3,96,0,-1,0,0,0.0,0.34,0,mover,lapsed,1
3808,29,29,163,0,4,8,8,4,1,65.9,0.932,0,explorer,active,0
3809,33,27,123,0,11,5,10,3,0,0.0,0.632,0,explorer,active,0
3810,28,19,116,2,7,0,-1,0,0,0.0,0.278,0,mover,active,1
3811,26,65,267,7,0,24,5,3,1,65.8,0.706,0,recent_career,active,0
3812,28,46,270,3,52,0,-1,0,0,0.0,0.292,0,mover,lapsed,1
3813,30,20,72,1,90,23,5,4,1,55.4,0.806,0,recent_career,lapsed,0
3814,33,43,131,13,0,5,21,3,1,60.1,0.839,0,newgrad,active,0
3815,32,69,225,15,3,0,-1,0,0,0.0,0.327,0,newgrad,active,1
3816,25,45,161,5,14,0,-1,0,0,0.0,0.194,0,newgrad,active,1
3817,29,89,266,18,2,0,-1,0,0,0.0,0.193,0,newgrad,active,1
3818,26,13,76,1,43,61,17,3,0,0.0,0.602,1,mover,hired,0
3819,28,5,18,1,164,15,13,2,1,63.0,0.983,0,explorer,lapsed,0
3820,33,40,229,1,1,18,22,4,0,0.0,0.998,0,explorer,active,0
3821,33,19,113,1,18,0,-1,0,0,0.0,0.154,0,mover,active,1
3822,26,79,239,9,2,0,-1,0,0,0.0,0.282,0,newgrad,active,1
3823,26,45,177,5,49,27,2,3,1,66.8,0.649,0,recent_career,lapsed,0
3824,31,27,150,0,2,60,12,3,1,46.0,0.815,0,mover,active,0
3825,28,39,254,2,0,63,22,3,1,23.0,0.853,0,mover,active,0
3826,28,93,286,29,0,0,-1,3,1,57.4,0.847,0,newgrad,active,0
3827,32,27,82,7,109,3,6,3,0,0.0,0.787,0,newgrad,hired,0
3828,33,15,80,0,9,0,-1,0,0,0.0,0.339,0,explorer,active,1
3829,33,15,92,0,5,68,22,3,0,0.0,0.752,0,mover,active,0
3830,32,19,54,2,36,4,17,4,0,0.0,0.792,0,newgrad,hired,0
3831,33,31,190,1,97,88,1,3,1,60.2,0.944,0,mover,lapsed,0
3832,31,10,34,2,117,5,0,4,1,34.3,0.824,0,newgrad,lapsed,0
3833,32,63,204,17,1,4,18,3,0,0.0,0.898,0,newgrad,active,0
3834,29,6,17,0,158,1,0,3,1,65.6,0.732,0,newgrad,lapsed,0
3835,25,65,196,14,7,0,-1,0,0,0.0,0.173,0,newgrad,active,1
3836,32,22,132,2,2,77,11,3,1,59.6,0.653,0,mover,active,0
3837,33,29,137,6,93,16,6,3,1,49.7,0.939,0,recent_career,lapsed,0
3838,27,48,234,1,3,0,-1,0,0,0.0,0.169,0,explorer,active,1
3839,28,87,232,18,1,0,-1,0,0,0.0,0.202,0,newgrad,active,1
3840,30,17,92,1,2,0,-1,0,0,0.0,0.328,0,mover,active,1
3841,30,22,118,0,4,86,24,4,0,0.0,0.886,0,mover,active,0
3842,31,3,19,0,160,37,21,3,0,0.0,0.662,1,mover,hired,0
3843,28,13,85,0,107,55,4,3,0,0.0,0.88,0,mover,lapsed,0
3844,32,14,72,0,110,20,17,3,0,0.0,0.642,0,explorer,lapsed,0
3845,32,59,164,15,0,0,-1,0,0,0.0,0.314,0,newgrad,active,1
3846,33,51,302,2,1,0,-1,0,0,0.0,0.338,0,mover,active,1
3847,30,19,109,2,100,44,10,3,0,0.0,0.889,0,mover,hired,0
3848,25,59,169,12,1,0,-1,0,0,0.0,0.102,0,newgrad,active,1
3849,32,60,172,10,3,1,16,3,1,70.9,0.771,0,newgrad,active,0
3850,25,88,259,20,1,5,5,3,0,0.0,0.738,0,newgrad,active,0
3851,26,61,184,11,1,0,-1,0,0,0.0,0.328,0,newgrad,active,1
3852,27,22,69,7,112,3,20,2,1,70.9,0.915,0,newgrad,lapsed,0
3853,26,42,127,7,53,3,11,3,1,67.0,0.978,1,newgrad,hired,0
3854,31,32,213,0,0,61,3,4,0,0.0,0.607,0,mover,active,0
3855,28,71,275,9,0,26,8,3,1,70.1,0.869,0,recent_career,active,0
3856,26,10,49,0,140,6,16,3,0,0.0,0.84,0,explorer,lapsed,0
3857,25,41,118,5,91,2,18,2,1,69.1,0.748,0,newgrad,lapsed,0
3858,26,42,233,3,0,0,-1,0,0,0.0,0.338,0,mover,active,1
3859,31,17,73,2,111,19,3,3,0,0.0,0.958,0,recent_career,hired,0
3860,32,69,183,18,0,4,8,2,0,0.0,0.879,0,newgrad,active,0
3861,27,11,50,0,160,19,11,3,1,52.9,0.954,0,recent_career,hired,0
3862,25,68,438,2,0,76,22,3,0,0.0,0.644,0,mover,active,0
3863,30,56,162,6,1,1,22,3,1,63.4,0.922,0,newgrad,active,0
3864,32,13,67,0,1,11,2,2,0,0.0,0.888,0,explorer,active,0
3865,25,93,323,26,1,5,9,3,1,38.6,0.936,0,newgrad,active,0
3866,32,27,172,1,7,38,16,4,1,43.7,0.916,0,mover,active,0
3867,26,57,181,14,0,0,-1,0,0,0.0,0.104,0,newgrad,active,1
3868,27,27,175,2,2,0,-1,0,0,0.0,0.166,0,mover,active,1
3869,30,80,244,18,2,0,-1,3,1,53.9,0.825,0,newgrad,active,0
3870,25,57,188,14,0,0,-1,0,0,0.0,0.113,0,newgrad,active,1
3871,27,42,168,4,2,0,-1,0,0,0.0,0.27,0,recent_career,active,1
3872,26,32,135,3,82,13,3,3,1,42.9,0.882,1,recent_career,hired,0
3873,26,39,144,3,5,26,0,3,0,0.0,0.78,0,recent_career,active,0
3874,31,18,85,0,0,11,22,3,0,0.0,0.951,0,explorer,active,0
3875,27,55,165,8,0,2,18,3,1,65.1,0.939,0,newgrad,active,0
3876,25,74,292,11,1,11,6,3,1,54.2,0.985,0,recent_career,active,0
3877,26,23,113,0,1,5,23,3,0,0.0,0.711,0,explorer,active,0
3878,25,34,150,2,8,9,6,2,1,49.1,0.993,0,recent_career,active,0
3879,30,75,238,15,0,1,9,3,0,0.0,0.838,0,newgrad,active,0
3880,33,32,184,1,8,37,0,3,0,0.0,0.685,0,mover,active,0
3881,26,22,116,0,4,10,13,3,0,0.0,0.607,0,explorer,active,0
3882,31,51,319,2,0,72,18,3,0,0.0,0.872,0,mover,active,0
3883,28,74,221,12,0,0,-1,0,0,0.0,0.255,0,newgrad,active,1
3884,25,20,116,0,9,17,2,2,0,0.0,0.867,0,explorer,active,0
3885,31,34,147,9,45,13,8,3,1,73.4,0.742,0,recent_career,hired,0
3886,26,9,45,1,136,8,22,3,0,0.0,0.917,0,explorer,hired,0
3887,29,19,99,0,103,24,14,3,0,0.0,0.817,0,explorer,hired,0
3888,29,57,293,1,1,21,20,2,1,56.6,0.649,0,explorer,active,0
3889,30,37,121,3,2,1,10,3,1,38.4,0.65,0,newgrad,active,0
3890,26,10,47,2,138,0,-1,0,0,0.0,0.231,0,recent_career,lapsed,1
3891,27,34,192,3,9,38,5,3,1,56.0,0.677,0,mover,active,0
3892,31,28,77,5,0,4,1,2,1,87.8,0.813,0,newgrad,active,0
3893,33,67,204,17,1,4,18,3,1,94.8,0.868,0,newgrad,active,0
3894,25,18,84,0,8,18,20,3,1,70.2,0.74,0,explorer,active,0
3895,28,26,160,2,61,0,-1,0,0,0.0,0.341,0,mover,lapsed,1
3896,32,52,162,10,96,2,12,3,0,0.0,0.978,0,newgrad,lapsed,0
3897,27,138,443,18,0,1,7,3,1,53.5,0.998,0,newgrad,active,0
3898,29,33,140,5,81,22,10,3,0,0.0,0.708,0,recent_career,hired,0
3899,33,16,74,0,130,13,11,4,1,55.5,0.94,0,recent_career,lapsed,0
3900,33,43,175,6,7,20,2,4,1,41.3,0.698,0,recent_career,active,0
3901,30,18,117,0,7,3,3,4,1,73.0,0.766,0,explorer,active,0
3902,31,45,303,1,1,0,-1,0,0,0.0,0.303,0,mover,active,1
3903,30,59,183,11,3,0,-1,0,0,0.0,0.181,0,newgrad,active,1
3904,27,54,182,8,1,1,11,3,0,0.0,0.996,0,newgrad,active,0
3905,32,18,111,0,8,0,-1,0,0,0.0,0.162,0,mover,active,1
3906,25,14,76,0,52,16,9,3,1,50.3,0.804,0,explorer,lapsed,0
3907,25,5,29,0,0,21,21,3,0,0.0,0.905,0,explorer,active,0
3908,30,46,307,2,0,53,10,3,0,0.0,0.994,0,mover,active,0
3909,32,3,16,0,153,0,-1,0,0,0.0,0.141,0,explorer,lapsed,1
3910,32,82,253,13,0,0,-1,0,0,0.0,0.262,0,newgrad,active,1
3911,31,53,163,12,0,3,4,4,1,36.1,0.999,0,newgrad,active,0
3912,28,27,130,1,51,0,-1,0,0,0.0,0.279,1,explorer,hired,1
3913,28,34,106,8,106,1,6,3,0,0.0,0.791,0,newgrad,lapsed,0
3914,28,26,62,4,74,4,13,3,1,32.5,0.646,0,newgrad,lapsed,0
3915,27,43,143,8,2,1,14,4,0,0.0,0.717,0,newgrad,active,0
3916,28,49,152,8,2,5,0,3,1,50.2,0.802,0,newgrad,active,0
3917,25,53,351,5,1,0,-1,0,0,0.0,0.172,0,mover,active,1
3918,27,15,71,0,2,0,-1,0,0,0.0,0.273,0,mover,active,1
3919,33,30,79,3,54,3,22,2,1,36.9,0.918,0,newgrad,hired,0
3920,31,64,259,6,6,10,10,3,0,0.0,0.802,0,recent_career,active,0
3921,26,29,162,0,1,6,0,3,1,48.3,0.842,0,explorer,active,0
3922,27,109,327,11,0,0,-1,3,0,0.0,0.838,0,newgrad,active,0
3923,27,16,81,0,0,4,1,3,0,0.0,0.662,0,explorer,active,0
3924,27,40,175,2,50,25,2,3,1,51.3,0.607,0,recent_career,lapsed,0
3925,31,45,275,4,4,80,2,3,0,0.0,0.698,0,mover,active,0
3926,33,69,221,17,3,0,-1,3,1,55.0,0.798,0,newgrad,active,0
3927,31,36,175,0,2,19,17,3,0,0.0,0.83,0,explorer,active,0
3928,29,5,22,0,132,11,8,3,1,72.5,0.798,0,recent_career,lapsed,0
3929,26,20,74,0,8,17,15,4,0,0.0,0.914,0,explorer,active,0
3930,26,62,188,11,1,4,12,3,1,67.2,0.837,0,newgrad,active,0
3931,32,31,195,1,1,89,23,3,1,55.3,0.856,0,mover,active,0
3932,31,60,178,11,2,3,8,3,0,0.0,0.949,0,newgrad,active,0
3933,29,30,118,4,72,22,6,3,0,0.0,0.767,0,recent_career,hired,0
3934,30,83,247,17,0,1,19,3,1,60.9,0.991,0,newgrad,active,0
3935,32,60,179,14,1,0,-1,0,0,0.0,0.189,0,newgrad,active,1
3936,32,29,91,2,97,2,24,4,1,71.7,0.906,0,newgrad,lapsed,0
3937,25,37,222,1,0,0,-1,0,0,0.0,0.286,0,mover,active,1
3938,28,47,135,8,0,2,13,3,1,73.9,0.929,0,newgrad,active,0
3939,25,33,145,3,10,8,4,3,1,80.0,0.913,0,recent_career,active,0
3940,28,36,131,2,0,6,3,3,1,54.9,0.812,0,recent_career,active,0
3941,30,71,275,2,48,19,11,3,1,79.2,0.731,0,recent_career,hired,0
3942,26,41,166,4,5,0,-1,0,0,0.0,0.173,0,recent_career,active,1
3943,26,20,117,1,44,0,-1,0,0,0.0,0.132,0,mover,lapsed,1
3944,29,28,116,4,1,8,5,3,1,47.4,0.916,0,recent_career,active,0
3945,29,26,124,0,3,14,19,3,0,0.0,0.811,0,explorer,active,0
3946,31,43,186,2,10,0,-1,0,0,0.0,0.201,0,recent_career,active,1
3947,25,42,183,8,3,19,11,2,1,48.1,0.958,0,recent_career,active,0
3948,27,11,43,0,12,0,-1,0,0,0.0,0.129,0,explorer,active,1
3949,32,62,173,11,2,4,0,3,1,75.0,0.673,0,newgrad,active,0
3950,31,53,140,14,1,5,16,3,1,47.6,0.605,0,newgrad,active,0
3951,33,22,105,0,9,4,11,3,0,0.0,0.737,0,explorer,active,0
3952,32,25,124,0,1,15,21,3,0,0.0,0.746,0,explorer,active,0
3953,32,29,172,2,54,91,6,3,1,78.0,0.816,0,mover,lapsed,0
3954,29,54,215,5,0,21,11,3,1,44.2,0.602,0,recent_career,active,0
3955,33,6,33,0,129,75,0,3,0,0.0,0.88,0,mover,lapsed,0
3956,28,27,125,0,42,22,11,3,0,0.0,0.875,0,explorer,lapsed,0
3957,33,18,113,0,2,9,9,2,0,0.0,0.956,0,explorer,active,0
3958,28,64,277,10,0,0,-1,0,0,0.0,0.17,0,recent_career,active,1
3959,28,7,17,0,151,2,17,3,1,64.1,0.701,0,newgrad,hired,0
3960,31,78,212,17,2,4,16,3,0,0.0,0.835,0,newgrad,active,0
3961,28,15,64,2,125,0,-1,0,0,0.0,0.24,0,recent_career,lapsed,1
3962,26,18,116,0,54,43,11,4,0,0.0,0.641,0,mover,hired,0
3963,33,36,102,4,5,0,-1,4,1,51.7,0.732,0,newgrad,active,0
3964,29,109,336,23,74,0,-1,3,0,0.0,0.734,0,newgrad,lapsed,0
3965,33,24,98,5,20,7,7,3,1,63.1,0.63,0,recent_career,active,0
3966,28,86,266,14,0,1,15,3,1,47.5,0.615,0,newgrad,active,0
3967,33,37,146,2,6,9,12,4,1,52.1,0.608,0,recent_career,active,0
3968,30,18,51,2,96,0,-1,3,1,59.0,0.645,0,newgrad,hired,0
3969,31,26,104,2,0,20,8,4,1,53.8,0.795,0,recent_career,active,0
3970,31,7,36,0,39,22,12,3,0,0.0,0.78,0,explorer,hired,0
3971,26,71,299,5,0,0,-1,0,0,0.0,0.3,0,recent_career,active,1
3972,32,58,172,16,1,0,-1,3,1,85.7,0.801,0,newgrad,active,0
3973,33,51,234,9,11,29,8,2,1,55.5,0.746,0,recent_career,active,0
3974,30,75,296,9,1,25,5,3,1,64.6,0.715,0,recent_career,active,0
3975,33,12,45,0,143,20,6,3,1,46.8,0.695,0,recent_career,hired,0
3976,32,61,245,8,6,0,-1,0,0,0.0,0.323,0,recent_career,active,1
3977,30,43,165,4,2,0,-1,0,0,0.0,0.243,0,recent_career,active,1
3978,29,15,48,4,126,3,17,3,1,96.9,0.761,0,newgrad,lapsed,0
3979,32,23,137,2,3,59,11,2,1,54.0,0.9,0,mover,active,0
3980,26,19,74,4,98,25,2,3,1,60.8,0.701,0,recent_career,lapsed,0
3981,30,49,149,11,1,4,17,3,0,0.0,0.916,0,newgrad,active,0
3982,32,23,147,2,10,70,22,2,1,74.1,0.656,0,mover,active,0
3983,33,35,100,9,5,0,-1,3,1,60.1,0.9,0,newgrad,active,0
3984,27,45,119,13,1,1,6,3,1,78.8,0.878,0,newgrad,active,0
3985,25,37,155,5,0,15,11,3,0,0.0,0.931,0,recent_career,active,0
3986,28,37,110,8,54,2,9,3,1,77.1,0.709,0,newgrad,hired,0
3987,32,58,154,16,1,0,-1,0,0,0.0,0.343,0,newgrad,active,1
3988,29,24,117,0,53,24,24,3,0,0.0,0.66,0,explorer,lapsed,0
3989,25,15,62,0,18,11,15,3,0,0.0,0.853,0,explorer,active,0
3990,26,6,38,0,154,0,-1,0,0,0.0,0.149,0,explorer,lapsed,1
3991,28,34,93,8,4,4,20,3,1,59.1,0.789,0,newgrad,active,0
3992,28,64,265,6,0,15,8,2,1,47.3,0.699,0,recent_career,active,0
3993,26,120,326,21,0,3,24,4,1,73.6,0.966,0,newgrad,active,0
3994,29,43,116,6,2,0,-1,3,1,63.4,0.762,0,newgrad,active,0
3995,29,48,197,8,1,22,12,3,1,47.1,0.924,0,recent_career,active,0
3996,26,94,395,14,1,28,4,3,1,61.7,0.762,0,recent_career,active,0
3997,27,43,120,8,7,0,-1,0,0,0.0,0.263,0,newgrad,active,1
3998,30,20,52,5,132,5,12,3,1,59.7,0.607,1,newgrad,hired,0
3999,33,65,245,9,0,10,0,2,1,56.8,0.812,0,recent_career,active,0
4000,33,34,205,2,0,71,19,3,1,71.9,0.952,0,mover,active,0
4001,30,86,251,21,0,0,-1,0,0,0.0,0.209,0,newgrad,active,1
4002,25,26,134,0,4,0,-1,0,0,0.0,0.231,0,explorer,active,1
4003,33,88,281,10,0,2,16,3,1,52.6,0.705,0,newgrad,active,0
4004,33,82,252,18,0,5,4,4,1,52.4,0.868,0,newgrad,active,0
4005,27,29,116,2,8,7,0,3,1,61.2,0.734,0,recent_career,active,0
4006,28,17,51,4,101,4,16,3,1,82.4,0.85,1,newgrad,hired,0
4007,25,83,315,6,3,22,5,3,0,0.0,0.835,0,recent_career,active,0
4008,32,43,171,4,3,7,0,4,1,53.6,0.604,0,recent_career,active,0
4009,31,17,102,0,62,96,9,3,0,0.0,0.643,0,mover,hired,0
4010,25,49,148,14,52,0,-1,0,0,0.0,0.154,0,newgrad,hired,1
4011,31,50,202,11,3,10,1,3,0,0.0,0.708,0,recent_career,active,0
4012,28,25,125,1,0,4,4,2,1,71.6,0.646,0,explorer,active,0
4013,29,60,207,12,2,0,-1,0,0,0.0,0.139,0,recent_career,active,1
4014,26,18,109,0,101,96,2,3,1,67.2,0.765,1,mover,hired,0
4015,32,71,432,4,3,51,2,2,0,0.0,0.724,0,mover,active,0
4016,28,45,137,11,1,4,2,3,1,56.7,0.977,0,newgrad,active,0
4017,32,55,131,13,86,0,-1,0,0,0.0,0.241,1,newgrad,hired,1
4018,26,66,247,8,4,8,5,3,0,0.0,0.802,0,recent_career,active,0
4019,30,52,320,3,1,0,-1,0,0,0.0,0.236,0,mover,active,1
4020,27,67,201,11,1,0,-1,0,0,0.0,0.14,0,newgrad,active,1
4021,33,23,98,3,0,10,7,3,1,55.4,0.957,0,recent_career,active,0
4022,30,30,94,6,102,1,24,3,1,62.8,0.894,0,newgrad,hired,0
4023,31,25,105,0,40,18,13,3,1,58.7,0.771,0,explorer,lapsed,0
4024,25,48,243,0,0,9,8,3,1,58.2,0.621,0,explorer,active,0
4025,31,23,126,0,5,0,-1,0,0,0.0,0.278,0,explorer,active,1
4026,25,29,154,1,122,92,1,3,1,42.7,0.783,0,mover,lapsed,0
4027,28,29,166,2,2,0,-1,0,0,0.0,0.112,0,mover,active,1
4028,27,76,242,25,5,0,-1,4,1,45.2,0.98,0,newgrad,active,0
4029,25,26,134,1,12,0,-1,0,0,0.0,0.293,0,explorer,active,1
4030,30,61,172,12,4,5,19,3,1,65.3,0.768,0,newgrad,active,0
4031,27,53,175,7,0,0,-1,0,0,0.0,0.284,0,newgrad,active,1
4032,29,31,193,2,7,87,21,3,0,0.0,0.637,0,mover,active,0
4033,31,38,239,2,0,92,15,2,0,0.0,0.803,0,mover,active,0
4034,26,20,79,2,129,20,2,3,1,52.4,0.812,0,recent_career,hired,0
4035,31,31,83,7,11,0,-1,3,1,67.0,0.996,0,newgrad,active,0
4036,27,28,91,5,3,4,23,2,1,48.6,0.837,0,newgrad,active,0
4037,27,19,102,1,13,0,-1,4,0,0.0,0.855,0,explorer,active,0
4038,30,48,158,7,0,5,20,3,1,46.8,0.988,0,newgrad,active,0
4039,30,7,32,0,79,1,9,4,0,0.0,0.927,0,explorer,hired,0
4040,30,46,143,12,82,3,18,4,1,39.7,0.826,0,newgrad,hired,0
4041,26,28,147,1,6,24,16,3,1,54.2,0.731,0,explorer,active,0
4042,30,58,229,5,1,8,1,3,1,58.8,0.674,0,recent_career,active,0
4043,27,16,96,0,6,20,8,2,1,52.9,0.715,0,explorer,active,0
4044,27,19,68,3,80,3,14,3,1,42.9,0.893,0,newgrad,hired,0
4045,33,39,102,10,43,0,-1,3,0,0.0,0.632,0,newgrad,lapsed,0
4046,25,72,199,14,1,0,-1,0,0,0.0,0.207,0,newgrad,active,1
4047,28,71,214,17,3,0,-1,0,0,0.0,0.33,0,newgrad,active,1
4048,28,63,165,15,3,3,5,4,0,0.0,0.864,0,newgrad,active,0
4049,27,24,142,0,1,0,-1,0,0,0.0,0.317,0,mover,active,1
4050,32,9,42,0,85,12,15,3,0,0.0,0.601,0,explorer,lapsed,0
4051,29,53,354,2,3,79,17,3,0,0.0,0.924,0,mover,active,0
4052,31,63,367,4,0,91,2,3,1,57.8,0.792,0,mover,active,0
4053,28,32,99,5,74,3,19,3,1,75.9,0.701,0,newgrad,lapsed,0
4054,33,15,67,1,31,4,7,3,1,51.7,0.924,0,explorer,active,0
4055,31,21,90,0,54,15,24,2,0,0.0,0.919,0,explorer,hired,0
4056,27,18,49,3,136,2,8,4,1,57.5,0.725,0,newgrad,hired,0
4057,33,26,133,0,2,0,-1,3,0,0.0,0.862,0,explorer,active,0
4058,32,78,238,15,0,0,-1,0,0,0.0,0.142,0,newgrad,active,1
4059,30,20,91,0,46,20,11,3,0,0.0,0.757,0,explorer,hired,0
4060,25,34,177,0,0,5,14,3,0,0.0,0.813,0,explorer,active,0
4061,30,50,283,4,1,0,-1,0,0,0.0,0.257,0,mover,active,1
4062,31,27,120,3,64,0,-1,0,0,0.0,0.284,0,recent_career,lapsed,1
4063,28,19,110,1,89,39,18,3,0,0.0,0.729,0,mover,hired,0
4064,26,30,115,1,49,29,8,3,1,47.9,0.862,0,recent_career,hired,0
4065,30,49,252,1,0,0,-1,0,0,0.0,0.11,0,explorer,active,1
4066,32,37,111,6,94,3,10,3,0,0.0,0.731,0,newgrad,lapsed,0
4067,27,6,29,0,119,0,-1,0,0,0.0,0.236,0,mover,lapsed,1
4068,29,2,9,0,163,11,22,3,0,0.0,0.967,0,explorer,lapsed,0
4069,25,34,145,2,0,29,0,3,1,52.8,0.823,0,recent_career,active,0
4070,31,120,348,23,5,4,22,3,0,0.0,0.949,0,newgrad,active,0
4071,32,39,237,2,0,72,6,3,1,36.8,0.623,0,mover,active,0
4072,31,24,71,6,144,0,-1,0,0,0.0,0.113,0,newgrad,hired,1
4073,28,20,87,1,53,13,12,3,1,55.1,0.906,1,recent_career,hired,0
4074,25,29,127,4,0,15,12,4,1,69.1,0.893,0,recent_career,active,0
4075,29,65,180,10,1,0,-1,0,0,0.0,0.265,0,newgrad,active,1
4076,33,12,78,0,0,61,2,3,1,94.4,0.822,0,mover,active,0
4077,25,70,395,2,5,60,7,2,0,0.0,0.7,0,mover,active,0
4078,26,58,252,4,0,0,-1,0,0,0.0,0.271,0,recent_career,active,1
4079,32,18,37,4,148,3,2,4,0,0.0,0.778,0,newgrad,hired,0
4080,30,89,308,26,0,4,18,3,1,63.1,0.667,0,newgrad,active,0
4081,26,54,157,17,2,1,8,3,0,0.0,0.652,0,newgrad,active,0
4082,25,25,147,1,0,66,7,2,1,50.0,0.79,0,mover,active,0
4083,28,19,73,7,112,4,4,3,1,48.7,0.847,0,newgrad,hired,0
4084,30,31,191,0,5,0,-1,0,0,0.0,0.308,0,mover,active,1
4085,32,10,46,1,1,0,-1,0,0,0.0,0.319,0,explorer,active,1
4086,32,46,144,6,6,1,19,3,1,49.0,0.694,0,newgrad,active,0
4087,29,37,217,3,8,48,4,3,0,0.0,0.636,0,mover,active,0
4088,28,65,262,20,0,19,3,3,1,57.1,0.668,0,recent_career,active,0
4089,33,36,139,6,8,25,5,2,0,0.0,0.648,0,recent_career,active,0
4090,31,7,35,1,148,23,0,4,1,61.2,0.635,0,recent_career,lapsed,0
4091,26,40,211,0,0,9,23,2,0,0.0,0.957,0,explorer,active,0
4092,31,16,84,0,5,14,11,3,1,49.6,0.689,0,explorer,active,0
4093,31,40,152,7,0,22,10,3,1,61.6,0.735,0,recent_career,active,0
4094,27,99,364,8,0,19,8,3,1,60.3,0.913,0,recent_career,active,0
4095,33,100,317,23,1,1,1,3,0,0.0,0.849,0,newgrad,active,0
4096,27,75,415,5,0,45,0,2,0,0.0,0.801,0,mover,active,0
4097,29,28,148,1,103,65,4,2,0,0.0,0.847,1,mover,hired,0
4098,29,27,142,2,22,74,19,3,0,0.0,0.705,0,mover,active,0
4099,31,19,107,0,10,2,15,3,1,62.7,0.974,0,explorer,active,0
4100,33,67,194,13,5,0,-1,0,0,0.0,0.103,0,newgrad,active,1
4101,28,22,141,1,14,94,7,3,0,0.0,0.915,0,mover,active,0
4102,28,41,230,3,3,88,3,4,0,0.0,0.975,0,mover,active,0
4103,31,15,41,3,146,3,19,3,0,0.0,0.997,1,newgrad,hired,0
4104,33,21,110,1,0,0,-1,0,0,0.0,0.303,0,explorer,active,1
4105,33,46,184,5,104,25,2,3,1,42.9,0.742,0,recent_career,lapsed,0
4106,31,64,398,5,4,86,24,3,0,0.0,0.644,0,mover,active,0
4107,31,34,203,3,10,37,3,3,1,67.2,0.619,0,mover,active,0
4108,31,37,167,1,7,23,7,3,0,0.0,0.614,0,explorer,active,0
4109,33,43,128,7,4,1,9,3,0,0.0,0.802,0,newgrad,active,0
4110,25,49,136,6,57,0,-1,0,0,0.0,0.167,1,newgrad,hired,1
4111,30,44,210,0,0,17,5,3,0,0.0,0.912,0,explorer,active,0
4112,25,20,89,1,4,12,22,3,1,45.9,0.94,0,explorer,active,0
4113,30,60,163,13,2,4,22,4,0,0.0,0.908,0,newgrad,active,0
4114,28,11,49,1,98,0,-1,0,0,0.0,0.262,1,explorer,hired,1
4115,27,56,165,13,1,3,12,3,0,0.0,0.649,0,newgrad,active,0
4116,33,31,192,1,0,42,5,3,0,0.0,0.801,0,mover,active,0
4117,31,22,95,0,1,24,9,3,0,0.0,0.907,0,explorer,active,0
4118,30,40,118,8,4,0,-1,3,1,48.0,0.75,0,newgrad,active,0
4119,32,42,143,7,83,0,-1,0,0,0.0,0.298,0,newgrad,hired,1
4120,25,11,66,0,16,0,-1,0,0,0.0,0.128,0,explorer,active,1
4121,30,4,24,0,155,16,14,3,1,49.0,0.671,0,explorer,hired,0
4122,26,7,36,0,79,0,-1,0,0,0.0,0.276,1,explorer,hired,1
4123,27,76,236,13,0,5,0,3,1,65.6,0.835,0,newgrad,active,0
4124,26,21,110,0,6,8,10,3,1,37.5,0.775,0,explorer,active,0
4125,29,40,157,5,0,19,3,3,1,72.6,0.751,0,recent_career,active,0
4126,30,80,233,31,4,0,-1,0,0,0.0,0.216,0,newgrad,active,1
4127,31,41,141,9,0,1,17,3,1,46.4,0.899,0,newgrad,active,0
4128,28,10,52,1,10,17,9,3,0,0.0,0.74,0,explorer,active,0
4129,33,11,52,0,79,16,3,3,1,51.4,0.797,1,explorer,hired,0
4130,28,50,322,4,6,67,2,3,0,0.0,0.733,0,mover,active,0
4131,26,20,115,0,2,0,-1,0,0,0.0,0.256,0,mover,active,1
4132,25,85,253,17,8,4,22,3,1,67.4,0.8,0,newgrad,active,0
4133,26,81,233,15,1,0,-1,0,0,0.0,0.337,0,newgrad,active,1
4134,29,77,237,12,1,0,-1,0,0,0.0,0.191,0,newgrad,active,1
4135,28,34,128,1,5,0,-1,0,0,0.0,0.309,0,recent_career,active,1
4136,32,69,181,19,40,0,-1,0,0,0.0,0.253,0,newgrad,hired,1
4137,26,29,149,0,70,4,15,3,0,0.0,0.626,0,explorer,lapsed,0
4138,27,28,150,1,9,77,22,3,0,0.0,0.876,0,mover,active,0
4139,33,12,64,1,81,17,5,4,1,37.1,0.912,0,explorer,hired,0
4140,25,36,124,3,10,3,22,3,1,69.1,0.862,0,newgrad,active,0
4141,28,49,161,9,31,4,19,2,1,48.8,0.837,1,newgrad,hired,0
4142,26,59,213,6,0,22,9,3,1,39.9,0.86,0,recent_career,active,0
4143,29,35,91,5,137,0,-1,0,0,0.0,0.334,0,newgrad,lapsed,1
4144,33,24,70,6,120,1,0,4,1,82.1,0.689,0,newgrad,lapsed,0
4145,27,87,265,17,0,5,18,3,0,0.0,0.682,0,newgrad,active,0
4146,28,35,127,3,5,0,-1,0,0,0.0,0.289,0,recent_career,active,1
4147,29,64,377,2,5,73,24,3,1,59.1,0.649,0,mover,active,0
4148,32,69,219,5,7,1,23,2,1,58.2,0.836,0,newgrad,active,0
4149,33,46,142,10,0,0,-1,2,1,45.7,0.683,0,newgrad,active,0
4150,25,50,163,10,1,0,-1,0,0,0.0,0.138,0,newgrad,active,1
4151,29,3,10,0,157,0,-1,3,1,47.2,0.765,0,newgrad,hired,0
4152,31,11,36,4,106,2,7,3,1,49.2,0.775,0,newgrad,hired,0
4153,25,52,165,18,13,5,0,3,1,70.2,0.959,0,newgrad,active,0
4154,32,22,117,7,113,42,18,3,0,0.0,0.815,0,mover,hired,0
4155,27,27,93,4,0,11,6,3,1,39.5,0.787,0,recent_career,active,0
4156,29,35,173,0,0,8,19,3,0,0.0,0.956,0,explorer,active,0
4157,33,105,427,17,0,30,3,4,1,38.4,0.928,0,recent_career,active,0
4158,30,131,424,22,0,0,-1,3,1,52.3,0.601,0,newgrad,active,0
4159,33,49,186,6,3,6,7,3,1,57.7,0.746,0,recent_career,active,0
4160,30,71,203,7,0,3,21,3,1,58.5,0.892,0,newgrad,active,0
4161,26,175,556,45,0,5,18,3,1,61.8,0.803,0,newgrad,active,0
4162,31,17,85,0,29,7,12,3,0,0.0,0.629,0,explorer,active,0
4163,30,23,66,3,79,0,-1,3,1,70.7,0.695,0,newgrad,hired,0
4164,27,19,109,2,122,40,17,3,1,65.0,0.745,0,mover,lapsed,0
4165,25,55,141,14,0,5,13,3,0,0.0,0.865,0,newgrad,active,0
4166,30,45,163,7,2,23,4,3,1,29.2,0.999,0,recent_career,active,0
4167,30,105,308,16,1,0,-1,0,0,0.0,0.233,0,newgrad,active,1
4168,31,31,100,6,78,3,16,3,1,66.4,0.745,1,newgrad,hired,0
4169,26,13,53,2,90,2,4,3,0,0.0,0.776,0,newgrad,lapsed,0
4170,29,40,209,1,1,13,3,3,0,0.0,0.759,0,explorer,active,0
4171,32,37,230,3,3,80,10,4,0,0.0,0.655,0,mover,active,0
4172,33,15,83,0,43,10,22,3,0,0.0,0.873,0,explorer,active,0
4173,33,54,156,13,0,1,10,3,1,54.8,0.602,0,newgrad,active,0
4174,26,32,161,0,0,12,19,3,1,68.6,0.778,0,explorer,active,0
4175,26,31,187,3,16,42,24,3,0,0.0,0.622,0,mover,active,0
4176,30,13,82,0,120,39,6,3,0,0.0,0.688,0,mover,hired,0
4177,29,31,131,0,2,19,12,2,0,0.0,0.794,0,explorer,active,0
4178,27,21,114,2,7,43,1,3,0,0.0,0.74,0,mover,active,0
4179,25,29,154,0,49,0,-1,3,0,0.0,0.699,0,explorer,lapsed,0
4180,26,10,67,0,145,0,-1,0,0,0.0,0.178,0,mover,hired,1
4181,28,116,504,15,0,27,11,3,1,59.8,0.684,0,recent_career,active,0
4182,31,40,249,3,36,59,6,3,0,0.0,0.877,0,mover,hired,0
4183,25,39,115,7,9,5,23,2,1,65.3,0.648,0,newgrad,active,0
4184,25,14,83,0,83,3,14,3,0,0.0,0.983,0,explorer,lapsed,0
4185,27,22,112,0,1,14,16,4,0,0.0,0.653,0,explorer,active,0
4186,32,38,157,12,91,9,11,3,1,58.9,0.819,0,recent_career,lapsed,0
4187,33,80,359,15,1,0,-1,0,0,0.0,0.167,0,recent_career,active,1
4188,28,38,161,4,87,16,10,3,1,63.5,0.652,0,recent_career,lapsed,0
4189,25,25,67,7,113,5,1,3,1,58.3,0.905,0,newgrad,lapsed,0
4190,25,67,284,9,0,16,7,3,1,75.1,0.789,0,recent_career,active,0
4191,32,18,98,1,113,52,23,3,0,0.0,0.741,0,mover,hired,0
4192,29,24,154,2,6,95,20,3,0,0.0,0.656,0,mover,active,0
4193,25,12,59,0,4,0,-1,3,0,0.0,0.638,0,explorer,active,0
4194,32,55,162,11,1,2,11,3,0,0.0,0.749,0,newgrad,active,0
4195,29,69,219,9,2,2,3,3,1,34.9,0.676,0,newgrad,active,0
4196,28,89,359,11,2,19,11,3,1,81.6,0.745,0,recent_career,active,0
4197,29,20,100,0,3,0,-1,0,0,0.0,0.154,0,explorer,active,1
4198,27,22,87,2,102,20,5,3,1,82.3,0.85,0,recent_career,lapsed,0
4199,33,51,197,5,81,28,6,2,1,71.2,0.784,0,recent_career,lapsed,0
4200,32,60,255,13,1,0,-1,0,0,0.0,0.326,0,recent_career,active,1
4201,26,14,79,0,74,0,-1,0,0,0.0,0.109,0,explorer,lapsed,1
4202,31,52,190,2,1,0,-1,0,0,0.0,0.196,0,recent_career,active,1
4203,26,41,263,0,6,40,20,4,0,0.0,0.772,0,mover,active,0
4204,29,19,95,0,41,14,11,4,0,0.0,0.756,0,explorer,lapsed,0
4205,31,26,115,1,17,17,8,3,1,46.6,0.949,0,explorer,active,0
4206,25,19,80,2,99,23,9,3,1,54.4,0.615,0,recent_career,hired,0
4207,31,36,153,2,7,27,3,3,0,0.0,0.976,0,recent_career,active,0
4208,27,113,340,23,1,0,-1,4,0,0.0,0.729,0,newgrad,active,0
4209,31,32,117,5,72,8,2,3,1,57.7,0.704,0,recent_career,hired,0
4210,29,24,129,2,5,51,12,3,0,0.0,0.953,0,mover,active,0
4211,25,62,195,10,1,0,-1,0,0,0.0,0.175,0,newgrad,active,1
4212,31,28,84,5,132,0,-1,0,0,0.0,0.33,0,newgrad,lapsed,1
4213,27,37,154,5,2,13,4,3,1,71.4,0.689,0,recent_career,active,0
4214,33,68,387,3,1,37,0,3,0,0.0,0.987,0,mover,active,0
4215,32,56,243,6,1,18,8,3,1,54.8,0.997,0,recent_career,active,0
4216,26,27,172,0,1,58,8,3,0,0.0,0.777,0,mover,active,0
4217,30,116,484,10,0,0,-1,0,0,0.0,0.276,0,recent_career,active,1
4218,28,6,30,0,82,10,2,4,0,0.0,0.949,0,explorer,lapsed,0
4219,30,30,166,1,8,42,16,3,0,0.0,0.714,0,mover,active,0
4220,30,28,106,2,0,9,2,3,1,80.2,0.792,0,recent_career,active,0
4221,27,51,201,5,0,30,7,2,1,61.5,0.87,0,recent_career,active,0
4222,30,35,94,7,5,2,17,3,1,29.9,0.885,0,newgrad,active,0
4223,27,15,60,4,135,0,-1,0,0,0.0,0.345,1,recent_career,hired,1
4224,33,8,30,1,149,8,0,3,1,67.6,0.903,1,recent_career,hired,0
4225,33,25,135,0,7,14,13,2,0,0.0,0.823,0,explorer,active,0
4226,26,77,471,7,0,71,12,3,1,32.6,0.674,0,mover,active,0
4227,31,68,269,5,0,26,4,2,1,66.7,0.88,0,recent_career,active,0
4228,33,28,165,3,2,0,-1,0,0,0.0,0.267,0,mover,active,1
4229,26,48,130,14,0,4,3,3,1,50.0,0.645,0,newgrad,active,0
4230,31,25,133,0,5,0,-1,0,0,0.0,0.306,0,explorer,active,1
4231,33,45,179,9,1,18,5,3,1,52.3,0.988,0,recent_career,active,0
4232,27,41,263,2,84,0,-1,0,0,0.0,0.292,0,mover,lapsed,1
4233,30,18,95,0,104,0,-1,0,0,0.0,0.332,0,explorer,hired,1
4234,32,58,244,11,1,14,1,4,1,74.0,0.635,0,recent_career,active,0
4235,28,71,295,9,0,20,9,3,0,0.0,0.634,0,recent_career,active,0
4236,27,38,123,5,48,0,-1,0,0,0.0,0.132,0,newgrad,hired,1
4237,28,21,98,0,8,14,23,3,1,25.1,0.666,0,explorer,active,0
4238,28,30,101,5,78,4,5,3,1,54.2,0.84,0,newgrad,lapsed,0
4239,31,30,171,3,4,61,18,3,1,43.6,0.789,0,mover,active,0
4240,28,6,34,0,68,15,19,3,0,0.0,0.879,0,explorer,hired,0
4241,28,17,70,0,84,0,-1,0,0,0.0,0.329,0,explorer,hired,1
4242,33,113,334,18,0,0,-1,3,1,64.5,0.733,0,newgrad,active,0
4243,30,39,109,6,47,1,18,2,1,47.3,0.889,0,newgrad,hired,0
4244,33,14,99,1,131,46,4,3,0,0.0,0.928,1,mover,hired,0
4245,31,32,120,9,9,1,21,3,1,60.7,0.812,0,newgrad,active,0
4246,32,19,88,1,52,18,21,3,1,46.5,0.748,0,explorer,hired,0
4247,26,23,96,4,46,30,0,3,1,45.4,0.608,1,recent_career,hired,0
4248,33,93,353,7,0,28,3,3,1,87.4,0.612,0,recent_career,active,0
4249,33,3,19,0,152,15,6,4,0,0.0,0.711,1,explorer,hired,0
4250,25,105,306,22,0,3,13,3,1,37.7,0.7,0,newgrad,active,0
4251,28,53,213,3,3,16,5,3,1,62.4,0.824,0,recent_career,active,0
4252,28,68,282,14,1,16,2,3,1,54.9,0.991,0,recent_career,active,0
4253,28,87,255,11,34,5,14,4,0,0.0,0.639,0,newgrad,lapsed,0
4254,32,26,141,0,12,0,-1,0,0,0.0,0.271,0,explorer,active,1
4255,31,14,58,2,134,19,6,3,1,38.7,0.944,0,recent_career,lapsed,0
4256,26,84,308,6,1,23,0,2,1,51.2,0.796,0,recent_career,active,0
4257,30,24,68,3,128,0,-1,0,0,0.0,0.156,0,newgrad,lapsed,1
4258,33,8,43,0,10,0,-1,3,0,0.0,0.638,0,explorer,active,0
4259,28,84,249,26,1,2,19,3,1,41.1,0.624,0,newgrad,active,0
4260,33,21,114,0,30,0,-1,0,0,0.0,0.324,0,explorer,active,1
4261,30,38,217,0,13,16,1,3,0,0.0,0.927,0,explorer,active,0
4262,33,144,429,22,0,4,6,3,1,56.6,0.948,0,newgrad,active,0
4263,33,6,32,0,46,0,-1,3,0,0.0,0.64,0,explorer,lapsed,0
4264,25,31,178,2,4,65,19,4,0,0.0,0.806,0,mover,active,0
4265,32,14,43,3,132,0,-1,3,1,62.2,0.796,0,newgrad,lapsed,0
4266,26,48,140,3,2,0,-1,0,0,0.0,0.285,0,newgrad,active,1
4267,32,16,82,0,20,0,-1,0,0,0.0,0.251,0,explorer,active,1
4268,32,13,81,0,14,16,14,4,1,57.6,0.812,0,explorer,active,0
4269,27,42,212,0,3,0,-1,3,0,0.0,0.797,0,explorer,active,0
4270,25,13,59,0,16,21,17,3,0,0.0,0.939,0,explorer,active,0
4271,28,44,139,7,0,0,-1,0,0,0.0,0.167,0,newgrad,active,1
4272,27,10,40,0,130,20,6,3,0,0.0,0.883,0,explorer,lapsed,0
4273,29,5,33,0,118,0,-1,3,0,0.0,0.96,0,explorer,lapsed,0
4274,25,11,48,1,155,0,-1,0,0,0.0,0.328,0,recent_career,lapsed,1
4275,25,87,346,13,1,28,3,3,1,52.2,0.704,0,recent_career,active,0
4276,28,42,121,10,3,0,-1,0,0,0.0,0.19,0,newgrad,active,1
4277,31,35,187,0,35,0,-1,3,1,47.4,0.936,0,explorer,lapsed,0
4278,27,46,133,11,0,0,-1,3,0,0.0,0.878,0,newgrad,active,0
4279,27,22,132,1,128,84,2,2,1,52.5,0.784,0,mover,lapsed,0
4280,26,94,360,10,0,15,8,3,1,50.0,0.955,0,recent_career,active,0
4281,27,69,203,13,2,1,15,3,1,63.8,0.698,0,newgrad,active,0
4282,27,33,185,0,6,0,-1,0,0,0.0,0.304,0,mover,active,1
4283,27,42,167,5,91,13,3,4,0,0.0,0.999,1,recent_career,hired,0
4284,28,18,77,0,100,19,12,3,1,54.1,0.886,0,explorer,hired,0
4285,27,45,192,9,8,6,11,2,1,44.8,0.804,0,recent_career,active,0
4286,31,28,142,1,2,17,18,4,0,0.0,0.821,0,explorer,active,0
4287,28,30,111,4,70,8,0,3,1,39.8,0.619,0,recent_career,lapsed,0
4288,31,3,15,0,170,0,-1,0,0,0.0,0.25,0,explorer,hired,1
4289,30,22,158,0,81,68,10,4,0,0.0,0.793,0,mover,lapsed,0
4290,30,75,326,8,0,13,0,3,1,44.2,0.974,0,recent_career,active,0
4291,30,57,227,9,1,26,2,3,0,0.0,0.771,0,recent_career,active,0
4292,33,23,85,3,50,25,4,4,1,58.7,0.979,0,recent_career,hired,0
4293,27,86,517,4,1,0,-1,0,0,0.0,0.107,0,mover,active,1
4294,33,25,122,0,0,23,2,3,1,60.1,0.72,0,explorer,active,0
4295,26,62,187,15,3,0,-1,3,0,0.0,0.772,0,newgrad,active,0
4296,26,29,81,7,4,0,-1,0,0,0.0,0.319,0,newgrad,active,1
4297,32,18,123,1,113,0,-1,0,0,0.0,0.341,0,mover,lapsed,1
4298,33,101,302,23,1,5,10,3,1,46.9,0.845,0,newgrad,active,0
4299,25,48,293,1,4,70,23,3,0,0.0,0.77,0,mover,active,0
4300,30,43,136,8,0,0,-1,3,0,0.0,0.723,0,newgrad,active,0
4301,29,59,360,3,1,0,-1,0,0,0.0,0.211,0,mover,active,1
4302,26,4,11,0,153,0,-1,0,0,0.0,0.156,1,explorer,hired,1
4303,29,49,153,6,10,4,22,2,1,65.3,0.82,0,newgrad,active,0
4304,31,32,100,3,2,18,4,4,1,28.6,0.852,0,recent_career,active,0
4305,30,62,232,8,0,10,11,3,1,54.1,0.707,0,recent_career,active,0
4306,29,42,264,2,2,64,20,3,0,0.0,0.793,0,mover,active,0
4307,32,8,22,1,156,0,-1,0,0,0.0,0.161,1,newgrad,hired,1
4308,27,20,85,0,2,18,24,3,0,0.0,0.895,0,explorer,active,0
4309,30,18,108,2,72,70,17,3,1,52.5,0.76,0,mover,lapsed,0
4310,27,38,122,5,0,2,15,3,0,0.0,0.743,0,newgrad,active,0
4311,33,7,40,1,119,3,19,3,0,0.0,0.857,0,explorer,hired,0
4312,27,49,141,11,1,1,24,4,1,66.6,0.777,0,newgrad,active,0
4313,32,20,126,0,46,0,-1,0,0,0.0,0.282,0,explorer,hired,1
4314,30,43,189,5,73,0,-1,0,0,0.0,0.206,0,recent_career,lapsed,1
4315,26,35,189,3,10,49,20,3,0,0.0,0.674,0,mover,active,0
4316,31,18,126,0,20,17,15,3,1,83.3,0.913,0,explorer,active,0
4317,27,20,98,1,50,0,-1,0,0,0.0,0.184,0,explorer,active,1
4318,27,8,39,0,34,0,-1,0,0,0.0,0.243,0,explorer,active,1
4319,28,58,158,11,0,0,-1,0,0,0.0,0.177,0,newgrad,active,1
4320,31,12,58,0,21,20,4,3,1,53.9,0.621,0,explorer,active,0
4321,28,23,122,0,1,53,7,3,1,75.0,0.971,0,mover,active,0
4322,30,40,194,2,8,79,16,3,0,0.0,0.832,0,mover,active,0
4323,29,29,127,5,84,10,9,3,1,46.3,0.607,1,recent_career,hired,0
4324,26,23,94,2,91,0,-1,0,0,0.0,0.223,0,recent_career,hired,1
4325,27,32,206,3,3,69,23,3,0,0.0,0.645,0,mover,active,0
4326,27,54,213,6,62,8,0,2,1,66.9,0.692,1,recent_career,hired,0
4327,27,21,116,0,1,5,13,2,0,0.0,0.736,0,explorer,active,0
4328,33,19,90,1,12,23,20,3,1,70.3,0.953,0,explorer,active,0
4329,28,15,69,0,65,0,-1,0,0,0.0,0.305,1,explorer,hired,1
4330,28,21,77,1,120,0,-1,0,0,0.0,0.251,0,recent_career,lapsed,1
4331,31,26,111,0,1,11,18,3,1,89.3,0.966,0,explorer,active,0
4332,32,47,179,3,5,0,-1,0,0,0.0,0.34,0,recent_career,active,1
4333,31,18,55,3,121,4,11,3,1,60.8,0.641,0,newgrad,lapsed,0
4334,29,22,95,0,1,1,9,2,0,0.0,0.822,0,explorer,active,0
4335,33,38,153,3,42,0,-1,0,0,0.0,0.189,0,recent_career,lapsed,1
4336,33,55,191,4,3,21,9,3,1,46.7,0.602,0,recent_career,active,0
4337,26,73,317,13,0,12,3,3,1,83.7,0.679,0,recent_career,active,0
4338,26,58,192,12,0,4,18,3,1,50.4,0.967,0,newgrad,active,0
4339,28,18,99,0,59,0,-1,0,0,0.0,0.124,0,explorer,lapsed,1
4340,32,35,138,2,0,0,-1,0,0,0.0,0.198,0,recent_career,active,1
4341,33,93,367,7,1,0,-1,0,0,0.0,0.264,0,recent_career,active,1
4342,31,83,474,4,0,70,11,4,1,68.4,0.624,0,mover,active,0
4343,31,64,199,9,0,4,20,2,1,63.3,0.996,0,newgrad,active,0
4344,27,39,223,1,0,59,3,2,0,0.0,0.95,0,mover,active,0
4345,30,7,29,0,92,6,2,2,0,0.0,0.602,0,explorer,lapsed,0
4346,26,17,79,0,7,3,14,3,0,0.0,0.881,0,explorer,active,0
4347,29,9,47,0,3,0,-1,0,0,0.0,0.206,0,explorer,active,1
4348,26,9,23,1,106,0,-1,0,0,0.0,0.221,1,newgrad,hired,1
4349,25,20,105,0,95,0,-1,0,0,0.0,0.257,1,explorer,hired,1
4350,33,41,178,4,2,18,1,3,1,59.5,0.736,0,recent_career,active,0
4351,33,32,126,8,4,15,3,3,1,69.4,0.957,0,recent_career,active,0
4352,31,40,255,2,1,48,14,3,0,0.0,0.928,0,mover,active,0
4353,30,32,126,3,79,10,6,4,1,65.9,0.769,0,recent_career,hired,0
4354,27,3,17,0,75,22,4,3,1,38.8,0.613,0,explorer,hired,0
4355,30,34,181,1,0,57,6,4,1,52.4,0.709,0,mover,active,0
4356,31,22,103,1,5,0,-1,3,0,0.0,0.762,0,explorer,active,0
4357,29,66,202,6,1,4,24,3,1,58.4,0.998,0,newgrad,active,0
4358,27,60,180,8,13,2,1,3,1,72.9,0.669,0,newgrad,active,0
4359,28,5,22,0,146,16,13,3,0,0.0,0.635,1,explorer,hired,0
4360,32,38,121,3,42,3,0,3,0,0.0,0.781,1,newgrad,hired,0
4361,27,33,207,3,2,75,11,3,0,0.0,0.684,0,mover,active,0
4362,33,42,259,0,63,83,5,4,0,0.0,0.622,0,mover,lapsed,0
4363,31,32,139,0,3,15,22,3,0,0.0,0.706,0,explorer,active,0
4364,33,15,62,0,0,0,-1,0,0,0.0,0.212,0,explorer,active,1
4365,29,107,418,11,0,11,4,3,0,0.0,0.739,0,recent_career,active,0
4366,27,19,57,3,136,0,-1,0,0,0.0,0.222,0,newgrad,lapsed,1
4367,25,27,170,0,5,45,3,3,0,0.0,0.746,0,mover,active,0
4368,29,61,241,8,5,6,12,3,1,72.1,0.824,0,recent_career,active,0
4369,28,73,204,18,1,0,-1,3,0,0.0,0.859,0,newgrad,active,0
4370,26,76,222,19,2,1,16,4,0,0.0,0.856,0,newgrad,active,0
4371,33,80,304,5,2,11,0,3,1,29.6,0.866,0,recent_career,active,0
4372,33,58,182,16,6,1,2,2,1,52.0,0.71,0,newgrad,active,0
4373,28,80,324,11,1,27,11,2,1,48.6,0.816,0,recent_career,active,0
4374,31,50,303,1,1,38,3,3,1,83.9,0.68,0,mover,active,0
4375,28,24,104,3,64,17,3,3,0,0.0,0.672,0,recent_career,hired,0
4376,29,36,225,2,1,51,6,3,1,66.0,0.696,0,mover,active,0
4377,30,63,256,7,40,27,6,3,1,74.8,0.805,0,recent_career,lapsed,0
4378,28,24,114,1,4,22,11,3,1,56.9,0.786,0,explorer,active,0
4379,32,39,157,2,2,21,12,3,1,69.5,0.756,0,recent_career,active,0
4380,26,62,201,13,2,4,13,4,0,0.0,0.668,0,newgrad,active,0
4381,31,85,266,20,0,4,14,3,1,65.8,0.998,0,newgrad,active,0
4382,33,30,89,14,69,1,4,3,0,0.0,0.615,0,newgrad,hired,0
4383,32,94,248,14,0,2,23,3,1,75.0,0.908,0,newgrad,active,0
4384,25,15,62,0,13,23,10,3,0,0.0,0.951,0,explorer,active,0
4385,26,12,63,0,1,0,-1,0,0,0.0,0.291,0,explorer,active,1
4386,30,36,121,1,1,1,12,3,0,0.0,0.952,0,newgrad,active,0
4387,33,41,159,2,3,16,1,3,1,47.2,0.856,0,recent_career,active,0
4388,32,36,227,3,10,41,11,3,1,100.0,0.779,0,mover,active,0
4389,33,12,79,0,139,52,12,3,0,0.0,0.895,1,mover,hired,0
4390,26,62,215,8,0,24,12,3,0,0.0,0.932,0,recent_career,active,0
4391,29,5,19,0,75,17,14,4,1,66.4,0.842,0,explorer,lapsed,0
4392,31,61,172,13,4,2,2,3,1,56.8,0.786,0,newgrad,active,0
4393,30,30,195,2,4,94,4,3,0,0.0,0.937,0,mover,active,0
4394,31,66,206,11,1,1,9,4,1,44.0,0.653,0,newgrad,active,0
4395,26,24,69,3,90,1,19,4,1,50.6,0.776,1,newgrad,hired,0
4396,29,35,123,4,83,17,1,3,1,58.3,0.85,0,recent_career,hired,0
4397,29,14,65,0,58,0,-1,0,0,0.0,0.337,0,explorer,hired,1
4398,33,59,232,4,2,25,12,3,1,42.0,0.644,0,recent_career,active,0
4399,26,13,59,0,78,2,11,3,0,0.0,0.96,0,explorer,lapsed,0
4400,27,28,137,0,77,23,22,3,0,0.0,0.761,1,explorer,hired,0
4401,25,12,68,0,92,8,13,3,0,0.0,0.942,0,explorer,lapsed,0
4402,26,24,99,3,48,22,9,3,1,48.6,0.729,0,recent_career,lapsed,0
4403,33,14,42,2,88,4,22,3,1,68.9,0.904,0,newgrad,lapsed,0
4404,32,71,202,13,5,0,-1,3,1,60.6,0.856,0,newgrad,active,0
4405,27,54,300,6,1,84,1,3,0,0.0,0.822,0,mover,active,0
4406,31,33,165,0,0,6,14,2,0,0.0,0.802,0,explorer,active,0
4407,30,77,207,16,0,3,10,2,0,0.0,0.857,0,newgrad,active,0
4408,33,26,135,0,0,20,15,3,0,0.0,0.832,0,explorer,active,0
4409,27,66,273,6,3,16,6,3,1,71.7,0.623,0,recent_career,active,0
4410,33,30,87,8,8,2,18,3,1,53.7,0.868,0,newgrad,active,0
4411,28,54,186,3,1,18,12,4,1,62.0,0.884,0,recent_career,active,0
4412,31,4,22,0,153,7,22,3,0,0.0,0.819,0,explorer,lapsed,0
4413,28,31,117,6,85,19,5,3,1,47.9,0.843,1,recent_career,hired,0
4414,31,70,196,10,2,5,8,3,1,83.1,0.796,0,newgrad,active,0
4415,28,18,93,0,3,21,13,3,0,0.0,0.805,0,explorer,active,0
4416,32,89,280,12,0,0,-1,0,0,0.0,0.343,0,newgrad,active,1
4417,30,53,186,6,4,29,6,3,1,51.9,0.622,0,recent_career,active,0
4418,27,28,136,2,113,11,10,2,0,0.0,0.767,0,recent_career,lapsed,0
4419,33,12,37,3,104,2,19,2,1,70.6,0.854,1,newgrad,hired,0
4420,31,76,248,16,1,0,-1,3,1,52.5,0.924,0,newgrad,active,0
4421,28,22,100,2,0,23,1,2,0,0.0,0.612,0,recent_career,active,0
4422,26,24,161,0,3,73,9,3,1,80.2,0.95,0,mover,active,0
4423,33,65,191,15,4,5,20,3,1,58.7,0.864,0,newgrad,active,0
4424,31,27,154,1,0,65,2,2,0,0.0,0.631,0,mover,active,0
4425,31,55,164,7,5,5,17,4,0,0.0,0.814,0,newgrad,active,0
4426,32,82,275,13,0,17,10,3,1,76.4,0.849,0,recent_career,active,0
4427,30,29,118,5,123,14,8,3,1,75.2,0.98,0,recent_career,hired,0
4428,27,37,119,5,0,1,16,3,1,62.4,0.804,0,newgrad,active,0
4429,27,69,304,15,1,0,-1,0,0,0.0,0.317,0,recent_career,active,1
4430,25,16,58,3,101,1,17,3,1,51.2,0.943,0,newgrad,lapsed,0
4431,25,16,93,0,7,0,-1,3,0,0.0,0.655,0,explorer,active,0
4432,31,30,148,0,39,19,15,3,0,0.0,0.753,0,explorer,lapsed,0
4433,32,43,143,10,53,5,5,3,0,0.0,0.849,0,newgrad,lapsed,0
4434,26,38,247,0,2,64,11,4,1,67.7,0.888,0,mover,active,0
4435,30,35,233,1,76,38,13,3,0,0.0,0.621,0,mover,lapsed,0
4436,26,16,91,0,2,18,1,3,0,0.0,0.838,0,explorer,active,0
4437,28,101,305,21,0,0,-1,0,0,0.0,0.2,0,newgrad,active,1
4438,32,7,14,1,143,0,-1,2,0,0.0,0.899,0,newgrad,lapsed,0
4439,32,65,182,18,0,3,6,3,1,62.2,0.72,0,newgrad,active,0
4440,33,75,282,6,2,0,-1,0,0,0.0,0.13,0,recent_career,active,1
4441,27,49,151,5,6,2,15,3,0,0.0,0.694,0,newgrad,active,0
4442,33,17,103,0,6,6,1,3,0,0.0,0.62,0,explorer,active,0
4443,32,15,57,0,12,8,9,3,0,0.0,0.889,0,explorer,active,0
4444,28,10,38,2,92,10,0,3,1,45.0,0.987,0,recent_career,lapsed,0
4445,27,25,80,3,1,4,7,3,1,32.5,0.776,0,newgrad,active,0
4446,25,61,203,12,3,0,-1,0,0,0.0,0.267,0,newgrad,active,1
4447,33,28,96,7,125,5,5,3,1,67.0,0.899,0,newgrad,lapsed,0
4448,26,21,115,0,6,0,-1,0,0,0.0,0.211,0,mover,active,1
4449,27,80,325,10,4,24,12,3,0,0.0,0.975,0,recent_career,active,0
4450,28,8,37,0,124,5,20,3,0,0.0,0.603,0,explorer,hired,0
4451,26,36,172,0,4,16,9,3,1,74.2,0.847,0,explorer,active,0
4452,32,10,58,0,115,36,21,4,0,0.0,0.626,0,mover,lapsed,0
4453,31,25,146,0,0,76,7,3,0,0.0,0.719,0,mover,active,0
4454,26,49,130,10,0,1,9,3,1,58.1,0.723,0,newgrad,active,0
4455,26,71,206,17,0,4,13,3,1,52.7,0.986,0,newgrad,active,0
4456,25,3,13,0,176,20,8,2,1,58.0,0.843,0,recent_career,hired,0
4457,33,7,42,0,123,56,0,3,1,76.4,0.723,1,mover,hired,0
4458,28,54,221,4,4,0,-1,0,0,0.0,0.26,0,recent_career,active,1
4459,30,11,51,0,26,0,-1,0,0,0.0,0.337,0,explorer,active,1
4460,26,70,231,14,0,1,3,3,1,64.1,0.607,0,newgrad,active,0
4461,27,52,173,10,0,5,18,3,0,0.0,0.616,0,newgrad,active,0
4462,29,12,42,0,156,1,3,3,0,0.0,0.717,0,newgrad,lapsed,0
4463,26,2,9,0,180,16,21,4,0,0.0,0.717,0,explorer,hired,0
4464,30,25,92,4,93,0,-1,0,0,0.0,0.289,0,recent_career,hired,1
4465,33,119,480,10,1,0,-1,0,0,0.0,0.167,0,recent_career,active,1
4466,27,39,151,4,2,12,0,3,1,48.4,0.917,0,recent_career,active,0
4467,30,5,23,0,143,0,-1,0,0,0.0,0.159,0,mover,hired,1
4468,33,30,142,2,19,0,-1,0,0,0.0,0.294,0,explorer,active,1
4469,33,26,89,5,1,0,-1,0,0,0.0,0.175,0,newgrad,active,1
4470,25,13,66,0,128,23,17,3,0,0.0,0.745,1,explorer,hired,0
4471,25,48,140,6,18,2,10,3,1,72.4,0.971,0,newgrad,active,0
4472,33,35,183,1,124,78,16,3,0,0.0,0.698,0,mover,hired,0
4473,33,49,195,7,69,28,6,4,1,48.7,0.79,0,recent_career,hired,0
4474,27,72,222,17,0,0,-1,3,0,0.0,0.905,0,newgrad,active,0
4475,29,40,249,0,1,80,22,2,0,0.0,0.857,0,mover,active,0
4476,30,19,43,5,126,0,-1,3,1,51.9,0.766,1,newgrad,hired,0
4477,31,67,192,9,4,0,-1,3,1,64.5,0.925,0,newgrad,active,0
4478,31,24,114,0,7,12,20,4,0,0.0,0.92,0,explorer,active,0
4479,28,20,96,0,9,2,23,3,0,0.0,0.63,0,explorer,active,0
4480,33,14,42,2,145,1,8,3,1,39.3,0.821,0,newgrad,lapsed,0
4481,25,16,86,1,6,59,23,3,1,60.1,0.737,0,mover,active,0
4482,25,9,51,0,131,10,3,3,0,0.0,0.629,0,explorer,lapsed,0
4483,33,43,132,17,92,5,20,3,0,0.0,0.687,0,newgrad,hired,0
4484,26,13,66,0,1,10,0,4,0,0.0,0.911,0,explorer,active,0
4485,33,42,102,9,0,1,12,4,0,0.0,0.735,0,newgrad,active,0
4486,27,14,72,0,126,17,16,3,0,0.0,0.776,0,explorer,hired,0
4487,28,42,178,6,1,24,0,3,1,37.2,0.694,0,recent_career,active,0
4488,25,31,84,6,1,0,-1,3,1,61.1,0.693,0,newgrad,active,0
4489,33,67,196,6,4,0,-1,3,1,45.0,0.94,0,newgrad,active,0
4490,28,51,176,12,0,1,19,3,1,61.9,0.739,0,newgrad,active,0
4491,26,24,122,0,74,8,18,2,0,0.0,0.605,0,explorer,lapsed,0
4492,29,38,183,0,2,16,13,3,1,69.0,0.861,0,explorer,active,0
4493,26,12,42,1,36,25,3,3,0,0.0,0.682,1,recent_career,hired,0
4494,32,69,219,12,4,0,-1,2,1,63.6,0.778,0,newgrad,active,0
4495,25,97,264,20,2,2,3,3,1,61.9,0.882,0,newgrad,active,0
4496,29,68,216,13,0,1,24,3,1,57.7,0.921,0,newgrad,active,0
4497,28,120,338,22,0,0,-1,0,0,0.0,0.126,0,newgrad,active,1
4498,25,24,121,1,5,4,0,3,1,63.3,0.66,0,explorer,active,0
4499,25,28,142,0,5,6,17,3,1,65.3,0.924,0,explorer,active,0
4500,29,81,317,9,1,21,3,3,1,77.7,0.854,0,recent_career,active,0
4501,28,112,308,24,0,4,15,3,0,0.0,0.759,0,newgrad,active,0
4502,26,12,77,1,90,64,5,3,0,0.0,0.91,0,mover,lapsed,0
4503,26,40,125,12,38,2,16,4,1,76.8,0.794,0,newgrad,lapsed,0
4504,32,62,244,6,1,12,5,3,1,71.3,0.795,0,recent_career,active,0
4505,31,49,158,8,0,0,-1,0,0,0.0,0.345,0,newgrad,active,1
4506,30,25,77,4,143,3,8,2,1,69.4,0.741,0,newgrad,hired,0
4507,32,158,625,18,1,11,0,3,1,71.7,0.904,0,recent_career,active,0
4508,25,7,40,0,112,0,-1,0,0,0.0,0.321,0,explorer,hired,1
4509,31,106,296,22,0,4,18,2,0,0.0,0.845,0,newgrad,active,0
4510,31,44,257,2,0,68,21,3,0,0.0,0.845,0,mover,active,0
4511,26,58,174,12,5,0,-1,3,1,68.5,0.759,0,newgrad,active,0
4512,29,33,173,0,3,2,0,2,0,0.0,0.967,0,explorer,active,0
4513,31,11,48,0,134,17,3,3,1,73.6,0.691,0,recent_career,hired,0
4514,30,49,184,9,0,0,-1,0,0,0.0,0.228,0,recent_career,active,1
4515,27,28,82,7,37,4,0,3,1,57.8,0.788,0,newgrad,lapsed,0
4516,30,56,188,12,6,4,23,2,1,58.7,0.955,0,newgrad,active,0
4517,31,73,197,16,5,2,1,3,0,0.0,0.644,0,newgrad,active,0
4518,25,30,167,1,4,21,21,4,0,0.0,0.644,0,explorer,active,0
4519,30,126,380,24,0,0,-1,0,0,0.0,0.178,0,newgrad,active,1
4520,29,47,170,4,12,21,10,4,1,60.7,0.747,0,recent_career,active,0
4521,28,42,133,6,50,5,9,3,1,61.1,0.888,0,newgrad,lapsed,0
4522,25,36,178,0,0,7,22,3,0,0.0,0.737,0,explorer,active,0
4523,25,10,44,0,42,9,14,2,1,70.1,0.842,1,explorer,hired,0
4524,31,53,332,5,0,89,1,3,1,60.5,0.678,0,mover,active,0
4525,32,43,250,0,2,52,7,3,1,46.3,0.83,0,mover,active,0
4526,28,82,550,4,3,43,21,2,0,0.0,0.972,0,mover,active,0
4527,33,26,151,3,1,0,-1,0,0,0.0,0.258,0,mover,active,1
4528,33,108,319,24,0,5,20,3,0,0.0,0.813,0,newgrad,active,0
4529,30,17,78,0,9,0,-1,0,0,0.0,0.327,0,mover,active,1
4530,30,27,127,0,3,12,10,4,0,0.0,0.806,0,explorer,active,0
4531,33,36,127,9,5,4,3,3,1,61.7,0.813,0,newgrad,active,0
4532,30,39,244,1,3,0,-1,0,0,0.0,0.152,0,mover,active,1
4533,33,53,175,12,0,3,18,3,0,0.0,0.885,0,newgrad,active,0
4534,33,20,60,10,139,2,10,3,1,60.9,0.689,0,newgrad,lapsed,0
4535,26,70,272,9,6,27,6,3,1,52.2,0.618,0,recent_career,active,0
4536,30,24,144,0,2,0,-1,0,0,0.0,0.145,0,mover,active,1
4537,31,16,72,1,5,0,-1,0,0,0.0,0.232,0,explorer,active,1
4538,32,34,135,6,101,15,10,3,0,0.0,0.748,0,recent_career,lapsed,0
4539,28,100,323,14,3,2,2,3,0,0.0,0.928,0,newgrad,active,0
4540,32,15,70,2,145,27,8,3,1,59.4,0.651,0,recent_career,lapsed,0
4541,29,46,174,4,0,0,-1,0,0,0.0,0.159,0,recent_career,active,1
4542,28,24,127,0,2,0,-1,0,0,0.0,0.123,0,explorer,active,1
4543,26,140,398,29,0,1,5,3,1,70.8,0.995,0,newgrad,active,0
4544,27,53,136,6,0,5,5,3,1,61.9,0.83,0,newgrad,active,0
4545,33,13,46,3,138,0,-1,0,0,0.0,0.29,0,newgrad,lapsed,1
4546,31,19,97,0,105,11,7,3,1,62.8,0.766,0,explorer,hired,0
4547,31,61,190,10,3,0,-1,0,0,0.0,0.197,0,newgrad,active,1
4548,33,28,159,1,10,0,-1,0,0,0.0,0.175,0,mover,active,1
4549,27,60,171,17,1,3,17,3,1,61.8,0.795,0,newgrad,active,0
4550,30,57,215,7,0,8,7,3,1,53.7,0.883,0,recent_career,active,0
4551,28,56,320,1,0,52,10,3,1,72.5,0.886,0,mover,active,0
4552,32,27,118,6,19,19,6,3,0,0.0,0.889,0,recent_career,active,0
4553,28,14,85,0,75,92,24,3,1,69.5,0.965,0,mover,lapsed,0
4554,32,105,324,16,5,5,24,3,1,47.2,0.61,0,newgrad,active,0
4555,31,28,154,0,3,9,21,3,1,65.7,0.859,0,explorer,active,0
4556,31,15,82,0,1,10,15,3,0,0.0,0.91,0,explorer,active,0
4557,33,23,138,1,0,0,-1,0,0,0.0,0.118,0,mover,active,1
4558,32,100,377,9,0,0,-1,0,0,0.0,0.187,0,recent_career,active,1
4559,27,92,540,3,0,0,-1,0,0,0.0,0.143,0,mover,active,1
4560,29,21,117,0,3,13,19,3,0,0.0,0.936,0,explorer,active,0
4561,29,52,141,7,0,0,-1,0,0,0.0,0.327,0,newgrad,active,1
4562,25,54,173,9,0,0,-1,4,0,0.0,0.968,0,newgrad,active,0
4563,30,23,118,0,9,17,11,3,1,84.1,0.718,0,explorer,active,0
4564,28,13,49,1,128,0,-1,0,0,0.0,0.172,1,recent_career,hired,1
4565,28,20,106,1,16,57,24,3,1,61.3,0.852,0,mover,active,0
4566,25,22,99,0,0,0,-1,0,0,0.0,0.213,0,explorer,active,1
4567,29,23,120,1,4,0,-1,0,0,0.0,0.301,0,recent_career,active,1
4568,30,54,346,2,3,92,16,3,0,0.0,0.884,0,mover,active,0
4569,25,29,151,1,8,0,-1,0,0,0.0,0.325,0,mover,active,1
4570,30,51,168,10,1,0,-1,0,0,0.0,0.12,0,newgrad,active,1
4571,26,18,80,0,2,13,21,4,0,0.0,0.861,0,explorer,active,0
4572,26,39,161,5,3,26,0,3,1,45.8,0.748,0,recent_career,active,0
4573,28,54,162,11,3,2,22,3,1,43.9,0.944,0,newgrad,active,0
4574,28,21,106,0,4,11,6,4,0,0.0,0.611,0,explorer,active,0
4575,33,46,163,9,1,28,9,3,1,42.4,0.905,0,recent_career,active,0
4576,25,21,96,0,1,0,-1,0,0,0.0,0.247,0,explorer,active,1
4577,28,87,349,12,0,6,10,3,1,72.8,0.892,0,recent_career,active,0
4578,31,42,118,9,79,3,20,3,1,53.9,0.737,1,newgrad,hired,0
4579,27,41,180,10,11,27,9,3,1,60.4,0.872,0,recent_career,active,0
4580,33,47,307,1,0,92,14,3,0,0.0,0.709,0,mover,active,0
4581,31,31,143,0,5,23,9,3,0,0.0,0.687,0,explorer,active,0
4582,33,5,15,0,95,0,-1,0,0,0.0,0.152,1,explorer,hired,1
4583,33,4,17,0,168,2,16,3,1,66.5,0.622,1,explorer,hired,0
4584,25,56,377,2,1,67,3,4,0,0.0,0.877,0,mover,active,0
4585,29,39,199,0,0,12,1,3,0,0.0,0.914,0,explorer,active,0
4586,31,45,124,4,52,4,8,4,1,50.3,0.911,0,newgrad,hired,0
4587,25,22,118,0,2,0,-1,0,0,0.0,0.337,0,explorer,active,1
4588,29,4,10,0,155,48,0,2,1,67.4,0.997,1,mover,hired,0
4589,31,30,172,0,70,11,19,2,0,0.0,0.939,0,explorer,lapsed,0
4590,32,59,187,9,2,1,6,3,0,0.0,0.728,0,newgrad,active,0
4591,28,26,91,5,98,3,15,3,0,0.0,0.692,0,newgrad,lapsed,0
4592,32,52,303,2,3,0,-1,0,0,0.0,0.252,0,mover,active,1
4593,31,58,226,3,0,26,9,3,1,49.1,0.763,0,recent_career,active,0
4594,25,55,216,5,1,0,-1,0,0,0.0,0.109,0,recent_career,active,1
4595,27,8,39,0,103,22,6,3,0,0.0,0.779,0,explorer,hired,0
4596,33,18,42,2,79,0,-1,3,1,68.9,0.742,1,newgrad,hired,0
4597,25,41,152,2,1,0,-1,0,0,0.0,0.183,0,recent_career,active,1
4598,25,62,180,14,1,0,-1,3,1,49.9,0.804,0,newgrad,active,0
4599,28,59,182,12,1,0,-1,0,0,0.0,0.283,0,newgrad,active,1
4600,33,19,107,3,11,74,6,3,1,66.6,0.949,0,mover,active,0
4601,31,7,37,0,9,11,21,3,0,0.0,0.91,0,explorer,active,0
4602,26,29,159,0,1,0,-1,0,0,0.0,0.128,0,explorer,active,1
4603,28,31,216,1,3,92,8,3,0,0.0,0.717,0,mover,active,0
4604,33,21,116,0,8,93,24,3,1,57.6,0.752,0,mover,active,0
4605,26,50,128,10,4,0,-1,0,0,0.0,0.284,0,newgrad,active,1
4606,30,20,99,0,5,0,-1,0,0,0.0,0.187,0,explorer,active,1
4607,29,7,19,0,157,27,8,2,0,0.0,0.83,0,recent_career,lapsed,0
4608,31,19,73,3,127,18,0,3,1,62.8,0.95,1,recent_career,hired,0
4609,31,7,33,0,6,2,23,2,0,0.0,0.74,0,explorer,active,0
4610,32,5,22,0,74,12,3,3,0,0.0,0.7,0,explorer,hired,0
4611,26,11,23,1,146,5,24,3,1,23.7,0.96,0,newgrad,lapsed,0
4612,29,52,315,1,0,51,12,3,0,0.0,0.851,0,mover,active,0
4613,31,46,136,13,1,0,-1,0,0,0.0,0.32,0,newgrad,active,1
4614,28,13,43,4,101,1,21,3,1,50.2,0.916,0,newgrad,hired,0
4615,31,42,127,2,49,0,-1,3,1,56.0,0.76,0,newgrad,lapsed,0
4616,30,47,208,4,9,0,-1,0,0,0.0,0.23,0,recent_career,active,1
4617,28,20,111,2,62,41,6,3,0,0.0,0.982,0,mover,hired,0
4618,25,58,152,5,0,0,-1,0,0,0.0,0.114,0,newgrad,active,1
4619,33,89,266,24,1,2,4,2,1,55.4,0.862,0,newgrad,active,0
4620,32,49,216,17,88,14,10,2,1,70.2,0.85,1,recent_career,hired,0
4621,33,18,87,0,0,5,8,3,0,0.0,0.853,0,explorer,active,0
4622,27,24,168,0,14,0,-1,0,0,0.0,0.126,0,mover,active,1
4623,27,42,223,1,2,8,9,3,0,0.0,0.795,0,explorer,active,0
4624,27,33,132,3,1,22,8,4,1,76.2,0.966,0,recent_career,active,0
4625,25,10,56,0,68,62,6,3,0,0.0,0.745,0,mover,lapsed,0
4626,26,4,18,0,140,12,15,3,1,56.0,0.676,0,explorer,hired,0
4627,27,17,58,4,90,0,-1,0,0,0.0,0.337,0,newgrad,hired,1
4628,33,33,136,8,129,24,11,4,0,0.0,0.924,0,recent_career,hired,0
4629,26,28,80,6,3,0,-1,0,0,0.0,0.267,0,newgrad,active,1
4630,29,68,223,15,0,2,4,3,1,64.8,0.631,0,newgrad,active,0
4631,29,45,130,9,2,4,6,3,0,0.0,0.936,0,newgrad,active,0
4632,28,52,165,5,1,0,-1,2,1,69.9,0.873,0,newgrad,active,0
4633,33,77,197,16,0,0,-1,3,0,0.0,0.771,0,newgrad,active,0
4634,25,22,143,0,48,60,24,3,0,0.0,0.644,1,mover,hired,0
4635,32,78,343,12,0,0,-1,0,0,0.0,0.12,0,recent_career,active,1
4636,31,13,42,6,150,5,22,3,1,57.8,0.777,0,newgrad,lapsed,0
4637,27,28,176,0,2,71,19,3,0,0.0,0.931,0,mover,active,0
4638,31,25,101,4,128,19,6,3,1,65.1,0.967,0,recent_career,hired,0
4639,28,71,217,15,1,1,16,3,1,80.1,0.91,0,newgrad,active,0
4640,33,153,625,21,0,0,-1,0,0,0.0,0.312,0,recent_career,active,1
4641,25,57,240,6,5,0,-1,0,0,0.0,0.242,0,recent_career,active,1
4642,25,63,207,13,4,4,22,3,1,63.7,0.876,0,newgrad,active,0
4643,29,46,188,7,14,0,-1,0,0,0.0,0.263,0,recent_career,active,1
4644,33,102,318,22,0,0,-1,0,0,0.0,0.31,0,newgrad,active,1
4645,25,29,153,0,2,13,4,3,0,0.0,0.969,0,explorer,active,0
4646,32,11,52,0,26,17,14,4,0,0.0,0.984,0,explorer,active,0
4647,33,30,118,1,2,18,2,3,1,62.7,0.623,0,recent_career,active,0
4648,29,79,227,4,3,1,7,3,1,69.6,0.946,0,newgrad,active,0
4649,32,64,223,12,0,3,9,3,1,69.7,0.669,0,newgrad,active,0
4650,31,24,120,1,14,1,17,4,0,0.0,0.972,0,explorer,active,0
4651,26,1,7,0,180,17,24,2,0,0.0,0.898,0,explorer,hired,0
4652,32,30,118,4,0,12,11,4,1,69.8,0.894,0,recent_career,active,0
4653,31,41,150,5,0,23,2,3,1,48.1,0.734,0,recent_career,active,0
4654,25,56,173,7,2,0,-1,3,0,0.0,0.863,0,newgrad,active,0
4655,30,15,70,0,3,23,3,3,1,62.3,0.606,0,explorer,active,0
4656,30,27,137,1,2,0,-1,0,0,0.0,0.335,0,explorer,active,1
4657,32,63,244,2,1,7,1,3,1,83.3,0.852,0,recent_career,active,0
4658,31,58,352,1,0,41,20,3,0,0.0,0.877,0,mover,active,0
4659,29,42,168,6,2,25,12,4,1,82.5,0.908,0,recent_career,active,0
4660,27,41,248,4,1,0,-1,0,0,0.0,0.322,0,mover,active,1
4661,26,20,99,0,4,0,-1,0,0,0.0,0.144,0,explorer,active,1
4662,25,59,169,11,1,1,0,3,0,0.0,0.947,0,newgrad,active,0
4663,30,82,318,9,0,9,10,3,1,74.0,0.803,0,recent_career,active,0
4664,33,30,176,1,2,51,12,3,0,0.0,0.714,0,mover,active,0
4665,25,88,271,27,0,5,21,3,1,63.5,0.986,0,newgrad,active,0
4666,31,28,136,1,85,0,-1,0,0,0.0,0.188,0,explorer,hired,1
4667,30,61,210,11,2,5,17,3,0,0.0,0.757,0,newgrad,active,0
4668,26,25,117,0,10,9,12,4,1,58.7,0.67,0,explorer,active,0
4669,26,110,345,22,0,2,22,3,1,53.6,0.881,0,newgrad,active,0
4670,27,39,146,6,0,22,5,4,1,56.1,0.663,0,recent_career,active,0
4671,31,53,165,10,7,4,21,3,1,71.2,0.947,0,newgrad,active,0
4672,27,14,58,2,111,14,9,4,1,50.4,0.615,1,recent_career,hired,0
4673,32,83,242,11,1,0,-1,0,0,0.0,0.18,0,newgrad,active,1
4674,28,19,118,0,80,51,11,2,0,0.0,0.694,1,mover,hired,0
4675,25,33,126,2,81,9,7,3,1,79.4,0.627,1,recent_career,hired,0
4676,25,101,389,9,5,8,1,2,1,47.2,0.732,0,recent_career,active,0
4677,28,45,184,6,9,15,12,3,1,80.2,0.613,0,recent_career,active,0
4678,28,20,83,0,105,28,0,3,1,52.9,0.65,0,recent_career,hired,0
4679,31,48,238,0,4,0,-1,0,0,0.0,0.273,0,explorer,active,1
4680,29,7,34,1,9,22,14,3,0,0.0,0.628,0,explorer,active,0
4681,26,129,496,16,4,26,2,2,1,57.3,0.845,0,recent_career,active,0
4682,26,34,157,0,1,6,8,2,0,0.0,0.683,0,explorer,active,0
4683,30,36,182,1,8,37,3,3,0,0.0,0.611,0,mover,active,0
4684,28,17,85,0,4,11,3,3,0,0.0,0.833,0,explorer,active,0
4685,31,63,176,12,2,5,18,3,1,46.0,0.961,0,newgrad,active,0
4686,33,22,72,2,46,1,19,3,1,25.3,0.891,0,newgrad,lapsed,0
4687,28,23,67,2,130,0,-1,3,1,66.9,0.852,1,newgrad,hired,0
4688,29,13,65,1,3,0,-1,0,0,0.0,0.243,0,explorer,active,1
4689,32,32,194,1,8,40,4,3,1,56.8,0.781,0,mover,active,0
4690,26,14,46,1,151,1,21,3,1,69.8,0.613,0,newgrad,lapsed,0
4691,29,17,60,3,140,3,18,2,1,64.1,0.973,0,newgrad,hired,0
4692,27,49,289,2,0,91,17,3,0,0.0,0.846,0,mover,active,0
4693,30,7,27,0,88,5,14,3,0,0.0,0.971,0,explorer,lapsed,0
4694,31,52,158,16,4,2,7,3,0,0.0,0.654,0,newgrad,active,0
4695,26,69,413,3,7,95,2,3,1,65.0,0.692,0,mover,active,0
4696,26,75,221,13,1,4,23,3,1,50.4,0.874,0,newgrad,active,0
4697,25,44,139,5,2,5,14,4,1,55.1,0.747,0,newgrad,active,0
4698,25,111,314,24,0,3,2,2,0,0.0,0.71,0,newgrad,active,0
4699,25,15,88,0,1,14,15,3,0,0.0,0.857,0,explorer,active,0
4700,31,24,125,0,17,12,22,3,0,0.0,0.762,0,explorer,active,0
4701,33,43,140,11,0,1,7,2,1,62.2,0.937,0,newgrad,active,0
4702,28,34,97,8,2,1,7,2,1,48.2,0.868,0,newgrad,active,0
4703,32,85,262,13,0,5,17,4,1,49.9,0.904,0,newgrad,active,0
4704,31,58,233,7,2,9,2,3,0,0.0,0.833,0,recent_career,active,0
4705,32,45,131,8,0,0,-1,0,0,0.0,0.334,0,newgrad,active,1
4706,31,51,215,5,1,18,1,4,1,68.2,0.616,0,recent_career,active,0
4707,26,81,252,10,47,4,10,4,1,54.2,0.915,0,newgrad,lapsed,0
4708,29,102,428,9,7,0,-1,0,0,0.0,0.123,0,recent_career,active,1
4709,29,67,190,8,1,4,19,3,0,0.0,0.813,0,newgrad,active,0
4710,30,23,133,0,12,2,19,2,0,0.0,0.992,0,explorer,active,0
4711,32,67,189,15,3,4,13,4,1,54.7,0.97,0,newgrad,active,0
4712,26,65,379,2,0,96,15,3,0,0.0,0.845,0,mover,active,0
4713,31,29,164,0,5,18,20,3,1,55.1,0.683,0,explorer,active,0
4714,32,37,206,3,3,43,22,3,1,47.7,0.772,0,mover,active,0
4715,26,33,130,2,0,14,8,4,1,87.1,0.845,0,recent_career,active,0
4716,28,55,159,8,4,4,24,2,0,0.0,0.806,0,newgrad,active,0
4717,33,37,233,1,8,0,-1,0,0,0.0,0.311,0,mover,active,1
4718,25,15,52,4,159,0,-1,0,0,0.0,0.244,0,newgrad,hired,1
4719,26,54,205,6,1,0,-1,0,0,0.0,0.224,0,recent_career,active,1
4720,32,68,204,11,1,1,14,3,0,0.0,0.621,0,newgrad,active,0
4721,26,36,218,1,1,94,22,3,0,0.0,0.688,0,mover,active,0
4722,31,42,131,6,2,0,-1,0,0,0.0,0.263,0,newgrad,active,1
4723,33,31,190,2,3,62,24,3,0,0.0,0.925,0,mover,active,0
4724,29,46,179,8,0,13,4,2,1,52.4,0.844,0,recent_career,active,0
4725,29,81,245,20,3,0,-1,0,0,0.0,0.106,0,newgrad,active,1
4726,28,18,75,1,10,2,19,3,0,0.0,0.719,0,explorer,active,0
4727,28,68,202,18,107,2,18,3,0,0.0,0.617,1,newgrad,hired,0
4728,28,22,140,0,2,80,2,3,1,58.5,0.85,0,mover,active,0
4729,29,30,87,4,76,3,16,3,1,44.0,0.878,1,newgrad,hired,0
4730,33,69,193,10,1,0,-1,0,0,0.0,0.326,0,newgrad,active,1
4731,33,20,102,0,12,7,6,3,1,55.0,0.658,0,explorer,active,0
4732,32,72,196,12,3,0,-1,0,0,0.0,0.24,0,newgrad,active,1
4733,26,71,198,21,0,0,-1,0,0,0.0,0.128,0,newgrad,active,1
4734,27,6,27,1,86,17,16,3,1,86.3,0.892,0,explorer,lapsed,0
4735,31,17,88,0,0,0,-1,0,0,0.0,0.307,0,explorer,active,1
4736,29,25,148,0,17,36,13,3,1,64.0,0.601,0,mover,active,0
4737,28,23,92,3,114,9,2,3,1,65.9,0.903,0,recent_career,hired,0
4738,27,63,242,7,1,17,10,3,1,62.8,0.729,0,recent_career,active,0
4739,26,29,186,2,85,93,8,3,1,58.8,0.78,0,mover,hired,0
4740,27,69,292,8,0,7,7,3,1,40.8,0.705,0,recent_career,active,0
4741,28,78,223,23,58,0,-1,3,1,54.6,0.755,0,newgrad,hired,0
4742,28,13,61,0,2,7,23,3,0,0.0,0.77,0,explorer,active,0
4743,29,46,143,10,0,3,15,3,1,69.0,0.821,0,newgrad,active,0
4744,27,84,333,11,3,0,-1,0,0,0.0,0.297,0,recent_career,active,1
4745,26,32,134,6,117,18,2,3,1,65.5,0.948,1,recent_career,hired,0
4746,32,42,108,9,3,1,13,4,1,78.1,0.938,0,newgrad,active,0
4747,28,10,63,0,117,36,0,3,0,0.0,0.642,0,mover,hired,0
4748,27,10,59,0,85,10,23,2,0,0.0,0.8,0,explorer,lapsed,0
4749,30,76,276,4,0,0,-1,0,0,0.0,0.126,0,recent_career,active,1
4750,29,85,347,5,0,11,2,3,0,0.0,0.728,0,recent_career,active,0
4751,30,131,380,34,0,0,-1,0,0,0.0,0.228,0,newgrad,active,1
4752,26,22,77,4,5,0,-1,0,0,0.0,0.154,0,newgrad,active,1
4753,31,13,32,1,115,1,10,3,1,72.6,0.917,0,newgrad,hired,0
4754,26,22,118,0,98,10,23,2,1,53.5,0.788,0,explorer,lapsed,0
4755,32,22,141,0,6,67,20,2,0,0.0,0.607,0,mover,active,0
4756,28,98,295,16,2,2,15,4,0,0.0,0.712,0,newgrad,active,0
4757,28,9,55,0,78,12,20,3,0,0.0,0.678,0,explorer,hired,0
4758,28,13,50,0,120,0,-1,0,0,0.0,0.345,0,recent_career,hired,1
4759,28,1,6,0,158,0,-1,3,0,0.0,0.868,0,explorer,hired,0
4760,30,45,152,12,3,5,18,3,1,41.6,0.82,0,newgrad,active,0
4761,29,90,266,13,0,0,-1,0,0,0.0,0.261,0,newgrad,active,1
4762,26,26,123,0,4,0,-1,0,0,0.0,0.286,0,explorer,active,1
4763,30,91,290,17,0,0,-1,0,0,0.0,0.292,0,newgrad,active,1
4764,27,122,345,22,0,3,24,3,1,74.4,0.922,0,newgrad,active,0
4765,25,132,422,22,0,2,17,3,0,0.0,0.895,0,newgrad,active,0
4766,32,7,33,1,109,0,-1,0,0,0.0,0.268,0,mover,lapsed,1
4767,27,28,154,1,11,0,-1,0,0,0.0,0.314,0,mover,active,1
4768,30,54,200,7,0,0,-1,0,0,0.0,0.134,0,recent_career,active,1
4769,26,52,299,4,0,0,-1,0,0,0.0,0.185,0,mover,active,1
4770,28,37,205,1,0,38,5,3,1,69.7,0.816,0,mover,active,0
4771,28,28,78,4,20,0,-1,0,0,0.0,0.166,0,newgrad,active,1
4772,26,43,163,5,0,14,9,3,1,57.6,0.665,0,recent_career,active,0
4773,33,72,239,10,36,4,24,3,1,76.8,0.9,0,newgrad,lapsed,0
4774,27,29,112,5,89,28,11,4,0,0.0,0.917,0,recent_career,hired,0
4775,30,31,125,5,4,0,-1,0,0,0.0,0.319,0,recent_career,active,1
4776,30,42,122,12,50,4,12,2,1,53.9,0.688,0,newgrad,hired,0
4777,28,97,423,11,1,7,11,3,1,58.3,0.911,0,recent_career,active,0
4778,30,42,117,9,0,0,-1,0,0,0.0,0.29,0,newgrad,active,1
4779,30,58,334,1,1,74,9,3,1,55.0,0.805,0,mover,active,0
4780,25,42,124,13,3,0,-1,3,1,53.3,1.0,0,newgrad,active,0
4781,31,22,103,0,1,10,12,4,0,0.0,0.841,0,explorer,active,0
4782,26,9,34,0,110,15,16,4,0,0.0,0.939,0,explorer,lapsed,0
4783,28,46,255,2,18,47,2,2,0,0.0,0.94,0,mover,active,0
4784,28,13,69,1,127,24,0,4,0,0.0,0.902,1,explorer,hired,0
4785,29,25,129,0,10,3,11,3,0,0.0,0.964,0,explorer,active,0
4786,25,94,274,25,0,5,2,4,1,44.9,0.903,0,newgrad,active,0
4787,31,50,218,0,2,9,16,3,0,0.0,0.874,0,explorer,active,0
4788,28,103,397,11,0,25,10,2,1,42.9,0.743,0,recent_career,active,0
4789,25,18,122,3,37,0,-1,0,0,0.0,0.167,0,mover,active,1
4790,25,108,303,17,0,1,8,2,0,0.0,0.93,0,newgrad,active,0
4791,29,44,192,5,0,9,1,4,1,51.1,0.945,0,recent_career,active,0
4792,30,45,137,14,1,1,15,4,1,49.0,0.776,0,newgrad,active,0
4793,29,17,78,1,8,20,18,4,1,42.5,0.739,0,explorer,active,0
4794,31,36,105,7,54,0,-1,4,1,62.2,0.988,0,newgrad,lapsed,0
4795,31,54,214,8,1,0,-1,0,0,0.0,0.32,0,recent_career,active,1
4796,32,50,175,3,2,7,3,3,1,52.0,0.786,0,recent_career,active,0
4797,33,4,3,0,156,2,2,3,1,58.7,0.854,0,newgrad,hired,0
4798,32,15,84,0,9,3,5,3,0,0.0,0.66,0,explorer,active,0
4799,32,20,97,0,28,20,3,3,1,51.1,0.731,0,explorer,active,0
4800,28,38,95,8,9,0,-1,3,1,72.1,0.977,0,newgrad,active,0
4801,29,56,208,3,0,27,0,3,1,80.9,0.949,0,recent_career,active,0
4802,30,58,248,6,56,7,11,3,0,0.0,0.718,0,recent_career,hired,0
4803,26,84,252,13,2,1,15,3,1,70.8,0.937,0,newgrad,active,0
4804,31,9,51,0,62,0,-1,0,0,0.0,0.169,0,explorer,hired,1
4805,30,62,367,5,1,0,-1,0,0,0.0,0.292,0,mover,active,1
4806,29,72,227,9,3,0,-1,2,0,0.0,0.841,0,newgrad,active,0
4807,32,10,57,0,81,65,10,4,0,0.0,0.627,0,mover,hired,0
4808,31,6,17,1,162,4,16,3,1,56.0,0.911,0,newgrad,hired,0
4809,33,39,227,1,1,70,17,3,1,72.9,0.826,0,mover,active,0
4810,33,30,87,9,123,2,0,3,0,0.0,0.992,0,newgrad,hired,0
4811,32,14,85,1,94,0,-1,0,0,0.0,0.22,0,mover,lapsed,1
4812,27,68,203,15,0,0,-1,0,0,0.0,0.31,0,newgrad,active,1
4813,26,13,51,0,62,23,12,3,1,57.8,0.78,0,explorer,hired,0
4814,27,24,83,3,91,1,11,4,1,48.7,0.636,1,newgrad,hired,0
4815,31,73,279,7,0,20,9,3,1,78.9,0.966,0,recent_career,active,0
4816,32,110,301,26,0,1,14,2,1,54.1,0.633,0,newgrad,active,0
4817,32,94,290,20,0,3,20,3,1,50.2,0.705,0,newgrad,active,0
4818,31,15,88,0,43,50,17,4,1,68.7,0.635,0,mover,hired,0
4819,31,28,158,2,54,71,15,3,0,0.0,0.847,0,mover,hired,0
4820,33,19,120,1,43,58,14,3,0,0.0,0.813,0,mover,lapsed,0
4821,31,25,78,6,102,4,24,3,1,54.7,0.877,0,newgrad,hired,0
4822,26,28,181,0,3,83,17,2,0,0.0,0.849,0,mover,active,0
4823,29,40,264,3,11,0,-1,0,0,0.0,0.305,0,mover,active,1
4824,28,60,173,14,0,5,20,2,0,0.0,0.899,0,newgrad,active,0
4825,30,41,128,8,0,3,7,3,1,52.3,0.646,0,newgrad,active,0
4826,30,39,152,6,0,6,10,4,1,64.3,0.927,0,recent_career,active,0
4827,27,20,64,10,120,3,13,2,1,56.1,0.866,1,newgrad,hired,0
4828,27,10,69,0,18,12,22,2,0,0.0,0.983,0,explorer,active,0
4829,25,6,47,0,139,21,14,3,0,0.0,0.968,0,explorer,lapsed,0
4830,27,58,352,2,2,61,23,3,0,0.0,0.919,0,mover,active,0
4831,32,78,248,19,0,5,2,3,0,0.0,0.762,0,newgrad,active,0
4832,30,51,301,2,5,0,-1,0,0,0.0,0.137,0,mover,active,1
4833,33,16,102,1,1,10,14,3,0,0.0,0.892,0,explorer,active,0
4834,33,72,224,14,0,4,17,4,1,73.4,0.618,0,newgrad,active,0
4835,32,25,110,0,2,0,-1,0,0,0.0,0.116,0,explorer,active,1
4836,26,47,179,7,1,24,11,3,1,69.3,0.822,0,recent_career,active,0
4837,28,40,135,4,5,0,-1,0,0,0.0,0.168,0,recent_career,active,1
4838,25,67,254,10,0,15,3,3,0,0.0,0.691,0,recent_career,active,0
4839,25,19,88,0,115,9,7,3,1,35.6,0.768,0,recent_career,lapsed,0
4840,27,2,10,0,156,10,20,2,0,0.0,0.976,0,explorer,lapsed,0
4841,27,29,91,4,77,3,2,3,0,0.0,0.977,0,newgrad,lapsed,0
4842,25,78,206,16,50,1,20,3,0,0.0,0.834,0,newgrad,hired,0
4843,32,41,121,8,6,0,-1,3,1,61.1,0.973,0,newgrad,active,0
4844,29,84,271,25,0,0,-1,4,1,46.9,0.959,0,newgrad,active,0
4845,30,97,288,22,1,4,2,4,0,0.0,0.897,0,newgrad,active,0
4846,30,58,243,7,7,0,-1,0,0,0.0,0.311,0,recent_career,active,1
4847,33,67,445,4,2,79,6,2,0,0.0,0.626,0,mover,active,0
4848,26,41,154,5,1,17,9,3,1,63.2,0.93,0,recent_career,active,0
4849,28,30,132,0,5,24,5,3,0,0.0,0.796,0,explorer,active,0
4850,27,30,119,2,5,27,1,3,1,53.4,0.706,0,recent_career,active,0
4851,29,9,60,0,137,47,19,3,0,0.0,0.778,0,mover,lapsed,0
4852,29,13,67,0,51,21,11,2,0,0.0,0.932,0,explorer,lapsed,0
4853,32,46,182,4,3,29,2,3,1,68.5,0.85,0,recent_career,active,0
4854,30,33,139,2,1,18,9,2,1,51.0,0.94,0,recent_career,active,0
4855,27,4,30,0,171,6,16,3,0,0.0,0.975,0,explorer,lapsed,0
4856,30,59,174,8,0,1,1,3,1,40.4,0.856,0,newgrad,active,0
4857,33,11,74,0,164,65,9,4,0,0.0,0.606,1,mover,hired,0
4858,30,41,161,5,0,0,-1,0,0,0.0,0.338,0,recent_career,active,1
4859,30,75,234,16,0,3,21,3,1,57.8,0.885,0,newgrad,active,0
4860,26,17,57,6,104,4,21,3,1,78.6,0.825,1,newgrad,hired,0
4861,25,3,16,0,159,13,7,3,0,0.0,0.806,1,explorer,hired,0
4862,26,116,361,18,0,0,-1,0,0,0.0,0.321,0,newgrad,active,1
4863,25,25,137,0,3,0,-1,0,0,0.0,0.163,0,explorer,active,1
4864,29,26,179,3,1,0,-1,0,0,0.0,0.276,0,mover,active,1
4865,32,74,294,10,1,14,12,3,1,52.1,0.932,0,recent_career,active,0
4866,29,55,160,9,58,0,-1,0,0,0.0,0.166,0,newgrad,lapsed,1
4867,30,76,231,19,0,0,-1,0,0,0.0,0.122,0,newgrad,active,1
4868,32,42,117,6,1,0,-1,3,1,59.7,0.69,0,newgrad,active,0
4869,31,55,338,3,2,80,19,4,1,51.6,0.755,0,mover,active,0
4870,30,56,177,13,0,0,-1,0,0,0.0,0.328,0,newgrad,active,1
4871,32,54,183,6,0,0,-1,3,1,54.2,0.966,0,newgrad,active,0
4872,27,40,240,3,3,75,12,3,0,0.0,0.645,0,mover,active,0
4873,28,38,221,1,1,60,7,3,0,0.0,0.996,0,mover,active,0
4874,28,14,45,3,138,0,-1,3,1,43.4,0.784,0,newgrad,hired,0
4875,32,87,505,5,1,43,22,3,1,63.0,0.93,0,mover,active,0
4876,28,34,129,6,0,4,7,2,1,51.8,0.917,0,newgrad,active,0
4877,33,17,89,2,93,91,20,3,1,54.3,0.646,0,mover,hired,0
4878,26,51,151,9,0,0,-1,0,0,0.0,0.155,0,newgrad,active,1
4879,26,51,170,17,0,1,18,3,1,58.3,0.917,0,newgrad,active,0
4880,31,41,144,8,0,0,-1,0,0,0.0,0.166,0,recent_career,active,1
4881,31,35,193,3,67,47,9,4,1,48.6,0.933,1,mover,hired,0
4882,31,25,152,2,51,51,13,3,1,75.7,0.673,1,mover,hired,0
4883,27,79,253,19,1,5,20,3,1,57.4,0.855,0,newgrad,active,0
4884,25,24,109,0,5,0,-1,3,0,0.0,0.957,0,explorer,active,0
4885,27,24,129,0,8,12,15,3,0,0.0,0.884,0,explorer,active,0
4886,29,44,176,6,0,7,8,2,1,60.2,0.92,0,recent_career,active,0
4887,28,46,268,1,7,67,19,3,0,0.0,0.754,0,mover,active,0
4888,33,58,164,8,2,1,15,4,0,0.0,0.936,0,newgrad,active,0
4889,32,42,188,0,5,13,6,3,1,56.3,0.875,0,explorer,active,0
4890,31,48,131,7,50,2,21,3,1,42.9,0.834,0,newgrad,hired,0
4891,25,67,213,18,0,0,-1,0,0,0.0,0.119,0,newgrad,active,1
4892,26,72,217,17,0,0,-1,0,0,0.0,0.314,0,newgrad,active,1
4893,28,57,180,10,3,3,3,2,1,55.9,0.653,0,newgrad,active,0
4894,30,24,151,0,4,37,8,3,0,0.0,0.635,0,mover,active,0
4895,31,79,253,17,0,0,-1,2,1,72.8,0.829,0,newgrad,active,0
4896,27,35,102,5,46,3,24,3,1,40.4,0.729,1,newgrad,hired,0
4897,25,50,166,11,2,4,19,3,1,56.8,0.687,0,newgrad,active,0
4898,27,2,8,0,153,8,11,3,0,0.0,0.712,0,explorer,hired,0
4899,32,21,118,1,9,14,3,4,0,0.0,0.804,0,explorer,active,0
4900,33,46,126,10,0,4,8,3,1,44.1,0.729,0,newgrad,active,0
4901,33,63,194,18,3,0,-1,4,0,0.0,0.753,0,newgrad,active,0
4902,30,68,241,6,2,0,-1,0,0,0.0,0.102,0,recent_career,active,1
4903,25,24,137,0,0,21,20,2,0,0.0,0.81,0,explorer,active,0
4904,33,23,136,2,110,0,-1,0,0,0.0,0.141,0,mover,hired,1
4905,26,37,203,5,5,0,-1,0,0,0.0,0.264,0,mover,active,1
4906,27,38,170,0,1,18,17,3,1,81.3,0.994,0,explorer,active,0
4907,33,38,154,6,71,29,9,3,1,50.1,0.697,1,recent_career,hired,0
4908,29,26,147,1,15,72,5,3,0,0.0,0.964,0,mover,active,0
4909,26,75,280,13,5,18,5,3,1,73.1,0.887,0,recent_career,active,0
4910,29,57,229,5,2,29,3,3,1,40.0,0.959,0,recent_career,active,0
4911,25,20,62,3,150,5,8,3,1,67.6,0.881,1,newgrad,hired,0
4912,27,89,269,23,0,2,15,3,1,34.9,0.98,0,newgrad,active,0
4913,33,30,152,0,9,0,-1,0,0,0.0,0.171,0,explorer,active,1
4914,27,179,506,39,0,5,20,4,1,69.5,0.637,0,newgrad,active,0
4915,33,34,179,1,0,0,-1,0,0,0.0,0.281,0,explorer,active,1
4916,29,10,46,0,3,12,2,2,0,0.0,0.79,0,explorer,active,0
4917,30,33,169,0,0,0,-1,0,0,0.0,0.23,0,mover,active,1
4918,31,10,47,0,40,3,20,2,1,64.7,0.834,1,explorer,hired,0
4919,29,41,135,5,110,3,24,4,0,0.0,0.73,0,newgrad,lapsed,0
4920,25,36,110,7,83,2,4,3,1,67.0,0.986,1,newgrad,hired,0
4921,33,70,263,12,5,29,3,2,0,0.0,0.644,0,recent_career,active,0
4922,29,87,274,13,0,4,0,2,0,0.0,0.927,0,newgrad,active,0
4923,30,10,46,0,30,19,24,4,1,56.8,0.788,0,explorer,active,0
4924,29,31,76,8,3,1,23,3,1,72.3,0.689,0,newgrad,active,0
4925,30,31,86,5,103,0,-1,0,0,0.0,0.121,0,newgrad,hired,1
4926,28,81,303,7,0,6,0,3,1,65.1,0.678,0,recent_career,active,0
4927,32,41,110,9,68,1,5,3,1,57.5,0.912,0,newgrad,hired,0
4928,27,45,259,4,0,0,-1,0,0,0.0,0.151,0,mover,active,1
4929,30,63,192,14,3,3,3,2,1,72.9,0.875,0,newgrad,active,0
4930,30,30,146,1,7,0,-1,0,0,0.0,0.346,0,explorer,active,1
4931,29,26,145,0,10,56,6,3,0,0.0,0.789,0,mover,active,0
4932,25,4,23,0,129,10,16,3,0,0.0,0.673,0,explorer,hired,0
4933,28,85,263,24,1,2,1,3,0,0.0,0.725,0,newgrad,active,0
4934,25,7,40,0,153,54,4,4,1,46.2,0.999,0,mover,lapsed,0
4935,29,52,219,4,5,7,3,3,1,65.7,0.927,0,recent_career,active,0
4936,31,63,186,12,33,3,11,2,1,91.8,0.873,1,newgrad,hired,0
4937,29,29,160,5,3,70,24,2,0,0.0,0.963,0,mover,active,0
4938,31,48,294,3,2,42,15,3,1,35.4,0.84,0,mover,active,0
4939,28,35,133,3,142,0,-1,0,0,0.0,0.129,0,recent_career,lapsed,1
4940,27,8,44,0,2,1,13,4,0,0.0,0.71,0,explorer,active,0
4941,29,37,153,6,61,16,2,3,1,62.0,0.925,0,recent_career,lapsed,0
4942,27,37,201,1,3,60,14,3,0,0.0,0.627,0,mover,active,0
4943,32,8,45,0,129,3,3,3,0,0.0,0.691,1,explorer,hired,0
4944,32,51,153,5,3,4,4,2,1,46.1,0.838,0,newgrad,active,0
4945,28,29,162,0,6,3,7,3,0,0.0,0.738,0,explorer,active,0
4946,32,52,289,3,2,93,19,3,0,0.0,0.967,0,mover,active,0
4947,25,9,45,0,44,0,-1,0,0,0.0,0.245,0,explorer,lapsed,1
4948,26,11,70,0,134,92,22,3,1,56.0,0.632,0,mover,lapsed,0
4949,27,76,486,3,3,82,0,3,0,0.0,0.834,0,mover,active,0
4950,28,68,212,18,1,0,-1,3,0,0.0,0.844,0,newgrad,active,0
4951,27,10,44,0,72,14,0,4,0,0.0,0.838,0,explorer,lapsed,0
4952,29,7,17,0,148,0,-1,0,0,0.0,0.197,0,newgrad,hired,1
4953,32,33,134,1,7,21,20,2,0,0.0,0.853,0,explorer,active,0
4954,29,89,294,15,0,4,7,3,1,75.2,0.947,0,newgrad,active,0
4955,29,11,25,1,119,2,5,2,0,0.0,0.904,0,newgrad,hired,0
4956,25,29,131,1,6,16,2,3,0,0.0,0.659,0,explorer,active,0
4957,27,94,294,20,1,0,-1,0,0,0.0,0.216,0,newgrad,active,1
4958,32,49,151,6,92,1,4,3,1,69.3,0.815,0,newgrad,lapsed,0
4959,32,24,159,4,10,57,11,2,0,0.0,0.6,0,mover,active,0
4960,25,48,200,6,0,0,-1,0,0,0.0,0.143,0,recent_career,active,1
4961,25,116,476,16,0,27,2,4,0,0.0,0.778,0,recent_career,active,0
4962,32,62,173,9,1,0,-1,3,0,0.0,0.989,0,newgrad,active,0
4963,26,23,77,3,143,3,9,3,1,61.6,0.905,0,newgrad,lapsed,0
4964,30,76,231,14,0,0,-1,2,1,70.9,0.87,0,newgrad,active,0
4965,32,97,410,15,0,0,-1,0,0,0.0,0.271,0,recent_career,active,1
4966,32,16,58,6,120,0,-1,0,0,0.0,0.148,1,newgrad,hired,1
4967,29,15,42,0,89,0,-1,2,1,56.1,0.763,1,newgrad,hired,0
4968,28,28,116,2,37,30,3,3,1,64.5,0.937,0,recent_career,lapsed,0
4969,31,38,232,0,9,0,-1,0,0,0.0,0.127,0,mover,active,1
4970,31,36,226,5,1,52,19,4,0,0.0,0.69,0,mover,active,0
4971,32,17,57,1,100,27,1,3,1,75.5,0.738,0,recent_career,lapsed,0
4972,29,41,139,5,5,5,9,3,1,68.0,0.62,0,newgrad,active,0
4973,33,16,92,1,2,8,12,3,0,0.0,0.723,0,explorer,active,0
4974,31,15,83,0,85,49,20,3,0,0.0,0.938,0,mover,hired,0
4975,25,46,145,9,0,0,-1,4,0,0.0,0.693,0,newgrad,active,0
4976,27,39,119,8,0,5,22,3,0,0.0,0.797,0,newgrad,active,0
4977,32,36,117,7,2,27,4,3,1,51.9,0.976,0,recent_career,active,0
4978,26,27,133,0,10,18,19,4,0,0.0,0.837,0,explorer,active,0
4979,31,26,144,0,3,0,-1,3,1,55.0,0.772,0,explorer,active,0
4980,28,13,82,0,0,17,0,4,1,70.3,0.69,0,explorer,active,0
4981,26,86,285,9,3,1,2,3,1,53.3,0.64,0,newgrad,active,0
4982,29,38,116,7,0,3,3,3,0,0.0,0.972,0,newgrad,active,0
4983,33,50,198,8,1,22,9,3,1,51.8,0.736,0,recent_career,active,0
4984,33,37,135,15,1,0,-1,0,0,0.0,0.223,0,newgrad,active,1
4985,28,43,122,7,7,3,17,2,1,66.4,0.831,0,newgrad,active,0
4986,25,44,263,5,3,89,6,3,0,0.0,0.9,0,mover,active,0
4987,32,64,286,7,2,30,8,3,1,51.2,0.695,0,recent_career,active,0
4988,33,27,141,0,5,22,12,3,0,0.0,0.649,0,explorer,active,0
4989,30,25,109,3,6,29,7,3,1,55.7,0.92,0,recent_career,active,0
4990,30,34,127,2,1,28,9,3,0,0.0,0.838,0,recent_career,active,0
4991,29,19,93,0,10,0,-1,0,0,0.0,0.238,0,explorer,active,1
4992,25,34,214,0,64,63,16,4,1,60.6,0.623,1,mover,hired,0
4993,26,80,228,14,0,0,-1,0,0,0.0,0.184,0,newgrad,active,1
4994,26,28,179,0,7,81,24,3,0,0.0,0.741,0,mover,active,0
4995,33,29,93,2,0,5,10,3,1,74.1,0.761,0,newgrad,active,0
4996,25,65,267,8,1,17,4,4,1,73.3,0.831,0,recent_career,active,0
4997,30,6,11,4,133,4,8,3,1,59.0,0.823,1,newgrad,hired,0
4998,28,22,62,2,116,1,7,3,1,76.0,0.657,0,newgrad,hired,0
4999,25,19,95,1,119,72,15,4,1,71.8,0.702,0,mover,hired,0
5000,33,49,216,10,0,26,11,3,1,71.6,0.787,0,recent_career,active,0
5001,25,35,208,1,2,43,19,3,0,0.0,0.806,0,mover,active,0
5002,32,4,16,0,118,7,21,3,0,0.0,0.605,1,explorer,hired,0
5003,31,67,266,2,1,25,12,3,1,37.6,0.653,0,recent_career,active,0
5004,32,104,420,8,3,30,12,3,1,88.4,0.865,0,recent_career,active,0
5005,26,29,69,1,142,3,18,2,1,55.5,0.927,1,newgrad,hired,0
5006,32,15,74,0,1,16,6,4,0,0.0,0.806,0,explorer,active,0
5007,30,16,95,1,125,0,-1,0,0,0.0,0.133,0,mover,hired,1
5008,28,57,363,2,4,40,9,3,0,0.0,0.914,0,mover,active,0
5009,31,94,258,18,0,3,9,3,1,39.6,0.868,0,newgrad,active,0
5010,28,48,162,13,0,0,-1,0,0,0.0,0.207,0,newgrad,active,1
5011,27,89,271,23,0,3,7,3,1,64.3,0.759,0,newgrad,active,0
5012,27,44,190,8,1,25,7,3,1,74.6,0.772,0,recent_career,active,0
5013,30,63,383,1,0,70,20,2,0,0.0,0.717,0,mover,active,0
5014,30,33,118,6,105,11,3,2,1,52.3,0.86,0,recent_career,hired,0
5015,27,67,207,8,75,4,14,4,1,40.3,0.967,0,newgrad,hired,0
5016,27,51,143,9,97,3,13,3,1,72.6,0.963,0,newgrad,lapsed,0
5017,33,74,230,19,0,0,-1,3,1,42.0,0.695,0,newgrad,active,0
5018,29,27,175,1,1,0,-1,0,0,0.0,0.347,0,mover,active,1
5019,32,56,160,16,5,0,-1,0,0,0.0,0.213,0,newgrad,active,1
5020,27,15,71,0,87,5,4,3,1,53.3,0.803,0,explorer,hired,0
5021,27,12,68,0,10,7,17,3,0,0.0,0.821,0,explorer,active,0
5022,27,17,86,1,79,19,14,3,0,0.0,0.775,0,explorer,hired,0
5023,29,24,150,1,9,53,11,3,0,0.0,0.847,0,mover,active,0
5024,32,41,269,4,1,0,-1,0,0,0.0,0.312,0,mover,active,1
5025,29,17,99,2,8,68,5,3,0,0.0,0.792,0,mover,active,0
5026,27,100,339,29,4,5,12,2,0,0.0,0.957,0,newgrad,active,0
5027,33,40,123,8,10,3,3,4,1,56.6,0.856,0,newgrad,active,0
5028,30,16,89,0,130,96,2,3,0,0.0,0.613,0,mover,lapsed,0
5029,28,11,50,3,121,16,3,3,1,61.7,0.922,0,recent_career,hired,0
5030,25,75,298,6,0,12,11,4,1,31.2,0.812,0,recent_career,active,0
5031,30,29,181,0,7,17,14,2,0,0.0,0.97,0,explorer,active,0
5032,30,92,362,14,0,20,11,3,1,51.2,0.987,0,recent_career,active,0
5033,33,41,124,7,70,0,-1,3,1,62.4,0.861,0,newgrad,lapsed,0
5034,27,30,177,1,1,82,6,3,0,0.0,0.646,0,mover,active,0
5035,26,46,185,3,46,19,4,4,1,41.9,0.83,0,recent_career,hired,0
5036,33,19,87,0,5,19,16,3,0,0.0,0.632,0,explorer,active,0
5037,29,43,191,2,9,20,11,3,1,67.5,0.908,0,recent_career,active,0
5038,25,16,101,1,116,18,20,3,0,0.0,0.666,1,explorer,hired,0
5039,25,4,23,0,122,19,12,3,0,0.0,0.959,0,explorer,lapsed,0
5040,29,103,287,19,0,5,7,3,1,75.2,0.792,0,newgrad,active,0
5041,30,115,448,17,4,6,9,3,1,26.6,0.771,0,recent_career,active,0
5042,27,91,263,11,61,2,8,3,0,0.0,0.899,0,newgrad,hired,0
5043,28,77,233,17,3,2,8,3,1,57.0,0.635,0,newgrad,active,0
5044,31,51,148,18,1,0,-1,3,1,66.9,0.689,0,newgrad,active,0
5045,33,15,83,0,60,21,0,3,0,0.0,0.949,1,explorer,hired,0
5046,29,58,172,12,2,0,-1,0,0,0.0,0.25,0,newgrad,active,1
5047,28,7,40,0,133,0,-1,0,0,0.0,0.28,0,explorer,hired,1
5048,28,40,153,4,2,22,1,2,1,68.4,0.893,0,recent_career,active,0
5049,26,30,151,1,4,10,13,3,0,0.0,0.616,0,explorer,active,0
5050,25,53,160,13,3,5,15,4,0,0.0,0.682,0,newgrad,active,0
5051,32,46,125,5,75,0,-1,3,1,53.1,0.925,0,newgrad,lapsed,0
5052,25,27,168,2,0,74,19,4,0,0.0,0.793,0,mover,active,0
5053,32,52,209,10,3,10,8,3,1,51.7,0.778,0,recent_career,active,0
5054,27,8,34,0,93,11,12,4,1,55.1,0.764,0,explorer,lapsed,0
5055,31,12,38,3,131,0,-1,0,0,0.0,0.324,0,newgrad,hired,1
5056,33,53,310,1,0,56,2,3,1,49.4,0.893,0,mover,active,0
5057,31,17,114,2,30,75,22,3,1,58.8,0.837,0,mover,active,0
5058,31,40,254,4,1,84,13,3,0,0.0,0.928,0,mover,active,0
5059,27,45,173,10,13,24,9,4,1,67.9,0.822,0,recent_career,active,0
5060,30,94,347,11,2,0,-1,0,0,0.0,0.332,0,recent_career,active,1
5061,30,19,86,2,129,17,10,2,1,63.3,0.855,0,recent_career,hired,0
5062,28,78,229,17,0,1,14,4,1,80.5,0.609,0,newgrad,active,0
5063,25,32,128,9,44,29,1,3,1,67.5,0.996,0,recent_career,lapsed,0
5064,33,4,24,0,149,5,7,2,0,0.0,0.72,1,explorer,hired,0
5065,26,130,377,32,0,2,13,2,0,0.0,0.635,0,newgrad,active,0
5066,33,9,53,0,115,64,21,4,0,0.0,0.66,0,mover,lapsed,0
5067,33,18,54,3,114,0,-1,3,1,72.4,0.608,0,newgrad,lapsed,0
5068,25,40,117,9,6,1,8,4,1,63.7,0.93,0,newgrad,active,0
5069,31,42,135,7,0,5,13,3,1,51.6,0.611,0,newgrad,active,0
5070,30,22,67,2,1,2,14,3,1,74.6,0.781,0,newgrad,active,0
5071,27,66,204,9,1,2,12,3,0,0.0,0.982,0,newgrad,active,0
5072,32,77,212,14,2,5,3,3,0,0.0,0.767,0,newgrad,active,0
5073,26,63,174,17,5,3,1,3,1,49.3,0.995,0,newgrad,active,0
5074,27,3,23,0,96,7,13,3,0,0.0,0.809,0,explorer,hired,0
5075,33,17,47,0,136,0,-1,3,1,45.9,0.927,1,newgrad,hired,0
5076,31,38,123,5,72,0,-1,0,0,0.0,0.134,0,newgrad,lapsed,1
5077,26,52,232,4,0,20,6,3,1,68.0,0.632,0,recent_career,active,0
5078,26,68,217,14,0,3,12,3,1,69.3,0.603,0,newgrad,active,0
5079,27,37,237,1,2,41,8,3,0,0.0,0.837,0,mover,active,0
5080,25,114,460,15,0,0,-1,0,0,0.0,0.261,0,recent_career,active,1
5081,26,38,261,3,9,36,23,3,1,48.0,0.918,0,mover,active,0
5082,30,59,162,7,1,5,2,3,1,43.2,0.719,0,newgrad,active,0
5083,25,35,147,8,40,0,-1,0,0,0.0,0.19,1,recent_career,hired,1
5084,27,18,71,0,3,7,7,4,0,0.0,0.829,0,explorer,active,0
5085,27,30,94,1,0,4,2,3,1,63.4,0.699,0,newgrad,active,0
5086,33,22,111,0,12,0,-1,0,0,0.0,0.249,0,explorer,active,1
5087,33,50,160,14,5,0,-1,3,1,46.9,0.892,0,newgrad,active,0
5088,32,10,49,0,77,10,7,3,0,0.0,0.884,0,explorer,hired,0
5089,28,68,211,17,0,3,3,2,1,68.3,0.637,0,newgrad,active,0
5090,29,50,131,12,42,0,-1,4,1,57.3,0.743,0,newgrad,lapsed,0
5091,29,11,42,0,61,0,-1,0,0,0.0,0.225,0,explorer,hired,1
5092,32,47,133,15,0,0,-1,3,1,77.8,0.872,0,newgrad,active,0
5093,31,46,121,8,0,0,-1,2,1,60.1,0.651,0,newgrad,active,0
5094,33,32,149,0,3,0,-1,0,0,0.0,0.291,0,explorer,active,1
5095,29,69,403,3,0,59,14,3,0,0.0,0.622,0,mover,active,0
5096,33,48,305,0,0,0,-1,0,0,0.0,0.299,0,mover,active,1
5097,31,22,116,0,9,0,-1,0,0,0.0,0.113,0,mover,active,1
5098,31,25,127,0,11,0,-1,0,0,0.0,0.228,0,explorer,active,1
5099,30,18,90,0,1,0,-1,0,0,0.0,0.109,0,explorer,active,1
5100,28,39,253,1,11,82,21,4,0,0.0,0.657,0,mover,active,0
5101,30,47,116,7,9,4,6,3,0,0.0,0.859,0,newgrad,active,0
5102,28,69,294,10,6,0,-1,0,0,0.0,0.319,0,recent_career,active,1
5103,30,45,266,4,1,0,-1,0,0,0.0,0.332,0,mover,active,1
5104,27,25,120,0,7,5,15,2,0,0.0,0.69,0,explorer,active,0
5105,32,30,95,7,5,0,-1,0,0,0.0,0.266,0,newgrad,active,1
5106,30,50,207,3,0,8,6,2,1,63.1,0.655,0,recent_career,active,0
5107,31,59,191,18,1,0,-1,0,0,0.0,0.175,0,newgrad,active,1
5108,26,81,245,13,0,3,10,3,1,64.7,0.726,0,newgrad,active,0
5109,32,11,56,0,71,0,-1,0,0,0.0,0.17,1,explorer,hired,1
5110,32,47,194,10,1,0,-1,0,0,0.0,0.105,0,recent_career,active,1
5111,26,22,128,0,55,58,23,3,0,0.0,0.948,0,mover,hired,0
5112,28,13,56,1,74,0,-1,3,1,39.0,0.848,0,explorer,hired,0
5113,31,49,238,0,0,0,-1,3,0,0.0,0.835,0,explorer,active,0
5114,32,16,71,2,118,0,-1,0,0,0.0,0.318,0,recent_career,lapsed,1
5115,31,28,152,0,2,8,16,3,0,0.0,0.792,0,explorer,active,0
5116,29,7,33,0,145,46,11,4,0,0.0,0.72,0,mover,lapsed,0
5117,27,35,166,0,16,12,9,3,1,66.2,0.751,0,explorer,active,0
5118,33,75,304,7,0,11,5,3,1,47.4,0.951,0,recent_career,active,0
5119,32,64,203,10,1,5,10,3,0,0.0,0.767,0,newgrad,active,0
5120,33,42,271,3,0,64,24,4,0,0.0,0.66,0,mover,active,0
5121,27,25,68,7,71,2,5,2,0,0.0,0.666,1,newgrad,hired,0
5122,28,54,149,10,79,2,20,3,0,0.0,0.841,0,newgrad,lapsed,0
5123,27,39,234,2,2,0,-1,0,0,0.0,0.253,0,mover,active,1
5124,33,32,192,1,1,55,19,3,0,0.0,0.919,0,mover,active,0
5125,32,54,242,13,2,6,3,4,1,61.4,0.943,0,recent_career,active,0
5126,26,67,192,11,7,0,-1,0,0,0.0,0.221,0,newgrad,active,1
5127,27,6,33,0,150,18,7,3,1,72.3,0.627,0,recent_career,hired,0
5128,29,42,198,1,1,0,-1,3,0,0.0,0.773,0,explorer,active,0
5129,28,9,45,0,111,17,19,3,1,54.4,0.745,0,explorer,lapsed,0
5130,29,67,209,10,2,2,16,4,1,62.1,0.655,0,newgrad,active,0
5131,28,15,61,2,132,12,1,2,1,77.2,0.774,1,recent_career,hired,0
5132,31,37,143,3,107,15,11,3,1,40.6,0.774,0,recent_career,lapsed,0
5133,33,133,352,33,0,2,15,4,1,51.9,0.939,0,newgrad,active,0
5134,33,14,81,0,18,0,-1,3,0,0.0,0.701,0,explorer,active,0
5135,29,54,167,17,1,0,-1,3,0,0.0,0.644,0,newgrad,active,0
5136,32,58,226,1,4,11,10,4,1,47.0,0.894,0,recent_career,active,0
5137,31,41,160,10,109,0,-1,0,0,0.0,0.186,0,recent_career,lapsed,1
5138,26,69,191,10,2,1,21,3,0,0.0,0.713,0,newgrad,active,0
5139,32,19,89,0,0,16,5,4,0,0.0,0.807,0,explorer,active,0
5140,28,58,324,2,0,92,1,3,0,0.0,0.642,0,mover,active,0
5141,30,53,317,1,4,62,3,3,0,0.0,0.909,0,mover,active,0
5142,31,68,229,12,1,5,14,4,0,0.0,0.677,0,newgrad,active,0
5143,33,23,123,0,1,21,16,4,0,0.0,0.961,0,explorer,active,0
5144,33,48,160,6,1,2,24,4,1,50.1,0.602,0,newgrad,active,0
5145,32,28,147,1,1,20,2,3,0,0.0,0.653,0,explorer,active,0
5146,29,19,96,0,1,0,-1,0,0,0.0,0.112,0,explorer,active,1
5147,28,10,25,3,157,1,18,3,0,0.0,0.979,0,newgrad,hired,0
5148,28,39,197,1,8,0,-1,0,0,0.0,0.205,0,explorer,active,1
5149,33,70,201,23,1,4,8,3,0,0.0,0.887,0,newgrad,active,0
5150,26,103,681,4,1,0,-1,0,0,0.0,0.139,0,mover,active,1
5151,29,39,154,8,0,15,2,2,1,51.0,0.919,0,recent_career,active,0
5152,31,54,176,12,1,0,-1,0,0,0.0,0.247,0,newgrad,active,1
5153,25,38,138,4,0,13,12,3,1,46.7,0.667,0,recent_career,active,0
5154,30,60,253,9,0,19,11,3,1,63.9,0.867,0,recent_career,active,0
5155,27,57,261,6,6,0,-1,0,0,0.0,0.313,0,recent_career,active,1
5156,27,27,86,5,92,2,0,2,1,46.9,0.802,1,newgrad,hired,0
5157,30,76,457,5,2,80,14,3,1,62.5,0.712,0,mover,active,0
5158,25,26,81,7,129,0,-1,0,0,0.0,0.1,0,newgrad,lapsed,1
5159,26,9,18,2,127,0,-1,0,0,0.0,0.153,0,newgrad,hired,1
5160,29,23,125,0,9,7,2,4,0,0.0,0.755,0,explorer,active,0
5161,30,29,170,2,7,0,-1,0,0,0.0,0.339,0,explorer,active,1
5162,25,50,218,1,1,15,2,3,1,57.1,0.72,0,recent_career,active,0
5163,28,27,69,7,11,5,11,3,1,58.6,0.8,0,newgrad,active,0
5164,27,17,86,1,4,56,10,3,1,63.4,0.754,0,mover,active,0
5165,29,52,317,3,10,82,8,4,0,0.0,0.875,0,mover,active,0
5166,27,65,187,13,1,1,2,3,0,0.0,0.914,0,newgrad,active,0
5167,25,9,34,0,138,8,14,4,1,63.3,0.906,0,explorer,hired,0
5168,29,68,287,12,5,14,12,2,1,63.1,0.661,0,recent_career,active,0
5169,32,57,166,12,5,3,16,3,1,63.8,0.76,0,newgrad,active,0
5170,30,21,132,1,7,78,4,2,1,86.0,0.812,0,mover,active,0
5171,28,30,160,1,3,72,9,3,1,46.6,0.913,0,mover,active,0
5172,29,22,120,0,6,3,4,3,0,0.0,0.919,0,explorer,active,0
5173,26,42,154,6,1,11,10,4,1,57.8,0.973,0,recent_career,active,0
5174,27,58,261,11,0,0,-1,0,0,0.0,0.16,0,recent_career,active,1
5175,28,12,49,1,85,24,3,2,1,80.4,0.945,1,recent_career,hired,0
5176,30,56,223,5,1,9,3,2,1,71.3,0.958,0,recent_career,active,0
5177,29,52,202,6,8,23,5,2,1,62.4,0.647,0,recent_career,active,0
5178,33,34,91,11,2,0,-1,3,1,76.8,0.726,0,newgrad,active,0
5179,30,72,209,11,0,0,-1,0,0,0.0,0.289,0,newgrad,active,1
5180,25,43,258,1,13,55,8,3,0,0.0,0.838,0,mover,active,0
5181,29,102,319,18,5,0,-1,0,0,0.0,0.262,0,newgrad,active,1
5182,30,27,114,6,131,0,-1,0,0,0.0,0.337,1,recent_career,hired,1
5183,25,45,249,3,0,83,3,4,0,0.0,0.936,0,mover,active,0
5184,28,39,150,6,88,0,-1,0,0,0.0,0.157,1,recent_career,hired,1
5185,32,10,48,0,1,2,6,3,0,0.0,0.642,0,explorer,active,0
5186,28,29,113,2,37,15,7,2,1,69.9,0.727,0,recent_career,hired,0
5187,29,61,204,9,88,1,23,3,0,0.0,0.962,0,newgrad,lapsed,0
5188,26,9,53,0,74,11,3,2,1,71.8,0.829,0,explorer,hired,0
5189,25,23,140,3,120,40,7,4,0,0.0,0.688,1,mover,hired,0
5190,27,83,500,4,0,0,-1,0,0,0.0,0.272,0,mover,active,1
5191,31,37,218,4,8,0,-1,0,0,0.0,0.142,0,mover,active,1
5192,33,38,150,3,0,0,-1,0,0,0.0,0.198,0,recent_career,active,1
5193,30,31,202,1,3,45,18,3,1,71.7,0.608,0,mover,active,0
5194,32,35,168,0,70,15,15,3,0,0.0,0.964,0,explorer,hired,0
5195,30,15,67,1,9,0,-1,0,0,0.0,0.271,0,explorer,active,1
5196,30,51,169,15,1,4,7,3,0,0.0,0.675,0,newgrad,active,0
5197,28,77,224,12,1,5,13,4,1,58.6,0.688,0,newgrad,active,0
5198,25,44,194,0,1,0,-1,2,0,0.0,0.842,0,explorer,active,0
5199,28,36,206,1,11,75,2,3,0,0.0,0.692,0,mover,active,0
5200,32,53,174,9,4,1,8,3,1,66.7,0.711,0,newgrad,active,0
5201,29,50,182,4,2,30,7,3,1,49.6,0.726,0,recent_career,active,0
5202,31,45,163,3,4,27,10,4,1,68.8,0.845,0,recent_career,active,0
5203,25,47,167,4,6,5,18,4,1,47.3,0.994,0,newgrad,active,0
5204,26,74,313,10,0,0,-1,0,0,0.0,0.344,0,recent_career,active,1
5205,27,43,173,6,1,12,7,3,0,0.0,0.739,0,recent_career,active,0
5206,28,44,175,3,1,23,6,3,1,47.0,0.614,0,recent_career,active,0
5207,33,24,133,0,1,0,-1,0,0,0.0,0.258,0,explorer,active,1
5208,29,25,104,8,65,8,12,2,1,64.1,0.841,0,recent_career,lapsed,0
5209,30,83,337,9,2,24,0,3,1,67.9,0.695,0,recent_career,active,0
5210,30,31,79,6,118,0,-1,0,0,0.0,0.153,0,newgrad,lapsed,1
5211,28,17,55,5,141,4,19,3,0,0.0,0.951,0,newgrad,lapsed,0
5212,33,25,143,0,13,4,13,3,0,0.0,0.691,0,explorer,active,0
5213,27,2,13,0,133,10,14,3,1,64.0,0.731,0,explorer,hired,0
5214,25,46,143,8,3,2,23,4,1,63.9,0.74,0,newgrad,active,0
5215,31,43,102,9,1,1,16,3,1,80.7,0.623,0,newgrad,active,0
5216,30,10,27,1,125,3,9,4,0,0.0,0.978,1,newgrad,hired,0
5217,27,35,144,5,1,22,11,3,0,0.0,0.723,0,recent_career,active,0
5218,32,24,80,9,2,0,-1,3,1,52.5,0.949,0,newgrad,active,0
5219,26,34,120,4,13,13,2,3,1,63.2,0.862,0,recent_career,active,0
5220,27,74,262,5,0,26,6,3,1,62.1,0.72,0,recent_career,active,0
5221,26,28,161,1,1,0,-1,0,0,0.0,0.298,0,mover,active,1
5222,26,40,155,4,6,0,-1,0,0,0.0,0.174,0,recent_career,active,1
5223,31,51,189,10,1,0,-1,0,0,0.0,0.172,0,recent_career,active,1
5224,31,56,166,15,0,0,-1,3,1,61.7,0.824,0,newgrad,active,0
5225,30,16,51,5,85,1,7,4,0,0.0,0.795,1,newgrad,hired,0
5226,32,71,275,10,3,0,-1,0,0,0.0,0.208,0,recent_career,active,1
5227,25,55,197,7,70,12,0,3,1,56.2,0.674,0,recent_career,hired,0
5228,30,28,131,5,2,17,11,3,1,46.7,0.952,0,recent_career,active,0
5229,26,50,153,9,0,2,10,3,1,60.9,0.941,0,newgrad,active,0
5230,33,29,160,1,0,5,23,2,1,77.5,0.674,0,explorer,active,0
5231,30,3,16,0,102,4,1,3,1,47.5,0.892,0,explorer,lapsed,0
5232,31,79,223,18,0,0,-1,0,0,0.0,0.228,0,newgrad,active,1
5233,30,34,116,2,2,0,-1,0,0,0.0,0.327,0,newgrad,active,1
5234,28,9,67,0,147,61,9,3,0,0.0,0.741,0,mover,lapsed,0
5235,31,36,236,1,1,55,22,2,0,0.0,0.911,0,mover,active,0
5236,32,26,106,5,0,24,10,4,1,74.2,0.797,0,recent_career,active,0
5237,26,39,144,2,3,28,8,3,0,0.0,0.616,0,recent_career,active,0
5238,32,63,194,17,78,0,-1,0,0,0.0,0.204,0,newgrad,hired,1
5239,31,38,222,0,15,0,-1,0,0,0.0,0.173,0,mover,active,1
5240,25,54,237,17,1,6,3,3,1,52.3,0.75,0,recent_career,active,0
5241,33,90,293,26,0,2,13,3,1,61.2,0.865,0,newgrad,active,0
5242,26,75,242,12,1,2,23,3,1,58.8,0.872,0,newgrad,active,0
5243,30,33,94,3,88,0,-1,0,0,0.0,0.18,0,newgrad,lapsed,1
5244,26,96,275,19,2,0,-1,0,0,0.0,0.224,0,newgrad,active,1
5245,26,33,209,3,0,0,-1,0,0,0.0,0.159,0,mover,active,1
5246,30,71,244,14,1,3,10,3,0,0.0,0.836,0,newgrad,active,0
5247,31,63,278,8,3,10,11,2,1,51.8,0.828,0,recent_career,active,0
5248,31,23,85,1,124,8,5,4,1,60.1,0.894,0,recent_career,lapsed,0
5249,28,23,98,0,12,16,8,3,0,0.0,0.614,0,explorer,active,0
5250,32,49,159,11,2,3,0,3,1,35.5,0.914,0,newgrad,active,0
5251,25,121,456,10,1,6,0,3,1,77.2,0.818,0,recent_career,active,0
5252,32,51,139,14,3,2,12,3,1,72.9,0.904,0,newgrad,active,0
5253,27,4,11,0,132,3,13,4,0,0.0,0.772,0,explorer,lapsed,0
5254,30,30,147,0,6,0,-1,0,0,0.0,0.243,0,explorer,active,1
5255,33,10,55,0,136,0,-1,0,0,0.0,0.234,0,explorer,hired,1
5256,27,19,131,0,7,75,21,4,0,0.0,0.791,0,mover,active,0
5257,28,90,283,22,7,1,8,4,1,60.5,0.817,0,newgrad,active,0
5258,32,60,191,14,1,5,18,3,0,0.0,0.709,0,newgrad,active,0
5259,32,25,116,1,6,9,11,3,0,0.0,0.83,0,recent_career,active,0
5260,27,18,112,0,101,0,-1,0,0,0.0,0.107,0,mover,lapsed,1
5261,29,23,135,1,122,65,8,4,0,0.0,0.706,0,mover,hired,0
5262,27,42,155,7,6,0,-1,0,0,0.0,0.158,0,recent_career,active,1
5263,29,26,134,1,9,0,-1,0,0,0.0,0.266,0,explorer,active,1
5264,28,23,69,5,1,5,20,3,1,79.7,0.855,0,newgrad,active,0
5265,25,36,144,4,0,16,10,3,1,64.6,0.982,0,recent_career,active,0
5266,33,88,258,20,1,0,-1,3,1,66.9,0.814,0,newgrad,active,0
5267,30,14,69,0,28,0,-1,0,0,0.0,0.155,0,explorer,active,1
5268,29,10,51,0,24,20,12,3,1,71.7,0.768,0,explorer,active,0
5269,25,59,174,10,6,0,-1,0,0,0.0,0.342,0,newgrad,active,1
5270,25,25,113,1,9,3,16,3,0,0.0,0.83,0,explorer,active,0
5271,29,19,88,1,8,22,8,3,0,0.0,0.988,0,explorer,active,0
5272,30,18,88,0,10,0,-1,0,0,0.0,0.322,0,explorer,active,1
5273,27,16,96,0,35,19,11,4,0,0.0,0.787,1,explorer,hired,0
5274,31,29,91,3,105,2,24,3,0,0.0,0.663,0,newgrad,lapsed,0
5275,28,6,44,0,164,2,3,3,1,56.4,0.918,0,explorer,lapsed,0
5276,25,27,170,3,35,58,10,3,1,73.7,0.825,0,mover,hired,0
5277,29,31,184,2,3,87,3,4,1,56.2,0.636,0,mover,active,0
5278,26,14,68,1,151,19,1,3,1,67.5,0.763,0,recent_career,lapsed,0
5279,25,40,237,3,1,93,3,3,0,0.0,0.807,0,mover,active,0
5280,26,8,29,0,8,6,16,4,0,0.0,0.758,0,explorer,active,0
5281,27,13,34,2,84,4,16,3,1,72.9,0.821,0,newgrad,lapsed,0
5282,29,33,150,0,4,22,11,4,0,0.0,0.709,0,explorer,active,0
5283,33,19,48,2,96,4,4,3,1,72.9,0.849,0,newgrad,hired,0
5284,26,50,177,7,5,20,9,2,1,83.4,0.865,0,recent_career,active,0
5285,25,39,129,0,50,9,3,4,1,33.1,0.606,0,recent_career,lapsed,0
5286,26,20,104,1,0,18,23,4,1,54.8,0.679,0,explorer,active,0
5287,27,29,203,0,2,72,13,3,0,0.0,0.711,0,mover,active,0
5288,26,79,240,15,41,0,-1,0,0,0.0,0.127,0,newgrad,hired,1
5289,27,52,319,1,0,0,-1,0,0,0.0,0.341,0,mover,active,1
5290,33,25,64,4,152,0,-1,0,0,0.0,0.142,0,newgrad,hired,1
5291,28,70,214,18,0,0,-1,3,1,56.8,0.685,0,newgrad,active,0
5292,30,24,107,0,22,22,21,2,0,0.0,0.629,0,explorer,active,0
5293,31,35,199,2,1,0,-1,0,0,0.0,0.188,0,mover,active,1
5294,26,19,92,0,76,14,14,3,0,0.0,0.732,0,explorer,hired,0
5295,27,17,107,1,130,0,-1,0,0,0.0,0.313,0,mover,lapsed,1
5296,28,18,100,0,28,8,21,4,0,0.0,0.666,0,explorer,active,0
5297,29,82,258,21,0,5,10,3,1,54.4,0.674,0,newgrad,active,0
5298,25,29,84,7,102,0,-1,0,0,0.0,0.141,0,newgrad,lapsed,1
5299,30,22,99,2,110,0,-1,0,0,0.0,0.272,0,recent_career,lapsed,1
5300,27,32,184,2,0,75,2,4,0,0.0,0.764,0,mover,active,0
5301,27,32,195,2,1,81,1,3,0,0.0,0.663,0,mover,active,0
5302,30,33,202,2,6,50,14,3,0,0.0,0.919,0,mover,active,0
5303,33,50,137,15,3,1,8,3,1,62.7,0.855,0,newgrad,active,0
5304,32,81,342,11,0,29,7,3,1,67.2,0.74,0,recent_career,active,0
5305,33,34,194,1,0,37,11,3,0,0.0,0.622,0,mover,active,0
5306,28,7,31,0,17,8,15,3,0,0.0,0.945,0,explorer,active,0
5307,26,50,153,10,10,2,20,3,1,52.8,0.875,0,newgrad,active,0
5308,26,57,239,7,1,0,-1,0,0,0.0,0.2,0,recent_career,active,1
5309,28,45,144,9,109,5,15,3,1,56.0,0.772,0,newgrad,hired,0
5310,27,22,81,6,98,0,-1,3,1,60.0,0.9,0,newgrad,hired,0
5311,26,42,131,5,61,3,8,2,1,70.6,0.683,0,newgrad,hired,0
5312,26,64,203,21,0,3,10,2,1,61.1,0.744,0,newgrad,active,0
5313,26,27,178,2,6,84,11,2,0,0.0,0.955,0,mover,active,0
5314,30,30,81,9,54,2,7,3,0,0.0,0.83,0,newgrad,hired,0
5315,29,58,152,8,1,5,2,4,0,0.0,0.618,0,newgrad,active,0
5316,25,14,47,2,136,23,0,3,1,57.0,0.987,0,recent_career,hired,0
5317,30,31,150,0,0,17,15,2,0,0.0,0.829,0,explorer,active,0
5318,32,12,43,1,139,5,16,3,1,62.7,0.652,0,newgrad,hired,0
5319,28,53,156,16,93,5,21,3,1,75.3,0.912,0,newgrad,lapsed,0
5320,27,61,256,8,7,28,12,3,1,60.9,0.91,0,recent_career,active,0
5321,27,29,172,2,3,45,20,3,1,35.8,0.982,0,mover,active,0
5322,28,26,139,0,8,0,-1,0,0,0.0,0.156,0,explorer,active,1
5323,27,33,111,2,5,0,-1,0,0,0.0,0.232,0,recent_career,active,1
5324,33,22,92,1,61,19,2,3,1,72.4,0.772,0,recent_career,hired,0
5325,33,29,110,5,4,27,11,3,1,36.2,0.917,0,recent_career,active,0
5326,28,47,301,2,2,49,23,3,1,83.5,0.89,0,mover,active,0
5327,33,28,162,0,9,0,-1,0,0,0.0,0.324,0,explorer,active,1
5328,32,71,206,9,1,3,15,3,0,0.0,0.706,0,newgrad,active,0
5329,25,79,237,14,1,2,11,4,1,39.5,0.939,0,newgrad,active,0
5330,29,15,76,0,1,8,21,2,0,0.0,0.952,0,explorer,active,0
5331,30,11,69,0,67,15,21,3,1,54.3,0.97,0,explorer,hired,0
5332,28,61,169,22,1,3,0,3,0,0.0,0.966,0,newgrad,active,0
5333,29,10,32,1,160,0,-1,0,0,0.0,0.281,0,recent_career,lapsed,1
5334,29,61,200,13,1,0,-1,3,1,67.1,0.986,0,newgrad,active,0
5335,31,25,137,0,15,0,-1,0,0,0.0,0.254,0,explorer,active,1
5336,27,32,226,4,36,56,8,3,0,0.0,0.617,0,mover,active,0
5337,30,22,123,2,89,76,0,3,0,0.0,0.734,0,mover,lapsed,0
5338,27,28,143,0,25,13,11,3,0,0.0,0.919,0,explorer,active,0
5339,33,60,174,7,83,1,2,2,1,55.5,0.715,0,newgrad,hired,0
5340,25,52,159,10,1,0,-1,0,0,0.0,0.114,0,newgrad,active,1
5341,25,35,130,4,1,18,11,3,1,85.4,0.925,0,recent_career,active,0
5342,25,28,137,1,11,8,1,3,0,0.0,0.807,0,explorer,active,0
5343,28,4,26,0,154,67,0,3,0,0.0,0.669,1,mover,hired,0
5344,30,39,118,8,0,1,21,3,0,0.0,0.83,0,newgrad,active,0
5345,33,37,153,4,4,6,12,3,1,55.3,0.6,0,recent_career,active,0
5346,29,37,202,1,6,94,5,2,0,0.0,0.633,0,mover,active,0
5347,26,21,99,1,13,6,7,2,1,38.6,0.788,0,explorer,active,0
5348,28,22,127,1,10,83,0,3,0,0.0,0.981,0,mover,active,0
5349,26,20,83,2,10,28,1,3,1,68.1,0.757,0,recent_career,active,0
5350,29,39,195,0,2,19,19,3,0,0.0,0.659,0,explorer,active,0
5351,31,26,117,0,1,10,2,2,0,0.0,0.815,0,explorer,active,0
5352,25,28,185,1,8,64,5,3,0,0.0,0.897,0,mover,active,0
5353,31,37,212,0,3,88,13,3,1,65.8,0.984,0,mover,active,0
5354,27,48,226,0,4,0,-1,0,0,0.0,0.264,0,explorer,active,1
5355,31,17,92,0,3,0,-1,3,0,0.0,0.642,0,explorer,active,0
5356,32,14,88,2,7,95,18,3,1,56.8,0.7,0,mover,active,0
5357,31,24,77,6,63,0,-1,0,0,0.0,0.236,0,newgrad,lapsed,1
5358,31,73,223,17,0,0,-1,0,0,0.0,0.175,0,newgrad,active,1
5359,31,6,34,0,173,0,-1,0,0,0.0,0.105,0,explorer,hired,1
5360,26,37,233,0,0,0,-1,0,0,0.0,0.329,0,mover,active,1
5361,26,39,172,4,2,21,12,2,1,58.1,0.72,0,recent_career,active,0
5362,28,36,152,5,8,0,-1,0,0,0.0,0.199,0,recent_career,active,1
5363,30,11,64,0,23,11,22,3,1,61.8,0.741,0,explorer,active,0
5364,30,2,8,0,146,19,23,3,1,47.5,0.927,0,explorer,hired,0
5365,31,5,30,0,146,16,15,3,0,0.0,0.6,0,explorer,hired,0
5366,27,34,116,7,5,5,8,3,0,0.0,0.697,0,newgrad,active,0
5367,32,13,60,0,75,0,-1,0,0,0.0,0.214,1,explorer,hired,1
5368,29,27,143,1,1,14,11,3,0,0.0,0.605,0,explorer,active,0
5369,27,30,84,3,3,1,7,4,1,80.3,0.976,0,newgrad,active,0
5370,31,25,100,3,2,26,6,3,1,67.8,0.991,0,recent_career,active,0
5371,26,15,84,0,13,7,2,4,0,0.0,0.772,0,explorer,active,0
5372,28,67,269,11,4,21,3,3,1,76.8,0.608,0,recent_career,active,0
5373,32,47,290,0,1,88,12,3,1,68.7,0.945,0,mover,active,0
5374,31,58,331,2,1,0,-1,0,0,0.0,0.163,0,mover,active,1
5375,27,60,334,1,0,84,0,3,0,0.0,0.85,0,mover,active,0
5376,26,16,64,2,141,0,-1,3,1,39.3,0.942,0,newgrad,hired,0
5377,25,41,239,3,2,51,20,3,0,0.0,0.85,0,mover,active,0
5378,25,16,76,4,132,23,0,3,1,42.6,0.791,0,recent_career,lapsed,0
5379,32,46,247,0,6,15,15,3,0,0.0,0.907,0,explorer,active,0
5380,32,17,68,2,7,9,6,3,1,79.7,0.773,0,recent_career,active,0
5381,29,32,199,2,5,67,20,3,0,0.0,0.88,0,mover,active,0
5382,30,21,112,0,5,18,9,3,0,0.0,0.715,0,explorer,active,0
5383,27,67,274,7,0,24,8,3,1,58.3,0.614,0,recent_career,active,0
5384,26,24,72,3,99,0,-1,0,0,0.0,0.232,0,newgrad,hired,1
5385,25,25,131,0,65,11,18,4,0,0.0,0.688,0,explorer,hired,0
5386,31,79,308,13,3,17,9,3,0,0.0,0.95,0,recent_career,active,0
5387,25,63,264,4,8,0,-1,0,0,0.0,0.25,0,recent_career,active,1
5388,25,33,108,5,67,0,-1,0,0,0.0,0.127,0,newgrad,lapsed,1
5389,32,13,59,0,76,14,2,3,0,0.0,0.939,1,explorer,hired,0
5390,30,45,277,4,4,53,18,3,1,50.0,0.667,0,mover,active,0
5391,29,77,211,12,2,0,-1,0,0,0.0,0.145,0,newgrad,active,1
5392,26,28,148,0,1,0,-1,0,0,0.0,0.125,0,explorer,active,1
5393,26,52,142,8,6,3,1,4,0,0.0,0.629,0,newgrad,active,0
5394,29,68,200,18,0,5,0,3,1,65.4,0.606,0,newgrad,active,0
5395,28,107,338,22,0,0,-1,3,1,75.4,0.824,0,newgrad,active,0
5396,29,106,309,26,0,0,-1,0,0,0.0,0.277,0,newgrad,active,1
5397,26,15,50,3,155,0,-1,0,0,0.0,0.231,0,newgrad,lapsed,1
5398,27,15,108,0,137,52,10,3,0,0.0,0.756,1,mover,hired,0
5399,26,24,98,2,78,27,1,4,1,59.5,0.924,0,recent_career,lapsed,0
5400,28,38,245,3,1,59,18,3,1,60.7,0.905,0,mover,active,0
5401,27,62,264,10,1,17,2,3,1,65.9,0.836,0,recent_career,active,0
5402,27,66,174,20,8,0,-1,0,0,0.0,0.178,0,newgrad,active,1
5403,29,65,260,6,0,0,-1,0,0,0.0,0.256,0,recent_career,active,1
5404,29,11,71,1,74,49,8,3,0,0.0,0.6,0,mover,lapsed,0
5405,26,16,97,0,146,92,7,2,0,0.0,0.683,0,mover,lapsed,0
5406,31,42,150,11,65,0,-1,0,0,0.0,0.173,1,newgrad,hired,1
5407,28,53,212,8,0,29,9,2,1,67.8,0.795,0,recent_career,active,0
5408,28,50,157,17,3,2,13,3,1,71.5,0.774,0,newgrad,active,0
5409,29,18,97,0,2,2,0,3,0,0.0,0.93,0,explorer,active,0
5410,26,26,77,2,114,0,-1,0,0,0.0,0.148,0,newgrad,lapsed,1
5411,28,21,116,0,30,9,9,3,0,0.0,0.879,0,explorer,active,0
5412,30,57,173,10,10,0,-1,0,0,0.0,0.237,0,newgrad,active,1
5413,26,34,140,0,2,9,5,3,1,43.9,0.972,0,recent_career,active,0
5414,30,23,115,1,4,75,14,3,1,82.7,0.99,0,mover,active,0
5415,25,64,188,13,1,2,17,3,0,0.0,0.664,0,newgrad,active,0
5416,30,35,133,5,2,23,4,3,0,0.0,0.849,0,recent_career,active,0
5417,25,2,7,0,162,15,9,3,0,0.0,0.637,0,explorer,hired,0
5418,26,9,34,2,158,16,10,3,1,39.4,0.951,0,recent_career,hired,0
5419,28,96,305,23,0,2,3,3,1,71.4,0.665,0,newgrad,active,0
5420,30,35,99,7,77,0,-1,3,1,63.6,0.801,0,newgrad,lapsed,0
5421,31,46,141,8,0,0,-1,3,1,44.3,0.938,0,newgrad,active,0
5422,29,22,94,0,13,11,14,3,0,0.0,0.767,0,explorer,active,0
5423,26,87,293,9,1,0,-1,0,0,0.0,0.166,0,recent_career,active,1
5424,28,3,12,0,147,0,-1,0,0,0.0,0.178,0,explorer,hired,1
5425,32,40,248,2,0,86,7,3,0,0.0,0.739,0,mover,active,0
5426,25,3,13,0,144,21,10,4,0,0.0,0.617,0,explorer,hired,0
5427,31,47,246,2,0,21,4,2,0,0.0,0.846,0,explorer,active,0
5428,28,11,58,0,67,0,-1,0,0,0.0,0.327,0,explorer,lapsed,1
5429,25,36,213,0,0,94,14,3,0,0.0,0.781,0,mover,active,0
5430,31,35,106,7,4,0,-1,0,0,0.0,0.124,0,newgrad,active,1
5431,25,82,246,16,2,5,24,3,0,0.0,0.743,0,newgrad,active,0
5432,28,30,182,4,3,0,-1,0,0,0.0,0.269,0,mover,active,1
5433,26,50,157,10,91,0,-1,0,0,0.0,0.215,0,newgrad,lapsed,1
5434,30,25,150,0,114,0,-1,0,0,0.0,0.137,0,mover,hired,1
5435,25,35,131,5,91,28,5,3,1,75.4,0.728,0,recent_career,lapsed,0
5436,25,9,47,0,116,1,4,3,0,0.0,0.899,0,explorer,hired,0
5437,29,30,122,8,7,12,3,2,1,41.1,0.693,0,recent_career,active,0
5438,33,19,96,0,8,0,-1,0,0,0.0,0.196,0,explorer,active,1
5439,25,11,43,1,146,10,11,3,1,58.4,0.835,0,recent_career,lapsed,0
5440,29,79,320,8,1,13,8,3,1,52.5,0.865,0,recent_career,active,0
5441,32,22,106,0,1,13,0,2,0,0.0,0.87,0,explorer,active,0
5442,27,3,12,0,135,5,8,3,0,0.0,0.998,1,explorer,hired,0
5443,29,45,278,2,3,57,14,3,0,0.0,0.639,0,mover,active,0
5444,32,15,65,0,7,7,13,3,1,58.6,0.858,0,explorer,active,0
5445,31,62,195,6,3,4,15,4,1,44.3,0.753,0,newgrad,active,0
5446,27,31,151,0,3,24,6,3,0,0.0,0.804,0,explorer,active,0
5447,31,13,32,1,149,1,13,2,0,0.0,0.688,0,newgrad,hired,0
5448,31,29,95,9,148,1,23,3,1,53.7,0.736,0,newgrad,hired,0
5449,29,99,285,25,2,0,-1,0,0,0.0,0.126,0,newgrad,active,1
5450,28,79,329,5,2,29,10,3,1,73.4,0.648,0,recent_career,active,0
5451,33,26,146,0,22,65,23,4,0,0.0,0.786,0,mover,active,0
5452,32,21,97,0,3,0,-1,0,0,0.0,0.226,0,explorer,active,1
5453,33,32,122,4,8,10,10,4,1,40.3,0.807,0,recent_career,active,0
5454,31,20,108,0,10,4,3,4,1,39.5,0.63,0,explorer,active,0
5455,28,82,236,18,0,0,-1,0,0,0.0,0.189,0,newgrad,active,1
5456,25,70,270,11,1,0,-1,0,0,0.0,0.303,0,recent_career,active,1
5457,26,51,277,3,1,65,11,2,0,0.0,0.906,0,mover,active,0
5458,33,38,137,3,0,0,-1,0,0,0.0,0.253,0,recent_career,active,1
5459,28,59,245,4,2,19,8,3,1,70.9,0.796,0,recent_career,active,0
5460,25,31,181,1,0,96,17,3,0,0.0,0.665,0,mover,active,0
5461,27,40,157,4,10,6,9,3,0,0.0,0.777,0,recent_career,active,0
5462,25,52,227,7,1,0,-1,0,0,0.0,0.103,0,recent_career,active,1
5463,29,21,130,2,45,0,-1,0,0,0.0,0.214,0,mover,hired,1
5464,30,53,196,6,56,21,7,3,1,66.6,0.74,0,recent_career,hired,0
5465,28,7,35,0,117,0,-1,0,0,0.0,0.222,0,explorer,hired,1
5466,31,2,9,0,172,23,24,3,0,0.0,0.907,0,explorer,lapsed,0
5467,29,51,199,7,3,20,1,4,1,63.4,0.681,0,recent_career,active,0
5468,33,65,170,11,3,0,-1,3,1,54.3,0.852,0,newgrad,active,0
5469,31,31,113,4,1,14,0,3,0,0.0,0.751,0,recent_career,active,0
5470,25,49,292,4,4,59,20,3,0,0.0,0.818,0,mover,active,0
5471,27,14,52,2,143,6,4,3,1,67.2,0.905,0,recent_career,lapsed,0
5472,31,8,33,0,28,12,9,3,0,0.0,0.696,0,explorer,active,0
5473,29,28,114,7,129,20,1,3,0,0.0,0.858,1,recent_career,hired,0
5474,31,47,279,3,4,0,-1,0,0,0.0,0.102,0,mover,active,1
5475,28,60,220,2,3,25,12,4,1,59.6,0.619,0,recent_career,active,0
5476,25,39,175,4,0,29,7,3,0,0.0,0.627,0,recent_career,active,0
5477,32,84,234,14,4,1,10,3,1,64.6,0.769,0,newgrad,active,0
5478,32,7,30,0,140,49,17,3,0,0.0,0.685,1,mover,hired,0
5479,30,29,146,0,7,9,7,3,0,0.0,0.648,0,explorer,active,0
5480,28,20,68,4,18,15,9,2,1,58.0,0.821,0,recent_career,active,0
5481,25,47,181,6,4,10,8,2,1,80.7,0.626,0,recent_career,active,0
5482,31,123,409,21,0,0,-1,0,0,0.0,0.293,0,newgrad,active,1
5483,30,81,281,13,1,3,19,3,1,83.5,0.692,0,newgrad,active,0
5484,31,40,223,0,4,0,-1,3,0,0.0,0.805,0,explorer,active,0
5485,26,23,111,1,1,0,-1,0,0,0.0,0.116,0,explorer,active,1
5486,31,31,156,0,15,16,11,3,0,0.0,0.79,0,explorer,active,0
5487,31,58,245,3,9,29,11,4,1,49.0,0.809,0,recent_career,active,0
5488,32,49,145,6,0,3,21,3,1,78.9,0.928,0,newgrad,active,0
5489,30,4,19,0,138,16,4,3,0,0.0,0.775,0,explorer,lapsed,0
5490,31,38,117,11,64,2,5,3,1,44.2,0.975,0,newgrad,lapsed,0
5491,28,25,153,2,7,93,15,2,1,45.1,0.685,0,mover,active,0
5492,31,37,120,9,2,3,20,3,1,60.6,0.975,0,newgrad,active,0
5493,31,32,112,4,74,3,11,2,1,54.2,0.911,0,newgrad,lapsed,0
5494,32,21,105,1,7,14,20,3,1,45.8,0.959,0,explorer,active,0
5495,32,63,181,12,4,4,16,3,1,63.0,0.697,0,newgrad,active,0
5496,25,22,105,1,5,1,4,2,1,77.2,0.706,0,explorer,active,0
5497,32,53,184,11,7,4,23,4,1,65.4,0.68,0,newgrad,active,0
5498,32,49,195,3,0,0,-1,0,0,0.0,0.27,0,recent_career,active,1
5499,29,106,337,25,0,4,12,3,1,69.6,0.662,0,newgrad,active,0
5500,29,44,170,2,1,0,-1,0,0,0.0,0.201,0,recent_career,active,1
5501,31,74,240,16,2,4,20,2,1,65.8,0.931,0,newgrad,active,0
5502,29,18,80,1,10,22,10,3,1,54.8,0.857,0,recent_career,active,0
5503,28,16,94,0,141,90,17,3,0,0.0,0.658,0,mover,lapsed,0
5504,32,17,98,0,5,14,8,2,0,0.0,0.973,0,explorer,active,0
5505,32,85,239,15,1,4,23,3,1,60.0,0.78,0,newgrad,active,0
5506,26,49,179,4,1,13,4,3,0,0.0,0.87,0,recent_career,active,0
5507,32,31,89,10,38,5,22,4,1,59.2,0.789,0,newgrad,hired,0
5508,27,16,101,0,0,7,2,3,1,80.6,0.927,0,explorer,active,0
5509,26,34,212,0,8,92,24,3,0,0.0,0.959,0,mover,active,0
5510,32,35,126,4,0,0,-1,0,0,0.0,0.166,0,recent_career,active,1
5511,27,118,360,17,1,5,11,3,1,51.0,0.627,0,newgrad,active,0
5512,26,96,286,16,1,0,-1,0,0,0.0,0.15,0,newgrad,active,1
5513,27,72,231,12,2,3,19,4,0,0.0,0.689,0,newgrad,active,0
5514,29,24,79,3,3,27,3,2,1,48.1,0.963,0,recent_career,active,0
5515,26,13,69,0,3,9,5,2,0,0.0,0.801,0,explorer,active,0
5516,26,65,264,6,0,15,8,3,1,40.4,0.684,0,recent_career,active,0
5517,28,140,582,13,2,0,-1,0,0,0.0,0.181,0,recent_career,active,1
5518,26,70,258,12,6,13,10,3,0,0.0,0.752,0,recent_career,active,0
5519,26,35,196,0,12,0,-1,0,0,0.0,0.121,0,mover,active,1
5520,33,35,120,6,0,2,5,2,1,47.3,0.74,0,newgrad,active,0
5521,30,101,270,19,3,0,-1,0,0,0.0,0.328,0,newgrad,active,1
5522,25,50,148,14,2,2,11,3,1,62.8,0.721,0,newgrad,active,0
5523,25,27,168,2,2,65,3,3,0,0.0,0.761,0,mover,active,0
5524,32,25,72,4,145,0,-1,0,0,0.0,0.216,0,newgrad,hired,1
5525,27,25,121,1,2,15,10,4,0,0.0,0.791,0,explorer,active,0
5526,26,9,35,2,152,3,14,3,0,0.0,0.636,0,newgrad,hired,0
5527,30,8,35,0,146,18,4,3,1,56.1,0.772,0,recent_career,hired,0
5528,32,24,102,0,2,10,20,3,0,0.0,0.923,0,explorer,active,0
5529,28,32,165,0,8,17,24,3,1,61.9,0.734,0,explorer,active,0
5530,31,69,206,13,13,2,20,3,1,55.7,0.827,0,newgrad,active,0
5531,28,13,59,0,2,0,-1,0,0,0.0,0.314,0,explorer,active,1
5532,25,40,120,10,7,5,15,2,1,49.4,0.896,0,newgrad,active,0
5533,32,93,264,21,56,0,-1,4,0,0.0,0.979,0,newgrad,lapsed,0
5534,33,23,135,0,0,4,8,3,0,0.0,0.623,0,explorer,active,0
5535,33,52,275,0,40,6,5,3,0,0.0,0.807,0,explorer,hired,0
5536,25,39,128,6,0,0,-1,0,0,0.0,0.144,0,newgrad,active,1
5537,30,19,107,1,87,73,9,3,0,0.0,0.961,0,mover,lapsed,0
5538,30,76,228,14,1,5,11,2,1,70.8,0.686,0,newgrad,active,0
5539,25,54,218,7,0,0,-1,0,0,0.0,0.146,0,recent_career,active,1
5540,33,3,15,0,93,0,-1,0,0,0.0,0.241,1,explorer,hired,1
5541,25,34,214,0,3,69,10,4,0,0.0,0.993,0,mover,active,0
5542,27,30,163,2,3,74,21,3,0,0.0,0.918,0,mover,active,0
5543,33,44,274,3,0,89,14,2,1,52.4,0.678,0,mover,active,0
5544,30,23,119,0,24,0,-1,0,0,0.0,0.144,0,mover,active,1
5545,31,69,211,18,0,0,-1,0,0,0.0,0.348,0,newgrad,active,1
5546,29,16,71,0,0,14,8,3,0,0.0,0.678,0,explorer,active,0
5547,31,84,503,6,1,79,9,2,0,0.0,0.75,0,mover,active,0
5548,25,20,125,0,122,59,4,3,0,0.0,0.647,1,mover,hired,0
5549,31,74,212,17,0,0,-1,0,0,0.0,0.109,0,newgrad,active,1
5550,25,49,142,10,1,0,-1,0,0,0.0,0.22,0,newgrad,active,1
5551,26,95,394,14,1,29,3,3,1,39.8,0.935,0,recent_career,active,0
5552,29,40,115,4,0,0,-1,0,0,0.0,0.221,0,newgrad,active,1
5553,29,35,164,1,42,14,3,3,1,57.2,0.986,0,recent_career,lapsed,0
5554,26,10,56,0,111,41,13,3,0,0.0,0.64,0,mover,lapsed,0
5555,32,15,80,0,38,0,-1,0,0,0.0,0.286,1,explorer,hired,1
5556,27,98,296,27,0,2,17,2,1,55.9,0.99,0,newgrad,active,0
5557,32,57,183,7,0,1,4,2,1,67.6,0.848,0,newgrad,active,0
5558,25,8,48,0,138,42,23,3,0,0.0,0.793,0,mover,lapsed,0
5559,27,94,352,14,1,0,-1,0,0,0.0,0.209,0,recent_career,active,1
5560,27,32,153,0,9,2,5,3,0,0.0,0.857,0,explorer,active,0
5561,30,12,33,5,127,0,-1,0,0,0.0,0.281,0,newgrad,lapsed,1
5562,28,35,135,3,115,13,7,2,1,72.4,0.941,0,recent_career,hired,0
5563,26,39,173,9,8,0,-1,0,0,0.0,0.342,0,recent_career,active,1
5564,30,5,32,0,109,6,15,3,1,63.6,0.804,0,explorer,lapsed,0
5565,33,11,33,4,137,0,-1,0,0,0.0,0.163,1,newgrad,hired,1
5566,26,75,469,2,1,60,2,3,0,0.0,0.963,0,mover,active,0
5567,27,30,130,2,0,14,10,2,1,82.3,0.802,0,recent_career,active,0
5568,29,49,206,5,9,0,-1,0,0,0.0,0.324,0,recent_career,active,1
5569,31,22,124,0,12,5,7,2,0,0.0,0.99,0,explorer,active,0
5570,26,68,288,7,2,10,12,4,1,53.2,0.644,0,recent_career,active,0
5571,27,24,93,1,94,30,0,3,1,58.2,0.788,1,recent_career,hired,0
5572,27,15,46,1,139,0,-1,0,0,0.0,0.277,1,newgrad,hired,1
5573,30,28,146,0,8,17,19,4,1,52.8,0.716,0,explorer,active,0
5574,25,118,337,23,0,0,-1,0,0,0.0,0.184,0,newgrad,active,1
5575,30,74,274,7,1,22,11,3,1,42.4,0.692,0,recent_career,active,0
5576,28,4,24,0,153,8,3,2,0,0.0,0.722,0,explorer,lapsed,0
5577,27,31,175,0,8,50,9,3,0,0.0,0.892,0,mover,active,0
5578,32,18,85,1,89,0,-1,0,0,0.0,0.29,0,explorer,hired,1
5579,32,21,103,1,14,20,2,3,0,0.0,0.703,0,explorer,active,0
5580,32,22,137,2,6,74,12,3,0,0.0,0.788,0,mover,active,0
5581,32,55,182,5,2,5,24,4,0,0.0,0.784,0,newgrad,active,0
5582,27,83,248,17,0,2,20,2,1,90.0,0.939,0,newgrad,active,0
5583,32,31,196,2,0,82,13,3,0,0.0,0.672,0,mover,active,0
5584,26,22,134,1,11,81,12,3,1,63.7,0.708,0,mover,active,0
5585,27,5,27,0,159,0,-1,0,0,0.0,0.326,0,explorer,hired,1
5586,29,76,462,2,1,76,19,3,1,75.3,0.736,0,mover,active,0
5587,31,62,189,14,42,5,18,3,1,65.7,0.891,1,newgrad,hired,0
5588,30,65,201,6,1,2,17,3,1,56.3,0.874,0,newgrad,active,0
5589,30,22,148,1,3,61,16,3,0,0.0,0.924,0,mover,active,0
5590,28,8,35,1,144,0,-1,0,0,0.0,0.29,0,newgrad,lapsed,1
5591,30,7,30,0,125,0,-1,0,0,0.0,0.285,0,explorer,hired,1
5592,29,29,145,2,59,60,20,2,0,0.0,0.845,0,mover,hired,0
5593,29,51,204,4,41,6,11,3,1,79.4,0.66,0,recent_career,lapsed,0
5594,30,11,62,1,129,44,6,3,0,0.0,0.663,0,mover,hired,0
5595,30,31,164,2,6,88,22,3,0,0.0,0.964,0,mover,active,0
5596,27,22,100,0,19,14,15,4,0,0.0,0.999,0,explorer,active,0
5597,26,67,210,12,0,0,-1,0,0,0.0,0.225,0,newgrad,active,1
5598,27,21,110,0,6,74,24,3,1,41.6,0.941,0,mover,active,0
5599,28,91,276,21,0,0,-1,0,0,0.0,0.119,0,newgrad,active,1
5600,26,65,193,13,2,4,2,3,1,62.1,0.901,0,newgrad,active,0
5601,26,10,36,1,132,13,8,4,1,40.9,0.859,0,recent_career,lapsed,0
5602,33,12,52,0,84,22,15,3,0,0.0,0.906,0,explorer,lapsed,0
5603,27,19,93,0,23,0,-1,0,0,0.0,0.261,0,explorer,active,1
5604,31,17,96,3,95,72,4,3,0,0.0,0.851,0,mover,lapsed,0
5605,26,13,79,0,73,56,17,3,0,0.0,0.835,0,mover,hired,0
5606,33,70,258,11,2,23,11,3,1,72.7,0.707,0,recent_career,active,0
5607,26,6,36,0,115,94,14,3,0,0.0,0.666,0,mover,hired,0
5608,28,141,444,21,0,3,23,4,0,0.0,0.654,0,newgrad,active,0
5609,32,11,74,0,120,0,-1,0,0,0.0,0.233,0,mover,lapsed,1
5610,26,27,104,2,12,0,-1,0,0,0.0,0.343,0,recent_career,active,1
5611,29,19,105,1,117,52,19,3,0,0.0,0.809,0,mover,lapsed,0
5612,32,71,224,17,0,2,19,3,1,70.1,0.889,0,newgrad,active,0
5613,25,9,56,0,12,0,-1,0,0,0.0,0.246,0,mover,active,1
5614,25,51,282,4,7,75,7,2,0,0.0,0.916,0,mover,active,0
5615,32,44,145,6,1,5,5,3,0,0.0,0.953,0,newgrad,active,0
5616,27,65,200,9,36,2,21,3,0,0.0,0.842,0,newgrad,lapsed,0
5617,33,24,143,0,7,8,17,2,0,0.0,0.868,0,explorer,active,0
5618,33,48,309,2,0,72,11,3,0,0.0,0.996,0,mover,active,0
5619,32,29,109,3,6,13,6,3,1,32.1,0.78,0,recent_career,active,0
5620,33,47,112,8,4,2,4,3,1,63.9,0.609,0,newgrad,active,0
5621,32,116,355,27,0,3,9,3,1,70.1,0.712,0,newgrad,active,0
5622,28,22,126,1,35,0,-1,0,0,0.0,0.232,0,mover,lapsed,1
5623,33,42,233,1,40,82,23,3,1,26.3,0.966,0,mover,hired,0
5624,28,25,106,4,105,12,6,2,0,0.0,0.697,0,recent_career,hired,0
5625,30,45,267,0,9,38,24,3,1,54.3,0.845,0,mover,active,0
5626,25,10,56,0,138,85,24,3,0,0.0,0.688,0,mover,lapsed,0
5627,33,22,111,1,8,18,4,3,0,0.0,0.628,0,explorer,active,0
5628,30,38,150,1,0,11,8,3,1,50.0,0.921,0,recent_career,active,0
5629,33,52,156,6,59,4,8,3,0,0.0,0.774,0,newgrad,hired,0
5630,28,43,120,9,2,3,14,3,0,0.0,0.86,0,newgrad,active,0
5631,27,41,149,3,2,14,9,2,1,70.1,0.608,0,recent_career,active,0
5632,29,16,44,1,135,1,4,3,1,48.0,0.921,0,newgrad,hired,0
5633,32,110,453,13,0,29,3,3,1,54.1,0.61,0,recent_career,active,0
5634,29,50,220,10,2,29,9,3,1,60.0,0.961,0,recent_career,active,0
5635,32,8,57,0,160,0,-1,0,0,0.0,0.229,0,mover,lapsed,1
5636,26,56,159,11,1,0,-1,3,1,72.6,0.625,0,newgrad,active,0
5637,31,20,103,0,0,0,-1,0,0,0.0,0.197,0,mover,active,1
5638,31,34,132,5,2,10,4,3,1,40.7,0.742,0,recent_career,active,0
5639,33,40,257,2,4,56,15,2,0,0.0,0.816,0,mover,active,0
5640,25,54,161,9,1,0,-1,3,0,0.0,0.878,0,newgrad,active,0
5641,28,16,83,0,0,0,-1,0,0,0.0,0.189,0,explorer,active,1
5642,25,4,21,0,120,0,-1,0,0,0.0,0.341,0,explorer,hired,1
5643,28,11,24,2,143,0,-1,0,0,0.0,0.194,1,newgrad,hired,1
5644,31,42,247,4,1,58,0,4,0,0.0,0.705,0,mover,active,0
5645,30,27,76,6,104,0,-1,3,1,62.7,0.775,0,newgrad,lapsed,0
5646,31,26,139,1,0,0,-1,0,0,0.0,0.227,0,mover,active,1
5647,31,16,79,1,108,24,9,3,1,47.0,0.776,0,recent_career,lapsed,0
5648,33,70,187,16,2,0,-1,3,1,45.7,0.752,0,newgrad,active,0
5649,32,30,124,3,6,6,5,3,1,69.9,0.626,0,recent_career,active,0
5650,30,22,103,0,2,22,21,2,1,59.0,0.814,0,explorer,active,0
5651,32,7,17,2,159,2,2,2,1,50.0,0.733,0,newgrad,hired,0
5652,25,44,264,3,2,0,-1,0,0,0.0,0.193,0,mover,active,1
5653,31,136,419,25,0,0,-1,0,0,0.0,0.328,0,newgrad,active,1
5654,29,8,20,0,130,5,3,3,1,77.8,0.684,0,newgrad,lapsed,0
5655,33,35,147,4,85,13,1,4,1,69.9,0.813,0,recent_career,lapsed,0
5656,29,48,208,0,4,18,17,3,0,0.0,0.683,0,explorer,active,0
5657,26,17,82,0,55,1,22,3,0,0.0,0.657,0,explorer,lapsed,0
5658,31,49,205,2,4,6,9,3,1,62.0,0.753,0,recent_career,active,0
5659,33,27,135,0,51,0,-1,0,0,0.0,0.164,0,explorer,hired,1
5660,25,68,196,17,3,4,17,4,0,0.0,0.917,0,newgrad,active,0
5661,25,28,97,3,88,0,-1,0,0,0.0,0.195,1,recent_career,hired,1
5662,30,117,361,18,0,0,-1,0,0,0.0,0.328,0,newgrad,active,1
5663,30,43,165,4,81,17,12,4,1,65.3,0.616,0,recent_career,hired,0
5664,29,55,221,9,0,30,5,3,1,57.0,0.957,0,recent_career,active,0
5665,25,52,330,1,3,89,21,3,0,0.0,0.925,0,mover,active,0
5666,30,26,73,7,1,2,8,3,1,78.0,0.73,0,newgrad,active,0
5667,30,10,51,0,1,0,-1,0,0,0.0,0.318,0,explorer,active,1
5668,32,22,154,0,13,73,24,3,0,0.0,0.679,0,mover,active,0
5669,28,10,41,0,90,0,-1,3,0,0.0,0.949,0,explorer,hired,0
5670,28,45,249,3,11,0,-1,0,0,0.0,0.212,0,mover,active,1
5671,25,9,44,0,9,2,23,2,0,0.0,0.83,0,explorer,active,0
5672,30,70,214,14,1,4,5,3,0,0.0,0.957,0,newgrad,active,0
5673,30,24,152,0,85,50,21,3,0,0.0,0.623,1,mover,hired,0
5674,27,64,212,17,72,5,6,2,1,37.0,0.799,0,newgrad,hired,0
5675,31,13,61,1,92,16,3,3,0,0.0,0.682,0,explorer,hired,0
5676,33,23,91,5,6,6,6,3,1,26.3,0.778,0,recent_career,active,0
5677,26,12,85,1,14,0,-1,0,0,0.0,0.302,0,mover,active,1
5678,30,38,205,0,0,24,2,3,0,0.0,0.707,0,explorer,active,0
5679,31,76,219,21,0,2,13,3,1,64.1,0.895,0,newgrad,active,0
5680,25,22,120,1,1,15,10,3,0,0.0,0.883,0,explorer,active,0
5681,26,25,64,3,49,0,-1,4,1,59.1,0.871,0,newgrad,lapsed,0
5682,28,41,171,4,3,10,9,2,1,40.4,0.704,0,recent_career,active,0
5683,26,19,120,0,4,51,2,3,0,0.0,0.608,0,mover,active,0
5684,28,15,37,0,92,2,5,2,1,50.9,0.753,0,newgrad,hired,0
5685,26,67,250,14,0,26,4,3,1,64.4,0.656,0,recent_career,active,0
5686,33,122,511,22,0,30,4,3,0,0.0,0.74,0,recent_career,active,0
5687,30,61,251,10,4,22,8,3,1,51.6,0.944,0,recent_career,active,0
5688,27,18,98,0,41,17,13,3,0,0.0,0.853,0,explorer,lapsed,0
5689,32,29,145,0,10,4,14,3,0,0.0,0.749,0,explorer,active,0
5690,25,29,160,1,82,93,11,3,1,67.0,0.928,1,mover,hired,0
5691,30,84,325,7,1,15,2,3,1,51.8,0.712,0,recent_career,active,0
5692,31,63,205,17,3,2,21,3,0,0.0,0.732,0,newgrad,active,0
5693,32,15,76,0,109,0,-1,0,0,0.0,0.128,0,explorer,lapsed,1
5694,27,19,95,0,9,0,-1,0,0,0.0,0.325,0,explorer,active,1
5695,30,43,121,10,2,0,-1,3,1,21.0,0.888,0,newgrad,active,0
5696,31,39,158,4,10,20,11,3,1,52.6,0.666,0,recent_career,active,0
5697,32,10,53,0,21,0,-1,0,0,0.0,0.103,0,explorer,active,1
5698,26,29,140,3,5,11,5,4,0,0.0,0.886,0,explorer,active,0
5699,33,66,287,10,1,17,11,3,1,61.1,0.892,0,recent_career,active,0
5700,27,18,102,1,15,4,2,3,1,74.8,0.668,0,explorer,active,0
5701,28,80,305,10,0,29,10,3,1,50.6,0.969,0,recent_career,active,0
5702,26,38,136,6,0,0,-1,0,0,0.0,0.216,0,recent_career,active,1
5703,26,23,106,0,1,12,2,3,0,0.0,0.927,0,explorer,active,0
5704,27,42,112,11,11,0,-1,0,0,0.0,0.31,0,newgrad,active,1
5705,26,46,132,10,2,0,-1,0,0,0.0,0.276,0,newgrad,active,1
5706,31,28,148,0,1,0,-1,0,0,0.0,0.113,0,explorer,active,1
5707,30,11,66,1,3,0,-1,0,0,0.0,0.134,0,explorer,active,1
5708,28,15,61,2,152,30,9,3,1,66.3,0.727,0,recent_career,lapsed,0
5709,29,28,202,3,3,0,-1,0,0,0.0,0.176,0,mover,active,1
5710,30,8,37,0,41,11,12,3,0,0.0,0.631,0,explorer,lapsed,0
5711,26,16,108,0,7,85,19,3,1,40.9,0.659,0,mover,active,0
5712,27,31,171,0,2,8,16,3,0,0.0,0.951,0,explorer,active,0
5713,32,30,162,1,8,43,7,3,0,0.0,0.814,0,mover,active,0
5714,25,57,219,7,5,11,4,3,1,65.8,0.656,0,recent_career,active,0
5715,33,36,158,2,34,0,-1,0,0,0.0,0.257,0,recent_career,hired,1
5716,33,9,49,0,4,13,2,2,0,0.0,0.927,0,explorer,active,0
5717,27,16,81,1,10,14,3,4,0,0.0,0.82,0,explorer,active,0
5718,27,23,96,5,79,0,-1,0,0,0.0,0.294,0,recent_career,lapsed,1
5719,26,64,296,8,3,0,-1,0,0,0.0,0.16,0,recent_career,active,1
5720,30,12,68,0,99,15,9,3,0,0.0,0.975,0,explorer,lapsed,0
5721,26,33,129,7,106,0,-1,0,0,0.0,0.188,0,recent_career,hired,1
5722,32,40,152,4,0,10,10,3,1,82.4,0.687,0,recent_career,active,0
5723,28,21,107,0,23,20,8,3,0,0.0,0.94,0,explorer,active,0
5724,33,7,38,0,132,3,5,3,1,55.4,0.635,0,explorer,hired,0
5725,32,28,155,0,5,0,-1,0,0,0.0,0.166,0,explorer,active,1
5726,28,33,182,0,16,42,20,2,0,0.0,0.641,0,mover,active,0
5727,30,41,122,8,10,0,-1,0,0,0.0,0.283,0,newgrad,active,1
5728,25,18,90,0,73,5,17,3,0,0.0,0.806,0,explorer,hired,0
5729,25,21,60,3,85,3,10,3,1,73.4,0.866,0,newgrad,lapsed,0
5730,29,46,153,9,0,2,11,3,0,0.0,0.999,0,newgrad,active,0
5731,29,32,168,0,7,0,-1,0,0,0.0,0.194,0,explorer,active,1
5732,28,24,142,1,74,57,16,3,0,0.0,0.714,0,mover,hired,0
5733,25,7,29,1,112,14,4,3,0,0.0,0.886,0,explorer,lapsed,0
5734,32,64,242,4,0,9,9,3,1,34.1,0.974,0,recent_career,active,0
5735,28,23,123,0,1,0,-1,0,0,0.0,0.106,0,explorer,active,1
5736,29,3,14,0,142,61,13,3,0,0.0,0.782,0,mover,lapsed,0
5737,28,52,330,3,15,59,11,3,0,0.0,0.616,0,mover,active,0
5738,29,29,140,0,2,11,7,4,0,0.0,0.666,0,explorer,active,0
5739,30,39,118,6,4,5,7,3,1,47.8,0.964,0,newgrad,active,0
5740,31,10,69,0,117,0,-1,0,0,0.0,0.341,0,mover,lapsed,1
5741,29,33,204,0,4,92,15,3,1,61.1,0.997,0,mover,active,0
5742,26,5,31,0,137,18,10,2,0,0.0,0.931,1,explorer,hired,0
5743,32,41,182,0,3,14,20,3,0,0.0,0.753,0,explorer,active,0
5744,27,100,611,6,2,0,-1,0,0,0.0,0.286,0,mover,active,1
5745,25,73,308,5,4,9,9,4,1,73.5,0.704,0,recent_career,active,0
5746,25,18,77,3,15,22,5,3,1,61.1,0.663,0,recent_career,active,0
5747,31,20,93,0,0,0,-1,0,0,0.0,0.193,0,explorer,active,1
5748,28,2,6,1,163,0,-1,0,0,0.0,0.253,0,explorer,lapsed,1
5749,25,26,131,0,1,20,4,3,0,0.0,0.941,0,explorer,active,0
5750,32,81,336,13,0,14,12,3,1,57.2,0.929,0,recent_career,active,0
5751,27,26,93,3,117,4,19,3,1,67.0,0.925,0,newgrad,hired,0
5752,33,17,84,0,57,2,1,3,0,0.0,0.928,0,explorer,lapsed,0
5753,32,14,76,0,123,0,-1,0,0,0.0,0.218,0,explorer,lapsed,1
5754,25,21,92,5,126,13,12,2,1,63.6,0.727,0,recent_career,lapsed,0
5755,31,60,339,7,0,0,-1,0,0,0.0,0.27,0,mover,active,1
5756,30,50,191,6,2,11,6,3,0,0.0,0.661,0,recent_career,active,0
5757,26,11,40,0,133,5,6,3,0,0.0,0.636,0,newgrad,lapsed,0
5758,28,59,182,18,74,3,7,2,0,0.0,0.966,0,newgrad,hired,0
5759,29,30,125,8,3,20,10,3,1,44.6,0.773,0,recent_career,active,0
5760,26,51,207,7,1,19,2,4,1,44.5,0.879,0,recent_career,active,0
5761,31,17,80,1,0,0,-1,0,0,0.0,0.222,0,explorer,active,1
5762,27,26,119,0,0,22,24,3,0,0.0,0.918,0,explorer,active,0
5763,33,43,204,0,2,0,-1,0,0,0.0,0.149,0,explorer,active,1
5764,32,42,120,9,8,1,5,3,1,51.5,0.959,0,newgrad,active,0
5765,30,48,165,14,35,0,-1,0,0,0.0,0.308,0,newgrad,hired,1
5766,26,83,255,8,1,5,5,3,1,52.1,0.926,0,newgrad,active,0
5767,25,55,312,6,3,62,18,3,0,0.0,0.772,0,mover,active,0
5768,26,61,181,14,115,4,6,2,1,52.9,0.892,0,newgrad,hired,0
5769,29,13,57,0,89,7,14,4,0,0.0,0.959,0,explorer,hired,0
5770,32,52,268,1,6,22,5,3,0,0.0,0.887,0,explorer,active,0
5771,26,18,85,0,1,0,-1,0,0,0.0,0.164,0,explorer,active,1
5772,31,80,245,19,0,4,13,4,1,57.9,0.969,0,newgrad,active,0
5773,25,128,378,25,0,4,22,3,0,0.0,0.758,0,newgrad,active,0
5774,27,21,69,6,130,0,-1,0,0,0.0,0.225,0,newgrad,hired,1
5775,30,46,216,5,6,16,12,3,1,57.1,0.763,0,recent_career,active,0
5776,32,14,79,0,105,77,1,2,0,0.0,0.631,0,mover,lapsed,0
5777,31,50,308,6,5,83,4,4,0,0.0,0.679,0,mover,active,0
5778,29,27,158,5,3,74,1,3,1,51.9,0.878,0,mover,active,0
5779,25,46,193,2,1,12,10,3,1,56.6,0.67,0,recent_career,active,0
5780,27,20,111,0,5,19,0,3,0,0.0,0.944,0,explorer,active,0
5781,32,18,92,1,93,13,3,3,0,0.0,0.705,1,explorer,hired,0
5782,25,31,97,5,43,5,20,3,1,55.3,0.753,1,newgrad,hired,0
5783,31,25,140,0,2,0,-1,0,0,0.0,0.278,0,explorer,active,1
5784,31,50,147,10,5,1,14,3,0,0.0,0.771,0,newgrad,active,0
5785,31,27,165,1,0,93,14,3,0,0.0,0.995,0,mover,active,0
5786,26,9,49,0,126,16,3,3,0,0.0,0.602,0,explorer,lapsed,0
5787,27,34,166,0,1,21,15,3,1,36.4,0.93,0,explorer,active,0
5788,26,24,130,1,10,15,20,4,0,0.0,0.642,0,explorer,active,0
5789,28,49,148,7,3,3,15,4,0,0.0,0.902,0,newgrad,active,0
5790,29,12,55,0,108,18,1,2,1,57.2,0.924,0,explorer,hired,0
5791,26,57,338,8,3,81,9,3,0,0.0,0.782,0,mover,active,0
5792,30,8,33,1,161,25,6,3,1,53.2,0.748,0,recent_career,hired,0
5793,27,33,131,5,99,0,-1,0,0,0.0,0.125,0,recent_career,hired,1
5794,30,45,243,0,0,3,12,2,1,64.7,0.623,0,explorer,active,0
5795,27,53,325,3,2,78,22,3,0,0.0,0.837,0,mover,active,0
5796,33,91,254,16,0,3,16,2,1,61.3,0.753,0,newgrad,active,0
5797,27,30,129,0,0,0,-1,0,0,0.0,0.218,0,explorer,active,1
5798,32,31,182,1,49,0,-1,0,0,0.0,0.198,0,mover,lapsed,1
5799,26,54,162,3,1,5,21,4,1,58.5,0.746,0,newgrad,active,0
5800,25,38,119,6,8,0,-1,0,0,0.0,0.264,0,newgrad,active,1
5801,26,58,373,3,1,60,9,4,1,41.7,0.929,0,mover,active,0
5802,28,31,142,0,0,16,16,4,0,0.0,0.814,0,explorer,active,0
5803,33,22,130,1,11,45,10,2,0,0.0,0.912,0,mover,active,0
5804,26,78,248,13,0,0,-1,3,1,56.1,0.615,0,newgrad,active,0
5805,32,21,133,2,0,81,4,3,0,0.0,0.665,0,mover,active,0
5806,31,29,182,2,16,45,24,3,1,64.4,0.687,0,mover,active,0
5807,28,45,211,1,4,0,-1,0,0,0.0,0.112,0,explorer,active,1
5808,28,14,59,0,100,18,2,2,1,73.1,0.803,0,recent_career,lapsed,0
5809,33,3,14,0,52,19,1,3,0,0.0,0.827,0,explorer,lapsed,0
5810,31,46,156,9,73,0,-1,0,0,0.0,0.187,0,newgrad,lapsed,1
5811,27,47,179,1,0,7,12,4,1,52.4,0.911,0,recent_career,active,0
5812,33,25,129,1,22,68,3,3,0,0.0,0.788,0,mover,active,0
5813,28,25,169,2,4,41,4,2,0,0.0,0.88,0,mover,active,0
5814,25,16,52,0,77,1,3,2,0,0.0,0.921,0,newgrad,lapsed,0
5815,32,28,143,0,7,5,7,3,1,70.4,0.782,0,explorer,active,0
5816,32,104,299,16,1,0,-1,0,0,0.0,0.182,0,newgrad,active,1
5817,28,33,123,2,11,30,10,3,0,0.0,0.808,0,recent_career,active,0
5818,31,85,231,18,2,2,2,3,1,60.5,0.689,0,newgrad,active,0
5819,27,20,70,4,58,0,-1,3,0,0.0,0.761,0,newgrad,lapsed,0
5820,32,51,318,2,32,39,6,2,0,0.0,0.905,0,mover,lapsed,0
5821,28,34,174,0,18,0,-1,0,0,0.0,0.258,0,explorer,active,1
5822,27,45,260,2,6,69,23,3,0,0.0,0.816,0,mover,active,0
5823,29,65,243,5,4,0,-1,0,0,0.0,0.128,0,recent_career,active,1
5824,27,27,67,3,46,4,10,3,1,48.7,0.901,1,newgrad,hired,0
5825,30,50,202,10,2,6,11,3,1,47.9,0.804,0,recent_career,active,0
5826,31,16,100,0,98,86,2,3,0,0.0,0.811,1,mover,hired,0
5827,28,35,115,7,0,2,15,3,1,46.8,0.72,0,newgrad,active,0
5828,32,14,47,2,132,0,-1,0,0,0.0,0.27,1,newgrad,hired,1
5829,28,36,173,0,3,0,-1,0,0,0.0,0.113,0,explorer,active,1
5830,33,34,209,1,9,83,20,3,1,59.0,0.849,0,mover,active,0
5831,27,99,299,20,0,5,10,3,0,0.0,0.942,0,newgrad,active,0
5832,31,77,237,11,7,1,1,3,1,87.0,0.741,0,newgrad,active,0
5833,29,20,135,1,82,69,1,3,1,34.2,0.72,0,mover,hired,0
5834,33,69,445,4,3,0,-1,0,0,0.0,0.152,0,mover,active,1
5835,26,45,175,6,6,10,0,3,1,51.6,0.929,0,recent_career,active,0
5836,26,23,128,1,6,0,-1,0,0,0.0,0.321,0,explorer,active,1
5837,32,65,171,9,6,0,-1,0,0,0.0,0.128,0,newgrad,active,1
5838,33,54,165,13,1,5,3,4,1,72.0,0.792,0,newgrad,active,0
5839,31,47,214,6,7,0,-1,0,0,0.0,0.153,0,recent_career,active,1
5840,29,106,329,28,4,0,-1,2,1,57.7,0.829,0,newgrad,active,0
5841,28,64,199,9,3,4,23,3,1,59.9,0.78,0,newgrad,active,0
5842,30,45,122,7,71,4,12,3,1,65.5,0.991,1,newgrad,hired,0
5843,31,44,238,3,0,84,14,3,0,0.0,0.766,0,mover,active,0
5844,27,33,95,2,101,2,17,2,1,59.1,0.906,0,newgrad,lapsed,0
5845,25,21,109,0,11,15,0,3,0,0.0,0.978,0,explorer,active,0
5846,25,34,194,0,11,13,19,3,0,0.0,0.717,0,explorer,active,0
5847,28,85,332,8,2,15,5,2,1,65.9,0.942,0,recent_career,active,0
5848,31,3,11,2,152,22,3,3,1,73.3,0.843,0,recent_career,hired,0
5849,28,15,72,1,6,0,-1,0,0,0.0,0.172,0,explorer,active,1
5850,30,20,103,0,79,20,12,4,0,0.0,0.858,0,explorer,active,0
5851,29,20,92,0,0,0,-1,3,0,0.0,0.839,0,explorer,active,0
5852,27,27,108,1,7,0,-1,0,0,0.0,0.219,0,recent_career,active,1
5853,31,78,239,11,2,5,15,3,1,75.8,0.669,0,newgrad,active,0
5854,31,37,141,7,0,10,6,3,1,54.1,0.876,0,recent_career,active,0
5855,33,36,168,1,5,18,17,4,1,61.0,0.809,0,explorer,active,0
5856,32,22,150,3,1,86,15,3,1,35.2,0.755,0,mover,active,0
5857,28,124,399,30,0,4,1,2,1,73.3,0.612,0,newgrad,active,0
5858,31,25,121,1,0,53,24,4,0,0.0,0.826,0,mover,active,0
5859,28,40,114,8,5,1,1,2,0,0.0,0.886,0,newgrad,active,0
5860,32,40,205,1,81,80,23,3,1,59.6,0.97,0,mover,lapsed,0
5861,30,66,273,11,9,22,5,3,0,0.0,0.601,0,recent_career,active,0
5862,32,14,79,2,58,69,4,3,0,0.0,0.622,0,mover,lapsed,0
5863,27,34,180,3,4,92,14,3,0,0.0,0.944,0,mover,active,0
5864,25,65,389,7,6,0,-1,0,0,0.0,0.193,0,mover,active,1
5865,26,81,246,20,0,1,22,3,1,58.1,0.87,0,newgrad,active,0
5866,29,8,47,0,143,22,14,3,1,62.1,0.91,1,explorer,hired,0
5867,33,4,16,0,158,0,-1,0,0,0.0,0.302,1,mover,hired,1
5868,30,29,125,2,79,0,-1,0,0,0.0,0.131,0,recent_career,lapsed,1
5869,32,43,169,6,0,10,2,2,1,52.2,0.81,0,recent_career,active,0
5870,29,53,308,0,14,93,11,3,0,0.0,0.778,0,mover,active,0
5871,33,47,151,2,11,2,23,4,1,68.5,0.634,0,newgrad,active,0
5872,33,22,92,1,115,0,-1,0,0,0.0,0.125,0,recent_career,hired,1
5873,26,37,135,0,3,0,-1,0,0,0.0,0.117,0,recent_career,active,1
5874,32,41,156,4,1,16,12,3,1,62.8,0.732,0,recent_career,active,0
5875,25,44,127,14,2,2,13,3,1,61.6,0.788,0,newgrad,active,0
5876,30,48,273,2,0,52,9,3,0,0.0,0.769,0,mover,active,0
5877,28,84,340,14,1,15,12,3,1,54.1,0.94,0,recent_career,active,0
5878,27,46,263,1,6,0,-1,0,0,0.0,0.211,0,mover,active,1
5879,33,35,106,3,0,2,3,3,1,55.0,0.903,0,newgrad,active,0
5880,30,48,134,10,8,3,0,3,1,74.3,0.976,0,newgrad,active,0
5881,26,77,246,17,0,0,-1,0,0,0.0,0.323,0,newgrad,active,1
5882,26,29,164,1,19,14,0,4,0,0.0,0.938,0,explorer,active,0
5883,26,31,141,0,1,17,7,2,0,0.0,0.608,0,explorer,active,0
5884,27,72,217,14,1,0,-1,0,0,0.0,0.227,0,newgrad,active,1
5885,25,50,209,5,32,23,10,3,1,73.7,0.783,0,recent_career,lapsed,0
5886,27,51,157,11,3,5,15,3,1,61.9,0.877,0,newgrad,active,0
5887,31,61,230,9,4,26,7,3,1,42.7,0.666,0,recent_career,active,0
5888,32,22,115,0,16,14,6,3,1,67.5,0.884,0,explorer,active,0
5889,32,28,99,5,7,11,4,2,1,71.6,0.862,0,recent_career,active,0
5890,29,6,31,0,146,22,7,3,0,0.0,0.714,0,explorer,hired,0
5891,31,65,400,3,0,78,19,3,0,0.0,0.744,0,mover,active,0
5892,33,41,104,8,40,2,5,3,1,62.0,0.831,0,newgrad,hired,0
5893,25,34,187,0,5,0,-1,0,0,0.0,0.197,0,explorer,active,1
5894,33,55,211,5,1,25,1,3,1,71.2,0.687,0,recent_career,active,0
5895,31,26,127,0,2,24,20,3,0,0.0,0.965,0,explorer,active,0
5896,28,49,205,5,3,16,2,3,1,47.8,0.608,0,recent_career,active,0
5897,29,17,86,1,17,19,23,3,1,46.1,0.726,0,explorer,active,0
5898,28,63,175,13,0,3,12,3,0,0.0,0.786,0,newgrad,active,0
5899,26,25,90,2,7,11,1,3,0,0.0,0.717,0,recent_career,active,0
5900,27,25,128,0,4,11,14,4,1,75.7,0.904,0,explorer,active,0
5901,27,23,89,6,115,21,0,3,1,55.1,0.885,0,recent_career,hired,0
5902,25,93,355,11,0,16,9,3,1,78.2,0.912,0,recent_career,active,0
5903,29,13,69,0,25,11,3,3,0,0.0,0.75,0,explorer,active,0
5904,29,47,156,11,40,4,5,4,0,0.0,0.967,0,newgrad,lapsed,0
5905,27,14,74,1,60,20,17,3,1,46.2,0.835,0,explorer,lapsed,0
5906,26,13,83,0,85,0,-1,0,0,0.0,0.216,1,mover,hired,1
5907,33,63,410,3,2,0,-1,0,0,0.0,0.284,0,mover,active,1
5908,31,24,63,3,90,1,2,4,1,66.2,0.663,1,newgrad,hired,0
5909,29,69,302,12,0,10,9,3,1,39.7,0.966,0,recent_career,active,0
5910,31,13,64,0,0,0,-1,3,0,0.0,0.784,0,explorer,active,0
5911,28,52,208,5,1,0,-1,0,0,0.0,0.345,0,recent_career,active,1
5912,26,20,47,7,149,1,15,3,1,73.7,0.945,0,newgrad,lapsed,0
5913,31,15,43,3,135,5,0,2,1,62.6,0.616,1,newgrad,hired,0
5914,31,81,240,18,1,4,10,3,0,0.0,0.815,0,newgrad,active,0
5915,30,35,216,3,0,49,18,2,1,63.3,0.824,0,mover,active,0
5916,30,27,142,0,1,23,9,3,0,0.0,0.906,0,explorer,active,0
5917,25,32,162,0,5,8,1,3,1,65.9,0.821,0,explorer,active,0
5918,30,15,82,1,7,9,9,3,0,0.0,0.709,0,explorer,active,0
5919,30,56,164,14,5,4,11,3,1,67.1,0.816,0,newgrad,active,0
5920,28,55,194,7,11,0,-1,3,1,43.2,0.657,0,newgrad,active,0
5921,27,57,228,9,5,0,-1,0,0,0.0,0.101,0,recent_career,active,1
5922,33,14,67,0,0,3,2,2,0,0.0,0.642,0,explorer,active,0
5923,28,94,282,22,0,0,-1,0,0,0.0,0.193,0,newgrad,active,1
5924,27,36,240,5,2,38,8,3,1,63.4,0.753,0,mover,active,0
5925,31,72,278,8,1,22,8,3,1,65.1,0.719,0,recent_career,active,0
5926,29,16,66,0,35,22,20,3,1,38.5,0.868,0,explorer,active,0
5927,30,19,105,1,87,12,0,3,0,0.0,0.778,0,explorer,hired,0
5928,30,41,184,0,0,4,23,3,0,0.0,0.845,0,explorer,active,0
5929,28,63,242,5,2,9,3,4,1,66.0,0.825,0,recent_career,active,0
5930,26,24,115,0,12,2,0,3,0,0.0,0.842,0,explorer,active,0
5931,26,31,106,6,13,0,-1,0,0,0.0,0.155,0,newgrad,active,1
5932,33,56,159,3,0,3,17,4,0,0.0,0.906,0,newgrad,active,0
5933,29,29,79,4,0,3,18,4,1,48.3,0.852,0,newgrad,active,0
5934,28,49,145,12,15,0,-1,3,1,64.0,0.649,0,newgrad,active,0
5935,27,40,252,2,12,0,-1,0,0,0.0,0.135,0,mover,active,1
5936,31,31,84,4,4,0,-1,3,1,46.7,0.732,0,newgrad,active,0
5937,33,34,106,3,102,3,17,3,0,0.0,0.984,0,newgrad,lapsed,0
5938,31,37,228,3,4,0,-1,0,0,0.0,0.282,0,mover,active,1
5939,29,15,83,0,2,0,-1,0,0,0.0,0.191,0,explorer,active,1
5940,29,8,49,0,140,74,13,3,0,0.0,0.61,0,mover,lapsed,0
5941,32,35,220,1,1,92,20,2,0,0.0,0.831,0,mover,active,0
5942,32,13,59,2,131,20,6,3,0,0.0,0.617,1,recent_career,hired,0
5943,28,20,110,0,3,7,5,3,0,0.0,0.764,0,explorer,active,0
5944,33,65,290,10,1,10,10,3,1,67.7,0.782,0,recent_career,active,0
5945,32,79,192,19,0,0,-1,3,0,0.0,0.719,0,newgrad,active,0
5946,32,29,107,0,2,23,7,3,1,69.8,0.673,0,recent_career,active,0
5947,25,40,230,5,0,0,-1,0,0,0.0,0.124,0,mover,active,1
5948,26,78,237,18,0,1,16,4,1,52.7,0.632,0,newgrad,active,0
5949,27,34,212,2,1,67,20,3,1,45.7,0.977,0,mover,active,0
5950,31,27,70,5,91,5,9,4,1,51.0,0.887,1,newgrad,hired,0
5951,25,60,179,10,1,0,-1,3,1,84.1,0.854,0,newgrad,active,0
5952,25,16,37,2,123,2,23,3,1,79.4,0.677,0,newgrad,lapsed,0
5953,25,34,148,7,3,20,2,3,1,37.0,0.662,0,recent_career,active,0
5954,26,73,243,16,1,0,-1,2,1,61.2,0.946,0,newgrad,active,0
5955,33,1,3,0,149,58,16,3,0,0.0,0.781,0,mover,lapsed,0
5956,31,77,450,3,0,49,3,3,0,0.0,0.638,0,mover,active,0
5957,31,58,211,6,1,0,-1,0,0,0.0,0.288,0,recent_career,active,1
5958,27,42,264,1,1,77,19,4,1,69.3,0.931,0,mover,active,0
5959,30,26,83,7,129,2,23,4,0,0.0,0.662,0,newgrad,lapsed,0
5960,32,6,30,0,159,16,8,2,1,39.7,0.845,1,recent_career,hired,0
5961,29,55,213,9,45,24,10,2,0,0.0,0.608,0,recent_career,hired,0
5962,32,25,77,4,127,4,20,3,1,44.5,0.823,0,newgrad,hired,0
5963,30,106,289,17,6,4,7,4,1,69.2,0.601,0,newgrad,active,0
5964,27,26,164,0,0,73,24,2,1,63.7,0.765,0,mover,active,0
5965,30,55,169,14,6,1,6,3,1,54.6,0.695,0,newgrad,active,0
5966,33,29,134,1,4,0,-1,0,0,0.0,0.169,0,explorer,active,1
5967,32,10,20,2,140,0,-1,0,0,0.0,0.188,0,newgrad,lapsed,1
5968,29,24,132,1,3,0,-1,0,0,0.0,0.111,0,mover,active,1
5969,30,16,94,0,5,0,-1,0,0,0.0,0.278,0,explorer,active,1
5970,33,71,213,8,2,1,16,4,0,0.0,0.607,0,newgrad,active,0
5971,31,56,216,4,1,18,3,2,1,52.2,0.843,0,recent_career,active,0
5972,29,41,140,5,5,2,24,4,1,76.3,0.601,0,newgrad,active,0
5973,27,12,73,0,33,15,11,3,1,47.8,0.649,0,explorer,hired,0
5974,33,4,17,0,102,0,-1,0,0,0.0,0.187,0,explorer,hired,1
5975,33,70,238,12,0,5,1,3,0,0.0,0.75,0,newgrad,active,0
5976,25,10,43,0,6,22,24,3,0,0.0,0.817,0,explorer,active,0
5977,25,29,103,6,116,5,9,3,0,0.0,0.926,0,newgrad,lapsed,0
5978,26,41,177,7,7,0,-1,0,0,0.0,0.218,0,recent_career,active,1
5979,28,23,125,0,19,38,9,3,0,0.0,0.608,0,mover,active,0
5980,26,34,116,7,0,0,-1,3,1,61.6,0.674,0,newgrad,active,0
5981,32,53,155,14,84,0,-1,0,0,0.0,0.164,0,newgrad,hired,1
5982,33,35,170,0,8,17,3,4,0,0.0,0.805,0,explorer,active,0
5983,26,82,257,17,0,1,12,3,1,53.3,0.682,0,newgrad,active,0
5984,32,55,345,3,3,46,21,2,0,0.0,0.799,0,mover,active,0
5985,26,56,178,10,0,0,-1,0,0,0.0,0.227,0,newgrad,active,1
5986,32,43,178,6,0,0,-1,0,0,0.0,0.293,0,recent_career,active,1
5987,28,10,25,4,158,5,16,3,1,49.2,0.926,0,newgrad,lapsed,0
5988,25,29,140,0,9,0,-1,0,0,0.0,0.321,0,explorer,active,1
5989,28,17,51,2,134,4,20,3,1,51.9,0.663,0,newgrad,lapsed,0
5990,32,65,249,12,5,17,0,4,1,67.1,0.65,0,recent_career,active,0
5991,33,65,400,4,1,37,21,3,0,0.0,0.881,0,mover,active,0
5992,26,13,77,0,2,6,2,4,0,0.0,0.79,0,explorer,active,0
5993,32,19,78,0,42,0,-1,0,0,0.0,0.139,0,explorer,hired,1
5994,27,40,214,0,4,92,10,3,1,85.5,0.713,0,mover,active,0
5995,29,42,130,6,47,0,-1,3,1,53.1,0.626,0,newgrad,lapsed,0
5996,25,19,113,0,99,36,10,2,1,69.9,0.676,0,mover,hired,0
5997,33,24,110,0,13,3,20,3,0,0.0,0.932,0,explorer,active,0
5998,32,40,197,0,4,12,16,3,1,64.7,0.842,0,explorer,active,0
5999,30,14,53,0,24,0,-1,0,0,0.0,0.316,0,explorer,active,1
