user,day
0,146
0,421
4,662
6,416
6,540
8,750
9,331
10,692
11,269
13,498
13,597
15,614
17,744
18,411
18,534
18,747
19,532
19,680
22,753
24,578
25,534
27,689
28,713
31,698
32,550
34,575
35,753
35,737
35,745
37,700
38,290
38,756
42,367
43,714
43,715
49,712
49,682
54,708
54,690
61,673
62,741
63,743
66,85
70,598
75,511
75,722
76,473
80,709
83,721
83,718
84,658
85,618
89,706
89,585
93,566
93,167
94,603
94,657
98,700
100,191
100,396
102,619
106,241
106,565
107,489
111,700
114,755
115,618
118,682
118,718
119,580
122,575
124,750
128,483
129,727
130,707
132,592
133,756
135,705
136,748
136,716
139,565
139,614
141,574
142,634
145,657
150,441
152,666
153,689
154,738
155,595
155,556
155,739
156,757
156,755
156,756
158,757
160,712
160,644
160,616
161,579
162,194
164,96
165,379
168,685
168,640
169,658
169,715
175,695
180,556
181,659
182,745
182,699
182,714
183,122
185,708
185,721
187,757
187,748
189,712
189,734
192,178
192,227
193,634
194,615
196,384
197,669
199,721
199,663
201,746
203,611
205,567
205,584
207,722
207,744
207,679
208,733
209,477
209,727
210,497
210,483
211,749
211,719
216,747
216,757
220,496
222,215
222,595
222,673
225,727
228,743
228,750
228,480
229,491
229,521
235,295
235,289
237,735
238,435
240,533
241,657
241,500
242,660
244,704
244,536
245,538
248,256
249,743
249,714
251,691
253,489
260,352
265,615
266,420
267,208
269,564
271,642
271,624
272,387
274,727
275,733
276,333
279,524
280,703
282,742
283,645
283,612
284,414
285,665
285,756
286,577
290,754
290,158
292,571
292,563
293,746
293,754
294,686
296,647
296,472
299,754
300,565
302,634
303,676
304,588
304,749
305,456
309,543
309,607
310,483
310,586
310,667
314,674
316,642
319,636
320,691
323,739
327,698
327,677
332,156
332,388
332,176
332,365
334,377
336,471
337,509
338,749
340,545
340,744
342,330
345,528
349,725
350,562
351,648
351,705
351,639
352,712
355,757
355,744
355,740
356,609
356,739
364,448
365,657
365,594
365,218
373,640
376,732
379,749
381,271
381,505
386,623
386,703
387,756
389,737
390,721
391,349
392,645
393,578
394,739
396,525
398,560
400,456
404,725
408,535
408,491
409,645
412,727
413,677
415,564
421,717
421,643
422,540
425,320
430,591
433,705
433,534
439,738
440,692
440,663
440,673
443,574
444,734
445,541
446,582
446,369
446,358
448,741
451,590
451,575
451,688
451,654
452,696
456,263
457,615
457,542
457,754
458,524
459,447
459,653
459,358
461,722
461,746
461,726
464,489
464,467
464,458
464,738
464,730
468,578
468,539
469,433
470,624
471,590
477,708
477,754
479,738
482,744
484,740
487,637
488,661
489,440
492,721
492,701
493,685
493,670
494,757
495,417
495,102
495,195
498,622
498,596
499,746
499,751
501,551
502,596
502,546
507,480
511,687
511,679
514,418
517,694
521,570
524,561
527,529
527,709
528,712
528,649
530,727
531,675
532,655
536,681
537,687
537,560
538,743
538,739
538,756
540,481
542,728
543,717
546,633
548,734
549,505
549,549
550,682
553,677
556,687
557,654
558,725
558,742
559,355
566,630
571,731
572,630
574,654
574,371
578,702
582,739
582,755
583,721
585,625
586,755
586,679
589,674
592,486
592,515
593,601
597,474
601,688
603,403
603,195
605,264
606,645
607,656
609,731
610,588
611,528
611,727
612,698
614,650
620,681
621,729
625,729
625,733
626,649
628,602
628,582
631,551
635,354
637,752
638,722
646,531
649,675
649,751
649,589
652,581
652,394
653,691
653,753
655,743
655,567
655,707
656,668
660,306
661,614
664,705
665,722
665,733
666,709
667,516
672,264
673,707
673,697
674,756
677,683
677,742
678,488
678,444
682,685
682,708
685,757
689,538
690,609
691,646
691,754
693,503
693,386
701,643
703,443
703,393
703,542
704,663
707,747
708,756
710,566
711,567
712,713
713,196
713,255
714,296
714,333
715,384
717,736
717,417
719,611
720,754
723,699
723,682
724,636
728,703
729,662
730,722
737,236
737,299
741,643
743,746
749,671
749,682
749,662
752,649
755,752
755,751
757,339
758,551
760,497
760,663
761,714
765,634
767,713
768,513
768,519
771,749
771,740
774,730
777,586
777,533
777,746
777,509
778,757
779,624
780,641
780,671
780,691
781,372
782,666
785,467
789,539
789,713
789,584
789,489
790,648
791,626
794,642
795,623
795,621
802,502
802,553
802,668
808,742
809,723
809,179
810,723
813,688
818,721
818,720
821,118
823,728
825,528
826,746
830,582
835,753
835,674
835,563
836,709
837,386
838,485
838,652
839,167
839,122
839,42
840,714
847,704
847,738
849,585
852,492
853,748
855,633
855,639
856,704
857,752
858,627
859,689
864,463
867,688
870,656
870,657
873,616
875,671
875,674
878,726
881,697
882,725
884,701
884,744
885,476
888,427
888,481
888,589
888,415
893,433
894,666
895,609
898,570
898,525
899,742
900,711
901,725
901,645
903,754
906,720
907,634
908,603
910,438
915,642
918,715
919,540
921,377
921,525
922,523
922,748
923,445
923,497
923,436
925,337
926,93
927,455
930,632
933,755
935,587
936,686
936,716
936,631
939,718
940,755
941,434
941,701
944,527
950,610
951,553
951,351
957,562
962,441
962,660
963,663
963,626
963,668
964,721
966,700
966,747
970,578
970,715
970,713
970,614
973,412
973,390
973,624
973,653
974,615
976,530
976,656
977,566
979,627
981,757
983,673
984,750
985,753
986,697
986,676
986,752
987,617
987,592
988,727
990,719
992,651
993,497
994,606
995,373
997,740
999,605
1000,550
1000,608
1000,602
1002,560
1002,574
1004,686
1004,705
1005,614
1005,313
1007,680
1008,670
1008,674
1008,656
1009,754
1011,712
1012,631
1014,482
1014,688
1014,478
1014,725
1016,726
1016,682
1018,589
1020,257
1021,731
1022,216
1022,721
1025,629
1025,711
1027,233
1028,656
1028,600
1031,592
1032,414
1032,262
1033,732
1035,593
1036,696
1037,705
1037,725
1040,757
1040,756
1040,756
1042,410
1043,670
1044,753
1047,583
1047,717
1053,595
1056,734
1056,689
1056,674
1062,640
1065,717
1065,679
1069,569
1070,530
1071,748
1075,716
1075,619
1077,621
1078,194
1085,386
1087,560
1089,671
1090,576
1091,723
1093,660
1096,705
1096,563
1098,146
1099,572
1102,365
1106,727
1107,733
1109,757
1110,466
1110,445
1113,637
1116,394
1117,749
1119,597
1119,553
1120,265
1121,196
1122,598
1122,719
1122,575
1123,626
1127,699
1130,306
1130,183
1130,113
1133,665
1134,730
1134,664
1138,490
1140,737
1141,472
1141,535
1143,645
1146,716
1147,303
1149,452
1151,638
1151,407
1153,667
1155,553
1155,392
1159,729
1160,647
1160,693
1165,563
1166,712
1169,692
1173,734
1173,740
1174,665
1175,742
1177,670
1180,740
1181,480
1181,639
1181,244
1182,742
1182,715
1183,609
1187,530
1188,752
1188,715
1189,730
1189,741
1191,370
1191,496
1191,440
1192,362
1195,554
1196,745
1196,400
1196,424
1197,430
1198,734
1199,669
1199,652
1199,693
1200,663
1201,695
1203,379
1204,741
1205,160
1206,751
1207,715
1207,746
1208,744
1208,717
1211,214
1213,750
1214,705
1214,500
1215,710
1219,755
1219,755
1220,756
1225,661
1225,638
1225,560
1230,565
1230,552
1231,703
1237,368
1239,668
1240,718
1240,743
1240,551
1241,286
1242,753
1243,577
1246,641
1247,338
1247,341
1249,688
1251,680
1251,655
1255,699
1256,737
1257,406
1258,259
1258,686
1260,752
1260,259
1263,539
1270,730
1275,750
1276,634
1278,428
1284,739
1284,647
1284,542
1285,562
1286,659
1287,602
1288,725
1290,722
1290,750
1290,723
1291,502
1292,332
1292,396
1295,663
1295,634
1297,602
1300,613
1300,584
1301,730
1301,738
1303,607
1304,751
1304,754
1306,754
1307,686
1308,590
1310,113
1313,734
1314,630
1315,141
1320,713
1321,699
1321,691
1321,740
1322,740
1322,742
1325,240
1325,480
1327,497
1328,675
1328,524
1330,682
1330,640
1331,743
1331,673
1331,706
1331,700
1332,336
1333,541
1334,539
1334,369
1334,448
1335,669
1336,748
1336,754
1338,737
1339,286
1339,273
1342,593
1348,406
1348,545
1348,641
1349,566
1350,701
1350,735
1351,741
1353,726
1354,636
1355,658
1356,669
1357,569
1361,715
1361,705
1362,649
1362,451
1362,551
1366,557
1368,747
1370,345
1372,569
1376,393
1380,446
1381,620
1382,734
1382,663
1382,733
1383,388
1383,643
1383,354
1383,263
1384,677
1384,568
1385,660
1387,343
1388,612
1389,726
1393,738
1395,653
1396,424
1402,710
1407,561
1408,644
1409,750
1409,425
1413,686
1414,114
1414,252
1414,335
1415,263
1418,708
1420,337
1423,453
1423,609
1426,743
1428,227
1428,726
1430,409
1431,710
1432,728
1432,748
1433,461
1435,555
1435,685
1437,751
1443,391
1445,486
1447,564
1447,353
1448,696
1449,752
1450,709
1450,732
1452,534
1452,685
1456,658
1456,576
1457,512
1460,515
1462,731
1462,724
1462,755
1462,748
1466,640
1468,330
1469,747
1471,137
1472,676
1474,532
1475,732
1477,742
1479,720
1481,413
1481,602
1481,540
1484,687
1484,641
1485,732
1485,744
1488,594
1488,541
1490,601
1490,675
1492,395
1492,724
1492,314
1492,529
1493,617
1494,451
1495,558
1497,480
1503,649
1505,294
1510,502
1513,485
1514,509
1514,584
1516,423
1519,627
1524,725
1524,734
1524,750
1524,738
1529,534
1533,755
1533,416
1539,748
1540,375
1540,722
1542,458
1546,751
1547,565
1547,532
1549,478
1549,654
1549,679
1550,720
1552,735
1553,612
1555,657
1556,735
1556,712
1558,555
1558,548
1559,560
1559,300
1560,746
1568,284
1568,374
1568,380
1571,705
1573,698
1574,742
1575,710
1577,564
1577,567
1577,503
1581,672
1583,560
1585,625
1585,290
1586,633
1589,454
1590,289
1591,743
1591,739
1592,668
1593,486
1594,615
1594,730
1595,628
1596,662
1598,744
1599,548
1603,757
1608,677
1608,501
1611,749
1611,750
1612,748
1614,548
1614,525
1617,596
1622,738
1622,746
1623,576
1623,590
1624,655
1625,744
1625,647
1632,675
1632,654
1633,336
1633,535
1633,605
1633,400
1633,336
1637,458
1637,468
1638,634
1638,487
1638,594
1641,724
1641,714
1642,519
1645,549
1648,744
1648,751
1649,581
1651,497
1651,603
1651,375
1651,269
1652,674
1653,664
1653,735
1655,723
1658,438
1663,703
1664,549
1664,656
1664,697
1668,715
1668,716
1672,425
1674,583
1676,753
1678,365
1682,644
1687,138
1687,514
1694,593
1700,710
1700,717
1701,724
1702,389
1706,755
1708,744
1710,721
1717,753
1719,748
1722,604
1724,757
1725,272
1725,747
1725,456
1727,748
1727,734
1727,741
1729,204
1729,508
1731,709
1732,756
1732,756
1732,756
1734,517
1737,697
1738,660
1738,685
1739,668
1741,408
1741,318
1742,350
1743,740
1743,630
1745,670
1745,602
1746,653
1751,755
1760,597
1762,731
1764,682
1764,685
1764,671
1766,757
1767,595
1769,722
1771,702
1771,716
1773,605
1773,706
1776,671
1778,711
1779,737
1782,725
1784,725
1785,746
1785,712
1785,747
1787,745
1789,741
1790,723
1790,494
1792,569
1792,426
1793,324
1794,469
1794,716
1795,554
1795,512
1797,550
1798,607
1799,723
1800,686
1801,597
1801,326
1802,698
1804,387
1805,325
1807,739
1808,741
1811,737
1812,486
1812,648
1812,555
1813,647
1814,757
1815,690
1816,691
1817,671
1818,530
1818,431
1818,577
1820,733
1820,742
1821,752
1823,393
1824,635
1825,677
1826,423
1828,716
1829,434
1831,344
1834,642
1834,505
1835,693
1835,745
1839,643
1841,436
1842,678
1842,677
1843,709
1846,716
1849,728
1850,532
1850,418
1857,724
1860,664
1863,262
1863,350
1863,230
1865,708
1865,596
1867,588
1868,712
1869,587
1869,549
1870,691
1870,674
1870,603
1872,650
1874,320
1875,714
1879,309
1879,231
1880,133
1883,729
1883,730
1885,702
1888,387
1889,741
1891,70
1891,189
1893,401
1894,698
1895,672
1895,667
1896,703
1898,640
1901,611
1905,692
1906,653
1907,680
1907,292
1907,660
1909,445
1909,551
1911,482
1911,21
1911,180
1912,737
1914,683
1915,646
1916,240
1916,337
1917,733
1919,176
1920,592
1921,569
1924,636
1926,226
1926,397
1928,710
1928,259
1932,718
1934,561
1937,667
1940,527
1943,291
1943,716
1944,706
1945,564
1945,526
1946,203
1946,738
1948,309
1948,310
1948,623
1949,522
1952,748
1952,751
1953,663
1954,209
1954,683
1954,474
1956,649
1956,700
1958,547
1960,571
1960,424
1960,475
1960,680
1962,81
1963,750
1966,728
1968,467
1968,260
1971,454
1971,456
1972,739
1972,384
1975,550
1977,735
1983,406
1984,709
1985,681
1987,740
1987,710
1988,433
1988,508
1989,664
1991,178
1992,445
1995,441
1996,586
1998,710
1998,722
2002,676
2005,501
2007,729
2007,757
2007,668
2009,748
2009,755
2009,734
2010,722
2016,630
2017,613
2017,400
2019,299
2019,624
2019,594
2019,523
2020,374
2021,740
2021,716
2023,536
2023,664
2026,349
2028,610
2028,703
2029,742
2030,724
2032,510
2032,325
2033,715
2033,725
2033,754
2034,486
2035,602
2035,592
2038,282
2040,628
2040,446
2040,388
2041,704
2041,644
2043,288
2044,440
2044,742
2045,502
2045,574
2046,579
2046,276
2046,466
2047,157
2048,612
2050,719
2051,756
2053,663
2057,451
2060,530
2060,736
2060,564
2062,535
2062,674
2063,731
2064,694
2064,664
2065,691
2065,675
2070,391
2070,736
2076,588
2077,734
2078,736
2080,756
2081,735
2083,384
2083,300
2084,440
2085,64
2086,568
2086,645
2088,711
2100,611
2103,681
2107,514
2108,675
2112,383
2112,719
2114,482
2115,445
2124,741
2126,754
2127,671
2131,736
2133,716
2133,662
2137,750
2144,140
2144,178
2148,423
2151,755
2153,624
2154,686
2155,634
2156,413
2157,736
2158,740
2159,193
2161,699
2163,654
2165,751
2168,575
2168,754
2168,647
2169,627
2169,418
2171,539
2172,296
2175,468
2176,598
2177,675
2177,703
2178,676
2180,515
2180,629
2181,711
2182,290
2182,284
2186,609
2187,735
2189,420
2189,320
2191,744
2192,658
2194,322
2194,316
2195,552
2197,526
2198,659
2199,575
2201,82
2202,747
2202,663
2205,505
2206,739
2206,494
2207,645
2209,742
2211,625
2213,616
2213,718
2214,615
2215,594
2217,541
2218,105
2219,356
2219,664
2225,704
2225,666
2225,440
2225,682
2227,306
2229,526
2230,720
2235,556
2235,700
2235,372
2237,552
2241,516
2242,729
2243,735
2245,635
2249,661
2252,683
2252,706
2253,661
2254,665
2254,711
2256,679
2258,449
2258,629
2258,600
2261,567
2262,629
2263,479
2264,146
2265,680
2270,309
2272,582
2274,667
2275,593
2275,691
2275,715
2280,653
2282,665
2282,657
2283,717
2283,679
2283,736
2285,642
2285,508
2285,518
2286,704
2287,702
2287,683
2288,702
2290,734
2290,617
2293,607
2295,607
2298,743
2300,633
2304,757
2305,723
2306,381
2306,557
2307,375
2308,616
2310,691
2311,358
2313,677
2315,682
2317,690
2319,176
2320,248
2321,632
2321,415
2322,702
2322,608
2324,746
2326,591
2327,713
2330,704
2332,568
2337,272
2338,353
2338,715
2341,723
2341,737
2341,741
2344,493
2344,530
2347,750
2347,658
2348,416
2351,475
2352,691
2352,666
2354,251
2357,734
2360,752
2360,234
2361,540
2361,421
2364,399
2365,743
2366,512
2368,754
2368,743
2371,753
2373,701
2376,733
2376,647
2377,614
2378,429
2378,456
2379,699
2382,500
2383,562
2384,401
2384,568
2385,322
2387,574
2389,746
2390,310
2391,655
2391,601
2391,526
2391,379
2392,438
2392,420
2394,757
2394,757
2400,696
2401,621
2401,736
2402,566
2403,544
2412,732
2413,681
2415,155
2415,692
2419,731
2421,317
2427,708
2428,744
2431,641
2432,716
2432,672
2436,455
2436,609
2438,644
2440,565
2440,313
2442,611
2442,672
2443,751
2447,719
2447,740
2449,549
2452,728
2454,232
2458,710
2458,751
2460,690
2462,357
2464,151
2467,537
2471,549
2477,547
2478,731
2481,643
2481,596
2482,305
2482,517
2485,486
2489,463
2493,745
2493,543
2494,732
2494,752
2496,651
2497,621
2498,705
2498,685
2500,674
2500,725
2500,583
2501,727
2503,725
2503,722
2507,757
2508,743
2508,691
2510,716
2513,594
2515,639
2517,634
2517,395
2517,688
2519,567
2521,751
2524,479
2524,250
2526,688
2527,736
2529,410
2529,443
2530,582
2530,525
2531,247
2533,708
2534,687
2537,681
2541,730
2543,588
2545,632
2545,731
2551,614
2553,555
2557,507
2558,667
2559,255
2560,755
2566,755
2571,357
2573,490
2574,721
2574,667
2574,657
2575,567
2576,474
2579,260
2580,573
2585,210
2586,601
2589,544
2590,752
2590,465
2593,617
2593,495
2594,700
2595,754
2595,750
2597,688
2601,361
2602,714
2602,672
2603,691
2603,268
2603,394
2604,755
2606,657
2612,754
2615,744
2619,514
2619,240
2620,553
2621,573
2621,466
2622,742
2623,722
2623,719
2627,750
2630,675
2631,754
2632,713
2633,656
2633,712
2634,457
2634,345
2636,601
2636,727
2638,689
2646,595
2647,630
2655,329
2658,688
2661,694
2661,588
2663,353
2663,756
2665,691
2667,641
2667,705
2669,748
2672,647
2674,456
2674,225
2679,720
2683,754
2683,750
2684,461
2684,509
2686,637
2687,482
2687,294
2691,742
2696,650
2703,700
2705,485
2710,613
2711,636
2712,706
2713,691
2714,187
2714,357
2717,681
2718,514
2719,750
2720,651
2720,698
2720,548
2722,414
2722,710
2722,320
2724,755
2724,757
2726,413
2726,749
2728,550
2729,495
2730,722
2730,735
2734,685
2734,742
2737,207
2741,671
2745,408
2745,437
2745,455
2748,744
2751,737
2752,463
2752,632
2755,755
2757,522
2757,505
2758,738
2767,284
2768,744
2770,461
2772,554
2779,576
2782,594
2784,733
2784,585
2786,316
2787,472
2787,501
2788,711
2791,519
2793,529
2797,757
2800,270
2801,664
2802,594
2804,257
2807,619
2809,719
2810,723
2811,722
2813,333
2813,442
2813,425
2813,624
2813,218
2819,404
2820,711
2825,679
2826,599
2828,735
2833,608
2834,299
2834,290
2837,464
2837,459
2839,676
2840,657
2840,720
2844,420
2847,510
2849,713
2850,576
2850,604
2851,642
2851,728
2851,697
2852,499
2853,72
2853,460
2857,629
2859,735
2859,743
2859,673
2859,655
2862,625
2863,730
2863,689
2863,684
2865,670
2865,278
2866,575
2866,630
2867,704
2869,756
2870,412
2871,715
2874,712
2875,594
2881,737
2883,672
2883,251
2884,707
2884,642
2885,661
2885,687
2886,109
2887,727
2888,684
2888,364
2893,503
2893,251
2895,584
2898,96
2904,635
2904,720
2905,753
2905,747
2906,750
2906,746
2910,715
2912,721
2912,695
2913,719
2914,512
2914,302
2914,601
2915,738
2916,553
2917,354
2917,474
2919,275
2920,746
2921,517
2922,128
2927,634
2927,586
2928,697
2928,676
2928,746
2930,610
2930,579
2935,627
2937,748
2938,722
2941,716
2945,542
2945,281
2947,749
2949,282
2950,727
2953,649
2953,669
2954,565
2955,750
2957,653
2957,580
2957,598
2958,503
2961,592
2964,751
2966,716
2969,455
2969,673
2970,573
2971,735
2972,720
2974,713
2975,568
2977,481
2978,587
2982,357
2984,754
2985,483
2988,113
2988,93
2991,751
2994,699
2997,711
2997,745
2997,667
2998,750
3005,737
3007,703
3008,506
3008,487
3009,628
3014,609
3017,755
3017,86
3018,686
3021,755
3022,742
3025,119
3027,727
3027,731
3027,747
3029,584
3029,606
3031,587
3033,738
3035,606
3036,647
3041,627
3042,640
3043,634
3044,451
3044,440
3045,159
3045,531
3048,713
3050,653
3050,700
3050,621
3052,731
3054,704
3056,584
3057,748
3057,736
3058,738
3058,752
3058,732
3059,741
3062,454
3064,654
3065,363
3068,731
3069,471
3071,684
3071,690
3073,660
3074,405
3074,642
3074,521
3074,726
3075,751
3082,755
3082,752
3083,718
3087,738
3090,754
3092,706
3093,501
3094,430
3095,740
3096,463
3096,456
3098,146
3099,263
3105,619
3106,738
3106,686
3108,593
3109,715
3109,696
3110,410
3112,156
3115,728
3116,621
3117,724
3119,748
3119,526
3120,493
3121,599
3122,689
3122,711
3122,668
3124,692
3127,634
3131,745
3131,657
3141,681
3142,114
3143,495
3147,254
3148,688
3149,742
3150,549
3152,663
3153,647
3154,446
3155,432
3157,439
3158,524
3159,601
3160,458
3160,384
3164,673
3174,750
3176,394
3177,507
3178,597
3180,475
3180,630
3182,723
3182,742
3182,663
3184,555
3184,552
3186,709
3188,151
3188,642
3189,612
3190,608
3191,726
3192,649
3193,701
3195,279
3200,404
3202,736
3203,710
3205,602
3210,695
3215,692
3217,731
3220,517
3220,229
3223,468
3224,730
3225,676
3225,419
3228,524
3230,629
3233,637
3233,619
3235,745
3244,536
3245,735
3245,741
3248,737
3250,676
3253,619
3253,625
3254,334
3254,715
3254,734
3254,589
3255,224
3258,739
3259,592
3259,335
3260,580
3261,714
3263,600
3263,532
3264,712
3266,579
3267,735
3272,401
3272,523
3275,754
3275,381
3279,272
3279,393
3281,742
3284,754
3284,751
3289,744
3292,327
3294,693
3296,733
3296,741
3297,729
3297,738
3298,142
3300,536
3301,590
3301,429
3301,241
3303,741
3303,607
3304,477
3306,513
3309,443
3309,543
3309,391
3310,720
3310,723
3311,751
3312,378
3321,647
3323,603
3325,244
3332,612
3332,745
3334,703
3334,601
3336,51
3337,702
3338,187
3343,684
3344,730
3345,737
3345,723
3345,723
3347,623
3347,617
3353,212
3353,550
3354,695
3356,431
3357,337
3358,663
3358,648
3358,658
3359,430
3361,681
3362,655
3362,658
3369,736
3369,728
3370,622
3371,654
3373,747
3373,746
3374,390
3374,283
3374,543
3379,750
3381,730
3381,743
3381,711
3383,728
3384,377
3384,604
3385,552
3385,413
3386,653
3387,727
3387,705
3388,690
3389,592
3389,734
3391,246
3391,545
3395,596
3396,596
3396,740
3397,717
3397,691
3400,710
3401,430
3402,616
3403,470
3403,525
3406,566
3408,756
3409,754
3410,738
3411,676
3411,592
3414,405
3414,473
3416,753
3418,311
3418,521
3419,666
3420,699
3420,714
3424,646
3426,383
3430,548
3433,729
3434,676
3439,406
3439,345
3446,703
3451,626
3451,747
3457,507
3461,718
3461,712
3461,660
3464,438
3464,629
3466,756
3466,686
3466,562
3467,326
3468,640
3469,595
3470,633
3471,425
3471,387
3473,139
3473,494
3477,587
3478,647
3482,344
3483,721
3483,699
3485,755
3489,334
3491,755
3491,401
3492,148
3492,450
3496,592
3496,727
3496,670
3498,751
3498,744
3498,749
3513,751
3514,688
3515,584
3520,716
3522,247
3523,691
3524,648
3525,423
3526,418
3527,500
3528,693
3530,703
3531,736
3533,733
3534,721
3540,668
3544,734
3545,685
3545,517
3547,688
3551,730
3556,646
3559,756
3562,489
3564,472
3567,754
3567,752
3574,753
3575,625
3578,699
3581,596
3584,138
3585,389
3589,611
3590,699
3595,600
3600,637
3601,731
3602,482
3605,732
3605,735
3608,607
3610,311
3612,730
3614,742
3617,650
3619,563
3625,734
3626,697
3627,579
3630,723
3630,743
3633,507
3633,705
3633,326
3634,384
3636,723
3637,297
3638,550
3638,675
3638,241
3640,542
3641,757
3645,543
3645,226
3647,751
3647,719
3647,678
3650,639
3652,464
3656,668
3657,752
3657,753
3658,275
3659,485
3661,740
3664,659
3669,346
3673,455
3675,742
3677,364
3677,725
3678,637
3678,547
3679,756
3679,643
3680,162
3682,757
3682,757
3688,731
3688,729
3688,326
3690,697
3690,577
3693,715
3694,729
3695,336
3703,536
3704,657
3704,630
3704,443
3707,334
3707,375
3707,483
3708,747
3710,673
3710,689
3712,177
3713,608
3713,634
3716,716
3718,156
3718,500
3720,477
3720,505
3721,739
3721,735
3722,617
3724,460
3727,559
3727,549
3730,696
3731,580
3733,120
3734,669
3736,728
3736,756
3737,717
3740,629
3741,254
3742,757
3744,545
3745,476
3745,603
3746,714
3750,747
3752,516
3752,712
3754,620
3756,449
3761,523
3762,219
3766,726
3767,708
3771,306
3773,541
3777,453
3778,748
3778,690
3782,549
3783,526
3786,566
3787,665
3788,582
3793,730
3794,681
3798,727
3799,623
3800,695
3802,740
3803,614
3804,693
3807,657
3811,651
3814,422
3814,623
3815,746
3815,753
3816,689
3820,683
3820,744
3824,540
3825,757
3826,745
3827,300
3828,741
3830,748
3830,661
3830,455
3830,546
3834,609
3834,612
3834,680
3836,644
3837,479
3838,711
3838,572
3839,683
3843,666
3843,396
3845,543
3845,596
3848,661
3854,711
3854,670
3859,701
3862,752
3864,678
3864,657
3865,456
3866,543
3869,551
3871,458
3879,723
3884,489
3885,170
3885,723
3885,472
3886,562
3887,330
3890,754
3892,755
3894,574
3895,714
3900,736
3901,736
3901,666
3905,540
3907,711
3909,664
3910,704
3910,741
3911,424
3911,220
3912,738
3913,294
3915,48
3915,115
3919,277
3922,682
3923,614
3924,592
3924,480
3927,272
3927,692
3929,668
3931,714
3937,723
3938,367
3938,481
3940,715
3942,757
3942,756
3946,638
3948,600
3950,750
3952,158
3955,587
3963,533
3966,428
3969,388
3972,697
3973,646
3975,745
3980,643
3980,743
3985,736
3988,674
3989,699
3994,729
3994,489
3995,419
3996,713
4000,732
4001,443
4007,427
4009,716
4010,566
4012,303
4012,445
4015,713
4016,469
4021,677
4022,676
4024,747
4029,425
4030,527
4030,334
4031,638
4032,640
4032,544
4034,573
4035,624
4037,648
4038,268
4039,662
4041,389
4042,749
4043,679
4043,755
4043,709
4045,560
4045,571
4046,754
4048,336
4048,706
4053,634
4053,649
4055,284
4057,648
4057,562
4059,692
4062,754
4062,743
4065,727
4065,737
4065,533
4072,749
4078,723
4085,592
4087,454
4088,441
4088,534
4090,746
4096,698
4096,689
4097,678
4097,492
4097,378
4098,328
4098,562
4100,498
4103,750
4103,514
4104,746
4105,496
4106,652
4106,642
4107,732
4107,692
4107,640
4110,717
4111,671
4112,299
4118,743
4119,556
4119,368
4121,577
4123,497
4126,349
4126,578
4127,657
4129,751
4130,670
4130,625
4134,628
4134,608
4136,569
4136,593
4136,277
4137,577
4138,467
4138,637
4140,756
4142,723
4142,728
4147,712
4147,714
4149,736
4150,682
4150,730
4153,509
4154,491
4156,700
4157,516
4158,618
4159,705
4160,705
4160,690
4160,685
4163,684
4163,745
4166,656
4171,722
4171,616
4171,668
4172,622
4172,590
4174,651
4176,565
4177,372
4179,754
4179,470
4180,639
4182,522
4183,479
4184,720
4186,732
4187,662
4187,439
4187,399
4188,743
4189,485
4190,432
4191,626
4195,661
4197,504
4197,473
4197,391
4198,506
4199,503
4199,689
4203,601
4204,751
4204,684
4205,612
4205,712
4205,740
4206,642
4206,673
4208,648
4217,101
4217,541
4221,713
4222,743
4222,533
4223,639
4224,618
4227,534
4227,586
4229,678
4229,727
4234,499
4235,262
4235,633
4238,696
4238,718
4239,609
4241,433
4242,667
4242,556
4243,733
4245,610
4246,407
4246,309
4249,731
4250,572
4251,730
4252,629
4254,688
4258,749
4258,751
4259,750
4261,665
4263,700
4264,372
4264,345
4265,725
4269,718
4271,560
4271,752
4272,600
4274,725
4275,666
4277,545
4280,642
4285,643
4285,396
4285,168
4285,524
4288,733
4289,536
4291,714
4294,656
4294,221
4296,714
4297,726
4298,541
4298,419
4300,697
4300,748
4301,653
4306,724
4308,525
4309,700
4310,618
4310,361
4310,170
4312,516
4313,249
4314,733
4314,605
4315,756
4315,751
4318,597
4319,587
4320,342
4321,289
4321,198
4324,532
4325,211
4327,737
4328,685
4329,676
4332,114
4333,648
4335,713
4340,755
4343,528
4343,612
4344,492
4344,641
4344,342
4346,701
4347,589
4348,375
4348,371
4349,391
4353,622
4356,558
4357,735
4362,734
4362,748
4363,652
4367,753
4368,673
4368,585
4368,534
4369,658
4369,713
4371,744
4372,484
4373,321
4377,289
4378,652
4378,732
4379,638
4382,740
4385,602
4386,433
4387,650
4389,686
4389,709
4390,743
4390,431
4392,729
4393,639
4393,403
4395,698
4400,737
4403,704
4405,680
4407,679
4408,601
4410,591
4411,691
4412,755
4413,708
4413,751
4416,656
4417,369
4419,485
4419,518
4419,531
4424,526
4427,621
4427,570
4427,747
4430,690
4431,545
4435,445
4437,753
4437,732
4440,670
4441,537
4443,516
4444,344
4444,481
4444,339
4448,754
4448,626
4449,234
4454,659
4454,665
4455,562
4455,705
4457,644
4458,644
4458,695
4462,619
4464,495
4466,734
4472,503
4472,727
4473,684
4473,606
4473,340
4478,683
4480,324
4480,340
4482,678
4484,736
4487,553
4488,714
4490,341
4492,536
4495,663
4496,720
4499,490
4500,321
4500,662
4503,553
4505,620
4507,608
4507,119
4508,752
4509,693
4511,622
4512,561
4515,675
4518,448
4518,336
4518,287
4520,667
4521,405
4524,707
4526,688
4528,588
4529,723
4529,495
4531,756
4532,744
4538,720
4541,215
4541,682
4545,736
4550,708
4553,346
4555,754
4560,388
4564,673
4570,705
4572,659
4572,693
4574,667
4575,279
4577,333
4578,545
4579,680
4580,603
4581,475
4582,319
4582,667
4582,226
4584,525
4585,162
4588,749
4589,548
4589,437
4589,481
4592,446
4593,717
4595,275
4598,612
4599,662
4600,529
4601,63
4605,661
4610,358
4611,569
4611,378
4613,734
4613,702
4614,340
4614,484
4617,645
4619,351
4620,559
4627,646
4627,674
4629,721
4629,747
4631,726
4631,711
4633,757
4633,721
4635,752
4638,550
4640,550
4640,532
4640,629
4641,595
4641,701
4641,657
4650,378
4652,501
4652,657
4653,593
4653,429
4655,397
4655,510
4655,433
4656,625
4657,683
4658,499
4658,691
4661,691
4663,686
4668,714
4668,706
4669,373
4670,693
4670,638
4671,723
4673,651
4676,712
4677,532
4679,386
4684,596
4685,302
4685,547
4687,570
4687,687
4687,699
4689,685
4689,431
4690,756
4690,756
4692,605
4695,361
4697,431
4697,541
4697,637
4699,742
4699,721
4703,739
4703,754
4704,563
4708,670
4710,742
4715,729
4717,599
4717,439
4719,249
4720,736
4721,727
4724,609
4724,729
4726,716
4726,745
4726,739
4727,604
4727,676
4727,756
4728,247
4728,176
4729,736
4733,706
4734,642
4734,707
4737,341
4741,586
4744,644
4745,379
4748,716
4748,735
4748,743
4752,666
4757,601
4758,456
4758,517
4758,482
4760,678
4761,738
4765,725
4766,81
4767,567
4768,708
4769,745
4770,594
4772,589
4772,623
4772,687
4773,715
4774,714
4775,507
4779,756
4779,719
4780,498
4780,721
4781,586
4783,450
4786,691
4787,609
4788,302
4788,683
4788,225
4795,717
4802,405
4806,262
4808,731
4808,745
4811,622
4813,488
4813,447
4815,447
4816,560
4819,740
4819,711
4823,576
4824,726
4829,667
4829,722
4830,719
4832,570
4835,711
4840,359
4849,431
4852,628
4852,651
4854,574
4855,733
4857,642
4858,699
4859,626
4859,628
4860,346
4864,591
4868,529
4869,728
4876,755
4880,495
4880,574
4887,706
4887,704
4889,634
4892,121
4896,753
4898,543
4899,462
4899,525
4899,545
4900,731
4900,681
4900,700
4901,686
4902,575
4902,657
4903,729
4905,728
4905,683
4905,730
4908,618
4910,624
4911,632
4915,748
4915,695
4915,717
4915,701
4917,701
4917,709
4919,730
4921,602
4925,721
4926,731
4932,608
4932,599
4932,496
4933,580
4934,664
4935,724
4936,676
4936,708
4938,702
4943,576
4945,576
4946,748
4949,615
4951,734
4953,682
4953,638
4955,686
4955,751
4955,639
4959,639
4960,381
4961,714
4963,665
4963,705
4966,682
4968,683
4969,711
4970,531
4973,756
4974,756
4974,617
4976,740
4977,732
4978,742
4979,740
4980,370
4980,312
4980,548
4982,528
4983,166
4984,544
4986,745
4986,752
4993,575
4994,735
4994,738
4995,716
5001,414
5003,576
5004,634
5006,713
5007,405
5008,457
5011,701
5011,689
5012,628
5012,661
5017,699
5018,734
5020,707
5020,693
5021,667
5022,753
5025,339
5027,726
5027,690
5033,397
5033,455
5034,507
5035,635
5037,722
5040,686
5040,746
5043,724
5048,729
5051,679
5051,715
5054,749
5054,724
5056,595
5056,619
5058,614
5059,284
5060,750
5062,700
5062,728
5062,716
5063,728
5065,657
5065,682
5066,732
5072,615
5072,326
5075,456
5076,702
5078,619
5082,707
5082,597
5083,722
5084,152
5085,554
5085,649
5087,696
5090,747
5094,439
5094,169
5104,603
5105,348
5105,493
5107,714
5108,606
5109,643
5113,719
5115,725
5115,727
5116,534
5124,488
5126,441
5128,628
5129,736
5130,757
5130,757
5131,186
5131,323
5131,635
5132,729
5133,579
5134,750
5135,585
5139,409
5140,709
5141,438
5141,712
5143,675
5144,511
5154,626
5156,596
5156,741
5157,693
5158,319
5158,667
5159,740
5162,542
5162,687
5165,700
5166,244
5166,358
5167,723
5180,622
5180,631
5181,664
5182,580
5187,455
5188,367
5188,725
5193,754
5193,749
5197,577
5198,476
5200,589
5200,651
5200,577
5200,711
5205,471
5205,639
5207,577
5208,732
5209,612
5209,672
5214,733
5216,717
5221,376
5223,742
5225,755
5225,744
5226,529
5229,681
5233,500
5234,278
5235,748
5242,647
5242,664
5242,736
5242,755
5243,586
5247,287
5247,402
5249,105
5250,548
5250,720
5255,486
5257,753
5258,661
5258,122
5259,754
5261,734
5263,625
5263,626
5264,734
5264,755
5267,686
5267,675
5270,712
5271,459
5273,753
5275,691
5275,702
5276,689
5277,674
5277,625
5278,700
5284,618
5286,606
5289,620
5293,686
5294,708
5295,575
5301,715
5301,749
5308,394
5308,611
5308,528
5308,659
5311,716
5311,601
5312,653
5316,636
5318,732
5319,703
5320,547
5324,98
5324,497
5325,672
5329,587
5332,650
5332,486
5332,746
5333,112
5336,702
5337,722
5337,660
5341,676
5342,101
5342,591
5343,478
5346,754
5346,755
5351,722
5352,444
5352,687
5353,673
5353,697
5353,606
5356,391
5357,698
5359,535
5360,491
5361,294
5362,754
5370,727
5372,755
5374,427
5381,528
5382,717
5384,182
5385,730
5385,674
5385,713
5388,697
5389,513
5391,706
5391,742
5394,512
5394,679
5395,634
5395,643
5398,509
5400,560
5400,684
5400,540
5400,305
5400,405
5401,397
5404,515
5404,527
5405,660
5408,677
5410,327
5412,689
5413,733
5415,623
5419,752
5424,676
5424,629
5425,723
5426,224
5430,674
5432,597
5433,729
5435,57
5436,682
5442,559
5443,679
5443,679
5444,757
5445,753
5445,741
5446,491
5451,420
5453,550
5457,750
5458,587
5459,511
5460,390
5462,699
5465,455
5465,620
5467,735
5469,302
5474,739
5478,435
5481,523
5483,587
5483,517
5485,740
5486,539
5488,746
5488,733
5491,579
5491,543
5495,538
5495,751
5495,280
5497,756
5499,527
5503,300
5503,417
5503,482
5507,745
5507,735
5509,720
5510,437
5510,610
5512,444
5512,560
5513,490
5515,204
5516,670
5516,491
5517,589
5517,720
5517,691
5519,754
5522,430
5524,599
5524,700
5526,534
5527,728
5527,752
5530,654
5534,756
5536,739
5536,686
5540,674
5540,612
5543,729
5546,444
5547,338
5549,739
5553,659
5553,745
5558,724
5558,703
5559,689
5561,636
5563,697
5565,681
5565,681
5566,560
5566,755
5567,431
5571,616
5573,662
5574,429
5574,736
5575,674
5575,704
5577,538
5577,586
5579,675
5582,305
5582,438
5584,264
5584,544
5585,377
5585,641
5585,547
5586,597
5590,512
5590,429
5590,736
5590,757
5591,671
5593,604
5596,443
5597,645
5597,690
5597,694
5597,677
5598,707
5600,416
5600,186
5601,717
5602,755
5602,712
5603,686
5606,573
5610,461
5615,717
5616,435
5618,585
5620,752
5620,671
5621,372
5624,351
5624,559
5626,724
5627,591
5631,660
5631,700
5631,714
5631,627
5632,168
5633,656
5636,659
5637,371
5637,754
5639,739
5643,587
5645,608
5646,629
5647,650
5648,235
5650,754
5650,753
5650,755
5656,643
5656,593
5657,521
5659,456
5659,694
5661,565
5662,389
5665,238
5668,679
5670,727
5672,620
5672,458
5672,503
5677,375
5677,190
5677,725
5681,700
5684,368
5685,498
5686,756
5686,737
5688,599
5693,444
5693,483
5696,355
5697,750
5697,752
5697,748
5699,750
5704,700
5708,382
5709,623
5709,503
5712,718
5712,621
5713,743
5716,518
5717,739
5717,756
5717,755
5718,623
5721,547
5722,756
5723,686
5725,401
5725,243
5725,697
5730,583
5730,674
5731,314
5735,713
5736,739
5738,735
5741,556
5742,555
5743,437
5746,712
5746,699
5747,466
5748,752
5750,426
5754,744
5757,747
5757,721
5759,727
5760,740
5761,604
5762,730
5763,543
5764,410
5765,631
5765,648
5765,686
5765,651
5766,507
5774,754
5778,142
5778,572
5779,754
5782,498
5784,703
5784,498
5784,499
5784,672
5785,724
5785,572
5785,555
5785,731
5786,604
5786,372
5786,485
5789,740
5790,683
5794,655
5795,730
5797,732
5800,578
5800,488
5801,696
5803,702
5804,576
5805,368
5807,752
5807,754
5808,627
5808,673
5808,587
5809,623
5811,711
5811,712
5814,61
5817,140
5820,726
5821,688
5823,597
5825,140
5825,119
5827,726
5827,316
5828,713
5828,601
5829,736
5829,712
5830,472
5837,715
5839,685
5839,736
5840,731
5842,633
5842,572
5843,209
5843,118
5844,660
5844,716
5844,669
5851,686
5856,659
5856,714
5856,669
5857,756
5858,658
5858,728
5859,702
5864,725
5866,704
5867,720
5868,681
5874,469
5875,387
5875,439
5877,514
5878,538
5879,710
5879,756
5882,697
5882,618
5884,745
5884,738
5886,687
5888,738
5890,732
5891,439
5892,718
5895,674
5895,625
5896,685
5897,670
5897,51
5899,691
5904,544
5905,599
5906,748
5907,649
5911,595
5911,722
5912,705
5912,735
5912,714
5912,751
5913,163
5913,363
5913,177
5915,495
5916,736
5919,712
5921,684
5921,641
5925,551
5926,711
5930,724
5933,367
5933,552
5935,731
5936,741
5938,740
5939,644
5942,497
5944,737
5945,702
5947,739
5950,741
5951,738
5952,678
5956,647
5958,667
5958,557
5958,720
5958,438
5958,655
5959,580
5960,379
5962,453
5963,643
5964,601
5964,748
5966,673
5968,503
5971,748
5972,308
5974,549
5975,643
5976,585
5981,668
5985,564
5987,508
5987,487
5988,755
5988,740
5989,573
5992,751
5994,527
5996,757
5998,716
5998,443
6001,363
6002,650
6008,474
6010,105
6011,718
6011,706
6011,570
6014,508
6015,688
6015,638
6017,630
6020,724
6022,564
6023,755
6024,540
6025,744
6025,735
6026,221
6028,642
6029,549
6031,235
6034,741
6038,715
6042,732
6043,708
6043,756
6043,729
6045,667
6045,750
6046,748
6047,388
6047,347
6048,705
6049,546
6049,687
6051,512
6052,725
6053,734
6054,727
6054,592
6055,674
6055,686
6055,657
6056,486
6059,423
6060,651
6061,717
6063,346
6064,547
6065,664
6065,681
6068,624
6069,312
6070,657
6070,553
6071,634
6071,336
6073,756
6073,680
6076,409
6080,501
6080,645
6081,464
6084,618
6084,471
6085,753
6086,737
6087,643
6088,726
6088,721
6090,494
6091,695
6093,743
6093,653
6094,690
6094,485
6094,566
6094,525
6098,607
6098,732
6099,708
6107,711
6111,534
6112,562
6113,631
6114,550
6115,496
6115,708
6117,264
6117,669
6117,651
6121,734
6123,753
6123,358
6123,329
6123,370
6125,740
6127,588
6128,650
6128,649
6129,675
6130,734
6131,249
6132,753
6133,667
6136,747
6138,405
6138,446
6139,489
6139,621
6141,332
6141,324
6145,592
6146,678
6146,524
6148,683
6148,264
6149,716
6150,661
6150,659
6151,638
6152,364
6153,677
6153,725
6156,467
6160,656
6162,334
6163,673
6164,590
6165,717
6166,689
6169,124
6171,709
6175,686
6175,639
6177,687
6178,526
6180,687
6189,502
6189,302
6190,689
6190,460
6190,607
6193,674
6193,731
6195,673
6197,653
6197,620
6198,711
6200,517
6200,182
6201,565
6202,755
6205,586
6207,388
6209,659
6210,696
6211,522
6212,757
6213,670
6214,639
6216,692
6217,135
6218,667
6219,559
6219,395
6220,745
6220,747
6221,624
6221,677
6223,658
6224,620
6224,542
6226,241
6226,515
6228,458
6228,514
6230,360
6230,150
6232,557
6234,575
6234,750
6235,663
6235,632
6238,538
6239,626
6240,741
6240,733
6241,565
6245,721
6247,714
6247,640
6248,207
6249,706
6249,681
6249,739
6250,638
6250,558
6253,643
6255,735
6255,690
6255,741
6258,231
6258,439
6263,705
6264,740
6266,745
6267,458
6267,691
6268,715
6269,688
6273,710
6275,547
6279,315
6282,599
6286,550
6289,739
6290,716
6292,435
6293,515
6297,590
6299,409
6299,208
6300,750
6304,375
6304,540
6309,751
6309,750
6312,613
6315,317
6316,673
6320,710
6320,709
6321,520
6322,408
6322,382
6323,755
6325,517
6325,392
6330,712
6335,740
6339,753
6340,682
6342,535
6342,434
6342,493
6344,752
6347,706
6348,750
6350,748
6351,619
6352,748
6358,650
6359,130
6359,383
6360,453
6362,731
6363,654
6363,726
6364,292
6364,711
6366,735
6366,746
6367,669
6367,711
6368,471
6370,171
6371,755
6371,746
6371,721
6371,729
6373,699
6378,103
6379,754
6379,753
6380,690
6382,661
6387,644
6388,29
6388,354
6388,724
6389,508
6390,306
6391,76
6392,743
6393,314
6396,724
6397,731
6402,629
6403,733
6404,575
6405,743
6407,429
6407,655
6407,579
6407,624
6408,584
6412,601
6412,88
6414,696
6414,588
6418,241
6420,680
6420,613
6422,323
6423,608
6425,664
6426,650
6426,589
6428,490
6429,692
6429,607
6430,247
6430,730
6430,421
6434,651
6434,420
6434,274
6436,574
6440,639
6440,731
6440,651
6441,694
6447,713
6450,750
6454,683
6458,662
6462,753
6462,656
6462,667
6464,709
6465,748
6467,630
6468,679
6468,721
6469,443
6469,468
6469,568
6470,379
6471,699
6475,508
6476,485
6478,650
6479,408
6481,740
6481,745
6481,744
6482,706
6483,612
6483,702
6485,387
6485,548
6490,732
6491,416
6495,508
6495,692
6498,518
6498,507
6503,755
6505,729
6505,715
6505,746
6506,750
6509,653
6511,457
6511,721
6512,740
6513,385
6517,703
6521,715
6524,695
6526,708
6526,720
6530,632
6531,675
6531,711
6532,299
6532,569
6535,729
6535,557
6536,757
6536,757
6539,517
6539,398
6540,740
6544,358
6545,629
6547,532
6550,427
6550,729
6551,632
6552,705
6552,650
6553,460
6560,649
6561,732
6562,660
6564,316
6564,696
6565,738
6567,756
6568,732
6570,692
6571,321
6573,720
6576,628
6578,498
6580,414
6581,367
6582,665
6583,612
6583,652
6584,755
6584,749
6585,238
6588,542
6591,726
6594,663
6595,706
6595,674
6597,554
6597,390
6597,512
6598,749
6599,482
6602,380
6604,554
6604,643
6606,702
6608,488
6609,702
6614,214
6617,683
6620,723
6620,736
6621,749
6621,751
6621,754
6623,745
6624,670
6626,598
6628,677
6630,738
6630,719
6635,281
6636,539
6638,733
6638,655
6639,545
6644,743
6647,635
6648,695
6656,749
6656,707
6656,731
6658,525
6660,740
6660,734
6661,637
6664,714
6665,711
6674,742
6674,490
6675,690
6676,753
6678,749
6678,682
6680,709
6680,714
6682,721
6683,736
6686,658
6694,585
6694,286
6694,349
6695,320
6697,535
6697,507
6700,569
6701,545
6701,649
6703,744
6704,544
6704,282
6705,521
6705,700
6706,749
6707,277
6709,608
6709,665
6709,714
6711,286
6713,486
6714,632
6714,461
6716,423
6716,673
6716,488
6716,656
6719,676
6721,734
6721,496
6723,403
6723,536
6724,578
6725,733
6726,637
6727,585
6728,732
6728,731
6730,685
6730,691
6732,254
6734,699
6735,508
6735,754
6736,545
6737,651
6739,731
6741,246
6741,385
6742,585
6744,150
6744,352
6744,363
6745,686
6745,685
6746,710
6752,649
6752,420
6755,718
6756,612
6761,518
6761,568
6761,540
6762,630
6763,461
6764,649
6765,752
6765,751
6765,751
6767,605
6767,660
6767,743
6768,662
6770,734
6771,562
6774,593
6774,509
6774,757
6775,736
6778,607
6782,679
6785,731
6785,720
6789,479
6789,535
6790,683
6792,167
6793,710
6795,752
6796,510
6800,564
6800,532
6800,557
6802,497
6802,531
6803,693
6804,712
6804,663
6804,696
6807,744
6808,524
6808,659
6810,636
6810,366
6811,578
6814,681
6814,720
6814,754
6816,628
6817,690
6817,725
6818,654
6821,674
6822,630
6824,563
6824,513
6828,598
6828,609
6829,323
6829,300
6830,710
6831,481
6831,563
6836,734
6836,757
6841,696
6842,602
6843,409
6844,739
6845,744
6847,736
6847,739
6850,547
6854,672
6854,570
6854,633
6857,728
6859,480
6861,721
6867,728
6867,625
6867,738
6873,393
6875,622
6876,413
6876,283
6877,660
6879,405
6879,751
6882,678
6884,728
6884,675
6886,659
6887,702
6887,706
6888,752
6889,442
6890,683
6894,733
6894,738
6897,612
6898,697
6899,746
6900,513
6903,694
6903,721
6905,247
6912,242
6914,720
6918,748
6920,741
6921,548
6921,634
6923,703
6924,623
6925,605
6927,602
6931,721
6935,656
6936,754
6937,690
6945,271
6947,663
6948,710
6950,653
6951,668
6954,654
6954,538
6954,691
6957,689
6959,528
6960,142
6962,755
6966,701
6971,500
6972,368
6973,512
6978,519
6978,371
6978,394
6983,732
6988,757
6989,615
6989,481
6989,344
6991,748
6995,723
6998,542
6999,250
7001,756
7004,668
7004,661
7005,721
7005,728
7006,393
7007,334
7010,577
7012,192
7014,584
7014,477
7014,535
7016,481
7019,534
7019,286
7020,542
7022,714
7027,276
7030,711
7031,673
7032,709
7032,678
7035,673
7035,753
7037,581
7040,387
7046,647
7047,626
7047,587
7047,734
7048,745
7051,664
7051,634
7053,485
7053,572
7053,642
7055,440
7058,638
7060,525
7063,435
7064,406
7066,293
7069,474
7071,494
7071,508
7072,521
7076,267
7077,757
7078,256
7085,495
7086,727
7086,503
7087,416
7087,296
7092,248
7093,733
7093,404
7094,657
7094,509
7095,121
7098,740
7098,686
7098,746
7099,249
7099,376
7102,443
7102,546
7103,395
7104,728
7104,728
7105,657
7106,640
7106,746
7108,757
7109,696
7109,667
7109,690
7111,422
7114,716
7114,702
7115,674
7118,484
7120,421
7121,707
7122,403
7127,757
7127,756
7128,586
7128,305
7132,707
7136,717
7144,715
7146,736
7147,748
7148,746
7148,756
7151,459
7152,449
7153,636
7154,753
7154,757
7157,669
7159,495
7159,691
7162,731
7162,388
7162,338
7166,726
7167,626
7168,519
7169,749
7169,752
7171,541
7176,710
7177,634
7179,485
7180,636
7181,625
7185,456
7187,355
7190,742
7193,719
7206,375
7209,679
7211,755
7211,737
7213,690
7214,517
7214,662
7214,542
7216,733
7216,659
7220,119
7225,561
7225,509
7225,667
7230,471
7233,664
7234,478
7234,673
7235,255
7236,745
7239,748
7240,696
7240,576
7242,613
7245,724
7246,707
7247,754
7249,709
7250,629
7250,741
7250,640
7251,708
7252,564
7252,728
7253,727
7260,707
7264,624
7265,466
7265,752
7266,639
7269,745
7269,718
7270,600
7271,731
7272,748
7272,713
7273,187
7275,435
7278,361
7279,746
7287,559
7288,665
7288,757
7289,461
7291,715
7292,399
7292,567
7292,684
7296,707
7297,704
7297,218
7298,741
7299,464
7301,750
7303,520
7306,676
7307,742
7310,732
7312,166
7313,731
7313,619
7315,646
7317,548
7318,598
7318,608
7318,635
7319,582
7319,680
7326,755
7326,740
7327,703
7327,533
7327,731
7330,632
7330,604
7331,180
7332,637
7334,586
7338,703
7339,570
7341,252
7342,630
7343,757
7346,644
7347,470
7347,255
7347,385
7348,740
7348,626
7351,383
7351,265
7351,564
7352,669
7353,677
7356,656
7358,653
7360,80
7361,743
7362,710
7363,725
7364,393
7364,41
7366,506
7366,462
7367,689
7368,739
7370,650
7371,491
7375,646
7376,738
7382,697
7383,370
7386,640
7389,613
7391,725
7391,643
7392,719
7397,556
7397,742
7399,674
7400,524
7401,356
7401,663
7403,107
7403,663
7403,192
7407,674
7408,462
7409,527
7409,716
7410,626
7414,755
7419,735
7419,637
7423,720
7426,720
7426,710
7427,335
7430,597
7430,489
7432,574
7433,482
7433,492
7438,409
7438,744
7439,752
7439,497
7440,676
7443,751
7443,704
7444,734
7444,706
7444,715
7445,616
7448,738
7448,638
7449,688
7450,565
7450,476
7452,692
7453,592
7455,670
7459,658
7463,485
7464,419
7465,705
7466,664
7467,406
7468,726
7469,437
7469,704
7469,417
7470,578
7474,468
7478,524
7480,424
7481,577
7485,720
7485,693
7487,224
7487,196
7491,595
7493,632
7493,702
7494,307
7499,689
7501,739
7501,695
7501,557
7505,567
7505,721
7505,474
7508,722
7509,734
7510,551
7510,752
7516,672
7520,336
7521,693
7522,706
7523,692
7524,361
7524,665
7524,498
7525,662
7526,478
7527,712
7528,742
7528,627
7529,498
7530,623
7531,640
7536,534
7539,439
7543,582
7546,720
7546,717
7547,691
7554,642
7554,668
7559,505
7561,526
7562,705
7569,620
7570,703
7570,738
7571,698
7572,753
7572,747
7572,753
7573,424
7575,464
7575,421
7578,519
7583,752
7585,644
7585,528
7585,507
7588,343
7596,743
7598,684
7598,719
7599,628
7602,553
7602,657
7602,608
7604,575
7604,531
7611,744
7611,691
7613,724
7613,720
7615,437
7617,510
7617,474
7618,713
7619,709
7621,612
7621,695
7621,121
7622,544
7625,737
7625,742
7625,596
7626,558
7627,708
7627,744
7631,713
7631,712
7633,713
7636,527
7638,738
7638,718
7638,740
7639,728
7639,683
7641,633
7643,468
7646,380
7647,477
7649,698
7650,318
7651,673
7654,659
7654,513
7665,672
7665,677
7669,327
7670,710
7670,673
7671,665
7671,690
7673,394
7673,659
7674,608
7675,443
7675,377
7676,753
7677,588
7677,580
7677,463
7678,502
7679,437
7680,691
7681,621
7684,480
7684,624
7684,691
7684,602
7686,607
7687,335
7689,587
7690,472
7691,602
7692,703
7692,597
7693,740
7695,724
7696,753
7697,518
7697,562
7698,727
7699,652
7699,359
7700,718
7702,659
7708,588
7709,444
7714,665
7717,606
7721,739
7722,752
7722,757
7727,575
7727,340
7727,572
7728,731
7728,748
7728,726
7728,753
7729,395
7730,626
7731,576
7735,505
7735,131
7738,736
7741,409
7743,552
7743,418
7744,622
7747,745
7757,443
7758,503
7759,707
7760,650
7762,746
7765,722
7766,593
7767,683
7768,697
7768,698
7777,694
7778,751
7778,740
7780,671
7780,603
7781,692
7784,430
7785,594
7785,518
7785,458
7786,401
7788,695
7789,748
7795,746
7796,591
7797,755
7803,756
7803,756
7804,745
7805,669
7805,311
7806,568
7806,354
7807,745
7807,288
7808,740
7809,563
7809,657
7810,664
7810,664
7811,750
7815,437
7815,623
7820,368
7822,441
7822,499
7822,741
7823,697
7825,650
7827,617
7828,475
7830,257
7831,753
7831,755
7833,572
7835,583
7837,652
7839,612
7839,585
7840,288
7840,652
7840,417
7841,472
7841,625
7842,469
7846,292
7847,310
7847,233
7847,251
7848,246
7850,724
7854,686
7855,657
7855,689
7855,719
7857,721
7859,318
7860,697
7862,537
7862,600
7864,571
7865,752
7866,688
7867,741
7868,748
7868,479
7869,717
7870,659
7872,640
7872,656
7872,749
7875,166
7878,507
7879,530
7880,649
7881,198
7883,716
7891,641
7894,757
7895,709
7895,704
7897,714
7898,296
7899,751
7903,750
7904,646
7904,732
7905,455
7908,499
7910,722
7912,654
7917,283
7919,266
7919,707
7919,282
7920,728
7925,727
7926,744
7928,436
7928,505
7932,678
7932,711
7933,442
7934,744
7934,568
7935,694
7935,398
7937,655
7937,366
7937,487
7940,569
7940,571
7943,717
7945,663
7946,389
7947,731
7948,531
7951,711
7953,435
7958,743
7960,742
7962,735
7963,741
7969,686
7969,668
7970,227
7970,731
7971,657
7974,743
7975,656
7980,685
7980,355
7980,406
7980,678
7980,625
7981,682
7982,686
7983,691
7983,753
7984,580
7985,740
7985,701
7987,732
7990,605
7991,574
7993,702
7996,743
8001,559
8001,509
8003,664
8003,751
8003,668
8005,251
8005,453
8009,620
8009,573
8011,753
8012,743
8012,756
8016,571
8016,663
8020,661
8025,564
8025,543
8025,700
8026,689
8029,229
8031,652
8033,735
8034,353
8035,690
8042,559
8045,392
8045,719
8046,545
8046,712
8046,708
8046,635
8050,693
8050,747
8050,632
8051,289
8053,312
8054,583
8054,615
8054,621
8055,669
8055,691
8055,705
8055,669
8055,711
8056,292
8057,627
8058,318
8058,246
8058,134
8059,645
8060,563
8060,233
8061,756
8061,739
8061,747
8066,727
8066,728
8070,745
8071,691
8071,697
8075,377
8075,215
8075,479
8075,584
8077,580
8077,713
8080,725
8081,735
8081,691
8082,451
8082,487
8082,710
8083,706
8084,757
8084,756
8084,757
8096,702
8097,736
8098,708
8099,746
8099,756
8100,570
8104,630
8107,737
8107,526
8108,658
8111,755
8112,650
8114,574
8115,739
8116,744
8117,611
8119,641
8120,687
8122,747
8123,706
8123,729
8124,738
8124,473
8124,684
8126,738
8126,687
8129,666
8129,371
8130,683
8131,749
8134,746
8135,729
8136,736
8136,649
8139,746
8140,478
8143,754
8146,747
8149,462
8150,449
8152,705
8157,485
8160,499
8165,733
8165,746
8166,723
8166,450
8168,660
8170,753
8172,723
8172,691
8173,754
8173,596
8174,743
8177,734
8177,669
8178,574
8180,706
8181,716
8181,610
8183,615
8183,729
8187,483
8188,594
8193,693
8193,730
8197,706
8199,737
8200,740
8201,609
8202,564
8207,443
8207,408
8210,757
8210,757
8211,269
8212,443
8212,464
8215,702
8215,687
8216,731
8216,648
8217,744
8217,740
8218,744
8220,599
8220,720
8221,726
8222,504
8222,552
8223,411
8223,347
8224,701
8225,742
8225,686
8226,664
8227,735
8227,669
8229,746
8229,715
8232,213
8236,751
8236,757
8237,747
8242,712
8243,703
8246,753
8246,659
8247,468
8248,405
8249,270
8249,718
8249,551
8250,675
8251,528
8252,338
8252,711
8253,476
8256,721
8257,366
8257,386
8260,434
8261,437
8261,692
8262,285
8263,733
8269,591
8271,686
8273,741
8274,646
8276,614
8277,743
8281,505
8281,549
8284,609
8285,756
8285,756
8287,365
8288,717
8289,615
8289,747
8289,697
8291,555
8293,385
8295,475
8295,636
8297,756
8298,363
8299,754
8302,244
8303,679
8303,670
8305,655
8306,597
8309,746
8309,337
8311,721
8313,676
8315,732
8317,697
8317,726
8318,254
8318,595
8320,544
8322,740
8322,718
8323,657
8324,747
8326,414
8327,195
8328,322
8330,728
8333,639
8333,574
8334,684
8334,680
8335,471
8339,746
8339,593
8340,315
8341,500
8343,734
8344,345
8345,662
8345,631
8351,477
8351,750
8351,632
8353,593
8356,650
8357,685
8357,703
8358,508
8365,409
8366,727
8370,635
8371,672
8371,661
8373,694
8378,320
8379,704
8386,747
8388,688
8390,620
8390,292
8391,725
8393,348
8393,600
8393,671
8394,721
8394,641
8395,729
8398,705
8400,669
8401,452
8403,550
8406,718
8411,652
8412,468
8414,614
8415,649
8417,580
8418,309
8421,708
8423,674
8423,501
8424,725
8427,587
8427,612
8427,551
8431,540
8435,604
8435,635
8439,748
8440,450
8441,708
8442,467
8444,305
8445,731
8447,673
8448,671
8451,720
8451,750
8453,720
8454,726
8454,752
8456,483
8460,708
8463,547
8463,427
8465,754
8467,703
8469,435
8470,698
8470,618
8475,688
8476,555
8476,746
8476,547
8477,342
8480,720
8481,619
8486,516
8486,646
8488,650
8488,635
8489,728
8489,727
8490,640
8491,679
8500,556
8500,633
8507,735
8508,708
8517,153
8518,655
8518,690
8518,673
8525,552
8526,662
8527,441
8533,700
8537,698
8537,369
8539,159
8540,596
8541,555
8541,305
8542,710
8543,661
8544,682
8549,713
8549,547
8550,736
8551,720
8551,715
8552,655
8553,746
8553,744
8554,718
8559,732
8561,745
8561,743
8564,655
8578,619
8578,649
8579,700
8579,741
8580,477
8580,543
8580,498
8582,716
8582,579
8583,653
8583,618
8585,538
8586,674
8587,502
8591,334
8598,510
8600,295
8603,409
8604,567
8607,595
8607,541
8609,741
8610,635
8610,639
8614,741
8614,685
8614,565
8615,734
8617,754
8621,716
8621,736
8624,672
8625,690
8627,739
8628,620
8633,689
8633,538
8636,392
8640,557
8644,457
8649,729
8651,647
8651,474
8653,506
8654,569
8656,575
8659,741
8660,607
8662,733
8664,645
8666,735
8666,739
8667,577
8669,441
8670,626
8670,752
8672,525
8673,505
8676,688
8677,745
8681,660
8683,577
8684,687
8684,157
8686,724
8688,756
8688,755
8688,756
8691,696
8692,629
8693,541
8693,600
8694,729
8695,707
8695,738
8696,667
8696,732
8704,558
8704,566
8705,537
8706,492
8706,552
8708,733
8709,754
8713,627
8718,193
8720,261
8722,603
8725,667
8726,603
8726,659
8726,669
8727,713
8729,694
8730,754
8733,591
8733,489
8734,747
8735,749
8735,714
8736,749
8741,540
8743,513
8744,745
8749,410
8751,446
8755,678
8756,445
8756,530
8756,463
8757,445
8759,583
8759,436
8761,738
8761,737
8762,545
8763,705
8766,756
8766,738
8768,664
8768,601
8769,465
8771,466
8771,427
8771,756
8772,661
8775,524
8775,582
8775,516
8775,752
8776,680
8776,569
8776,591
8778,613
8778,704
8779,742
8782,682
8782,694
8782,744
8786,682
8790,724
8791,641
8792,514
8796,509
8796,649
8797,428
8798,756
8800,207
8805,738
8807,237
8807,615
8809,689
8811,521
8813,729
8813,744
8816,654
8816,704
8816,716
8816,681
8818,156
8821,454
8823,536
8825,632
8826,447
8827,549
8827,589
8828,625
8829,725
8830,751
8830,748
8835,629
8837,559
8837,671
8838,655
8839,731
8839,746
8839,620
8841,688
8844,506
8844,503
8847,460
8851,521
8858,564
8858,754
8859,741
8859,631
8859,586
8865,540
8866,623
8866,713
8867,509
8869,586
8869,650
8871,580
8873,599
8875,705
8879,683
8880,726
8883,604
8885,553
8886,466
8889,715
8891,736
8892,523
8895,754
8897,549
8897,571
8901,385
8901,512
8902,732
8906,641
8907,489
8909,593
8909,521
8909,577
8912,268
8913,475
8914,671
8914,738
8917,748
8919,755
8920,691
8922,742
8925,561
8925,635
8928,538
8930,732
8930,54
8931,752
8932,744
8932,621
8936,687
8936,720
8936,745
8938,740
8938,742
8938,731
8940,335
8941,632
8942,454
8943,753
8948,444
8948,445
8948,412
8959,689
8967,319
8967,720
8970,555
8971,757
8979,503
8980,732
8985,518
8989,635
8990,737
8990,706
8995,738
8996,448
8997,717
8997,700
8998,637
8998,718
9001,537
9002,485
9002,539
9003,624
9003,304
9004,650
9007,536
9007,447
9011,483
9012,597
9013,748
9013,746
9015,455
9016,710
9016,711
9016,628
9018,247
9019,570
9019,642
9020,671
9020,755
9020,722
9022,640
9022,672
9022,637
9023,701
9025,439
9025,728
9028,695
9031,569
9035,732
9036,741
9037,299
9039,715
9040,490
9047,600
9048,258
9048,530
9048,321
9049,600
9050,711
9054,291
9054,581
9054,326
9056,721
9056,686
9061,150
9062,486
9066,756
9068,561
9068,746
9073,714
9078,572
9078,555
9079,744
9081,664
9084,642
9087,535
9087,287
9089,693
9089,673
9090,721
9090,724
9094,737
9095,199
9096,757
9097,757
9098,684
9099,672
9104,434
9105,518
9105,373
9111,747
9111,402
9113,590
9114,682
9114,552
9114,648
9115,600
9117,732
9118,757
9119,755
9119,703
9120,498
9121,495
9124,654
9127,360
9130,651
9130,734
9130,722
9132,464
9132,96
9132,69
9134,370
9136,578
9137,606
9138,746
9139,735
9144,483
9144,478
9144,606
9144,655
9148,733
9149,699
9154,681
9154,270
9157,643
9161,240
9161,708
9161,577
9162,568
9163,715
9165,489
9168,688
9169,757
9170,552
9170,624
9173,332
9176,684
9176,690
9179,595
9180,487
9185,738
9187,745
9187,749
9188,581
9190,736
9191,364
9191,358
9192,505
9195,675
9197,486
9198,682
9199,724
9201,747
9207,754
9211,579
9213,629
9215,396
9215,311
9220,757
9221,756
9222,579
9222,757
9223,609
9223,683
9225,503
9227,648
9229,751
9229,708
9230,712
9237,734
9237,747
9237,720
9241,611
9242,742
9242,751
9244,539
9245,710
9246,748
9246,738
9247,517
9249,693
9250,736
9251,751
9253,724
9254,574
9255,366
9257,652
9258,718
9259,651
9259,648
9260,597
9262,744
9263,696
9263,689
9263,684
9265,254
9265,558
9266,748
9267,656
9271,678
9273,489
9273,470
9274,700
9275,749
9275,573
9276,661
9276,683
9276,728
9277,603
9278,740
9279,661
9279,678
9279,673
9280,532
9280,148
9280,226
9285,733
9285,674
9286,690
9286,752
9286,629
9291,726
9291,725
9297,647
9297,711
9297,649
9300,637
9300,466
9300,581
9306,756
9308,649
9309,659
9310,543
9311,547
9311,696
9313,748
9314,756
9316,152
9317,733
9318,746
9319,701
9324,561
9325,686
9328,604
9328,706
9328,633
9329,595
9331,714
9333,628
9333,558
9334,511
9336,688
9336,721
9337,756
9339,729
9339,756
9342,286
9346,714
9346,690
9346,673
9351,546
9353,433
9353,515
9353,410
9354,466
9356,654
9358,182
9358,333
9360,230
9361,508
9362,680
9364,425
9366,552
9372,657
9372,687
9374,686
9376,220
9376,519
9376,621
9378,757
9379,668
9380,524
9382,526
9382,553
9382,518
9384,636
9386,474
9388,694
9389,276
9391,406
9400,729
9401,639
9401,731
9402,749
9402,749
9404,566
9404,744
9405,739
9406,690
9406,699
9406,680
9408,532
9409,754
9417,753
9417,673
9417,727
9418,610
9418,755
9419,663
9420,347
9420,720
9420,246
9423,735
9424,374
9425,458
9427,334
9430,517
9430,562
9430,637
9431,735
9433,757
9434,750
9435,605
9435,474
9439,733
9440,750
9440,707
9443,627
9444,552
9445,661
9447,391
9447,611
9447,228
9447,536
9452,726
9453,692
9454,576
9454,631
9455,740
9455,589
9455,735
9456,609
9457,731
9459,705
9460,709
9460,712
9461,556
9462,726
9472,630
9475,608
9476,487
9477,586
9481,658
9482,131
9483,405
9483,246
9484,584
9489,683
9489,604
9489,720
9493,273
9498,554
9498,594
9499,607
9501,528
9505,608
9505,284
9505,619
9506,643
9506,701
9507,695
9509,459
9509,545
9510,526
9510,674
9510,619
9515,698
9516,529
9519,680
9523,617
9523,584
9523,474
9525,691
9525,757
9528,644
9529,540
9534,304
9537,628
9537,664
9539,533
9542,664
9544,537
9545,350
9547,531
9548,743
9548,421
9548,672
9549,85
9550,501
9550,382
9552,662
9558,632
9565,749
9567,529
9573,627
9577,493
9577,321
9578,468
9585,691
9587,726
9587,610
9588,645
9589,586
9590,607
9591,577
9591,412
9591,679
9592,347
9592,324
9592,568
9597,741
9600,740
9601,541
9603,703
9604,523
9604,490
9604,541
9605,753
9613,460
9614,715
9614,723
9621,667
9621,669
9622,688
9623,357
9624,164
9624,204
9624,288
9628,560
9630,528
9631,752
9631,753
9632,493
9632,474
9633,322
9635,526
9636,628
9637,477
9637,354
9641,668
9642,567
9645,703
9645,708
9645,654
9646,576
9648,738
9648,751
9649,611
9649,720
9649,595
9650,724
9652,158
9652,612
9652,364
9652,527
9653,738
9653,755
9654,696
9656,665
9657,675
9659,473
9659,473
9661,672
9665,277
9665,707
9666,668
9668,719
9669,734
9671,729
9671,699
9673,466
9674,704
9676,754
9676,681
9677,746
9677,735
9677,700
9678,701
9681,736
9682,622
9687,756
9689,757
9690,404
9691,718
9691,740
9692,652
9693,734
9693,697
9694,657
9696,687
9697,718
9699,392
9700,659
9700,639
9701,479
9703,734
9703,722
9704,725
9705,750
9705,637
9706,248
9708,440
9710,755
9711,724
9713,435
9714,617
9715,669
9715,694
9715,653
9720,690
9723,744
9724,409
9724,626
9724,610
9725,548
9725,536
9726,646
9728,230
9731,707
9734,755
9734,744
9737,522
9738,607
9740,702
9741,735
9743,399
9743,451
9744,720
9744,546
9749,757
9749,756
9750,650
9750,481
9751,719
9751,709
9754,677
9757,620
9758,655
9761,734
9761,745
9762,737
9763,586
9764,630
9765,396
9765,80
9766,677
9767,461
9767,653
9768,710
9770,662
9770,497
9770,569
9771,434
9773,750
9773,757
9773,636
9774,576
9776,677
9776,133
9778,640
9779,660
9779,484
9784,565
9784,471
9785,710
9788,685
9789,745
9789,122
9791,757
9792,510
9795,736
9795,563
9796,500
9797,291
9799,688
9801,525
9801,688
9802,740
9802,744
9804,584
9807,736
9808,640
9808,756
9810,651
9811,585
9811,704
9814,545
9815,669
9815,620
9816,741
9817,666
9819,731
9820,656
9823,727
9826,747
9827,474
9828,743
9829,728
9830,676
9831,510
9832,738
9835,737
9836,529
9837,608
9838,650
9843,450
9844,514
9849,443
9851,508
9852,344
9856,651
9858,577
9858,741
9858,698
9858,551
9859,612
9861,427
9861,392
9861,417
9863,168
9863,659
9864,526
9868,397
9868,636
9868,609
9869,173
9869,498
9869,575
9870,677
9870,691
9873,655
9873,548
9875,684
9877,523
9881,741
9883,728
9883,742
9883,752
9885,631
9886,365
9887,622
9887,717
9888,638
9889,492
9889,665
9891,184
9893,705
9894,739
9897,399
9899,289
9901,562
9905,751
9908,690
9910,705
9910,697
9912,452
9913,757
9914,633
9914,593
9917,322
9919,687
9919,637
9923,704
9925,748
9925,733
9926,604
9927,754
9927,677
9930,553
9932,743
9940,679
9941,741
9948,757
9955,679
9961,717
9961,745
9964,635
9965,607
9965,358
9965,537
9965,554
9965,229
9966,77
9966,184
9966,312
9967,451
9967,299
9972,334
9973,474
9974,478
9974,749
9975,756
9976,540
9977,735
9978,437
9978,721
9979,381
9979,350
9985,743
9986,651
9986,718
9989,664
9989,718
9989,702
9991,710
9991,636
9993,615
9997,580
10003,651
10004,731
10005,752
10007,724
10012,757
10014,554
10014,585
10019,697
10021,515
10027,726
10027,504
10033,542
10036,738
10036,479
10037,687
10041,340
10042,745
10042,731
10042,737
10042,707
10043,682
10044,741
10050,739
10051,680
10058,726
10059,577
10059,675
10061,612
10062,252
10062,236
10063,586
10063,703
10063,565
10065,741
10066,743
10066,733
10067,439
10067,649
10067,345
10072,679
10075,588
10076,599
10076,743
10076,720
10078,632
10079,671
10079,682
10079,737
10080,654
10080,704
10081,416
10082,694
10083,733
10083,661
10083,661
10083,731
10085,712
10085,730
10088,736
10088,657
10091,618
10091,755
10091,636
10091,610
10093,734
10099,423
10099,200
10100,550
10101,554
10102,608
10102,696
10103,485
10103,601
10104,643
10105,491
10107,326
10107,615
10108,612
10109,756
10110,447
10111,440
10111,425
10112,608
10113,740
10115,576
10116,754
10117,259
10118,529
10118,518
10119,602
10120,632
10121,649
10121,755
10124,597
10126,637
10126,531
10127,731
10129,740
10129,732
10129,627
10132,734
10132,724
10135,160
10135,303
10135,502
10136,748
10137,306
10139,587
10139,646
10142,427
10144,689
10147,470
10148,618
10149,606
10150,421
10151,755
10153,604
10153,596
10157,684
10158,661
10158,750
10159,455
10162,600
10162,623
10163,381
10164,705
10166,300
10167,441
10171,749
10171,714
10172,756
10176,698
10177,578
10177,138
10181,644
10185,696
10185,674
10186,518
10187,729
10187,708
10189,571
10193,748
10194,435
10194,665
10194,576
10195,625
10195,586
10196,596
10196,652
10200,724
10200,749
10200,740
10200,741
10202,647
10202,642
10204,506
10205,643
10211,653
10211,514
10211,732
10211,297
10211,489
10211,318
10212,190
10213,456
10213,432
10217,460
10218,526
10219,421
10222,675
10225,88
10227,755
10229,396
10229,619
10229,598
10230,398
10231,660
10234,601
10235,711
10235,704
10236,752
10238,455
10240,599
10240,733
10254,655
10255,253
10255,349
10256,743
10257,617
10257,729
10260,265
10266,543
10266,571
10266,535
10267,715
10269,744
10269,714
10270,672
10274,730
10275,742
10275,683
10276,752
10276,757
10279,687
10283,477
10283,427
10285,723
10285,745
10288,681
10289,416
10290,445
10292,401
10294,592
10294,229
10295,604
10295,699
10296,570
10297,619
10298,634
10298,596
10299,731
10300,629
10300,312
10302,714
10303,578
10303,690
10304,321
10306,696
10306,664
10308,649
10309,713
10309,640
10312,712
10315,753
10320,363
10321,578
10323,754
10324,755
10325,462
10329,685
10332,746
10332,753
10336,431
10336,676
10339,754
10345,652
10348,678
10349,619
10349,416
10349,432
10350,753
10352,217
10357,565
10357,475
10358,727
10361,748
10366,647
10366,668
10367,672
10370,442
10372,465
10373,649
10377,510
10377,680
10378,624
10379,547
10380,732
10382,430
10382,669
10382,358
10383,718
10389,652
10389,611
10389,724
10391,735
10392,429
10399,709
10400,463
10401,689
10408,746
10408,693
10410,365
10413,751
10413,644
10413,742
10413,692
10416,109
10416,177
10417,660
10418,596
10419,592
10423,740
10426,693
10427,615
10428,751
10429,628
10431,734
10432,696
10432,754
10436,300
10436,583
10438,522
10443,732
10443,183
10444,535
10446,613
10447,523
10447,555
10451,701
10454,692
10454,709
10455,754
10455,731
10456,710
10456,728
10456,711
10457,583
10462,664
10462,728
10463,560
10463,597
10463,728
10464,556
10466,749
10466,749
10466,672
10470,644
10471,681
10471,748
10471,637
10471,697
10474,672
10474,184
10475,754
10480,350
10481,721
10482,570
10482,649
10486,750
10488,654
10488,705
10488,731
10489,751
10489,366
10492,743
10495,623
10495,465
10496,534
10496,651
10497,745
10500,746
10503,607
10505,745
10507,723
10509,652
10512,757
10514,598
10514,733
10515,686
10518,750
10519,708
10519,689
10520,754
10521,686
10521,638
10524,735
10524,739
10525,732
10525,743
10526,594
10526,695
10527,452
10527,174
10528,633
10529,286
10530,631
10536,736
10537,694
10537,647
10537,156
10538,640
10538,572
10538,554
10541,692
10542,477
10542,376
10543,383
10545,696
10545,690
10545,660
10547,714
10547,670
10549,543
10550,711
10556,670
10558,591
10560,649
10560,659
10562,465
10564,540
10565,602
10565,516
10565,699
10566,537
10567,368
10567,396
10568,704
10569,717
10571,673
10573,621
10573,631
10573,563
10574,598
10574,749
10579,597
10580,661
10582,676
10585,743
10585,634
10587,652
10593,705
10593,564
10594,497
10595,656
10597,751
10599,741
10602,750
10602,718
10604,743
10606,579
10608,724
10611,714
10618,586
10618,663
10618,637
10621,533
10621,392
10621,245
10623,571
10624,583
10624,725
10626,716
10629,175
10630,750
10630,645
10632,738
10632,619
10632,552
10635,687
10639,703
10641,543
10642,753
10643,687
10648,340
10648,196
10651,555
10651,671
10651,499
10652,757
10652,757
10652,757
10653,454
10654,518
10655,679
10656,509
10656,573
10658,531
10659,589
10664,676
10665,139
10666,702
10667,736
10668,717
10670,383
10670,328
10670,304
10671,596
10672,756
10673,656
10673,502
10675,746
10675,757
10676,748
10677,675
10678,494
10678,557
10680,738
10681,578
10681,346
10684,736
10684,743
10684,715
10687,747
10687,659
10688,347
10688,439
10689,757
10689,672
10691,500
10691,623
10692,438
10697,708
10697,458
10699,720
10700,679
10704,716
10705,667
10706,655
10707,335
10708,594
10709,674
10709,529
10711,279
10713,731
10715,662
10716,706
10716,605
10721,757
10722,756
10723,39
10726,220
10728,659
10732,508
10733,756
10733,756
10736,657
10736,448
10736,553
10736,685
10737,484
10741,530
10742,742
10743,667
10744,556
10745,347
10748,699
10749,707
10750,638
10752,569
10753,590
10753,526
10755,685
10756,754
10757,733
10758,350
10759,607
10759,703
10765,652
10769,421
10771,688
10771,405
10774,704
10774,733
10776,674
10777,687
10778,648
10778,642
10783,335
10789,620
10790,707
10791,174
10791,409
10794,429
10802,747
10802,755
10802,757
10806,702
10807,451
10807,718
10809,725
10809,478
10810,644
10813,726
10813,504
10814,691
10816,464
10818,742
10818,694
10821,669
10822,365
10822,233
10822,223
10825,724
10825,713
10832,731
10833,447
10834,681
10837,609
10838,699
10840,403
10845,540
10848,443
10848,260
10848,450
10855,755
10857,547
10860,703
10860,710
10862,596
10863,644
10863,731
10864,704
10864,638
10864,483
10866,701
10869,710
10874,547
10876,515
10878,675
10879,491
10888,648
10890,466
10892,713
10894,753
10895,674
10895,599
10900,709
10901,742
10902,754
10902,717
10902,660
10904,588
10908,417
10914,596
10914,486
10915,644
10916,667
10916,683
10916,715
10918,731
10919,376
10919,581
10920,718
10922,535
10928,542
10929,620
10932,754
10932,655
10933,301
10934,742
10935,332
10937,499
10937,677
10938,517
10939,619
10940,659
10940,555
10943,743
10950,604
10952,739
10953,548
10959,184
10960,665
10960,639
10962,596
10962,729
10965,743
10966,681
10966,271
10967,631
10970,644
10971,292
10971,167
10971,458
10971,590
10972,732
10973,578
10976,640
10978,685
10978,730
10979,156
10981,584
10981,703
10985,499
10986,585
10986,556
10987,599
10989,546
10989,32
10991,622
10993,746
10997,744
10998,567
10998,594
10999,626
11002,728
11003,547
11003,452
11003,592
11003,664
11008,738
11012,747
11015,256
11015,689
11016,480
11016,473
11017,752
11020,666
11022,436
11026,694
11031,730
11032,630
11033,516
11033,318
11036,543
11036,634
11037,560
11037,684
11037,692
11039,283
11040,558
11040,313
11040,602
11042,615
11042,736
11042,658
11043,478
11044,89
11044,164
11045,579
11046,757
11048,396
11048,675
11050,679
11051,734
11053,552
11058,654
11058,650
11059,433
11059,630
11061,637
11062,296
11063,456
11064,519
11064,639
11066,642
11066,408
11066,575
11066,524
11066,746
11070,717
11070,752
11073,735
11074,296
11074,440
11077,684
11077,751
11079,704
11080,743
11082,659
11082,721
11083,610
11083,596
11093,369
11094,620
11095,426
11095,739
11097,722
11097,677
11102,366
11102,337
11102,337
11104,753
11104,742
11107,604
11107,445
11107,623
11107,545
11107,502
11109,757
11112,713
11112,752
11114,421
11116,749
11118,522
11128,313
11128,409
11128,497
11129,752
11130,600
11133,325
11136,626
11137,318
11137,669
11137,472
11138,719
11139,451
11140,756
11142,717
11143,639
11144,533
11145,698
11146,710
11146,715
11146,731
11147,741
11148,631
11150,277
11150,285
11151,752
11151,748
11151,751
11152,621
11155,678
11155,738
11155,562
11157,573
11159,397
11159,639
11160,746
11160,716
11160,742
11162,613
11167,635
11168,257
11168,501
11169,226
11171,687
11172,415
11174,460
11174,553
11174,700
11175,692
11176,407
11186,741
11188,610
11190,715
11193,621
11196,738
11197,748
11201,755
11201,750
11201,745
11202,554
11205,225
11207,723
11207,752
11208,696
11208,483
11208,510
11209,751
11212,433
11212,533
11213,421
11215,690
11216,754
11219,754
11219,757
11219,754
11221,504
11230,239
11230,307
11230,445
11235,686
11237,647
11238,176
11239,735
11239,744
11239,227
11241,744
11241,684
11242,751
11244,593
11244,461
11245,439
11248,703
11251,614
11253,625
11258,695
11261,714
11263,243
11265,591
11267,727
11270,738
11270,134
11270,129
11272,743
11272,675
11272,708
11273,685
11278,756
11281,548
11284,693
11288,670
11291,652
11291,654
11292,748
11293,501
11297,410
11298,674
11298,120
11299,392
11300,660
11302,725
11303,611
11305,130
11308,375
11313,742
11313,752
11313,586
11314,643
11314,634
11314,471
11314,555
11317,659
11318,327
11319,751
11319,736
11321,512
11321,144
11324,753
11328,719
11331,704
11331,717
11332,578
11343,752
11343,240
11345,288
11345,688
11349,729
11350,450
11350,729
11351,508
11351,658
11354,752
11361,755
11362,607
11364,219
11367,741
11372,699
11372,740
11372,475
11373,667
11373,719
11374,755
11374,752
11375,645
11382,754
11384,757
11385,408
11385,379
11385,401
11386,749
11387,729
11391,469
11392,631
11393,756
11393,756
11393,756
11396,748
11396,641
11397,435
11398,611
11400,591
11402,724
11402,605
11403,441
11407,172
11409,671
11409,682
11409,621
11410,726
11411,198
11414,749
11415,229
11418,653
11418,618
11418,673
11419,266
11419,440
11419,556
11420,627
11421,288
11423,724
11425,697
11426,740
11426,748
11427,394
11429,729
11432,735
11435,756
11437,652
11438,727
11442,746
11442,552
11445,725
11448,575
11449,349
11450,682
11452,684
11452,665
11452,665
11454,733
11455,623
11457,411
11457,431
11457,622
11457,745
11459,679
11460,688
11467,725
11470,667
11470,671
11470,688
11473,662
11475,565
11476,354
11479,144
11482,608
11483,310
11484,699
11485,635
11485,601
11487,555
11491,343
11491,307
11493,732
11494,424
11494,462
11497,456
11497,526
11498,437
11501,725
11502,532
11502,754
11503,551
11503,552
11504,661
11505,656
11505,672
11505,699
11506,740
11507,757
11511,409
11512,377
11515,587
11515,577
11522,621
11522,524
11524,673
11526,712
11528,613
11529,713
11531,541
11531,369
11531,357
11531,550
11532,750
11538,750
11544,643
11545,730
11548,722
11548,566
11552,757
11553,587
11554,605
11559,687
11559,749
11562,652
11565,630
11566,691
11572,594
11574,334
11575,549
11577,683
11578,723
11578,749
11580,103
11582,544
11584,714
11587,673
11588,256
11589,642
11590,485
11591,702
11591,752
11591,722
11591,710
11592,527
11592,665
11593,335
11596,680
11598,405
11598,461
11599,411
11601,662
11602,163
11604,746
11606,661
11606,700
11606,680
11608,519
11608,330
11611,338
11612,535
11613,141
11614,661
11615,504
11616,447
11618,667
11618,529
11624,754
11624,756
11626,749
11629,717
11629,735
11631,646
11635,149
11636,673
11636,652
11636,704
11638,513
11642,684
11642,389
11643,636
11644,620
11644,736
11645,329
11646,736
11650,558
11650,533
11652,747
11653,554
11653,755
11654,728
11654,745
11656,663
11656,447
11657,594
11662,724
11662,633
11666,699
11669,708
11670,417
11671,745
11674,721
11674,713
11675,528
11678,693
11678,532
11679,723
11681,374
11681,417
11685,297
11685,505
11686,723
11686,726
11688,321
11690,579
11691,303
11697,517
11699,708
11700,649
11700,482
11703,698
11703,689
11705,97
11707,646
11712,617
11712,681
11713,489
11715,549
11715,419
11717,725
11719,718
11719,183
11722,753
11724,738
11727,679
11728,655
11728,592
11729,634
11732,739
11733,556
11733,485
11734,593
11735,730
11736,645
11736,645
11738,207
11739,329
11740,727
11743,728
11744,573
11744,710
11744,749
11745,757
11746,471
11748,747
11749,713
11751,465
11752,707
11752,301
11754,508
11757,451
11759,719
11760,510
11760,699
11765,508
11766,699
11770,756
11770,622
11770,616
11771,734
11772,725
11775,744
11777,514
11777,446
11777,404
11778,754
11778,706
11781,737
11781,740
11782,619
11785,683
11785,698
11789,668
11791,664
11792,717
11794,733
11798,711
11799,258
11799,263
11799,734
11800,625
11800,754
11800,736
11801,694
11803,687
11804,559
11807,721
11807,744
11809,621
11810,624
11811,568
11812,681
11814,488
11815,629
11815,727
11822,710
11822,501
11822,573
11823,738
11824,465
11825,706
11826,722
11826,558
11831,729
11833,485
11834,729
11834,748
11840,693
11840,744
11841,90
11842,645
11843,130
11844,426
11846,685
11847,482
11848,595
11849,245
11849,631
11854,668
11854,623
11854,641
11857,717
11858,282
11858,165
11859,692
11862,751
11862,690
11862,751
11864,750
11865,370
11866,660
11867,682
11867,591
11869,744
11872,679
11873,431
11873,202
11874,434
11874,356
11875,693
11876,742
11876,736
11877,525
11880,585
11880,686
11881,342
11881,709
11882,738
11883,496
11886,316
11887,459
11889,738
11891,693
11892,682
11895,421
11898,708
11900,674
11903,369
11903,124
11904,551
11904,641
11904,503
11905,727
11906,433
11909,703
11910,752
11912,508
11912,621
11920,578
11922,679
11922,719
11925,749
11926,733
11929,690
11930,447
11930,688
11931,539
11934,670
11934,639
11936,711
11937,554
11941,681
11941,743
11942,728
11945,678
11949,730
11952,196
11953,723
11955,736
11956,710
11957,745
11958,628
11969,673
11970,684
11975,670
11976,734
11976,741
11976,756
11979,745
11979,535
11979,520
11980,627
11981,680
11983,502
11987,595
11988,442
11989,717
11997,748
11998,638
11998,509
12000,639
12001,722
12001,757
12003,738
12004,614
12005,648
12006,612
12008,721
12008,750
12009,699
12009,701
12009,726
12016,432
12017,727
12017,564
12018,540
12019,753
12022,597
12023,632
12023,627
12025,740
12025,736
12027,517
12029,466
12029,522
12029,676
12032,677
12034,600
12035,693
12036,648
12040,718
12041,136
12041,622
12048,654
12050,631
12050,335
12051,706
12053,655
12054,606
12057,463
12059,460
12060,647
12060,741
12062,696
12062,737
12062,655
12063,629
12064,722
12064,680
12067,547
12068,598
12069,640
12072,710
12079,721
12081,350
12084,491
12086,412
12087,702
12089,745
12089,740
12090,714
12090,716
12090,674
12093,77
12097,710
12097,721
12108,742
12110,617
12112,608
12112,405
12113,406
12113,163
12114,686
12115,645
12122,737
12122,700
12123,526
12125,698
12126,285
12126,275
12129,750
12129,744
12129,742
12132,435
12132,668
12133,537
12134,722
12134,751
12136,756
12136,752
12137,729
12138,748
12140,700
12141,449
12143,300
12143,576
12143,208
12144,687
12146,705
12147,662
12148,491
12151,755
12152,675
12154,528
12157,519
12157,708
12157,658
12158,331
12159,715
12160,654
12165,496
12165,565
12166,534
12166,607
12168,302
12169,624
12170,729
12172,586
12175,719
12179,708
12179,755
12180,524
12182,666
12183,462
12187,715
12189,333
12189,568
12190,706
12190,745
12191,650
12192,439
12192,688
12192,459
12196,534
12198,610
12200,679
12201,211
12201,258
12202,741
12202,566
12203,714
12205,720
12206,682
12206,299
12208,614
12209,594
12212,671
12212,592
12212,659
12215,612
12217,741
12217,751
12218,500
12221,756
12221,741
12223,634
12224,251
12226,473
12226,564
12227,708
12227,379
12228,412
12229,595
12230,737
12233,744
12233,708
12233,734
12236,601
12236,692
12237,643
12238,702
12238,755
12238,729
12238,754
12238,752
12239,492
12239,574
12239,692
12240,473
12240,525
12240,606
12241,529
12241,589
12242,525
12244,743
12245,744
12247,641
12251,661
12253,438
12253,689
12253,476
12254,567
12254,611
12256,521
12257,494
12258,739
12258,606
12260,754
12262,688
12266,157
12267,715
12272,659
12272,715
12272,623
12274,369
12275,752
12275,733
12275,720
12276,490
12277,440
12277,522
12277,352
12279,719
12280,346
12280,332
12283,625
12284,474
12284,729
12284,675
12285,657
12286,466
12287,377
12290,606
12293,400
12293,198
12294,732
12295,98
12296,748
12302,320
12304,645
12304,491
12305,722
12308,755
12308,545
12309,688
12313,741
12313,713
12316,663
12316,751
12319,678
12320,683
12325,714
12325,750
12329,329
12333,753
12333,497
12335,526
12336,757
12337,756
12338,516
12338,293
12340,386
12343,725
12344,673
12344,701
12346,632
12347,710
12347,401
12349,732
12351,753
12351,755
12355,676
12356,756
12356,550
12357,606
12357,738
12359,670
12374,711
12375,497
12377,742
12380,200
12380,196
12384,698
12384,250
12385,662
12387,570
12388,752
12388,625
12388,611
12388,637
12389,668
12397,346
12398,554
12400,684
12400,627
12401,532
12401,591
12401,699
12403,612
12404,523
12406,719
12408,339
12409,711
12415,582
12415,681
12416,740
12418,539
12424,689
12426,583
12428,720
12432,384
12432,457
12432,637
12439,687
12439,665
12441,562
12443,745
12445,524
12445,542
12447,446
12448,655
12453,713
12453,501
12457,669
12459,641
12461,700
12465,620
12466,725
12466,724
12469,722
12469,724
12469,737
12472,657
12472,713
12473,741
12473,471
12473,89
12473,470
12474,631
12474,623
12478,608
12478,716
12480,710
12482,491
12483,708
12484,563
12484,338
12485,725
12485,684
12485,693
12485,690
12488,754
12490,732
12492,733
12494,363
12495,330
12495,686
12495,374
12497,651
12497,731
12498,640
12499,531
12499,456
12499,666
12499,710
12500,750
12501,300
12502,646
12505,657
12505,722
12506,360
12508,661
12517,530
12517,631
12518,703
12519,725
12525,670
12526,742
12535,754
12537,556
12538,423
12538,611
12540,733
12540,740
12541,732
12542,560
12546,333
12551,644
12552,555
12552,639
12553,741
12556,705
12556,695
12556,673
12556,650
12557,557
12560,145
12563,624
12564,385
12569,626
12575,469
12575,555
12576,676
12576,714
12577,475
12578,649
12580,517
12582,664
12582,139
12583,494
12583,360
12583,358
12584,385
12585,626
12586,727
12586,753
12586,754
12588,433
12588,417
12590,749
12593,533
12594,396
12595,635
12595,734
12595,751
12596,373
12598,731
12598,708
12599,757
12600,679
12601,514
12602,682
12602,673
12604,693
12606,374
12606,151
12609,659
12613,596
12613,756
12614,404
12615,735
12615,680
12616,463
12618,455
12619,482
12619,709
12619,485
12625,322
12626,746
12626,707
12627,696
12629,705
12630,718
12630,457
12630,646
12633,750
12633,743
12634,687
12635,574
12638,605
12641,680
12642,188
12643,492
12644,572
12646,680
12646,698
12646,698
12649,720
12650,747
12651,586
12651,436
12651,506
12651,755
12653,746
12653,702
12655,686
12657,727
12658,447
12661,500
12661,594
12662,557
12666,118
12667,489
12667,744
12668,247
12672,369
12672,291
12672,309
12674,615
12674,618
12676,602
12677,571
12678,757
12679,713
12683,449
12687,646
12688,725
12692,426
12693,188
12694,537
12694,362
12696,539
12697,703
12697,632
12697,651
12701,419
12706,754
12711,366
12712,396
12715,519
12716,577
12718,661
12722,581
12722,419
12725,635
12726,403
12726,135
12726,425
12729,721
12730,499
12731,634
12734,614
12735,693
12735,618
12735,636
12738,749
12738,368
12738,610
12738,413
12741,752
12742,552
12745,714
12745,738
12746,742
12746,528
12746,475
12748,281
12749,672
12749,502
12750,705
12753,690
12755,730
12758,682
12760,748
12760,756
12764,522
12766,646
12771,743
12771,683
12772,706
12773,704
12775,741
12775,616
12777,444
12780,706
12787,683
12788,724
12789,641
12789,467
12796,691
12796,749
12798,747
12806,718
12806,650
12810,675
12811,756
12815,697
12816,646
12817,362
12818,597
12818,580
12819,726
12819,755
12820,757
12822,450
12825,586
12827,494
12827,430
12828,506
12830,564
12830,556
12832,456
12833,740
12833,708
12836,754
12838,603
12838,675
12838,589
12840,363
12852,701
12852,725
12855,738
12856,752
12856,718
12859,701
12859,625
12863,696
12863,618
12873,695
12873,645
12873,750
12876,749
12876,751
12877,643
12877,717
12877,523
12877,551
12880,672
12883,564
12883,701
12885,474
12885,408
12886,721
12889,717
12892,620
12893,261
12893,346
12893,327
12896,645
12896,738
12897,635
12897,529
12899,743
12900,727
12900,444
12901,723
12902,684
12902,529
12904,566
12904,613
12905,744
12905,488
12906,548
12906,719
12907,531
12910,622
12911,677
12914,288
12914,110
12914,159
12916,711
12918,628
12918,661
12919,711
12919,686
12920,751
12922,639
12922,606
12924,718
12924,248
12924,267
12925,622
12927,516
12930,625
12935,612
12936,741
12936,740
12937,682
12939,733
12940,657
12941,599
12941,610
12942,282
12943,415
12944,477
12944,602
12944,437
12946,747
12947,322
12955,722
12960,749
12966,645
12968,686
12973,521
12975,754
12975,752
12976,564
12977,705
12982,683
12988,701
12988,709
12989,715
12992,602
12993,708
12994,727
12994,408
12994,542
12996,631
12997,731
12997,756
12997,742
13001,512
13001,679
13002,722
13003,677
13003,749
13005,513
13007,712
13011,640
13015,732
13015,437
13022,499
13031,705
13036,631
13037,704
13038,489
13041,751
13042,473
13042,292
13044,749
13046,729
13046,688
13049,436
13050,641
13051,171
13051,757
13052,435
13055,726
13055,667
13056,575
13056,367
13061,691
13062,433
13066,328
13067,582
13067,547
13067,607
13068,653
13069,736
13070,678
13074,748
13077,557
13079,348
13082,647
13085,692
13086,726
13086,729
13087,190
13087,754
13089,582
13090,713
13091,703
13092,587
13093,452
13093,183
13094,364
13095,627
13098,581
13099,435
13100,438
13101,536
13101,396
13102,617
13104,732
13106,594
13107,598
13107,715
13107,686
13107,587
13110,726
13113,694
13114,682
13116,726
13117,701
13120,668
13121,733
13121,592
13122,740
13130,575
13130,582
13130,317
13133,723
13134,757
13135,704
13141,705
13143,644
13144,711
13145,431
13145,742
13147,757
13149,749
13153,588
13153,753
13154,679
13156,643
13157,703
13157,729
13160,695
13162,612
13162,709
13162,655
13166,670
13168,638
13171,706
13172,696
13173,746
13173,748
13176,755
13179,724
13181,668
13182,334
13182,366
13183,233
13184,745
13185,702
13185,732
13187,667
13187,673
13189,508
13189,684
13192,538
13194,727
13194,677
13196,633
13197,121
13198,555
13198,438
13198,435
13200,757
13201,744
13202,706
13204,306
13205,705
13206,753
13206,671
13207,751
13208,699
13209,640
13210,544
13210,230
13211,248
13212,739
13213,204
13214,704
13217,743
13217,746
13218,450
13218,364
13218,343
13222,502
13223,757
13223,721
13224,740
13226,244
13229,397
13233,639
13238,656
13242,648
13248,705
13249,417
13249,643
13249,110
13250,752
13251,676
13252,524
13255,751
13258,291
13260,704
13265,729
13273,376
13275,448
13275,644
13277,742
13278,676
13278,604
13280,701
13282,749
13286,671
13288,698
13291,411
13292,747
13293,755
13296,512
13296,705
13300,560
13301,647
13304,687
13309,688
13309,712
13310,595
13315,426
13317,612
13319,655
13324,532
13324,745
13325,696
13329,749
13330,752
13331,734
13331,699
13336,502
13338,384
13339,612
13340,607
13340,663
13341,379
13341,712
13343,710
13343,644
13347,362
13352,680
13355,543
13357,365
13357,423
13358,757
13358,756
13363,608
13363,410
13364,662
13364,726
13364,403
13365,694
13365,707
13367,318
13368,756
13370,712
13371,715
13376,417
13376,439
13380,191
13380,526
13381,592
13381,678
13382,737
13382,713
13384,713
13388,720
13391,406
13394,571
13396,259
13396,393
13397,164
13400,678
13403,383
13403,702
13404,522
13404,516
13404,442
13404,703
13413,590
13415,756
13415,756
13420,642
13423,343
13424,736
13425,745
13426,574
13430,696
13433,306
13433,217
13435,435
13437,497
13437,617
13438,724
13439,597
13440,468
13440,651
13441,675
13444,357
13445,523
13447,736
13447,752
13448,721
13448,744
13449,166
13449,226
13449,195
13450,537
13450,675
13454,356
13455,537
13457,667
13458,236
13460,536
13461,393
13462,283
13465,657
13465,560
13466,553
13468,594
13473,580
13474,752
13475,350
13478,657
13478,531
13480,372
13481,191
13482,698
13484,249
13485,750
13487,603
13488,626
13489,327
13489,531
13490,560
13491,395
13493,736
13494,654
13495,715
13496,654
13496,670
13497,528
13497,580
13497,432
13499,359
13502,705
13504,645
13504,520
13512,435
13512,581
13513,409
13515,602
13516,648
13518,612
13521,728
13524,689
13527,657
13529,636
13531,597
13531,539
13533,747
13537,481
13538,657
13543,746
13544,708
13544,461
13549,658
13550,750
13554,718
13556,748
13559,685
13560,644
13560,703
13562,669
13562,359
13569,753
13571,710
13575,740
13576,665
13576,650
13576,717
13578,480
13579,594
13583,521
13584,747
13584,719
13585,425
13586,614
13586,546
13587,704
13589,492
13595,592
13597,534
13600,684
13600,544
13602,598
13602,460
13602,449
13602,524
13603,757
13608,669
13610,551
13611,651
13612,737
13612,581
13612,697
13613,731
13614,532
13615,574
13619,517
13622,716
13622,541
13624,565
13626,671
13627,743
13630,703
13631,550
13631,743
13632,718
13632,589
13633,684
13636,707
13638,519
13638,632
13642,247
13646,751
13646,188
13648,663
13649,554
13653,716
13653,755
13654,718
13655,441
13655,574
13657,727
13657,728
13660,724
13661,631
13663,582
13664,728
13664,746
13665,733
13666,553
13666,687
13667,576
13672,516
13674,536
13676,578
13676,649
13678,545
13679,737
13682,734
13683,750
13683,751
13687,601
13687,564
13688,459
13692,398
13695,697
13696,693
13697,651
13698,736
13698,736
13699,269
13702,440
13702,456
13704,714
13704,730
13705,726
13706,579
13707,478
13708,397
13712,526
13716,332
13716,491
13718,613
13718,619
13719,697
13719,623
13720,720
13720,753
13721,525
13726,739
13731,336
13738,608
13738,731
13739,724
13741,563
13741,667
13741,743
13742,635
13743,571
13746,641
13746,475
13750,460
13752,517
13754,750
13758,483
13760,451
13760,476
13765,689
13766,265
13766,549
13766,630
13769,461
13769,624
13769,524
13773,749
13774,741
13774,737
13778,729
13779,581
13780,446
13780,639
13783,743
13788,756
13788,721
13788,644
13797,683
13800,709
13800,735
13801,715
13802,655
13806,741
13806,752
13813,612
13817,209
13820,530
13820,719
13820,529
13820,574
13822,709
13823,756
13829,655
13831,321
13831,510
13831,623
13834,716
13840,536
13841,576
13842,717
13842,364
13843,614
13845,746
13848,656
13848,685
13854,497
13854,716
13857,560
13860,655
13864,662
13870,711
13871,455
13872,598
13874,575
13879,364
13880,615
13880,664
13881,518
13881,386
13881,432
13883,568
13893,436
13893,451
13898,709
13901,451
13905,688
13905,584
13907,747
13907,631
13908,584
13908,729
13915,491
13915,360
13916,488
13916,521
13918,742
13918,749
13919,707
13921,728
13922,523
13923,694
13927,579
13931,478
13934,307
13935,89
13935,90
13941,733
13945,647
13947,757
13951,751
13952,440
13953,599
13953,610
13954,742
13957,747
13957,734
13959,320
13960,716
13962,620
13963,537
13963,497
13963,529
13964,639
13965,701
13966,602
13967,479
13970,507
13971,601
13973,665
13973,555
13974,728
13976,447
13979,607
13980,570
13980,679
13980,460
13981,723
13982,603
13983,228
13986,664
13990,740
13994,740
13995,321
13995,490
13996,624
13996,476
13998,549
13999,463
14006,702
14006,698
14013,500
14013,528
14014,616
14019,672
14019,316
14019,453
14021,691
14024,269
14028,663
14029,714
14032,558
14032,537
14034,293
14035,656
14035,724
14036,700
14037,739
14040,446
14043,234
14044,576
14045,372
14047,708
14048,258
14050,666
14050,719
14056,718
14057,728
14058,755
14058,723
14059,544
14061,720
14061,722
14062,587
14062,724
14063,271
14064,745
14064,680
14065,534
14065,719
14067,522
14070,686
14071,673
14072,699
14072,727
14079,716
14079,720
14080,346
14081,688
14082,530
14083,332
14084,627
14086,490
14088,631
14090,414
14090,576
14092,739
14093,462
14095,644
14095,343
14097,756
14098,681
14098,540
14102,521
14105,697
14108,233
14109,334
14111,708
14117,756
14117,726
14117,734
14120,449
14121,407
14121,576
14123,730
14124,662
14129,722
14132,551
14135,692
14135,662
14136,684
14136,518
14137,613
14140,642
14140,637
14141,609
14144,742
14145,667
14146,409
14149,591
14149,691
14149,640
14152,561
14154,693
14155,715
14155,700
14156,360
14157,663
14160,750
14164,278
14164,479
14167,757
14171,598
14172,586
14172,554
14174,706
14175,451
14178,734
14179,602
14182,754
14189,656
14190,280
14192,678
14192,667
14193,51
14196,621
14196,531
14198,748
14200,222
14200,597
14202,756
14205,689
14206,474
14206,502
14207,748
14207,748
14211,606
14213,650
14214,514
14214,705
14215,663
14215,736
14216,642
14220,674
14221,375
14221,591
14223,663
14224,698
14224,620
14225,604
14225,732
14226,725
14230,720
14230,756
14235,113
14237,748
14237,731
14238,526
14240,633
14240,662
14240,671
14240,666
14241,215
14244,706
14246,256
14250,749
14251,486
14251,670
14253,611
14253,653
14254,680
14255,657
14255,717
14256,580
14256,585
14257,736
14262,472
14262,507
14265,595
14266,336
14268,725
14268,641
14271,545
14271,341
14272,748
14273,563
14275,561
14276,686
14277,510
14281,644
14281,751
14281,699
14283,732
14284,481
14286,743
14286,746
14287,619
14287,612
14295,713
14296,592
14297,562
14298,527
14298,648
14299,725
14300,755
14300,748
14302,672
14302,521
14302,665
14303,755
14304,739
14304,752
14310,757
14311,469
14313,732
14314,727
14315,741
14315,741
14316,486
14317,506
14318,694
14320,379
14321,718
14323,719
14323,721
14323,626
14324,750
14324,717
14326,405
14330,374
14331,752
14332,745
14332,691
14333,705
14338,703
14340,734
14341,753
14342,638
14348,751
14349,731
14351,703
14352,692
14352,694
14355,661
14357,512
14361,299
14363,735
14365,633
14369,713
14373,553
14377,636
14380,702
14382,688
14382,696
14384,719
14385,479
14388,549
14391,571
14392,716
14397,529
14398,387
14398,420
14399,692
14400,682
14400,714
14402,700
14404,611
14406,703
14407,413
14408,742
14409,737
14410,505
14412,757
14413,539
14413,691
14414,712
14415,426
14415,482
14418,667
14418,698
14419,744
14422,420
14423,506
14428,699
14428,334
14430,670
14432,736
14432,698
14435,524
14436,668
14437,718
14438,744
14439,423
14440,648
14440,756
14441,459
14441,657
14442,653
14445,756
14445,543
14445,701
14446,483
14449,624
14450,671
14451,749
14453,685
14456,680
14457,471
14457,543
14458,713
14460,707
14460,753
14460,701
14461,700
14463,748
14466,598
14468,729
14468,711
14468,742
14468,658
14468,718
14471,394
14472,753
14473,737
14474,732
14474,705
14475,693
14475,576
14478,560
14478,754
14478,518
14478,587
14479,285
14479,599
14479,623
14480,738
14482,753
14482,662
14482,660
14482,685
14484,754
14486,719
14487,417
14491,657
14492,494
14492,756
14492,664
14493,674
14498,589
14505,578
14508,630
14510,639
14512,458
14523,711
14523,720
14524,389
14530,685
14530,724
14531,749
14532,497
14533,405
14533,380
14533,398
14537,735
14539,166
14540,716
14541,723
14542,315
14543,340
14548,660
14551,592
14551,507
14551,362
14552,648
14554,227
14556,757
14560,738
14561,151
14562,525
14562,572
14563,608
14564,562
14566,318
14568,721
14568,756
14568,721
14571,683
14571,476
14571,569
14572,673
14575,195
14575,609
14579,753
14580,712
14583,735
14583,685
14587,705
14587,750
14588,574
14588,712
14588,609
14590,716
14590,595
14592,500
14592,694
14592,579
14593,750
14593,735
14593,678
14594,691
14597,537
14598,495
14598,741
14601,698
14603,685
14603,483
14605,463
14605,511
14606,757
14609,210
14611,728
14611,505
14611,505
14612,365
14612,380
14614,677
14614,693
14617,756
14618,735
14620,723
14620,718
14620,718
14621,748
14622,631
14623,285
14624,620
14624,693
14627,617
14627,588
14628,573
14629,642
14629,754
14630,333
14631,398
14631,493
14640,611
14641,664
14641,678
14644,719
14645,753
14647,437
14648,467
14650,696
14650,740
14652,738
14654,571
14656,699
14660,210
14660,508
14663,370
14666,660
14669,723
14672,193
14674,662
14674,657
14676,309
14680,711
14681,604
14685,712
14688,491
14690,383
14693,444
14693,638
14695,737
14695,690
14696,747
14696,695
14697,727
14697,757
14698,628
14698,527
14700,755
14701,692
14701,747
14701,693
14706,615
14709,746
14709,598
14709,190
14711,648
14714,574
14715,757
14717,720
14717,749
14717,738
14718,726
14718,695
14725,703
14726,553
14726,642
14729,718
14729,700
14731,736
14734,739
14736,687
14737,749
14738,414
14741,754
14742,738
14742,735
14743,639
14743,548
14748,701
14749,751
14750,625
14752,699
14752,588
14752,566
14756,658
14759,392
14759,348
14760,691
14761,641
14763,583
14763,698
14764,694
14764,657
14764,716
14765,674
14766,613
14766,533
14767,301
14769,756
14772,699
14772,725
14774,754
14775,646
14775,134
14776,641
14778,673
14780,741
14780,753
14780,750
14782,546
14782,706
14784,374
14784,571
14784,399
14785,698
14793,660
14795,720
14798,634
14801,698
14802,621
14803,491
14805,680
14806,401
14806,502
14806,460
14806,593
14807,538
14810,549
14812,709
14812,666
14812,598
14813,471
14815,751
14815,401
14817,739
14818,638
14818,348
14818,582
14818,615
14819,751
14820,433
14821,624
14821,577
14825,700
14825,745
14825,617
14828,101
14831,575
14831,738
14833,537
14835,492
14836,694
14839,274
14839,518
14840,216
14841,691
14841,696
14847,239
14848,717
14849,689
14850,323
14851,527
14853,327
14854,589
14854,638
14854,715
14855,685
14855,537
14858,638
14860,712
14860,702
14862,747
14865,659
14866,334
14866,149
14866,352
14867,684
14868,393
14871,573
14872,553
14874,739
14875,757
14877,688
14881,326
14883,678
14884,586
14884,513
14885,246
14886,593
14889,731
14892,678
14895,745
14895,699
14900,645
14900,636
14903,338
14903,641
14908,289
14910,153
14911,526
14911,456
14911,534
14911,563
14914,617
14915,550
14919,416
14919,352
14919,294
14919,401
14920,617
14922,385
14922,468
14925,670
14928,746
14928,699
14928,696
14929,702
14934,404
14934,638
14937,726
14937,656
14938,253
14942,374
14942,662
14944,693
14945,596
14945,465
14948,713
14951,655
14953,548
14955,415
14956,691
14957,712
14961,378
14962,225
14962,697
14962,573
14963,597
14964,209
14966,241
14967,419
14967,708
14969,351
14970,541
14973,757
14974,574
14978,197
14979,710
14980,750
14980,621
14983,331
14985,742
14987,635
14987,706
14989,578
14989,662
14991,726
14992,351
14996,590
14996,685
14996,265
14996,262
14996,419
14997,751
14999,741
15002,600
15003,382
15003,143
15004,730
15006,746
15007,593
15009,757
15010,617
15012,612
15015,417
15016,661
15017,273
15018,219
15020,754
15020,677
15020,633
15026,502
15034,512
15034,738
15036,557
15037,394
15040,710
15040,723
15041,697
15047,522
15050,641
15052,652
15052,282
15056,363
15057,751
15057,727
15058,691
15063,356
15063,522
15067,461
15068,697
15068,646
15069,537
15069,687
15069,706
15069,753
15075,350
15080,596
15080,629
15081,297
15082,499
15083,149
15083,408
15087,743
15096,753
15099,417
15099,514
15101,385
15102,543
15102,608
15106,546
15111,736
15112,756
15112,755
15119,742
15119,741
15124,748
15130,636
15131,622
15132,481
15133,719
15137,750
15139,668
15141,729
15141,696
15145,645
15150,644
15150,443
15151,716
15154,711
15154,699
15154,718
15154,703
15154,723
15158,512
15158,414
15159,706
15159,706
15160,544
15164,224
15165,585
15167,677
15167,722
15170,310
15171,665
15171,729
15171,651
15172,279
15174,563
15176,523
15176,366
15176,313
15178,555
15180,392
15183,627
15186,742
15187,449
15188,748
15188,642
15189,727
15190,437
15191,718
15192,748
15193,396
15194,642
15194,677
15195,719
15196,547
15197,736
15198,698
15198,682
15199,720
15199,720
15200,473
15200,571
15200,416
15200,560
15202,310
15205,713
15207,536
15207,375
15209,266
15210,720
15211,707
15211,716
15212,727
15212,745
15213,742
15217,740
15217,567
15217,745
15218,491
15218,653
15218,507
15219,635
15219,566
15220,643
15221,626
15221,729
15222,410
15226,679
15235,691
15236,452
15237,677
15239,694
15239,698
15240,748
15241,506
15241,716
15243,404
15244,302
15246,655
15247,554
15248,741
15249,269
15249,167
15252,726
15253,451
15256,710
15256,696
15256,679
15256,705
15257,721
15257,752
15259,734
15261,675
15261,705
15261,633
15263,22
15263,137
15265,739
15265,737
15266,686
15268,520
15270,564
15270,738
15273,553
15274,672
15274,438
15275,151
15275,233
15276,738
15278,644
15280,411
15280,612
15281,633
15287,700
15290,645
15291,147
15291,644
15292,674
15293,707
15297,741
15297,558
15299,516
15299,603
15299,634
15299,677
15300,692
15302,636
15303,366
15303,275
15303,575
15304,425
15305,727
15306,326
15307,748
15307,550
15307,299
15311,734
15313,565
15313,538
15315,656
15316,700
15316,697
15316,729
15318,695
15319,710
15319,737
15320,754
15321,722
15322,570
15329,747
15329,747
15330,731
15331,513
15334,703
15337,740
15337,720
15338,616
15340,714
15344,725
15344,699
15346,709
15347,643
15351,617
15352,725
15352,638
15355,756
15357,684
15358,715
15358,657
15358,570
15359,726
15359,570
15360,689
15362,649
15362,626
15362,477
15364,624
15365,597
15365,539
15366,753
15367,752
15367,735
15368,736
15368,754
15373,566
15373,473
15374,676
15375,231
15375,347
15377,565
15378,699
15379,378
15380,707
15383,708
15383,741
15385,697
15386,699
15386,739
15388,446
15388,672
15389,731
15391,499
15391,662
15393,733
15393,746
15393,742
15394,548
15397,594
15399,640
15400,186
15401,729
15401,735
15403,679
15403,567
15405,666
15405,720
15406,570
15408,729
15408,724
15409,600
15410,662
15412,716
15413,732
15414,549
15419,205
15419,515
15420,721
15420,699
15426,387
15426,188
15427,748
15427,690
15429,684
15430,642
15430,747
15430,603
15435,698
15436,697
15438,706
15445,747
15449,656
15452,472
15452,490
15456,631
15456,677
15457,722
15460,621
15460,657
15461,737
15462,521
15462,739
15462,663
15463,511
15464,697
15467,246
15467,561
15469,738
15471,729
15474,681
15477,735
15478,651
15482,702
15485,693
15492,706
15492,555
15493,708
15493,475
15493,596
15493,309
15495,651
15496,742
15501,562
15503,495
15503,745
15504,742
15505,757
15506,740
15506,736
15507,709
15507,737
15507,705
15509,659
15510,660
15510,726
15512,372
15515,552
15516,734
15516,552
15516,568
15516,709
15518,543
15523,659
15523,671
15523,699
15524,756
15527,644
15534,453
15534,433
15535,664
15536,722
15536,706
15536,588
15537,743
15538,722
15538,230
15541,674
15545,729
15545,169
15545,195
15547,367
15547,643
15548,438
15549,497
15551,593
15554,679
15554,665
15554,653
15557,706
15557,722
15565,511
15566,467
15566,431
15567,531
15568,599
15570,571
15570,507
15570,485
15572,733
15576,730
15576,657
15577,640
15582,706
15582,697
15585,521
15586,677
15586,661
15586,354
15586,470
15587,713
15589,618
15590,648
15590,714
15592,732
15592,747
15594,736
15596,390
15599,696
15600,485
15600,748
15601,346
15609,757
15610,384
15610,214
15615,372
15616,423
15619,537
15619,640
15622,708
15624,635
15625,751
15626,621
15626,668
15630,725
15630,595
15631,701
15633,492
15636,639
15636,285
15638,350
15645,750
15645,719
15648,550
15648,642
15651,403
15651,651
15651,294
15651,691
15653,738
15657,565
15659,660
15659,640
15660,490
15664,756
15667,580
15667,470
15667,723
15667,662
15668,752
15672,647
15673,696
15674,675
15675,545
15678,737
15680,491
15680,550
15681,649
15689,687
15689,692
15689,695
15691,729
15696,481
15698,695
15699,642
15700,723
15701,704
15701,573
15701,622
15702,575
15702,731
15702,702
15702,612
15703,649
15706,650
15707,720
15711,576
15713,570
15714,569
15714,526
15715,612
15717,697
15720,738
15721,609
15722,633
15723,748
15723,745
15727,478
15728,522
15728,566
15729,709
15730,485
15734,734
15740,555
15740,536
15743,695
15749,752
15750,740
15751,453
15752,264
15752,607
15754,638
15757,721
15758,407
15760,345
15765,83
15766,696
15769,700
15770,638
15771,563
15774,476
15778,705
15779,110
15782,597
15782,355
15783,505
15786,561
15789,678
15791,608
15792,623
15793,675
15793,667
15794,541
15794,557
15794,586
15797,674
15800,754
15802,676
15803,751
15806,481
15807,738
15809,592
15809,563
15810,753
15810,743
15812,611
15812,673
15814,757
15814,752
15814,754
15815,681
15815,493
15816,315
15817,705
15818,566
15818,537
15819,751
15823,655
15826,678
15828,705
15833,210
15834,653
15834,746
15834,715
15840,635
15840,478
15841,749
15841,720
15842,756
15845,589
15846,642
15847,380
15847,383
15848,493
15851,444
15851,476
15851,282
15855,756
15855,755
15855,756
15858,416
15859,632
15859,673
15860,736
15861,594
15864,710
15867,609
15868,677
15868,289
15868,405
15869,329
15870,639
15870,720
15872,524
15872,646
15876,703
15878,409
15879,581
15880,683
15880,422
15881,434
15881,422
15883,664
15886,304
15887,717
15887,720
15888,188
15890,754
15892,490
15893,259
15893,399
15893,486
15895,732
15897,746
15903,712
15903,673
15903,534
15905,336
15905,601
15906,711
15912,744
15912,535
15912,560
15919,405
15923,659
15924,739
15928,726
15930,429
15932,433
15932,697
15935,522
15937,407
15937,210
15938,595
15940,639
15941,756
15942,501
15943,598
15945,280
15947,666
15950,745
15950,645
15951,748
15953,753
15954,472
15955,751
15955,720
15955,743
15955,733
15955,731
15957,757
15958,480
15963,727
15964,570
15964,614
15967,653
15967,582
15968,589
15969,406
15971,515
15975,754
15980,530
15985,668
15986,500
15986,357
15986,381
15987,413
15990,635
15991,667
15992,638
15993,329
15995,732
15995,700
15996,713
16000,324
16001,719
16001,579
16001,609
16003,180
16005,548
16005,269
16005,421
16005,542
16007,657
16008,629
16009,558
16009,443
16009,752
16009,715
16012,700
16012,658
16017,757
16019,678
16021,152
16023,464
16025,570
16027,569
16027,448
16029,689
16030,640
16030,629
16038,636
16048,409
16050,511
16053,642
16057,262
16059,643
16059,653
16064,439
16064,318
16066,379
16068,716
16068,673
16068,686
16069,633
16070,685
16070,637
16071,422
16072,723
16074,742
16075,405
16075,423
16080,545
16080,697
16080,441
16080,207
16082,708
16083,676
16083,540
16084,752
16086,705
16086,753
16086,688
16086,665
16086,716
16090,405
16090,582
16093,649
16097,431
16097,743
16098,91
16098,270
16100,479
16100,390
16101,693
16102,747
16103,630
16106,713
16107,423
16111,553
16112,684
16116,450
16117,749
16117,740
16120,730
16122,757
16122,653
16123,477
16126,519
16126,555
16127,629
16127,706
16128,755
16133,739
16134,446
16135,700
16140,610
16140,742
16140,431
16141,727
16143,385
16144,738
16145,639
16149,165
16149,454
16150,740
16150,584
16152,425
16155,632
16156,494
16160,476
16160,438
16164,532
16165,663
16166,655
16167,593
16168,507
16169,439
16171,495
16175,500
16176,729
16176,729
16176,686
16176,747
16178,252
16180,535
16180,459
16183,417
16183,418
16183,425
16184,727
16184,653
16185,562
16187,453
16188,130
16189,593
16189,670
16192,748
16194,640
16194,697
16196,282
16203,736
16209,531
16211,162
16212,191
16214,700
16214,740
16215,398
16224,525
16226,519
16226,593
16234,736
16236,386
16239,645
16241,713
16241,626
16241,690
16241,684
16243,747
16244,718
16244,756
16249,715
16250,723
16250,555
16251,631
16251,706
16252,601
16254,448
16256,474
16256,644
16257,611
16257,608
16259,237
16259,479
16266,711
16267,478
16269,752
16270,593
16270,659
16271,444
16271,467
16271,511
16273,565
16274,626
16275,255
16275,588
16281,219
16282,629
16283,604
16284,731
16284,723
16286,714
16286,536
16287,689
16287,677
16288,465
16288,482
16289,692
16289,680
16290,726
16290,470
16290,668
16291,486
16293,701
16296,676
16298,633
16298,749
16298,563
16299,631
16301,549
16302,702
16302,731
16303,553
16305,545
16307,714
16309,752
16310,650
16310,343
16310,733
16310,610
16311,520
16314,574
16316,757
16316,739
16317,556
16322,706
16322,673
16323,720
16323,725
16327,637
16328,647
16329,754
16331,440
16331,603
16332,654
16332,681
16333,725
16335,692
16335,748
16339,71
16341,745
16341,756
16344,351
16345,675
16345,723
16353,717
16353,744
16358,737
16359,318
16361,735
16361,737
16362,713
16362,658
16363,310
16363,237
16364,576
16365,546
16366,630
16366,678
16373,754
16382,691
16383,741
16386,755
16387,394
16387,577
16390,108
16390,179
16392,669
16393,751
16393,748
16393,737
16394,756
16397,739
16397,731
16402,749
16402,681
16403,727
16406,529
16406,618
16408,665
16409,530
16410,502
16410,400
16414,346
16417,667
16419,686
16419,729
16424,668
16425,661
16425,679
16427,321
16427,416
16428,711
16428,349
16429,259
16429,222
16429,620
16430,641
16430,280
16434,541
16437,641
16437,569
16440,686
16440,651
16442,720
16442,750
16447,722
16448,743
16449,757
16449,748
16450,756
16451,742
16453,485
16453,707
16455,458
16457,723
16457,673
16458,746
16458,599
16458,677
16460,538
16460,561
16460,751
16470,664
16471,501
16472,426
16474,740
16475,640
16475,609
16476,616
16476,528
16479,407
16480,726
16484,442
16484,680
16485,519
16488,416
16490,721
16490,640
16492,705
16493,555
16495,691
16496,317
16501,680
16508,722
16509,742
16509,545
16510,725
16510,612
16513,537
16513,715
16516,600
16516,261
16518,586
16518,542
16522,664
16525,486
16526,358
16526,504
16527,376
16529,407
16532,740
16533,572
16535,583
16535,619
16538,742
16538,709
16539,754
16541,682
16545,581
16549,504
16549,751
16551,329
16553,728
16553,698
16554,757
16555,696
16556,388
16556,571
16558,391
16559,567
16559,600
16559,461
16560,747
16562,597
16563,613
16570,694
16573,425
16573,493
16575,525
16575,755
16575,757
16575,581
16578,707
16578,734
16581,691
16582,422
16584,482
16585,580
16589,540
16589,425
16589,560
16591,726
16591,681
16592,502
16592,607
16593,239
16594,733
16600,734
16600,753
16601,674
16602,734
16605,237
16607,739
16607,401
16608,415
16612,747
16612,741
16613,674
16613,698
16618,441
16618,456
16618,617
16620,563
16621,674
16624,509
16625,268
16630,656
16632,631
16633,469
16634,357
16636,744
16637,409
16638,757
16641,730
16641,698
16642,470
16646,330
16648,385
16649,695
16649,714
16651,515
16652,578
16653,754
16654,447
16654,757
16654,194
16655,685
16655,757
16657,327
16657,551
16659,704
16659,604
16659,645
16660,459
16660,692
16664,416
16664,553
16665,681
16666,686
16666,689
16675,757
16675,757
16679,714
16681,112
16682,537
16683,667
16687,756
16687,756
16688,532
16689,154
16692,639
16693,620
16696,721
16696,697
16697,372
16698,698
16703,693
16708,277
16709,487
16711,708
16713,565
16714,94
16716,600
16717,403
16722,486
16725,757
16726,656
16728,749
16729,714
16729,485
16729,719
16732,745
16733,735
16734,447
16736,381
16737,725
16738,722
16740,523
16741,251
16741,370
16743,363
16745,677
16746,673
16746,717
16746,714
16747,608
16748,726
16749,700
16749,671
16749,628
16751,544
16752,242
16752,617
16752,724
16756,675
16757,722
16760,663
16761,749
16767,712
16767,745
16769,685
16769,703
16770,706
16770,712
16771,659
16771,661
16772,755
16774,741
16776,498
16776,428
16776,536
16777,467
16777,614
16778,532
16780,726
16782,538
16786,344
16788,467
16791,425
16793,742
16796,565
16800,492
16800,606
16801,740
16802,366
16804,264
16805,359
16806,558
16807,387
16807,659
16807,452
16808,728
16810,685
16812,749
16812,754
16812,748
16815,656
16815,685
16817,693
16818,731
16818,608
16820,754
16821,547
16821,539
16821,549
16821,733
16822,540
16824,739
16826,470
16827,741
16830,655
16834,755
16834,757
16835,756
16839,572
16840,727
16840,370
16842,541
16842,641
16842,593
16843,726
16844,251
16847,704
16847,660
16847,419
16849,499
16849,433
16851,744
16854,624
16857,489
16859,533
16860,736
16860,530
16861,477
16861,683
16861,336
16862,705
16862,580
16864,610
16864,596
16865,678
16865,683
16872,681
16872,676
16872,732
16872,546
16872,661
16874,665
16875,557
16876,732
16877,630
16878,662
16879,740
16882,591
16882,489
16884,694
16889,753
16891,720
16892,589
16892,460
16894,657
16894,448
16894,432
16894,433
16896,640
16898,700
16913,718
16916,739
16921,616
16924,331
16935,333
16935,596
16935,756
16936,677
16938,470
16943,558
16943,735
16944,742
16944,748
16944,745
16945,619
16947,627
16949,743
16949,707
16949,756
16951,685
16952,354
16957,366
16958,422
16959,591
16959,523
16960,659
16963,674
16963,663
16964,567
16964,559
16969,654
16970,274
16970,292
16971,671
16981,672
16981,749
16983,730
16983,668
16984,740
16988,746
16988,705
16988,637
16989,541
16990,735
16992,552
16993,684
16994,441
16996,538
16996,69
16996,363
16996,356
16997,726
16998,740
17000,715
17000,736
17001,496
17001,614
17002,632
17003,732
17005,360
17006,405
17008,580
17008,573
17009,704
17011,753
17012,667
17013,586
17014,616
17016,608
17016,576
17016,611
17020,699
17022,755
17023,741
17026,428
17027,539
17028,669
17029,284
17031,709
17031,706
17033,757
17035,562
17035,647
17036,725
17036,753
17038,402
17039,566
17041,682
17042,214
17043,712
17043,742
17044,459
17048,749
17049,636
17054,698
17054,636
17054,702
17056,744
17057,601
17057,687
17060,681
17065,417
17071,678
17071,723
17071,442
17075,390
17078,609
17079,742
17080,441
17082,575
17082,284
17085,744
17087,246
17093,590
17093,539
17099,325
17105,488
17107,462
17107,363
17108,665
17108,668
17109,522
17109,596
17109,568
17110,704
17110,754
17111,703
17114,610
17118,464
17118,461
17119,489
17119,547
17122,688
17122,746
17123,420
17126,520
17126,546
17126,755
17129,408
17130,716
17134,547
17135,621
17136,353
17137,412
17138,551
17139,698
17139,647
17139,749
17142,562
17147,736
17147,733
17150,713
17156,624
17156,755
17158,727
17159,650
17159,554
17165,755
17167,645
17167,184
17167,736
17170,740
17170,710
17171,752
17172,399
17174,750
17175,675
17176,634
17176,394
17178,756
17179,640
17180,736
17183,451
17183,561
17185,688
17185,533
17185,539
17185,627
17185,593
17187,681
17187,620
17188,747
17192,669
17195,495
17197,326
17198,386
17199,510
17199,595
17199,566
17201,679
17201,738
17203,712
17205,466
17208,534
17209,702
17212,670
17215,705
17215,624
17216,721
17216,466
17219,651
17221,716
17221,737
17223,757
17223,745
17228,727
17229,692
17234,749
17236,741
17237,524
17240,580
17240,685
17240,574
17240,729
17244,755
17246,589
17246,642
17247,676
17248,727
17250,476
17250,617
17251,743
17253,742
17254,746
17254,537
17255,757
17255,737
17256,255
17258,704
17260,622
17263,752
17265,681
17268,616
17268,176
17270,667
17271,750
17273,616
17276,665
17276,731
17277,707
17277,700
17279,740
17281,692
17282,655
17286,633
17287,702
17287,713
17287,693
17288,678
17289,395
17289,395
17289,653
17290,630
17293,461
17293,307
17295,752
17297,683
17300,510
17300,582
17300,572
17303,646
17304,709
17307,552
17309,349
17310,165
17313,753
17313,757
17316,735
17318,754
17318,704
17318,725
17319,722
17320,375
17322,591
17326,741
17328,588
17330,228
17330,263
17331,586
17331,650
17333,630
17334,731
17338,667
17339,377
17342,660
17343,401
17346,695
17349,670
17349,657
17352,618
17354,469
17354,366
17355,566
17355,615
17357,749
17357,665
17358,445
17359,728
17363,645
17367,333
17369,591
17371,513
17371,325
17372,699
17373,375
17378,684
17381,508
17381,689
17381,520
17382,385
17384,669
17387,757
17395,726
17396,739
17397,492
17398,624
17398,508
17399,358
17400,376
17401,586
17403,439
17408,517
17409,732
17411,520
17412,656
17415,725
17417,614
17417,691
17419,372
17421,726
17422,716
17424,300
17424,293
17425,755
17425,749
17428,309
17429,347
17430,336
17433,470
17433,390
17433,259
17434,704
17437,742
17437,686
17438,605
17438,696
17440,556
17441,519
17442,719
17443,750
17443,747
17443,724
17445,429
17446,740
17448,650
17455,319
17456,743
17456,745
17456,649
17458,749
17458,751
17459,618
17461,488
17463,620
17467,328
17467,586
17467,699
17467,98
17467,612
17468,491
17468,684
17470,707
17472,374
17472,364
17472,292
17475,695
17478,736
17478,711
17482,731
17486,608
17489,513
17489,625
17489,735
17491,425
17491,678
17491,465
17493,327
17493,489
17493,737
17495,356
17496,537
17496,603
17496,196
17497,715
17502,626
17505,752
17506,428
17507,716
17509,714
17509,733
17510,374
17510,644
17511,401
17512,476
17513,558
17515,721
17517,756
17517,698
17518,413
17520,633
17525,574
17525,679
17526,623
17526,737
17528,688
17530,711
17530,745
17530,658
17531,752
17534,675
17535,756
17536,736
17538,611
17541,527
17541,373
17541,389
17541,734
17544,588
17544,547
17545,722
17547,682
17547,675
17547,674
17547,700
17550,736
17550,667
17553,666
17554,734
17556,179
17557,741
17557,223
17559,212
17563,232
17564,698
17567,555
17567,529
17573,246
17574,589
17575,707
17575,718
17575,716
17575,719
17576,745
17578,709
17579,749
17580,745
17581,541
17583,552
17585,626
17586,727
17587,655
17598,736
17599,703
17599,136
17600,747
17602,473
17602,440
17604,667
17608,479
17609,579
17610,463
17610,150
17612,525
17612,448
17614,478
17614,698
17616,705
17618,716
17621,727
17621,635
17621,568
17623,688
17623,346
17627,586
17627,499
17628,754
17630,583
17633,669
17633,582
17635,615
17636,396
17636,685
17638,714
17639,696
17640,250
17640,569
17644,750
17645,500
17646,653
17646,510
17649,596
17654,717
17654,718
17654,717
17655,572
17656,509
17657,733
17658,151
17658,391
17659,733
17659,713
17664,702
17666,629
17668,669
17668,689
17670,465
17670,444
17672,747
17678,115
17679,628
17679,481
17681,691
17683,707
17686,647
17686,598
17687,721
17687,701
17691,512
17691,520
17692,671
17693,237
17694,687
17694,745
17695,595
17697,427
17699,636
17700,575
17700,573
17700,682
17706,723
17708,713
17708,723
17709,545
17710,746
17711,562
17712,724
17718,725
17722,676
17722,610
17726,609
17729,745
17730,440
17730,533
17731,698
17731,656
17737,619
17738,459
17740,613
17741,569
17743,623
17744,745
17746,364
17747,311
17749,626
17752,468
17753,691
17754,310
17755,683
17757,570
17757,446
17759,420
17760,586
17761,491
17761,69
17762,544
17764,706
17765,751
17765,754
17769,722
17771,753
17773,633
17776,627
17778,735
17779,725
17781,613
17782,52
17783,711
17786,753
17786,365
17786,325
17786,446
17786,617
17787,505
17789,744
17791,701
17791,567
17792,716
17794,415
17795,747
17799,523
17802,362
17802,679
17803,303
17803,430
17804,753
17804,716
17807,644
17823,686
17824,705
17825,622
17830,726
17830,491
17830,585
17831,748
17831,737
17831,747
17831,757
17832,740
17832,696
17832,692
17832,701
17833,742
17837,419
17843,496
17843,577
17843,657
17849,436
17852,726
17855,728
17857,731
17859,555
17861,591
17862,669
17862,677
17863,630
17863,599
17864,748
17864,753
17867,756
17869,626
17870,519
17870,228
17871,566
17872,729
17878,738
17881,733
17881,559
17881,615
17883,694
17884,473
17885,594
17885,598
17888,692
17888,526
17888,628
17889,637
17889,750
17890,753
17890,757
17891,534
17895,216
17898,621
17902,700
17907,749
17907,692
17917,259
17918,248
17920,620
17922,662
17923,557
17926,660
17927,660
17928,696
17929,449
17930,324
17931,691
17935,596
17935,482
17935,584
17938,735
17940,337
17943,745
17945,433
17949,578
17949,532
17953,575
17954,674
17954,533
17956,728
17957,686
17960,757
17960,755
17963,373
17964,401
17967,234
17967,696
17967,664
17969,726
17970,458
17971,686
17972,609
17972,323
17976,646
17979,751
17979,754
17979,749
17979,750
17979,737
17981,501
17981,580
17981,605
17986,750
17986,737
17987,702
17988,532
17990,568
17990,350
17991,709
17994,684
17996,604
18003,586
18004,648
18004,748
18006,571
18010,383
18011,485
18012,710
18013,653
18013,732
18015,725
18017,729
18019,738
18019,619
18020,601
18021,470
18027,685
18027,555
18029,219
18035,450
18037,741
18037,662
18039,591
18041,554
18043,745
18043,747
18048,745
18049,594
18051,553
18055,722
18055,639
18055,634
18057,352
18064,632
18065,726
18066,516
18068,681
18068,701
18071,454
18072,561
18076,731
18078,253
18080,377
18080,442
18081,596
18081,584
18083,757
18089,181
18091,650
18091,520
18093,593
18094,536
18098,755
18098,757
18099,716
18100,755
18100,753
18104,689
18106,725
18107,513
18107,292
18107,403
18110,543
18111,747
18112,684
18113,586
18115,733
18115,397
18116,692
18118,757
18119,565
18122,624
18124,639
18127,428
18128,736
18131,696
18132,710
18134,581
18134,601
18136,751
18136,748
18140,409
18141,650
18144,736
18145,170
18145,328
18146,277
18146,366
18146,515
18147,657
18148,714
18148,635
18148,662
18150,264
18152,662
18153,727
18155,123
18156,422
18159,577
18160,691
18160,688
18161,757
18161,557
18164,647
18164,645
18165,735
18167,451
18167,674
18168,746
18169,750
18169,705
18169,705
18172,647
18180,742
18180,586
18181,435
18182,401
18184,695
18186,278
18186,721
18189,374
18189,360
18190,477
18190,741
18191,312
18191,508
18195,600
18195,589
18197,603
18198,649
18198,665
18199,590
18199,327
18204,747
18208,752
18209,454
18210,741
18212,724
18212,732
18215,703
18216,748
18216,740
18217,744
18219,361
18220,524
18221,657
18222,680
18223,757
18224,694
18225,614
18229,279
18235,708
18236,717
18236,744
18236,713
18237,722
18239,749
18239,718
18239,716
18241,458
18243,575
18244,639
18244,722
18247,228
18249,314
18249,268
18249,715
18250,679
18251,599
18254,694
18256,575
18257,395
18257,355
18260,550
18260,468
18260,347
18261,713
18264,431
18267,177
18268,586
18268,193
18270,649
18270,427
18271,633
18272,523
18273,754
18274,757
18275,650
18277,436
18278,619
18278,579
18279,680
18280,696
18281,680
18281,697
18283,542
18284,542
18285,512
18287,599
18287,674
18287,726
18290,470
18292,721
18293,685
18295,242
18295,550
18297,484
18298,520
18300,462
18301,692
18304,653
18305,683
18305,470
18305,694
18305,697
18308,756
18308,754
18309,517
18310,561
18312,581
18313,551
18314,471
18319,757
18320,755
18321,710
18321,585
18322,732
18323,257
18325,742
18325,442
18328,749
18328,428
18329,725
18333,271
18333,585
18335,652
18337,749
18338,309
18338,622
18339,598
18339,624
18340,705
18341,398
18344,482
18344,530
18345,681
18347,704
18348,728
18353,665
18355,528
18356,749
18356,385
18358,729
18358,732
18359,402
18360,423
18360,558
18361,726
18361,312
18361,402
18365,309
18366,500
18368,523
18370,749
18372,543
18374,651
18377,508
18378,751
18379,686
18380,677
18380,486
18380,314
18384,749
18385,665
18387,528
18388,541
18390,351
18391,680
18392,702
18392,608
18397,749
18399,579
18406,318
18408,405
18413,231
18414,663
18415,749
18415,660
18416,671
18416,683
18417,254
18420,588
18424,575
18430,677
18430,668
18433,532
18436,650
18438,663
18438,737
18440,566
18445,672
18448,742
18451,665
18452,729
18457,704
18461,740
18462,721
18462,565
18464,575
18465,552
18472,595
18473,447
18473,529
18474,677
18476,741
18478,738
18478,349
18478,418
18481,366
18481,458
18483,721
18483,746
18483,747
18485,699
18485,682
18491,508
18494,619
18496,392
18496,262
18498,537
18500,756
18502,506
18503,567
18503,571
18504,667
18504,496
18507,425
18509,599
18509,344
18513,752
18514,403
18516,728
18516,608
18516,721
18518,527
18522,672
18525,508
18528,689
18529,720
18531,678
18534,201
18535,390
18538,739
18539,587
18541,549
18541,725
18541,467
18543,756
18544,320
18545,583
18546,594
18546,681
18549,502
18551,659
18551,723
18552,706
18555,749
18559,723
18561,705
18562,587
18563,504
18567,398
18569,534
18577,660
18577,749
18580,732
18587,644
18590,475
18596,641
18599,757
18602,474
18603,751
18603,742
18603,751
18604,602
18605,353
18609,577
18613,746
18613,751
18620,661
18621,491
18624,736
18626,712
18627,728
18632,320
18633,585
18634,754
18635,668
18637,183
18638,554
18639,603
18640,265
18644,487
18646,640
18646,678
18646,652
18647,738
18650,667
18652,756
18653,659
18661,362
18663,747
18672,529
18673,614
18674,740
18674,741
18678,582
18683,697
18683,674
18683,633
18684,201
18685,692
18687,539
18688,725
18688,711
18690,395
18694,528
18695,434
18698,640
18698,330
18699,520
18699,601
18700,711
18707,599
18708,277
18709,619
18710,719
18711,238
18712,427
18714,681
18718,582
18718,677
18719,753
18719,698
18721,742
18723,393
18726,738
18727,611
18727,645
18727,689
18733,754
18734,129
18734,619
18734,614
18734,259
18735,603
18735,508
18736,750
18736,755
18737,754
18739,272
18743,401
18744,714
18745,585
18746,707
18749,197
18749,163
18750,755
18751,748
18751,648
18751,738
18752,650
18754,514
18759,736
18759,750
18762,735
18763,679
18763,685
18765,607
18768,383
18770,711
18771,565
18774,486
18776,390
18777,522
18778,646
18780,332
18780,685
18786,694
18786,396
18787,714
18790,503
18792,636
18792,649
18794,688
18798,581
18798,655
18801,732
18802,480
18802,200
18802,163
18803,602
18805,705
18806,675
18806,558
18809,727
18809,372
18812,469
18815,578
18817,736
18817,734
18817,743
18818,711
18818,680
18819,558
18820,505
18820,607
18820,390
18821,633
18823,744
18827,546
18828,361
18828,584
18828,398
18830,751
18831,725
18836,541
18837,749
18838,605
18844,471
18844,571
18844,720
18845,302
18847,702
18848,701
18850,746
18851,616
18853,680
18857,667
18862,577
18864,131
18864,179
18866,692
18868,147
18869,568
18869,546
18872,683
18874,753
18874,752
18876,586
18877,322
18878,579
18878,502
18881,750
18881,681
18882,739
18882,748
18886,407
18886,532
18888,562
18889,630
18889,463
18890,597
18891,703
18895,525
18898,670
18899,666
18900,342
18902,757
18906,520
18906,694
18909,408
18909,655
18913,695
18914,544
18914,710
18917,294
18917,723
18919,563
18921,410
18922,575
18923,611
18925,440
18928,622
18929,756
18930,571
18931,598
18931,551
18936,386
18936,467
18936,187
18937,408
18939,455
18940,568
18943,656
18944,554
18948,385
18949,328
18950,608
18952,512
18952,756
18953,462
18954,573
18955,613
18956,716
18956,754
18957,754
18957,556
18960,658
18961,694
18962,629
18962,513
18962,570
18964,512
18965,704
18965,615
18966,559
18969,453
18970,474
18970,304
18972,500
18972,133
18973,650
18973,629
18974,742
18979,707
18980,733
18981,756
18982,467
18983,688
18983,688
18984,535
18987,754
18987,746
18988,656
18988,618
18989,699
18990,288
18992,717
18993,404
18993,394
18993,536
18994,660
18994,746
18997,624
18997,402
18997,415
18998,635
18998,660
19000,717
19004,580
19005,376
19006,701
19007,576
19007,626
19008,757
19009,601
19009,709
19010,385
19013,734
19016,389
19016,752
19028,752
19029,673
19032,621
19036,694
19037,704
19037,731
19038,670
19038,733
19038,655
19042,725
19042,706
19042,712
19043,682
19046,692
19046,697
19046,703
19047,510
19049,249
19052,655
19055,501
19057,394
19057,391
19057,434
19059,325
19059,757
19059,542
19061,639
19061,411
19062,710
19066,693
19067,641
19067,265
19070,737
19073,431
19074,177
19076,692
19076,728
19077,721
19077,717
19080,338
19080,536
19081,734
19082,540
19089,604
19089,664
19091,562
19092,665
19097,698
19101,569
19108,514
19109,755
19109,754
19111,748
19112,669
19115,733
19115,554
19118,623
19118,678
19119,258
19119,557
19122,358
19126,688
19126,698
19126,655
19129,580
19131,692
19133,756
19138,485
19138,739
19139,310
19139,409
19140,427
19142,752
19142,751
19143,700
19149,725
19150,459
19150,304
19154,728
19156,437
19157,613
19158,733
19161,436
19162,715
19164,248
19164,676
19165,725
19165,532
19169,665
19170,691
19171,729
19173,370
19174,226
19175,629
19175,622
19176,664
19177,687
19178,295
19179,528
19179,468
19179,551
19181,560
19184,691
19187,748
19190,402
19191,438
19192,745
19194,751
19197,508
19198,677
19199,744
19203,563
19204,689
19206,698
19207,193
19207,521
19208,721
19209,656
19209,702
19210,752
19212,500
19213,426
19216,617
19218,406
19219,673
19220,645
19222,691
19223,525
19224,625
19226,748
19227,362
19227,428
19228,738
19228,712
19228,723
19229,605
19229,692
19232,750
19234,662
19234,714
19234,755
19236,267
19238,731
19239,598
19241,574
19244,747
19250,668
19253,722
19261,608
19262,629
19262,528
19262,735
19268,744
19269,681
19269,272
19272,538
19273,719
19276,669
19276,674
19277,650
19277,517
19278,423
19279,687
19285,238
19285,348
19285,740
19286,745
19287,730
19289,648
19292,269
19292,566
19293,612
19293,522
19293,560
19293,698
19295,568
19296,731
19298,728
19298,444
19298,469
19299,683
19302,713
19302,719
19302,714
19303,544
19303,608
19307,731
19308,494
19312,754
19313,726
19317,610
19320,407
19324,616
19327,749
19327,756
19328,665
19330,755
19331,720
19335,706
19336,739
19337,592
19338,665
19338,616
19339,694
19339,476
19339,372
19339,663
19339,389
19340,757
19344,698
19344,673
19345,734
19346,665
19347,427
19348,528
19353,717
19353,513
19353,577
19354,506
19354,257
19354,276
19355,603
19355,750
19356,483
19358,648
19362,390
19364,592
19365,565
19366,587
19366,691
19367,738
19368,298
19371,534
19372,671
19375,661
19378,498
19379,416
19379,556
19380,594
19384,704
19384,686
19386,713
19386,730
19387,573
19387,672
19387,417
19387,755
19393,741
19393,714
19394,753
19395,623
19395,569
19397,568
19401,644
19402,522
19402,502
19402,717
19403,570
19403,697
19405,585
19405,600
19405,677
19411,621
19411,434
19413,680
19413,543
19413,722
19416,739
19418,631
19419,704
19419,690
19425,383
19426,692
19428,433
19429,557
19430,677
19434,465
19436,554
19439,751
19440,753
19441,59
19441,61
19445,755
19450,575
19453,737
19453,728
19453,704
19454,723
19454,752
19458,433
19458,518
19459,756
19461,744
19461,716
19462,618
19463,696
19468,757
19473,618
19473,723
19473,461
19475,494
19477,710
19478,595
19479,546
19483,649
19483,751
19483,755
19485,717
19486,557
19486,632
19490,648
19491,693
19492,359
19493,378
19493,439
19494,754
19495,514
19496,720
19497,448
19498,476
19500,750
19500,708
19502,618
19504,740
19506,646
19507,586
19509,667
19511,244
19512,654
19514,388
19515,357
19515,364
19517,564
19521,670
19522,701
19526,722
19532,642
19533,705
19536,304
19538,704
19538,585
19539,596
19543,512
19543,636
19544,728
19547,683
19547,661
19548,373
19550,729
19551,753
19555,541
19556,757
19556,693
19556,707
19557,569
19557,587
19560,499
19561,435
19561,639
19562,612
19562,727
19563,757
19565,703
19568,644
19568,616
19569,732
19569,754
19570,753
19571,721
19575,755
19578,154
19578,383
19578,521
19585,725
19587,744
19587,580
19594,332
19594,586
19597,674
19598,418
19602,594
19603,400
19605,732
19607,490
19608,483
19608,679
19608,543
19612,724
19614,757
19614,757
19616,636
19616,627
19616,665
19620,675
19623,697
19623,741
19623,594
19628,700
19630,723
19631,408
19631,422
19635,732
19643,403
19644,727
19644,606
19648,709
19648,678
19649,631
19649,698
19651,755
19652,579
19654,611
19654,728
19657,679
19658,482
19660,415
19661,705
19662,489
19662,450
19662,307
19666,715
19666,700
19668,747
19670,494
19672,592
19673,629
19675,630
19675,619
19676,707
19676,703
19678,601
19679,711
19679,752
19683,668
19684,649
19686,468
19687,347
19688,667
19688,713
19689,744
19691,679
19699,704
19699,634
19699,699
19700,530
19706,517
19706,511
19706,665
19710,675
19711,653
19713,710
19716,649
19716,651
19717,736
19719,477
19719,333
19722,629
19724,629
19724,438
19725,706
19726,742
19728,692
19729,748
19729,736
19730,712
19731,625
19731,699
19731,657
19733,706
19734,735
19735,601
19737,208
19738,606
19741,756
19744,756
19744,245
19747,726
19747,691
19747,720
19749,756
19750,660
19750,703
19753,706
19754,751
19755,656
19756,547
19756,539
19756,602
19757,647
19758,697
19760,448
19760,654
19762,739
19763,583
19765,249
19770,333
19771,731
19771,750
19772,257
19772,536
19773,737
19773,726
19776,692
19777,484
19777,614
19778,570
19778,622
19779,639
19780,469
19780,730
19784,454
19784,714
19787,701
19787,526
19789,697
19789,757
19791,545
19791,656
19792,734
19792,554
19793,564
19793,548
19799,705
19799,756
19799,685
19799,717
19800,596
19800,656
19802,756
19803,745
19804,577
19804,567
19806,585
19806,686
19811,755
19812,365
19813,533
19814,738
19817,514
19817,584
19820,605
19824,713
19828,677
19830,494
19831,736
19831,384
19832,658
19836,427
19837,743
19838,662
19840,700
19841,721
19845,738
19847,745
19847,747
19850,427
19851,651
19851,653
19851,680
19851,754
19853,752
19854,754
19858,661
19859,623
19860,339
19860,660
19863,731
19869,614
19870,731
19870,747
19870,652
19872,757
19872,757
19873,726
19875,627
19878,464
19882,643
19883,645
19883,720
19884,555
19887,326
19887,310
19887,555
19888,713
19888,684
19890,731
19890,710
19891,702
19892,399
19893,608
19894,515
19896,315
19899,533
19900,741
19900,667
19901,646
19903,729
19903,426
19907,647
19909,508
19909,535
19909,724
19911,703
19912,732
19913,754
19915,725
19920,748
19920,755
19924,579
19924,680
19925,615
19927,624
19928,516
19930,473
19931,690
19934,745
19936,692
19938,583
19941,453
19941,556
19942,299
19942,322
19944,741
19945,601
19946,512
19947,656
19948,665
19948,732
19948,652
19950,421
19954,749
19960,690
19966,756
19969,623
19973,730
19973,585
19973,620
19978,696
19979,726
19979,609
19980,727
19983,658
19984,743
19986,729
19986,644
19986,705
19987,676
19989,445
19989,459
19994,398
19999,757
19999,472
20003,742
20004,497
20006,558
20007,663
20007,756
20012,736
20016,561
20016,512
20020,348
20020,737
20022,710
20023,67
20023,353
20026,756
20026,756
20028,743
20028,746
20030,490
20032,433
20035,735
20036,613
20039,683
20040,661
20044,586
20046,729
20047,668
20050,624
20053,705
20055,628
20055,671
20056,636
20056,532
20057,754
20058,522
20058,557
20060,717
20062,523
20062,425
20074,520
20074,551
20075,742
20080,373
20083,614
20084,652
20085,403
20085,327
20085,582
20086,673
20087,700
20088,730
20090,727
20092,262
20094,715
20094,741
20099,747
20107,645
20107,523
20108,518
20108,599
20109,753
20110,568
20111,187
20112,749
20113,755
20121,679
20130,476
20131,756
20131,755
20134,586
20135,226
20135,264
20135,470
20136,532
20137,715
20139,416
20140,307
20140,445
20140,521
20140,732
20141,749
20143,461
20143,642
20146,231
20147,545
20148,711
20148,751
20149,434
20149,629
20150,649
20157,710
20158,643
20159,671
20159,695
20160,730
20160,751
20160,662
20161,635
20162,644
20162,598
20163,656
20164,494
20165,645
20166,745
20166,717
20167,681
20167,589
20167,554
20169,430
20171,662
20171,409
20173,650
20174,352
20174,646
20178,749
20179,724
20181,753
20186,623
20187,732
20187,642
20189,751
20189,725
20193,678
20194,677
20195,463
20197,710
20197,716
20198,733
20200,558
20200,648
20200,726
20201,528
20202,310
20202,650
20204,694
20205,683
20206,724
20206,749
20210,732
20211,533
20214,541
20215,532
20217,712
20221,492
20222,414
20222,668
20223,721
20223,588
20224,217
20224,599
20224,694
20224,205
20227,390
20229,602
20231,604
20236,731
20239,746
20243,493
20245,55
20245,450
20245,209
20248,500
20251,431
20251,576
20252,591
20253,232
20256,722
20257,663
20258,751
20263,301
20263,628
20264,641
20266,684
20266,678
20266,640
20267,705
20268,718
20269,464
20269,738
20270,751
20270,754
20270,747
20271,580
20273,497
20282,565
20282,645
20284,561
20287,542
20293,411
20297,442
20299,637
20302,751
20302,735
20305,755
20306,401
20306,382
20306,373
20310,629
20311,307
20322,621
20326,749
20327,608
20328,673
20330,696
20331,661
20331,744
20332,664
20334,716
20337,675
20338,500
20338,236
20340,377
20341,686
20342,752
20343,548
20345,701
20347,664
20351,410
20353,746
20354,705
20354,395
20354,326
20355,690
20359,644
20361,722
20361,679
20364,751
20365,653
20366,686
20366,699
20375,498
20377,692
20377,584
20378,582
20385,685
20385,676
20385,617
20386,521
20386,705
20389,520
20390,752
20392,658
20392,629
20394,633
20394,716
20397,736
20398,742
20398,632
20398,578
20399,267
20399,678
20400,756
20405,516
20407,745
20408,586
20408,703
20408,624
20410,624
20410,572
20411,579
20411,508
20412,399
20413,125
20416,732
20419,291
20420,725
20421,598
20423,307
20428,488
20430,707
20430,756
20431,384
20431,565
20431,360
20435,708
20435,536
20438,708
20443,190
20444,751
20444,749
20447,536
20449,629
20450,322
20452,471
20455,404
20455,695
20458,323
20459,737
20459,748
20462,705
20463,330
20463,475
20464,690
20465,213
20466,546
20466,568
20466,755
20467,290
20468,574
20468,713
20468,404
20470,754
20470,745
20472,716
20475,236
20476,693
20481,287
20481,663
20482,746
20484,664
20488,603
20488,463
20489,258
20491,715
20491,580
20493,731
20493,662
20494,294
20496,756
20497,739
20497,661
20497,738
20498,741
20499,621
20500,229
20508,466
20509,690
20510,677
20511,682
20511,689
20511,655
20514,181
20515,704
20518,416
20522,724
20524,723
20524,728
20525,528
20525,466
20526,435
20526,369
20527,684
20528,720
20529,669
20532,366
20532,659
20533,694
20533,685
20537,684
20543,578
20543,618
20548,512
20550,742
20550,578
20551,670
20553,705
20553,708
20561,636
20562,699
20562,670
20563,567
20564,596
20565,336
20565,631
20566,713
20567,615
20567,566
20567,457
20568,321
20570,586
20570,561
20571,554
20571,693
20573,707
20575,703
20576,748
20576,689
20577,215
20578,689
20578,356
20582,713
20582,748
20584,681
20588,133
20589,609
20591,722
20591,701
20592,481
20593,649
20594,621
20594,685
20596,586
20601,552
20603,338
20606,339
20606,423
20606,277
20606,580
20607,617
20610,571
20611,454
20612,736
20613,673
20616,533
20618,654
20619,640
20620,572
20622,754
20624,463
20625,724
20626,263
20627,702
20628,430
20628,531
20630,716
20631,238
20633,733
20633,120
20633,593
20636,744
20641,185
20641,695
20642,514
20647,252
20649,714
20652,734
20654,667
20654,640
20656,173
20659,684
20659,610
20659,542
20663,279
20663,304
20671,242
20671,263
20675,216
20675,757
20677,718
20678,504
20683,202
20684,661
20687,704
20688,525
20690,740
20691,411
20695,521
20696,516
20697,729
20697,577
20704,755
20704,708
20707,598
20709,551
20709,688
20712,708
20714,629
20720,731
20720,748
20720,731
20722,720
20722,754
20723,255
20723,180
20723,670
20724,133
20726,101
20727,485
20729,579
20733,757
20733,757
20736,751
20741,477
20741,600
20741,462
20746,632
20746,752
20747,741
20750,753
20750,407
20751,487
20752,754
20753,552
20754,577
20755,285
20756,581
20756,593
20757,242
20758,741
20758,165
20759,495
20759,601
20760,649
20762,472
20765,306
20765,702
20767,455
20769,686
20770,725
20770,724
20770,731
20770,672
20771,514
20771,590
20771,617
20773,694
20774,745
20774,737
20775,720
20775,705
20775,734
20784,683
20784,611
20786,694
20788,601
20789,709
20791,676
20793,755
20794,389
20794,694
20797,453
20797,645
20797,692
20799,279
20799,483
20801,91
20801,137
20801,672
20803,755
20808,238
20812,755
20812,733
20813,293
20813,202
20813,405
20813,330
20814,478
20816,688
20816,614
20818,687
20819,640
20820,314
20820,484
20823,530
20823,674
20823,383
20825,749
20828,730
20832,657
20838,646
20838,577
20840,582
20842,666
20844,732
20844,725
20844,645
20846,752
20846,685
20847,709
20848,417
20853,305
20857,686
20859,652
20866,633
20866,567
20868,702
20871,547
20872,189
20873,735
20874,734
20875,702
20878,717
20882,725
20882,695
20882,737
20883,729
20883,752
20885,632
20886,624
20890,755
20891,479
20891,594
20893,568
20894,589
20894,239
20896,383
20898,485
20904,489
20904,641
20904,594
20906,342
20912,737
20912,742
20920,645
20920,698
20922,499
20922,581
20923,311
20923,661
20926,731
20927,662
20928,665
20928,687
20935,387
20935,68
20937,757
20938,644
20944,739
20946,372
20953,731
20954,722
20954,745
20954,709
20959,662
20959,713
20965,703
20967,736
20967,586
20967,577
20968,558
20969,665
20970,542
20971,719
20973,504
20974,632
20975,581
20976,350
20977,615
20979,508
20979,519
20983,729
20983,626
20984,741
20985,574
20990,229
20993,721
20994,445
20994,565
20995,518
20999,558
21000,705
21000,679
21001,657
21002,194
21004,636
21004,714
21005,573
21005,694
21006,596
21008,743
21008,755
21010,291
21011,522
21011,746
21014,582
21015,675
21016,734
21017,282
21017,145
21019,287
21025,463
21032,740
21035,671
21036,517
21037,618
21038,747
21042,744
21043,613
21043,639
21046,735
21046,732
21050,409
21050,671
21050,717
21050,622
21051,706
21052,479
21053,757
21054,517
21054,302
21054,593
21057,756
21057,662
21058,295
21058,703
21059,388
21060,721
21062,541
21064,653
21065,562
21067,740
21068,564
21070,753
21073,696
21074,742
21074,646
21076,716
21077,693
21078,710
21081,737
21084,727
21088,399
21093,718
21095,665
21096,625
21097,744
21099,751
21099,737
21100,754
21101,756
21104,717
21107,750
21108,716
21110,324
21119,351
21124,587
21124,123
21125,708
21125,689
21125,588
21127,141
21129,379
21129,530
21129,316
21130,579
21130,540
21136,297
21137,711
21137,695
21137,561
21138,728
21139,739
21140,615
21142,752
21144,201
21145,188
21146,465
21147,651
21148,680
21152,288
21153,682
21153,674
21156,511
21157,402
21158,228
21159,755
21159,657
21167,752
21170,522
21172,441
21173,513
21177,732
21178,752
21179,176
21179,194
21179,172
21181,573
21182,746
21185,678
21186,666
21188,582
21188,602
21190,507
21190,553
21190,750
21192,585
21192,738
21199,757
21202,682
21207,388
21207,657
21207,669
21208,731
21209,700
21209,687
21209,697
21210,349
21214,740
21215,686
21216,563
21219,444
21220,711
21221,634
21221,630
21221,523
21224,297
21224,685
21224,704
21226,571
21226,728
21227,631
21228,749
21229,541
21230,556
21233,629
21233,573
21246,751
21247,747
21247,739
21248,710
21249,616
21250,642
21253,579
21254,654
21254,628
21257,691
21259,756
21259,757
21263,617
21263,646
21265,681
21267,647
21267,503
21268,740
21269,717
21269,616
21269,469
21276,707
21280,409
21281,653
21282,720
21286,671
21287,614
21292,704
21295,680
21295,489
21296,731
21296,718
21296,726
21297,586
21298,666
21303,549
21303,611
21303,566
21303,737
21306,696
21307,748
21307,743
21309,656
21310,361
21311,589
21311,493
21313,754
21313,757
21313,685
21315,450
21316,661
21318,713
21318,423
21320,571
21323,730
21324,645
21325,376
21328,632
21330,718
21333,735
21334,752
21336,625
21336,610
21337,706
21338,744
21338,709
21339,233
21343,435
21343,535
21347,727
21347,717
21348,504
21348,409
21348,517
21352,650
21352,560
21356,311
21361,727
21363,756
21364,475
21365,453
21367,538
21369,266
21372,381
21373,693
21375,686
21375,437
21375,670
21375,445
21375,318
21376,745
21376,716
21379,675
21379,684
21380,667
21384,722
21386,675
21387,453
21387,160
21388,644
21389,423
21391,742
21394,510
21402,239
21403,480
21404,512
21405,466
21406,692
21406,611
21407,322
21407,634
21408,742
21409,600
21409,546
21412,681
21414,371
21415,694
21417,471
21419,719
21420,299
21423,723
21423,729
21425,686
21430,702
21430,179
21431,652
21432,516
21432,595
21433,752
21433,748
21434,750
21435,621
21435,718
21439,626
21441,727
21441,748
21442,529
21442,593
21446,304
21446,326
21447,723
21447,704
21449,423
21451,719
21452,230
21452,383
21454,639
21454,595
21456,478
21457,752
21458,432
21458,437
21460,583
21461,364
21464,697
21470,727
21471,666
21471,573
21474,539
21474,570
21475,382
21479,750
21480,687
21482,268
21484,395
21484,84
21491,745
21498,687
21499,615
21504,483
21504,568
21507,674
21507,654
21509,694
21513,381
21514,484
21514,707
21514,657
21514,524
21517,296
21518,708
21519,690
21520,727
21522,635
21522,607
21524,377
21527,535
21528,292
21530,474
21530,558
21532,532
21533,575
21533,725
21533,552
21536,498
21537,718
21539,603
21541,512
21543,757
21545,716
21546,755
21547,670
21548,751
21552,548
21553,754
21553,710
21556,695
21556,494
21558,722
21558,690
21558,659
21561,442
21563,705
21565,755
21565,743
21567,438
21573,441
21574,732
21575,558
21578,379
21578,606
21578,744
21578,432
21579,453
21580,452
21582,685
21585,477
21587,664
21587,733
21588,579
21590,616
21590,270
21591,710
21591,735
21591,757
21591,732
21592,750
21593,710
21599,601
21600,691
21601,477
21606,755
21607,740
21610,451
21611,651
21613,582
21613,630
21615,704
21616,299
21616,312
21616,596
21618,743
21618,742
21618,703
21619,716
21620,528
21622,567
21623,730
21623,721
21623,752
21625,754
21625,310
21627,742
21628,755
21630,237
21631,449
21632,378
21632,647
21633,665
21634,263
21634,497
21636,383
21637,414
21639,233
21642,658
21649,755
21650,727
21651,380
21658,714
21658,735
21661,579
21664,408
21667,731
21668,645
21669,566
21669,691
21671,534
21671,756
21673,693
21673,686
21673,738
21680,753
21681,711
21683,527
21683,242
21685,473
21687,612
21687,223
21687,506
21689,647
21690,742
21692,719
21693,629
21693,665
21693,659
21694,120
21696,552
21696,92
21697,491
21698,608
21699,715
21702,681
21705,753
21710,387
21710,552
21712,259
21712,410
21713,635
21714,745
21714,538
21715,748
21715,560
21716,737
21719,650
21720,684
21720,694
21722,547
21723,641
21724,666
21724,340
21724,611
21733,702
21734,642
21734,598
21741,421
21744,657
21744,517
21746,583
21747,602
21749,731
21751,651
21751,599
21754,757
21759,756
21760,359
21770,341
21771,360
21773,757
21774,593
21776,744
21776,756
21777,757
21778,611
21779,740
21780,340
21781,625
21784,547
21784,614
21785,620
21787,596
21789,728
21789,531
21789,674
21790,679
21791,517
21793,610
21793,727
21796,262
21796,349
21797,306
21800,82
21801,742
21807,728
21808,749
21810,730
21811,641
21812,416
21814,652
21825,500
21829,618
21831,459
21833,633
21840,497
21843,725
21843,602
21844,489
21844,621
21845,753
21846,688
21848,686
21851,750
21851,720
21852,703
21853,594
21853,723
21853,595
21854,757
21856,641
21856,596
21857,727
21857,575
21858,607
21859,616
21861,657
21862,649
21863,466
21865,184
21865,537
21870,344
21871,553
21872,654
21874,303
21875,557
21875,470
21877,727
21878,645
21882,663
21882,619
21882,596
21882,738
21884,728
21886,750
21886,741
21886,710
21889,689
21890,738
21891,539
21891,735
21891,579
21891,679
21891,564
21893,427
21893,624
21894,644
21894,710
21896,562
21899,587
21899,670
21899,557
21900,738
21901,733
21904,722
21906,628
21907,696
21907,429
21913,683
21915,486
21917,750
21917,754
21918,720
21919,666
21920,742
21921,668
21921,300
21923,455
21924,659
21926,667
21930,731
21931,670
21931,634
21935,726
21938,182
21938,407
21940,527
21941,417
21943,680
21944,405
21948,477
21951,735
21953,744
21953,746
21954,730
21956,624
21956,706
21957,636
21960,423
21961,202
21962,687
21963,509
21964,448
21965,714
21965,746
21969,660
21971,473
21972,730
21972,687
21973,695
21973,590
21978,605
21978,607
21978,643
21980,595
21982,747
21983,529
21985,494
21986,581
21988,556
21988,713
21990,653
21993,451
21994,441
21996,320
22000,642
22000,608
22001,217
22004,621
22006,644
22007,464
22009,694
22010,653
22010,685
22012,745
22012,752
22013,701
22016,728
22019,613
22020,730
22021,731
22022,746
22022,625
22023,363
22025,739
22025,712
22025,682
22028,664
22029,625
22030,622
22034,600
22035,616
22037,655
22041,306
22043,728
22044,586
22046,706
22046,544
22050,709
22052,425
22052,697
22052,605
22053,721
22057,757
22057,755
22057,754
22057,756
22059,653
22060,696
22065,495
22065,638
22065,433
22066,757
22067,531
22067,573
22068,748
22068,673
22068,744
22069,737
22072,655
22072,601
22073,690
22073,683
22073,665
22078,273
22078,690
22080,755
22080,743
22084,725
22092,132
22093,687
22093,749
22093,682
22094,661
22096,756
22097,569
22100,532
22101,593
22101,670
22102,752
22102,757
22103,707
22103,751
22105,750
22106,292
22106,440
22107,666
22107,729
22108,698
22109,654
22109,645
22112,698
22116,631
22116,638
22118,755
22123,674
22124,739
22125,654
22125,314
22127,724
22127,708
22128,653
22130,753
22131,596
22135,509
22138,599
22139,469
22140,636
22142,737
22142,719
22147,656
22148,657
22148,372
22152,294
22156,406
22159,707
22161,737
22162,583
22162,370
22163,718
22163,455
22163,456
22164,752
22167,589
22169,742
22169,698
22171,564
22177,683
22177,755
22177,363
22178,663
22179,434
22183,676
22186,691
22187,743
22188,338
22191,484
22192,757
22194,755
22196,552
22198,650
22200,735
22201,757
22201,743
22203,596
22203,563
22205,352
22206,629
22206,700
22210,684
22212,363
22213,757
22214,607
22217,746
22220,294
22224,467
22226,596
22226,693
22227,741
22227,752
22228,674
22228,590
22230,719
22231,60
22232,495
22232,238
22233,749
22237,503
22240,752
22240,689
22244,662
22244,679
22245,547
22246,610
22246,710
22248,707
22249,718
22251,709
22251,622
22253,264
22253,298
22255,727
22255,729
22257,692
22258,708
22258,704
22259,756
22260,647
22265,502
22265,478
22266,721
22268,665
22270,82
22271,227
22280,711
22280,655
22282,704
22284,724
22284,731
22285,495
22288,738
22288,756
22288,719
22290,551
22293,756
22293,624
22293,413
22294,677
22298,316
22299,365
22299,726
22302,457
22303,493
22303,281
22305,622
22305,259
22306,440
22307,752
22310,718
22311,745
22312,740
22313,647
22316,627
22318,461
22319,717
22324,636
22324,698
22328,697
22331,724
22334,751
22334,531
22334,485
22335,663
22336,590
22338,529
22338,356
22339,519
22339,556
22340,598
22341,681
22341,544
22341,389
22344,352
22348,753
22348,753
22348,756
22352,728
22358,724
22361,489
22361,735
22361,442
22362,579
22367,631
22368,534
22368,630
22369,712
22372,658
22374,755
22374,343
22375,372
22380,534
22382,753
22382,704
22382,733
22383,645
22387,735
22387,702
22389,671
22391,597
22392,545
22394,705
22398,748
22399,580
22400,611
22401,734
22401,737
22403,656
22404,603
22406,626
22413,174
22413,274
22415,695
22416,740
22418,404
22418,469
22419,633
22422,651
22426,422
22427,372
22428,743
22429,671
22429,546
22430,669
22430,727
22431,438
22432,719
22432,735
22432,697
22433,724
22435,753
22435,739
22436,412
22436,350
22438,511
22438,729
22439,757
22439,696
22440,508
22443,370
22448,582
22458,576
22463,277
22464,665
22469,728
22470,233
22470,254
22471,700
22471,677
22472,82
22475,723
22476,733
22476,742
22478,667
22478,646
22481,689
22482,625
22483,715
22485,723
22488,687
22489,663
22490,753
22491,724
22491,650
22492,623
22496,726
22496,572
22498,596
22498,429
22498,627
22499,326
22503,524
22505,721
22508,709
22509,420
22509,689
22509,492
22513,583
22514,637
22514,605
22514,504
22516,388
22517,757
22517,742
22518,752
22519,717
22520,681
22521,632
22522,734
22526,635
22527,662
22529,420
22530,636
22530,712
22531,662
22532,550
22534,649
22538,736
22538,265
22540,517
22541,621
22541,677
22541,573
22542,655
22543,729
22548,591
22548,357
22548,604
22550,689
22550,687
22551,592
22551,556
22554,702
22554,698
22555,660
22556,278
22561,689
22561,710
22562,589
22567,753
22569,664
22569,667
22573,665
22574,698
22575,681
22576,671
22576,708
22578,739
22579,443
22580,608
22581,607
22581,713
22582,677
22583,306
22584,166
22585,676
22588,334
22588,747
22592,725
22599,713
22599,729
22599,749
22607,751
22607,727
22609,296
22609,365
22612,746
22613,682
22614,634
22616,722
22617,403
22617,367
22619,570
22619,666
22625,737
22625,727
22625,754
22628,589
22630,733
22631,324
22631,572
22638,717
22638,709
22638,722
22641,613
22641,110
22643,162
22643,253
22647,592
22648,743
22650,462
22653,567
22653,620
22653,713
22654,355
22654,457
22657,717
22657,708
22657,684
22658,747
22658,751
22658,741
22658,746
22659,610
22660,138
22663,740
22664,691
22668,480
22669,743
22669,743
22671,549
22678,752
22681,656
22684,259
22685,497
22688,600
22688,664
22691,726
22691,603
22692,751
22693,625
22693,641
22696,715
22696,680
22697,203
22697,121
22699,705
22699,719
22700,607
22701,744
22705,725
22706,632
22712,750
22713,757
22714,455
22714,529
22715,540
22717,613
22718,618
22718,703
22720,741
22720,341
22720,168
22720,667
22721,656
22723,740
22723,742
22724,349
22726,740
22727,721
22727,642
22728,731
22730,678
22730,459
22732,753
22732,739
22732,740
22733,618
22734,620
22735,477
22736,461
22737,725
22739,756
22742,740
22743,665
22745,695
22746,696
22748,567
22752,307
22756,713
22758,733
22758,744
22759,541
22761,697
22762,329
22763,392
22763,652
22765,742
22766,738
22767,614
22767,695
22767,567
22771,677
22778,441
22778,481
22779,690
22781,757
22781,755
22788,681
22788,708
22789,755
22790,507
22791,702
22794,636
22794,235
22796,756
22798,688
22805,513
22805,652
22807,698
22808,613
22812,548
22814,424
22814,437
22820,685
22821,684
22822,712
22822,757
22826,605
22826,608
22826,658
22829,500
22829,266
22833,743
22833,596
22834,404
22834,316
22835,709
22836,733
22836,635
22837,742
22839,599
22839,681
22840,661
22841,757
22842,610
22842,540
22844,587
22849,494
22849,533
22851,735
22852,603
22852,531
22852,658
22853,723
22854,382
22854,407
22856,692
22857,743
22861,114
22864,571
22866,483
22867,713
22867,680
22869,709
22870,407
22870,517
22874,231
22875,641
22876,690
22879,749
22879,721
22879,698
22882,689
22882,710
22883,599
22887,272
22888,541
22888,567
22889,497
22890,717
22891,723
22894,317
22896,618
22898,166
22900,623
22902,597
22903,722
22904,477
22904,502
22904,707
22907,565
22907,553
22908,704
22914,636
22915,566
22915,336
22915,540
22917,562
22921,600
22921,550
22922,733
22923,636
22923,510
22923,737
22923,603
22925,576
22928,271
22928,726
22933,557
22940,707
22940,725
22942,490
22942,597
22944,129
22945,320
22946,221
22950,258
22953,619
22953,714
22955,691
22955,751
22956,655
22957,390
22957,662
22961,217
22967,757
22968,704
22968,684
22969,707
22970,600
22970,633
22972,230
22972,140
22972,507
22972,190
22973,456
22973,350
22973,463
22974,530
22974,637
22978,663
22981,548
22984,476
22984,518
22988,751
22992,671
22992,663
22993,376
22993,384
22993,604
22998,687
23000,755
23000,757
23000,755
23002,597
23002,507
23002,582
23006,507
23008,605
23010,739
23011,282
23011,261
23012,684
23012,524
23014,659
23014,675
23015,239
23017,731
23018,686
23019,465
23019,412
23021,389
23025,694
23025,622
23028,713
23028,519
23030,732
23030,378
23033,515
23035,313
23036,751
23037,752
23040,719
23041,663
23042,447
23042,589
23042,698
23045,726
23046,699
23047,438
23050,470
23052,592
23052,625
23052,594
23055,603
23056,368
23058,569
23058,705
23060,711
23060,733
23063,685
23064,616
23065,420
23066,713
23067,747
23068,679
23069,518
23070,514
23070,746
23070,742
23071,181
23071,163
23074,726
23074,607
23076,560
23076,690
23076,666
23079,707
23080,551
23080,693
23084,505
23084,434
23086,532
23087,236
23089,164
23089,205
23091,512
23093,726
23093,555
23094,757
23096,504
23105,610
23106,727
23111,118
23111,106
23113,660
23117,480
23118,688
23118,619
23123,730
23124,753
23125,571
23126,680
23128,755
23133,544
23133,285
23133,433
23136,693
23141,424
23142,693
23142,681
23143,254
23145,568
23147,660
23149,655
23149,659
23149,586
23152,708
23153,392
23154,725
23155,104
23155,111
23157,579
23157,681
23157,652
23157,561
23158,741
23159,737
23160,348
23163,641
23163,635
23163,635
23164,626
23165,652
23173,744
23174,662
23176,729
23179,626
23179,551
23179,299
23181,740
23181,592
23183,690
23184,645
23185,503
23186,676
23187,747
23190,700
23191,340
23197,600
23201,648
23203,713
23203,736
23204,108
23207,745
23207,735
23210,607
23212,650
23213,235
23213,718
23219,369
23219,500
23222,755
23225,730
23227,723
23227,741
23227,750
23228,625
23229,737
23231,711
23232,637
23233,564
23236,412
23236,705
23238,324
23240,608
23240,634
23240,635
23245,701
23246,669
23246,683
23248,583
23248,655
23250,731
23250,721
23254,599
23255,741
23256,726
23258,649
23258,598
23259,626
23259,490
23260,274
23260,165
23261,727
23261,662
23269,704
23274,402
23274,525
23278,627
23278,755
23279,750
23281,609
23284,533
23286,372
23286,350
23289,458
23289,293
23292,666
23293,663
23294,393
23294,643
23294,693
23295,749
23296,485
23298,745
23298,728
23299,677
23299,667
23300,747
23302,229
23304,736
23305,566
23305,438
23306,724
23307,500
23308,756
23308,757
23309,664
23310,117
23313,651
23313,720
23314,190
23314,281
23315,383
23317,721
23317,742
23318,315
23318,358
23322,757
23323,693
23325,663
23325,540
23327,528
23329,660
23332,685
23335,586
23336,725
23337,652
23338,654
23339,611
23341,504
23344,732
23345,689
23348,518
23348,437
23349,756
23351,561
23359,586
23361,460
23361,683
23362,679
23363,492
23366,463
23366,679
23367,545
23367,713
23369,744
23376,723
23378,671
23378,693
23382,725
23382,696
23383,535
23384,233
23384,172
23387,749
23396,753
23397,475
23399,651
23399,515
23400,605
23404,746
23410,731
23412,646
23412,757
23421,573
23423,597
23424,612
23425,628
23426,579
23427,563
23428,421
23432,196
23432,397
23432,657
23433,569
23434,715
23436,534
23436,674
23437,605
23438,499
23438,516
23441,744
23442,638
23450,734
23453,751
23453,722
23456,493
23456,446
23462,725
23464,464
23466,737
23467,755
23467,756
23469,651
23469,663
23470,669
23481,312
23484,592
23486,748
23486,727
23488,705
23489,720
23489,665
23489,674
23489,649
23491,364
23491,630
23491,712
23495,687
23499,533
23500,754
23504,732
23504,741
23504,724
23505,742
23505,735
23507,697
23508,744
23508,508
23508,483
23508,499
23510,744
23512,668
23512,494
23514,724
23515,583
23518,734
23518,706
23519,305
23520,748
23523,715
23526,723
23526,561
23529,613
23529,343
23530,621
23531,419
23534,755
23535,241
23536,607
23537,515
23541,753
23541,730
23543,634
23544,633
23545,671
23545,704
23549,329
23550,456
23554,435
23554,495
23555,161
23555,293
23556,153
23556,723
23558,694
23559,654
23559,702
23559,719
23559,667
23561,704
23562,467
23562,378
23563,728
23565,565
23566,754
23566,577
23569,688
23572,756
23573,343
23577,658
23579,547
23581,679
23582,612
23582,750
23583,722
23584,582
23585,720
23585,541
23589,716
23593,586
23593,569
23594,298
23599,734
23603,468
23603,347
23605,644
23606,635
23608,673
23611,726
23611,558
23612,211
23613,466
23613,682
23613,756
23615,281
23615,573
23616,664
23617,680
23622,755
23624,755
23629,348
23630,426
23637,561
23643,260
23643,285
23646,535
23647,704
23647,738
23654,754
23655,571
23657,683
23658,540
23661,667
23662,720
23668,656
23668,649
23673,707
23674,539
23674,503
23675,429
23677,259
23678,540
23680,739
23681,569
23685,358
23686,406
23686,481
23686,373
23689,315
23690,281
23690,383
23695,231
23695,288
23697,747
23702,730
23702,708
23702,735
23704,159
23704,631
23704,178
23704,110
23704,571
23705,716
23706,622
23707,714
23708,633
23709,479
23709,139
23712,656
23716,624
23719,451
23719,68
23721,599
23722,665
23724,377
23725,676
23725,678
23726,714
23730,736
23732,475
23733,536
23737,713
23742,565
23744,614
23744,629
23745,688
23749,316
23751,575
23751,320
23752,634
23753,635
23753,594
23755,735
23755,728
23757,721
23760,756
23760,728
23765,694
23766,747
23767,695
23767,757
23767,729
23769,663
23769,646
23771,653
23772,632
23772,720
23774,649
23774,611
23775,743
23775,345
23776,589
23779,671
23779,543
23781,586
23789,361
23792,710
23804,739
23804,732
23805,557
23805,193
23807,712
23810,129
23810,629
23815,655
23817,628
23820,733
23822,591
23822,204
23823,751
23824,691
23828,544
23831,719
23833,639
23834,739
23834,747
23836,693
23836,684
23836,676
23837,678
23838,579
23838,124
23842,172
23843,707
23845,511
23845,403
23846,686
23846,757
23846,712
23848,285
23848,500
23848,583
23848,676
23849,730
23852,578
23853,411
23853,601
23859,714
23859,752
23862,684
23863,370
23863,290
23864,708
23865,666
23866,741
23869,353
23870,708
23871,750
23872,298
23872,481
23873,613
23873,678
23873,682
23876,751
23877,726
23877,597
23877,637
23878,652
23878,511
23880,752
23883,743
23886,642
23887,491
23889,533
23889,744
23890,58
23892,544
23893,542
23893,559
23894,646
23894,478
23895,443
23895,595
23896,694
23898,351
23899,746
23900,596
23900,724
23906,544
23909,678
23910,754
23911,752
23911,657
23912,417
23912,113
23914,379
23916,747
23917,617
23921,600
23922,438
23923,731
23924,545
23924,213
23925,694
23930,638
23931,720
23933,725
23934,623
23935,632
23942,753
23945,737
23946,662
23946,637
23946,549
23946,611
23948,419
23953,288
23957,400
23958,607
23961,573
23962,701
23965,702
23971,718
23975,697
23975,599
23976,749
23976,756
23976,757
23981,567
23981,688
23981,662
23982,725
23988,717
23997,570
23998,647
23999,624
23999,638
24002,698
24002,375
24004,610
24008,535
24008,711
24008,595
24009,394
24010,452
24011,743
24013,721
24015,682
24016,640
24022,694
24022,658
24023,691
24023,692
24025,437
24028,674
24030,299
24031,479
24032,593
24032,751
24034,673
24034,170
24035,751
24035,731
24037,671
24038,738
24038,741
24038,750
24038,748
24040,718
24040,582
24042,717
24042,730
24048,627
24048,605
24049,735
24050,634
24051,753
24054,327
24056,687
24057,538
24057,686
24058,754
24060,673
24062,402
24063,535
24065,684
24067,646
24068,421
24068,289
24072,757
24072,755
24073,710
24073,704
24073,739
24075,678
24075,717
24076,757
24076,756
24076,756
24078,726
24079,678
24081,747
24082,675
24085,732
24086,365
24086,460
24090,332
24091,585
24092,560
24099,715
24100,582
24101,610
24103,408
24108,679
24112,243
24112,390
24114,736
24114,728
24117,751
24118,597
24118,636
24118,633
24119,433
24121,209
24122,661
24122,712
24124,450
24129,697
24131,745
24131,688
24131,663
24135,588
24135,584
24135,542
24137,704
24139,691
24140,663
24143,400
24144,290
24144,388
24145,530
24149,490
24150,723
24159,673
24161,618
24161,696
24163,618
24164,609
24167,468
24168,197
24169,563
24170,725
24171,529
24172,683
24174,543
24174,579
24178,534
24179,743
24179,747
24179,726
24181,667
24181,638
24183,696
24186,616
24187,646
24189,386
24189,504
24190,665
24192,497
24192,293
24195,382
24195,299
24196,709
24198,524
24199,677
24199,505
24199,496
24199,491
24200,391
24200,584
24201,582
24202,737
24204,742
24204,308
24204,536
24205,405
24208,546
24213,517
24216,601
24218,737
24218,675
24218,756
24219,755
24220,740
24220,741
24222,619
24224,404
24226,583
24226,572
24228,721
24228,698
24229,500
24230,602
24231,129
24231,698
24233,586
24234,681
24235,744
24235,754
24235,746
24235,748
24236,388
24238,561
24241,731
24241,754
24241,704
24245,459
24248,550
24250,547
24253,543
24253,654
24259,506
24261,748
24261,755
24270,511
24271,244
24274,606
24275,730
24278,610
24279,269
24281,745
24283,709
24283,547
24287,706
24289,616
24296,512
24297,701
24300,336
24302,684
24303,491
24307,698
24308,152
24309,610
24310,333
24312,546
24313,460
24315,757
24317,721
24319,564
24319,667
24320,737
24325,740
24326,509
24326,684
24327,716
24329,636
24332,483
24334,599
24334,755
24334,580
24334,452
24335,695
24338,733
24338,673
24340,635
24344,336
24346,692
24348,722
24350,712
24351,748
24353,658
24353,652
24354,698
24359,408
24361,498
24363,577
24367,230
24368,736
24369,737
24371,757
24380,545
24384,512
24385,573
24387,603
24395,302
24396,710
24396,561
24401,723
24402,672
24403,501
24406,732
24407,683
24412,609
24412,651
24415,339
24415,430
24415,302
24416,618
24416,686
24420,752
24422,625
24429,674
24429,409
24431,724
24431,679
24431,634
24432,700
24432,615
24441,590
24444,748
24444,576
24444,602
24445,619
24447,390
24447,370
24450,187
24450,252
24451,279
24456,594
24456,593
24456,681
24458,516
24460,630
24460,694
24462,592
24464,378
24464,588
24464,502
24466,295
24466,382
24470,730
24470,750
24471,749
24471,708
24472,384
24474,566
24474,529
24474,629
24475,623
24475,596
24475,686
24476,343
24476,614
24476,474
24479,725
24482,734
24482,730
24482,752
24486,663
24487,710
24490,715
24492,733
24493,285
24493,749
24496,752
24497,739
24497,736
24501,757
24501,757
24507,412
24508,709
24512,611
24514,620
24515,485
24519,702
24520,757
24520,753
24520,754
24521,564
24522,553
24523,532
24527,616
24527,720
24529,609
24529,650
24531,583
24531,588
24533,195
24534,466
24537,254
24538,589
24540,735
24540,550
24541,720
24542,486
24546,662
24549,416
24550,591
24552,733
24553,724
24556,682
24557,750
24560,588
24563,587
24564,639
24564,532
24564,742
24569,422
24569,573
24570,569
24570,544
24572,614
24572,500
24573,617
24574,636
24576,168
24576,459
24577,735
24579,612
24579,667
24583,468
24583,674
24584,700
24585,701
24588,293
24588,431
24589,674
24590,645
24594,386
24595,727
24601,529
24601,405
24602,672
24603,636
24603,415
24604,731
24607,490
24612,322
24614,219
24616,745
24616,258
24617,747
24618,478
24618,551
24619,685
24622,660
24622,469
24622,702
24623,756
24626,418
24626,458
24626,462
24631,712
24632,477
24632,326
24633,656
24633,708
24634,419
24636,663
24637,716
24640,714
24641,609
24641,620
24646,627
24647,514
24648,663
24651,748
24660,538
24660,440
24661,638
24666,670
24667,679
24668,618
24668,89
24669,208
24670,657
24670,599
24670,756
24672,744
24672,757
24674,754
24674,435
24675,705
24677,88
24678,652
24679,391
24679,342
24681,698
24681,641
24685,728
24685,572
24686,736
24686,743
24688,487
24689,725
24692,619
24692,493
24692,533
24693,681
24696,245
24698,603
24699,633
24702,718
24702,607
24703,525
24704,674
24706,337
24706,592
24709,698
24710,746
24710,722
24715,687
24715,734
24718,698
24719,578
24720,650
24720,696
24720,548
24720,387
24720,309
24722,757
24723,355
24724,578
24727,670
24729,423
24729,691
24732,629
24734,710
24737,587
24737,656
24739,523
24741,653
24746,364
24753,699
24755,701
24757,439
24758,748
24758,651
24758,526
24759,695
24760,574
24764,715
24766,470
24769,743
24770,540
24771,733
24773,398
24773,447
24774,716
24778,684
24779,409
24780,750
24780,639
24783,670
24786,613
24786,638
24789,691
24789,692
24790,502
24793,629
24794,734
24795,641
24795,551
24796,664
24797,717
24797,727
24797,720
24800,623
24800,627
24802,744
24804,661
24804,744
24804,667
24804,705
24808,751
24813,719
24813,739
24813,702
24814,582
24814,513
24819,424
24819,539
24820,420
24821,727
24822,741
24823,654
24824,498
24825,539
24825,714
24826,443
24827,571
24831,418
24831,565
24835,735
24836,518
24836,421
24838,651
24838,701
24841,738
24843,701
24846,711
24850,739
24857,621
24857,381
24857,427
24860,703
24865,756
24866,724
24867,314
24869,510
24872,614
24873,726
24873,743
24875,627
24877,618
24880,640
24880,381
24881,652
24881,639
24881,722
24882,562
24884,659
24885,693
24888,722
24889,608
24889,679
24892,584
24893,437
24894,488
24895,729
24896,676
24898,421
24900,654
24900,630
24900,464
24903,450
24904,460
24904,496
24905,320
24909,756
24912,747
24914,567
24915,689
24919,720
24921,756
24921,738
24922,650
24924,647
24925,570
24927,488
24931,442
24931,553
24934,746
24936,563
24938,438
24939,680
24941,629
24942,519
24943,721
24944,694
24950,369
24951,529
24951,751
24954,714
24958,610
24958,689
24959,641
24959,448
24959,348
24960,654
24961,642
24963,353
24965,730
24966,468
24968,617
24969,693
24969,635
24971,633
24972,446
24973,437
24974,641
24975,463
24975,458
24975,472
24976,746
24976,731
24979,746
24980,756
24981,720
24982,730
24982,541
24983,622
24983,658
24983,479
24984,716
24985,712
24985,742
24985,678
24986,581
24986,493
24989,561
24989,595
24991,749
24992,680
24992,681
24995,381
24995,686
24996,673
25002,659
25007,757
25009,731
25010,748
25011,605
25011,698
25012,483
25012,363
25013,685
25015,676
25015,596
25017,582
25017,755
25018,611
25018,386
25020,690
25025,184
25027,662
25028,575
25029,586
25030,731
25030,724
25031,610
25038,495
25038,560
25040,720
25040,739
25042,720
25042,700
25042,751
25043,445
25043,393
25045,465
25047,664
25051,372
25052,653
25053,727
25053,529
25056,717
25059,745
25059,747
25059,745
25060,545
25060,547
25063,527
25063,580
25067,521
25068,706
25069,722
25071,534
25072,754
25073,747
25075,286
25079,757
25080,258
25085,707
25086,749
25089,744
25089,688
25090,675
25090,595
25096,650
25097,647
25097,744
25102,307
25102,737
25103,463
25103,655
25104,451
25107,670
25107,203
25108,597
25109,644
25109,541
25110,363
25112,548
25113,678
25114,499
25116,715
25121,659
25121,737
25126,279
25131,676
25131,710
25131,664
25132,609
25136,101
25136,454
25139,667
25139,732
25141,574
25143,576
25146,428
25151,710
25151,732
25152,660
25154,734
25154,742
25154,594
25154,693
25156,531
25157,673
25158,550
25158,622
25158,590
25161,382
25161,348
25164,692
25167,596
25167,646
25167,532
25168,670
25169,365
25170,665
25171,674
25173,706
25176,711
25177,734
25180,732
25181,750
25187,715
25191,747
25193,655
25195,429
25196,469
25196,418
25197,731
25197,690
25198,742
25199,492
25199,105
25200,696
25200,733
25201,702
25203,400
25206,89
25206,38
25208,746
25209,188
25211,577
25212,754
25213,744
25215,462
25220,754
25220,467
25220,688
25223,737
25226,572
25226,541
25226,581
25227,745
25231,750
25232,742
25234,726
25235,755
25235,616
25236,534
25243,710
25244,527
25245,722
25247,678
25248,433
25249,719
25250,614
25250,657
25251,730
25252,704
25252,654
25252,654
25253,717
25253,699
25254,398
25255,700
25256,621
25262,360
25263,703
25264,651
25265,620
25266,530
25266,340
25267,588
25267,698
25267,745
25269,525
25269,528
25270,743
25276,555
25276,554
25278,509
25282,630
25283,737
25287,736
25287,755
25289,698
25290,408
25290,566
25291,599
25291,680
25293,357
25295,583
25299,507
25306,473
25309,730
25309,736
25309,669
25312,717
25312,691
25312,698
25313,533
25314,576
25314,46
25315,738
25316,682
25322,308
25322,753
25327,640
25329,556
25337,636
25340,117
25341,665
25344,741
25346,735
25346,745
25349,347
25349,364
25349,564
25349,504
25351,494
25352,456
25352,501
25352,293
25356,698
25366,556
25367,716
25367,705
25371,714
25374,381
25375,500
25375,566
25376,309
25376,223
25377,460
25382,743
25384,561
25385,455
25386,565
25386,674
25388,683
25389,679
25392,699
25393,728
25393,610
25394,703
25395,529
25397,588
25397,676
25398,119
25401,742
25403,727
25403,457
25407,697
25408,597
25408,718
25412,180
25413,734
25413,702
25413,696
25413,741
25416,652
25418,567
25418,330
25418,364
25419,587
25419,671
25422,700
25422,706
25422,723
25424,723
25425,739
25425,733
25426,754
25426,699
25428,739
25428,568
25429,698
25429,718
25429,702
25430,734
25431,747
25431,744
25432,718
25432,704
25434,666
25435,701
25436,570
25442,338
25442,386
25442,361
25443,576
25449,558
25450,660
25451,714
25454,286
25460,717
25462,741
25462,635
25466,418
25468,626
25468,601
25469,654
25469,752
25473,618
25473,336
25473,501
25474,542
25476,274
25478,727
25478,730
25479,589
25480,752
25480,643
25483,665
25484,754
25484,722
25488,681
25488,739
25489,416
25490,724
25491,731
25492,394
25492,486
25494,736
25495,573
25498,487
25499,713
25501,745
25502,746
25504,496
25506,735
25508,600
25510,716
25514,472
25515,693
25517,611
25519,498
25519,522
25520,527
25524,715
25525,730
25527,276
25530,451
25531,655
25534,684
25535,702
25535,689
25536,672
25537,591
25537,381
25542,714
25544,546
25545,667
25554,671
25554,753
25556,579
25556,450
25557,635
25558,742
25558,755
25558,747
25559,705
25560,744
25562,526
25563,638
25563,588
25565,602
25569,380
25572,751
25575,182
25577,734
25577,739
25581,667
25581,660
25582,650
25582,652
25584,407
25584,245
25587,603
25590,649
25591,686
25592,653
25592,733
25599,756
25601,729
25602,723
25604,448
25607,706
25607,645
25607,716
25607,571
25608,727
25608,559
25609,675
25609,610
25610,599
25612,727
25614,712
25616,299
25617,595
25618,454
25619,441
25620,474
25622,682
25624,493
25629,722
25629,726
25630,681
25633,646
25633,593
25636,607
25638,508
25641,720
25643,747
25643,470
25643,323
25644,579
25646,112
25653,319
25653,137
25655,743
25657,699
25658,339
25661,528
25663,615
25665,753
25666,753
25667,597
25668,757
25668,728
25669,378
25669,562
25670,709
25671,757
25671,757
25673,586
25673,426
25674,756
25675,519
25676,559
25676,521
25678,629
25684,663
25684,734
25685,625
25687,726
25689,610
25690,683
25693,751
25696,298
25697,729
25703,459
25704,710
25709,626
25710,756
25710,756
25711,567
25711,481
25713,677
25715,485
25716,451
25716,466
25719,433
25719,373
25720,730
25722,736
25723,661
25724,632
25724,664
25727,559
25727,346
25728,674
25728,740
25728,539
25732,334
25733,705
25733,613
25733,741
25735,731
25737,618
25737,634
25740,693
25740,665
25745,439
25746,652
25747,756
25751,719
25752,636
25754,530
25754,494
25758,497
25761,757
25764,699
25764,737
25765,391
25767,598
25770,714
25774,313
25777,531
25777,578
25777,496
25777,641
25780,641
25781,111
25783,454
25783,217
25784,757
25785,337
25786,496
25788,684
25790,725
25794,753
25794,577
25796,571
25797,408
25797,453
25799,589
25801,614
25802,690
25803,670
25803,538
25803,360
25806,712
25807,574
25807,598
25808,735
25809,624
25810,611
25813,736
25817,436
25817,488
25819,756
25821,305
25821,405
25824,713
25825,659
25827,535
25830,624
25831,70
25834,733
25834,679
25834,659
25834,715
25834,442
25836,757
25838,748
25839,644
25839,656
25841,739
25841,539
25841,592
25844,546
25847,713
25849,447
25851,453
25851,418
25853,403
25856,725
25856,660
25858,610
25859,719
25859,597
25860,589
25861,707
25864,396
25866,743
25866,531
25868,737
25869,585
25870,668
25870,607
25870,657
25871,433
25872,703
25872,696
25873,756
25875,548
25875,513
25875,755
25881,712
25882,699
25883,757
25886,458
25889,509
25889,554
25890,699
25890,590
25893,730
25894,752
25894,746
25895,658
25902,534
25903,560
25903,659
25904,746
25904,736
25905,602
25906,711
25907,751
25907,755
25911,290
25914,718
25914,661
25915,718
25918,493
25918,516
25919,644
25920,676
25922,694
25922,679
25922,718
25926,747
25927,599
25927,536
25932,657
25932,696
25936,678
25939,659
25940,688
25940,756
25942,651
25945,734
25946,335
25950,743
25951,754
25952,704
25953,658
25954,710
25954,128
25954,165
25956,693
25956,543
25958,556
25959,646
25960,552
25960,671
25961,734
25962,651
25962,697
25963,393
25966,383
25967,258
25971,617
25971,553
25976,528
25977,756
25977,754
25980,692
25980,724
25980,745
25980,659
25981,658
25982,691
25982,595
25982,549
25983,753
25983,750
25985,643
25986,746
25986,749
25989,699
25989,620
25990,755
25992,757
25993,519
25994,686
25994,668
25995,591
25995,711
25998,740
25998,736
26000,424
26001,684
26001,742
26003,730
26003,734
26003,725
26006,748
26007,371
26007,277
26008,740
26009,733
26010,539
26011,744
26012,744
26013,624
26013,552
26013,728
26014,737
26015,430
26015,661
26017,653
26020,731
26020,738
26021,722
26022,757
26024,472
26024,589
26028,702
26030,395
26030,668
26030,743
26032,757
26032,757
26037,437
26038,520
26039,754
26046,749
26048,471
26048,744
26048,630
26052,574
26052,659
26054,748
26060,635
26061,722
26061,725
26063,588
26066,647
26066,629
26068,726
26071,326
26075,484
26076,661
26080,523
26083,724
26086,475
26086,510
26089,754
26091,608
26092,716
26093,709
26094,751
26096,342
26096,681
26097,565
26100,628
26103,643
26103,631
26116,561
26125,728
26126,497
26127,668
26130,416
26131,662
26131,615
26132,756
26134,627
26135,748
26137,602
26139,58
26139,588
26140,697
26142,708
26142,680
26143,757
26145,723
26146,733
26146,76
26146,345
26147,673
26147,756
26152,401
26152,747
26153,748
26153,738
26153,739
26155,751
26155,756
26157,678
26159,645
26159,733
26162,522
26164,729
26165,742
26165,571
26165,746
26166,562
26166,739
26167,540
26170,578
26172,730
26172,643
26179,659
26179,632
26181,739
26182,699
26183,292
26191,665
26197,666
26197,645
26199,682
26200,730
26204,334
26206,246
26209,743
26213,753
26213,716
26214,296
26215,518
26215,562
26216,692
26218,77
26218,140
26219,368
26219,411
26219,386
26220,735
26221,619
26223,699
26223,631
26223,730
26224,583
26225,725
26225,719
26226,736
26227,728
26229,756
26229,745
26231,723
26234,631
26235,143
26236,723
26236,663
26237,715
26239,178
26241,660
26242,321
26242,517
26244,735
26248,719
26250,707
26250,744
26250,703
26251,744
26253,413
26253,473
26254,386
26255,743
26256,731
26256,423
26256,532
26258,558
26260,610
26263,563
26264,662
26264,585
26266,419
26266,515
26268,610
26269,571
26272,755
26274,663
26275,701
26276,731
26277,541
26277,487
26278,746
26279,737
26281,706
26282,420
26285,667
26285,749
26285,757
26286,320
26288,693
26289,657
26292,683
26296,716
26297,740
26297,706
26298,662
26298,715
26300,735
26300,712
26301,675
26302,727
26302,360
26309,744
26309,737
26309,747
26311,628
26311,447
26312,728
26312,735
26313,667
26313,738
26314,734
26316,751
26317,757
26317,682
26318,373
26319,602
26319,368
26320,60
26323,431
26324,513
26324,578
26326,266
26330,653
26331,752
26334,608
26334,482
26335,729
26335,681
26335,740
26338,755
26339,558
26342,590
26342,614
26342,614
26343,173
26343,315
26344,747
26344,635
26347,332
26347,667
26352,394
26354,216
26355,728
26356,722
26356,739
26356,625
26357,603
26359,656
26362,733
26363,438
26366,737
26367,597
26367,516
26368,722
26368,619
26371,716
26374,588
26375,740
26377,709
26379,723
26379,456
26381,194
26382,746
26385,753
26389,613
26390,617
26390,475
26393,626
26396,566
26397,636
26398,693
26400,515
26405,598
26405,693
26405,721
26409,637
26409,547
26412,599
26413,527
26416,727
26420,480
26420,391
26425,726
26425,723
26425,747
26427,712
26427,677
26428,721
26428,756
26428,741
26430,737
26432,464
26432,522
26434,733
26434,755
26434,693
26437,495
26440,649
26443,711
26444,666
26444,681
26447,757
26447,756
26449,377
26454,508
26455,539
26455,602
26457,658
26459,556
26462,688
26463,454
26464,743
26464,756
26465,755
26468,721
26469,687
26469,755
26473,233
26473,639
26473,278
26473,552
26475,716
26475,481
26478,719
26479,649
26481,721
26486,453
26487,669
26492,711
26493,334
26495,550
26495,236
26495,270
26495,293
26497,673
26497,612
26498,755
26498,745
26499,756
26500,583
26500,538
26503,548
26505,376
26505,89
26506,412
26507,678
26508,535
26511,721
26512,625
26513,361
26516,657
26519,735
26519,618
26521,694
26521,516
26522,450
26523,744
26523,732
26523,744
26524,697
26524,337
26525,498
26526,657
26527,752
26528,748
26530,664
26531,626
26532,727
26534,663
26535,592
26535,693
26536,757
26538,584
26538,485
26538,425
26542,718
26545,385
26546,755
26548,719
26548,749
26552,169
26555,757
26558,482
26558,430
26559,521
26561,671
26562,686
26566,638
26566,618
26567,697
26567,538
26567,289
26568,749
26568,742
26570,61
26570,372
26571,435
26572,719
26576,696
26577,318
26579,67
26579,522
26579,563
26580,606
26581,621
26581,590
26581,667
26582,708
26586,730
26591,746
26591,734
26592,648
26594,587
26596,694
26597,640
26597,688
26597,695
26600,660
26601,626
26601,741
26603,750
26607,731
26607,627
26608,692
26608,575
26611,385
26611,752
26613,641
26615,406
26615,736
26621,555
26623,442
26624,647
26624,573
26628,753
26628,755
26629,523
26633,187
26633,494
26633,648
26634,612
26635,734
26637,748
26638,699
26639,357
26639,500
26641,752
26644,646
26646,608
26646,118
26646,157
26648,739
26652,755
26654,415
26654,368
26654,656
26656,624
26658,748
26658,736
26659,685
26659,674
26661,757
26661,749
26661,689
26662,300
26662,118
26663,540
26666,647
26667,555
26668,509
26670,480
26670,542
26670,659
26670,613
26672,435
26675,734
26677,742
26678,742
26680,518
26682,670
26684,539
26687,597
26687,477
26688,731
26692,239
26694,524
26694,721
26695,755
26696,547
26696,489
26697,416
26698,419
26699,729
26702,747
26702,749
26704,336
26707,653
26707,671
26709,377
26712,747
26713,710
26714,629
26715,495
26718,723
26719,608
26722,671
26723,696
26726,477
26728,540
26731,103
26732,741
26734,286
26734,663
26735,579
26735,708
26739,298
26741,751
26743,512
26744,466
26745,649
26745,597
26747,511
26750,754
26753,752
26754,738
26755,699
26756,435
26756,555
26756,317
26756,743
26762,359
26763,745
26766,747
26767,206
26769,464
26771,494
26771,435
26771,579
26772,705
26772,535
26775,748
26775,667
26776,744
26776,712
26779,612
26779,365
26781,453
26782,669
26784,706
26784,629
26785,586
26786,648
26789,699
26794,561
26795,737
26796,743
26799,755
26799,679
26800,727
26801,576
26801,695
26803,683
26803,735
26804,676
26805,735
26807,241
26808,686
26811,390
26812,506
26813,659
26817,504
26817,576
26820,351
26823,654
26824,495
26829,598
26834,703
26834,721
26836,744
26838,537
26839,692
26841,677
26847,161
26856,674
26856,701
26857,404
26858,400
26861,353
26862,721
26866,576
26867,167
26868,524
26869,702
26870,693
26870,744
26870,612
26871,657
26874,611
26877,679
26878,702
26882,748
26882,684
26883,665
26884,486
26885,727
26885,740
26887,724
26888,693
26893,665
26893,702
26894,537
26897,571
26901,756
26903,753
26904,743
26904,579
26905,727
26906,750
26907,585
26910,585
26911,363
26911,648
26911,543
26912,754
26913,743
26914,651
26914,748
26916,712
26919,668
26920,609
26921,606
26922,625
26922,569
26923,726
26924,719
26926,619
26928,339
26928,391
26928,382
26928,335
26930,723
26933,737
26933,673
26934,501
26935,609
26936,576
26936,247
26936,542
26937,578
26938,312
26939,708
26942,599
26942,753
26948,744
26949,463
26953,712
26954,667
26954,743
26957,400
26960,714
26965,733
26967,757
26969,741
26976,718
26976,727
26977,380
26978,426
26978,435
26979,183
26982,675
26983,712
26985,645
26985,672
26986,686
26991,725
26991,655
26991,682
26993,609
26996,563
26997,747
26997,724
26999,633
27005,704
27013,727
27013,741
27017,661
27018,592
27023,450
27023,677
27025,534
27026,748
27026,751
27027,265
27029,657
27031,348
27031,356
27032,707
27033,407
27033,498
27037,713
27038,714
27039,608
27041,594
27043,335
27043,320
27049,745
27052,221
27052,92
27057,598
27059,315
27059,330
27062,497
27066,295
27067,375
27070,494
27078,644
27079,346
27083,597
27083,470
27084,513
27084,549
27086,502
27086,737
27088,653
27089,681
27092,678
27094,378
27095,678
27096,544
27104,684
27105,434
27105,709
27107,683
27108,155
27110,664
27114,746
27118,747
27122,718
27123,722
27124,742
27124,707
27126,757
27130,521
27130,733
27131,615
27134,616
27135,744
27137,707
27137,732
27137,715
27138,702
27141,711
27141,567
27146,309
27147,663
27154,684
27155,555
27157,512
27158,754
27159,348
27167,574
27167,735
27168,659
27168,676
27172,750
27175,746
27177,267
27177,343
27189,639
27190,609
27191,596
27195,566
27196,757
27196,757
27200,339
27202,619
27202,370
27203,757
27204,572
27209,749
27209,713
27211,127
27212,756
27213,386
27215,571
27215,413
27216,722
27216,511
27221,751
27223,568
27224,150
27228,458
27230,683
27231,379
27231,723
27233,561
27238,750
27240,723
27241,373
27241,551
27242,745
27244,441
27244,596
27246,737
27246,749
27247,672
27248,594
27250,679
27253,648
27253,532
27254,701
27255,555
27257,752
27259,507
27260,754
27260,752
27262,424
27263,752
27264,602
27265,365
27265,265
27266,668
27270,675
27274,544
27275,344
27276,666
27278,594
27280,622
27280,674
27283,736
27284,429
27285,64
27289,741
27289,642
27290,566
27291,437
27291,485
27292,637
27292,733
27293,599
27295,667
27295,589
27297,307
27299,699
27301,589
27301,603
27301,690
27301,605
27304,708
27304,701
27304,719
27306,132
27307,671
27307,565
27307,537
27307,750
27308,510
27309,713
27309,435
27311,661
27312,700
27317,746
27317,717
27317,750
27319,129
27319,725
27321,429
27322,694
27322,203
27324,728
27325,716
27326,725
27328,746
27328,747
27329,606
27331,346
27335,723
27335,737
27335,716
27335,735
27338,350
27338,625
27339,569
27340,674
27340,620
27341,182
27342,737
27342,586
27345,754
27346,610
27350,605
27350,600
27352,749
27354,481
27354,492
27355,341
27356,196
27359,718
27359,406
27362,698
27363,591
27364,122
27365,676
27366,756
27367,475
27369,738
27370,757
27373,726
27373,738
27375,732
27375,723
27376,705
27376,754
27377,703
27379,721
27381,746
27385,747
27385,752
27385,750
27386,729
27387,754
27392,614
27399,688
27403,377
27403,377
27403,616
27405,589
27407,693
27410,205
27413,346
27413,406
27414,733
27414,606
27415,536
27415,757
27415,651
27421,396
27422,402
27423,636
27423,695
27423,672
27424,714
27425,753
27427,556
27428,502
27428,620
27430,652
27432,643
27433,318
27433,259
27437,756
27437,724
27438,739
27440,598
27440,598
27444,317
27447,582
27447,515
27449,500
27450,594
27450,320
27451,665
27452,701
27452,746
27453,422
27453,257
27454,326
27458,402
27458,421
27458,360
27459,570
27463,571
27466,639
27467,635
27468,512
27468,674
27471,698
27471,703
27471,757
27471,750
27474,728
27474,743
27477,632
27478,424
27481,699
27485,656
27486,679
27486,503
27487,440
27489,641
27490,734
27491,653
27491,651
27492,660
27493,750
27493,752
27495,706
27495,410
27497,724
27499,746
27500,580
27500,479
27500,436
27501,687
27503,639
27506,739
27507,734
27507,701
27508,672
27512,727
27516,686
27517,384
27517,517
27518,506
27519,688
27520,313
27523,422
27524,735
27524,704
27532,429
27534,493
27534,214
27535,522
27535,658
27535,487
27535,661
27540,478
27540,751
27540,451
27540,534
27542,699
27543,733
27543,705
27544,703
27544,621
27545,749
27548,656
27548,475
27548,465
27548,403
27553,753
27553,754
27554,489
27554,392
27554,407
27557,717
27557,732
27557,751
27559,654
27559,708
27559,444
27560,609
27563,690
27566,602
27566,747
27567,639
27569,604
27572,720
27575,717
27575,683
27576,422
27579,682
27579,692
27581,756
27582,632
27588,679
27588,713
27589,739
27590,756
27601,686
27601,569
27602,505
27603,755
27606,526
27607,185
27608,359
27610,451
27613,640
27614,725
27614,718
27619,685
27619,736
27620,574
27624,298
27627,272
27628,669
27628,271
27628,348
27628,407
27630,524
27633,693
27634,604
27638,160
27638,703
27639,652
27642,747
27642,212
27643,608
27643,456
27645,674
27646,356
27649,669
27650,206
27650,728
27651,742
27652,751
27653,743
27653,717
27654,671
27658,574
27659,657
27660,640
27661,556
27661,499
27663,438
27664,608
27664,646
27666,468
27666,451
27671,628
27671,643
27671,649
27672,528
27673,674
27674,670
27675,164
27681,695
27681,725
27682,562
27682,752
27682,466
27685,415
27686,557
27687,731
27687,591
27689,718
27694,327
27695,518
27695,445
27699,737
27702,713
27702,709
27703,697
27704,278
27708,737
27710,704
27712,735
27716,753
27718,493
27719,748
27720,731
27723,753
27725,291
27727,701
27727,496
27730,729
27732,641
27733,676
27738,550
27740,613
27743,737
27744,133
27744,751
27745,757
27749,466
27750,645
27750,686
27752,280
27753,375
27755,752
27756,755
27756,746
27759,445
27759,720
27761,742
27761,717
27762,732
27766,303
27766,496
27766,496
27766,493
27768,567
27768,738
27768,650
27769,695
27773,724
27773,699
27774,470
27776,432
27776,339
27778,742
27779,561
27787,523
27789,757
27790,484
27791,588
27797,350
27799,586
27801,316
27802,391
27802,299
27806,596
27807,222
27807,343
27808,679
27808,676
27815,468
27817,613
27817,601
27818,519
27819,653
27821,745
27821,559
27822,729
27827,725
27830,503
27831,498
27832,500
27837,296
27838,729
27842,322
27843,173
27845,709
27847,725
27851,601
27853,554
27853,695
27854,149
27855,752
27857,691
27859,658
27861,679
27865,749
27865,621
27868,630
27870,749
27871,714
27881,688
27881,716
27884,265
27885,627
27886,728
27887,129
27888,632
27889,343
27889,497
27891,744
27891,741
27894,734
27897,581
27900,589
27901,753
27901,752
27901,737
27902,676
27902,743
27902,710
27903,725
27904,699
27906,447
27908,721
27910,600
27911,411
27912,550
27919,595
27919,549
27922,624
27922,545
27922,173
27924,672
27933,696
27936,754
27936,721
27937,753
27939,602
27939,523
27939,283
27941,718
27943,703
27943,646
27943,648
27946,561
27948,611
27952,701
27955,538
27955,722
27956,320
27958,613
27959,594
27960,437
27962,604
27963,519
27963,415
27964,468
27965,421
27966,579
27966,608
27966,745
27969,752
27969,744
27975,462
27975,259
27976,632
27976,705
27978,434
27980,640
27984,672
27987,192
27993,645
27995,719
28000,606
28001,675
28002,737
28002,706
28003,567
28006,623
28008,409
28011,718
28011,738
28013,744
28014,494
28015,653
28015,685
28016,616
28018,433
28022,669
28023,727
28024,658
28025,676
28030,357
28031,637
28032,677
28034,537
28034,359
28035,607
28035,726
28038,756
28039,194
28039,756
28039,584
28040,393
28040,574
28041,737
28042,134
28048,586
28048,370
28050,692
28052,474
28054,720
28055,610
28057,655
28058,554
28059,157
28060,676
28062,146
28063,719
28063,615
28064,716
28069,686
28069,699
28069,736
28070,671
28072,722
28072,752
28073,756
28073,726
28074,754
28074,756
28078,751
28082,685
28082,572
28088,750
28088,756
28089,704
28089,638
28089,707
28096,296
28096,488
28099,586
28100,522
28103,671
28105,729
28106,607
28106,402
28108,371
28108,532
28109,584
28109,707
28110,416
28110,671
28111,717
28111,720
28111,745
28114,547
28116,349
28117,627
28119,757
28121,481
28121,569
28121,392
28121,517
28124,454
28125,615
28125,670
28127,501
28128,688
28129,444
28131,421
28131,617
28131,756
28132,648
28132,624
28134,658
28134,747
28136,562
28139,710
28140,752
28141,756
28142,560
28142,681
28142,583
28144,611
28145,615
28146,627
28147,616
28150,714
28151,634
28152,736
28154,532
28155,725
28156,705
28156,671
28162,647
28163,601
28163,391
28170,708
28171,665
28172,704
28172,697
28173,614
28173,735
28173,662
28174,520
28176,753
28176,607
28184,292
28191,675
28195,646
28195,733
28196,741
28196,756
28204,662
28208,597
28210,753
28211,597
28211,354
28212,596
28213,712
28214,432
28214,579
28215,300
28215,232
28215,584
28216,685
28217,290
28218,139
28220,690
28222,757
28226,686
28229,647
28230,445
28230,546
28231,424
28231,673
28233,585
28234,636
28234,560
28235,756
28235,734
28236,520
28237,754
28238,536
28239,757
28239,523
28240,752
28240,670
28242,293
28242,435
28244,428
28247,751
28247,752
28249,747
28251,543
28251,586
28252,564
28253,592
28253,601
28253,452
28255,470
28256,213
28259,753
28260,314
28261,751
28262,353
28264,637
28268,755
28271,718
28274,575
28278,742
28280,706
28280,753
28280,657
28280,650
28282,450
28282,698
28283,680
28284,698
28288,648
28290,254
28296,626
28296,703
28297,747
28298,753
28299,734
28299,696
28300,619
28304,750
28304,593
28306,409
28306,395
28309,301
28309,309
28311,533
28313,739
28313,726
28315,308
28324,541
28324,584
28324,601
28326,649
28327,593
28329,746
28330,757
28331,684
28333,473
28334,754
28334,741
28338,533
28338,703
28339,723
28339,700
28342,681
28345,538
28345,699
28347,753
28347,755
28348,376
28350,741
28350,678
28355,713
28355,732
28356,736
28357,751
28359,738
28360,121
28361,751
28364,739
28365,529
28365,561
28366,582
28367,586
28368,691
28368,538
28372,654
28376,757
28383,596
28386,608
28388,733
28388,746
28388,667
28393,718
28393,653
28393,546
28393,497
28393,670
28394,633
28395,581
28397,390
28403,732
28403,743
28404,726
28405,629
28406,696
28419,493
28419,316
28419,696
28419,358
28420,663
28421,740
28423,692
28427,483
28430,418
28433,754
28435,731
28435,756
28435,729
28436,634
28438,727
28440,729
28444,690
28447,747
28449,397
28449,717
28450,289
28450,326
28452,712
28452,452
28453,382
28455,737
28457,752
28458,508
28459,380
28461,69
28462,456
28462,394
28464,438
28465,543
28465,648
28467,613
28467,636
28474,421
28474,276
28474,133
28474,103
28475,756
28475,751
28475,738
28476,753
28477,742
28478,606
28479,271
28480,641
28483,675
28487,576
28492,367
28495,398
28496,729
28499,488
28499,563
28501,569
28504,585
28504,717
28506,711
28506,625
28507,653
28507,480
28507,291
28507,707
28507,423
28511,663
28513,664
28514,731
28515,743
28515,698
28517,97
28519,718
28520,656
28520,668
28521,673
28523,754
28524,670
28526,550
28526,217
28527,548
28527,742
28529,696
28531,589
28532,732
28533,709
28534,618
28536,599
28539,545
28541,694
28546,549
28548,665
28548,710
28549,471
28549,308
28549,437
28550,699
28552,531
28553,754
28555,340
28556,518
28559,583
28559,581
28560,291
28561,695
28566,735
28566,694
28568,723
28568,691
28569,238
28571,715
28574,740
28574,749
28577,308
28577,593
28577,424
28580,483
28584,236
28585,477
28586,674
28586,627
28588,176
28589,603
28591,709
28593,754
28594,755
28594,621
28595,638
28597,693
28599,410
28601,755
28601,717
28602,736
28602,752
28605,642
28605,642
28608,684
28609,711
28609,126
28610,637
28611,689
28613,319
28613,486
28616,314
28617,423
28618,647
28618,657
28626,406
28626,414
28627,188
28627,298
28628,653
28628,617
28628,631
28629,472
28629,676
28636,737
28637,515
28637,700
28638,694
28642,685
28642,702
28647,616
28650,508
28650,459
28653,734
28661,757
28663,719
28664,740
28664,693
28665,620
28665,242
28666,663
28667,590
28668,743
28671,659
28672,131
28673,750
28677,676
28683,427
28683,330
28684,737
28685,716
28687,637
28687,634
28687,660
28690,739
28694,397
28695,443
28696,326
28696,631
28698,607
28699,683
28699,717
28699,741
28699,719
28704,526
28705,714
28706,722
28712,657
28712,254
28712,471
28713,377
28713,324
28713,355
28715,654
28716,639
28716,714
28716,612
28719,384
28720,687
28720,643
28722,757
28724,675
28725,731
28728,444
28728,556
28729,757
28730,525
28733,691
28734,659
28737,631
28738,620
28738,628
28744,668
28744,736
28750,654
28751,411
28755,727
28755,743
28757,687
28758,663
28758,752
28762,756
28762,757
28762,757
28765,485
28767,736
28768,438
28768,607
28777,615
28778,703
28778,684
28780,520
28782,536
28782,434
28782,454
28783,584
28785,365
28785,251
28786,734
28790,740
28790,739
28794,666
28798,487
28805,680
28805,632
28809,700
28809,595
28810,668
28813,680
28815,733
28816,715
28816,700
28818,603
28818,757
28821,703
28824,580
28824,358
28824,416
28826,750
28827,752
28828,662
28830,366
28838,536
28838,533
28838,741
28839,302
28840,518
28844,657
28844,590
28845,753
28847,688
28848,750
28851,332
28853,231
28853,518
28853,446
28853,632
28854,683
28857,653
28858,755
28858,696
28858,560
28858,501
28861,653
28863,323
28863,417
28864,684
28867,675
28872,588
28873,711
28874,617
28874,356
28875,702
28876,652
28878,412
28879,549
28881,533
28882,466
28885,561
28886,693
28886,714
28886,707
28887,686
28887,699
28892,268
28892,642
28894,725
28895,598
28895,576
28902,708
28905,403
28906,580
28911,579
28913,738
28919,445
28921,681
28928,712
28933,177
28934,673
28934,657
28935,478
28939,341
28941,716
28941,731
28944,704
28948,650
28950,688
28951,536
28953,718
28954,153
28960,707
28961,336
28962,753
28964,744
28967,552
28969,680
28972,544
28973,699
28973,569
28973,738
28975,208
28975,207
28975,725
28977,276
28977,323
28980,615
28980,742
28981,307
28982,494
28985,494
28985,634
28985,571
28986,750
28987,595
28992,270
28994,559
28996,453
28999,546
29000,724
29005,325
29005,220
29008,564
29008,276
29009,424
29009,609
29009,255
29015,612
29016,462
29018,555
29019,628
29024,727
29024,739
29028,745
29028,715
29029,550
29034,623
29035,649
29037,731
29038,144
29041,687
29044,640
29045,185
29050,407
29051,638
29056,603
29056,410
29058,669
29064,738
29067,499
29070,695
29071,738
29072,475
29072,563
29072,455
29081,757
29082,526
29084,500
29085,699
29086,705
29088,528
29089,374
29090,468
29093,716
29094,666
29094,724
29103,699
29104,650
29106,753
29106,753
29107,593
29107,714
29111,717
29113,432
29113,240
29116,545
29117,754
29121,597
29125,674
29127,754
29129,538
29129,551
29131,520
29132,754
29133,609
29133,749
29135,668
29141,679
29143,633
29143,756
29143,735
29143,539
29144,585
29144,678
29146,450
29146,684
29146,445
29147,730
29150,736
29150,478
29150,441
29151,750
29155,331
29157,543
29158,211
29158,723
29159,570
29164,541
29164,679
29167,757
29169,313
29169,685
29169,455
29174,750
29176,512
29184,672
29186,383
29191,114
29191,79
29192,713
29196,471
29198,651
29198,710
29199,736
29199,557
29199,600
29201,425
29206,607
29210,299
29211,675
29215,507
29216,724
29218,564
29219,757
29222,728
29224,753
29229,755
29231,163
29231,633
29231,305
29232,686
29235,540
29235,678
29236,639
29236,641
29236,325
29236,645
29239,375
29239,545
29240,657
29242,676
29244,188
29245,708
29247,755
29248,519
29248,610
29249,446
29250,735
29255,632
29256,512
29257,710
29258,237
29260,726
29261,659
29261,712
29261,740
29261,575
29262,621
29265,703
29267,693
29268,713
29268,691
29273,426
29278,551
29278,686
29280,727
29281,682
29281,685
29283,693
29286,355
29287,745
29287,736
29287,748
29289,541
29293,748
29293,403
29294,663
29296,631
29297,221
29297,615
29300,530
29301,583
29302,384
29304,712
29304,657
29305,520
29305,714
29306,340
29307,554
29308,744
29311,417
29311,495
29313,335
29313,539
29313,414
29316,721
29317,755
29317,757
29317,685
29318,613
29319,755
29326,632
29326,674
29327,531
29327,421
29329,707
29333,730
29333,688
29335,266
29335,700
29338,562
29339,755
29339,748
29339,679
29340,264
29340,753
29342,652
29342,711
29343,747
29343,725
29344,676
29344,616
29344,660
29346,715
29347,537
29350,341
29352,735
29354,585
29356,697
29358,703
29359,310
29360,576
29362,593
29362,604
29363,680
29364,612
29374,704
29377,724
29378,523
29382,700
29384,142
29385,694
29385,707
29387,706
29387,704
29387,755
29391,499
29394,725
29394,579
29396,398
29398,714
29405,714
29405,659
29405,712
29406,709
29406,542
29411,585
29413,617
29415,647
29415,321
29416,751
29416,746
29417,569
29417,478
29418,187
29418,319
29420,682
29421,628
29424,708
29426,307
29427,621
29428,733
29430,665
29430,529
29431,707
29432,572
29432,624
29434,550
29441,587
29441,560
29443,627
29444,647
29450,622
29450,754
29452,288
29453,753
29459,629
29460,581
29462,696
29462,681
29463,455
29465,386
29466,358
29466,688
29467,677
29467,704
29467,668
29469,720
29469,338
29469,455
29471,747
29472,755
29473,646
29474,696
29481,395
29482,734
29486,620
29486,488
29488,437
29489,677
29490,700
29490,747
29490,503
29491,322
29492,638
29492,748
29495,747
29497,432
29497,628
29498,529
29500,702
29500,584
29506,701
29507,566
29511,749
29511,722
29511,726
29515,683
29515,724
29517,757
29521,698
29522,612
29523,716
29525,405
29526,708
29526,434
29527,748
29530,626
29537,642
29541,643
29541,666
29542,707
29542,689
29543,503
29547,452
29549,727
29552,345
29552,369
29552,686
29553,539
29558,536
29559,733
29560,690
29561,524
29571,474
29571,541
29572,711
29575,684
29580,630
29580,678
29581,700
29581,722
29584,739
29585,547
29585,715
29587,731
29589,710
29589,585
29589,312
29591,745
29591,680
29593,716
29593,661
29594,580
29594,733
29597,739
29599,756
29605,730
29606,493
29608,644
29608,656
29610,754
29611,757
29612,697
29613,733
29613,675
29613,606
29615,725
29615,447
29616,745
29616,737
29616,752
29618,663
29623,752
29624,757
29624,757
29626,547
29627,747
29627,541
29631,647
29633,723
29634,732
29635,688
29636,756
29636,701
29638,258
29642,618
29646,525
29646,633
29646,465
29648,659
29649,395
29650,725
29651,692
29651,583
29652,637
29652,568
29652,671
29657,45
29660,605
29662,577
29663,693
29664,385
29664,562
29664,676
29664,457
29669,297
29669,603
29670,554
29672,723
29674,590
29674,736
29675,473
29676,732
29677,723
29683,549
29687,728
29692,284
29692,156
29693,670
29694,536
29697,746
29698,235
29701,572
29702,554
29702,373
29703,514
29704,648
29708,189
29709,448
29709,715
29711,733
29714,579
29722,686
29726,538
29727,396
29729,518
29730,743
29731,751
29732,558
29735,738
29739,627
29739,706
29742,623
29743,667
29744,547
29744,395
29745,165
29747,387
29748,491
29749,662
29750,348
29750,297
29751,689
29753,740
29757,396
29757,503
29759,542
29764,480
29766,605
29774,673
29775,698
29776,684
29776,664
29776,627
29778,646
29780,649
29781,549
29782,718
29784,691
29788,645
29788,757
29789,623
29789,230
29790,706
29794,410
29795,569
29795,536
29800,593
29802,481
29804,414
29805,468
29805,417
29806,295
29806,598
29807,596
29807,685
29810,733
29811,626
29813,631
29816,220
29818,746
29818,727
29819,626
29819,647
29823,566
29824,705
29838,715
29839,754
29839,384
29847,529
29847,506
29852,271
29854,291
29855,709
29857,748
29859,287
29864,359
29864,694
29864,671
29866,694
29870,729
29872,702
29872,649
29873,430
29873,481
29876,734
29876,717
29879,508
29879,543
29879,367
29880,733
29881,239
29882,275
29883,712
29883,710
29886,748
29887,478
29887,444
29888,556
29890,735
29893,732
29893,748
29897,653
29897,654
29898,285
29900,709
29901,544
29902,226
29904,319
29905,523
29906,679
29906,736
29908,647
29908,675
29908,734
29911,645
29912,750
29912,487
29916,680
29917,672
29919,403
29924,717
29924,699
29925,156
29925,192
29925,228
29925,527
29927,386
29929,731
29929,728
29932,598
29934,598
29935,737
29937,754
29938,742
29940,751
29945,696
29948,757
29949,597
29950,726
29953,682
29955,640
29955,624
29955,701
29955,685
29957,742
29958,631
29958,676
29959,200
29959,549
29961,756
29962,558
29962,657
29965,754
29965,505
29965,727
29966,304
29970,688
29973,407
29974,554
29977,656
29981,554
29982,690
29982,704
29984,696
29986,753
29986,735
29991,697
29995,658
29996,681
29996,753
29997,708
29997,739
29998,751
29999,630
30000,757
30002,562
30005,738
30007,425
30011,739
30013,650
30015,728
30015,738
30015,739
30015,739
30016,545
30018,732
30018,723
30018,754
30027,526
30027,499
30027,479
30028,661
30031,670
30036,576
30036,740
30038,631
30039,389
30040,652
30041,692
30042,354
30043,633
30047,340
30047,623
30047,667
30050,708
30051,703
30051,673
30053,682
30056,576
30057,752
30057,748
30060,383
30061,261
30067,656
30069,535
30069,663
30069,614
30069,565
30070,512
30071,436
30074,745
30075,607
30076,740
30079,387
30079,558
30081,568
30086,734
30092,709
30092,660
30094,484
30095,657
30098,746
30100,585
30101,478
30107,757
30108,744
30108,681
30114,517
30119,176
30119,640
30120,652
30120,647
30122,730
30127,435
30135,722
30137,746
30137,710
30138,352
30147,686
30148,282
30149,705
30150,743
30152,666
30154,677
30156,671
30156,704
30158,742
30159,540
30161,378
30162,664
30168,751
30168,716
30169,714
30170,351
30174,586
30174,598
30176,626
30176,612
30179,660
30182,282
30182,738
30186,661
30187,581
30189,203
30190,477
30192,667
30192,429
30194,671
30195,488
30206,354
30207,734
30212,464
30214,680
30214,617
30216,735
30219,751
30222,750
30222,684
30224,735
30226,431
30227,748
30229,563
30229,753
30234,558
30234,208
30235,518
30241,687
30242,745
30242,691
30242,709
30245,185
30246,750
30248,345
30250,411
30251,692
30251,734
30252,503
30253,750
30253,707
30256,548
30257,428
30258,493
30261,681
30262,511
30264,674
30266,589
30268,723
30271,468
30273,659
30273,482
30274,694
30276,755
30276,755
30277,748
30278,569
30278,560
30279,752
30283,579
30284,679
30284,738
30287,745
30288,525
30290,381
30293,736
30298,652
30302,751
30307,507
30311,734
30312,699
30313,635
30314,675
30315,707
30316,610
30317,750
30317,298
30319,510
30320,710
30322,665
30323,691
30323,559
30325,532
30327,643
30328,753
30329,643
30331,295
30331,575
30331,307
30335,362
30341,666
30341,688
30341,659
30342,749
30342,727
30342,615
30342,457
30344,607
30345,704
30347,330
30349,636
30349,733
30349,755
30358,738
30361,674
30361,543
30362,327
30363,587
30365,718
30367,742
30369,611
30374,732
30374,732
30375,667
30378,757
30379,741
30381,355
30383,742
30387,516
30390,647
30390,603
30390,658
30391,115
30392,412
30392,664
30393,407
30395,187
30398,678
30398,651
30398,490
30400,673
30403,613
30403,632
30404,247
30404,266
30410,632
30410,624
30411,675
30413,753
30415,545
30415,685
30415,556
30415,472
30416,730
30416,686
30420,755
30421,329
30425,650
30426,708
30426,664
30427,190
30427,617
30427,751
30429,590
30432,696
30435,676
30438,369
30440,615
30442,731
30446,756
30446,697
30448,682
30450,413
30452,593
30452,476
30453,486
30454,746
30454,695
30457,679
30458,676
30458,652
30458,624
30461,757
30461,754
30461,752
30463,696
30465,624
30466,634
30467,596
30468,216
30469,512
30470,385
30471,744
30471,675
30474,436
30475,567
30476,587
30477,549
30478,634
30478,709
30480,680
30482,405
30483,174
30484,749
30486,755
30487,355
30488,709
30488,714
30489,443
30491,705
30493,642
30496,612
30500,485
30502,553
30503,739
30503,734
30504,718
30505,559
30505,740
30512,755
30512,742
30513,708
30514,739
30517,666
30517,513
30517,692
30518,572
30521,613
30522,688
30522,539
30523,756
30526,757
30528,164
30529,699
30530,743
30530,751
30533,693
30533,584
30534,434
30535,746
30535,496
30535,495
30535,453
30535,450
30537,504
30543,469
30544,730
30544,692
30546,499
30546,561
30547,605
30553,579
30557,297
30559,260
30563,735
30567,559
30567,580
30572,459
30573,729
30574,757
30574,757
30576,696
30577,686
30579,351
30579,468
30580,264
30580,304
30581,690
30581,655
30583,571
30584,472
30587,499
30587,236
30588,706
30589,481
30590,579
30592,645
30592,697
30596,659
30597,509
30598,663
30598,744
30598,667
30600,671
30601,255
30608,546
30610,750
30612,618
30613,699
30613,742
30617,745
30618,590
30620,475
30624,743
30624,172
30625,657
30625,723
30626,232
30627,743
30627,692
30628,724
30632,715
30632,576
30632,529
30634,709
30634,729
30636,364
30639,753
30644,747
30644,460
30644,468
30645,563
30650,727
30650,292
30652,353
30652,679
30653,670
30655,632
30656,686
30656,744
30658,688
30658,685
30660,492
30661,504
30663,633
30664,732
30667,407
30671,719
30673,651
30673,442
30677,649
30680,719
30680,718
30684,623
30684,448
30684,143
30686,511
30687,438
30687,374
30688,700
30691,741
30692,699
30692,728
30693,704
30694,488
30694,717
30698,753
30698,736
30700,355
30701,689
30701,638
30703,747
30704,653
30707,608
30709,582
30709,679
30710,717
30711,678
30711,669
30711,701
30714,420
30714,269
30715,574
30715,534
30719,695
30719,369
30720,728
30720,757
30724,609
30728,692
30730,703
30732,370
30732,511
30732,521
30736,447
30738,577
30739,726
30743,193
30744,693
30744,745
30746,612
30746,490
30747,189
30747,355
30748,725
30752,639
30753,726
30755,588
30757,298
30758,709
30758,605
30761,701
30763,379
30763,436
30763,466
30764,715
30764,647
30767,734
30770,597
30770,681
30772,744
30773,747
30778,727
30781,673
30785,384
30786,629
30787,570
30787,541
30787,377
30788,739
30788,691
30791,695
30794,728
30794,640
30798,464
30799,757
30803,633
30807,620
30807,710
30807,359
30807,218
30807,196
30811,641
30812,708
30812,721
30814,544
30815,287
30816,690
30817,697
30818,435
30819,424
30820,125
30820,546
30820,197
30821,386
30822,657
30823,748
30825,754
30828,589
30828,554
30828,736
30829,745
30829,735
30830,741
30831,754
30833,640
30835,745
30835,583
30835,755
30836,673
30836,357
30842,685
30842,668
30842,667
30844,636
30844,754
30845,637
30845,504
30847,754
30847,660
30847,648
30847,724
30855,719
30855,667
30856,738
30856,624
30858,755
30859,620
30861,544
30861,562
30863,751
30864,496
30867,585
30868,625
30869,349
30870,718
30876,671
30876,700
30876,682
30876,754
30877,695
30878,692
30881,594
30882,703
30882,741
30882,747
30883,432
30886,697
30889,460
30892,705
30892,729
30892,744
30893,721
30895,507
30896,691
30897,750
30898,716
30899,718
30901,274
30902,640
30903,750
30903,739
30904,708
30904,612
30905,702
30905,693
30906,657
30909,737
30909,713
30909,726
30909,723
30910,728
30913,301
30913,444
30914,232
30914,754
30915,734
30916,590
30916,701
30918,531
30919,539
30920,631
30920,752
30920,674
30922,652
30922,285
30925,493
30926,400
30926,154
30926,398
30927,583
30931,301
30934,751
30934,541
30935,688
30936,722
30937,559
30938,482
30942,745
30942,678
30943,241
30945,536
30946,659
30946,540
30948,401
30950,338
30950,661
30953,751
30953,750
30953,748
30956,590
30956,574
30957,642
30957,721
30957,643
30958,684
30958,740
30958,704
30958,669
30959,690
30960,651
30960,527
30966,636
30966,551
30966,724
30969,596
30971,293
30972,515
30976,734
30983,572
30985,661
30985,589
30986,705
30992,580
30992,529
30993,704
30994,753
30997,674
30998,510
30998,575
30998,356
30999,572
30999,549
31001,352
31007,724
31009,271
31009,460
31011,577
31012,620
31012,700
31014,715
31017,742
31020,665
31029,744
31031,290
31033,537
31033,738
31037,406
31041,646
31042,745
31044,406
31044,478
31044,651
31044,575
31047,732
31047,522
31047,555
31048,724
31048,462
31049,671
31051,691
31051,723
31051,729
31054,378
31055,387
31056,574
31057,203
31060,463
31060,475
31066,600
31067,443
31069,553
31070,704
31070,715
31070,735
31073,446
31073,529
31073,555
31074,333
31076,740
31080,667
31082,446
31082,515
31083,582
31084,609
31087,681
31087,721
31092,357
31093,586
31095,183
31096,667
31098,648
31101,692
31104,653
31106,436
31106,346
31107,518
31110,633
31112,351
31115,702
31117,335
31119,82
31122,677
31123,382
31124,661
31125,718
31125,697
31127,477
31129,729
31133,340
31135,720
31135,707
31135,741
31142,742
31144,748
31145,660
31147,532
31147,716
31148,649
31148,243
31152,703
31157,726
31157,725
31159,580
31159,255
31160,663
31160,700
31160,754
31161,565
31163,695
31164,691
31165,630
31167,679
31168,652
31168,188
31169,573
31170,454
31171,721
31173,724
31177,729
31178,749
31178,702
31180,692
31181,535
31183,659
31184,478
31191,692
31192,727
31192,705
31193,688
31194,435
31194,702
31196,393
31196,454
31199,752
31202,588
31203,755
31205,662
31207,343
31207,648
31207,746
31207,190
31207,533
31208,757
31208,662
31208,660
31208,620
31213,626
31217,737
31218,710
31221,616
31221,685
31224,752
31224,703
31225,731
31226,499
31229,483
31233,686
31237,436
31237,545
31238,685
31242,670
31244,730
31244,682
31244,643
31245,713
31246,647
31246,670
31248,747
31251,435
31251,354
31253,751
31255,754
31256,647
31256,644
31260,722
31261,742
31265,385
31269,379
31273,707
31274,506
31279,634
31279,687
31279,669
31279,701
31280,490
31280,414
31282,574
31284,735
31289,728
31290,391
31291,739
31292,718
31293,687
31293,756
31294,309
31295,684
31297,322
31297,743
31298,119
31302,683
31303,517
31304,747
31306,207
31315,430
31315,657
31315,521
31321,414
31322,703
31323,457
31328,622
31329,713
31330,700
31333,555
31333,186
31334,753
31336,316
31336,476
31339,596
31339,263
31340,590
31342,712
31348,632
31348,529
31349,557
31349,557
31353,626
31353,728
31353,730
31354,417
31359,475
31361,538
31361,752
31363,677
31364,697
31369,413
31369,415
31370,334
31371,686
31373,622
31374,677
31377,427
31377,733
31378,489
31378,410
31382,190
31383,683
31383,670
31383,715
31384,455
31386,705
31389,481
31389,546
31390,491
31391,688
31394,661
31394,307
31395,691
31395,661
31397,674
31397,713
31399,468
31399,490
31400,676
31401,747
31404,693
31406,523
31407,363
31408,256
31412,272
31415,711
31418,728
31421,706
31422,668
31424,659
31424,693
31425,715
31429,630
31432,523
31434,749
31434,745
31436,630
31436,619
31436,587
31437,465
31437,730
31437,603
31438,691
31438,680
31441,99
31442,748
31444,661
31446,690
31446,704
31450,685
31454,703
31455,698
31455,752
31457,413
31458,735
31459,412
31462,410
31463,409
31465,729
31469,693
31471,558
31471,433
31472,629
31473,464
31478,486
31478,530
31479,623
31480,523
31480,587
31482,574
31484,723
31487,479
31487,392
31492,743
31492,731
31494,541
31494,614
31496,705
31496,729
31498,547
31499,755
31500,651
31503,743
31506,369
31506,580
31508,577
31510,757
31510,349
31511,656
31512,167
31512,121
31512,168
31515,637
31519,583
31519,363
31523,240
31524,483
31525,638
31527,213
31529,503
31530,226
31532,728
31534,755
31536,605
31540,359
31543,696
31543,573
31543,648
31547,756
31550,507
31554,673
31554,722
31558,532
31560,417
31563,740
31563,718
31563,726
31567,469
31572,748
31576,475
31583,550
31585,496
31588,714
31594,752
31594,753
31597,410
31597,344
31598,262
31600,722
31601,757
31601,756
31603,517
31605,725
31605,741
31608,601
31608,730
31612,182
31613,670
31613,729
31617,544
31618,447
31619,752
31622,344
31624,756
31625,728
31625,597
31627,697
31634,720
31636,691
31640,232
31640,249
31641,478
31642,596
31642,426
31644,351
31646,179
31648,753
31653,564
31654,691
31654,755
31657,322
31657,241
31657,324
31661,717
31662,755
31663,648
31667,579
31672,706
31672,748
31673,241
31673,368
31675,723
31677,489
31677,699
31681,690
31682,601
31682,594
31685,459
31688,118
31688,405
31690,663
31692,743
31694,555
31694,330
31695,699
31695,448
31698,740
31698,624
31702,729
31705,390
31714,453
31715,307
31716,83
31719,141
31719,736
31719,611
31721,371
31721,511
31721,429
31724,740
31725,742
31726,229
31728,597
31728,742
31728,571
31733,734
31734,711
31734,739
31734,703
31735,448
31736,740
31744,475
31745,757
31745,748
31747,608
31747,529
31748,555
31749,463
31751,644
31751,717
31752,566
31754,562
31754,583
31757,686
31758,389
31759,740
31760,718
31764,743
31764,741
31766,315
31767,746
31767,720
31767,634
31770,675
31771,338
31773,631
31773,725
31775,707
31775,722
31779,670
31780,676
31781,660
31782,495
31785,630
31786,286
31792,351
31792,624
31792,619
31796,569
31797,653
31797,674
31799,750
31799,739
31800,159
31801,755
31802,727
31805,753
31808,740
31809,742
31809,644
31812,678
31812,643
31814,323
31816,677
31816,698
31817,588
31818,757
31819,731
31821,276
31821,328
31822,631
31822,516
31824,576
31825,650
31826,586
31831,718
31832,469
31833,716
31837,494
31839,709
31839,674
31840,750
31840,751
31842,568
31842,589
31844,706
31846,555
31847,755
31847,699
31851,395
31851,632
31852,253
31853,687
31853,541
31854,413
31854,711
31859,493
31860,392
31860,515
31861,750
31861,310
31863,743
31864,651
31865,562
31867,753
31868,692
31869,299
31878,509
31880,610
31880,703
31882,633
31884,69
31889,538
31889,745
31890,381
31892,640
31892,406
31895,645
31896,387
31896,409
31896,487
31897,665
31897,531
31897,685
31899,418
31903,466
31903,549
31910,705
31910,752
31911,536
31913,748
31914,637
31914,544
31914,747
31915,657
31916,382
31917,629
31919,447
31921,234
31927,455
31927,578
31929,411
31932,699
31932,724
31936,723
31936,740
31938,597
31941,749
31943,331
31943,587
31947,420
31949,470
31951,719
31953,664
31954,755
31954,731
31956,685
31956,705
31957,527
31957,682
31957,545
31958,666
31959,722
31959,704
31959,662
31964,713
31966,370
31969,666
31972,704
31973,667
31974,549
31975,663
31976,465
31976,421
31982,576
31986,328
31988,541
31988,537
31989,741
31991,478
31993,187
31995,470
31998,451
32000,743
32001,444
32002,697
32005,752
32006,552
32007,716
32007,733
32010,638
32011,511
32012,686
32013,646
32013,512
32015,717
32015,415
32016,388
32016,239
32016,277
32018,697
32021,452
32021,618
32022,52
32027,536
32029,680
32029,747
32031,736
32031,744
32032,738
32037,576
32038,361
32041,326
32043,728
32043,697
32043,698
32046,702
32046,523
32050,686
32051,177
32058,577
32058,423
32065,728
32066,653
32070,135
32070,573
32071,662
32071,752
32074,521
32074,712
32075,757
32076,653
32077,680
32077,502
32079,755
32080,477
32082,730
32084,699
32085,662
32085,666
32086,703
32090,617
32091,183
32094,738
32095,747
32098,662
32099,311
32099,124
32105,755
32106,309
32109,499
32109,318
32110,754
32111,501
32112,519
32113,689
32114,628
32117,513
32119,524
32120,592
32120,532
32124,183
32125,731
32125,757
32126,696
32126,704
32127,636
32128,712
32131,697
32134,591
32134,656
32137,679
32139,738
32139,112
32143,388
32145,643
32146,706
32146,716
32147,562
32150,395
32151,180
32154,694
32155,674
32160,561
32161,652
32164,497
32166,606
32167,243
32168,598
32168,695
32172,620
32174,470
32175,712
32177,483
32182,606
32183,757
32187,419
32189,428
32189,535
32191,754
32192,116
32194,604
32194,584
32195,739
32197,686
32198,664
32200,494
32203,559
32203,690
32207,599
32208,754
32209,524
32210,537
32212,618
32212,206
32214,708
32214,735
32215,741
32218,493
32220,687
32221,693
32222,503
32223,625
32228,755
32230,718
32232,710
32232,551
32232,643
32233,615
32234,723
32235,593
32236,459
32238,393
32239,594
32239,644
32242,726
32242,685
32243,631
32244,705
32244,665
32245,601
32245,476
32247,210
32248,439
32248,478
32248,613
32250,625
32251,507
32251,591
32252,755
32253,330
32254,731
32255,711
32255,676
32255,740
32256,681
32256,644
32258,344
32259,732
32263,699
32264,634
32266,387
32267,721
32267,715
32269,747
32269,734
32269,756
32269,743
32270,659
32273,682
32273,567
32274,437
32274,726
32275,691
32277,754
32278,589
32280,713
32280,749
32283,740
32288,751
32293,556
32293,755
32293,688
32295,519
32297,689
32298,755
32301,749
32303,743
32305,534
32306,270
32309,650
32314,440
32314,411
32315,724
32316,583
32317,747
32317,704
32319,713
32319,714
32321,370
32321,117
32323,650
32323,561
32326,727
32329,688
32329,645
32329,308
32330,653
32333,593
32334,749
32335,753
32336,742
32336,750
32337,561
32339,539
32339,473
32340,713
32342,373
32342,422
32342,48
32345,728
32347,608
32349,404
32353,348
32353,693
32353,567
32353,447
32354,669
32358,756
32358,699
32359,466
32362,625
32363,616
32363,605
32365,581
32365,523
32365,429
32366,619
32366,672
32369,721
32369,354
32374,693
32375,435
32376,736
32377,733
32377,484
32380,673
32381,439
32388,324
32388,341
32392,706
32393,351
32394,194
32396,369
32396,635
32399,756
32400,541
32400,500
32401,322
32402,740
32402,744
32407,585
32407,749
32409,441
32410,730
32412,609
32412,745
32412,571
32414,748
32415,538
32416,746
32419,489
32422,420
32423,697
32424,740
32424,751
32426,511
32430,104
32432,676
32433,731
32436,726
32439,747
32447,586
32451,746
32452,696
32453,621
32456,694
32456,617
32456,475
32456,747
32461,632
32465,502
32465,200
32468,252
32468,344
32469,684
32470,326
32472,704
32472,726
32473,537
32474,645
32477,443
32477,727
32480,757
32482,754
32483,683
32483,709
32485,604
32485,542
32487,696
32487,737
32490,432
32490,570
32492,757
32495,629
32495,671
32499,400
32501,424
32501,625
32503,560
32506,517
32506,671
32507,685
32507,702
32511,720
32513,508
32514,531
32515,716
32516,356
32517,576
32517,668
32519,338
32522,473
32522,615
32526,704
32531,598
32532,396
32533,550
32534,631
32536,628
32537,753
32541,627
32541,579
32542,515
32542,746
32543,479
32544,730
32544,754
32544,742
32548,636
32549,93
32549,390
32549,537
32553,598
32554,718
32562,431
32564,558
32564,623
32564,735
32564,574
32566,721
32568,658
32568,561
32568,700
32572,701
32573,516
32577,571
32578,401
32578,748
32581,483
32582,688
32583,317
32586,590
32586,594
32586,377
32587,656
32589,755
32589,751
32590,387
32598,729
32606,661
32607,552
32608,751
32609,681
32610,294
32610,311
32614,354
32615,533
32617,697
32618,396
32618,532
32622,756
32624,561
32628,657
32628,678
32630,739
32630,751
32630,749
32630,722
32631,588
32631,473
32632,717
32633,173
32636,701
32636,389
32636,302
32638,604
32638,534
32645,699
32646,390
32648,737
32649,594
32649,541
32650,700
32651,176
32651,281
32653,738
32653,660
32653,682
32662,716
32662,737
32663,730
32663,729
32663,735
32665,691
32665,350
32666,634
32667,722
32667,547
32668,562
32669,702
32673,749
32676,604
32676,744
32677,733
32677,573
32679,621
32680,305
32684,509
32685,159
32687,463
32691,406
32691,474
32691,697
32693,687
32693,647
32694,423
32698,526
32698,745
32699,530
32706,484
32707,753
32709,719
32709,748
32710,714
32710,397
32712,706
32712,371
32712,274
32712,99
32714,733
32714,725
32716,432
32717,509
32721,257
32722,649
32726,550
32728,756
32728,755
32730,745
32731,724
32731,704
32735,753
32736,690
32738,707
32739,417
32739,234
32739,696
32740,733
32743,611
32744,720
32748,728
32748,730
32749,714
32749,574
32749,614
32756,713
32759,317
32763,632
32769,743
32769,707
32771,367
32772,365
32772,667
32773,356
32779,722
32780,514
32781,745
32782,645
32786,732
32786,661
32787,669
32788,625
32788,613
32789,702
32793,757
32794,308
32794,389
32798,659
32798,533
32799,654
32801,281
32802,441
32803,739
32804,209
32806,538
32806,144
32810,755
32811,578
32811,733
32812,747
32813,653
32815,676
32817,710
32818,637
32818,654
32818,585
32819,561
32820,639
32823,755
32823,474
32828,333
32829,535
32831,642
32832,651
32834,353
32835,515
32836,641
32836,576
32841,575
32843,739
32845,676
32845,670
32848,674
32849,477
32850,691
32851,685
32851,510
32860,415
32860,281
32865,580
32865,73
32867,615
32869,671
32869,676
32873,574
32873,668
32874,745
32874,704
32876,691
32876,646
32880,433
32881,751
32882,215
32883,494
32885,731
32886,470
32891,755
32892,658
32892,606
32893,562
32895,746
32895,748
32895,739
32897,685
32898,747
32898,614
32899,532
32899,482
32903,604
32904,604
32904,569
32904,563
32904,756
32904,740
32904,566
32905,722
32909,555
32910,620
32914,659
32918,682
32920,741
32921,407
32923,673
32923,515
32926,742
32929,175
32929,647
32931,511
32932,723
32933,661
32937,585
32937,403
32938,731
32938,631
32941,716
32943,82
32943,670
32945,744
32946,656
32949,691
32950,744
32951,681
32952,749
32952,710
32954,694
32954,611
32955,382
32957,756
32958,672
32960,616
32966,667
32966,724
32967,722
32967,280
32968,320
32969,504
32973,690
32974,644
32974,389
32977,475
32979,662
32979,684
32980,720
32985,696
32985,208
32986,660
32987,463
32987,633
32991,747
32991,720
32996,701
32998,301
33000,603
33000,610
33002,489
33002,537
33003,708
33004,734
33004,756
33008,749
33008,721
33014,673
33021,212
33022,751
33024,623
33024,725
33024,746
33024,733
33033,484
33035,674
33037,648
33038,723
33038,223
33038,229
33039,653
33039,681
33042,140
33042,219
33042,508
33044,745
33044,730
33044,732
33045,753
33046,579
33048,724
33050,369
33052,657
33052,732
33053,576
33058,632
33058,559
33060,738
33060,695
33061,707
33065,748
33065,711
33067,653
33067,679
33067,580
33071,398
33072,757
33073,571
33074,707
33075,648
33075,686
33076,739
33076,729
33076,729
33078,546
33079,612
33079,712
33080,322
33082,484
33083,474
33084,733
33084,751
33085,751
33087,754
33087,748
33089,419
33089,522
33092,723
33100,749
33100,755
33101,749
33104,653
33105,584
33109,372
33112,689
33113,756
33114,723
33115,688
33117,726
33118,696
33118,385
33118,637
33118,580
33120,729
33125,682
33127,751
33127,647
33128,539
33128,477
33133,664
33137,741
33138,708
33138,622
33138,675
33140,741
33144,631
33145,711
33145,706
33146,613
33146,756
33147,500
33147,341
33149,431
33150,756
33154,510
33156,365
33156,487
33156,715
33158,399
33165,735
33165,666
33166,695
33166,755
33166,367
33167,675
33167,572
33169,735
33170,707
33170,687
33176,673
33176,670
33177,655
33177,691
33179,669
33179,413
33180,658
33180,621
33181,705
33181,676
33182,433
33187,621
33187,603
33190,138
33192,408
33196,744
33196,748
33199,752
33202,610
33202,673
33203,277
33206,628
33210,576
33212,695
33213,465
33213,734
33214,621
33216,632
33216,530
33217,228
33217,225
33218,730
33219,496
33219,562
33223,639
33224,671
33224,702
33228,640
33230,188
33230,675
33233,225
33234,552
33237,383
33237,501
33239,684
33239,683
33239,682
33241,646
33242,451
33246,557
33248,679
33248,725
33248,715
33249,629
33253,634
33253,614
33255,642
33256,500
33258,742
33259,292
33260,364
33261,661
33265,448
33266,698
33266,701
33267,624
33271,662
33273,687
33283,716
33284,754
33286,612
33291,613
33297,671
33297,704
33297,580
33298,733
33298,690
33300,513
33300,578
33302,753
33303,753
33305,524
33307,712
33309,690
33309,721
33312,566
33313,730
33314,483
33315,377
33316,525
33316,678
33317,677
33317,644
33318,500
33322,713
33324,734
33328,512
33332,688
33333,729
33333,743
33333,743
33339,742
33340,719
33341,736
33341,755
33343,738
33344,439
33349,549
33350,749
33354,660
33355,547
33366,735
33366,737
33366,724
33367,660
33371,694
33373,688
33380,734
33386,583
33387,463
33390,731
33391,591
33392,487
33394,172
33397,616
33398,699
33399,744
33402,749
33403,728
33405,489
33405,346
33407,604
33408,416
33409,721
33409,749
33409,662
33411,739
33414,757
33415,736
33418,619
33421,716
33422,736
33423,324
33429,757
33433,730
33433,647
33435,288
33436,572
33436,582
33436,616
33438,665
33439,590
33440,699
33440,397
33441,581
33442,584
33442,636
33443,196
33444,616
33445,719
33445,663
33447,538
33451,713
33452,529
33452,686
33452,592
33454,754
33454,757
33455,678
33455,661
33456,724
33458,741
33460,216
33462,678
33468,701
33470,749
33471,742
33472,750
33472,723
33476,660
33477,343
33477,263
33479,580
33479,449
33479,688
33480,679
33480,644
33482,756
33483,400
33483,386
33483,579
33483,439
33487,575
33487,675
33490,607
33490,259
33491,713
33493,686
33493,539
33493,691
33499,688
33499,649
33501,751
33502,737
33502,735
33504,755
33506,581
33510,390
33511,612
33512,349
33515,739
33516,488
33518,687
33519,659
33521,737
33522,736
33522,741
33523,502
33525,669
33525,733
33531,757
33531,746
33534,742
33536,600
33540,547
33542,406
33543,718
33547,636
33550,755
33551,756
33552,695
33552,678
33555,514
33556,235
33557,242
33558,511
33559,505
33560,745
33561,568
33566,403
33567,619
33568,673
33570,539
33574,625
33574,611
33579,665
33581,710
33581,305
33581,689
33583,550
33584,720
33585,250
33585,325
33587,655
33587,747
33587,603
33588,651
33589,749
33590,753
33592,376
33594,503
33594,756
33595,567
33600,689
33600,718
33601,717
33602,654
33603,725
33604,694
33610,624
33611,259
33612,556
33612,642
33614,745
33615,691
33617,567
33617,384
33617,600
33621,417
33623,531
33625,485
33626,725
33627,749
33627,706
33632,721
33632,735
33632,702
33635,690
33642,738
33642,723
33644,405
33646,723
33647,720
33649,733
33651,402
33651,24
33651,564
33655,594
33655,415
33657,727
33657,738
33659,701
33660,756
33660,748
33660,719
33660,748
33661,631
33663,492
33663,531
33666,580
33666,746
33666,591
33667,637
33667,756
33669,733
33671,507
33673,712
33674,569
33674,615
33674,748
33675,591
33675,674
33676,734
33677,329
33678,676
33680,610
33681,316
33683,620
33685,565
33686,739
33687,717
33687,742
33689,619
33689,537
33691,715
33693,672
33694,318
33694,418
33694,463
33695,685
33696,386
33697,587
33699,297
33699,580
33699,363
33702,410
33702,636
33706,393
33706,585
33708,724
33708,723
33708,740
33710,527
33711,502
33718,712
33719,744
33722,336
33722,483
33723,707
33727,616
33728,741
33728,656
33729,574
33729,725
33729,304
33729,709
33730,756
33732,686
33733,544
33735,756
33735,499
33739,631
33743,304
33743,626
33743,562
33746,683
33748,715
33748,756
33748,729
33750,394
33752,472
33754,439
33754,313
33755,520
33755,515
33756,742
33758,664
33759,537
33762,628
33766,404
33767,182
33767,742
33768,584
33770,373
33772,547
33774,610
33774,651
33778,744
33778,750
33780,635
33783,453
33786,450
33788,539
33790,712
33791,272
33793,674
33796,654
33800,497
33801,715
33805,437
33805,548
33807,618
33807,676
33809,262
33815,254
33816,718
33818,374
33820,397
33821,576
33822,540
33822,285
33827,631
33829,526
33831,527
33837,598
33837,264
33837,737
33837,451
33838,307
33839,224
33842,712
33842,696
33842,727
33843,544
33843,614
33843,661
33844,297
33847,753
33848,246
33849,754
33855,569
33859,483
33859,323
33859,291
33864,636
33865,596
33866,520
33866,322
33870,530
33874,747
33874,750
33875,357
33875,598
33877,733
33884,684
33888,569
33889,705
33892,725
33892,469
33892,551
33892,480
33893,723
33897,616
33897,609
33897,626
33898,669
33898,593
33899,757
33902,533
33903,607
33904,736
33906,732
33906,496
33906,731
33908,744
33909,628
33910,697
33910,712
33910,748
33911,529
33914,746
33914,742
33915,334
33915,212
33915,693
33918,677
33922,448
33923,584
33924,303
33926,352
33929,538
33930,753
33933,671
33933,325
33934,721
33938,637
33939,292
33941,451
33941,472
33942,622
33945,689
33947,367
33948,643
33948,599
33951,348
33951,560
33951,483
33952,730
33952,689
33953,378
33955,613
33955,304
33958,516
33960,277
33962,686
33962,397
33962,529
33965,717
33967,745
33967,750
33970,752
33970,731
33974,620
33975,723
33976,511
33978,586
33978,696
33979,750
33981,534
33984,744
33985,607
33985,641
33986,559
33988,443
33988,367
33988,529
33989,665
33990,690
33990,674
33991,422
33995,531
33997,742
34001,750
34006,411
34007,561
34008,378
34010,652
34010,633
34014,613
34016,704
34016,747
34020,422
34020,719
34021,667
34022,755
34023,518
34027,669
34028,723
34029,501
34030,382
34032,712
34035,683
34035,632
34038,683
34039,564
34041,526
34042,623
34043,734
34050,680
34052,720
34052,657
34055,592
34059,619
34062,179
34064,738
34065,507
34066,693
34068,756
34070,681
34072,593
34076,618
34078,433
34080,627
34080,588
34083,694
34083,706
34084,709
34084,561
34084,722
34084,574
34088,749
34088,633
34089,744
34090,514
34093,632
34094,690
34095,301
34096,426
34099,740
34101,526
34104,428
34105,628
34106,492
34106,591
34110,264
34113,732
34113,683
34115,707
34115,419
34116,660
34117,714
34117,747
34119,453
34119,518
34121,480
34123,599
34125,701
34128,477
34130,749
34130,557
34130,363
34133,753
34134,736
34135,655
34137,751
34138,746
34139,447
34141,748
34147,653
34154,652
34154,645
34154,707
34155,700
34155,620
34155,664
34160,697
34162,529
34163,742
34166,363
34167,732
34167,696
34169,571
34170,651
34171,719
34173,542
34174,572
34175,721
34175,751
34175,746
34175,737
34176,641
34178,715
34179,592
34179,583
34181,640
34181,427
34183,723
34186,612
34188,550
34190,750
34191,367
34192,752
34192,750
34197,717
34200,563
34200,559
34201,85
34203,754
34204,701
34204,680
34205,378
34209,647
34211,691
34213,671
34216,554
34217,726
34217,739
34218,697
34226,660
34226,594
34226,698
34227,338
34229,491
34229,35
34232,444
34232,643
34233,721
34233,619
34237,739
34239,372
34246,443
34246,627
34246,460
34249,446
34250,603
34253,507
34255,668
34256,657
34256,470
34256,456
34256,570
34261,444
34262,420
34267,270
34270,306
34270,265
34270,455
34272,744
34272,712
34275,650
34279,577
34280,435
34281,718
34281,728
34285,734
34285,705
34287,731
34288,685
34289,744
34292,743
34292,738
34295,659
34295,647
34296,733
34297,496
34297,550
34298,455
34298,667
34302,570
34308,698
34308,682
34308,745
34312,675
34312,748
34315,672
34316,684
34317,392
34317,571
34317,291
34318,753
34318,743
34325,701
34327,754
34334,736
34339,639
34339,661
34339,696
34342,418
34344,751
34350,712
34356,714
34356,397
34357,751
34357,755
34358,708
34360,469
34362,680
34364,635
34366,426
34366,480
34368,696
34377,492
34378,706
34380,741
34381,743
34383,745
34385,719
34388,595
34388,564
34388,757
34389,728
34390,419
34393,725
34393,569
34393,556
34396,654
34396,723
34396,486
34400,716
34401,722
34401,752
34403,624
34403,480
34404,624
34405,68
34406,742
34407,744
34407,713
34408,397
34409,680
34409,735
34410,741
34411,732
34412,713
34413,715
34414,230
34417,713
34423,182
34424,722
34425,636
34425,751
34428,718
34429,569
34431,743
34431,741
34432,686
34433,593
34434,490
34436,172
34438,291
34438,729
34440,680
34440,480
34441,594
34442,436
34442,380
34443,644
34444,566
34446,621
34452,462
34456,319
34458,701
34462,630
34463,335
34464,171
34464,195
34464,512
34467,756
34468,641
34468,404
34471,691
34472,736
34473,692
34475,716
34476,756
34476,756
34477,388
34478,731
34482,604
34483,356
34483,334
34487,560
34488,712
34492,555
34492,367
34492,350
34494,451
34494,471
34495,367
34495,229
34495,389
34497,679
34498,738
34499,663
34500,624
34501,738
34501,743
34502,752
34502,743
34502,730
34503,603
34503,442
34504,408
34510,457
34510,484
34513,553
34513,534
34515,745
34515,755
34517,496
34517,670
34518,589
34518,252
34518,743
34519,745
34519,691
34521,692
34524,388
34524,462
34531,523
34532,722
34534,392
34534,673
34538,679
34538,693
34541,745
34542,521
34543,614
34544,514
34548,706
34551,336
34552,739
34554,543
34555,682
34559,731
34562,628
34563,500
34565,568
34566,696
34567,757
34569,737
34572,722
34575,748
34575,745
34576,251
34576,233
34583,590
34584,692
34584,576
34584,427
34587,730
34587,727
34592,692
34597,722
34599,636
34601,750
34603,747
34603,755
34605,592
34615,657
34615,714
34616,413
34620,741
34620,747
34622,666
34623,433
34624,698
34624,730
34625,561
34627,729
34627,710
34627,747
34629,573
34630,632
34631,647
34632,648
34632,731
34633,400
34633,415
34637,664
34638,710
34639,711
34640,307
34641,427
34643,694
34644,739
34658,450
34660,430
34665,571
34667,757
34667,757
34671,511
34673,646
34673,608
34676,646
34676,633
34678,530
34679,725
34679,716
34680,735
34680,602
34681,629
34682,607
34682,644
34684,638
34688,704
34690,744
34694,663
34695,614
34695,689
34697,301
34698,620
34698,522
34699,704
34702,757
34703,678
34703,613
34703,629
34704,710
34705,355
34706,732
34708,478
34711,335
34711,555
34711,315
34714,740
34714,756
34720,485
34721,750
34725,337
34726,735
34726,694
34735,717
34735,658
34738,287
34740,455
34746,752
34749,643
34751,752
34751,608
34751,560
34754,728
34754,700
34754,604
34755,628
34758,124
34759,693
34770,731
34776,449
34777,620
34778,755
34778,755
34778,746
34778,751
34779,544
34780,614
34780,555
34785,593
34788,708
34789,692
34789,602
34793,619
34793,747
34793,620
34794,686
34795,366
34796,754
34798,531
34798,259
34799,383
34803,297
34803,363
34804,292
34808,740
34810,685
34811,701
34811,704
34812,668
34812,712
34812,742
34813,753
34817,220
34821,754
34825,651
34829,680
34835,413
34838,602
34838,535
34838,611
34839,692
34841,341
34842,737
34842,721
34842,714
34843,738
34843,712
34847,556
34855,506
34855,511
34856,594
34857,756
34858,740
34858,743
34869,318
34870,389
34870,437
34872,675
34872,736
34872,709
34874,755
34874,754
34875,694
34877,745
34877,743
34879,620
34883,571
34887,501
34887,385
34887,453
34891,367
34895,482
34895,282
34895,208
34897,627
34899,751
34900,545
34900,657
34900,680
34907,608
34907,502
34908,708
34908,592
34909,745
34912,561
34913,554
34913,435
34915,606
34916,691
34916,737
34918,676
34918,756
34918,695
34918,666
34918,757
34919,430
34919,652
34923,582
34925,733
34928,398
34928,682
34928,591
34933,594
34934,459
34934,291
34935,649
34936,552
34936,551
34942,699
34943,710
34944,589
34944,623
34946,512
34947,643
34948,718
34949,655
34952,679
34952,720
34955,637
34956,648
34959,594
34959,687
34961,658
34961,731
34962,652
34963,695
34968,755
34968,733
34969,733
34971,755
34971,615
34971,718
34971,739
34973,540
34975,373
34977,640
34978,741
34978,713
34978,721
34979,494
34979,716
34983,417
34983,501
34983,553
34984,129
34984,357
34985,701
34987,503
34990,627
34992,661
34993,680
34995,529
34995,377
34998,503
35001,627
35005,713
35008,594
35009,744
35014,551
35016,551
35016,606
35016,564
35018,293
35022,510
35022,237
35023,757
35027,600
35027,604
35029,636
35031,755
35032,596
35033,756
35037,713
35037,751
35038,306
35039,445
35039,427
35040,731
35040,682
35041,747
35042,278
35042,541
35043,656
35046,646
35046,683
35046,706
35052,752
35052,757
35053,742
35053,699
35055,461
35056,548
35056,711
35057,726
35058,656
35059,637
35059,710
35060,704
35062,512
35068,639
35070,237
35071,744
35073,590
35074,606
35074,686
35075,469
35075,643
35083,246
35083,418
35083,283
35083,231
35085,750
35086,712
35086,727
35090,755
35092,603
35093,755
35095,739
35095,745
35097,637
35099,319
35099,327
35100,467
35101,681
35102,495
35102,326
35106,697
35110,667
35111,319
35112,523
35113,757
35114,598
35114,635
35117,748
35117,669
35122,556
35123,568
35124,674
35125,660
35128,711
35131,709
35133,738
35136,457
35137,695
35140,84
35143,710
35145,284
35145,693
35146,712
35151,587
35151,494
35155,572
35156,740
35163,635
35164,403
35164,432
35165,310
35166,300
35166,655
35166,584
35166,445
35167,168
35168,697
35169,552
35170,638
35171,491
35172,744
35176,744
35176,612
35178,731
35179,739
35180,689
35185,677
35191,744
35194,567
35195,563
35196,458
35196,738
35197,756
35199,667
35200,712
35200,384
35200,652
35203,714
35204,468
35205,459
35206,678
35209,739
35209,700
35211,256
35213,638
35213,692
35215,696
35216,345
35216,718
35216,562
35216,501
35220,711
35220,733
35222,665
35223,750
35226,608
35226,533
35229,746
35229,735
35231,757
35232,652
35233,738
35234,545
35234,721
35235,221
35235,286
35240,722
35241,672
35242,686
35244,732
35247,427
35247,432
35249,705
35251,602
35257,587
35258,569
35259,755
35259,738
35259,683
35261,729
35261,695
35261,650
35261,750
35264,682
35265,270
35265,585
35268,628
35272,601
35273,739
35273,738
35274,140
35275,619
35280,574
35283,474
35285,577
35286,737
35286,487
35287,471
35290,547
35291,467
35292,735
35297,612
35297,667
35299,728
35299,753
35302,591
35306,292
35307,322
35310,709
35310,709
35313,684
35313,671
35314,663
35316,733
35316,756
35320,445
35320,721
35322,697
35326,596
35326,753
35327,704
35327,640
35328,457
35329,733
35332,565
35337,757
35338,681
35338,615
35342,587
35345,748
35346,709
35347,691
35349,696
35355,503
35356,693
35357,419
35357,497
35358,264
35359,714
35360,728
35361,580
35361,449
35362,680
35362,749
35366,652
35366,583
35367,682
35367,757
35370,692
35372,746
35373,270
35374,647
35374,589
35374,688
35375,530
35375,645
35377,272
35378,124
35378,312
35379,624
35379,748
35381,584
35385,572
35385,419
35387,496
35388,327
35392,734
35397,735
35399,347
35401,349
35404,630
35405,596
35406,522
35407,221
35407,513
35407,419
35408,412
35409,601
35410,752
35411,739
35413,748
35414,564
35415,749
35416,566
35416,577
35416,650
35417,605
35417,735
35419,485
35420,726
35422,649
35423,494
35427,469
35428,545
35429,152
35429,156
35430,45
35436,500
35437,742
35437,665
35441,737
35442,641
35442,664
35447,735
35447,619
35448,563
35448,597
35449,481
35452,721
35452,750
35453,735
35454,691
35458,616
35458,653
35459,699
35462,583
35463,633
35465,747
35466,203
35467,169
35469,734
35471,700
35471,674
35474,754
35476,725
35477,532
35477,678
35478,351
35478,693
35479,755
35482,536
35485,243
35485,117
35486,99
35488,677
35495,671
35501,563
35503,654
35506,603
35509,601
35510,750
35510,698
35511,425
35512,557
35512,622
35514,709
35514,605
35514,738
35518,608
35518,644
35520,750
35520,644
35522,718
35522,693
35526,693
35526,367
35527,547
35528,710
35529,596
35531,730
35532,625
35532,649
35533,552
35533,549
35534,558
35535,389
35536,664
35540,719
35540,756
35542,718
35544,754
35547,555
35547,685
35547,726
35549,726
35549,663
35553,423
35557,665
35557,707
35562,598
35562,621
35562,735
35562,599
35563,501
35570,652
35570,348
35570,602
35570,722
35572,633
35572,667
35573,674
35573,394
35574,616
35574,619
35576,260
35576,551
35577,561
35577,720
35578,631
35578,190
35582,569
35583,691
35583,723
35585,708
35585,531
35585,714
35589,744
35590,613
35593,465
35594,540
35594,495
35594,551
35595,714
35598,721
35598,744
35600,677
35603,581
35604,677
35604,600
35605,328
35605,200
35607,611
35608,682
35610,751
35610,737
35615,753
35618,685
35620,636
35622,498
35623,728
35623,711
35625,514
35626,653
35627,592
35627,544
35628,733
35630,579
35631,669
35632,463
35633,681
35635,626
35635,643
35636,287
35636,718
35639,749
35640,668
35640,556
35640,725
35643,393
35644,566
35645,514
35645,674
35647,558
35647,738
35648,540
35648,539
35650,735
35650,710
35650,739
35652,364
35655,678
35659,230
35660,739
35662,305
35663,706
35665,656
35666,582
35666,740
35669,544
35669,753
35669,558
35670,618
35670,676
35671,169
35671,335
35675,746
35675,738
35678,743
35679,436
35679,474
35680,670
35683,739
35687,301
35691,751
35691,754
35691,748
35695,691
35697,740
35698,387
35699,558
35699,320
35700,743
35700,745
35702,718
35710,346
35710,147
35711,595
35713,548
35715,505
35716,620
35717,757
35723,731
35724,699
35725,668
35729,713
35730,736
35733,610
35735,742
35735,466
35736,479
35738,731
35740,643
35740,541
35741,524
35747,533
35747,701
35747,726
35748,582
35748,663
35752,443
35755,195
35755,577
35758,501
35759,125
35759,205
35763,716
35763,673
35766,745
35768,755
35769,742
35771,741
35773,696
35773,645
35774,605
35775,432
35780,735
35781,756
35781,736
35786,383
35789,728
35790,737
35794,706
35794,753
35795,631
35798,365
35799,753
35800,751
35800,757
35800,757
35801,503
35802,336
35803,471
35805,754
35805,741
35806,644
35806,710
35806,611
35807,589
35810,748
35810,605
35813,610
35817,738
35818,682
35821,749
35823,647
35824,745
35827,651
35828,702
35829,549
35831,695
35832,734
35833,706
35836,727
35839,408
35841,526
35842,583
35842,533
35846,318
35847,700
35847,751
35849,687
35852,663
35855,510
35856,582
35857,739
35857,688
35859,346
35860,665
35861,670
35867,739
35870,700
35872,741
35872,750
35874,560
35879,476
35880,757
35881,469
35882,517
35884,707
35886,297
35886,568
35886,751
35889,690
35891,281
35891,437
35891,747
35892,225
35893,636
35893,505
35894,557
35895,747
35896,264
35898,692
35898,126
35899,558
35901,695
35903,757
35904,519
35904,621
35906,616
35906,597
35908,755
35909,208
35910,342
35911,702
35913,144
35915,755
35918,747
35920,712
35925,380
35926,588
35926,665
35926,642
35927,720
35927,440
35929,677
35932,415
35933,704
35936,540
35936,534
35939,739
35945,745
35946,696
35946,640
35947,626
35947,563
35948,725
35948,750
35949,732
35950,711
35950,675
35950,652
35951,635
35951,750
35952,711
35952,474
35955,747
35957,508
35958,221
35962,652
35968,578
35968,637
35968,715
35969,738
35975,675
35980,749
35984,678
35986,466
35991,666
35992,734
35995,610
35995,218
35995,279
35995,743
35996,622
35997,602
36003,711
36004,754
36007,694
36013,744
36014,746
36014,693
36015,731
36016,507
36016,499
36024,633
36026,656
36026,713
36028,463
36029,187
36029,702
36030,628
36031,710
36031,421
36032,527
36033,552
36034,680
36037,625
36039,519
36040,738
36043,744
36044,749
36044,676
36049,517
36051,341
36052,739
36053,473
36054,600
36054,517
36054,555
36055,447
36062,650
36062,618
36062,289
36063,232
36063,673
36063,547
36064,749
36069,746
36071,751
36075,736
36078,692
36079,436
36079,474
36084,748
36085,746
36087,356
36089,679
36089,747
36090,456
36091,605
36093,728
36094,671
36094,742
36095,416
36095,413
36097,748
36098,727
36100,730
36103,623
36105,677
36106,559
36107,552
36108,714
36108,701
36114,674
36116,439
36117,683
36118,487
36118,539
36118,721
36120,605
36123,334
36124,610
36125,545
36130,749
36132,580
36133,721
36135,434
36136,722
36139,536
36139,715
36142,753
36142,504
36143,713
36143,679
36147,707
36147,508
36153,510
36156,673
36156,671
36156,572
36159,456
36160,649
36164,262
36168,514
36168,670
36172,265
36172,334
36176,577
36176,750
36180,664
36181,729
36181,728
36182,685
36184,708
36185,491
36186,339
36190,443
36193,513
36196,696
36196,561
36197,697
36201,750
36202,736
36204,635
36208,658
36211,473
36213,709
36214,620
36214,582
36215,537
36215,620
36216,738
36218,672
36219,674
36219,728
36220,652
36220,701
36220,633
36221,744
36222,637
36226,410
36227,734
36228,642
36233,706
36233,717
36234,496
36244,706
36246,311
36252,616
36254,708
36254,493
36254,686
36260,520
36261,516
36261,310
36261,478
36262,754
36262,742
36262,753
36264,471
36264,527
36264,713
36264,407
36266,640
36269,747
36271,564
36271,687
36273,413
36275,735
36276,563
36276,505
36277,522
36277,561
36284,513
36285,387
36289,646
36290,744
36291,736
36291,597
36292,750
36294,725
36295,228
36297,757
36298,622
36303,552
36305,682
36307,309
36308,723
36310,502
36310,504
36312,733
36312,753
36313,610
36317,485
36317,179
36320,715
36320,528
36320,567
36320,542
36322,735
36325,747
36325,748
36325,752
36326,428
36329,656
36329,740
36332,278
36334,147
36336,632
36340,258
36340,383
36344,471
36345,199
36347,698
36347,720
36347,756
36348,751
36349,610
36349,666
36350,487
36353,672
36353,693
36354,554
36355,727
36356,687
36357,288
36359,491
36361,737
36361,722
36363,709
36365,677
36366,741
36367,708
36369,415
36370,679
36374,570
36375,273
36375,705
36376,682
36376,692
36376,696
36377,650
36377,521
36377,402
36382,540
36382,524
36382,584
36387,292
36388,484
36389,112
36389,744
36393,754
36395,633
36398,339
36398,677
36399,609
36399,633
36401,753
36402,637
36402,531
36402,607
36402,681
36403,634
36403,655
36404,504
36405,563
36407,687
36407,672
36410,748
36410,538
36410,293
36413,560
36414,662
36418,715
36422,752
36426,717
36426,668
36426,718
36426,689
36427,650
36427,744
36428,649
36428,541
36429,723
36430,343
36430,620
36431,749
36433,677
36436,690
36436,193
36436,405
36441,622
36442,727
36442,750
36443,698
36444,474
36447,647
36448,462
36451,467
36451,726
36454,673
36455,298
36457,680
36458,603
36459,753
36461,732
36463,753
36463,673
36464,722
36466,677
36468,729
36469,741
36469,737
36470,382
36470,527
36475,616
36476,608
36478,716
36480,178
36481,659
36489,736
36490,647
36490,671
36491,383
36491,741
36498,564
36499,313
36499,250
36500,548
36502,427
36504,694
36504,680
36505,551
36505,691
36506,589
36507,691
36509,664
36511,757
36512,602
36517,753
36517,728
36517,722
36521,464
36522,696
36522,745
36523,702
36529,506
36529,665
36530,730
36531,594
36531,638
36532,377
36532,172
36536,598
36537,721
36537,710
36537,678
36540,738
36542,754
36544,497
36544,718
36546,753
36548,715
36549,652
36549,542
36551,493
36552,733
36554,729
36554,733
36559,754
36559,514
36561,205
36562,501
36562,466
36563,717
36563,414
36566,739
36568,437
36569,731
36572,517
36572,549
36573,710
36577,712
36577,729
36578,693
36580,738
36580,744
36580,739
36580,738
36587,586
36587,725
36587,713
36588,748
36593,681
36595,251
36596,390
36598,570
36600,407
36602,609
36603,665
36605,695
36606,703
36607,704
36609,633
36616,720
36616,730
36622,506
36624,403
36625,726
36626,757
36626,695
36627,572
36633,529
36639,515
36640,425
36640,479
36640,429
36640,676
36640,399
36640,649
36642,421
36644,488
36644,698
36645,565
36645,704
36646,754
36648,704
36648,685
36649,647
36649,212
36651,501
36653,755
36654,637
36655,718
36656,425
36658,729
36659,683
36662,543
36663,660
36663,668
36663,715
36663,716
36664,723
36666,757
36666,748
36667,720
36668,703
36668,741
36669,715
36671,523
36673,728
36673,656
36674,432
36676,756
36680,670
36681,719
36684,628
36686,730
36687,354
36688,757
36689,467
36689,305
36689,338
36691,722
36693,728
36694,718
36694,722
36697,757
36697,757
36700,426
36704,686
36706,492
36707,730
36707,661
36709,639
36709,682
36710,267
36710,555
36710,730
36712,560
36713,572
36714,721
36717,562
36719,741
36719,748
36722,724
36726,644
36726,644
36728,660
36729,296
36730,731
36730,736
36730,703
36731,741
36733,449
36734,672
36735,556
36735,446
36735,380
36735,551
36737,578
36739,684
36739,580
36742,644
36743,609
36744,729
36745,274
36745,458
36746,557
36748,525
36753,743
36755,745
36755,314
36756,731
36759,737
36759,431
36760,690
36760,704
36763,445
36763,467
36770,280
36771,229
36773,617
36775,660
36777,579
36778,559
36779,750
36780,328
36780,563
36782,740
36783,497
36786,256
36789,358
36790,735
36791,650
36797,756
36798,489
36798,594
36800,571
36801,421
36802,685
36803,369
36804,621
36806,741
36808,720
36808,714
36811,738
36815,739
36820,438
36821,431
36824,736
36826,620
36826,742
36828,591
36830,509
36830,480
36830,391
36831,721
36833,657
36834,637
36841,581
36842,680
36843,662
36845,610
36846,750
36849,696
36849,576
36852,697
36852,710
36853,152
36857,501
36858,648
36858,566
36858,516
36861,756
36862,622
36863,749
36863,375
36866,714
36868,550
36870,715
36873,639
36873,608
36874,737
36874,718
36874,746
36878,692
36879,732
36880,691
36886,703
36887,656
36888,753
36888,728
36888,706
36888,714
36890,347
36891,507
36893,732
36897,685
36899,588
36900,695
36901,675
36901,685
36904,715
36905,756
36906,757
36908,674
36909,586
36911,444
36911,205
36912,681
36914,671
36917,757
36917,749
36918,199
36918,320
36919,745
36920,744
36920,620
36921,727
36925,646
36927,755
36930,738
36930,726
36933,621
36935,752
36936,561
36937,592
36938,569
36939,712
36939,719
36939,657
36941,750
36942,562
36948,745
36950,686
36956,374
36956,507
36957,263
36960,539
36961,740
36962,744
36963,696
36965,331
36975,704
36976,433
36977,665
36978,266
36978,545
36982,671
36982,728
36983,728
36984,730
36985,574
36986,249
36986,134
36986,313
36988,289
36989,612
36989,703
36990,666
36990,698
36991,713
36993,753
36995,630
36995,564
36998,726
37000,423
37004,724
37004,712
37005,726
37008,548
37010,658
37011,749
37014,719
37015,715
37016,632
37021,647
37022,496
37028,695
37029,708
37029,727
37031,531
37035,755
37036,530
37037,496
37038,442
37038,589
37039,650
37042,675
37045,739
37047,748
37049,699
37050,474
37052,717
37053,676
37055,569
37056,584
37062,746
37062,737
37065,733
37066,740
37068,674
37068,560
37069,545
37070,716
37071,492
37074,497
37076,580
37076,595
37077,264
37077,334
37078,640
37078,744
37079,570
37079,489
37079,545
37080,564
37080,718
37086,703
37087,660
37089,345
37089,315
37090,743
37092,697
37095,513
37095,531
37097,745
37097,723
37098,403
37098,421
37099,741
37103,737
37103,595
37104,696
37104,652
37105,602
37105,706
37107,757
37107,748
37108,324
37112,317
37113,602
37113,678
37114,726
37120,529
37121,689
37123,609
37126,693
37127,532
37128,752
37128,742
37129,750
37130,493
37132,707
37134,743
37134,744
37137,657
37140,516
37142,747
37142,726
37143,436
37144,671
37146,751
37147,709
37149,347
37150,551
37150,599
37150,753
37151,729
37151,735
37152,730
37156,737
37156,710
37156,731
37157,503
37159,563
37159,611
37160,316
37161,743
37161,737
37162,729
37164,284
37164,605
37166,641
37168,680
37169,673
37170,201
37172,644
37175,733
37176,655
37180,658
37181,670
37185,723
37197,660
37198,711
37201,693
37202,289
37204,524
37204,578
37205,343
37205,545
37207,548
37207,643
37208,616
37208,497
37209,703
37213,372
37219,716
37219,658
37223,271
37223,307
37226,620
37227,418
37232,682
37234,704
37235,629
37237,614
37240,604
37243,570
37244,418
37244,700
37249,666
37249,516
37251,756
37256,689
37257,592
37259,569
37261,343
37267,633
37267,583
37268,743
37269,731
37271,490
37271,509
37273,719
37277,705
37282,752
37284,689
37284,750
37286,730
37286,690
37288,522
37296,446
37298,360
37303,607
37304,654
37306,739
37307,296
37308,393
37309,756
37309,733
37311,514
37313,420
37313,629
37313,508
37314,127
37315,559
37317,452
37317,190
37320,212
37320,568
37320,214
37322,716
37322,742
37323,535
37325,565
37328,751
37328,741
37329,713
37333,756
37334,552
37335,634
37336,686
37338,741
37339,600
37341,740
37341,520
37343,367
37343,650
37347,754
37348,755
37349,723
37349,749
37350,757
37350,562
37350,583
37351,517
37354,428
37355,577
37355,625
37356,685
37356,645
37358,338
37358,720
37358,557
37358,673
37364,714
37365,634
37366,712
37366,697
37367,439
37370,747
37370,544
37371,754
37372,702
37376,750
37377,739
37377,720
37378,359
37379,550
37382,727
37388,695
37388,497
37389,747
37389,719
37390,740
37391,496
37396,355
37399,518
37402,740
37402,752
37403,736
37403,757
37403,745
37404,746
37405,592
37405,581
37409,636
37410,472
37410,641
37410,409
37412,709
37418,727
37418,676
37418,674
37419,675
37420,511
37428,599
37429,749
37430,619
37432,671
37433,551
37438,662
37440,618
37440,590
37442,733
37442,685
37442,679
37443,668
37443,634
37445,715
37445,463
37449,342
37449,492
37450,543
37451,351
37452,735
37453,452
37457,206
37457,385
37457,583
37458,580
37460,709
37461,740
37462,687
37465,712
37465,385
37468,625
37471,666
37474,724
37476,756
37476,662
37478,676
37482,743
37484,385
37485,657
37486,639
37487,453
37487,698
37488,682
37490,137
37490,520
37491,217
37494,616
37496,613
37496,593
37503,719
37504,41
37504,674
37504,275
37505,577
37506,738
37507,480
37508,449
37508,448
37509,602
37509,151
37509,487
37510,727
37510,753
37513,329
37515,596
37515,722
37517,752
37522,672
37525,749
37526,616
37529,748
37533,669
37533,625
37533,755
37536,372
37536,143
37536,509
37537,709
37539,674
37543,621
37545,742
37546,155
37546,518
37546,530
37550,700
37559,615
37560,640
37562,714
37562,757
37564,756
37564,750
37564,745
37565,391
37568,618
37568,698
37569,673
37575,636
37577,738
37578,466
37578,601
37578,751
37580,500
37585,583
37587,539
37588,543
37590,746
37591,659
37593,727
37593,721
37595,690
37595,542
37596,744
37598,446
37598,356
37602,717
37606,752
37607,659
37612,680
37612,654
37619,751
37620,555
37620,551
37626,734
37629,723
37633,413
37635,729
37635,418
37635,410
37636,663
37638,737
37638,660
37639,709
37641,443
37641,394
37645,662
37647,671
37650,702
37651,690
37651,750
37653,558
37654,713
37655,218
37658,686
37660,744
37661,703
37661,648
37662,630
37665,628
37669,757
37669,715
37671,748
37671,683
37671,731
37674,232
37674,689
37675,746
37679,746
37681,740
37682,277
37682,271
37682,379
37682,267
37685,656
37685,642
37685,670
37686,735
37689,717
37689,717
37689,726
37690,454
37690,729
37692,638
37693,489
37693,587
37694,722
37695,526
37695,436
37697,657
37697,670
37698,617
37703,548
37706,427
37708,645
37708,580
37708,755
37710,515
37714,674
37714,648
37718,496
37719,671
37719,650
37719,552
37719,737
37720,717
37724,756
37724,753
37725,744
37731,647
37731,267
37733,696
37737,749
37738,711
37738,751
37740,679
37742,716
37743,529
37743,599
37744,699
37750,481
37752,754
37756,755
37758,615
37758,618
37761,205
37770,736
37772,662
37772,668
37772,674
37773,698
37778,731
37780,719
37781,754
37783,642
37786,741
37786,736
37786,739
37788,525
37788,653
37790,684
37790,670
37790,673
37791,728
37795,757
37795,710
37795,750
37797,373
37801,659
37801,699
37802,735
37807,693
37807,638
37807,664
37810,618
37810,663
37810,628
37814,385
37818,735
37818,735
37819,615
37820,359
37822,262
37824,731
37827,625
37828,480
37830,755
37830,705
37831,448
37833,713
37834,633
37836,415
37836,402
37837,696
37837,722
37839,753
37839,756
37841,595
37842,600
37845,756
37846,347
37847,745
37847,669
37848,451
37849,698
37850,669
37850,708
37850,298
37853,619
37853,565
37854,667
37856,379
37857,347
37858,645
37858,555
37863,757
37864,720
37865,572
37866,684
37866,551
37866,513
37868,714
37870,542
37873,704
37873,754
37874,592
37874,648
37875,390
37875,54
37875,92
37880,421
37880,530
37880,534
37884,731
37885,600
37885,573
37885,731
37888,691
37889,330
37889,470
37889,159
37890,662
37890,628
37891,757
37891,660
37893,743
37895,654
37895,521
37896,625
37896,743
37898,450
37899,756
37900,66
37900,267
37902,757
37902,745
37905,490
37905,456
37908,707
37911,600
37911,613
37912,469
37912,752
37915,707
37915,721
37917,677
37917,561
37920,634
37920,742
37921,546
37922,751
37924,496
37924,501
37925,745
37925,747
37927,737
37928,745
37929,749
37933,702
37933,610
37933,739
37934,680
37934,609
37942,565
37942,555
37943,231
37946,550
37947,581
37954,328
37955,614
37955,577
37957,736
37960,735
37961,756
37961,480
37961,544
37963,704
37964,658
37964,556
37964,589
37964,458
37965,630
37966,450
37967,491
37967,531
37969,753
37971,511
37971,567
37971,408
37973,300
37974,712
37974,729
37974,751
37975,748
37980,753
37980,557
37982,635
37989,468
37992,707
37994,586
37998,370
37998,242
37999,441
38000,611
38000,638
38001,728
38003,727
38003,704
38003,744
38005,687
38006,613
38008,711
38009,677
38010,295
38011,751
38014,421
38015,723
38017,422
38018,648
38020,601
38022,621
38029,749
38034,500
38035,732
38036,511
38037,615
38038,602
38039,677
38039,475
38039,347
38040,718
38040,664
38041,640
38042,743
38042,703
38043,422
38044,729
38045,567
38048,736
38049,609
38049,617
38050,740
38050,694
38051,696
38051,716
38051,671
38056,356
38057,637
38058,644
38062,744
38063,746
38063,657
38063,696
38063,740
38065,646
38067,725
38071,368
38075,506
38077,707
38077,707
38077,754
38080,755
38081,390
38081,643
38082,753
38084,699
38084,621
38084,649
38087,750
38096,597
38101,663
38101,655
38103,703
38106,611
38106,645
38107,555
38108,745
38110,593
38111,600
38114,657
38114,337
38116,725
38117,534
38117,596
38118,504
38119,742
38121,698
38121,705
38122,663
38123,637
38124,702
38125,735
38125,518
38125,756
38125,630
38126,539
38126,703
38127,509
38132,688
38133,724
38137,721
38138,729
38140,327
38142,693
38143,724
38146,703
38148,421
38148,525
38149,727
38152,745
38152,727
38156,623
38159,520
38160,135
38162,568
38162,517
38162,406
38167,756
38168,649
38170,272
38171,366
38174,684
38181,736
38181,732
38183,693
38183,684
38183,667
38184,732
38186,641
38186,451
38187,658
38188,272
38188,462
38192,757
38194,685
38196,642
38199,264
38202,553
38203,734
38210,561
38210,687
38210,651
38214,630
38214,750
38217,562
38218,608
38226,662
38227,679
38231,611
38232,646
38236,634
38237,713
38238,753
38239,589
38239,732
38241,724
38241,611
38242,662
38243,659
38245,454
38248,538
38250,405
38252,314
38252,592
38253,739
38256,623
38259,740
38261,545
38262,382
38264,671
38267,733
38273,568
38273,347
38274,278
38274,184
38280,650
38280,641
38283,119
38286,626
38288,434
38288,596
38290,504
38292,658
38293,688
38294,682
38296,665
38297,734
38297,730
38298,656
38304,565
38304,745
38305,682
38306,692
38306,723
38306,593
38307,677
38308,704
38308,665
38310,720
38310,718
38312,737
38316,619
38316,623
38317,671
38317,658
38319,674
38319,491
38320,671
38323,506
38323,368
38324,618
38324,528
38326,669
38328,572
38328,647
38329,636
38329,580
38330,732
38332,601
38332,681
38332,679
38333,451
38335,414
38335,473
38337,203
38338,709
38339,439
38340,686
38340,714
38343,392
38343,470
38344,471
38346,627
38346,634
38347,717
38347,712
38351,727
38352,754
38352,622
38353,740
