serial,code,s,e,rows,truth_kinds,days_since_prev,is_anchor,track
R00000,TIP,2025-06-26 01:49:03,2025-06-26 01:49:03,1,lift,,True,tip
R00000,TIP,2025-06-26 08:11:16,2025-06-26 08:11:16,1,lift,0.0,False,tip
R00001,TIP,2025-03-17 10:08:07,2025-03-17 10:57:04,3,accident_tip,,True,tip
R00001,TIP,2025-06-11 12:02:17,2025-06-11 12:02:17,1,accident_tip,86.0,True,tip
R00001,TIP,2025-06-15 12:12:16,2025-06-15 12:12:16,1,accident_drop,4.0,False,tip
R00002,TIP,2025-09-11 17:24:06,2025-09-11 17:24:06,1,accident_tip,,True,tip
R00004,TIP,2025-01-27 11:54:02,2025-01-27 13:15:49,2,lift,,True,tip
R00006,TIP,2025-06-02 17:57:37,2025-06-02 17:57:37,1,lift,,True,tip
R00007,TIP,2025-06-16 18:23:36,2025-06-16 18:23:36,1,lift,,True,tip
R00007,TIP,2025-10-01 13:59:57,2025-10-01 13:59:57,1,accident_tip,107.0,True,tip
R00008,TIP,2025-04-18 19:55:05,2025-04-18 19:55:05,1,accident_drop,,True,tip
R00009,TIP,2025-02-05 11:07:06,2025-02-05 11:07:06,1,accident_tip,,True,tip
R00009,TIP,2025-02-07 23:20:18,2025-02-07 23:27:44,2,accident_tip,2.0,False,tip
R00009,TIP,2025-02-08 12:33:13,2025-02-08 12:33:13,1,accident_tip,1.0,False,tip
R00009,TIP,2025-02-14 16:40:40,2025-02-14 17:05:54,2,accident_tip,6.0,False,tip
R00009,TIP,2025-02-15 19:13:28,2025-02-15 19:28:20,2,accident_tip,1.0,False,tip
R00009,TIP,2025-03-01 18:00:40,2025-03-01 18:25:37,2,accident_tip,14.0,False,tip
R00010,TIP,2025-07-20 20:09:54,2025-07-20 20:09:54,1,accident_tip,,True,tip
R00010,DROP,2025-09-18 21:54:04,2025-09-18 21:54:04,1,accident_drop,60.0,True,drop
R00013,TIP,2025-06-30 12:15:15,2025-06-30 12:15:15,1,lift,,True,tip
R00014,TIP,2025-05-25 17:44:26,2025-05-25 17:44:26,1,lift,,True,tip
R00014,DROP,2025-07-25 15:01:18,2025-07-25 15:01:18,1,accident_drop,61.0,True,drop
R00014,TIP,2025-08-23 20:53:57,2025-08-23 21:08:39,2,accident_tip,29.0,True,tip
R00014,TIP,2025-08-24 14:08:57,2025-08-24 14:09:09,2,accident_tip,1.0,False,tip
R00014,TIP,2025-08-25 17:54:30,2025-08-25 17:54:30,1,accident_tip,1.0,False,tip
R00014,TIP,2025-08-26 13:25:18,2025-08-26 13:29:14,2,accident_tip,1.0,False,tip
R00014,TIP,2025-09-01 13:27:20,2025-09-01 13:27:20,1,accident_tip,6.0,False,tip
R00014,TIP,2025-09-05 09:07:30,2025-09-05 09:07:30,1,accident_tip,4.0,False,tip
R00014,TIP,2025-09-14 15:58:16,2025-09-14 15:58:16,1,accident_tip,9.0,False,tip
R00014,TIP,2025-09-28 15:08:41,2025-09-28 15:09:51,2,accident_tip,14.0,False,tip
R00015,TIP,2025-03-20 19:59:21,2025-03-20 19:59:21,1,lift,,True,tip
R00016,TIP,2025-07-14 08:38:29,2025-07-14 08:49:43,2,accident_tip,,True,tip
R00018,TIP,2025-06-14 09:16:36,2025-06-14 09:16:36,1,accident_tip,,True,tip
R00018,TIP,2025-06-22 21:13:00,2025-06-22 21:13:00,1,accident_tip,8.0,False,tip
R00018,TIP,2025-06-23 09:19:05,2025-06-23 09:40:48,3,accident_tip,1.0,False,tip
R00019,TIP,2025-05-12 16:21:44,2025-05-12 16:37:27,4,accident_tip,,True,tip
R00020,TIP,2025-11-01 15:29:30,2025-11-01 15:36:26,2,accident_tip,,True,tip
R00020,TIP,2025-11-02 12:32:46,2025-11-02 12:52:59,2,accident_tip,1.0,False,tip
R00021,TIP,2025-06-09 21:21:48,2025-06-09 21:32:30,3,accident_drop,,True,tip
R00021,TIP,2025-06-10 08:12:15,2025-06-10 08:12:36,2,accident_tip,1.0,False,tip
R00021,TIP,2025-06-12 12:10:25,2025-06-12 12:10:25,1,accident_tip,2.0,False,tip
R00023,TIP,2025-09-17 06:16:54,2025-09-17 06:16:54,1,accident_tip,,True,tip
R00023,DROP,2025-09-23 21:31:12,2025-09-23 21:39:54,2,accident_drop,6.0,False,drop
R00023,DROP,2025-09-26 10:16:25,2025-09-26 10:16:25,1,accident_drop,3.0,False,drop
R00023,TIP,2025-09-27 12:00:47,2025-09-27 12:04:53,2,accident_tip,1.0,False,tip
R00029,TIP,2025-09-25 14:33:35,2025-09-25 14:33:35,1,accident_tip,,True,tip
R00036,TIP,2025-05-08 18:32:30,2025-05-08 18:41:59,2,accident_tip,,True,tip
R00036,TIP,2025-05-09 04:23:23,2025-05-09 04:23:23,1,accident_tip,1.0,False,tip
R00037,TIP,2025-10-21 11:20:47,2025-10-21 11:20:47,1,accident_tip,,True,tip
R00037,TIP,2025-10-22 08:07:04,2025-10-22 08:07:04,1,accident_tip,1.0,False,tip
R00043,TIP,2025-08-23 19:31:42,2025-08-23 19:44:13,2,accident_tip,,True,tip
R00045,TIP,2025-07-27 12:51:45,2025-07-27 13:13:57,4,accident_tip,,True,tip
R00046,TIP,2025-03-30 13:29:08,2025-03-30 13:29:08,1,lift,,True,tip
R00047,TIP,2025-02-01 20:48:48,2025-02-01 20:48:48,1,accident_tip,,True,tip
R00047,TIP,2025-02-14 17:44:38,2025-02-14 17:44:38,1,accident_tip,13.0,False,tip
R00047,TIP,2025-07-20 14:45:23,2025-07-20 14:52:23,2,accident_tip,156.0,True,tip
R00047,TIP,2025-08-05 10:35:25,2025-08-05 10:35:25,1,accident_tip,16.0,True,tip
R00049,TIP,2025-01-26 15:50:03,2025-01-26 16:06:55,3,accident_tip,,True,tip
R00049,TIP,2025-02-02 16:25:06,2025-02-02 16:25:06,1,accident_tip,7.0,False,tip
R00051,TIP,2025-03-14 15:36:18,2025-03-14 15:36:18,1,lift,,True,tip
R00052,TIP,2025-06-07 16:36:00,2025-06-07 16:36:00,1,lift,,True,tip
R00052,TIP,2025-06-07 20:52:38,2025-06-07 20:52:38,1,lift,0.0,False,tip
R00053,TIP,2025-07-01 09:36:11,2025-07-01 09:36:11,1,accident_tip,,True,tip
R00057,DROP,2025-10-03 18:25:39,2025-10-03 19:10:47,2,accident_drop,,True,drop
R00058,TIP,2025-04-26 15:48:23,2025-04-26 15:48:23,1,accident_tip,,True,tip
R00060,TIP,2025-07-22 08:45:37,2025-07-22 08:45:37,1,accident_tip,,True,tip
R00062,TIP,2025-05-07 12:33:24,2025-05-07 12:33:24,1,lift,,True,tip
R00062,TIP,2025-05-07 14:47:37,2025-05-07 14:47:37,1,lift,0.0,False,tip
R00062,TIP,2025-10-08 19:26:34,2025-10-08 19:35:52,3,accident_tip,154.0,True,tip
R00066,TIP,2025-06-21 09:26:30,2025-06-21 09:26:30,1,lift,,True,tip
R00066,TIP,2025-06-21 21:49:56,2025-06-21 21:49:56,1,lift,0.0,False,tip
R00067,TIP,2025-03-12 08:20:37,2025-03-12 08:20:37,1,accident_drop,,True,tip
R00069,TIP,2025-04-15 14:54:26,2025-04-15 16:32:05,2,lift,,True,tip
R00071,TIP,2025-07-14 12:34:03,2025-07-14 12:52:52,4,accident_tip,,True,tip
R00073,TIP,2025-06-02 09:19:35,2025-06-02 09:21:37,2,accident_tip,,True,tip
R00073,TIP,2025-06-16 09:49:06,2025-06-16 09:49:06,1,accident_tip,14.0,False,tip
R00073,TIP,2025-09-20 12:10:07,2025-09-20 12:17:34,2,accident_tip,96.0,True,tip
R00073,TIP,2025-09-29 18:51:52,2025-09-29 18:53:28,2,accident_tip,9.0,False,tip
R00074,TIP,2025-01-27 15:58:30,2025-01-27 15:58:35,2,accident_tip,,True,tip
R00074,TIP,2025-02-05 17:00:00,2025-02-05 17:12:41,2,accident_tip,9.0,False,tip
R00074,TIP,2025-02-14 18:46:23,2025-02-14 18:46:23,1,accident_drop,9.0,False,tip
R00074,TIP,2025-02-21 15:11:43,2025-02-21 15:28:37,2,accident_tip,7.0,False,tip
R00075,TIP,2025-06-18 08:38:19,2025-06-18 09:45:19,3,accident_tip,,True,tip
R00075,TIP,2025-06-24 10:37:06,2025-06-24 10:40:29,2,accident_tip,6.0,False,tip
R00075,TIP,2025-07-01 18:24:02,2025-07-01 18:24:02,1,accident_tip,7.0,False,tip
R00080,TIP,2025-08-15 19:36:56,2025-08-15 20:27:57,3,accident_tip,,True,tip
R00081,TIP,2025-05-30 19:13:55,2025-05-30 19:13:55,1,lift,,True,tip
R00081,TIP,2025-10-29 18:08:13,2025-10-29 18:08:13,1,accident_tip,152.0,True,tip
R00082,TIP,2025-07-28 15:06:50,2025-07-28 15:22:00,2,accident_tip,,True,tip
R00082,TIP,2025-08-11 21:03:53,2025-08-11 21:15:55,2,accident_tip,14.0,False,tip
R00083,TIP,2025-06-23 10:20:35,2025-06-23 10:20:35,1,lift,,True,tip
R00086,TIP,2025-04-30 19:37:44,2025-04-30 20:41:37,4,accident_tip,,True,tip
R00088,TIP,2025-01-30 07:48:07,2025-01-30 07:48:07,1,accident_tip,,True,tip
R00088,TIP,2025-02-01 00:06:30,2025-02-01 00:29:06,2,accident_tip,2.0,False,tip
R00088,TIP,2025-02-02 15:11:35,2025-02-02 15:11:35,1,accident_tip,1.0,False,tip
R00088,TIP,2025-09-01 20:27:46,2025-09-01 20:27:46,1,accident_tip,211.0,True,tip
R00088,TIP,2025-10-27 19:10:44,2025-10-27 19:15:07,2,accident_tip,56.0,True,tip
R00088,DROP,2025-10-29 22:10:30,2025-10-29 22:35:56,2,accident_drop,2.0,False,drop
R00089,TIP,2025-03-08 21:44:37,2025-03-08 21:44:37,1,lift,,True,tip
R00089,TIP,2025-03-20 17:02:25,2025-03-20 17:02:25,1,lift,12.0,False,tip
R00094,TIP,2025-06-23 16:08:42,2025-06-23 18:00:26,2,lift,,True,tip
R00095,TIP,2025-09-07 18:14:59,2025-09-07 18:14:59,1,accident_tip,,True,tip
R00096,TIP,2025-04-12 12:20:16,2025-04-12 12:25:51,2,accident_drop,,True,tip
R00096,TIP,2025-06-21 14:34:33,2025-06-21 14:43:33,2,accident_tip,70.0,True,tip
R00098,TIP,2025-05-23 19:28:39,2025-05-23 19:28:39,1,lift,131.0,True,tip
R00102,TIP,2025-01-25 12:44:33,2025-01-25 12:44:33,1,lift,,True,tip
R00102,TIP,2025-01-25 15:03:07,2025-01-25 15:03:07,1,lift,0.0,False,tip
R00102,TIP,2025-04-20 01:27:50,2025-04-20 01:27:50,1,lift,85.0,True,tip
R00103,TIP,2025-10-10 13:43:51,2025-10-10 13:43:51,1,accident_tip,,True,tip
R00105,TIP,2025-05-15 17:14:13,2025-05-15 17:14:13,1,accident_tip,,True,tip
R00105,DROP,2025-09-03 09:52:22,2025-09-03 10:01:32,2,accident_drop,111.0,True,drop
R00105,TIP,2025-09-11 23:16:11,2025-09-11 23:16:11,1,accident_tip,8.0,False,tip
R00105,DROP,2025-10-01 14:35:08,2025-10-01 15:09:50,2,accident_drop,20.0,True,drop
R00111,TIP,2025-01-30 18:39:22,2025-01-30 18:39:22,1,lift,,True,tip
R00113,TIP,2025-04-16 08:53:40,2025-04-16 08:58:35,2,accident_tip,,True,tip
R00118,TIP,2025-03-12 16:33:34,2025-03-12 16:33:34,1,lift,,True,tip
R00118,TIP,2025-04-09 10:19:55,2025-04-09 10:19:55,1,accident_tip,28.0,True,tip
R00118,TIP,2025-04-11 09:40:27,2025-04-11 10:11:32,2,accident_tip,2.0,False,tip
R00119,TIP,2025-04-17 11:55:22,2025-04-17 12:24:40,3,accident_tip,,True,tip
R00119,TIP,2025-04-19 16:41:40,2025-04-19 16:54:45,2,accident_tip,2.0,False,tip
R00119,TIP,2025-06-07 12:53:38,2025-06-07 12:53:38,1,lift,49.0,True,tip
R00119,TIP,2025-06-07 15:22:42,2025-06-07 15:22:42,1,lift,0.0,False,tip
R00122,TIP,2025-06-11 19:32:51,2025-06-11 19:56:38,3,accident_tip,,True,tip
R00122,TIP,2025-06-13 09:12:10,2025-06-13 09:35:28,2,accident_tip,2.0,False,tip
R00122,DROP,2025-10-04 12:35:15,2025-10-04 12:35:15,1,accident_drop,113.0,True,drop
R00123,TIP,2025-04-15 22:06:36,2025-04-15 22:06:36,1,accident_tip,,True,tip
R00123,TIP,2025-04-16 11:29:35,2025-04-16 11:52:05,3,accident_tip,1.0,False,tip
R00125,TIP,2025-08-21 17:17:21,2025-08-21 17:17:21,1,accident_tip,,True,tip
R00125,TIP,2025-08-27 07:51:03,2025-08-27 08:07:21,3,accident_tip,6.0,False,tip
R00125,TIP,2025-08-29 20:08:44,2025-08-29 20:33:53,2,accident_tip,2.0,False,tip
R00127,TIP,2025-02-23 14:42:52,2025-02-23 14:42:52,1,accident_drop,,True,tip
R00128,TIP,2025-04-06 19:44:10,2025-04-06 19:44:10,1,lift,,True,tip
R00128,DROP,2025-07-08 05:46:26,2025-07-08 05:46:26,1,accident_drop,93.0,True,drop
R00130,TIP,2025-02-18 17:43:37,2025-02-18 18:05:11,2,accident_tip,,True,tip
R00130,TIP,2025-02-23 12:44:46,2025-02-23 13:11:23,2,accident_tip,5.0,False,tip
R00130,DROP,2025-10-31 15:04:23,2025-10-31 15:04:23,1,accident_drop,250.0,True,drop
R00130,TIP,2025-11-02 09:11:09,2025-11-02 09:11:09,1,accident_tip,2.0,False,tip
R00135,TIP,2025-02-10 19:29:14,2025-02-10 19:29:14,1,accident_drop,,True,tip
R00135,TIP,2025-02-11 12:29:46,2025-02-11 12:29:46,1,accident_tip,1.0,False,tip
R00135,TIP,2025-02-17 14:39:52,2025-02-17 14:39:52,1,accident_tip,6.0,False,tip
R00135,TIP,2025-02-21 13:29:20,2025-02-21 13:29:20,1,accident_tip,4.0,False,tip
R00135,TIP,2025-06-19 15:32:37,2025-06-19 16:08:55,4,accident_tip,118.0,True,tip
R00136,TIP,2025-09-17 21:08:57,2025-09-17 21:08:57,1,accident_tip,,True,tip
R00137,TIP,2025-03-09 16:06:41,2025-03-09 16:06:41,1,lift,,True,tip
R00137,TIP,2025-03-09 19:05:50,2025-03-09 19:05:50,1,lift,0.0,False,tip
R00138,TIP,2025-06-13 17:28:04,2025-06-13 17:37:53,3,accident_tip,,True,tip
R00138,TIP,2025-06-17 11:04:05,2025-06-17 11:04:05,1,lift,4.0,False,tip
R00138,DROP,2025-08-17 09:37:03,2025-08-17 09:57:53,2,accident_drop,61.0,True,drop
R00139,TIP,2025-01-24 20:33:20,2025-01-24 20:33:20,1,lift,,True,tip
R00139,TIP,2025-05-08 15:56:04,2025-05-08 16:11:52,2,accident_drop,104.0,True,tip
R00139,TIP,2025-08-19 18:31:00,2025-08-19 18:36:26,2,accident_tip,103.0,True,tip
R00139,DROP,2025-08-29 10:10:52,2025-08-29 10:14:04,2,accident_drop,10.0,False,drop
R00141,TIP,2025-06-30 13:26:55,2025-06-30 14:07:29,5,accident_tip,,True,tip
R00144,TIP,2025-08-28 09:23:11,2025-08-28 09:27:24,2,accident_tip,,True,tip
R00145,TIP,2025-08-04 09:16:24,2025-08-04 09:16:24,1,accident_tip,,True,tip
R00145,DROP,2025-08-08 11:13:56,2025-08-08 11:13:56,1,accident_drop,4.0,False,drop
R00145,DROP,2025-08-09 14:59:28,2025-08-09 15:17:15,2,accident_drop,1.0,False,drop
R00145,DROP,2025-08-10 08:49:27,2025-08-10 08:49:27,1,accident_drop,1.0,False,drop
R00145,TIP,2025-08-15 20:58:45,2025-08-15 21:22:27,3,accident_tip,5.0,False,tip
R00145,TIP,2025-08-17 14:19:21,2025-08-17 14:19:55,2,accident_tip,2.0,False,tip
R00145,TIP,2025-09-02 20:55:03,2025-09-02 20:55:03,1,accident_tip,16.0,True,tip
R00145,TIP,2025-09-03 18:05:16,2025-09-03 18:05:16,1,accident_tip,1.0,False,tip
R00145,TIP,2025-09-29 17:20:00,2025-09-29 17:42:47,3,accident_tip,26.0,True,tip
R00145,TIP,2025-10-06 09:48:58,2025-10-06 09:52:41,3,accident_tip,7.0,False,tip
R00146,TIP,2025-03-05 16:56:05,2025-03-05 16:56:05,1,accident_drop,,True,tip
R00146,TIP,2025-03-07 15:21:53,2025-03-07 15:35:19,3,accident_tip,2.0,False,tip
R00146,TIP,2025-03-09 09:24:52,2025-03-09 09:24:52,1,accident_tip,2.0,False,tip
R00146,TIP,2025-03-11 21:47:27,2025-03-11 21:54:34,2,accident_tip,2.0,False,tip
R00146,TIP,2025-03-12 18:55:47,2025-03-12 19:09:39,2,accident_tip,1.0,False,tip
R00146,TIP,2025-03-15 15:29:08,2025-03-15 15:29:08,1,accident_tip,3.0,False,tip
R00149,TIP,2025-06-14 15:55:07,2025-06-14 15:55:07,1,lift,,True,tip
R00151,DROP,2025-09-08 13:33:50,2025-09-08 13:33:50,1,accident_drop,,True,drop
R00153,TIP,2025-06-21 00:19:38,2025-06-21 00:19:38,1,lift,,True,tip
R00153,TIP,2025-06-21 09:02:56,2025-06-21 09:02:56,1,lift,0.0,False,tip
R00154,TIP,2025-02-18 10:21:11,2025-02-18 10:21:11,1,lift,,True,tip
R00154,TIP,2025-05-10 22:53:53,2025-05-10 22:53:53,1,lift,81.0,True,tip
R00154,TIP,2025-05-13 16:21:48,2025-05-13 16:21:48,1,lift,3.0,False,tip
R00154,TIP,2025-07-29 07:46:05,2025-07-29 07:46:05,1,accident_tip,77.0,True,tip
R00155,TIP,2025-05-23 15:18:54,2025-05-23 15:29:14,2,accident_tip,,True,tip
R00155,TIP,2025-09-23 14:05:58,2025-09-23 14:05:58,1,accident_tip,123.0,True,tip
R00156,TIP,2025-07-13 22:55:35,2025-07-13 23:13:48,2,accident_tip,,True,tip
R00156,DROP,2025-10-10 10:24:44,2025-10-10 10:24:44,1,accident_drop,89.0,True,drop
R00156,TIP,2025-10-13 09:51:57,2025-10-13 10:13:11,2,accident_tip,3.0,False,tip
R00158,TIP,2025-09-04 10:18:45,2025-09-04 10:20:10,3,accident_tip,,True,tip
R00160,TIP,2025-08-21 18:20:37,2025-08-21 18:27:25,2,accident_tip,,True,tip
R00163,DROP,2025-10-15 12:58:04,2025-10-15 13:27:00,3,accident_drop,,True,drop
R00165,TIP,2025-03-14 18:17:27,2025-03-14 18:17:27,1,accident_tip,,True,tip
R00165,TIP,2025-03-27 18:59:56,2025-03-27 18:59:56,1,accident_tip,13.0,False,tip
R00168,TIP,2025-02-02 09:01:27,2025-02-02 09:01:27,1,lift,,True,tip
R00168,TIP,2025-02-02 18:43:59,2025-02-02 18:43:59,1,lift,0.0,False,tip
R00171,TIP,2025-06-21 16:23:43,2025-06-21 16:23:43,1,accident_tip,,True,tip
R00172,TIP,2025-01-22 19:31:40,2025-01-22 19:31:40,1,lift,,True,tip
R00172,TIP,2025-09-23 12:26:36,2025-09-23 12:27:13,2,accident_tip,244.0,True,tip
R00172,TIP,2025-09-26 16:23:30,2025-09-26 16:23:30,1,accident_tip,3.0,False,tip
R00172,TIP,2025-09-29 15:15:02,2025-09-29 15:15:02,1,accident_tip,3.0,False,tip
R00172,TIP,2025-09-30 12:31:27,2025-09-30 12:31:27,1,accident_tip,1.0,False,tip
R00175,TIP,2025-03-12 03:09:04,2025-03-12 03:36:58,2,accident_tip,,True,tip
R00175,TIP,2025-03-14 11:04:03,2025-03-14 11:05:33,2,accident_tip,2.0,False,tip
R00175,TIP,2025-08-15 19:20:51,2025-08-15 19:20:51,1,accident_tip,154.0,True,tip
R00176,TIP,2025-09-28 07:42:28,2025-09-28 07:42:28,1,accident_tip,,True,tip
R00178,TIP,2025-08-06 19:57:51,2025-08-06 20:09:27,2,accident_tip,,True,tip
R00178,DROP,2025-08-13 16:00:30,2025-08-13 16:00:30,1,accident_drop,7.0,False,drop
R00178,TIP,2025-08-14 13:29:12,2025-08-14 13:29:27,2,accident_tip,1.0,False,tip
R00178,TIP,2025-08-24 14:40:32,2025-08-24 14:46:30,2,accident_tip,10.0,False,tip
R00179,TIP,2025-08-08 18:08:57,2025-08-08 18:08:57,1,accident_tip,,True,tip
R00182,TIP,2025-05-13 15:14:05,2025-05-13 15:14:05,1,lift,,True,tip
R00183,TIP,2025-03-11 21:24:06,2025-03-11 21:24:06,1,lift,,True,tip
R00183,TIP,2025-04-09 15:53:01,2025-04-09 15:53:23,2,accident_tip,29.0,True,tip
R00184,TIP,2025-07-25 19:23:15,2025-07-25 19:29:06,2,accident_tip,,True,tip
R00184,TIP,2025-07-27 19:03:22,2025-07-27 19:26:34,2,accident_tip,2.0,False,tip
R00185,TIP,2025-04-25 08:32:53,2025-04-25 08:32:53,1,lift,,True,tip
R00185,TIP,2025-04-25 17:09:42,2025-04-25 18:47:46,2,lift,0.0,False,tip
R00185,TIP,2025-08-31 21:32:17,2025-08-31 21:32:17,1,accident_tip,128.0,True,tip
R00185,DROP,2025-09-24 12:19:52,2025-09-24 12:19:52,1,accident_drop,24.0,True,drop
R00190,TIP,2025-09-11 09:27:03,2025-09-11 09:27:03,1,accident_tip,,True,tip
R00192,TIP,2025-09-01 15:16:11,2025-09-01 15:20:29,2,accident_tip,,True,tip
R00192,TIP,2025-09-03 11:20:08,2025-09-03 11:20:08,1,accident_tip,2.0,False,tip
R00193,TIP,2025-07-29 08:18:17,2025-07-29 08:18:17,1,accident_tip,,True,tip
R00194,TIP,2025-03-09 09:19:36,2025-03-09 09:19:36,1,lift,,True,tip
R00194,TIP,2025-03-09 12:53:40,2025-03-09 12:53:40,1,lift,0.0,False,tip
R00195,TIP,2025-10-15 18:58:12,2025-10-15 19:01:08,2,accident_tip,,True,tip
R00196,TIP,2025-04-18 09:54:21,2025-04-18 10:04:31,2,accident_drop,,True,tip
R00196,TIP,2025-04-26 11:07:46,2025-04-26 11:14:05,2,accident_tip,8.0,False,tip
R00196,TIP,2025-04-27 18:07:20,2025-04-27 18:14:43,2,accident_tip,1.0,False,tip
R00196,TIP,2025-06-25 19:03:01,2025-06-25 19:03:01,1,accident_drop,59.0,True,tip
R00198,TIP,2025-05-01 16:49:17,2025-05-01 16:53:47,2,accident_tip,,True,tip
R00198,TIP,2025-05-03 09:53:49,2025-05-03 09:53:49,1,accident_tip,2.0,False,tip
R00198,TIP,2025-06-01 15:50:51,2025-06-01 15:51:15,2,accident_tip,29.0,True,tip
R00205,TIP,2025-05-20 12:45:50,2025-05-20 12:45:50,1,lift,,True,tip
R00206,TIP,2025-03-05 09:07:43,2025-03-05 09:07:43,1,accident_tip,,True,tip
R00206,TIP,2025-06-14 12:43:27,2025-06-14 12:43:27,1,lift,101.0,True,tip
R00208,TIP,2025-02-04 14:50:19,2025-02-04 15:22:18,3,accident_tip,,True,tip
R00208,TIP,2025-08-08 20:25:21,2025-08-08 20:27:59,2,accident_tip,185.0,True,tip
R00209,DROP,2025-08-31 11:38:10,2025-08-31 12:29:08,3,accident_drop,,True,drop
R00211,TIP,2025-06-26 19:04:55,2025-06-26 19:23:23,3,accident_tip,,True,tip
R00212,TIP,2025-02-09 13:30:20,2025-02-09 13:31:45,2,accident_tip,,True,tip
R00212,TIP,2025-02-17 18:51:27,2025-02-17 18:53:15,2,accident_tip,8.0,False,tip
R00213,DROP,2025-07-30 15:16:18,2025-07-30 15:16:18,1,accident_drop,,True,drop
R00214,TIP,2025-06-08 14:27:54,2025-06-08 14:27:54,1,accident_tip,,True,tip
R00215,TIP,2025-05-22 18:32:54,2025-05-22 19:02:17,5,accident_tip,,True,tip
R00216,TIP,2025-06-06 10:15:35,2025-06-06 10:15:35,1,lift,,True,tip
R00220,TIP,2025-02-09 08:44:06,2025-02-09 09:17:45,3,accident_tip,,True,tip
R00220,TIP,2025-02-13 11:44:50,2025-02-13 11:44:50,2,accident_drop,4.0,False,tip
R00220,TIP,2025-02-23 01:23:04,2025-02-23 01:23:04,1,accident_tip,10.0,False,tip
R00222,DROP,2025-07-28 16:17:39,2025-07-28 16:17:39,1,accident_drop,,True,drop
R00224,TIP,2025-08-03 17:10:10,2025-08-03 17:21:51,2,accident_tip,,True,tip
R00227,TIP,2025-04-12 19:59:20,2025-04-12 19:59:20,1,accident_tip,,True,tip
R00228,TIP,2025-05-07 17:53:32,2025-05-07 17:57:01,2,accident_tip,,True,tip
R00228,TIP,2025-05-09 15:48:52,2025-05-09 15:51:11,2,accident_tip,2.0,False,tip
R00228,TIP,2025-05-20 08:34:57,2025-05-20 08:54:00,2,accident_tip,11.0,False,tip
R00228,TIP,2025-07-12 07:57:49,2025-07-12 08:09:54,2,accident_tip,53.0,True,tip
R00228,TIP,2025-07-16 18:53:19,2025-07-16 18:53:48,2,accident_tip,4.0,False,tip
R00228,TIP,2025-07-21 18:25:31,2025-07-21 18:25:31,1,accident_tip,5.0,False,tip
R00229,TIP,2025-02-14 10:19:28,2025-02-14 10:19:28,1,lift,,True,tip
R00229,TIP,2025-06-13 15:04:24,2025-06-13 15:04:24,1,accident_tip,119.0,True,tip
R00229,TIP,2025-06-15 15:46:44,2025-06-15 15:46:44,1,accident_tip,2.0,False,tip
R00230,TIP,2025-04-10 19:11:43,2025-04-10 19:37:03,2,accident_tip,,True,tip
R00231,TIP,2025-03-07 18:57:31,2025-03-07 18:57:31,1,accident_tip,,True,tip
R00231,DROP,2025-08-11 20:36:16,2025-08-11 20:53:58,2,accident_drop,157.0,True,drop
R00234,TIP,2025-09-11 10:01:28,2025-09-11 10:12:59,2,accident_tip,,True,tip
R00235,TIP,2025-10-31 09:37:33,2025-10-31 09:56:18,3,accident_tip,,True,tip
R00241,TIP,2025-05-29 11:43:28,2025-05-29 11:43:28,1,accident_tip,,True,tip
R00241,TIP,2025-05-30 12:37:18,2025-05-30 12:37:18,1,accident_drop,1.0,False,tip
R00241,TIP,2025-05-31 17:15:45,2025-05-31 17:15:45,1,accident_tip,1.0,False,tip
R00241,TIP,2025-06-01 22:46:53,2025-06-01 22:52:29,2,accident_drop,1.0,False,tip
R00241,TIP,2025-06-02 19:26:11,2025-06-02 19:28:14,2,accident_tip,1.0,False,tip
R00241,TIP,2025-06-11 11:54:57,2025-06-11 12:19:07,2,accident_tip,9.0,False,tip
R00241,TIP,2025-06-14 08:18:53,2025-06-14 08:18:53,1,accident_tip,3.0,False,tip
R00241,TIP,2025-09-08 11:30:53,2025-09-08 11:33:09,2,accident_tip,86.0,True,tip
R00241,DROP,2025-09-09 17:25:47,2025-09-09 17:25:47,1,accident_drop,1.0,False,drop
R00241,TIP,2025-09-21 19:57:20,2025-09-21 20:03:13,2,accident_tip,12.0,False,tip
R00241,TIP,2025-10-06 15:00:58,2025-10-06 15:24:39,2,accident_tip,15.0,True,tip
R00242,TIP,2025-01-23 15:41:44,2025-01-23 15:41:44,1,accident_tip,11.0,False,tip
R00242,TIP,2025-01-24 15:18:16,2025-01-24 15:18:16,1,accident_tip,1.0,False,tip
R00242,TIP,2025-01-25 14:46:29,2025-01-25 14:50:09,2,accident_tip,1.0,False,tip
R00242,DROP,2025-09-05 10:57:34,2025-09-05 11:00:49,2,accident_drop,223.0,True,drop
R00244,TIP,2025-03-24 02:38:26,2025-03-24 02:40:44,2,accident_tip,,True,tip
R00244,TIP,2025-04-06 12:25:20,2025-04-06 12:25:20,1,lift,13.0,False,tip
R00245,TIP,2025-08-22 22:35:09,2025-08-22 22:35:09,1,accident_tip,,True,tip
R00247,TIP,2025-02-28 15:34:41,2025-02-28 15:34:41,1,lift,,True,tip
R00248,TIP,2025-06-04 15:07:29,2025-06-04 15:07:29,1,lift,,True,tip
R00248,TIP,2025-06-04 18:13:31,2025-06-04 18:13:31,1,lift,0.0,False,tip
R00248,TIP,2025-06-17 10:01:50,2025-06-17 10:01:50,1,lift,13.0,False,tip
R00254,TIP,2025-01-24 09:32:52,2025-01-24 09:32:52,1,lift,,True,tip
R00254,TIP,2025-02-17 12:41:32,2025-02-17 12:41:32,1,lift,24.0,True,tip
R00254,TIP,2025-08-01 09:06:37,2025-08-01 09:09:58,2,accident_tip,165.0,True,tip
R00254,TIP,2025-08-02 12:10:48,2025-08-02 12:22:03,2,accident_tip,1.0,False,tip
R00256,TIP,2025-09-04 12:23:29,2025-09-04 12:23:29,1,accident_tip,,True,tip
R00257,TIP,2025-04-13 07:16:34,2025-04-13 07:16:34,1,lift,,True,tip
R00257,DROP,2025-07-05 06:08:43,2025-07-05 06:45:27,2,accident_drop,83.0,True,drop
R00258,TIP,2025-06-09 20:14:16,2025-06-09 20:14:16,1,accident_tip,,True,tip
R00259,TIP,2025-03-19 08:14:30,2025-03-19 08:21:58,2,accident_tip,,True,tip
R00259,TIP,2025-03-22 16:00:40,2025-03-22 16:07:44,2,accident_tip,3.0,False,tip
R00259,TIP,2025-06-11 09:17:43,2025-06-11 09:20:44,2,accident_drop,81.0,True,tip
R00259,TIP,2025-07-15 23:56:51,2025-07-16 00:11:48,2,accident_tip,34.0,True,tip
R00260,TIP,2025-03-27 10:54:38,2025-03-27 10:54:38,1,lift,,True,tip
R00261,TIP,2025-06-24 12:11:05,2025-06-24 12:11:05,1,lift,,True,tip
R00262,TIP,2025-02-02 17:27:12,2025-02-02 17:27:12,1,lift,,True,tip
R00262,TIP,2025-02-10 12:30:49,2025-02-10 12:30:49,1,accident_drop,8.0,False,tip
R00263,TIP,2025-05-21 07:36:47,2025-05-21 07:36:47,1,lift,,True,tip
R00265,TIP,2025-02-05 10:43:43,2025-02-05 10:43:43,1,lift,,True,tip
R00266,TIP,2025-01-14 13:08:14,2025-01-14 13:19:23,2,accident_tip,,True,tip
R00266,TIP,2025-01-16 16:23:32,2025-01-16 16:23:32,1,accident_tip,2.0,False,tip
R00266,TIP,2025-01-18 12:16:57,2025-01-18 12:28:39,4,accident_tip,2.0,False,tip
R00269,TIP,2025-05-04 13:02:15,2025-05-04 13:02:15,1,lift,,True,tip
R00269,TIP,2025-05-04 17:46:31,2025-05-04 17:46:31,1,lift,0.0,False,tip
R00272,TIP,2025-02-13 14:32:54,2025-02-13 14:48:28,3,accident_drop,,True,tip
R00272,TIP,2025-02-15 17:55:19,2025-02-15 17:55:19,1,accident_tip,2.0,False,tip
R00272,TIP,2025-04-13 09:00:42,2025-04-13 09:00:42,1,accident_tip,57.0,True,tip
R00272,TIP,2025-08-18 16:50:59,2025-08-18 17:08:45,4,accident_tip,127.0,True,tip
R00272,TIP,2025-08-22 15:35:29,2025-08-22 15:35:29,1,accident_tip,4.0,False,tip
R00276,TIP,2025-02-13 15:00:11,2025-02-13 15:00:11,1,accident_tip,,True,tip
R00276,TIP,2025-02-17 00:49:03,2025-02-17 00:49:03,1,accident_tip,4.0,False,tip
R00276,TIP,2025-03-16 06:02:47,2025-03-16 06:21:51,3,accident_tip,27.0,True,tip
R00277,TIP,2025-06-09 19:12:45,2025-06-09 19:12:45,1,lift,,True,tip
R00281,TIP,2025-03-20 15:08:00,2025-03-20 15:09:17,2,accident_tip,,True,tip
R00282,TIP,2025-01-29 16:03:07,2025-01-29 16:03:07,1,lift,,True,tip
R00282,TIP,2025-09-02 17:49:19,2025-09-02 18:24:37,3,accident_tip,216.0,True,tip
R00283,TIP,2025-02-15 18:38:30,2025-02-15 18:56:19,2,accident_tip,,True,tip
R00284,TIP,2025-04-03 20:15:45,2025-04-03 20:56:34,4,accident_tip,,True,tip
R00284,TIP,2025-04-05 18:36:53,2025-04-05 19:07:15,4,accident_tip,2.0,False,tip
R00284,TIP,2025-04-06 06:53:14,2025-04-06 06:53:14,1,accident_tip,1.0,False,tip
R00284,TIP,2025-04-13 13:25:59,2025-04-13 13:38:15,2,accident_tip,7.0,False,tip
R00287,TIP,2025-02-27 08:06:56,2025-02-27 09:35:10,2,lift,,True,tip
R00287,TIP,2025-10-18 16:00:59,2025-10-18 16:22:46,3,accident_tip,233.0,True,tip
R00289,TIP,2025-02-23 18:29:30,2025-02-23 18:29:30,1,accident_tip,,True,tip
R00289,TIP,2025-02-26 15:49:27,2025-02-26 15:49:27,1,accident_drop,3.0,False,tip
R00289,TIP,2025-05-04 11:00:13,2025-05-04 11:20:19,3,accident_tip,67.0,True,tip
R00289,TIP,2025-05-08 13:48:20,2025-05-08 13:48:20,1,accident_tip,4.0,False,tip
R00289,TIP,2025-05-15 04:15:29,2025-05-15 04:15:54,2,accident_tip,7.0,False,tip
R00290,TIP,2025-08-15 17:11:13,2025-08-15 17:24:54,2,accident_tip,,True,tip
R00290,TIP,2025-08-16 11:17:54,2025-08-16 11:17:54,1,accident_tip,1.0,False,tip
R00290,TIP,2025-09-27 18:10:01,2025-09-27 18:10:01,1,accident_tip,42.0,True,tip
R00290,TIP,2025-09-28 12:43:26,2025-09-28 12:43:26,1,accident_tip,1.0,False,tip
R00291,TIP,2025-02-21 09:30:39,2025-02-21 09:30:39,1,accident_tip,,True,tip
R00291,TIP,2025-10-29 09:50:31,2025-10-29 09:58:57,2,accident_tip,250.0,True,tip
R00293,TIP,2025-09-24 07:13:38,2025-09-24 07:51:44,3,accident_tip,,True,tip
R00299,TIP,2025-03-28 15:45:43,2025-03-28 16:18:00,2,lift,,True,tip
R00299,TIP,2025-09-15 15:50:57,2025-09-15 15:50:57,1,accident_tip,171.0,True,tip
R00299,TIP,2025-09-19 12:31:00,2025-09-19 12:45:36,2,accident_tip,4.0,False,tip
R00299,TIP,2025-09-20 10:19:51,2025-09-20 10:19:51,1,accident_tip,1.0,False,tip
R00301,TIP,2025-02-17 17:00:28,2025-02-17 17:45:02,2,accident_tip,,True,tip
R00301,TIP,2025-02-20 12:44:42,2025-02-20 13:02:06,2,accident_tip,3.0,False,tip
R00301,TIP,2025-02-22 01:58:32,2025-02-22 02:49:51,3,accident_tip,2.0,False,tip
R00302,TIP,2025-09-13 15:58:00,2025-09-13 16:04:28,2,accident_tip,,True,tip
R00306,TIP,2025-02-20 18:55:58,2025-02-20 19:01:32,3,accident_tip,,True,tip
R00306,TIP,2025-03-01 19:03:53,2025-03-01 19:40:01,3,accident_tip,9.0,False,tip
R00306,TIP,2025-06-11 12:07:49,2025-06-11 12:07:49,1,accident_tip,102.0,True,tip
R00308,TIP,2025-03-10 11:43:38,2025-03-10 11:43:38,1,lift,,True,tip
R00308,TIP,2025-04-17 17:27:01,2025-04-17 17:46:14,2,accident_tip,38.0,True,tip
R00308,DROP,2025-09-03 13:04:29,2025-09-03 13:12:56,2,accident_drop,139.0,True,drop
R00309,TIP,2025-04-08 12:42:16,2025-04-08 12:42:16,1,lift,,True,tip
R00310,TIP,2025-03-08 08:21:40,2025-03-08 08:21:40,1,accident_tip,,True,tip
R00311,TIP,2025-02-09 17:04:26,2025-02-09 17:11:03,2,accident_drop,,True,tip
R00311,TIP,2025-02-28 07:13:26,2025-02-28 07:38:12,2,accident_tip,19.0,True,tip
R00313,TIP,2025-07-26 12:21:05,2025-07-26 12:34:45,3,accident_tip,,True,tip
R00313,DROP,2025-08-09 12:11:06,2025-08-09 12:11:06,1,accident_drop,14.0,False,drop
R00313,TIP,2025-09-17 16:12:21,2025-09-17 16:21:17,2,accident_tip,39.0,True,tip
R00313,TIP,2025-09-24 13:38:22,2025-09-24 13:38:22,1,accident_tip,7.0,False,tip
R00314,TIP,2025-05-07 15:56:15,2025-05-07 15:56:15,1,lift,,True,tip
R00314,TIP,2025-09-10 05:46:10,2025-09-10 05:56:08,2,accident_tip,126.0,True,tip
R00314,TIP,2025-09-21 18:56:58,2025-09-21 18:56:58,1,accident_tip,11.0,False,tip
R00315,TIP,2025-02-28 09:28:28,2025-02-28 09:28:28,1,lift,,True,tip
R00315,TIP,2025-09-08 12:48:08,2025-09-08 12:48:08,1,accident_tip,192.0,True,tip
R00315,TIP,2025-09-16 11:09:32,2025-09-16 11:30:33,2,accident_tip,8.0,False,tip
R00315,TIP,2025-09-20 15:51:09,2025-09-20 15:53:17,2,accident_tip,4.0,False,tip
R00316,TIP,2025-04-10 18:04:16,2025-04-10 18:28:32,2,accident_drop,,True,tip
R00316,TIP,2025-06-19 19:31:09,2025-06-19 19:31:09,1,accident_drop,70.0,True,tip
R00318,TIP,2025-02-18 10:46:11,2025-02-18 10:46:11,1,accident_tip,,True,tip
R00318,TIP,2025-03-21 11:50:01,2025-03-21 11:55:48,2,accident_tip,31.0,True,tip
R00321,TIP,2025-06-02 09:57:50,2025-06-02 10:12:24,2,accident_tip,,True,tip
R00321,TIP,2025-07-05 17:59:31,2025-07-05 17:59:31,1,accident_tip,33.0,True,tip
R00321,TIP,2025-07-07 09:21:27,2025-07-07 09:21:27,1,accident_tip,2.0,False,tip
R00325,TIP,2025-08-15 19:16:39,2025-08-15 19:49:38,2,accident_tip,,True,tip
R00326,TIP,2025-06-16 18:43:05,2025-06-16 18:55:26,2,accident_tip,,True,tip
R00326,TIP,2025-06-17 09:47:23,2025-06-17 09:47:23,1,accident_tip,1.0,False,tip
R00326,TIP,2025-06-23 09:49:37,2025-06-23 10:10:42,2,accident_tip,6.0,False,tip
R00327,TIP,2025-03-21 12:45:22,2025-03-21 12:45:22,1,lift,,True,tip
R00327,TIP,2025-04-09 22:21:05,2025-04-09 22:23:12,2,accident_tip,19.0,True,tip
R00328,TIP,2025-04-11 12:46:27,2025-04-11 12:46:27,1,lift,,True,tip
R00331,TIP,2025-04-05 13:08:11,2025-04-05 13:08:11,1,accident_tip,,True,tip
R00331,DROP,2025-07-16 15:27:34,2025-07-16 15:27:34,1,accident_drop,102.0,True,drop
R00333,TIP,2025-10-20 10:36:40,2025-10-20 10:36:40,1,accident_tip,,True,tip
R00336,TIP,2025-06-19 15:50:12,2025-06-19 16:16:29,2,accident_tip,,True,tip
R00336,TIP,2025-08-07 18:32:07,2025-08-07 18:37:04,2,accident_tip,49.0,True,tip
R00338,TIP,2025-05-06 09:58:44,2025-05-06 10:11:02,3,accident_drop,,True,tip
R00338,TIP,2025-05-08 00:54:06,2025-05-08 00:54:06,1,accident_tip,2.0,False,tip
R00338,TIP,2025-05-13 18:02:25,2025-05-13 18:02:25,1,accident_tip,5.0,False,tip
R00338,TIP,2025-07-23 13:57:04,2025-07-23 13:57:04,1,accident_tip,71.0,True,tip
R00340,TIP,2025-07-24 16:50:01,2025-07-24 16:50:01,1,accident_tip,,True,tip
R00343,TIP,2025-07-01 20:41:29,2025-07-01 20:58:26,3,accident_tip,,True,tip
R00347,TIP,2025-01-23 08:18:16,2025-01-23 08:18:16,1,accident_tip,,True,tip
R00347,TIP,2025-02-04 15:56:17,2025-02-04 15:56:17,1,accident_tip,12.0,False,tip
R00348,TIP,2025-03-19 14:26:30,2025-03-19 14:26:30,1,accident_drop,,True,tip
R00348,TIP,2025-05-16 17:16:04,2025-05-16 17:41:56,2,accident_drop,58.0,True,tip
R00348,TIP,2025-05-20 07:00:45,2025-05-20 07:00:45,1,accident_tip,4.0,False,tip
R00348,TIP,2025-06-16 10:57:08,2025-06-16 11:03:12,3,accident_tip,27.0,True,tip
R00349,TIP,2025-02-12 11:21:07,2025-02-12 11:43:00,2,accident_tip,,True,tip
R00349,TIP,2025-02-14 14:59:21,2025-02-14 15:16:29,3,accident_tip,2.0,False,tip
R00349,TIP,2025-02-25 06:19:54,2025-02-25 06:30:59,3,accident_tip,11.0,False,tip
R00349,TIP,2025-02-26 04:31:17,2025-02-26 04:31:17,1,accident_tip,1.0,False,tip
R00351,TIP,2025-01-19 09:06:47,2025-01-19 09:06:47,1,lift,,True,tip
R00351,TIP,2025-01-27 11:14:51,2025-01-27 11:14:51,1,lift,8.0,False,tip
R00353,TIP,2025-03-23 09:08:22,2025-03-23 09:08:22,1,lift,,True,tip
R00356,TIP,2025-09-10 20:24:19,2025-09-10 20:44:50,2,accident_tip,,True,tip
R00358,TIP,2025-04-15 10:05:43,2025-04-15 10:35:34,2,accident_tip,,True,tip
R00358,TIP,2025-04-22 20:39:48,2025-04-22 20:39:48,1,accident_tip,7.0,False,tip
R00358,DROP,2025-10-07 12:24:01,2025-10-07 12:24:01,1,accident_drop,168.0,True,drop
R00359,TIP,2025-03-24 09:55:53,2025-03-24 09:55:53,1,lift,,True,tip
R00362,TIP,2025-04-07 13:54:37,2025-04-07 13:54:37,1,accident_tip,,True,tip
R00365,TIP,2025-10-08 20:12:24,2025-10-08 20:22:20,2,accident_tip,,True,tip
R00366,TIP,2025-05-15 10:03:55,2025-05-15 10:03:55,1,lift,,True,tip
R00366,TIP,2025-05-15 19:15:21,2025-05-15 19:15:21,1,lift,0.0,False,tip
R00366,TIP,2025-06-07 09:45:40,2025-06-07 09:59:19,2,accident_tip,23.0,True,tip
R00367,TIP,2025-05-11 21:57:21,2025-05-11 22:11:35,4,accident_drop,,True,tip
R00367,TIP,2025-06-12 12:23:40,2025-06-12 12:48:57,2,accident_tip,32.0,True,tip
R00370,TIP,2025-05-21 15:54:32,2025-05-21 15:54:32,1,accident_drop,,True,tip
R00370,TIP,2025-05-27 13:58:58,2025-05-27 13:58:58,1,accident_tip,6.0,False,tip
R00370,TIP,2025-06-01 10:47:46,2025-06-01 10:47:46,1,accident_tip,5.0,False,tip
R00370,TIP,2025-06-02 18:42:06,2025-06-02 18:42:06,1,lift,1.0,False,tip
R00371,TIP,2025-10-13 16:23:11,2025-10-13 16:23:11,1,accident_tip,,True,tip
R00371,TIP,2025-10-14 12:42:40,2025-10-14 13:17:30,3,accident_tip,1.0,False,tip
R00372,TIP,2025-04-08 02:54:08,2025-04-08 02:54:08,1,accident_tip,,True,tip
R00372,TIP,2025-07-10 19:54:52,2025-07-10 19:54:52,1,accident_tip,93.0,True,tip
R00372,TIP,2025-09-06 15:09:29,2025-09-06 15:09:29,1,accident_tip,58.0,True,tip
R00372,DROP,2025-09-10 18:52:16,2025-09-10 19:01:14,2,accident_drop,4.0,False,drop
R00373,TIP,2025-04-23 05:10:35,2025-04-23 05:10:35,1,accident_tip,,True,tip
R00374,TIP,2025-05-19 15:33:27,2025-05-19 17:06:13,2,lift,,True,tip
R00374,TIP,2025-06-03 07:06:44,2025-06-03 07:06:44,1,accident_tip,15.0,True,tip
R00377,TIP,2025-07-19 10:13:06,2025-07-19 10:13:06,1,accident_tip,,True,tip
R00378,TIP,2025-10-08 19:21:22,2025-10-08 19:21:22,1,accident_tip,,True,tip
R00378,TIP,2025-10-11 18:34:54,2025-10-11 18:43:33,2,accident_tip,3.0,False,tip
R00380,TIP,2025-08-11 11:44:42,2025-08-11 12:09:02,2,accident_tip,,True,tip
R00384,TIP,2025-03-03 04:19:47,2025-03-03 04:19:47,1,accident_drop,,True,tip
R00384,TIP,2025-03-17 14:16:33,2025-03-17 14:16:33,1,lift,14.0,False,tip
R00384,TIP,2025-03-24 16:34:36,2025-03-24 16:34:36,1,accident_tip,7.0,False,tip
R00384,TIP,2025-03-25 08:19:06,2025-03-25 08:19:28,2,accident_tip,1.0,False,tip
R00384,TIP,2025-05-15 12:22:38,2025-05-15 12:22:38,1,accident_tip,51.0,True,tip
R00387,TIP,2025-09-04 06:15:43,2025-09-04 06:15:43,1,accident_tip,,True,tip
R00388,TIP,2025-02-05 05:29:57,2025-02-05 05:54:23,3,accident_tip,,True,tip
R00388,TIP,2025-10-13 15:22:04,2025-10-13 15:27:39,2,accident_tip,250.0,True,tip
R00393,TIP,2025-05-09 20:12:16,2025-05-09 20:12:16,1,lift,,True,tip
R00393,TIP,2025-06-07 10:05:21,2025-06-07 10:05:21,1,lift,29.0,True,tip
R00393,TIP,2025-06-07 16:08:03,2025-06-07 16:08:03,1,lift,0.0,False,tip
R00394,TIP,2025-02-21 18:12:11,2025-02-21 18:57:00,3,accident_tip,,True,tip
R00394,TIP,2025-03-08 14:58:35,2025-03-08 14:58:35,1,accident_tip,15.0,True,tip
R00394,TIP,2025-03-21 20:12:05,2025-03-21 20:12:05,1,accident_drop,13.0,False,tip
R00395,TIP,2025-03-19 12:52:58,2025-03-19 13:41:08,3,accident_tip,,True,tip
R00395,TIP,2025-03-20 18:07:29,2025-03-20 18:07:29,1,accident_tip,1.0,False,tip
R00395,TIP,2025-03-21 13:38:55,2025-03-21 13:38:55,1,accident_tip,1.0,False,tip
R00403,TIP,2025-01-16 10:13:08,2025-01-16 10:14:53,2,accident_drop,,True,tip
R00403,TIP,2025-01-17 08:08:57,2025-01-17 08:08:57,1,accident_tip,1.0,False,tip
R00403,TIP,2025-01-20 02:59:26,2025-01-20 03:12:13,2,accident_drop,3.0,False,tip
R00403,TIP,2025-01-23 19:02:36,2025-01-23 19:16:27,3,accident_tip,3.0,False,tip
R00403,TIP,2025-01-24 17:49:41,2025-01-24 19:04:29,4,accident_tip,1.0,False,tip
R00403,TIP,2025-04-11 08:58:12,2025-04-11 09:00:43,2,lift,77.0,True,tip
R00403,TIP,2025-04-16 09:32:57,2025-04-16 09:50:39,2,accident_tip,5.0,False,tip
R00406,TIP,2025-10-31 13:10:41,2025-10-31 13:10:41,1,accident_tip,,True,tip
R00410,TIP,2025-06-05 13:33:11,2025-06-05 13:33:11,1,lift,,True,tip
R00410,TIP,2025-06-05 18:04:28,2025-06-05 18:04:28,1,lift,0.0,False,tip
R00412,TIP,2025-03-12 09:40:40,2025-03-12 10:18:57,2,lift,,True,tip
R00412,TIP,2025-06-15 13:37:31,2025-06-15 13:37:31,1,lift,95.0,True,tip
R00413,TIP,2025-08-06 18:58:06,2025-08-06 18:58:06,1,accident_tip,,True,tip
R00415,TIP,2025-05-27 08:42:09,2025-05-27 08:42:09,1,accident_tip,,True,tip
R00415,TIP,2025-05-28 13:56:51,2025-05-28 14:17:50,2,accident_tip,1.0,False,tip
R00415,TIP,2025-06-07 16:31:46,2025-06-07 16:31:46,1,accident_tip,10.0,False,tip
R00415,TIP,2025-10-26 18:17:35,2025-10-26 18:24:17,2,accident_tip,141.0,True,tip
R00416,TIP,2025-02-17 20:57:11,2025-02-17 20:57:11,1,lift,,True,tip
R00416,TIP,2025-06-11 21:29:21,2025-06-11 22:01:30,3,accident_tip,114.0,True,tip
R00416,TIP,2025-07-02 17:41:14,2025-07-02 17:59:49,2,accident_tip,21.0,True,tip
R00419,TIP,2025-09-10 19:30:17,2025-09-10 19:59:08,3,accident_tip,,True,tip
R00419,TIP,2025-09-13 14:56:03,2025-09-13 14:56:03,1,accident_tip,3.0,False,tip
R00419,DROP,2025-09-18 19:15:22,2025-09-18 19:51:38,3,accident_drop,5.0,False,drop
R00420,TIP,2025-04-25 17:44:43,2025-04-25 17:44:43,1,lift,,True,tip
R00423,TIP,2025-02-09 18:40:11,2025-02-09 19:54:55,4,accident_tip,,True,tip
R00423,TIP,2025-02-17 11:14:22,2025-02-17 11:14:22,1,accident_tip,8.0,False,tip
R00423,TIP,2025-02-22 12:30:21,2025-02-22 12:40:55,2,accident_tip,5.0,False,tip
R00423,TIP,2025-02-23 22:26:54,2025-02-23 22:26:54,1,accident_tip,1.0,False,tip
R00423,TIP,2025-02-25 15:45:56,2025-02-25 15:46:44,2,accident_tip,2.0,False,tip
R00423,TIP,2025-06-16 01:10:20,2025-06-16 01:38:22,2,accident_drop,111.0,True,tip
R00423,TIP,2025-06-17 17:24:34,2025-06-17 17:39:11,2,accident_tip,1.0,False,tip
R00424,TIP,2025-06-03 12:51:07,2025-06-03 12:51:07,1,lift,,True,tip
R00424,TIP,2025-06-17 19:26:27,2025-06-17 19:26:27,1,lift,14.0,False,tip
R00425,TIP,2025-07-14 09:43:25,2025-07-14 09:43:25,1,accident_tip,,True,tip
R00425,DROP,2025-07-17 13:22:06,2025-07-17 13:22:06,1,accident_drop,3.0,False,drop
R00425,TIP,2025-07-18 07:33:13,2025-07-18 08:31:25,4,accident_tip,1.0,False,tip
R00426,TIP,2025-01-31 23:51:22,2025-01-31 23:51:22,1,lift,,True,tip
R00426,TIP,2025-04-21 07:42:39,2025-04-21 07:42:39,1,lift,80.0,True,tip
R00428,TIP,2025-01-29 20:27:00,2025-01-29 20:44:34,3,accident_tip,,True,tip
R00429,TIP,2025-06-16 12:20:52,2025-06-16 12:20:52,1,lift,,True,tip
R00429,TIP,2025-06-16 17:35:04,2025-06-16 17:35:04,1,lift,0.0,False,tip
R00433,TIP,2025-06-19 15:20:49,2025-06-19 15:20:49,1,lift,,True,tip
R00433,TIP,2025-07-10 09:35:54,2025-07-10 09:35:54,1,accident_tip,21.0,True,tip
R00433,TIP,2025-07-12 19:44:57,2025-07-12 19:44:57,1,accident_tip,2.0,False,tip
R00433,DROP,2025-09-21 09:52:17,2025-09-21 09:54:05,2,accident_drop,71.0,True,drop
R00434,TIP,2025-03-02 12:43:18,2025-03-02 12:43:18,1,accident_tip,,True,tip
R00434,TIP,2025-06-15 17:51:40,2025-06-15 17:51:40,1,accident_tip,105.0,True,tip
R00437,TIP,2025-06-14 11:12:49,2025-06-14 11:12:49,1,lift,,True,tip
R00440,TIP,2025-09-22 15:59:54,2025-09-22 15:59:54,1,accident_tip,,True,tip
R00440,TIP,2025-09-23 03:55:00,2025-09-23 04:04:53,2,accident_tip,1.0,False,tip
R00442,TIP,2025-05-25 08:57:56,2025-05-25 08:57:56,1,accident_tip,,True,tip
R00444,TIP,2025-02-21 12:34:13,2025-02-21 12:34:13,1,lift,,True,tip
R00444,TIP,2025-03-13 09:23:44,2025-03-13 09:27:46,2,accident_tip,20.0,True,tip
R00444,TIP,2025-05-15 17:50:35,2025-05-15 18:05:39,2,accident_tip,63.0,True,tip
R00444,TIP,2025-08-24 15:28:44,2025-08-24 15:29:15,2,accident_tip,101.0,True,tip
R00445,TIP,2025-09-24 20:30:50,2025-09-24 20:35:10,2,accident_tip,,True,tip
R00448,TIP,2025-08-03 13:40:48,2025-08-03 13:41:58,2,accident_tip,,True,tip
R00450,TIP,2025-01-30 21:25:16,2025-01-30 22:02:19,3,accident_tip,,True,tip
R00450,TIP,2025-02-01 15:55:29,2025-02-01 15:59:30,3,accident_tip,2.0,False,tip
R00450,TIP,2025-02-03 14:33:52,2025-02-03 14:50:32,3,accident_tip,2.0,False,tip
R00450,TIP,2025-04-04 14:02:09,2025-04-04 14:02:09,1,lift,60.0,True,tip
R00450,TIP,2025-06-07 15:02:54,2025-06-07 15:02:54,1,lift,64.0,True,tip
R00450,TIP,2025-06-07 20:58:03,2025-06-07 20:58:03,1,lift,0.0,False,tip
R00450,TIP,2025-06-27 15:16:22,2025-06-27 15:16:22,1,lift,20.0,True,tip
R00450,TIP,2025-10-10 03:34:11,2025-10-10 03:34:11,1,accident_tip,105.0,True,tip
R00453,TIP,2025-04-23 15:11:48,2025-04-23 15:11:48,1,accident_drop,,True,tip
R00454,TIP,2025-09-25 09:15:56,2025-09-25 09:21:39,2,accident_tip,,True,tip
R00455,TIP,2025-03-18 19:46:43,2025-03-18 19:46:43,1,accident_tip,,True,tip
R00457,TIP,2025-03-16 06:56:29,2025-03-16 06:56:29,1,accident_tip,,True,tip
R00458,TIP,2025-05-21 12:03:44,2025-05-21 12:03:44,1,accident_tip,,True,tip
R00459,TIP,2025-04-01 10:32:25,2025-04-01 10:45:04,4,accident_tip,,True,tip
R00459,TIP,2025-04-03 08:58:31,2025-04-03 09:09:05,2,accident_tip,2.0,False,tip
R00459,TIP,2025-04-06 15:14:51,2025-04-06 15:30:49,2,accident_tip,3.0,False,tip
R00464,TIP,2025-04-29 01:10:12,2025-04-29 01:10:12,1,accident_drop,,True,tip
R00464,TIP,2025-07-07 12:03:14,2025-07-07 12:49:42,2,accident_tip,69.0,True,tip
R00465,TIP,2025-04-22 10:34:47,2025-04-22 10:34:47,1,lift,,True,tip
R00465,TIP,2025-09-17 04:51:46,2025-09-17 05:23:48,2,accident_tip,148.0,True,tip
R00466,TIP,2025-09-04 11:03:50,2025-09-04 11:18:45,2,accident_tip,,True,tip
R00468,TIP,2025-03-31 20:21:02,2025-03-31 20:21:02,1,lift,,True,tip
R00469,TIP,2025-03-28 12:40:56,2025-03-28 12:40:56,1,accident_drop,,True,tip
R00469,TIP,2025-05-09 09:11:37,2025-05-09 09:11:37,1,accident_tip,42.0,True,tip
R00469,TIP,2025-05-14 21:39:26,2025-05-14 21:46:09,3,accident_tip,5.0,False,tip
R00469,TIP,2025-06-16 20:13:50,2025-06-16 20:13:50,1,lift,33.0,True,tip
R00469,TIP,2025-09-23 08:04:13,2025-09-23 08:04:56,2,accident_tip,99.0,True,tip
R00471,TIP,2025-03-20 12:32:00,2025-03-20 13:00:19,3,accident_tip,,True,tip
R00472,TIP,2025-02-11 19:00:26,2025-02-11 19:00:26,1,lift,,True,tip
R00472,TIP,2025-02-23 13:16:47,2025-02-23 13:16:47,1,accident_drop,12.0,False,tip
R00472,TIP,2025-03-08 01:07:44,2025-03-08 01:07:44,1,lift,13.0,False,tip
R00475,TIP,2025-06-16 19:25:01,2025-06-16 19:27:21,2,accident_tip,,True,tip
R00475,TIP,2025-06-19 21:05:05,2025-06-19 21:05:05,1,accident_tip,3.0,False,tip
R00476,TIP,2025-07-03 12:36:10,2025-07-03 12:36:10,1,accident_tip,,True,tip
R00476,TIP,2025-07-06 08:54:58,2025-07-06 08:54:58,1,accident_tip,3.0,False,tip
R00476,TIP,2025-07-07 09:56:19,2025-07-07 09:56:19,1,accident_tip,1.0,False,tip
R00476,TIP,2025-07-16 14:52:59,2025-07-16 14:52:59,1,accident_tip,9.0,False,tip
R00476,TIP,2025-07-18 20:16:05,2025-07-18 20:21:07,2,accident_tip,2.0,False,tip
R00477,TIP,2025-06-04 09:54:09,2025-06-04 09:54:09,1,accident_tip,,True,tip
R00477,TIP,2025-10-19 18:32:36,2025-10-19 18:37:36,2,accident_tip,137.0,True,tip
R00477,TIP,2025-10-26 08:34:50,2025-10-26 08:42:21,2,accident_tip,7.0,False,tip
R00479,TIP,2025-06-27 18:53:28,2025-06-27 19:15:59,3,accident_tip,,True,tip
R00479,TIP,2025-07-05 18:20:02,2025-07-05 18:22:11,2,accident_tip,8.0,False,tip
R00479,TIP,2025-07-24 18:34:03,2025-07-24 18:50:01,2,accident_tip,19.0,True,tip
R00479,TIP,2025-07-27 18:59:38,2025-07-27 19:00:54,2,accident_tip,3.0,False,tip
R00480,TIP,2025-02-10 22:35:09,2025-02-10 22:35:09,1,lift,,True,tip
R00480,DROP,2025-08-29 15:08:57,2025-08-29 15:17:02,2,accident_drop,200.0,True,drop
R00483,TIP,2025-01-22 12:28:30,2025-01-22 12:28:30,1,lift,,True,tip
R00483,TIP,2025-01-25 15:53:46,2025-01-25 15:53:46,1,accident_tip,3.0,False,tip
R00483,TIP,2025-03-04 20:14:04,2025-03-04 20:14:04,1,accident_tip,38.0,True,tip
R00485,TIP,2025-06-18 09:10:46,2025-06-18 09:10:46,1,lift,,True,tip
R00486,TIP,2025-07-09 12:49:16,2025-07-09 12:49:16,1,accident_tip,,True,tip
R00486,TIP,2025-09-26 09:09:44,2025-09-26 09:11:04,2,accident_tip,79.0,True,tip
R00486,TIP,2025-09-29 16:12:17,2025-09-29 16:29:32,3,accident_tip,3.0,False,tip
R00487,TIP,2025-04-09 16:20:40,2025-04-09 16:20:40,1,accident_tip,,True,tip
R00490,TIP,2025-07-05 18:56:53,2025-07-05 19:24:23,2,accident_tip,,True,tip
R00490,DROP,2025-07-06 21:43:55,2025-07-06 22:13:15,2,accident_drop,1.0,False,drop
R00490,TIP,2025-07-08 21:53:26,2025-07-08 21:53:26,1,accident_tip,2.0,False,tip
R00490,TIP,2025-07-20 18:57:21,2025-07-20 19:15:10,2,accident_tip,12.0,False,tip
R00497,TIP,2025-03-25 09:45:09,2025-03-25 09:45:09,1,lift,,True,tip
R00497,TIP,2025-04-08 19:43:07,2025-04-08 19:43:07,1,lift,14.0,False,tip
R00499,TIP,2025-06-07 20:58:44,2025-06-07 20:58:44,1,accident_tip,,True,tip
R00499,TIP,2025-06-08 17:23:33,2025-06-08 17:32:46,2,accident_drop,1.0,False,tip
R00499,TIP,2025-10-02 22:52:44,2025-10-02 22:52:44,1,accident_tip,116.0,True,tip
R00505,TIP,2025-06-15 10:33:43,2025-06-15 10:38:55,3,accident_tip,,True,tip
R00505,TIP,2025-06-16 13:42:18,2025-06-16 13:42:18,1,accident_tip,1.0,False,tip
R00505,TIP,2025-06-17 06:29:27,2025-06-17 06:29:27,1,accident_tip,1.0,False,tip
R00505,TIP,2025-06-22 13:07:59,2025-06-22 13:07:59,1,accident_tip,5.0,False,tip
R00506,TIP,2025-06-20 20:51:03,2025-06-20 20:51:03,1,lift,,True,tip
R00510,TIP,2025-01-22 21:59:49,2025-01-22 21:59:49,1,accident_tip,,True,tip
R00510,TIP,2025-01-30 18:30:44,2025-01-30 18:34:29,2,accident_tip,8.0,False,tip
R00511,TIP,2025-07-28 17:16:50,2025-07-28 17:16:50,1,accident_tip,,True,tip
R00511,TIP,2025-08-04 15:02:46,2025-08-04 15:02:46,1,accident_tip,7.0,False,tip
R00511,TIP,2025-08-10 09:54:55,2025-08-10 09:54:55,1,accident_tip,6.0,False,tip
R00511,DROP,2025-08-11 22:07:30,2025-08-11 22:07:30,1,accident_drop,1.0,False,drop
R00512,TIP,2025-06-04 12:24:15,2025-06-04 12:24:15,1,accident_tip,,True,tip
R00512,TIP,2025-06-08 21:38:30,2025-06-08 22:27:27,3,accident_tip,4.0,False,tip
R00513,TIP,2025-01-29 13:57:52,2025-01-29 13:57:52,1,lift,,True,tip
R00513,TIP,2025-06-21 17:09:25,2025-06-21 17:30:00,2,accident_tip,143.0,True,tip
R00513,TIP,2025-06-22 09:25:12,2025-06-22 09:25:12,1,accident_tip,1.0,False,tip
R00515,TIP,2025-01-19 00:01:54,2025-01-19 00:21:25,3,accident_tip,,True,tip
R00515,TIP,2025-02-25 18:16:18,2025-02-25 18:16:18,1,lift,37.0,True,tip
R00517,TIP,2025-06-21 20:38:13,2025-06-21 21:06:48,3,accident_tip,,True,tip
R00517,TIP,2025-07-01 18:10:56,2025-07-01 18:20:51,2,accident_tip,10.0,False,tip
R00518,TIP,2025-05-28 10:23:01,2025-05-28 10:23:01,1,accident_tip,,True,tip
R00518,TIP,2025-05-31 09:07:41,2025-05-31 09:07:41,1,accident_tip,3.0,False,tip
R00521,TIP,2025-03-21 15:29:25,2025-03-21 15:29:25,1,lift,,True,tip
R00521,DROP,2025-08-08 15:20:50,2025-08-08 15:20:50,1,accident_drop,140.0,True,drop
R00522,TIP,2025-03-31 14:59:33,2025-03-31 15:03:42,2,accident_tip,,True,tip
R00522,TIP,2025-04-01 09:39:31,2025-04-01 10:18:42,3,accident_tip,1.0,False,tip
R00522,TIP,2025-06-13 12:35:31,2025-06-13 13:03:47,2,lift,73.0,True,tip
R00524,TIP,2025-03-06 14:54:31,2025-03-06 14:54:31,1,lift,,True,tip
R00524,TIP,2025-03-28 05:01:55,2025-03-28 05:22:13,4,accident_tip,22.0,True,tip
R00524,TIP,2025-06-07 13:51:10,2025-06-07 13:51:10,1,accident_tip,71.0,True,tip
R00524,TIP,2025-06-10 12:46:45,2025-06-10 13:02:04,2,accident_tip,3.0,False,tip
R00525,TIP,2025-03-12 06:28:38,2025-03-12 06:29:14,2,accident_tip,,True,tip
R00525,TIP,2025-03-20 09:04:32,2025-03-20 09:04:32,1,accident_tip,8.0,False,tip
R00529,TIP,2025-04-12 07:28:12,2025-04-12 07:28:12,1,lift,,True,tip
R00529,TIP,2025-04-12 19:01:39,2025-04-12 19:01:39,1,lift,0.0,False,tip
R00529,TIP,2025-05-12 22:05:07,2025-05-12 22:05:07,1,lift,30.0,True,tip
R00529,TIP,2025-08-13 07:44:10,2025-08-13 08:43:37,3,accident_tip,93.0,True,tip
R00530,TIP,2025-04-25 21:23:35,2025-04-25 21:23:35,1,accident_tip,,True,tip
R00530,TIP,2025-07-16 14:39:18,2025-07-16 14:39:18,1,accident_tip,82.0,True,tip
R00531,TIP,2025-05-18 09:06:39,2025-05-18 09:30:34,3,accident_tip,,True,tip
R00531,TIP,2025-05-19 15:28:48,2025-05-19 15:37:17,2,accident_drop,1.0,False,tip
R00532,TIP,2025-02-21 12:02:05,2025-02-21 12:02:05,1,accident_tip,,True,tip
R00535,TIP,2025-05-16 19:04:46,2025-05-16 19:15:21,2,accident_tip,,True,tip
R00535,TIP,2025-05-17 06:03:29,2025-05-17 06:15:53,2,accident_tip,1.0,False,tip
R00535,TIP,2025-05-18 16:17:43,2025-05-18 16:17:43,1,accident_tip,1.0,False,tip
R00535,TIP,2025-05-24 12:56:38,2025-05-24 13:07:54,2,accident_tip,6.0,False,tip
R00535,TIP,2025-06-25 22:13:38,2025-06-25 22:26:57,2,accident_tip,32.0,True,tip
R00535,TIP,2025-07-01 15:05:09,2025-07-01 15:08:43,2,accident_tip,6.0,False,tip
R00535,DROP,2025-07-02 21:57:53,2025-07-02 22:02:30,2,accident_drop,1.0,False,drop
R00535,DROP,2025-07-03 11:01:06,2025-07-03 11:41:43,3,accident_drop,1.0,False,drop
R00536,TIP,2025-07-02 12:50:49,2025-07-02 13:01:21,3,accident_tip,,True,tip
R00536,TIP,2025-10-31 22:27:13,2025-10-31 22:45:38,2,accident_tip,121.0,True,tip
R00541,TIP,2025-04-26 18:53:04,2025-04-26 19:12:15,3,accident_tip,,True,tip
R00541,TIP,2025-09-30 19:10:36,2025-09-30 19:42:00,4,accident_tip,157.0,True,tip
R00543,TIP,2025-10-20 15:40:48,2025-10-20 16:07:46,2,accident_tip,,True,tip
R00546,TIP,2025-03-13 14:14:45,2025-03-13 14:21:37,2,accident_tip,,True,tip
R00546,TIP,2025-03-21 15:55:44,2025-03-21 15:58:45,2,accident_tip,8.0,False,tip
R00546,TIP,2025-07-20 10:59:23,2025-07-20 10:59:35,2,accident_tip,121.0,True,tip
R00547,TIP,2025-04-30 13:02:24,2025-04-30 13:27:57,2,accident_tip,,True,tip
R00547,TIP,2025-09-15 09:25:36,2025-09-15 09:25:36,1,accident_tip,138.0,True,tip
R00549,TIP,2025-03-14 10:00:57,2025-03-14 10:00:57,1,accident_drop,,True,tip
R00549,TIP,2025-03-16 13:35:44,2025-03-16 13:40:18,2,accident_tip,2.0,False,tip
R00550,TIP,2025-02-16 19:06:36,2025-02-16 19:06:36,1,accident_tip,,True,tip
R00550,TIP,2025-02-18 17:29:11,2025-02-18 17:29:11,1,accident_tip,2.0,False,tip
R00550,TIP,2025-06-18 08:15:58,2025-06-18 08:15:58,1,lift,120.0,True,tip
R00551,TIP,2025-01-23 13:02:16,2025-01-23 13:02:16,1,accident_tip,,True,tip
R00551,TIP,2025-10-05 11:20:07,2025-10-05 11:20:07,1,accident_tip,255.0,True,tip
R00558,TIP,2025-03-18 06:10:54,2025-03-18 06:10:54,1,accident_tip,,True,tip
R00558,DROP,2025-08-17 18:57:38,2025-08-17 19:10:00,2,accident_drop,152.0,True,drop
R00558,TIP,2025-08-19 23:09:39,2025-08-19 23:59:11,4,accident_tip,2.0,False,tip
R00559,TIP,2025-04-03 18:27:48,2025-04-03 18:27:48,1,accident_tip,,True,tip
R00561,TIP,2025-06-28 08:19:35,2025-06-28 08:19:35,1,accident_tip,,True,tip
R00565,TIP,2025-04-17 13:35:01,2025-04-17 13:35:01,1,accident_tip,,True,tip
R00565,TIP,2025-04-21 13:18:44,2025-04-21 13:31:36,3,accident_tip,4.0,False,tip
R00565,TIP,2025-04-26 09:46:02,2025-04-26 10:10:43,2,accident_tip,5.0,False,tip
R00566,TIP,2025-05-08 18:38:04,2025-05-08 18:38:04,1,lift,,True,tip
R00566,TIP,2025-06-06 17:33:52,2025-06-06 17:33:52,1,lift,29.0,True,tip
R00566,TIP,2025-08-17 15:18:46,2025-08-17 15:18:46,1,accident_tip,72.0,True,tip
R00567,TIP,2025-06-07 11:25:03,2025-06-07 11:25:03,1,lift,,True,tip
R00567,TIP,2025-08-22 11:10:56,2025-08-22 11:16:48,2,accident_tip,76.0,True,tip
R00567,TIP,2025-08-26 09:28:42,2025-08-26 09:33:13,2,accident_tip,4.0,False,tip
R00567,TIP,2025-09-10 06:31:11,2025-09-10 06:36:23,3,accident_tip,15.0,True,tip
R00567,TIP,2025-09-17 22:19:36,2025-09-17 22:33:46,3,accident_tip,7.0,False,tip
R00570,TIP,2025-04-07 09:00:22,2025-04-07 09:06:42,4,accident_drop,,True,tip
R00573,TIP,2025-06-11 09:02:04,2025-06-11 09:02:04,1,accident_tip,,True,tip
R00579,TIP,2025-02-17 19:03:11,2025-02-17 19:03:11,1,lift,,True,tip
R00579,TIP,2025-03-02 09:43:45,2025-03-02 09:43:45,1,lift,13.0,False,tip
R00580,TIP,2025-03-19 21:56:46,2025-03-19 21:56:46,1,lift,,True,tip
R00582,TIP,2025-06-30 04:01:29,2025-06-30 04:01:29,1,accident_tip,,True,tip
R00585,TIP,2025-04-10 15:55:46,2025-04-10 15:55:46,1,accident_tip,,True,tip
R00587,TIP,2025-06-29 18:52:27,2025-06-29 19:45:46,2,lift,,True,tip
R00589,TIP,2025-05-29 14:18:22,2025-05-29 14:29:20,2,accident_tip,,True,tip
R00589,TIP,2025-06-12 09:51:10,2025-06-12 10:38:34,2,accident_tip,14.0,False,tip
R00590,TIP,2025-08-31 09:06:48,2025-08-31 09:06:48,1,accident_tip,,True,tip
R00590,TIP,2025-09-10 13:30:24,2025-09-10 13:30:24,1,accident_tip,10.0,False,tip
R00590,TIP,2025-09-11 16:37:35,2025-09-11 16:37:35,1,accident_tip,1.0,False,tip
R00590,TIP,2025-09-18 18:57:32,2025-09-18 19:18:39,3,accident_tip,7.0,False,tip
R00590,DROP,2025-09-20 21:33:51,2025-09-20 21:33:51,1,accident_drop,2.0,False,drop
R00591,TIP,2025-03-02 20:45:01,2025-03-02 20:45:01,1,accident_tip,,True,tip
R00592,TIP,2025-09-07 13:40:35,2025-09-07 13:40:35,1,accident_tip,,True,tip
R00593,TIP,2025-04-21 11:11:59,2025-04-21 11:11:59,1,accident_tip,,True,tip
R00593,TIP,2025-04-22 12:49:27,2025-04-22 12:49:34,2,accident_tip,1.0,False,tip
R00593,TIP,2025-04-23 08:42:00,2025-04-23 08:42:00,1,accident_tip,1.0,False,tip
R00593,TIP,2025-05-05 13:15:00,2025-05-05 13:15:00,1,accident_tip,12.0,False,tip
R00594,TIP,2025-02-09 12:53:36,2025-02-09 12:53:36,1,lift,,True,tip
R00596,TIP,2025-04-19 13:54:37,2025-04-19 13:54:37,1,accident_tip,,True,tip
R00596,TIP,2025-05-04 06:14:48,2025-05-04 06:34:53,3,accident_tip,15.0,True,tip
R00597,TIP,2025-04-01 12:19:30,2025-04-01 12:42:58,2,accident_tip,,True,tip
R00597,TIP,2025-04-09 15:32:49,2025-04-09 15:32:49,1,lift,8.0,False,tip
R00597,TIP,2025-04-09 22:21:42,2025-04-09 22:21:42,1,lift,0.0,False,tip
R00599,TIP,2025-04-17 15:38:20,2025-04-17 15:38:20,1,accident_tip,,True,tip
R00599,TIP,2025-07-15 22:43:41,2025-07-15 22:43:41,1,accident_tip,89.0,True,tip
R00599,TIP,2025-09-06 11:42:43,2025-09-06 11:42:43,1,accident_tip,53.0,True,tip
R00605,TIP,2025-06-17 15:51:10,2025-06-17 15:51:10,1,accident_tip,,True,tip
R00605,TIP,2025-06-18 15:54:24,2025-06-18 15:54:24,1,accident_tip,1.0,False,tip
R00606,TIP,2025-08-15 18:35:27,2025-08-15 18:38:08,3,accident_tip,,True,tip
R00607,TIP,2025-02-01 15:34:50,2025-02-01 15:34:50,1,accident_drop,,True,tip
R00607,TIP,2025-02-03 12:06:20,2025-02-03 12:06:20,1,accident_tip,2.0,False,tip
R00607,TIP,2025-02-09 09:45:46,2025-02-09 09:45:46,1,accident_tip,6.0,False,tip
R00608,TIP,2025-06-10 18:01:49,2025-06-10 18:01:49,1,accident_tip,,True,tip
R00608,TIP,2025-06-11 10:11:32,2025-06-11 10:11:32,1,accident_tip,1.0,False,tip
R00608,TIP,2025-06-12 13:31:14,2025-06-12 13:31:14,1,accident_drop,1.0,False,tip
R00609,TIP,2025-03-06 12:29:05,2025-03-06 13:00:21,3,accident_tip,,True,tip
R00609,TIP,2025-03-08 12:12:17,2025-03-08 12:31:13,2,accident_drop,2.0,False,tip
R00609,TIP,2025-04-14 07:59:26,2025-04-14 07:59:26,1,accident_tip,37.0,True,tip
R00609,TIP,2025-10-26 06:16:26,2025-10-26 06:16:26,1,accident_tip,195.0,True,tip
R00611,TIP,2025-04-18 15:27:44,2025-04-18 15:27:44,1,lift,,True,tip
R00614,TIP,2025-05-08 15:15:52,2025-05-08 15:15:52,1,accident_tip,,True,tip
R00614,TIP,2025-05-09 12:01:15,2025-05-09 12:01:15,1,accident_tip,1.0,False,tip
R00614,TIP,2025-05-17 11:32:56,2025-05-17 11:32:56,1,accident_tip,8.0,False,tip
R00614,TIP,2025-05-18 14:01:13,2025-05-18 14:15:46,3,accident_tip,1.0,False,tip
R00614,TIP,2025-08-04 04:08:59,2025-08-04 05:11:47,3,accident_tip,78.0,True,tip
R00616,TIP,2025-10-03 19:09:15,2025-10-03 19:14:39,2,accident_tip,,True,tip
R00616,TIP,2025-10-17 17:37:40,2025-10-17 17:37:40,1,accident_tip,14.0,False,tip
R00618,TIP,2025-05-12 00:37:55,2025-05-12 00:37:55,1,accident_drop,,True,tip
R00621,TIP,2025-07-18 21:07:59,2025-07-18 21:07:59,1,accident_tip,,True,tip
R00621,TIP,2025-07-27 09:44:30,2025-07-27 09:44:30,1,accident_tip,9.0,False,tip
R00624,TIP,2025-10-16 10:28:57,2025-10-16 10:37:17,3,accident_tip,,True,tip
R00625,TIP,2025-04-09 16:27:06,2025-04-09 16:30:57,3,accident_tip,,True,tip
R00628,TIP,2025-10-15 16:38:28,2025-10-15 16:50:28,3,accident_tip,,True,tip
R00630,TIP,2025-10-12 20:39:08,2025-10-12 20:39:08,1,accident_tip,,True,tip
R00632,TIP,2025-01-16 16:33:48,2025-01-16 16:33:48,1,accident_tip,,True,tip
R00632,TIP,2025-02-17 18:14:47,2025-02-17 18:14:47,1,accident_tip,32.0,True,tip
R00633,TIP,2025-06-26 04:23:34,2025-06-26 04:23:34,1,lift,,True,tip
R00633,TIP,2025-06-26 20:22:44,2025-06-26 20:22:44,1,lift,0.0,False,tip
R00634,TIP,2025-01-13 20:31:53,2025-01-13 20:31:53,1,accident_tip,,True,tip
R00634,TIP,2025-01-14 12:16:08,2025-01-14 12:43:44,2,accident_drop,1.0,False,tip
R00634,TIP,2025-02-01 12:17:11,2025-02-01 12:17:11,1,accident_tip,18.0,True,tip
R00637,TIP,2025-04-20 09:30:06,2025-04-20 09:30:06,1,lift,,True,tip
R00637,TIP,2025-10-14 20:34:37,2025-10-14 21:06:44,2,accident_tip,177.0,True,tip
R00638,TIP,2025-05-28 15:08:03,2025-05-28 15:08:54,2,accident_drop,,True,tip
R00638,TIP,2025-06-03 18:12:18,2025-06-03 18:14:20,2,accident_tip,6.0,False,tip
R00638,TIP,2025-06-06 10:30:13,2025-06-06 10:30:13,1,accident_tip,3.0,False,tip
R00640,TIP,2025-10-25 12:35:19,2025-10-25 12:35:19,1,accident_tip,,True,tip
R00643,TIP,2025-01-20 16:50:44,2025-01-20 17:06:58,2,accident_tip,,True,tip
R00643,TIP,2025-02-01 18:50:13,2025-02-01 19:04:55,3,accident_tip,12.0,False,tip
R00643,TIP,2025-02-10 10:38:09,2025-02-10 10:38:09,1,accident_tip,9.0,False,tip
R00644,TIP,2025-03-11 19:50:28,2025-03-11 19:50:28,1,accident_tip,,True,tip
R00644,TIP,2025-03-13 18:30:25,2025-03-13 18:39:19,3,accident_tip,2.0,False,tip
R00644,TIP,2025-03-20 22:15:47,2025-03-20 22:15:47,1,lift,7.0,False,tip
R00644,TIP,2025-06-07 15:28:34,2025-06-07 15:28:34,1,accident_tip,79.0,True,tip
R00647,TIP,2025-03-03 12:21:23,2025-03-03 12:21:23,1,lift,,True,tip
R00647,TIP,2025-03-08 12:28:58,2025-03-08 12:38:34,2,accident_tip,5.0,False,tip
R00647,TIP,2025-05-09 12:11:36,2025-05-09 12:11:36,1,accident_tip,62.0,True,tip
R00647,TIP,2025-05-10 18:36:48,2025-05-10 18:36:48,1,accident_drop,1.0,False,tip
R00648,TIP,2025-05-31 15:38:01,2025-05-31 15:38:01,1,accident_tip,,True,tip
R00648,TIP,2025-07-13 17:58:28,2025-07-13 19:00:32,2,accident_tip,43.0,True,tip
R00650,TIP,2025-06-30 16:46:17,2025-06-30 16:46:17,1,lift,,True,tip
R00650,DROP,2025-10-05 07:40:13,2025-10-05 07:52:41,2,accident_drop,97.0,True,drop
R00653,TIP,2025-03-20 15:58:20,2025-03-20 15:58:20,1,lift,,True,tip
R00653,TIP,2025-03-20 19:13:23,2025-03-20 19:13:23,1,lift,0.0,False,tip
R00653,TIP,2025-08-21 07:30:46,2025-08-21 07:34:44,2,accident_tip,154.0,True,tip
R00655,TIP,2025-06-26 18:34:41,2025-06-26 18:34:41,1,lift,,True,tip
R00656,TIP,2025-09-29 14:49:02,2025-09-29 14:49:02,1,accident_tip,,True,tip
R00658,TIP,2025-07-13 15:38:10,2025-07-13 15:49:51,2,accident_tip,,True,tip
R00659,TIP,2025-02-13 13:53:42,2025-02-13 13:53:42,1,lift,,True,tip
R00659,TIP,2025-05-24 16:03:53,2025-05-24 16:04:58,2,accident_tip,100.0,True,tip
R00660,TIP,2025-03-04 10:42:27,2025-03-04 10:42:27,1,accident_tip,,True,tip
R00660,TIP,2025-03-06 11:07:28,2025-03-06 11:18:33,2,accident_drop,2.0,False,tip
R00662,TIP,2025-04-16 18:28:36,2025-04-16 18:28:36,1,lift,,True,tip
R00663,TIP,2025-05-24 08:14:07,2025-05-24 08:14:07,1,lift,,True,tip
R00664,TIP,2025-02-21 14:33:21,2025-02-21 14:33:21,1,lift,,True,tip
R00664,TIP,2025-02-21 18:18:17,2025-02-21 18:18:17,1,lift,0.0,False,tip
R00665,TIP,2025-09-18 12:07:46,2025-09-18 12:07:46,1,accident_tip,,True,tip
R00671,TIP,2025-06-19 16:41:14,2025-06-19 16:41:14,1,accident_tip,,True,tip
R00674,TIP,2025-06-08 17:33:16,2025-06-08 17:50:36,4,accident_drop,,True,tip
R00674,DROP,2025-10-31 07:57:26,2025-10-31 08:02:50,3,accident_drop,145.0,True,drop
R00677,TIP,2025-05-15 10:21:09,2025-05-15 10:29:40,2,accident_drop,,True,tip
R00677,TIP,2025-06-16 09:25:55,2025-06-16 09:25:55,1,lift,32.0,True,tip
R00677,TIP,2025-06-16 12:08:18,2025-06-16 12:08:18,1,lift,0.0,False,tip
R00678,TIP,2025-06-19 20:42:52,2025-06-19 20:42:52,1,lift,,True,tip
R00678,DROP,2025-09-01 15:36:25,2025-09-01 15:36:25,1,accident_drop,74.0,True,drop
R00678,DROP,2025-09-06 18:46:47,2025-09-06 18:46:47,1,accident_drop,5.0,False,drop
R00679,TIP,2025-03-25 10:03:41,2025-03-25 10:03:41,1,lift,,True,tip
R00679,TIP,2025-06-26 14:59:46,2025-06-26 15:19:28,2,accident_tip,93.0,True,tip
R00679,TIP,2025-06-29 12:53:30,2025-06-29 12:53:30,1,accident_drop,3.0,False,tip
R00679,TIP,2025-08-04 16:13:25,2025-08-04 16:13:25,1,accident_tip,36.0,True,tip
R00680,TIP,2025-06-30 21:29:44,2025-06-30 21:39:24,3,accident_tip,,True,tip
R00684,TIP,2025-05-04 11:55:58,2025-05-04 12:01:55,2,accident_tip,,True,tip
R00685,TIP,2025-06-26 18:43:18,2025-06-26 18:43:18,1,accident_tip,,True,tip
R00688,TIP,2025-05-12 16:04:13,2025-05-12 16:04:13,1,accident_tip,,True,tip
R00688,TIP,2025-05-15 12:14:54,2025-05-15 12:33:53,2,accident_tip,3.0,False,tip
R00689,TIP,2025-04-04 17:28:37,2025-04-04 17:40:14,3,accident_tip,,True,tip
R00689,TIP,2025-04-08 20:47:30,2025-04-08 20:47:30,1,accident_tip,4.0,False,tip
R00689,TIP,2025-04-11 09:50:08,2025-04-11 09:50:08,1,accident_drop,3.0,False,tip
R00690,TIP,2025-01-27 11:33:22,2025-01-27 11:36:56,2,accident_drop,,True,tip
R00690,TIP,2025-01-28 10:12:12,2025-01-28 10:23:26,2,accident_tip,1.0,False,tip
R00692,TIP,2025-02-21 12:15:49,2025-02-21 12:15:49,1,accident_tip,,True,tip
R00693,TIP,2025-04-10 09:23:20,2025-04-10 09:23:20,1,lift,,True,tip
R00693,TIP,2025-04-10 15:28:40,2025-04-10 15:28:40,1,lift,0.0,False,tip
R00695,TIP,2025-06-04 12:50:22,2025-06-04 13:52:31,2,lift,,True,tip
R00695,TIP,2025-06-04 18:20:35,2025-06-04 18:20:35,1,lift,0.0,False,tip
R00697,TIP,2025-03-10 12:13:19,2025-03-10 12:13:19,1,lift,,True,tip
R00697,TIP,2025-03-10 19:40:09,2025-03-10 19:40:09,1,lift,0.0,False,tip
R00697,TIP,2025-03-28 10:14:18,2025-03-28 10:41:45,3,accident_tip,18.0,True,tip
R00697,TIP,2025-03-31 02:03:44,2025-03-31 02:03:44,1,accident_tip,3.0,False,tip
R00697,TIP,2025-04-01 18:01:06,2025-04-01 18:27:11,2,accident_tip,1.0,False,tip
R00697,TIP,2025-04-02 10:40:19,2025-04-02 11:04:40,2,accident_tip,1.0,False,tip
R00697,TIP,2025-08-09 16:41:53,2025-08-09 16:46:55,2,accident_tip,129.0,True,tip
R00698,TIP,2025-09-17 12:53:16,2025-09-17 13:14:47,3,accident_tip,,True,tip
R00700,TIP,2025-04-13 18:59:32,2025-04-13 18:59:32,1,accident_tip,,True,tip
R00701,TIP,2025-06-21 09:30:43,2025-06-21 09:37:30,2,lift,,True,tip
R00701,TIP,2025-06-21 22:01:44,2025-06-21 22:01:44,1,lift,0.0,False,tip
R00702,DROP,2025-09-06 07:48:02,2025-09-06 07:57:19,2,accident_drop,,True,drop
R00704,TIP,2025-02-12 19:32:49,2025-02-12 19:41:20,2,accident_tip,,True,tip
R00704,TIP,2025-02-15 15:31:00,2025-02-15 15:47:36,2,accident_tip,3.0,False,tip
R00704,TIP,2025-02-18 15:37:23,2025-02-18 15:37:23,1,accident_tip,3.0,False,tip
R00705,TIP,2025-05-12 08:57:06,2025-05-12 08:57:06,1,lift,,True,tip
R00705,TIP,2025-05-12 21:27:20,2025-05-12 21:27:20,1,lift,0.0,False,tip
R00705,TIP,2025-10-14 15:06:40,2025-10-14 15:10:01,3,accident_tip,155.0,True,tip
R00706,TIP,2025-08-04 15:52:10,2025-08-04 16:32:41,3,accident_tip,,True,tip
R00709,TIP,2025-05-16 13:09:27,2025-05-16 13:09:27,1,accident_drop,,True,tip
R00712,TIP,2025-06-06 15:23:27,2025-06-06 15:23:27,1,accident_tip,,True,tip
R00714,TIP,2025-05-23 12:06:48,2025-05-23 12:06:48,1,accident_tip,,True,tip
R00714,TIP,2025-05-30 12:29:36,2025-05-30 12:29:36,1,accident_tip,7.0,False,tip
R00721,TIP,2025-09-23 11:51:21,2025-09-23 12:00:45,2,accident_tip,,True,tip
R00722,TIP,2025-02-09 10:07:32,2025-02-09 10:07:32,1,lift,,True,tip
R00724,TIP,2025-02-05 19:23:02,2025-02-05 19:23:44,2,accident_tip,,True,tip
R00724,TIP,2025-02-11 14:06:03,2025-02-11 14:06:03,1,lift,6.0,False,tip
R00724,TIP,2025-06-29 02:10:24,2025-06-29 02:10:24,1,lift,138.0,True,tip
R00724,TIP,2025-06-29 07:02:17,2025-06-29 07:02:17,1,lift,0.0,False,tip
R00724,TIP,2025-08-11 21:59:47,2025-08-11 22:02:11,2,accident_tip,43.0,True,tip
R00724,TIP,2025-08-22 06:37:20,2025-08-22 06:37:20,1,accident_tip,11.0,False,tip
R00724,TIP,2025-08-24 20:55:14,2025-08-24 21:12:19,2,accident_tip,2.0,False,tip
R00724,DROP,2025-09-17 12:35:01,2025-09-17 12:35:58,2,accident_drop,24.0,True,drop
R00728,TIP,2025-08-15 09:37:00,2025-08-15 10:24:35,3,accident_tip,,True,tip
R00730,TIP,2025-06-18 07:54:02,2025-06-18 07:59:38,3,accident_drop,,True,tip
R00733,TIP,2025-04-04 12:42:21,2025-04-04 12:42:21,1,accident_tip,,True,tip
R00733,TIP,2025-07-24 09:36:09,2025-07-24 10:11:37,5,accident_tip,111.0,True,tip
R00734,TIP,2025-03-20 10:04:05,2025-03-20 10:04:05,1,lift,,True,tip
R00734,TIP,2025-10-28 19:58:44,2025-10-28 19:58:44,1,accident_tip,222.0,True,tip
R00735,TIP,2025-08-29 13:28:12,2025-08-29 13:28:12,1,accident_tip,,True,tip
R00735,TIP,2025-10-08 03:10:15,2025-10-08 03:10:15,1,accident_tip,40.0,True,tip
R00735,TIP,2025-10-18 16:14:05,2025-10-18 16:21:02,2,accident_tip,10.0,False,tip
R00735,TIP,2025-10-21 12:05:25,2025-10-21 12:05:25,1,accident_tip,3.0,False,tip
R00736,TIP,2025-03-22 12:39:13,2025-03-22 12:39:13,1,lift,,True,tip
R00736,TIP,2025-05-21 13:11:27,2025-05-21 13:16:32,2,accident_tip,60.0,True,tip
R00736,TIP,2025-05-29 18:36:47,2025-05-29 18:36:47,1,lift,8.0,False,tip
R00736,TIP,2025-06-16 22:01:13,2025-06-16 22:01:13,1,lift,18.0,True,tip
R00739,TIP,2025-02-16 15:49:17,2025-02-16 15:50:56,2,accident_tip,,True,tip
R00739,TIP,2025-02-17 15:21:49,2025-02-17 15:21:49,1,accident_tip,1.0,False,tip
R00739,DROP,2025-10-23 23:53:53,2025-10-24 00:29:01,2,accident_drop,248.0,True,drop
R00739,DROP,2025-10-24 16:23:13,2025-10-24 16:30:10,3,accident_drop,0.0,False,drop
R00740,TIP,2025-10-01 20:37:16,2025-10-01 20:37:16,1,accident_tip,,True,tip
R00742,DROP,2025-07-31 20:34:46,2025-07-31 20:34:46,1,accident_drop,,True,drop
R00743,TIP,2025-08-12 06:35:59,2025-08-12 06:40:48,3,accident_tip,,True,tip
R00743,TIP,2025-08-14 19:32:26,2025-08-14 20:09:04,4,accident_tip,2.0,False,tip
R00744,TIP,2025-04-11 13:49:17,2025-04-11 13:49:17,1,accident_tip,,True,tip
R00747,TIP,2025-04-15 08:47:46,2025-04-15 08:47:46,1,accident_tip,,True,tip
R00750,TIP,2025-09-19 09:58:44,2025-09-19 09:58:44,1,accident_tip,,True,tip
R00750,TIP,2025-09-22 08:14:58,2025-09-22 08:41:39,3,accident_tip,3.0,False,tip
R00752,TIP,2025-05-06 15:47:40,2025-05-06 15:47:49,2,lift,,True,tip
R00753,TIP,2025-05-17 09:07:18,2025-05-17 09:07:18,1,lift,,True,tip
R00754,TIP,2025-06-15 23:40:59,2025-06-15 23:40:59,1,accident_tip,,True,tip
R00754,TIP,2025-06-19 12:20:47,2025-06-19 12:20:47,1,accident_tip,4.0,False,tip
R00755,TIP,2025-02-11 20:33:08,2025-02-11 20:33:08,1,accident_tip,,True,tip
R00755,TIP,2025-02-15 16:02:35,2025-02-15 16:02:35,1,accident_tip,4.0,False,tip
R00755,TIP,2025-02-19 17:40:24,2025-02-19 17:40:24,1,accident_tip,4.0,False,tip
R00755,TIP,2025-03-11 19:01:21,2025-03-11 19:01:21,1,accident_tip,20.0,True,tip
R00755,TIP,2025-04-26 09:48:41,2025-04-26 10:09:09,2,accident_tip,46.0,True,tip
R00755,TIP,2025-04-29 20:12:48,2025-04-29 21:04:55,3,accident_tip,3.0,False,tip
R00758,TIP,2025-09-23 10:35:04,2025-09-23 12:27:14,5,accident_tip,,True,tip
R00758,TIP,2025-10-09 10:01:58,2025-10-09 10:01:58,1,accident_tip,16.0,True,tip
R00759,TIP,2025-03-05 14:34:50,2025-03-05 14:34:50,1,lift,,True,tip
R00759,TIP,2025-05-01 17:48:21,2025-05-01 17:48:21,1,accident_tip,57.0,True,tip
R00761,TIP,2025-06-29 16:26:51,2025-06-29 16:26:51,1,lift,,True,tip
R00762,TIP,2025-10-08 14:05:02,2025-10-08 14:05:02,1,accident_tip,,True,tip
R00762,TIP,2025-10-11 11:04:25,2025-10-11 11:04:25,1,accident_tip,3.0,False,tip
R00762,DROP,2025-10-29 12:29:21,2025-10-29 12:29:21,1,accident_drop,18.0,True,drop
R00763,TIP,2025-02-19 08:42:39,2025-02-19 09:02:16,3,accident_drop,,True,tip
R00764,TIP,2025-10-17 16:21:20,2025-10-17 16:22:01,2,accident_tip,,True,tip
R00764,TIP,2025-10-22 20:57:38,2025-10-22 20:57:38,1,accident_tip,5.0,False,tip
R00765,TIP,2025-01-17 19:43:35,2025-01-17 20:15:18,2,accident_tip,,True,tip
R00765,TIP,2025-01-18 18:25:24,2025-01-18 18:29:28,2,accident_tip,1.0,False,tip
R00766,TIP,2025-02-13 15:03:00,2025-02-13 15:03:00,1,lift,,True,tip
R00767,TIP,2025-05-01 17:08:50,2025-05-01 17:16:03,2,accident_drop,,True,tip
R00767,TIP,2025-05-06 18:22:26,2025-05-06 18:46:06,3,accident_tip,5.0,False,tip
R00767,TIP,2025-05-09 09:29:34,2025-05-09 10:38:13,2,accident_tip,3.0,False,tip
R00767,TIP,2025-06-08 20:52:47,2025-06-08 21:05:42,3,accident_drop,30.0,True,tip
R00767,TIP,2025-06-09 12:57:58,2025-06-09 12:57:58,1,accident_tip,1.0,False,tip
R00767,TIP,2025-06-14 09:27:50,2025-06-14 09:27:50,1,lift,5.0,False,tip
R00769,TIP,2025-04-11 19:33:14,2025-04-11 19:33:14,1,accident_tip,,True,tip
R00770,TIP,2025-02-12 12:51:29,2025-02-12 12:51:29,1,lift,,True,tip
R00774,TIP,2025-02-22 14:21:09,2025-02-22 14:21:09,1,lift,,True,tip
R00779,TIP,2025-07-29 15:16:19,2025-07-29 15:16:19,1,accident_tip,,True,tip
R00779,TIP,2025-08-03 11:42:32,2025-08-03 11:42:32,1,accident_tip,5.0,False,tip
R00782,TIP,2025-05-08 15:36:50,2025-05-08 15:36:50,1,lift,,True,tip
R00787,TIP,2025-07-19 19:32:27,2025-07-19 20:20:29,2,accident_tip,,True,tip
R00789,TIP,2025-05-24 16:52:27,2025-05-24 17:35:25,3,accident_tip,,True,tip
R00789,TIP,2025-10-14 18:08:15,2025-10-14 18:08:15,1,accident_tip,143.0,True,tip
R00789,DROP,2025-10-19 12:01:18,2025-10-19 12:24:04,2,accident_drop,5.0,False,drop
R00789,TIP,2025-10-20 18:27:46,2025-10-20 18:44:51,3,accident_tip,1.0,False,tip
R00789,TIP,2025-10-21 12:21:43,2025-10-21 12:26:19,2,accident_tip,1.0,False,tip
R00791,TIP,2025-03-10 16:25:50,2025-03-10 16:26:18,2,accident_tip,,True,tip
R00791,TIP,2025-03-22 20:59:15,2025-03-22 20:59:15,1,accident_drop,12.0,False,tip
R00791,TIP,2025-08-14 21:58:47,2025-08-14 21:58:47,1,accident_tip,145.0,True,tip
R00792,TIP,2025-04-21 08:36:06,2025-04-21 08:49:35,3,accident_tip,,True,tip
R00793,TIP,2025-01-13 18:23:35,2025-01-13 18:23:35,1,accident_tip,,True,tip
R00793,TIP,2025-03-07 19:43:24,2025-03-07 20:01:42,2,accident_tip,53.0,True,tip
R00793,TIP,2025-03-11 13:20:25,2025-03-11 14:07:33,2,accident_tip,4.0,False,tip
R00794,TIP,2025-05-22 09:07:01,2025-05-22 09:07:01,1,lift,,True,tip
R00794,TIP,2025-05-22 22:38:34,2025-05-22 22:38:34,1,lift,0.0,False,tip
R00795,TIP,2025-02-21 07:45:57,2025-02-21 07:45:57,1,lift,,True,tip
R00795,DROP,2025-09-15 18:59:19,2025-09-15 18:59:19,1,accident_drop,206.0,True,drop
R00795,TIP,2025-09-22 15:14:00,2025-09-22 15:14:00,1,accident_tip,7.0,False,tip
R00795,DROP,2025-09-23 10:25:55,2025-09-23 10:25:55,1,accident_drop,1.0,False,drop
R00796,TIP,2025-09-19 22:37:24,2025-09-19 22:37:24,1,accident_tip,250.0,True,tip
R00796,DROP,2025-09-25 13:08:19,2025-09-25 13:08:19,1,accident_drop,6.0,False,drop
R00797,TIP,2025-06-15 09:08:09,2025-06-15 09:08:09,1,lift,,True,tip
R00798,TIP,2025-07-26 19:50:05,2025-07-26 19:50:05,1,accident_tip,,True,tip
R00798,TIP,2025-07-31 18:37:46,2025-07-31 18:37:46,1,accident_tip,5.0,False,tip
R00798,TIP,2025-08-07 07:21:46,2025-08-07 07:21:46,1,accident_tip,7.0,False,tip
R00798,TIP,2025-08-10 15:49:22,2025-08-10 16:37:14,3,accident_tip,3.0,False,tip
R00798,TIP,2025-08-13 20:30:03,2025-08-13 20:30:03,1,accident_tip,3.0,False,tip
R00800,DROP,2025-09-04 18:20:26,2025-09-04 18:22:02,2,accident_drop,,True,drop
R00802,TIP,2025-08-05 08:54:36,2025-08-05 08:54:36,1,accident_tip,,True,tip
R00802,TIP,2025-08-16 10:06:32,2025-08-16 10:08:04,2,accident_tip,11.0,False,tip
R00804,TIP,2025-02-14 18:48:00,2025-02-14 18:48:00,1,accident_tip,,True,tip
R00805,TIP,2025-05-15 11:15:55,2025-05-15 11:29:24,2,accident_tip,,True,tip
R00805,TIP,2025-05-28 17:36:01,2025-05-28 17:36:01,1,lift,13.0,False,tip
R00806,TIP,2025-05-21 10:10:31,2025-05-21 10:10:31,1,lift,,True,tip
R00806,TIP,2025-05-31 09:10:12,2025-05-31 09:10:12,1,lift,10.0,False,tip
R00806,TIP,2025-05-31 15:06:26,2025-05-31 15:06:26,1,lift,0.0,False,tip
R00810,TIP,2025-03-12 12:47:04,2025-03-12 12:47:04,1,lift,,True,tip
R00810,TIP,2025-09-10 12:02:06,2025-09-10 12:36:10,3,accident_tip,182.0,True,tip
R00810,TIP,2025-09-11 07:00:44,2025-09-11 07:01:39,2,accident_tip,1.0,False,tip
R00810,TIP,2025-09-27 21:47:02,2025-09-27 22:00:35,2,accident_tip,16.0,True,tip
R00811,TIP,2025-02-07 19:14:23,2025-02-07 19:52:16,3,accident_tip,,True,tip
R00815,TIP,2025-09-11 10:31:02,2025-09-11 10:31:02,1,accident_tip,,True,tip
R00817,TIP,2025-03-19 13:32:02,2025-03-19 13:38:14,2,accident_tip,,True,tip
R00819,TIP,2025-02-09 08:52:47,2025-02-09 08:52:47,1,lift,,True,tip
R00819,TIP,2025-02-09 17:26:36,2025-02-09 17:26:36,1,lift,0.0,False,tip
R00821,DROP,2025-07-05 18:40:55,2025-07-05 18:40:55,1,accident_drop,,True,drop
R00826,DROP,2025-08-31 18:40:09,2025-08-31 18:48:05,2,accident_drop,,True,drop
R00826,TIP,2025-09-02 14:19:33,2025-09-02 14:19:33,1,accident_tip,2.0,False,tip
R00827,TIP,2025-07-02 10:05:42,2025-07-02 10:05:42,1,accident_tip,,True,tip
R00833,TIP,2025-04-20 20:39:26,2025-04-20 21:06:06,4,accident_tip,,True,tip
R00833,TIP,2025-04-21 08:54:35,2025-04-21 08:54:35,1,accident_tip,1.0,False,tip
R00833,TIP,2025-05-14 10:21:44,2025-05-14 10:21:44,1,accident_tip,23.0,True,tip
R00834,TIP,2025-06-05 12:35:56,2025-06-05 12:35:56,1,accident_tip,,True,tip
R00834,TIP,2025-06-20 15:20:28,2025-06-20 15:20:28,1,lift,15.0,True,tip
R00834,TIP,2025-08-17 15:12:35,2025-08-17 15:12:35,1,accident_tip,58.0,True,tip
R00835,TIP,2025-05-27 04:24:32,2025-05-27 04:24:32,1,accident_tip,,True,tip
R00838,TIP,2025-03-03 09:09:32,2025-03-03 09:14:06,2,accident_tip,,True,tip
R00838,TIP,2025-03-04 04:51:49,2025-03-04 05:10:20,3,accident_tip,1.0,False,tip
R00838,TIP,2025-03-07 11:54:11,2025-03-07 11:54:11,1,accident_tip,3.0,False,tip
R00838,TIP,2025-03-28 12:23:32,2025-03-28 12:23:32,1,lift,21.0,True,tip
R00838,TIP,2025-09-15 09:53:03,2025-09-15 09:59:05,2,accident_tip,171.0,True,tip
R00841,TIP,2025-05-06 12:37:01,2025-05-06 12:37:01,1,accident_tip,,True,tip
R00841,TIP,2025-05-08 16:15:28,2025-05-08 16:15:28,1,accident_tip,2.0,False,tip
R00841,TIP,2025-07-19 18:06:06,2025-07-19 18:06:06,1,accident_tip,72.0,True,tip
R00843,TIP,2025-02-16 09:05:56,2025-02-16 09:05:56,1,lift,,True,tip
R00843,TIP,2025-02-16 11:46:34,2025-02-16 11:46:34,1,lift,0.0,False,tip
R00844,TIP,2025-02-03 12:43:59,2025-02-03 12:43:59,1,lift,,True,tip
R00844,TIP,2025-03-03 10:28:52,2025-03-03 10:28:52,1,lift,28.0,True,tip
R00844,TIP,2025-05-13 16:37:11,2025-05-13 16:37:11,1,accident_tip,71.0,True,tip
R00844,TIP,2025-05-14 18:33:00,2025-05-14 18:53:58,3,accident_drop,1.0,False,tip
R00846,TIP,2025-02-25 14:19:28,2025-02-25 14:19:28,1,lift,,True,tip
R00848,TIP,2025-02-14 12:01:18,2025-02-14 12:01:18,1,accident_tip,,True,tip
R00848,TIP,2025-02-17 11:06:50,2025-02-17 11:06:50,1,accident_tip,3.0,False,tip
R00848,TIP,2025-05-12 16:33:08,2025-05-12 16:34:41,2,accident_tip,84.0,True,tip
R00849,TIP,2025-09-29 18:26:02,2025-09-29 18:26:02,1,accident_tip,,True,tip
R00849,TIP,2025-10-03 01:13:43,2025-10-03 02:26:45,5,accident_tip,4.0,False,tip
R00850,TIP,2025-01-28 17:21:45,2025-01-28 17:21:45,1,lift,,True,tip
R00850,TIP,2025-01-28 20:56:32,2025-01-28 20:56:32,1,lift,0.0,False,tip
R00853,TIP,2025-08-16 14:16:53,2025-08-16 14:22:04,3,accident_tip,,True,tip
R00853,DROP,2025-08-20 14:39:25,2025-08-20 14:48:32,3,accident_drop,4.0,False,drop
R00853,TIP,2025-09-09 16:05:55,2025-09-09 16:05:55,1,accident_tip,20.0,True,tip
R00853,TIP,2025-09-10 02:14:43,2025-09-10 02:14:43,1,accident_tip,1.0,False,tip
R00853,TIP,2025-10-06 07:16:47,2025-10-06 07:25:06,2,accident_tip,26.0,True,tip
R00854,TIP,2025-01-15 10:05:12,2025-01-15 10:05:12,1,lift,,True,tip
R00854,TIP,2025-03-17 12:13:18,2025-03-17 12:13:18,1,accident_tip,61.0,True,tip
R00854,TIP,2025-09-27 17:08:28,2025-09-27 17:09:50,2,accident_tip,194.0,True,tip
R00856,TIP,2025-05-08 12:03:43,2025-05-08 12:38:09,3,accident_tip,,True,tip
R00856,TIP,2025-05-19 14:19:27,2025-05-19 14:19:27,1,accident_tip,11.0,False,tip
R00857,TIP,2025-10-09 13:14:26,2025-10-09 13:14:26,1,accident_tip,,True,tip
R00859,TIP,2025-08-12 12:20:50,2025-08-12 12:37:10,2,accident_tip,,True,tip
R00859,DROP,2025-08-28 12:20:52,2025-08-28 12:20:52,1,accident_drop,16.0,True,drop
R00859,TIP,2025-09-01 21:47:40,2025-09-01 21:50:59,2,accident_tip,4.0,False,tip
R00859,TIP,2025-09-02 12:53:38,2025-09-02 12:53:38,1,accident_tip,1.0,False,tip
R00859,TIP,2025-09-09 16:02:59,2025-09-09 16:02:59,1,accident_tip,7.0,False,tip
R00859,TIP,2025-11-02 06:43:02,2025-11-02 07:12:17,3,accident_tip,54.0,True,tip
R00860,TIP,2025-06-09 19:07:39,2025-06-09 19:07:39,1,accident_drop,,True,tip
R00862,TIP,2025-09-10 12:23:36,2025-09-10 12:23:36,1,accident_tip,,True,tip
R00862,DROP,2025-09-11 07:13:08,2025-09-11 07:53:55,2,accident_drop,1.0,False,drop
R00863,TIP,2025-04-30 11:40:15,2025-04-30 11:53:04,2,accident_tip,,True,tip
R00863,TIP,2025-05-20 13:24:52,2025-05-20 13:44:23,2,accident_tip,20.0,True,tip
R00863,TIP,2025-05-26 07:13:46,2025-05-26 07:13:46,1,accident_tip,6.0,False,tip
R00864,TIP,2025-01-27 09:27:54,2025-01-27 09:27:54,1,accident_tip,,True,tip
R00864,TIP,2025-02-10 10:42:58,2025-02-10 11:11:37,3,accident_tip,14.0,False,tip
R00865,TIP,2025-10-17 12:01:16,2025-10-17 12:07:13,3,accident_tip,,True,tip
R00865,DROP,2025-10-25 06:16:10,2025-10-25 06:16:10,1,accident_drop,8.0,False,drop
R00867,TIP,2025-06-22 20:03:56,2025-06-22 20:03:56,1,accident_tip,,True,tip
R00867,TIP,2025-06-25 04:01:34,2025-06-25 04:15:22,2,accident_tip,3.0,False,tip
R00867,TIP,2025-06-30 14:47:54,2025-06-30 14:47:54,1,accident_tip,5.0,False,tip
R00867,TIP,2025-07-01 21:07:41,2025-07-01 21:07:41,1,accident_tip,1.0,False,tip
R00869,TIP,2025-02-26 09:21:07,2025-02-26 09:21:07,1,accident_tip,,True,tip
R00870,TIP,2025-05-09 12:54:37,2025-05-09 13:14:38,2,accident_tip,,True,tip
R00870,TIP,2025-05-21 15:58:46,2025-05-21 15:58:46,1,lift,12.0,False,tip
R00870,TIP,2025-10-06 09:12:49,2025-10-06 09:12:49,1,accident_tip,138.0,True,tip
R00874,TIP,2025-07-07 15:01:22,2025-07-07 15:07:19,2,accident_tip,,True,tip
R00874,TIP,2025-07-09 14:26:09,2025-07-09 14:26:09,1,accident_tip,2.0,False,tip
R00874,DROP,2025-07-20 14:18:06,2025-07-20 14:18:06,1,accident_drop,11.0,False,drop
R00874,DROP,2025-07-29 07:13:09,2025-07-29 07:13:09,1,accident_drop,9.0,False,drop
R00876,TIP,2025-07-20 04:15:05,2025-07-20 04:39:27,2,accident_tip,,True,tip
R00881,TIP,2025-06-16 02:05:39,2025-06-16 02:18:10,3,accident_tip,,True,tip
R00881,TIP,2025-06-28 10:56:16,2025-06-28 11:45:11,3,accident_tip,12.0,False,tip
R00881,TIP,2025-06-30 16:37:30,2025-06-30 16:37:30,1,accident_drop,2.0,False,tip
R00881,DROP,2025-07-06 11:59:46,2025-07-06 12:02:05,2,accident_drop,6.0,False,drop
R00881,TIP,2025-07-14 12:21:27,2025-07-14 12:23:52,3,accident_tip,8.0,False,tip
R00881,TIP,2025-08-02 08:17:59,2025-08-02 08:17:59,1,accident_tip,19.0,True,tip
R00881,TIP,2025-09-26 13:21:29,2025-09-26 13:52:03,2,accident_tip,55.0,True,tip
R00882,TIP,2025-09-16 07:28:36,2025-09-16 07:29:12,2,accident_tip,,True,tip
R00884,TIP,2025-05-05 09:14:46,2025-05-05 09:14:46,1,lift,,True,tip
R00884,TIP,2025-05-05 13:33:09,2025-05-05 13:33:09,1,lift,0.0,False,tip
R00885,TIP,2025-05-06 19:53:47,2025-05-06 20:42:05,4,accident_tip,,True,tip
R00885,TIP,2025-08-21 19:52:20,2025-08-21 19:52:20,1,accident_tip,107.0,True,tip
R00888,TIP,2025-03-16 12:06:57,2025-03-16 12:06:57,1,accident_tip,,True,tip
R00888,TIP,2025-06-19 09:40:23,2025-06-19 09:40:23,1,lift,95.0,True,tip
R00889,TIP,2025-04-21 12:34:18,2025-04-21 12:51:33,2,accident_tip,,True,tip
R00889,TIP,2025-04-22 13:19:23,2025-04-22 13:19:23,1,accident_tip,1.0,False,tip
R00892,TIP,2025-05-02 09:40:21,2025-05-02 09:40:21,1,accident_drop,,True,tip
R00893,TIP,2025-03-31 07:08:51,2025-03-31 07:08:51,1,lift,,True,tip
R00893,TIP,2025-03-31 12:19:38,2025-03-31 12:19:38,1,lift,0.0,False,tip
R00893,TIP,2025-03-31 18:29:08,2025-03-31 18:29:08,1,lift,0.0,False,tip
R00893,TIP,2025-04-12 15:20:00,2025-04-12 15:31:57,4,accident_tip,12.0,False,tip
R00893,TIP,2025-04-16 12:37:50,2025-04-16 12:37:50,1,accident_tip,4.0,False,tip
R00894,TIP,2025-05-10 18:32:28,2025-05-10 18:32:28,1,accident_tip,,True,tip
R00894,TIP,2025-05-17 22:46:54,2025-05-17 23:13:55,3,accident_tip,7.0,False,tip
R00894,TIP,2025-05-28 05:19:45,2025-05-28 05:19:45,1,lift,11.0,False,tip
R00894,TIP,2025-05-28 16:33:10,2025-05-28 16:33:10,1,lift,0.0,False,tip
R00896,TIP,2025-08-28 09:09:04,2025-08-28 09:09:04,1,accident_tip,,True,tip
R00897,TIP,2025-08-10 17:01:49,2025-08-10 17:01:49,1,accident_tip,,True,tip
R00897,TIP,2025-09-05 07:21:10,2025-09-05 07:23:11,2,accident_tip,26.0,True,tip
R00897,TIP,2025-09-23 09:55:52,2025-09-23 09:55:52,1,accident_tip,18.0,True,tip
R00900,TIP,2025-02-19 09:15:13,2025-02-19 09:15:13,1,accident_tip,,True,tip
R00900,TIP,2025-02-27 12:14:41,2025-02-27 12:14:41,1,accident_tip,8.0,False,tip
R00900,TIP,2025-03-22 13:24:36,2025-03-22 13:24:36,1,accident_tip,23.0,True,tip
R00900,TIP,2025-07-12 13:42:13,2025-07-12 13:42:41,2,accident_tip,112.0,True,tip
R00900,TIP,2025-07-13 09:10:16,2025-07-13 09:10:16,1,accident_tip,1.0,False,tip
R00900,TIP,2025-07-14 09:14:45,2025-07-14 09:14:45,1,accident_tip,1.0,False,tip
R00901,TIP,2025-05-13 19:20:21,2025-05-13 19:20:21,1,accident_tip,,True,tip
R00901,TIP,2025-05-15 20:47:17,2025-05-15 20:48:14,2,accident_tip,2.0,False,tip
R00903,TIP,2025-02-10 17:26:40,2025-02-10 17:26:40,1,accident_tip,,True,tip
R00903,TIP,2025-02-11 14:09:52,2025-02-11 14:13:13,2,accident_tip,1.0,False,tip
R00903,TIP,2025-02-16 09:08:54,2025-02-16 09:08:54,1,accident_tip,5.0,False,tip
R00903,TIP,2025-02-17 03:36:39,2025-02-17 04:19:41,2,accident_tip,1.0,False,tip
R00903,TIP,2025-02-23 12:03:57,2025-02-23 12:03:57,1,accident_tip,6.0,False,tip
R00903,TIP,2025-04-15 11:28:56,2025-04-15 11:28:56,1,lift,51.0,True,tip
R00907,TIP,2025-04-19 17:10:26,2025-04-19 17:19:32,3,accident_tip,,True,tip
R00907,TIP,2025-05-13 18:15:19,2025-05-13 18:57:28,3,accident_tip,24.0,True,tip
R00907,TIP,2025-05-18 15:04:27,2025-05-18 15:04:27,1,accident_tip,5.0,False,tip
R00910,TIP,2025-05-25 18:16:29,2025-05-25 18:16:29,1,lift,,True,tip
R00916,TIP,2025-05-02 18:02:03,2025-05-02 18:02:03,1,lift,,True,tip
R00916,TIP,2025-06-15 18:58:45,2025-06-15 18:58:45,1,lift,44.0,True,tip
R00918,TIP,2025-09-17 07:49:57,2025-09-17 07:53:02,2,accident_tip,,True,tip
R00920,TIP,2025-06-03 17:02:56,2025-06-03 17:38:33,2,accident_tip,,True,tip
R00920,TIP,2025-06-15 06:41:22,2025-06-15 07:16:35,2,accident_tip,12.0,False,tip
R00921,DROP,2025-09-11 19:33:35,2025-09-11 20:03:29,2,accident_drop,,True,drop
R00921,DROP,2025-09-13 09:38:58,2025-09-13 09:38:58,1,accident_drop,2.0,False,drop
R00923,TIP,2025-04-29 18:49:53,2025-04-29 18:49:53,1,lift,,True,tip
R00924,TIP,2025-05-20 13:00:16,2025-05-20 13:00:16,1,lift,,True,tip
R00925,TIP,2025-10-06 15:36:21,2025-10-06 16:21:08,3,accident_tip,,True,tip
R00928,TIP,2025-04-10 15:03:09,2025-04-10 15:29:14,2,accident_tip,,True,tip
R00928,DROP,2025-09-27 09:07:29,2025-09-27 09:07:29,1,accident_drop,170.0,True,drop
R00928,DROP,2025-10-15 12:59:52,2025-10-15 13:38:36,3,accident_drop,18.0,True,drop
R00930,TIP,2025-02-10 13:37:12,2025-02-10 13:37:12,1,accident_tip,,True,tip
R00930,TIP,2025-02-11 18:21:34,2025-02-11 18:23:59,2,accident_tip,1.0,False,tip
R00930,TIP,2025-02-14 12:36:30,2025-02-14 12:36:30,1,accident_tip,3.0,False,tip
R00930,TIP,2025-02-15 07:27:49,2025-02-15 07:27:49,1,accident_drop,1.0,False,tip
R00930,TIP,2025-02-20 14:58:52,2025-02-20 14:59:40,2,accident_tip,5.0,False,tip
R00930,TIP,2025-03-07 12:36:26,2025-03-07 12:36:26,1,accident_tip,15.0,True,tip
R00930,TIP,2025-03-08 18:14:11,2025-03-08 18:14:11,1,accident_tip,1.0,False,tip
R00930,TIP,2025-07-09 15:56:03,2025-07-09 15:58:57,2,accident_tip,123.0,True,tip
R00930,TIP,2025-11-02 09:28:09,2025-11-02 09:41:27,2,accident_tip,116.0,True,tip
R00931,TIP,2025-04-04 20:24:08,2025-04-04 20:24:08,1,lift,,True,tip
R00931,TIP,2025-04-24 04:46:01,2025-04-24 04:46:01,1,lift,20.0,True,tip
R00931,TIP,2025-04-24 15:10:58,2025-04-24 15:10:58,1,lift,0.0,False,tip
R00931,TIP,2025-07-03 18:48:56,2025-07-03 18:48:56,1,accident_tip,70.0,True,tip
R00932,TIP,2025-02-08 09:49:05,2025-02-08 09:49:05,1,accident_tip,,True,tip
R00932,TIP,2025-02-18 20:52:14,2025-02-18 20:52:14,1,lift,10.0,False,tip
R00933,TIP,2025-06-22 17:47:13,2025-06-22 17:47:13,1,accident_tip,,True,tip
R00933,TIP,2025-09-13 18:31:25,2025-09-13 18:39:05,2,accident_tip,83.0,True,tip
R00935,TIP,2025-07-05 21:18:58,2025-07-05 21:18:58,1,accident_tip,,True,tip
R00935,TIP,2025-07-19 17:25:05,2025-07-19 17:27:59,2,accident_tip,14.0,False,tip
R00935,TIP,2025-08-01 19:38:58,2025-08-01 19:38:58,1,accident_tip,13.0,False,tip
R00937,TIP,2025-02-05 12:59:16,2025-02-05 13:10:11,2,accident_tip,,True,tip
R00937,TIP,2025-02-06 08:51:37,2025-02-06 08:51:37,1,accident_tip,1.0,False,tip
R00937,TIP,2025-08-23 08:39:54,2025-08-23 09:42:49,3,accident_tip,198.0,True,tip
R00939,TIP,2025-05-06 12:00:24,2025-05-06 12:00:24,1,lift,,True,tip
R00939,TIP,2025-07-06 05:48:09,2025-07-06 05:48:09,1,accident_tip,61.0,True,tip
R00939,TIP,2025-07-07 12:35:09,2025-07-07 13:02:27,3,accident_tip,1.0,False,tip
R00939,TIP,2025-08-14 07:45:39,2025-08-14 07:45:39,1,accident_tip,38.0,True,tip
R00940,TIP,2025-05-04 19:19:11,2025-05-04 19:19:11,1,lift,,True,tip
R00942,TIP,2025-01-14 00:22:33,2025-01-14 00:22:33,1,accident_tip,,True,tip
R00942,TIP,2025-01-19 19:42:12,2025-01-19 19:45:57,2,accident_tip,5.0,False,tip
R00943,TIP,2025-10-13 07:20:07,2025-10-13 07:20:07,1,accident_tip,,True,tip
R00944,TIP,2025-03-30 07:06:06,2025-03-30 07:06:06,1,accident_tip,,True,tip
R00944,TIP,2025-03-31 08:31:20,2025-03-31 09:00:59,3,accident_drop,1.0,False,tip
R00944,TIP,2025-04-02 19:08:58,2025-04-02 19:08:58,1,accident_tip,2.0,False,tip
R00944,TIP,2025-04-15 12:43:01,2025-04-15 12:43:47,2,accident_drop,13.0,False,tip
R00945,TIP,2025-01-26 17:48:43,2025-01-26 17:48:43,1,lift,,True,tip
R00945,TIP,2025-01-26 23:55:08,2025-01-26 23:55:08,1,lift,0.0,False,tip
R00946,TIP,2025-04-23 18:12:00,2025-04-23 18:12:00,1,accident_tip,,True,tip
R00946,TIP,2025-08-19 19:00:47,2025-08-19 19:02:50,2,accident_tip,118.0,True,tip
R00947,TIP,2025-08-29 10:39:31,2025-08-29 10:39:31,1,accident_tip,,True,tip
R00947,TIP,2025-08-31 17:51:59,2025-08-31 17:51:59,1,accident_tip,2.0,False,tip
R00947,TIP,2025-09-02 19:34:13,2025-09-02 19:43:58,2,accident_tip,2.0,False,tip
R00949,TIP,2025-06-03 12:19:47,2025-06-03 12:19:47,1,accident_tip,,True,tip
R00949,TIP,2025-06-06 17:07:44,2025-06-06 17:07:44,1,accident_drop,3.0,False,tip
R00949,TIP,2025-08-17 22:01:27,2025-08-17 22:02:10,2,accident_tip,72.0,True,tip
R00949,TIP,2025-08-21 09:26:37,2025-08-21 09:49:57,3,accident_tip,4.0,False,tip
R00950,TIP,2025-03-25 18:45:36,2025-03-25 18:59:42,2,accident_tip,,True,tip
R00951,TIP,2025-04-24 07:55:56,2025-04-24 08:00:03,2,accident_tip,,True,tip
R00952,TIP,2025-05-20 19:11:19,2025-05-20 19:14:13,2,accident_tip,,True,tip
R00952,TIP,2025-05-22 15:34:23,2025-05-22 15:46:30,3,accident_tip,2.0,False,tip
R00952,TIP,2025-08-28 16:19:24,2025-08-28 17:17:42,3,accident_tip,98.0,True,tip
R00953,TIP,2025-01-25 14:24:13,2025-01-25 14:24:13,1,accident_tip,,True,tip
R00955,TIP,2025-11-02 16:44:01,2025-11-02 16:44:01,1,accident_tip,,True,tip
R00957,TIP,2025-02-26 09:24:51,2025-02-26 09:24:51,1,accident_tip,,True,tip
R00957,TIP,2025-02-28 19:39:17,2025-02-28 19:58:35,4,accident_tip,2.0,False,tip
R00959,TIP,2025-07-05 20:52:09,2025-07-05 20:52:09,1,accident_tip,,True,tip
R00959,DROP,2025-07-08 08:50:50,2025-07-08 08:50:59,2,accident_drop,3.0,False,drop
R00962,TIP,2025-01-30 05:25:02,2025-01-30 05:25:02,1,lift,,True,tip
R00962,TIP,2025-01-30 10:47:13,2025-01-30 10:47:13,1,lift,0.0,False,tip
R00962,TIP,2025-06-23 02:46:44,2025-06-23 02:46:44,1,accident_tip,144.0,True,tip
R00963,TIP,2025-02-03 12:10:50,2025-02-03 12:10:50,1,lift,,True,tip
R00963,TIP,2025-03-26 09:31:03,2025-03-26 09:31:03,1,lift,51.0,True,tip
R00965,TIP,2025-07-09 10:47:18,2025-07-09 10:57:15,2,accident_tip,,True,tip
R00965,TIP,2025-07-26 11:45:45,2025-07-26 11:47:46,2,accident_tip,17.0,True,tip
R00965,TIP,2025-07-28 18:06:20,2025-07-28 18:06:20,1,accident_tip,2.0,False,tip
R00965,TIP,2025-08-03 18:47:36,2025-08-03 18:47:36,1,accident_tip,6.0,False,tip
R00965,TIP,2025-08-04 00:15:34,2025-08-04 00:15:34,1,accident_tip,1.0,False,tip
R00965,TIP,2025-08-13 08:34:10,2025-08-13 08:39:36,2,accident_tip,9.0,False,tip
R00967,TIP,2025-02-01 08:20:29,2025-02-01 08:22:23,2,accident_tip,,True,tip
R00968,TIP,2025-04-05 07:36:47,2025-04-05 07:36:47,1,lift,,True,tip
R00972,TIP,2025-09-06 06:51:57,2025-09-06 06:51:57,1,accident_tip,,True,tip
R00972,TIP,2025-09-12 13:04:41,2025-09-12 13:33:46,3,accident_tip,6.0,False,tip
R00974,TIP,2025-04-18 11:06:28,2025-04-18 11:06:28,1,accident_tip,,True,tip
R00974,TIP,2025-04-22 15:52:23,2025-04-22 15:52:23,1,lift,4.0,False,tip
R00983,TIP,2025-05-29 20:40:10,2025-05-29 20:40:10,1,lift,,True,tip
R00983,TIP,2025-09-28 18:16:30,2025-09-28 18:21:13,2,accident_tip,122.0,True,tip
R00984,DROP,2025-10-20 00:13:45,2025-10-20 00:13:45,1,accident_drop,,True,drop
R00985,DROP,2025-10-26 18:40:26,2025-10-26 18:40:26,1,accident_drop,,True,drop
R00987,TIP,2025-01-24 15:02:37,2025-01-24 15:02:37,1,accident_tip,,True,tip
R00987,TIP,2025-01-25 16:37:49,2025-01-25 16:37:49,1,accident_tip,1.0,False,tip
R00987,TIP,2025-01-28 14:06:22,2025-01-28 14:06:22,1,accident_tip,3.0,False,tip
R00987,TIP,2025-06-27 13:33:20,2025-06-27 13:33:20,1,lift,150.0,True,tip
R00987,TIP,2025-07-23 10:34:04,2025-07-23 11:01:05,4,accident_tip,26.0,True,tip
R00993,TIP,2025-01-21 11:53:55,2025-01-21 11:53:55,1,lift,,True,tip
R00993,TIP,2025-02-02 14:23:48,2025-02-02 14:23:48,1,lift,12.0,False,tip
R00995,TIP,2025-03-23 14:31:44,2025-03-23 14:31:44,1,lift,,True,tip
R00996,TIP,2025-03-17 09:43:05,2025-03-17 10:08:06,2,accident_tip,,True,tip
R00996,TIP,2025-09-15 15:30:15,2025-09-15 16:09:31,3,accident_tip,182.0,True,tip
R00996,TIP,2025-09-21 00:06:03,2025-09-21 00:46:14,3,accident_tip,6.0,False,tip
R00996,TIP,2025-09-26 12:06:01,2025-09-26 12:26:13,2,accident_tip,5.0,False,tip
R00997,TIP,2025-02-05 11:02:55,2025-02-05 11:02:55,1,accident_tip,,True,tip
R00999,TIP,2025-03-08 10:17:05,2025-03-08 10:22:35,3,accident_tip,,True,tip
R00999,TIP,2025-03-09 15:26:37,2025-03-09 15:26:37,1,accident_drop,1.0,False,tip
R01000,DROP,2025-10-24 15:23:16,2025-10-24 15:44:17,2,accident_drop,,True,drop
R01002,TIP,2025-03-25 15:09:15,2025-03-25 15:26:04,3,accident_tip,,True,tip
R01003,TIP,2025-04-17 20:18:28,2025-04-17 20:18:28,1,lift,,True,tip
R01007,TIP,2025-07-24 11:35:24,2025-07-24 11:40:07,2,accident_tip,,True,tip
R01007,TIP,2025-07-25 13:59:02,2025-07-25 13:59:02,1,accident_tip,1.0,False,tip
R01008,TIP,2025-05-21 13:28:48,2025-05-21 13:28:48,1,accident_drop,,True,tip
R01009,TIP,2025-05-24 18:42:59,2025-05-24 18:42:59,1,accident_tip,,True,tip
R01009,TIP,2025-05-25 16:17:31,2025-05-25 16:20:56,2,accident_drop,1.0,False,tip
R01010,TIP,2025-10-18 11:36:25,2025-10-18 12:12:46,4,accident_tip,,True,tip
R01011,TIP,2025-04-22 13:01:30,2025-04-22 13:01:30,1,lift,,True,tip
R01011,TIP,2025-04-22 16:56:31,2025-04-22 16:56:31,1,lift,0.0,False,tip
R01014,TIP,2025-02-22 18:13:22,2025-02-22 18:13:22,1,accident_tip,,True,tip
R01015,TIP,2025-01-21 19:52:32,2025-01-21 19:52:32,1,lift,,True,tip
R01018,TIP,2025-01-22 13:42:06,2025-01-22 13:42:06,1,accident_tip,,True,tip
R01018,TIP,2025-01-24 16:22:47,2025-01-24 16:31:46,2,accident_tip,2.0,False,tip
R01018,TIP,2025-01-25 20:15:01,2025-01-25 20:46:57,2,accident_tip,1.0,False,tip
R01018,TIP,2025-11-01 10:58:12,2025-11-01 10:58:12,1,accident_tip,280.0,True,tip
R01023,TIP,2025-06-09 10:13:35,2025-06-09 10:13:35,1,lift,,True,tip
R01025,TIP,2025-03-31 13:29:50,2025-03-31 13:29:50,1,accident_tip,,True,tip
R01025,TIP,2025-04-15 09:42:51,2025-04-15 09:42:51,1,accident_drop,15.0,True,tip
R01025,TIP,2025-05-25 06:50:56,2025-05-25 06:50:56,1,lift,40.0,True,tip
R01025,TIP,2025-05-25 18:23:25,2025-05-25 18:23:25,1,lift,0.0,False,tip
R01025,TIP,2025-05-25 22:54:14,2025-05-25 22:54:14,1,lift,0.0,False,tip
R01027,TIP,2025-04-03 18:57:06,2025-04-03 19:55:55,3,accident_tip,,True,tip
R01027,TIP,2025-04-05 17:41:08,2025-04-05 17:41:08,1,accident_tip,2.0,False,tip
R01028,TIP,2025-06-29 15:12:26,2025-06-29 15:12:26,1,lift,,True,tip
R01031,TIP,2025-07-16 13:40:02,2025-07-16 13:40:02,1,accident_tip,,True,tip
R01032,TIP,2025-03-21 18:10:33,2025-03-21 18:10:33,1,accident_tip,,True,tip
R01034,TIP,2025-07-13 12:23:22,2025-07-13 12:23:22,1,accident_tip,,True,tip
R01034,DROP,2025-07-17 11:31:28,2025-07-17 11:38:31,2,accident_drop,4.0,False,drop
R01035,TIP,2025-03-28 09:37:12,2025-03-28 09:55:09,2,accident_tip,,True,tip
R01035,TIP,2025-03-29 15:33:36,2025-03-29 15:34:00,2,accident_drop,1.0,False,tip
R01035,TIP,2025-03-31 19:29:32,2025-03-31 19:29:32,1,lift,2.0,False,tip
R01035,TIP,2025-04-08 15:13:47,2025-04-08 15:17:42,2,accident_tip,8.0,False,tip
R01036,TIP,2025-06-22 11:05:27,2025-06-22 11:05:27,1,lift,,True,tip
R01038,TIP,2025-05-28 17:15:44,2025-05-28 17:15:44,1,lift,,True,tip
R01039,TIP,2025-02-24 18:13:04,2025-02-24 18:13:04,1,lift,,True,tip
R01039,TIP,2025-06-14 13:44:33,2025-06-14 13:44:33,1,lift,110.0,True,tip
R01040,TIP,2025-04-24 19:11:53,2025-04-24 19:11:53,1,lift,,True,tip
R01041,TIP,2025-05-21 08:49:39,2025-05-21 08:49:39,1,lift,,True,tip
R01041,TIP,2025-07-22 19:30:37,2025-07-22 19:36:36,2,accident_tip,62.0,True,tip
R01041,TIP,2025-07-24 17:56:22,2025-07-24 18:11:25,2,accident_tip,2.0,False,tip
R01041,DROP,2025-07-31 15:16:21,2025-07-31 15:16:21,1,accident_drop,7.0,False,drop
R01041,TIP,2025-08-02 19:32:01,2025-08-02 19:32:01,1,accident_tip,2.0,False,tip
R01041,TIP,2025-08-05 18:03:19,2025-08-05 18:11:03,2,accident_tip,3.0,False,tip
R01042,TIP,2025-07-28 17:30:00,2025-07-28 17:30:00,1,accident_tip,,True,tip
R01042,TIP,2025-08-08 19:34:23,2025-08-08 19:43:31,2,accident_tip,11.0,False,tip
R01044,TIP,2025-04-06 15:32:51,2025-04-06 15:38:34,4,accident_tip,,True,tip
R01045,TIP,2025-02-25 15:45:26,2025-02-25 15:45:26,1,accident_tip,,True,tip
R01045,TIP,2025-06-04 12:53:05,2025-06-04 12:57:33,2,accident_tip,99.0,True,tip
R01045,TIP,2025-10-20 11:45:03,2025-10-20 11:45:03,1,accident_tip,138.0,True,tip
R01045,TIP,2025-10-24 15:40:23,2025-10-24 15:40:23,1,accident_tip,4.0,False,tip
R01046,TIP,2025-05-09 08:16:06,2025-05-09 08:16:06,1,accident_drop,,True,tip
R01049,TIP,2025-01-30 15:41:49,2025-01-30 15:41:49,1,accident_tip,,True,tip
R01049,TIP,2025-07-26 22:49:44,2025-07-26 23:04:55,2,accident_tip,177.0,True,tip
R01049,TIP,2025-07-27 20:28:52,2025-07-27 20:28:52,1,accident_tip,1.0,False,tip
R01051,TIP,2025-03-20 14:17:44,2025-03-20 14:17:44,1,accident_drop,,True,tip
R01051,TIP,2025-04-04 17:01:48,2025-04-04 17:01:48,1,lift,15.0,True,tip
R01052,TIP,2025-01-19 07:52:57,2025-01-19 07:52:57,1,lift,,True,tip
R01052,TIP,2025-05-01 14:15:13,2025-05-01 14:15:13,1,lift,102.0,True,tip
R01053,TIP,2025-03-11 21:47:06,2025-03-11 22:23:01,2,accident_tip,,True,tip
R01056,TIP,2025-09-21 16:03:17,2025-09-21 16:03:17,1,accident_tip,,True,tip
R01058,TIP,2025-04-04 21:06:48,2025-04-04 21:30:37,2,accident_tip,,True,tip
R01058,TIP,2025-04-05 16:00:13,2025-04-05 16:00:13,1,accident_tip,1.0,False,tip
R01061,TIP,2025-04-29 08:07:20,2025-04-29 08:07:20,1,lift,,True,tip
R01061,TIP,2025-06-09 08:15:11,2025-06-09 08:15:11,1,accident_tip,41.0,True,tip
R01061,TIP,2025-09-16 18:10:26,2025-09-16 18:27:55,2,accident_tip,99.0,True,tip
R01063,TIP,2025-09-01 10:37:12,2025-09-01 10:37:12,1,accident_tip,,True,tip
R01067,TIP,2025-09-22 10:29:12,2025-09-22 10:29:12,1,accident_tip,,True,tip
R01067,TIP,2025-09-24 21:50:16,2025-09-24 22:04:25,2,accident_tip,2.0,False,tip
R01069,TIP,2025-04-29 12:38:19,2025-04-29 12:44:31,3,accident_tip,,True,tip
R01071,TIP,2025-04-16 14:07:32,2025-04-16 15:53:55,2,lift,,True,tip
R01072,TIP,2025-03-22 17:00:37,2025-03-22 17:14:23,3,accident_drop,,True,tip
R01073,TIP,2025-08-31 12:45:27,2025-08-31 12:45:27,1,accident_tip,,True,tip
R01073,TIP,2025-09-02 11:24:32,2025-09-02 11:48:52,3,accident_tip,2.0,False,tip
R01076,TIP,2025-03-27 12:11:13,2025-03-27 12:11:13,1,accident_drop,,True,tip
R01076,TIP,2025-03-29 10:47:12,2025-03-29 10:49:09,2,accident_tip,2.0,False,tip
R01076,TIP,2025-04-17 16:28:12,2025-04-17 16:28:12,1,accident_tip,19.0,True,tip
R01076,TIP,2025-04-25 11:56:45,2025-04-25 12:09:31,3,accident_tip,8.0,False,tip
R01076,TIP,2025-04-26 15:02:56,2025-04-26 15:22:33,2,accident_tip,1.0,False,tip
R01076,TIP,2025-05-30 18:33:04,2025-05-30 18:55:22,2,accident_tip,34.0,True,tip
R01076,TIP,2025-10-29 12:25:08,2025-10-29 12:32:21,2,accident_tip,152.0,True,tip
R01077,TIP,2025-03-08 17:08:39,2025-03-08 17:08:39,1,accident_tip,,True,tip
R01077,TIP,2025-03-12 12:23:49,2025-03-12 12:24:46,2,accident_tip,4.0,False,tip
R01079,TIP,2025-03-19 12:41:03,2025-03-19 12:51:59,3,accident_tip,,True,tip
R01079,TIP,2025-03-24 15:23:33,2025-03-24 15:23:33,1,accident_tip,5.0,False,tip
R01082,TIP,2025-10-21 17:40:54,2025-10-21 17:40:54,1,accident_tip,,True,tip
R01083,TIP,2025-06-29 08:56:47,2025-06-29 08:56:47,1,accident_tip,,True,tip
R01083,TIP,2025-07-01 21:57:24,2025-07-01 21:58:08,2,accident_tip,2.0,False,tip
R01084,TIP,2025-10-25 16:44:33,2025-10-25 16:44:33,1,accident_tip,,True,tip
R01085,TIP,2025-05-14 12:05:33,2025-05-14 12:05:33,1,accident_drop,,True,tip
R01085,TIP,2025-05-21 20:09:11,2025-05-21 20:09:11,1,accident_tip,7.0,False,tip
R01085,TIP,2025-05-22 13:58:38,2025-05-22 13:58:38,1,accident_tip,1.0,False,tip
R01085,TIP,2025-05-23 09:01:45,2025-05-23 09:24:14,3,accident_tip,1.0,False,tip
R01086,TIP,2025-06-22 20:35:05,2025-06-22 20:35:05,1,accident_tip,,True,tip
R01087,TIP,2025-08-09 18:05:47,2025-08-09 18:17:47,2,accident_tip,,True,tip
R01088,TIP,2025-06-02 13:48:10,2025-06-02 14:03:56,4,accident_tip,,True,tip
R01089,TIP,2025-02-23 15:38:53,2025-02-23 15:38:53,1,accident_tip,,True,tip
R01089,TIP,2025-02-27 21:18:05,2025-02-27 21:41:52,3,accident_tip,4.0,False,tip
R01089,TIP,2025-03-01 15:34:05,2025-03-01 15:35:42,2,accident_tip,2.0,False,tip
R01089,TIP,2025-03-13 16:52:51,2025-03-13 17:14:16,2,accident_tip,12.0,False,tip
R01090,TIP,2025-04-05 20:56:02,2025-04-05 20:56:02,1,lift,,True,tip
R01091,TIP,2025-05-10 11:30:56,2025-05-10 11:30:56,1,lift,,True,tip
R01092,TIP,2025-03-28 12:01:29,2025-03-28 12:28:59,3,accident_tip,,True,tip
R01093,TIP,2025-06-14 15:25:03,2025-06-14 15:25:58,2,accident_tip,,True,tip
R01093,TIP,2025-09-27 18:37:16,2025-09-27 18:37:16,1,accident_tip,105.0,True,tip
R01094,TIP,2025-03-27 18:05:08,2025-03-27 18:05:08,1,lift,,True,tip
R01094,TIP,2025-04-05 16:34:26,2025-04-05 16:50:23,3,accident_tip,9.0,False,tip
R01094,TIP,2025-04-15 10:41:28,2025-04-15 10:41:28,1,accident_drop,10.0,False,tip
R01094,TIP,2025-04-21 18:35:16,2025-04-21 18:42:25,2,accident_tip,6.0,False,tip
R01094,TIP,2025-04-23 04:11:38,2025-04-23 04:11:38,1,accident_tip,2.0,False,tip
R01094,TIP,2025-05-28 13:26:45,2025-05-28 13:26:45,1,lift,35.0,True,tip
R01096,TIP,2025-01-21 10:47:02,2025-01-21 10:47:02,1,lift,,True,tip
R01096,TIP,2025-06-30 18:38:05,2025-06-30 18:38:05,1,lift,160.0,True,tip
R01100,TIP,2025-03-14 07:23:12,2025-03-14 07:23:12,1,lift,,True,tip
R01100,TIP,2025-03-14 19:48:17,2025-03-14 19:48:17,1,lift,0.0,False,tip
R01103,TIP,2025-06-28 20:52:51,2025-06-28 21:31:54,4,accident_tip,,True,tip
R01103,TIP,2025-06-29 09:04:37,2025-06-29 09:04:52,2,accident_tip,1.0,False,tip
R01103,TIP,2025-07-10 19:51:49,2025-07-10 20:20:30,3,accident_tip,11.0,False,tip
R01103,TIP,2025-07-15 13:13:15,2025-07-15 13:35:21,2,accident_tip,5.0,False,tip
R01104,TIP,2025-03-18 08:41:09,2025-03-18 08:41:09,1,accident_tip,,True,tip
R01104,DROP,2025-08-30 18:32:14,2025-08-30 18:32:14,1,accident_drop,165.0,True,drop
R01107,TIP,2025-04-14 19:00:20,2025-04-14 19:00:20,1,lift,,True,tip
R01109,TIP,2025-05-26 12:27:11,2025-05-26 12:27:11,1,accident_tip,,True,tip
R01111,TIP,2025-02-25 09:34:35,2025-02-25 09:34:35,1,lift,,True,tip
R01111,TIP,2025-02-25 22:15:42,2025-02-25 22:15:42,1,lift,0.0,False,tip
R01112,TIP,2025-03-05 12:10:13,2025-03-05 12:10:13,1,accident_tip,,True,tip
R01112,TIP,2025-03-09 18:31:23,2025-03-09 19:34:26,3,accident_tip,4.0,False,tip
R01112,TIP,2025-03-11 16:01:01,2025-03-11 16:01:01,1,accident_drop,2.0,False,tip
R01115,TIP,2025-01-29 13:14:39,2025-01-29 13:14:39,1,accident_tip,,True,tip
R01115,TIP,2025-01-31 15:14:09,2025-01-31 15:30:23,2,accident_tip,2.0,False,tip
R01115,TIP,2025-02-10 12:24:43,2025-02-10 12:25:44,2,accident_tip,10.0,False,tip
R01115,TIP,2025-02-11 18:57:29,2025-02-11 19:17:14,4,accident_tip,1.0,False,tip
R01115,TIP,2025-02-17 12:43:30,2025-02-17 12:48:12,2,accident_tip,6.0,False,tip
R01115,TIP,2025-07-19 07:51:29,2025-07-19 08:22:14,3,accident_tip,152.0,True,tip
R01115,DROP,2025-07-28 09:35:00,2025-07-28 09:35:00,1,accident_drop,9.0,False,drop
R01116,TIP,2025-01-30 12:25:02,2025-01-30 12:37:33,2,accident_tip,,True,tip
R01116,TIP,2025-02-05 12:19:38,2025-02-05 12:20:10,2,accident_tip,6.0,False,tip
R01116,TIP,2025-02-08 16:24:13,2025-02-08 16:24:13,1,accident_tip,3.0,False,tip
R01116,TIP,2025-02-10 10:31:25,2025-02-10 10:37:18,2,accident_tip,2.0,False,tip
R01118,TIP,2025-03-14 19:03:20,2025-03-14 19:03:20,1,accident_tip,,True,tip
R01118,TIP,2025-06-26 12:52:43,2025-06-26 12:52:43,1,accident_tip,104.0,True,tip
R01118,TIP,2025-06-28 19:19:22,2025-06-28 19:19:22,1,accident_tip,2.0,False,tip
R01118,TIP,2025-08-31 10:07:35,2025-08-31 10:07:35,1,accident_tip,64.0,True,tip
R01118,TIP,2025-09-16 15:09:10,2025-09-16 15:09:10,1,accident_tip,16.0,True,tip
R01121,TIP,2025-02-08 07:24:18,2025-02-08 07:24:18,1,lift,,True,tip
R01122,TIP,2025-07-31 14:24:13,2025-07-31 14:24:13,1,accident_tip,,True,tip
R01123,TIP,2025-06-30 09:47:30,2025-06-30 09:47:30,1,lift,,True,tip
R01125,DROP,2025-08-03 16:50:50,2025-08-03 16:51:12,2,accident_drop,,True,drop
R01126,DROP,2025-11-01 13:50:37,2025-11-01 14:15:21,2,accident_drop,,True,drop
R01127,TIP,2025-04-03 21:26:01,2025-04-03 21:26:01,1,accident_tip,,True,tip
R01127,TIP,2025-11-01 15:55:52,2025-11-01 15:55:52,1,accident_tip,212.0,True,tip
R01131,TIP,2025-02-12 09:39:00,2025-02-12 09:39:00,1,lift,,True,tip
R01131,TIP,2025-09-14 11:10:55,2025-09-14 11:53:35,2,accident_tip,214.0,True,tip
R01131,TIP,2025-09-19 12:10:03,2025-09-19 12:10:03,1,accident_tip,5.0,False,tip
R01131,TIP,2025-09-20 03:12:22,2025-09-20 03:12:22,1,accident_tip,1.0,False,tip
R01133,TIP,2025-04-29 06:58:05,2025-04-29 07:00:31,2,accident_tip,,True,tip
R01133,TIP,2025-05-18 13:53:07,2025-05-18 13:53:07,1,lift,19.0,True,tip
R01135,TIP,2025-02-06 14:42:51,2025-02-06 14:42:51,1,accident_tip,,True,tip
R01135,TIP,2025-05-12 19:01:41,2025-05-12 19:01:41,1,lift,95.0,True,tip
R01135,TIP,2025-09-18 15:57:03,2025-09-18 16:05:34,2,accident_tip,129.0,True,tip
R01138,TIP,2025-03-26 16:44:34,2025-03-26 16:44:34,1,lift,,True,tip
R01141,TIP,2025-05-20 18:04:11,2025-05-20 18:04:11,1,lift,,True,tip
R01144,TIP,2025-09-23 09:18:30,2025-09-23 10:03:25,4,accident_tip,,True,tip
R01148,TIP,2025-04-10 13:46:38,2025-04-10 13:46:38,1,accident_tip,,True,tip
R01148,TIP,2025-04-14 11:05:20,2025-04-14 11:37:23,2,accident_tip,4.0,False,tip
R01148,TIP,2025-04-23 02:13:59,2025-04-23 02:13:59,1,accident_tip,9.0,False,tip
R01150,TIP,2025-06-17 15:00:22,2025-06-17 15:18:53,3,accident_tip,,True,tip
R01152,TIP,2025-10-18 18:18:18,2025-10-18 18:26:03,2,accident_tip,,True,tip
R01152,TIP,2025-10-19 14:19:57,2025-10-19 15:03:11,3,accident_tip,1.0,False,tip
R01152,TIP,2025-10-20 13:58:20,2025-10-20 14:16:07,2,accident_tip,1.0,False,tip
R01155,TIP,2025-02-23 18:06:33,2025-02-23 18:13:58,2,accident_tip,,True,tip
R01155,TIP,2025-05-07 12:12:35,2025-05-07 12:12:35,1,lift,73.0,True,tip
R01155,TIP,2025-09-28 18:44:25,2025-09-28 18:44:25,1,accident_tip,144.0,True,tip
R01156,TIP,2025-06-14 17:37:22,2025-06-14 19:27:22,2,lift,,True,tip
R01157,TIP,2025-03-06 19:38:39,2025-03-06 19:52:00,2,accident_drop,,True,tip
R01157,TIP,2025-04-13 09:37:02,2025-04-13 09:37:02,1,lift,38.0,True,tip
R01158,TIP,2025-02-07 21:14:56,2025-02-07 21:14:56,1,lift,,True,tip
R01167,TIP,2025-05-31 12:40:19,2025-05-31 13:12:25,3,accident_drop,,True,tip
R01167,TIP,2025-06-02 18:38:45,2025-06-02 18:38:45,1,accident_tip,2.0,False,tip
R01167,TIP,2025-10-02 18:57:25,2025-10-02 18:57:25,1,accident_tip,122.0,True,tip
R01167,TIP,2025-10-03 09:09:25,2025-10-03 09:09:25,1,accident_tip,1.0,False,tip
R01167,TIP,2025-10-09 18:05:05,2025-10-09 18:05:05,1,accident_tip,6.0,False,tip
R01167,DROP,2025-10-10 18:11:03,2025-10-10 18:11:03,1,accident_drop,1.0,False,drop
R01168,TIP,2025-07-02 19:59:52,2025-07-02 21:20:01,3,accident_tip,,True,tip
R01168,DROP,2025-10-20 19:39:12,2025-10-20 20:02:47,4,accident_drop,110.0,True,drop
R01169,TIP,2025-06-17 18:26:57,2025-06-17 18:41:30,3,accident_tip,,True,tip
R01172,TIP,2025-09-28 17:33:16,2025-09-28 17:33:16,1,accident_tip,,True,tip
R01175,TIP,2025-05-24 08:49:39,2025-05-24 09:02:52,2,accident_drop,,True,tip
R01175,TIP,2025-05-27 15:36:06,2025-05-27 15:36:06,1,accident_tip,3.0,False,tip
R01177,TIP,2025-05-05 12:57:54,2025-05-05 12:57:54,1,lift,,True,tip
R01178,TIP,2025-05-02 20:31:04,2025-05-02 20:33:06,2,accident_drop,,True,tip
R01178,TIP,2025-05-05 12:58:47,2025-05-05 12:58:47,1,accident_tip,3.0,False,tip
R01179,TIP,2025-02-04 23:05:47,2025-02-04 23:19:50,3,accident_tip,,True,tip
R01179,TIP,2025-02-05 16:36:10,2025-02-05 16:36:10,1,accident_tip,1.0,False,tip
R01180,TIP,2025-05-26 19:18:05,2025-05-26 19:25:00,2,accident_tip,,True,tip
R01180,TIP,2025-05-27 09:54:39,2025-05-27 09:54:39,1,accident_tip,1.0,False,tip
R01180,TIP,2025-06-15 13:08:55,2025-06-15 13:16:13,2,accident_tip,19.0,True,tip
R01180,TIP,2025-06-16 10:47:51,2025-06-16 10:47:51,1,accident_tip,1.0,False,tip
R01180,TIP,2025-06-21 15:10:34,2025-06-21 15:10:34,1,accident_tip,5.0,False,tip
R01180,TIP,2025-06-22 09:45:04,2025-06-22 09:45:04,1,accident_tip,1.0,False,tip
R01180,TIP,2025-06-23 07:39:34,2025-06-23 07:44:56,2,accident_tip,1.0,False,tip
R01180,DROP,2025-08-14 08:20:34,2025-08-14 08:20:34,1,accident_drop,52.0,True,drop
R01180,TIP,2025-08-16 12:10:05,2025-08-16 12:10:05,1,accident_tip,2.0,False,tip
R01180,TIP,2025-09-23 19:38:21,2025-09-23 19:51:49,2,accident_tip,38.0,True,tip
R01188,TIP,2025-06-20 14:34:06,2025-06-20 14:34:06,1,lift,,True,tip
R01191,TIP,2025-05-10 09:52:33,2025-05-10 09:52:33,1,accident_tip,,True,tip
R01191,TIP,2025-08-13 16:44:57,2025-08-13 17:31:19,2,accident_tip,95.0,True,tip
R01191,TIP,2025-08-21 16:23:54,2025-08-21 16:23:54,1,accident_tip,8.0,False,tip
R01192,TIP,2025-07-30 12:14:18,2025-07-30 12:14:18,1,accident_tip,,True,tip
R01192,TIP,2025-08-02 18:01:22,2025-08-02 18:01:22,1,accident_tip,3.0,False,tip
R01198,TIP,2025-01-21 09:48:26,2025-01-21 09:48:26,1,lift,,True,tip
