device_id,u_mon_h00,u_mon_h01,u_mon_h02,u_mon_h03,u_mon_h04,u_mon_h05,u_mon_h06,u_mon_h07,u_mon_h08,u_mon_h09,u_mon_h10,u_mon_h11,u_mon_h12,u_mon_h13,u_mon_h14,u_mon_h15,u_mon_h16,u_mon_h17,u_mon_h18,u_mon_h19,u_mon_h20,u_mon_h21,u_mon_h22,u_mon_h23,u_tue_h00,u_tue_h01,u_tue_h02,u_tue_h03,u_tue_h04,u_tue_h05,u_tue_h06,u_tue_h07,u_tue_h08,u_tue_h09,u_tue_h10,u_tue_h11,u_tue_h12,u_tue_h13,u_tue_h14,u_tue_h15,u_tue_h16,u_tue_h17,u_tue_h18,u_tue_h19,u_tue_h20,u_tue_h21,u_tue_h22,u_tue_h23,u_wed_h00,u_wed_h01,u_wed_h02,u_wed_h03,u_wed_h04,u_wed_h05,u_wed_h06,u_wed_h07,u_wed_h08,u_wed_h09,u_wed_h10,u_wed_h11,u_wed_h12,u_wed_h13,u_wed_h14,u_wed_h15,u_wed_h16,u_wed_h17,u_wed_h18,u_wed_h19,u_wed_h20,u_wed_h21,u_wed_h22,u_wed_h23,u_thu_h00,u_thu_h01,u_thu_h02,u_thu_h03,u_thu_h04,u_thu_h05,u_thu_h06,u_thu_h07,u_thu_h08,u_thu_h09,u_thu_h10,u_thu_h11,u_thu_h12,u_thu_h13,u_thu_h14,u_thu_h15,u_thu_h16,u_thu_h17,u_thu_h18,u_thu_h19,u_thu_h20,u_thu_h21,u_thu_h22,u_thu_h23,u_fri_h00,u_fri_h01,u_fri_h02,u_fri_h03,u_fri_h04,u_fri_h05,u_fri_h06,u_fri_h07,u_fri_h08,u_fri_h09,u_fri_h10,u_fri_h11,u_fri_h12,u_fri_h13,u_fri_h14,u_fri_h15,u_fri_h16,u_fri_h17,u_fri_h18,u_fri_h19,u_fri_h20,u_fri_h21,u_fri_h22,u_fri_h23,u_sat_h00,u_sat_h01,u_sat_h02,u_sat_h03,u_sat_h04,u_sat_h05,u_sat_h06,u_sat_h07,u_sat_h08,u_sat_h09,u_sat_h10,u_sat_h11,u_sat_h12,u_sat_h13,u_sat_h14,u_sat_h15,u_sat_h16,u_sat_h17,u_sat_h18,u_sat_h19,u_sat_h20,u_sat_h21,u_sat_h22,u_sat_h23,u_sun_h00,u_sun_h01,u_sun_h02,u_sun_h03,u_sun_h04,u_sun_h05,u_sun_h06,u_sun_h07,u_sun_h08,u_sun_h09,u_sun_h10,u_sun_h11,u_sun_h12,u_sun_h13,u_sun_h14,u_sun_h15,u_sun_h16,u_sun_h17,u_sun_h18,u_sun_h19,u_sun_h20,u_sun_h21,u_sun_h22,u_sun_h23,total_usage,true_cluster
D0000,0.0,0.0,0.736,1.496,3.401,5.643,6.542,4.561,3.052,1.432,0.646,0.55,0.404,1.183,0.227,0.128,0.0,0.0,0.0,0.0,0.235,0.417,0.29,0.0,0.68,0.665,0.552,1.283,3.762,5.8,5.798,4.984,2.852,0.729,0.558,0.0,0.872,0.828,0.153,0.43,0.0,0.0,0.134,0.0,0.588,1.165,0.0,0.0,0.381,1.058,0.074,1.689,4.334,4.972,5.874,4.824,2.5,1.5,0.582,0.0,0.502,0.007,0.84,0.0,0.0,0.51,0.61,0.468,0.0,0.509,0.0,0.373,0.0,0.534,0.261,1.0,3.836,5.824,6.174,5.668,2.536,1.149,0.594,0.021,0.482,0.027,0.081,0.88,0.0,0.0,0.992,1.414,0.084,0.0,0.127,0.139,0.176,0.0,0.854,1.734,2.667,5.744,7.051,4.842,2.445,1.013,0.726,0.0,0.331,0.078,1.085,0.175,1.004,0.0,0.518,0.397,0.0,0.333,0.799,0.108,0.0,0.142,0.0,0.556,1.545,1.804,2.175,2.474,0.995,0.0,0.566,0.257,0.0,0.0,0.496,0.277,1.192,0.309,0.294,0.045,0.488,0.401,0.683,0.0,0.0,0.0,0.606,1.305,1.199,2.095,2.721,1.895,1.522,0.0,0.0,0.0,0.0,0.0,0.0,0.016,0.607,0.0,0.0,0.081,0.579,0.0,0.0,0.358,644.3,morning
D0001,7.611,8.57,6.843,7.125,6.863,5.711,5.922,9.01,7.031,5.306,6.759,8.597,4.694,5.687,6.567,9.226,8.446,8.242,5.904,6.532,7.478,7.884,8.334,7.351,8.683,7.546,9.486,8.492,5.151,5.016,8.339,8.705,6.612,5.692,7.477,9.184,10.0,8.896,7.439,7.198,6.807,7.143,6.05,10.0,9.492,8.907,7.399,8.573,8.582,8.058,9.15,8.393,8.716,8.916,8.784,5.671,8.004,6.465,6.088,10.0,10.0,9.341,8.34,9.456,8.194,8.009,6.188,8.26,6.392,6.273,5.937,6.77,9.967,8.911,7.13,7.613,8.309,7.182,7.37,7.46,6.942,6.89,8.303,7.651,5.479,7.479,8.202,8.776,8.518,8.101,6.657,6.232,7.999,8.188,9.438,8.489,7.015,6.667,7.077,7.259,7.601,7.165,7.25,7.147,7.228,8.176,7.449,7.296,8.111,6.157,6.854,9.73,6.932,5.946,6.031,7.625,7.835,7.846,9.129,4.54,8.478,9.458,5.979,7.004,7.035,6.584,7.407,9.628,9.642,7.583,10.0,7.126,10.0,7.304,7.05,7.601,10.0,8.669,6.681,8.633,7.491,7.214,8.855,7.861,8.246,6.708,7.873,7.161,5.367,8.425,6.95,6.47,7.662,7.514,7.038,8.384,6.053,7.603,6.698,7.947,8.274,6.019,8.934,8.028,5.45,4.982,7.238,7.137,4484.9,noise
D0002,4.3,3.045,2.783,0.232,1.133,0.408,0.492,0.353,0.499,0.23,0.953,0.093,0.808,0.009,0.272,0.0,0.518,1.018,0.527,0.986,1.58,3.389,4.036,4.727,4.494,3.589,2.947,0.588,1.117,0.45,0.239,0.495,0.327,0.349,0.115,0.0,0.0,0.593,0.175,0.033,0.317,0.726,0.643,0.779,2.634,4.203,4.976,5.575,4.951,3.504,1.959,1.121,0.705,0.0,0.622,0.0,0.0,0.885,0.677,0.968,0.177,0.0,0.191,0.347,0.349,0.878,0.399,1.233,1.637,3.695,4.754,4.8,4.53,3.079,1.655,1.696,0.453,0.25,0.0,0.0,0.197,0.007,0.937,0.241,0.895,0.343,0.332,0.278,0.332,1.162,0.0,0.233,1.953,3.693,5.328,5.636,5.439,4.287,2.614,1.171,1.035,0.558,0.139,0.697,0.432,0.382,1.045,0.0,0.0,0.0,0.219,0.27,0.0,0.027,0.33,2.478,3.471,4.277,5.91,6.047,4.998,3.942,1.795,1.098,0.0,0.111,0.476,0.565,0.586,0.0,0.783,0.038,0.683,0.394,0.0,0.259,0.582,0.767,0.685,2.122,3.229,4.541,6.675,7.72,5.762,2.776,1.453,1.615,0.047,0.0,0.122,0.522,0.286,0.039,0.029,0.011,0.0,1.359,0.466,0.734,0.128,0.325,0.303,0.0,1.693,3.065,4.269,5.17,907.3,night
D0003,2.229,2.363,1.581,2.246,2.372,1.831,2.4,2.474,2.053,1.882,1.942,2.593,2.765,2.303,2.686,2.916,2.896,3.252,3.049,1.937,3.058,1.98,2.619,2.121,1.859,1.197,1.91,1.309,2.48,2.773,1.79,2.355,1.974,2.105,2.823,2.537,3.401,2.443,3.124,2.703,2.976,2.353,2.452,2.336,1.924,2.517,2.441,2.357,2.736,2.663,1.818,2.179,1.764,2.101,1.878,2.948,2.464,2.289,3.012,1.577,1.712,3.018,2.701,2.772,2.021,2.544,3.376,2.758,2.377,2.022,1.971,1.132,2.16,2.391,1.278,1.713,1.524,1.656,2.172,1.281,2.577,2.727,2.362,1.438,2.17,3.214,1.424,2.503,2.087,2.916,2.171,2.569,2.555,3.045,2.057,2.259,1.376,2.546,1.645,1.758,2.034,1.387,2.251,2.655,2.432,1.673,2.419,2.888,1.773,2.176,3.068,2.781,2.803,3.391,2.685,2.684,3.52,2.123,1.789,2.283,2.038,1.573,1.324,2.849,1.987,1.551,2.346,1.948,1.956,2.402,1.646,2.457,3.217,2.603,2.237,2.165,2.172,2.184,2.057,2.561,1.29,2.385,1.763,2.051,1.333,2.407,2.349,2.241,1.158,2.254,2.116,1.275,2.059,2.313,2.477,2.378,2.487,3.057,2.958,1.103,2.213,2.225,1.439,2.191,2.632,1.508,2.085,1.469,1304.3,allday_low
D0004,1.656,0.58,2.242,1.694,1.366,1.742,0.893,2.113,1.497,1.617,1.554,1.574,2.197,2.031,2.22,1.912,2.115,1.647,2.778,1.003,2.21,2.196,1.144,2.486,1.896,1.86,1.417,1.325,1.354,1.659,2.158,1.663,1.232,2.08,2.189,2.13,2.219,1.794,1.508,1.525,1.148,1.942,1.737,1.511,0.313,1.02,2.031,1.184,1.61,0.797,2.052,1.358,1.579,2.529,2.21,1.443,1.376,1.562,2.004,1.788,1.706,2.576,1.875,2.95,1.925,2.639,1.936,2.142,1.316,1.197,1.734,1.928,1.466,0.844,0.792,0.78,0.653,1.532,2.033,1.575,0.625,1.623,1.702,2.779,1.228,1.74,2.694,2.118,2.137,1.887,1.923,2.059,1.278,1.976,0.909,1.631,1.529,1.145,1.394,1.142,0.966,1.324,1.03,1.726,1.125,2.029,1.243,1.58,1.603,2.512,2.075,1.82,2.108,0.887,1.756,2.608,1.702,1.611,1.774,1.886,0.405,0.523,1.359,0.959,1.894,1.193,0.504,0.852,0.241,1.433,1.513,1.461,2.181,2.263,1.657,0.763,1.973,1.902,1.737,1.98,0.954,2.327,0.943,1.672,0.544,0.862,1.946,1.163,1.681,1.441,1.327,2.037,1.372,0.737,1.236,1.9,1.874,1.019,1.408,1.462,1.531,1.033,1.315,1.21,1.825,1.787,1.309,1.158,942.2,allday_low
D0005,2.639,2.864,1.675,1.318,0.264,0.273,0.0,0.0,0.62,0.0,0.981,0.0,0.0,0.116,0.0,0.364,0.398,0.342,0.32,0.981,0.957,1.979,1.948,2.675,1.843,2.188,2.355,1.299,0.668,0.229,0.057,0.331,0.082,0.175,1.224,0.0,0.434,1.506,0.0,0.34,0.0,0.458,0.234,0.614,1.969,2.094,1.947,1.051,3.195,2.493,2.225,0.517,0.202,0.388,0.218,0.325,0.679,0.0,1.408,0.194,0.098,0.0,0.416,0.0,0.482,0.0,0.232,0.213,1.747,1.668,1.121,1.874,3.199,2.705,1.673,1.029,0.0,0.525,0.0,0.557,0.27,1.285,1.12,0.164,1.02,0.747,0.0,0.311,0.212,0.341,0.0,0.251,1.163,2.607,1.726,2.126,2.44,3.414,2.386,1.035,0.609,0.0,0.0,0.009,0.796,0.0,1.93,0.0,0.353,0.178,0.635,0.001,0.0,0.0,0.026,0.0,2.148,2.503,2.899,1.903,3.384,2.578,2.085,1.473,0.0,0.523,1.144,0.046,0.359,0.702,1.096,0.0,0.0,0.529,0.189,0.0,0.298,0.0,0.027,0.615,0.902,2.658,1.269,2.491,3.628,3.098,1.986,0.77,0.411,0.4,0.276,0.187,0.207,0.124,1.046,0.0,0.631,0.0,0.135,0.0,0.27,0.049,0.905,0.533,1.386,2.977,1.253,2.084,543.3,intermittent
D0006,0.0,0.069,0.092,0.363,1.982,3.855,7.278,9.329,6.842,4.493,1.462,0.439,0.141,0.0,0.0,0.278,0.0,0.722,0.0,1.607,0.14,0.375,0.0,1.111,0.847,0.481,0.0,0.712,0.983,4.23,6.872,8.351,6.21,4.019,2.301,1.335,0.924,0.0,0.48,0.8,0.0,0.339,0.466,0.208,0.0,0.196,0.196,0.276,0.09,0.149,0.37,0.816,1.35,3.388,6.55,7.444,7.521,4.461,2.009,1.222,0.0,0.0,0.467,0.34,0.42,0.135,0.642,0.763,0.561,0.226,0.0,0.689,0.893,0.638,0.0,0.921,1.874,4.273,6.114,8.206,7.642,4.488,1.489,0.976,0.685,0.393,0.443,0.227,1.008,0.0,0.079,0.348,0.739,0.0,0.0,0.0,0.341,0.0,0.195,0.884,1.124,3.497,6.048,8.195,7.155,3.927,1.816,1.22,0.581,0.0,0.622,0.0,0.961,0.787,0.456,0.397,0.232,0.631,0.159,0.432,0.547,0.0,0.0,0.0,0.19,0.785,3.257,4.553,3.929,1.276,1.222,0.995,0.0,0.205,0.0,0.274,0.0,0.244,0.0,0.399,0.615,0.0,0.0,0.0,0.017,0.0,0.0,0.451,0.392,0.945,2.354,3.805,3.194,1.726,1.075,0.0,0.184,0.208,0.0,0.333,0.0,0.367,0.386,0.0,0.673,0.0,0.0,0.599,819.0,morning
D0007,0.718,0.0,0.882,0.793,1.516,3.879,5.483,6.272,4.353,1.189,0.597,0.0,0.852,0.0,0.977,0.24,0.0,0.0,0.0,0.0,0.297,0.0,0.0,0.084,0.0,0.0,0.0,0.425,2.953,4.167,6.051,5.083,3.729,2.059,0.317,0.772,0.0,0.127,0.0,0.329,0.0,0.133,0.148,0.0,0.473,0.362,0.215,0.061,0.615,0.166,0.236,0.864,2.816,3.539,6.287,5.031,4.121,2.671,0.998,0.44,0.018,0.27,0.141,0.0,0.124,0.344,0.0,0.0,0.0,0.43,0.5,0.359,0.691,0.311,0.55,0.954,2.012,3.903,6.937,5.679,3.724,2.158,0.892,0.0,0.775,0.214,0.0,0.79,0.536,0.0,1.054,0.551,0.25,0.97,0.326,0.242,0.0,0.52,0.57,0.783,1.595,3.993,5.612,4.988,3.16,2.119,0.0,0.438,0.041,0.832,0.02,0.539,0.063,0.293,0.573,0.034,0.69,0.0,0.374,0.657,0.412,0.985,0.0,0.0,0.476,2.161,2.897,2.693,1.305,1.228,0.0,0.685,1.407,0.28,0.377,0.0,0.0,0.0,0.0,0.0,0.89,0.237,0.285,0.0,0.025,0.543,0.135,0.566,0.733,1.503,1.743,1.463,1.492,0.81,0.0,0.13,0.132,0.0,0.0,0.285,0.276,0.0,0.173,0.562,0.452,0.059,0.0,0.0,624.2,morning
D0008,1.92,2.198,1.851,2.183,2.253,1.54,1.141,2.713,2.208,1.4,1.929,2.67,2.254,2.187,3.061,1.946,2.021,2.417,2.426,2.395,2.502,2.108,2.175,1.785,1.889,1.878,1.905,2.178,2.11,1.922,1.591,2.049,2.08,2.258,3.243,2.086,2.57,2.899,2.475,3.47,2.21,2.468,1.891,2.013,2.204,2.4,2.098,2.468,1.818,1.681,3.025,2.007,1.537,1.589,1.531,2.44,1.928,2.229,2.222,2.651,1.999,1.934,2.532,2.688,2.53,1.958,2.555,1.837,1.858,1.594,2.54,2.187,2.133,2.391,3.074,1.061,1.528,1.625,1.572,1.534,1.958,1.624,2.401,2.345,2.597,2.646,2.702,2.25,3.335,2.428,1.412,1.72,1.309,2.027,1.9,1.691,2.766,2.077,2.135,1.411,1.411,1.918,2.033,1.184,2.011,2.178,2.153,1.956,2.137,2.338,2.472,2.69,2.866,2.19,2.045,2.368,2.367,1.823,2.31,2.343,2.256,2.447,1.238,1.653,1.68,1.668,1.467,1.148,1.925,1.608,2.064,1.733,1.647,2.281,2.256,2.437,3.126,2.215,2.243,1.469,1.304,2.529,1.344,1.242,1.657,1.606,1.221,1.51,2.228,1.349,1.132,2.241,2.105,1.675,1.313,1.755,2.117,2.701,1.721,2.138,2.446,1.018,2.49,1.422,2.033,1.928,2.247,1.96,1139.5,allday_low
D0009,1.08,1.355,1.475,1.414,1.072,0.376,1.051,1.503,0.893,1.741,1.939,1.654,0.272,1.111,2.547,1.44,0.758,2.153,1.536,1.954,1.508,1.522,1.419,1.52,2.193,1.577,0.408,1.341,1.682,1.748,1.064,1.839,1.801,2.614,1.193,1.369,1.513,1.465,1.297,0.442,1.455,1.763,1.308,2.328,1.389,1.896,1.373,1.578,1.294,1.756,1.145,1.363,1.333,1.077,1.438,2.321,1.262,1.646,2.096,2.11,1.656,0.613,1.93,0.687,2.312,1.673,1.98,1.051,0.685,1.433,1.24,0.985,1.206,2.385,1.495,1.612,1.548,1.872,1.17,0.391,1.299,1.822,1.094,1.518,1.339,2.362,2.035,1.979,1.93,1.58,1.619,0.923,0.4,1.383,1.401,1.751,1.875,1.846,0.671,0.981,1.384,2.346,1.922,1.819,1.209,1.059,1.885,1.102,1.543,1.634,2.415,1.526,0.553,1.824,1.216,1.476,1.344,1.192,1.611,0.517,0.819,1.334,0.731,0.302,1.352,1.591,1.11,0.301,1.563,0.564,1.516,1.038,0.964,1.318,1.446,1.227,1.751,1.236,1.818,1.438,0.931,0.794,0.389,1.217,0.892,0.0,0.767,0.62,1.76,0.32,0.481,1.683,1.856,0.976,1.093,1.715,0.438,0.68,1.402,2.215,1.29,1.483,1.887,2.259,0.986,1.176,1.95,0.401,839.9,allday_low
D0010,0.565,1.368,0.027,0.0,0.542,0.565,0.0,0.015,0.44,0.0,0.012,0.237,0.644,0.0,0.0,0.0,0.0,4.37,0.127,0.0,0.0,3.833,0.0,0.791,0.524,0.233,0.018,0.031,0.373,0.489,0.0,0.242,0.0,0.321,0.569,0.1,1.043,0.0,0.323,0.21,0.18,6.594,0.274,0.607,0.846,5.594,0.593,0.0,0.524,0.0,0.67,1.174,0.124,0.0,0.0,0.733,0.428,0.291,0.633,0.397,0.727,0.593,0.864,0.34,0.586,3.83,0.0,0.947,0.276,3.71,0.235,0.0,0.154,0.796,0.399,0.0,0.053,0.952,0.053,0.0,1.001,0.457,0.118,0.0,0.637,0.0,0.666,0.394,0.26,2.345,0.071,0.62,0.0,1.201,0.426,0.434,0.439,0.406,0.078,0.577,0.202,0.003,0.082,1.132,0.0,0.448,0.0,0.174,0.027,0.0,0.398,0.052,0.0,6.851,0.868,0.893,0.384,5.471,0.82,0.98,0.729,0.0,0.31,0.417,0.0,0.431,1.242,0.507,0.882,0.302,0.186,0.391,0.0,0.0,0.789,0.837,0.0,6.719,0.18,0.372,0.426,5.738,0.257,0.854,0.328,0.47,0.0,1.16,0.4,0.51,0.0,0.0,0.746,0.318,0.0,0.656,0.0,0.824,0.149,0.281,0.72,4.141,0.0,0.101,0.561,3.233,0.0,0.56,394.3,intermittent
D0011,0.754,1.035,1.442,0.692,1.806,0.78,0.817,1.861,1.315,1.025,1.258,1.987,2.077,1.076,1.433,1.484,0.974,1.353,1.33,1.787,1.763,1.021,1.028,1.387,0.796,1.304,0.984,0.602,0.629,1.739,1.054,1.907,0.988,1.405,2.405,0.902,0.563,2.022,1.08,1.434,1.154,1.498,0.9,1.193,1.422,0.715,0.81,0.932,0.417,0.849,1.077,0.859,0.938,1.079,0.829,1.48,1.866,1.065,1.546,1.27,1.582,2.148,1.681,0.645,1.622,1.932,1.228,1.722,0.909,0.5,1.188,0.298,0.952,1.618,0.164,0.463,0.595,1.06,0.96,1.798,1.649,1.497,1.394,1.555,1.03,1.829,0.952,1.819,1.951,1.473,1.249,1.454,0.0,1.305,1.074,1.065,1.378,1.005,0.511,0.975,1.09,1.14,1.197,1.636,0.731,1.353,1.909,0.597,1.498,1.18,1.286,1.036,1.341,2.206,0.759,0.747,0.633,1.946,0.917,1.077,0.773,0.51,0.816,2.041,1.58,0.596,1.304,0.678,0.298,1.605,1.717,1.711,1.064,1.224,1.645,1.475,1.099,0.511,1.247,1.632,0.558,1.339,1.161,1.317,1.346,0.622,0.194,0.695,1.354,0.735,0.7,0.232,1.886,1.518,1.542,1.675,1.535,1.189,1.233,1.107,2.461,1.49,0.987,1.356,0.643,1.729,0.715,1.205,738.1,allday_low
D0012,0.309,0.28,0.055,0.186,1.413,1.843,3.803,6.397,7.826,5.89,3.243,1.113,0.778,0.049,0.191,0.741,0.698,0.0,0.0,0.353,1.081,0.0,0.43,0.0,0.019,0.141,0.126,0.148,0.75,1.651,3.498,6.98,7.67,5.966,2.297,1.363,0.824,0.0,0.312,0.252,1.133,1.17,0.0,1.427,0.0,0.746,0.741,0.0,0.526,0.257,0.564,0.492,1.285,1.926,4.081,7.122,7.592,5.915,2.692,0.758,0.264,0.059,0.662,0.744,0.234,0.948,0.92,0.414,0.0,1.013,0.277,0.361,0.152,0.0,0.0,0.673,0.394,3.269,3.668,6.063,7.56,6.274,3.02,1.486,0.0,0.033,0.0,0.0,0.357,0.0,0.0,0.063,0.0,0.483,0.442,0.706,0.628,0.803,0.298,0.505,0.94,1.861,3.77,6.148,6.596,5.497,2.799,0.869,0.196,0.0,0.733,0.325,0.0,0.653,0.037,0.0,0.749,0.047,0.105,0.308,0.651,0.146,0.0,0.419,0.118,1.701,1.87,1.977,3.46,3.389,2.055,1.377,0.0,0.563,0.0,0.238,0.0,0.0,0.0,0.541,0.497,0.261,0.0,0.0,0.0,0.513,0.656,0.63,0.0,0.0,0.867,3.291,2.752,1.897,1.936,1.061,0.219,0.003,0.064,0.224,0.842,0.312,0.448,0.648,0.0,0.461,0.0,0.0,697.7,morning
D0013,2.113,1.783,0.715,0.55,0.073,1.275,1.203,0.895,0.11,0.314,0.0,0.0,1.441,0.911,1.395,0.821,0.488,0.94,0.216,2.598,0.404,0.746,1.118,3.118,2.436,1.498,1.638,0.924,1.24,0.0,1.556,0.0,0.0,0.683,0.084,0.539,2.886,0.047,1.562,0.26,0.652,0.0,0.0,2.483,0.801,0.179,1.12,2.753,2.247,1.304,0.998,0.62,0.686,0.0,1.242,0.329,0.16,0.462,0.0,0.366,2.255,0.424,1.757,0.162,0.0,0.183,0.817,1.893,0.229,0.877,1.761,1.908,2.428,2.002,1.563,1.317,0.851,0.0,2.94,0.212,0.042,0.0,0.046,0.031,3.37,0.103,4.05,0.335,1.359,0.332,0.162,3.896,0.808,1.384,2.726,1.84,3.024,2.195,0.663,1.128,1.02,0.0,2.736,0.0,0.0,0.73,0.049,0.0,3.098,0.024,2.662,0.592,0.0,0.0,0.386,3.677,1.358,1.101,2.553,2.297,3.565,1.674,2.019,0.511,1.367,0.584,2.089,0.029,0.613,0.735,0.23,0.282,3.121,0.321,2.085,0.0,0.37,0.822,1.049,3.381,0.957,1.79,1.915,2.688,1.906,1.248,1.325,0.746,0.684,0.501,1.232,0.46,0.189,0.394,0.0,0.375,1.511,0.0,1.189,0.0,0.0,0.0,0.828,1.881,0.922,2.089,1.751,3.652,635.1,intermittent
D0014,1.398,1.58,1.134,2.003,1.338,1.387,0.902,1.554,1.368,1.223,1.215,2.828,1.557,1.052,1.405,1.684,1.921,1.875,1.868,1.206,1.582,0.971,1.032,0.852,0.695,1.683,1.495,1.643,1.248,1.615,0.518,1.754,1.508,1.779,1.735,1.182,1.001,1.387,1.973,2.018,1.06,1.184,1.239,1.336,0.816,0.726,0.941,1.304,0.699,1.152,1.662,0.618,1.137,1.727,1.122,1.108,1.952,1.359,2.061,1.819,1.521,1.923,1.863,2.167,1.429,1.644,1.536,1.813,0.967,1.823,1.521,0.673,1.774,2.209,1.636,1.846,1.268,0.518,0.481,1.48,1.162,1.085,1.536,1.903,1.022,1.506,2.398,1.224,2.067,1.408,1.81,1.99,1.762,1.775,0.792,1.767,0.846,1.321,1.301,1.422,1.382,0.886,0.703,1.758,1.512,2.014,1.544,0.993,2.11,1.541,1.873,1.416,2.415,1.231,1.412,1.545,0.937,1.514,2.036,1.045,1.285,0.0,1.049,0.943,0.739,1.626,1.033,1.149,1.116,0.484,0.898,1.896,0.558,1.192,1.367,2.321,1.854,1.212,1.995,1.014,1.74,0.618,1.663,0.956,0.644,0.986,1.192,0.861,1.356,0.877,1.459,1.428,1.258,1.148,1.476,1.711,2.436,1.96,1.986,2.927,1.74,1.681,1.724,0.893,1.086,1.001,1.471,1.06,831.2,allday_low
D0015,0.269,0.04,0.856,0.725,0.0,1.199,3.351,6.532,8.613,7.631,5.019,2.211,0.558,0.323,0.363,0.327,0.0,0.163,0.367,0.215,0.23,0.561,0.0,0.0,0.185,0.686,1.105,0.729,0.0,1.235,3.392,6.261,8.446,7.091,4.785,2.372,1.233,0.078,0.199,0.0,0.062,0.105,0.0,0.416,0.316,0.0,0.438,0.0,0.56,0.0,0.359,0.25,0.708,1.396,3.162,5.49,7.539,7.241,4.752,1.909,1.142,0.315,0.0,0.217,0.443,0.488,1.187,0.04,0.308,0.533,0.331,0.116,0.0,0.112,0.0,0.0,0.213,0.868,3.539,6.452,7.797,7.386,3.92,1.96,1.041,0.812,0.033,0.816,0.0,0.0,0.661,1.093,0.564,0.323,0.0,0.0,0.383,0.164,0.0,0.388,0.594,1.698,3.174,6.425,7.797,7.076,4.997,1.633,2.084,0.588,0.508,0.562,1.169,0.681,0.0,0.956,0.171,0.373,0.0,0.561,0.0,0.199,0.028,1.036,1.149,0.624,1.503,2.614,4.189,3.229,1.951,1.423,0.145,0.181,0.0,0.471,1.027,0.478,0.811,0.0,0.26,0.0,0.051,0.501,0.182,0.0,0.0,0.0,0.45,1.465,1.924,1.619,3.921,3.423,1.207,0.737,0.837,0.424,0.0,0.412,0.0,0.036,0.649,0.145,0.0,0.537,0.575,0.726,858.8,morning
D0016,1.758,1.647,1.478,1.061,1.208,1.553,1.842,2.447,1.855,2.405,2.519,2.003,2.433,2.094,2.812,2.49,1.63,2.18,2.775,1.872,2.075,2.044,1.267,1.91,1.011,1.325,2.069,1.768,1.501,1.881,1.707,1.804,2.169,1.626,2.052,1.966,1.452,1.79,2.923,2.377,1.57,1.414,1.983,2.656,1.789,2.387,1.892,1.892,1.037,2.029,1.434,1.995,1.272,1.76,1.892,1.729,2.055,1.834,1.742,2.829,2.638,1.862,2.473,1.87,1.633,2.572,1.267,2.371,1.76,1.704,1.918,1.942,1.266,1.93,1.636,1.042,1.562,2.302,2.488,2.122,1.338,2.174,2.417,2.433,2.519,2.367,2.185,1.93,1.312,2.26,2.117,2.205,1.272,2.089,2.658,1.715,1.61,1.746,2.5,1.146,1.73,1.32,1.487,1.776,2.48,2.764,2.235,1.937,3.287,2.011,1.96,1.405,2.794,2.543,3.122,1.328,2.53,1.83,2.096,0.938,2.135,1.8,1.409,1.737,1.13,1.251,1.352,0.785,2.074,2.294,1.515,2.053,1.83,2.131,1.713,1.586,2.423,1.867,2.74,1.779,1.269,2.171,1.844,1.839,2.01,1.153,1.369,1.369,0.893,1.393,2.162,1.726,1.08,1.058,2.58,1.856,1.658,1.86,1.331,2.624,1.772,2.511,1.854,2.402,1.802,2.003,1.884,1.792,1126.1,allday_low
D0017,1.578,1.951,1.929,2.13,1.792,2.177,2.024,1.466,2.271,1.867,1.678,2.607,2.835,2.898,2.932,1.792,2.003,3.434,1.987,2.637,1.958,2.213,1.815,2.288,2.047,1.747,1.45,2.069,1.44,2.228,3.282,2.785,2.59,2.324,1.586,1.95,3.193,2.306,2.362,2.587,2.138,1.993,2.435,1.961,1.933,1.826,2.335,1.931,1.905,2.217,1.858,1.823,2.197,2.336,2.034,2.214,1.915,1.975,2.804,2.746,2.821,2.788,2.698,2.975,3.036,2.955,2.413,2.987,2.37,2.462,2.227,2.147,1.655,2.264,3.203,1.78,2.018,1.835,1.88,2.873,1.964,2.149,1.744,2.204,1.847,2.946,3.937,2.496,1.866,2.95,2.131,2.947,2.14,1.893,2.02,2.377,1.883,1.725,1.833,1.376,2.164,1.232,1.9,2.519,2.403,2.628,2.429,3.072,3.032,2.862,3.095,2.999,2.418,1.941,2.647,2.608,2.757,1.756,1.692,2.243,1.755,0.905,1.899,0.92,1.362,2.44,2.711,1.413,1.892,2.145,3.014,2.069,2.14,3.092,2.241,2.72,1.689,2.214,1.466,1.651,2.418,1.937,1.746,1.495,1.688,1.889,2.172,0.572,1.413,1.904,1.845,2.141,2.16,1.989,1.975,2.18,2.871,2.066,2.381,2.478,3.056,2.156,2.644,2.681,2.011,1.865,1.742,1.717,1320.4,allday_low
D0018,1.013,0.219,0.0,0.138,1.413,0.57,0.0,0.446,0.0,3.934,0.023,0.221,0.0,0.0,0.184,0.0,0.357,3.418,0.501,0.0,0.919,0.0,3.334,0.368,0.927,0.32,0.431,0.186,0.0,0.0,0.0,0.0,0.359,3.93,0.322,0.0,0.311,0.0,0.811,0.324,0.734,3.53,0.203,0.0,0.0,0.06,3.408,0.0,0.0,0.0,0.0,0.483,0.0,0.0,1.007,0.0,0.345,6.075,0.499,0.0,0.097,0.0,1.302,0.0,0.0,4.576,0.0,0.81,1.291,0.0,4.272,0.0,0.037,0.004,0.0,0.246,0.325,0.292,0.005,0.0,0.446,2.602,0.547,0.502,0.0,0.0,0.0,0.0,0.487,2.429,0.641,0.325,0.241,0.687,2.404,0.177,0.873,0.259,0.07,0.0,0.524,0.764,0.184,0.796,0.0,6.136,0.189,0.0,1.28,0.177,0.024,0.219,0.0,5.029,0.65,0.0,0.0,0.797,5.785,0.44,0.0,0.07,0.0,0.0,0.0,0.0,0.0,0.0,0.276,4.517,0.943,0.0,0.311,0.318,0.063,0.513,0.526,3.997,0.063,0.017,0.0,0.0,3.435,0.0,0.38,0.72,0.0,0.309,0.0,0.045,0.0,0.453,0.0,5.119,0.071,0.0,0.0,0.296,0.585,0.305,1.189,4.713,0.043,0.039,0.393,0.0,4.451,0.345,444.4,intermittent
D0019,2.215,2.051,2.755,2.537,1.993,2.189,2.336,2.487,1.8,1.81,2.197,2.247,2.46,3.08,2.733,2.882,2.199,2.474,2.861,2.771,2.085,2.397,3.238,2.178,1.826,2.023,2.118,2.034,2.123,1.537,1.815,2.257,2.336,2.249,2.517,2.709,3.15,2.749,2.989,2.55,3.007,2.85,2.986,2.825,2.676,2.28,2.359,2.665,1.844,1.819,2.158,2.288,1.767,2.153,2.206,1.327,2.312,2.433,2.524,3.319,2.203,2.423,1.634,2.578,2.572,2.452,3.095,2.891,2.446,2.157,2.71,2.177,1.769,1.329,1.877,2.441,3.162,2.214,1.904,1.791,2.659,1.71,2.844,3.049,2.946,2.695,3.064,2.871,2.4,3.514,2.438,2.853,1.322,2.898,2.909,2.2,2.389,2.353,1.787,2.348,1.774,1.912,2.756,2.763,2.093,2.174,2.306,3.011,2.3,2.955,3.145,2.754,3.204,2.544,2.5,2.064,2.868,1.979,2.406,2.154,1.45,1.617,2.491,1.982,1.47,2.105,1.958,3.646,2.298,2.082,2.976,1.585,2.517,3.412,2.476,1.735,2.297,3.068,2.506,1.876,1.861,1.84,2.186,2.57,2.397,2.097,1.269,1.294,2.164,1.362,1.922,2.229,1.658,1.792,2.295,2.64,2.952,2.788,2.562,2.179,1.993,2.183,2.521,2.405,1.225,1.738,2.566,2.003,1335.5,allday_low
D0020,3.688,3.816,4.584,4.14,2.534,0.887,0.548,1.378,0.829,0.64,0.327,0.447,0.56,0.251,0.257,0.932,0.856,0.527,1.092,0.176,1.202,1.068,3.613,2.251,3.742,4.899,4.52,4.064,1.608,1.41,1.067,1.308,0.0,1.438,0.865,0.581,0.403,0.413,0.276,0.6,0.326,0.0,0.0,0.012,0.572,0.812,2.25,3.014,3.781,5.382,4.232,3.003,2.137,0.188,0.2,2.115,0.0,1.852,1.003,0.157,0.454,0.826,0.113,0.713,0.021,0.109,0.0,0.516,1.004,0.753,2.204,2.312,4.469,5.817,4.774,3.203,2.374,0.965,0.418,1.552,0.99,0.453,0.702,0.134,0.158,1.104,0.021,0.037,0.284,0.53,0.152,0.0,0.123,1.461,3.161,3.16,5.056,5.719,6.298,3.983,2.236,1.77,0.367,1.251,0.415,1.227,0.511,1.335,0.545,0.0,0.541,0.411,0.414,0.506,0.391,0.42,0.875,0.806,2.553,4.92,5.075,6.321,5.11,4.296,2.12,1.133,1.191,1.805,0.683,0.49,1.237,0.0,1.098,0.87,0.67,0.025,0.479,0.2,0.433,0.35,0.0,1.599,3.08,3.494,4.257,5.403,4.429,2.533,2.311,1.355,0.522,1.193,0.407,0.72,0.0,0.015,0.733,0.19,0.151,1.233,0.512,0.507,0.195,0.128,0.0,1.359,3.149,3.024,900.8,night
D0021,0.617,0.349,1.642,1.254,0.0,0.23,0.89,0.783,0.453,1.981,1.303,1.428,0.945,1.608,1.122,1.156,1.531,0.482,1.881,1.188,1.625,0.512,0.534,0.389,0.995,0.89,0.635,0.404,0.312,0.89,0.74,0.687,1.745,1.069,1.734,0.975,1.366,1.258,0.529,1.926,1.195,1.55,0.824,1.032,0.659,1.552,1.09,1.077,1.493,1.38,1.189,0.22,0.569,0.46,1.277,1.073,0.423,1.021,0.49,1.191,0.511,1.521,1.463,2.142,1.638,1.024,1.531,0.477,0.616,1.146,0.0,0.895,0.423,0.905,0.359,1.051,0.891,1.542,0.953,0.65,0.938,0.501,1.345,1.48,2.367,1.004,1.172,1.024,1.352,1.386,1.139,1.595,0.771,1.44,1.192,0.906,0.74,1.952,0.477,0.994,0.544,1.715,1.349,0.691,1.28,1.222,0.93,1.556,1.431,1.38,1.274,1.477,1.36,1.241,0.874,1.868,0.576,1.188,0.806,1.703,0.387,0.443,0.323,0.919,0.176,0.605,0.0,1.005,0.719,0.326,1.535,0.505,1.489,0.84,1.884,1.492,0.677,0.68,1.319,0.877,0.868,1.469,0.518,0.862,1.223,1.138,0.688,0.644,0.011,0.345,0.998,0.834,0.978,1.463,0.512,0.987,1.216,0.838,1.808,1.564,1.261,1.901,0.372,0.992,1.109,0.485,0.99,0.323,617.1,allday_low
D0022,0.0,0.0,0.57,0.356,0.0,1.81,3.11,5.343,7.97,6.523,3.986,2.122,1.575,1.13,0.486,0.522,0.669,0.0,0.602,0.0,0.456,0.21,0.538,0.366,0.0,0.393,0.605,0.547,0.484,1.989,3.188,5.908,7.992,6.991,3.892,0.863,0.559,0.742,0.165,0.674,0.379,0.892,0.18,0.523,0.54,0.988,0.0,0.106,0.694,1.008,0.424,0.215,0.871,1.641,2.886,5.86,8.054,7.678,4.63,1.98,0.749,0.651,0.272,0.399,0.0,0.896,0.0,0.118,0.356,1.208,0.122,0.013,0.065,1.059,0.0,0.0,1.759,1.516,2.55,5.693,7.553,7.208,5.124,2.135,0.531,0.754,0.009,0.0,0.0,0.0,0.0,0.0,0.453,0.0,0.0,0.0,0.085,0.025,0.984,0.053,0.9,1.179,2.877,5.05,7.12,6.142,4.157,1.756,0.31,0.826,0.5,0.096,0.362,0.259,0.0,0.329,0.017,0.0,0.0,0.136,0.396,0.0,1.277,0.555,0.825,0.921,2.205,2.216,2.233,2.872,2.184,0.95,0.472,0.774,0.318,0.501,0.0,0.0,0.867,0.186,0.0,0.0,0.0,0.0,0.0,0.0,0.039,0.0,0.71,0.632,1.339,1.95,2.955,2.893,2.041,0.742,0.795,0.164,0.486,0.0,0.0,0.246,0.451,0.384,0.315,0.0,0.0,0.373,795.1,morning
D0023,2.834,3.255,0.383,0.582,0.422,0.0,0.661,0.613,0.224,0.124,0.195,0.199,0.21,1.228,0.359,0.585,0.0,0.0,0.0,1.876,1.999,2.861,1.977,3.929,2.693,2.323,1.777,0.314,0.179,0.376,1.543,0.384,0.97,0.789,0.412,0.0,0.724,0.707,0.967,0.337,0.0,0.115,0.631,1.44,2.265,2.307,2.034,3.095,3.007,2.117,1.971,0.402,0.591,0.352,0.0,0.0,0.278,1.164,0.534,0.0,0.0,3.213,0.23,0.787,0.0,0.452,0.744,2.675,2.992,3.919,2.892,3.146,3.576,2.17,0.878,1.696,0.182,0.061,0.248,0.298,0.093,0.259,0.249,0.345,0.0,2.796,0.2,0.528,0.0,0.077,0.059,2.729,2.194,3.578,2.481,3.103,3.666,3.435,0.915,0.362,0.0,0.0,0.0,0.0,0.0,0.0,0.0,0.841,0.482,1.763,0.0,0.0,0.0,0.309,0.807,2.304,2.693,3.031,3.346,3.836,3.852,3.901,1.051,0.892,1.098,0.0,0.04,0.08,0.216,0.0,0.584,0.616,0.545,1.617,0.355,0.0,0.172,1.314,0.48,1.673,2.807,3.109,2.943,3.688,3.098,2.92,1.809,1.079,0.0,0.085,0.409,0.0,0.15,0.474,0.118,0.377,0.992,1.82,0.806,0.528,0.0,0.0,0.0,1.654,2.417,3.557,3.479,3.614,681.0,intermittent
D0024,0.32,0.435,1.542,2.022,3.789,5.592,7.144,6.175,3.301,1.81,0.796,0.0,0.849,0.35,0.0,0.28,0.43,0.741,0.151,0.676,0.387,0.0,0.0,0.809,0.847,0.498,1.267,1.939,3.743,5.615,8.154,6.459,3.477,1.284,0.751,0.0,0.625,0.0,0.47,0.068,0.184,0.0,0.231,1.153,0.926,0.463,0.292,0.684,0.817,0.0,0.559,0.644,3.941,6.954,7.411,5.261,3.924,1.178,0.337,0.643,0.425,0.084,0.011,0.36,0.119,0.0,0.154,0.456,0.223,0.0,0.748,0.0,0.108,0.073,0.661,1.716,3.942,5.704,7.639,6.306,2.88,2.44,0.0,0.55,0.486,0.428,0.081,0.675,0.0,0.274,0.049,0.0,0.496,0.788,0.149,0.655,0.316,0.0,0.448,1.255,2.95,5.916,7.112,5.191,2.724,1.697,0.237,0.479,0.646,0.0,0.0,1.042,0.446,0.099,0.0,0.058,0.0,0.686,0.0,0.781,0.0,0.0,0.075,0.0,1.492,2.635,3.69,1.949,2.165,1.082,0.849,0.139,0.596,0.0,0.457,0.0,0.0,0.0,0.139,0.0,0.306,0.0,0.0,0.754,0.53,0.0,0.236,1.044,1.563,2.477,3.443,2.158,1.474,0.626,0.131,0.0,0.157,0.137,0.0,0.482,0.0,0.023,0.0,0.282,0.0,0.522,0.0,0.67,725.7,morning
D0025,2.254,2.9,2.333,2.529,2.411,2.811,2.185,2.128,2.373,2.801,2.752,3.258,3.596,2.616,2.74,2.408,3.923,3.076,3.067,2.153,2.66,2.8,2.38,2.913,3.42,1.916,1.856,1.947,3.102,2.898,2.432,2.587,2.293,3.156,2.681,2.822,3.283,2.97,2.965,3.059,3.367,3.68,3.115,3.117,2.57,2.253,2.788,2.506,1.739,2.194,2.279,2.112,3.046,2.645,3.111,2.69,2.697,2.334,2.857,2.945,2.394,2.812,2.925,3.241,3.217,2.677,3.063,2.674,1.369,2.353,2.979,1.672,2.43,3.055,1.974,2.343,1.792,3.161,2.456,2.592,3.27,3.054,2.458,2.648,3.232,2.774,2.118,3.031,2.343,3.666,2.931,2.349,2.346,1.721,1.999,2.887,3.383,2.669,2.274,2.148,1.949,3.356,2.408,3.523,3.287,1.973,2.552,2.638,2.973,3.028,4.419,2.57,3.112,3.216,2.851,2.805,2.19,2.619,2.723,2.577,2.398,2.744,2.506,2.14,1.614,1.916,2.145,2.427,2.179,2.059,2.032,1.902,2.602,2.088,2.313,2.572,2.107,2.816,2.899,2.233,2.197,2.556,1.923,1.834,2.68,2.506,2.355,2.524,1.251,2.796,2.42,2.769,2.568,2.502,2.443,2.81,2.568,3.14,2.05,2.505,3.628,2.363,2.459,2.083,2.545,1.983,2.16,2.568,1510.7,allday_low
D0026,2.407,1.964,3.338,2.376,2.079,1.581,1.986,2.737,2.941,2.918,2.687,1.843,2.687,1.948,1.85,2.614,2.703,2.814,2.557,2.492,1.728,2.048,1.351,1.074,2.266,1.562,2.272,2.4,1.654,2.241,1.732,1.265,2.227,2.041,2.136,3.297,1.781,2.678,2.072,2.915,2.602,2.578,1.909,1.908,2.588,2.892,2.246,1.571,2.085,2.994,1.925,2.559,1.6,1.956,2.308,2.274,1.826,1.888,2.778,2.944,3.148,3.318,2.58,2.366,3.075,2.729,1.892,1.787,2.393,2.016,2.018,2.458,2.274,2.5,1.01,2.015,2.245,1.288,1.735,1.717,2.181,2.985,3.244,2.041,2.704,2.758,2.694,2.686,2.604,3.167,2.83,1.775,2.529,2.497,2.171,2.484,2.017,1.991,1.934,0.993,1.897,1.674,1.496,2.741,2.398,2.239,2.08,2.541,2.914,2.134,2.517,2.897,1.596,2.382,2.141,2.192,1.945,2.158,2.895,1.829,1.871,2.609,1.444,2.528,1.742,2.58,2.164,2.024,1.925,1.746,2.134,2.571,2.215,2.113,2.155,2.702,2.772,1.867,1.799,2.198,2.641,2.402,1.263,1.659,1.321,1.591,2.413,1.071,1.011,1.405,1.956,2.165,2.151,2.556,1.307,2.702,2.08,2.585,1.672,2.258,2.327,2.687,1.387,2.041,1.466,2.114,2.176,2.357,1279.4,allday_low
D0027,0.0,0.344,0.0,0.66,0.0,0.0,0.0,0.168,0.347,0.419,0.199,0.0,0.529,3.328,0.725,0.0,0.0,0.187,0.785,3.107,3.177,0.0,0.993,2.753,0.0,0.51,0.0,0.827,0.534,0.658,0.504,0.181,0.0,0.19,0.0,0.472,0.616,6.725,0.42,0.669,0.119,0.038,0.466,5.302,6.025,0.0,0.0,6.097,0.675,0.0,0.578,0.036,0.284,0.914,0.639,0.634,1.135,0.0,0.0,0.0,0.162,6.21,0.183,0.031,0.629,0.435,0.006,6.831,7.407,0.0,0.054,5.967,0.0,0.0,0.249,0.0,0.0,0.0,0.292,0.407,0.396,0.221,0.0,0.0,0.032,3.876,0.249,0.857,0.581,0.0,0.52,3.959,3.592,0.597,0.143,3.258,0.423,0.316,0.116,0.202,0.0,0.493,0.199,0.293,0.379,0.0,0.0,0.0,0.473,3.68,0.278,0.385,0.489,0.0,0.189,4.574,4.889,0.663,0.37,3.601,0.577,0.183,0.506,0.0,0.176,0.328,0.365,0.476,0.0,0.0,0.985,1.374,0.455,5.511,0.0,0.483,0.858,0.0,0.198,5.606,6.338,0.099,0.0,6.134,0.705,0.162,0.381,0.0,0.0,0.661,0.373,0.42,0.875,0.0,0.0,0.27,0.0,3.555,0.115,0.0,0.229,0.276,0.62,3.077,3.329,0.343,0.114,2.751,607.3,intermittent
D0028,0.991,0.676,0.597,0.605,0.941,3.595,7.025,9.385,8.718,5.817,2.172,0.672,1.153,0.748,0.212,0.338,0.34,0.401,0.599,1.527,0.472,0.685,0.0,0.168,0.94,0.572,0.0,0.947,2.372,2.795,7.663,8.034,8.929,5.399,1.426,1.18,1.018,0.565,0.651,0.201,0.0,0.698,1.174,0.895,0.0,0.0,0.006,0.0,0.407,0.568,0.0,0.994,1.779,3.446,6.901,8.404,8.358,5.406,2.559,1.15,0.61,0.282,0.517,0.838,0.344,0.529,0.303,0.096,0.622,0.137,0.56,0.399,0.25,0.243,0.198,0.0,1.681,3.797,7.361,9.042,9.36,5.232,2.089,0.532,0.0,1.091,1.005,0.657,0.0,1.202,0.228,0.265,1.033,0.683,1.377,0.498,0.189,0.096,0.0,0.487,1.948,3.778,6.639,8.37,8.184,5.588,2.553,1.006,0.116,0.771,0.0,0.54,1.524,0.0,0.259,0.364,0.159,0.834,0.58,0.436,0.533,0.183,1.623,0.358,0.767,0.892,2.896,4.693,3.227,1.46,1.132,1.058,0.244,0.029,0.0,0.377,0.472,0.0,0.684,0.519,0.683,0.437,0.468,0.408,0.546,0.0,0.0,0.0,0.545,1.652,2.938,4.215,3.92,1.769,1.101,0.01,0.115,0.305,0.0,1.24,0.41,0.0,1.022,0.0,0.214,0.0,0.898,0.107,966.6,morning
D0029,4.291,3.663,2.613,2.276,2.272,0.723,1.399,0.418,0.0,0.497,0.101,1.549,2.452,0.815,0.172,0.142,0.0,0.249,1.916,0.0,1.497,1.394,2.344,3.522,4.14,3.473,2.943,1.657,3.36,0.708,0.212,0.0,0.388,0.229,0.0,2.878,3.034,1.458,0.144,0.078,0.0,0.418,2.725,0.055,0.575,0.302,2.512,2.786,3.756,2.995,2.536,1.631,1.987,0.749,1.011,0.642,0.734,0.95,0.555,1.384,1.831,0.782,0.591,0.0,0.0,0.179,1.756,0.389,1.144,1.762,2.613,3.654,3.544,4.087,2.711,1.142,3.804,1.189,0.621,1.268,0.428,1.447,0.425,3.442,2.79,0.845,0.12,0.054,0.923,0.871,3.914,0.287,0.675,1.239,2.571,4.014,4.975,5.527,3.971,2.13,3.361,1.44,1.354,0.925,0.387,0.276,0.632,3.016,2.417,0.577,0.396,0.225,0.301,0.439,3.034,0.392,0.823,1.097,2.963,4.582,5.758,4.94,3.988,2.271,3.939,0.85,0.509,0.477,0.603,0.265,0.288,3.752,4.149,0.0,0.0,0.0,0.351,0.806,3.238,0.607,1.08,1.248,2.653,4.138,3.476,3.517,2.603,2.294,2.61,0.865,0.0,0.0,0.631,0.0,0.881,1.042,2.209,0.0,0.802,1.774,0.0,0.648,1.049,0.633,0.608,1.357,1.892,3.807,895.5,night
D0030,5.669,4.771,4.549,2.837,0.845,0.578,0.436,0.998,0.492,0.371,0.202,0.269,0.879,0.293,0.114,0.038,0.043,0.0,0.0,1.095,0.635,1.756,1.526,4.297,4.879,4.585,3.772,2.064,0.248,1.031,0.491,0.17,0.0,0.0,0.392,1.018,0.383,0.0,0.393,0.268,0.681,0.57,0.0,0.666,0.276,0.799,2.557,4.226,4.213,5.119,4.035,2.308,0.814,0.176,0.843,0.0,0.774,0.218,0.249,0.0,0.226,0.568,0.0,0.516,0.332,0.007,0.706,0.0,0.884,2.167,3.29,4.217,5.091,4.782,3.76,2.659,0.908,0.992,1.363,0.301,0.0,0.0,0.657,0.281,0.702,0.068,0.682,0.237,0.0,0.133,0.0,1.339,0.725,1.809,2.547,3.793,6.222,6.631,4.482,2.531,1.608,1.012,1.227,0.557,0.667,0.697,0.0,0.0,0.0,0.0,0.731,0.503,0.409,0.0,1.336,0.135,1.853,1.186,3.01,4.173,6.765,5.907,4.439,2.432,1.955,1.142,1.324,0.106,0.492,0.0,0.238,0.155,0.598,0.847,0.835,0.01,0.839,0.376,0.283,0.242,0.718,2.702,3.661,5.467,5.384,6.436,4.688,2.217,1.215,0.589,0.49,0.03,0.525,0.978,0.0,0.0,0.107,0.128,1.223,0.775,0.75,0.211,0.228,0.0,1.16,1.82,3.514,4.396,849.8,night
D0031,0.0,0.676,0.351,0.0,0.025,2.377,5.79,8.522,8.281,6.739,2.968,1.63,0.328,0.139,0.041,0.0,0.922,0.054,0.0,0.0,0.251,1.137,1.285,0.0,0.184,0.0,0.804,0.596,0.676,2.472,4.924,8.494,8.367,6.158,1.787,1.171,1.469,0.968,0.0,0.202,0.0,1.113,0.453,0.0,0.358,0.0,0.0,0.359,0.724,0.0,0.188,0.921,0.31,2.542,5.168,8.539,8.018,5.779,3.372,0.604,0.432,0.166,0.283,0.725,0.592,0.006,0.404,1.014,0.0,0.408,0.256,0.315,0.0,0.979,0.011,0.929,0.683,2.157,5.685,8.215,8.215,6.199,2.858,1.197,0.234,0.778,0.034,1.011,0.201,0.352,0.684,0.354,0.209,0.329,0.745,0.045,0.269,0.332,0.731,0.399,1.728,2.246,4.775,7.303,7.123,5.097,2.599,1.652,0.49,0.134,0.88,1.024,0.891,0.0,0.103,1.142,0.434,0.205,0.649,0.779,0.0,0.254,0.579,0.0,0.439,0.596,1.87,3.242,3.869,2.491,1.053,0.564,0.0,0.36,0.665,0.119,0.063,0.322,0.0,0.396,1.55,0.099,0.101,0.489,0.878,0.577,0.0,0.44,1.542,1.256,1.536,3.234,2.672,2.897,0.765,0.514,0.0,0.0,0.807,0.184,0.0,0.0,0.0,0.0,0.188,0.578,0.0,0.844,832.3,morning
D0032,1.547,2.021,0.268,0.921,1.67,0.482,1.429,1.773,1.315,1.589,2.195,2.335,1.475,1.293,1.128,1.972,0.886,1.344,1.449,1.115,1.406,2.377,1.119,0.937,1.558,1.185,1.708,1.151,0.989,0.33,0.445,0.397,1.451,0.728,1.967,1.472,1.393,1.152,1.822,1.17,1.06,1.993,1.562,1.236,1.569,1.227,1.346,0.765,2.033,0.816,1.761,0.992,1.464,1.463,1.69,0.845,1.764,2.172,1.286,1.474,1.267,1.376,2.312,1.08,1.079,2.183,1.683,2.296,1.078,1.28,0.876,1.197,0.303,1.385,1.206,1.051,0.925,0.73,1.501,0.696,1.511,2.275,2.071,0.781,1.261,1.722,1.511,0.902,1.676,1.454,2.264,1.227,1.806,0.653,0.711,1.458,1.589,0.646,1.071,0.456,1.019,1.509,0.978,1.111,0.772,1.05,2.194,1.491,1.052,1.39,0.823,1.076,2.115,1.394,2.253,1.298,1.264,1.512,0.0,1.225,0.969,1.638,1.389,0.459,1.55,0.902,0.649,1.19,1.061,1.9,1.415,1.405,1.758,1.871,1.741,2.018,1.627,1.388,1.82,1.166,1.167,1.876,1.786,1.016,0.787,1.628,1.315,1.112,0.846,1.169,1.047,0.802,1.21,1.327,1.093,1.719,1.933,1.815,1.264,1.719,1.388,0.756,1.565,1.273,2.319,1.757,1.376,1.132,794.8,allday_low
D0033,0.945,1.294,0.353,1.071,1.226,1.269,1.105,1.295,2.275,1.853,1.358,1.63,1.689,1.382,1.391,2.183,1.513,1.168,1.591,1.608,0.612,1.43,1.794,1.569,2.341,1.879,1.953,2.576,1.678,1.44,1.841,1.197,1.548,1.264,1.789,1.367,1.392,1.914,1.675,0.86,1.046,1.145,1.213,1.742,1.598,1.928,1.742,1.849,1.611,1.41,1.795,1.73,1.507,1.938,0.348,1.317,1.362,2.074,2.317,1.008,2.336,1.201,1.223,1.622,1.558,0.96,1.903,1.861,1.974,1.253,1.385,1.352,2.097,0.04,0.87,1.318,0.849,1.25,1.346,1.152,1.529,1.838,1.504,1.457,1.627,1.724,0.954,1.935,1.498,2.228,1.876,2.082,1.045,1.281,0.844,1.049,1.901,1.985,0.784,1.11,1.303,1.63,0.611,0.727,1.72,0.678,1.409,1.734,1.888,1.664,1.572,2.108,1.83,1.37,1.627,1.727,2.273,1.802,1.95,1.091,0.968,1.078,1.106,0.731,1.773,1.627,1.125,1.592,1.45,1.723,0.844,1.429,1.505,1.836,1.28,0.43,1.044,1.467,1.478,2.157,1.612,1.34,1.248,1.726,0.938,1.121,0.68,1.823,1.38,0.911,1.211,1.533,1.237,1.159,1.155,1.647,1.37,1.351,0.962,1.59,1.45,1.35,1.539,1.736,1.665,1.552,1.155,0.974,821.2,allday_low
D0034,1.369,0.0,0.225,0.0,6.639,0.081,0.634,0.218,7.747,0.191,0.501,0.0,0.0,1.166,0.0,0.207,0.09,0.516,7.437,7.86,0.0,0.0,0.089,0.148,0.0,0.593,0.0,0.896,5.364,0.112,0.421,0.0,5.757,0.0,0.0,0.094,0.014,0.078,0.651,0.0,1.005,0.0,5.192,4.647,0.224,0.003,0.069,0.585,0.853,0.714,0.0,0.261,1.931,0.0,0.0,0.0,2.848,0.0,0.157,0.86,0.683,0.0,0.0,0.385,0.0,0.678,2.148,3.379,0.0,0.591,0.133,0.029,0.0,0.501,0.537,1.036,5.417,0.0,0.0,0.0,6.646,0.0,0.899,0.469,0.381,0.094,0.53,0.226,0.066,0.546,4.812,5.217,0.502,0.204,0.452,0.028,0.0,1.012,0.927,0.629,4.71,0.096,0.853,0.072,5.602,1.073,0.209,1.027,0.0,0.464,1.163,0.244,0.112,0.0,5.286,5.14,0.188,0.0,0.931,0.751,0.162,0.0,0.867,0.011,1.694,0.0,0.0,0.0,2.345,0.511,0.007,0.336,0.0,0.205,1.041,0.019,0.349,0.0,2.838,2.237,0.649,0.121,0.451,0.478,0.058,0.753,0.0,0.611,6.21,0.419,0.053,0.284,7.222,0.373,0.281,0.018,0.237,0.322,0.0,0.203,0.0,1.317,6.749,7.302,0.789,0.0,0.0,0.082,599.6,intermittent
D0035,6.255,5.341,3.183,1.822,0.621,1.157,0.393,1.216,0.058,0.748,0.386,0.266,0.698,0.279,0.0,0.0,0.994,1.011,1.454,1.047,1.505,3.623,5.794,6.583,7.509,6.169,3.392,1.661,0.273,1.231,0.474,0.288,0.63,0.15,0.479,0.0,0.902,0.366,0.935,0.324,0.36,0.0,0.947,0.661,1.868,3.812,5.844,6.268,6.664,5.519,3.006,1.564,0.928,0.478,0.0,0.401,0.861,0.0,0.245,0.0,0.837,0.372,0.031,0.456,0.0,0.0,0.0,0.575,2.697,3.482,5.999,6.66,7.485,4.986,3.37,1.782,1.95,0.848,0.197,0.749,1.399,0.0,0.057,0.33,0.249,0.287,0.0,1.069,0.0,0.393,1.109,1.1,1.762,3.417,6.007,7.086,8.74,5.964,4.424,2.18,1.178,1.332,0.364,0.207,0.282,0.442,0.487,0.154,0.0,0.276,0.69,0.591,1.078,1.465,1.115,1.97,3.011,5.64,8.23,9.419,9.341,6.789,4.216,2.069,1.42,0.389,0.5,0.0,1.327,0.452,0.756,1.207,0.686,1.201,0.0,1.631,1.051,0.705,1.448,0.881,2.652,5.732,6.879,9.634,7.759,6.621,2.817,2.575,0.699,0.393,0.0,0.0,0.641,0.0,0.792,0.161,0.0,0.222,0.611,0.336,0.484,0.822,1.159,1.033,1.848,4.27,6.644,7.161,1172.5,night
D0036,0.958,1.591,0.532,0.562,1.15,1.257,0.729,1.167,1.324,1.397,1.712,1.409,2.423,2.011,1.44,1.834,1.814,2.254,1.374,1.919,1.523,2.111,1.964,1.425,1.182,1.501,1.173,2.029,1.335,1.154,1.176,0.894,1.755,1.205,2.138,1.125,1.816,2.309,0.834,2.7,1.567,1.771,1.901,1.901,1.628,1.888,1.617,2.129,1.535,2.157,1.66,0.461,2.475,1.078,2.056,1.452,1.982,1.264,1.925,1.593,2.469,1.989,2.224,0.818,1.72,1.892,1.744,2.007,1.34,1.462,1.915,0.311,1.565,1.123,0.844,1.425,1.852,1.804,1.322,1.834,1.895,1.535,1.332,1.421,2.135,1.773,1.332,1.033,2.133,1.461,1.792,2.132,0.915,1.419,1.306,1.507,1.858,0.675,1.51,1.737,1.216,1.275,1.571,1.595,1.767,1.827,1.202,2.153,2.283,1.875,1.131,1.74,1.846,1.192,1.482,0.94,1.778,1.514,0.642,1.495,1.145,1.378,0.952,0.785,0.823,0.961,1.253,1.362,1.268,1.226,1.321,2.665,1.236,1.361,3.105,1.802,0.961,1.916,1.07,1.826,1.259,1.098,1.969,1.458,1.608,1.342,0.929,1.421,1.714,1.263,2.056,1.678,1.449,1.53,1.541,0.973,1.542,1.712,1.435,1.764,1.592,1.885,1.778,1.492,0.739,2.102,1.181,1.166,890.7,allday_low
D0037,2.191,2.41,0.742,0.324,0.935,0.014,0.158,0.0,0.611,0.617,0.568,0.478,0.269,0.0,0.0,0.817,0.585,0.0,1.474,1.724,0.54,1.871,2.368,3.693,2.021,1.262,1.024,0.613,0.0,0.576,0.226,0.51,0.167,0.0,0.3,0.0,0.492,0.0,0.662,0.097,0.732,0.0,1.791,2.77,1.588,2.554,2.587,5.631,2.55,2.454,0.761,0.834,0.0,0.0,0.46,0.0,0.435,0.651,0.017,0.0,0.029,0.0,0.197,0.289,0.11,1.022,1.474,2.88,0.586,1.83,3.094,4.995,2.646,2.324,1.446,0.444,0.681,1.137,0.482,0.518,0.565,0.0,0.469,0.0,0.0,1.235,0.148,0.0,0.786,0.0,2.102,3.41,1.138,1.201,2.955,4.99,4.111,2.225,1.98,1.617,0.092,0.261,0.487,0.0,0.425,0.202,0.193,0.325,0.335,0.377,0.034,0.054,0.256,0.316,2.38,3.351,0.524,1.962,3.141,5.646,4.293,2.608,1.646,0.629,0.482,0.0,0.243,0.0,0.185,0.0,0.0,0.969,0.684,0.904,0.935,0.614,0.113,0.0,2.984,3.119,2.515,2.219,4.29,5.988,3.56,2.922,0.838,0.48,0.0,0.0,0.559,0.164,0.275,0.501,0.0,0.83,0.094,0.491,0.53,0.869,0.209,0.0,1.357,1.825,0.688,2.045,2.665,3.67,690.8,intermittent
D0038,2.104,1.221,0.151,0.0,0.21,0.22,0.0,0.264,0.032,0.718,0.155,0.541,0.319,0.347,0.187,0.0,0.186,0.0,1.293,0.013,1.142,2.134,2.968,2.452,2.474,1.817,1.725,0.0,0.0,1.548,0.144,0.0,0.0,0.0,0.371,0.627,0.0,2.419,0.678,0.0,0.0,0.194,2.461,0.519,0.602,2.008,2.527,3.078,2.548,1.819,0.369,0.786,0.203,0.203,0.73,0.0,0.862,0.904,0.593,0.0,0.0,2.715,0.304,0.0,0.789,0.0,2.201,0.879,0.661,1.853,3.076,2.918,3.135,2.312,1.06,0.0,0.0,0.617,0.0,0.102,0.4,0.909,0.0,0.0,0.224,1.693,0.179,0.721,0.0,0.338,1.895,0.479,1.584,2.055,3.064,3.047,3.265,1.877,0.975,1.228,0.691,0.0,0.367,0.0,0.022,0.712,0.224,0.333,0.0,1.249,0.432,0.491,0.722,0.229,1.536,0.178,1.348,1.819,2.428,3.074,3.924,2.148,1.427,0.49,0.0,0.76,0.0,0.058,0.283,0.411,0.0,0.0,0.0,1.967,0.0,0.745,0.0,0.488,2.582,1.258,1.458,2.862,3.339,3.928,2.053,0.73,1.302,0.82,0.604,0.072,0.957,0.075,0.471,0.549,1.055,0.139,0.0,2.04,0.98,0.472,0.493,1.721,3.046,0.128,1.202,1.675,2.694,2.954,562.1,intermittent
D0039,1.847,1.576,1.993,1.889,1.837,2.069,1.882,2.197,2.319,2.145,2.064,2.935,2.098,2.532,2.558,2.082,1.949,2.087,1.941,1.415,1.687,2.015,2.391,2.01,0.543,1.966,1.401,1.881,1.706,1.674,1.775,1.885,2.585,2.063,2.651,2.669,2.613,1.552,2.874,2.15,2.635,1.808,1.629,2.961,1.55,2.411,1.875,1.571,1.692,1.092,1.646,1.19,1.535,2.177,1.936,1.228,2.364,2.068,1.919,2.582,2.238,1.832,3.203,2.349,2.276,2.064,2.694,1.835,1.285,1.59,2.418,2.135,1.598,2.295,1.989,1.557,1.638,1.908,1.447,1.897,2.119,1.312,2.078,2.11,2.775,1.526,2.2,2.14,2.745,2.226,2.971,2.37,1.796,2.003,1.662,2.147,1.113,1.307,1.857,2.229,0.722,2.379,1.758,1.048,0.63,1.383,2.154,2.216,2.598,2.109,1.873,2.17,2.328,2.35,1.808,2.477,1.701,1.504,1.577,2.244,1.482,1.197,1.904,2.474,1.636,2.139,2.105,1.433,1.794,1.287,1.854,1.74,1.9,1.783,2.005,2.36,2.028,1.182,1.611,1.181,1.892,1.932,1.755,1.23,1.652,1.298,0.975,1.843,1.909,2.011,1.365,2.237,1.56,2.159,1.717,1.921,0.992,1.985,2.175,1.936,2.872,1.498,1.693,1.457,1.529,2.17,2.304,1.269,1104.5,allday_low
D0040,5.963,3.35,1.598,1.182,0.877,0.0,0.29,1.155,0.328,1.096,0.718,0.0,0.294,0.368,0.0,0.0,1.13,0.107,1.354,1.491,3.216,5.522,6.678,7.52,5.09,4.176,1.075,1.003,1.014,0.754,0.0,0.0,0.116,0.51,0.0,0.42,0.566,0.299,0.663,0.531,0.208,0.0,0.929,1.259,2.967,5.485,7.585,7.247,6.26,3.328,2.296,1.078,1.183,0.23,0.326,0.904,0.385,0.0,1.574,0.0,0.397,0.582,0.547,0.345,0.369,0.441,0.366,2.655,3.128,5.538,6.797,7.105,6.14,3.502,2.235,0.983,1.192,0.0,0.199,0.047,1.099,0.058,0.703,0.886,0.384,0.0,0.0,0.841,0.0,0.754,0.968,1.951,3.619,5.142,6.894,7.99,7.397,3.846,3.085,0.945,1.015,1.232,0.563,0.994,0.614,1.259,0.066,0.541,0.847,0.459,1.063,0.355,1.508,1.654,1.237,2.405,4.66,6.199,8.287,9.848,8.138,5.202,2.919,0.399,0.754,0.293,0.993,1.017,0.828,0.746,0.0,0.834,0.851,1.128,1.522,0.0,0.427,0.395,1.236,2.256,4.198,7.488,8.767,9.218,6.218,4.258,1.875,1.206,0.625,0.172,0.876,0.448,0.952,0.385,0.462,0.22,0.47,0.794,0.289,0.711,0.136,0.949,0.704,2.259,3.613,6.539,7.2,7.407,1192.5,night
D0041,2.728,1.675,0.07,0.924,0.305,0.277,0.0,1.828,0.113,0.026,0.381,0.591,1.35,0.32,0.831,0.0,0.0,2.363,0.0,1.172,1.762,4.428,4.946,6.102,2.597,2.558,0.854,1.117,0.064,0.077,0.458,1.204,0.645,0.259,0.537,0.635,0.39,0.235,0.0,0.572,0.338,0.874,1.18,0.493,2.824,3.899,4.279,4.675,2.609,2.116,1.358,0.956,0.33,0.0,0.0,3.053,0.0,0.967,0.0,0.242,0.606,0.0,1.041,0.362,0.551,2.199,0.926,1.871,2.05,5.892,3.886,6.481,3.737,1.791,1.342,0.663,0.03,0.497,0.384,0.966,0.283,0.273,0.148,0.377,0.024,1.51,0.0,0.054,0.107,2.047,0.042,1.389,2.31,4.286,4.92,5.68,4.057,2.839,0.671,0.845,0.146,0.325,0.0,1.897,0.0,0.449,0.0,0.0,0.902,0.647,0.9,1.088,0.059,2.575,0.113,1.787,2.441,5.098,5.561,7.184,4.851,2.963,1.63,1.067,0.656,0.665,0.49,1.995,0.0,0.334,0.0,0.518,1.132,0.18,0.451,0.738,0.0,1.565,0.965,0.205,2.333,6.077,5.96,7.034,4.122,2.511,1.585,0.575,0.511,0.093,0.927,2.948,0.975,0.17,0.0,0.928,0.599,0.502,0.069,0.549,0.0,2.753,1.314,2.017,2.656,4.955,4.706,7.671,876.4,night
D0042,0.649,1.489,0.067,0.104,1.758,2.49,5.993,8.646,9.009,6.088,3.027,0.937,1.072,2.204,0.684,0.416,0.0,0.084,0.275,0.13,0.364,1.171,0.932,0.299,0.0,0.975,0.374,0.0,1.528,3.49,4.99,8.305,8.493,6.142,2.59,0.743,0.852,0.182,0.617,0.0,0.0,0.711,0.484,0.786,0.131,0.013,0.983,0.0,0.934,0.968,0.784,0.24,0.84,2.934,5.499,8.243,8.833,6.104,2.349,1.422,0.729,1.072,0.629,0.847,0.586,0.812,0.0,0.316,0.353,0.261,0.571,0.656,0.548,0.294,0.065,1.043,1.365,2.57,5.995,7.891,8.559,5.722,2.563,1.831,0.005,0.71,1.357,0.856,0.357,0.0,0.0,0.186,0.062,0.047,0.224,0.325,0.571,0.0,0.07,0.45,1.059,3.703,5.882,7.516,8.304,5.766,2.624,0.516,1.29,0.0,0.652,0.442,0.623,1.12,0.605,0.101,0.85,0.068,0.426,0.0,0.0,0.191,0.344,0.0,0.767,0.994,3.313,3.746,3.339,2.649,0.857,1.074,0.236,0.108,0.434,0.0,0.0,0.351,0.0,0.0,0.543,0.403,0.0,0.0,0.0,0.949,0.566,0.03,0.742,0.601,2.13,3.518,3.621,2.281,1.24,0.482,0.136,0.024,0.0,0.253,0.333,0.238,0.0,0.0,0.328,0.811,0.217,0.0,914.4,morning
D0043,9.835,8.826,7.374,8.007,7.212,10.0,8.365,8.298,9.139,7.106,8.431,9.262,6.502,8.492,8.141,7.971,8.079,8.605,10.0,6.816,7.136,9.468,8.732,8.298,10.0,9.614,9.788,8.003,7.082,8.302,9.419,8.072,9.569,8.291,7.362,7.396,9.335,9.144,6.867,9.495,6.954,8.253,8.016,10.0,7.596,7.75,8.832,7.223,8.28,7.385,6.872,7.508,9.896,7.464,8.659,8.676,6.855,8.917,5.421,9.067,8.327,7.54,6.334,8.175,9.431,7.081,7.782,8.774,9.345,4.693,10.0,8.537,8.252,8.034,6.47,9.246,7.636,8.673,7.696,8.88,7.941,9.971,6.829,10.0,10.0,10.0,9.217,7.484,9.741,7.844,5.301,10.0,9.523,7.537,6.249,7.154,5.315,9.83,5.037,7.61,6.944,6.181,8.619,7.404,8.852,6.354,6.863,5.508,4.945,10.0,10.0,8.148,7.22,7.986,9.643,7.528,8.523,8.135,7.063,7.528,9.426,7.304,8.868,7.842,7.893,9.902,8.302,10.0,5.286,7.241,9.128,10.0,6.222,8.068,10.0,6.886,8.238,9.177,7.897,10.0,9.139,9.883,7.389,7.539,8.293,6.305,8.871,7.031,6.777,8.852,6.542,8.737,7.125,9.229,7.77,8.095,7.901,8.297,8.448,4.999,9.515,8.724,9.951,8.248,7.174,6.399,8.476,7.638,4815.8,noise
D0044,6.429,8.536,4.541,6.051,6.92,7.31,7.467,6.736,7.64,7.35,8.001,7.428,6.657,7.65,7.926,7.013,7.045,7.826,5.215,8.44,5.985,6.298,6.276,9.707,6.611,6.84,6.86,6.09,6.69,7.245,4.0,8.025,6.609,8.205,7.959,7.677,8.57,6.13,8.134,7.184,6.424,7.516,8.972,7.247,9.219,6.733,8.287,6.316,7.964,8.193,7.604,7.364,6.535,8.404,8.901,7.398,5.343,7.999,7.624,6.854,7.784,6.129,6.825,6.42,9.18,7.425,5.698,5.822,7.7,5.43,5.55,8.227,7.165,7.099,6.777,7.359,7.351,8.522,3.772,6.191,7.841,6.558,6.566,8.277,6.396,8.42,8.202,7.431,7.564,4.516,6.769,4.599,7.625,8.035,8.535,8.97,6.638,9.512,8.332,5.102,6.058,7.21,7.669,5.613,7.557,7.23,6.53,7.593,8.84,8.494,7.461,8.947,5.445,5.421,6.498,7.871,7.7,6.777,6.615,6.496,7.96,6.062,6.397,5.341,6.339,8.485,6.847,7.084,8.805,7.356,8.716,8.523,8.056,5.269,9.679,7.959,6.284,8.59,8.249,9.237,6.863,8.143,5.828,7.558,8.126,6.829,6.397,7.176,6.964,8.17,9.315,5.683,7.596,6.842,7.563,4.801,5.174,6.562,5.292,8.703,7.869,7.411,4.66,4.673,7.454,9.679,6.824,8.307,4186.7,noise
D0045,0.083,0.168,0.0,0.755,0.0,1.083,3.398,6.82,7.773,5.281,4.07,2.09,0.071,0.0,0.273,0.805,1.016,0.0,1.088,0.0,0.134,0.112,0.818,0.884,0.729,0.0,0.695,0.584,0.0,0.6,4.013,6.013,6.72,5.925,3.626,1.446,0.0,1.2,0.758,0.149,0.167,0.462,0.0,0.445,0.0,0.268,0.0,0.0,1.041,0.327,0.4,0.0,0.347,1.738,3.634,5.125,7.391,6.184,4.04,1.188,0.0,0.0,0.0,0.632,0.0,0.098,0.942,0.303,0.703,0.0,0.0,0.947,0.346,0.347,0.0,0.4,0.1,2.065,4.774,6.312,7.012,4.879,2.704,2.183,0.136,0.184,0.601,0.967,0.21,0.118,0.332,0.018,0.042,0.485,0.383,1.259,0.482,0.803,0.0,0.573,0.259,1.632,3.679,5.812,8.016,6.361,3.819,1.753,1.363,0.0,0.907,0.0,0.031,0.538,0.84,0.0,0.054,0.329,0.201,0.669,1.681,0.324,0.0,0.0,0.131,0.266,1.806,2.946,3.076,3.602,1.227,0.614,0.557,0.559,0.713,0.328,0.608,0.0,0.548,0.542,0.816,0.0,0.0,0.505,0.0,0.342,0.599,0.0,0.053,0.129,1.184,2.216,2.612,2.076,1.263,0.466,1.083,0.0,0.277,0.0,0.0,0.0,0.0,0.0,0.203,0.604,0.0,0.0,706.2,morning
D0046,0.125,0.423,0.552,0.392,0.041,0.597,0.0,0.0,0.0,0.146,3.477,0.356,0.0,0.0,0.389,0.0,0.362,0.0,0.163,4.419,0.606,0.219,0.0,0.0,0.433,0.0,0.067,0.0,0.1,0.0,0.0,0.381,0.581,0.0,2.472,0.634,0.415,0.0,0.0,0.183,0.258,0.19,0.066,1.999,0.337,0.359,0.237,0.197,0.962,0.0,0.783,0.0,0.705,0.761,0.074,0.953,0.417,0.0,5.103,0.716,0.621,0.0,0.143,0.298,0.0,1.267,0.311,5.666,0.742,0.042,0.659,0.0,0.0,0.674,0.908,0.0,0.0,0.457,0.0,0.081,0.596,0.0,4.178,0.0,0.206,0.0,0.068,0.0,0.94,1.176,0.0,5.582,0.0,0.063,1.013,0.0,0.031,0.0,0.675,0.0,0.0,0.139,0.0,0.548,0.7,0.0,3.885,0.0,0.739,0.227,0.0,0.0,0.144,0.253,0.0,3.069,0.0,0.0,0.0,0.0,0.004,0.388,0.248,1.082,0.0,0.404,0.196,0.56,0.516,0.119,4.715,0.0,0.469,0.0,0.543,0.183,0.0,0.089,0.122,5.591,1.648,0.742,0.0,0.477,0.444,0.0,0.0,0.112,0.504,0.0,0.0,0.399,0.16,0.778,1.377,1.199,0.0,0.0,0.114,0.0,0.123,0.108,0.053,1.789,0.336,0.0,0.637,0.06,300.2,intermittent
D0047,0.547,0.483,1.309,0.291,1.753,1.226,1.181,0.792,1.667,1.392,1.154,1.617,0.821,0.876,1.119,1.769,1.577,1.999,1.049,1.652,1.272,0.834,1.374,1.125,0.835,1.109,1.013,1.021,0.932,0.567,1.235,0.897,0.864,1.285,1.793,1.61,1.339,1.355,1.909,0.533,1.937,0.684,0.826,1.162,2.3,2.013,1.519,1.315,0.28,1.161,0.824,0.723,1.187,0.942,1.592,0.387,1.357,0.998,1.279,1.664,1.075,1.686,1.528,1.314,1.367,1.457,1.118,1.396,1.198,0.983,1.917,1.341,0.945,1.156,0.609,0.894,0.974,0.593,1.375,1.03,1.163,1.137,2.795,1.229,0.647,0.892,1.965,2.213,1.271,2.102,1.797,1.308,1.206,1.339,1.596,1.333,0.813,1.012,1.963,1.204,1.509,1.397,1.324,1.307,1.727,1.717,1.582,1.215,1.752,1.582,1.485,2.817,0.886,1.958,1.075,1.452,2.479,0.825,0.875,1.146,0.625,1.379,0.724,1.276,0.408,0.226,0.978,0.426,1.874,0.565,0.85,1.56,1.157,0.767,2.379,1.0,1.332,1.28,1.636,1.462,0.819,0.986,0.979,1.376,0.48,1.89,0.623,0.978,0.484,0.455,0.688,0.695,1.004,0.813,1.63,1.022,1.018,1.274,1.908,1.547,1.376,0.729,0.803,0.679,1.779,1.371,0.693,0.785,693.3,allday_low
D0048,0.957,0.046,0.0,0.0,1.876,0.424,0.0,0.205,0.64,0.0,0.009,0.0,0.0,1.288,0.479,0.01,0.0,2.792,2.798,0.0,0.368,0.0,0.0,0.296,0.0,0.468,0.133,0.0,3.194,0.0,0.452,0.028,0.973,0.622,0.0,0.0,0.0,0.0,0.961,0.135,0.56,3.25,3.211,0.125,0.637,0.28,0.0,0.87,0.0,0.0,0.0,0.392,1.473,0.151,0.0,0.0,0.0,0.315,0.394,0.003,0.534,0.071,0.0,0.196,0.0,1.635,0.798,0.0,0.0,0.028,0.831,0.054,0.452,1.221,0.345,0.0,4.074,0.163,0.0,0.0,0.606,0.625,0.0,0.0,0.0,0.432,0.677,1.379,0.0,4.494,4.825,0.0,0.099,0.0,0.0,0.218,0.04,0.694,0.125,0.0,2.137,0.0,0.0,0.408,0.011,0.538,0.0,0.013,0.0,0.553,0.425,0.411,0.816,2.252,2.957,0.0,0.0,0.461,0.0,0.38,0.159,0.596,0.087,0.139,2.013,0.0,0.0,0.327,0.1,0.0,0.076,0.831,0.0,0.0,0.0,0.094,0.409,2.289,1.914,0.543,0.442,0.614,0.556,0.82,0.029,0.0,0.404,0.456,2.064,0.682,0.981,0.384,0.208,0.0,0.244,0.0,0.2,0.13,0.317,0.061,0.526,0.229,1.504,0.646,0.947,0.435,0.863,0.181,316.1,intermittent
D0049,0.851,0.943,0.655,1.413,1.208,1.079,1.034,1.574,1.765,0.977,0.978,2.052,1.057,1.956,2.449,2.438,2.008,1.942,2.571,0.435,1.205,1.729,1.137,1.799,1.185,1.235,1.032,0.94,0.957,1.363,0.94,1.776,1.708,1.98,1.049,0.858,1.674,3.014,2.291,1.46,1.867,1.95,0.942,2.102,1.339,1.306,1.299,1.756,0.863,0.407,1.301,0.256,1.068,1.775,1.549,1.816,1.693,2.57,1.293,1.802,1.478,2.14,1.694,2.483,1.437,2.256,1.824,1.471,1.658,1.465,1.449,1.148,0.887,1.025,0.398,1.554,0.647,1.143,1.58,1.725,0.615,1.444,1.764,1.646,2.28,1.34,0.8,2.074,1.434,0.832,1.486,2.039,0.845,2.398,0.912,1.28,0.655,1.194,1.095,0.505,2.475,1.018,1.066,1.783,2.23,1.993,1.017,1.719,0.829,2.116,0.986,1.348,1.674,1.823,1.44,2.169,1.739,1.637,0.735,2.005,0.721,1.84,1.95,1.288,1.547,0.0,1.072,1.708,1.689,0.788,1.27,0.319,1.694,0.691,2.058,2.071,1.295,1.695,1.304,1.446,0.756,1.492,0.421,0.293,1.028,0.963,1.163,0.765,1.931,1.189,1.265,1.301,1.724,1.596,1.601,1.792,0.687,0.735,1.515,1.45,1.769,1.47,1.664,0.777,1.268,0.609,1.334,0.271,832.4,allday_low
D0050,5.51,2.68,1.521,0.252,0.0,0.497,0.669,0.611,0.683,0.406,0.289,0.0,0.214,0.0,0.032,0.458,0.394,1.949,0.356,1.838,2.888,5.341,6.762,7.253,5.206,3.335,1.629,0.297,0.265,0.272,0.451,0.664,0.306,0.298,0.0,0.655,0.099,0.748,1.005,0.333,0.0,0.563,1.118,1.753,3.275,5.769,7.143,6.717,4.664,3.626,1.478,1.024,0.626,0.0,0.454,0.644,0.699,0.465,0.0,0.986,0.597,0.0,0.058,0.522,0.753,0.351,1.333,1.088,3.06,4.586,6.515,7.551,6.635,3.716,1.637,0.879,0.802,0.0,0.183,1.081,0.0,0.098,0.441,0.562,0.153,0.469,0.709,1.324,0.415,0.583,1.702,1.753,3.129,5.934,7.787,7.417,6.867,3.719,2.303,1.74,0.158,0.457,0.359,0.213,0.638,0.726,0.721,0.087,0.0,0.644,0.3,1.361,1.42,1.624,0.805,2.677,4.901,7.389,8.681,9.358,7.211,4.619,1.739,1.527,0.627,0.801,0.662,0.631,0.528,0.903,0.459,0.0,0.805,0.185,0.0,0.097,0.724,0.717,0.322,2.354,5.232,7.151,9.15,9.633,6.367,4.261,0.778,1.81,0.907,1.601,0.112,0.0,0.461,0.334,0.752,0.941,0.418,0.349,0.694,0.349,0.344,1.1,1.635,2.593,3.846,5.165,7.621,7.295,1164.9,night
D0051,5.249,3.006,1.4,2.576,0.858,0.0,0.17,0.664,0.32,0.95,0.0,0.0,0.636,0.68,0.203,0.471,0.633,0.0,0.124,2.611,3.557,1.91,3.345,3.77,5.45,2.497,1.237,3.109,0.212,0.201,0.0,0.0,0.523,0.435,0.561,0.539,1.23,0.0,0.0,0.0,0.0,0.0,0.485,3.142,3.894,2.662,4.398,3.72,4.503,2.975,0.655,2.184,0.688,0.286,0.213,0.0,0.286,0.742,0.299,0.0,0.0,0.0,0.467,0.446,0.0,0.0,0.631,2.149,3.487,2.095,2.99,3.949,6.51,2.973,1.623,2.746,0.0,0.0,0.0,1.083,0.991,0.48,0.364,0.0,0.204,1.11,0.362,0.05,0.0,0.964,0.432,1.823,2.858,1.992,3.562,4.185,4.925,3.507,1.892,2.182,0.382,1.757,0.09,0.0,0.0,0.238,0.0,0.466,0.0,0.406,0.0,0.163,0.615,1.419,0.042,1.623,2.2,2.682,4.029,5.291,5.105,4.305,2.122,1.272,0.399,0.04,0.716,0.0,0.0,0.079,0.653,0.9,0.967,0.584,0.308,0.704,0.0,0.0,0.744,1.259,2.555,3.258,4.649,5.553,5.414,2.848,1.43,2.082,0.218,0.263,1.492,0.388,0.507,0.0,0.764,0.647,0.65,0.401,0.77,0.878,0.44,0.295,0.876,1.634,2.43,2.663,3.014,4.665,795.9,night
D0052,0.309,0.14,0.297,0.491,1.042,2.645,5.966,6.085,6.124,3.604,1.898,0.022,0.137,0.253,0.773,0.44,0.0,0.071,0.689,0.0,0.255,0.286,0.117,1.504,0.105,0.497,0.0,0.755,1.635,2.729,5.455,6.629,5.702,4.282,1.46,0.0,1.156,0.0,0.18,1.029,0.227,0.217,0.0,0.0,0.216,0.454,0.428,0.074,0.3,0.0,0.534,0.59,2.131,2.997,5.056,7.009,6.069,4.011,1.721,0.11,0.0,0.418,0.914,0.326,0.657,0.746,0.411,0.0,0.378,0.834,0.529,0.627,0.083,0.203,0.274,0.495,1.769,1.937,5.493,6.996,5.599,4.118,1.383,0.516,1.194,0.754,0.55,0.462,0.216,1.19,0.652,0.0,0.0,0.546,0.265,0.0,0.469,0.159,0.55,0.691,0.907,3.128,4.982,6.486,5.666,4.133,1.497,1.261,1.146,0.0,0.0,0.746,0.122,0.0,0.011,0.089,0.86,0.348,0.854,0.498,0.0,0.0,0.4,0.602,1.008,1.229,2.545,3.427,2.625,1.206,0.406,0.196,0.461,0.701,0.0,0.0,0.0,0.488,0.0,0.0,0.0,0.348,0.058,0.0,0.0,0.625,0.0,0.0,1.061,1.231,2.493,2.994,2.471,1.369,1.058,0.794,0.633,0.0,0.704,0.0,0.0,0.04,0.49,0.359,0.001,0.493,0.179,0.0,695.4,morning
D0053,8.271,6.755,9.294,7.043,10.0,6.374,7.291,6.311,5.767,7.312,10.0,7.526,7.375,5.693,6.364,7.386,6.619,7.811,5.379,7.521,8.5,9.929,5.093,7.396,6.644,8.837,5.42,10.0,8.578,7.328,9.775,7.68,8.067,7.065,5.607,7.078,10.0,8.565,7.77,7.14,9.334,5.737,5.365,6.763,10.0,10.0,7.68,6.902,5.441,8.391,7.832,8.939,8.307,7.381,9.021,6.694,8.91,6.206,8.196,8.271,8.75,8.335,6.245,7.043,7.223,5.932,7.443,6.752,9.292,8.631,9.386,8.183,7.271,8.307,9.129,9.103,8.408,6.44,6.066,7.099,4.537,9.949,8.645,6.301,6.734,9.729,6.766,6.32,6.578,8.157,8.578,9.552,9.441,8.373,8.631,7.153,5.471,7.008,7.275,7.539,7.326,7.503,8.597,9.884,4.971,6.895,6.759,9.053,7.934,6.427,8.35,9.757,7.989,6.613,8.158,8.082,8.004,6.589,9.758,8.624,9.09,8.994,8.922,7.47,8.509,8.351,10.0,8.271,8.408,7.785,8.556,7.943,8.877,8.636,9.87,7.88,7.383,7.607,6.871,10.0,6.932,9.104,7.468,7.211,8.11,6.74,6.568,10.0,8.65,9.51,10.0,7.6,8.54,8.045,5.875,8.082,7.505,7.001,7.49,7.312,10.0,6.446,8.997,7.26,6.879,6.963,9.022,8.663,4541.3,noise
D0054,0.0,0.0,0.693,0.0,0.453,0.813,0.118,0.577,0.369,0.182,0.468,0.958,0.0,0.0,0.0,0.577,0.638,0.0,0.0,0.0,2.24,2.021,0.211,0.0,0.633,0.331,0.44,0.248,0.412,0.383,0.0,0.344,0.532,0.696,0.363,0.0,0.0,0.0,0.261,0.121,0.0,0.0,0.0,0.0,4.334,5.566,0.985,0.0,0.232,0.0,0.0,0.0,0.063,0.082,0.278,0.463,0.013,0.181,0.0,0.0,0.0,0.457,0.012,0.0,0.136,0.0,0.912,0.0,4.092,4.386,0.0,0.199,0.397,0.2,0.31,0.0,0.397,0.0,0.305,0.562,0.449,0.305,0.437,0.457,0.821,0.132,0.221,0.567,0.0,0.0,0.37,0.055,2.369,3.222,0.792,0.0,0.646,0.0,0.005,1.014,0.038,0.226,0.529,0.0,0.218,0.214,1.024,0.0,0.014,0.0,0.0,0.693,0.198,0.0,0.0,0.0,4.665,4.453,0.069,0.024,0.0,0.237,0.275,0.0,0.103,1.139,1.122,0.0,0.0,0.0,0.643,0.0,0.275,1.066,0.163,0.485,0.402,0.0,0.644,0.0,4.541,3.789,0.0,0.0,0.0,0.0,0.0,0.081,0.0,0.542,0.377,0.0,0.0,0.081,0.855,0.0,0.0,0.0,0.0,0.324,0.278,0.764,0.655,1.265,4.883,4.944,0.0,0.5,333.6,intermittent
D0055,6.637,5.823,3.73,2.851,2.101,0.136,0.768,0.0,0.682,0.0,0.143,0.0,0.282,0.757,0.0,0.218,0.151,1.106,0.647,0.136,1.039,3.149,4.524,5.467,6.425,5.655,3.795,1.546,0.873,1.261,0.272,0.346,0.445,1.378,0.384,0.872,0.11,0.263,0.385,0.031,0.29,0.794,0.093,0.666,1.57,2.077,4.695,5.914,6.471,4.857,3.869,2.483,1.963,0.891,0.95,0.0,0.324,0.929,0.0,0.814,0.709,0.503,0.232,0.0,1.181,0.678,0.606,0.48,1.269,2.523,4.382,6.211,6.556,5.421,4.3,1.658,1.098,0.442,0.69,1.306,0.0,1.424,0.296,0.557,0.0,0.849,0.419,0.373,0.0,0.449,0.858,0.596,1.849,3.094,4.147,6.925,8.383,7.383,5.203,2.99,0.322,0.729,0.0,1.233,1.201,0.869,0.378,0.031,0.189,1.359,0.173,0.0,0.951,1.179,1.325,1.318,2.14,3.152,4.435,7.527,9.006,7.62,5.302,2.654,1.12,1.675,1.435,0.521,0.635,0.065,0.795,1.298,0.0,0.715,0.749,0.744,1.248,1.442,0.498,1.191,1.707,2.98,5.725,8.143,7.37,6.004,4.277,2.368,0.93,0.848,0.681,0.876,0.038,0.162,1.121,0.348,0.435,0.343,0.932,0.949,0.925,0.45,0.11,1.606,1.776,2.515,5.31,6.293,1171.2,night
D0056,1.785,1.851,2.659,1.165,2.168,1.564,1.039,1.595,1.708,1.293,1.972,2.32,2.042,1.721,1.908,1.963,2.033,2.388,1.954,1.138,1.454,1.723,2.104,2.14,2.322,1.558,1.825,0.845,1.717,1.072,1.57,3.012,1.844,1.381,2.016,1.656,1.503,2.911,2.455,2.12,1.759,1.749,2.526,1.907,0.32,2.738,1.68,1.71,2.012,1.708,1.818,1.308,0.97,1.682,2.242,1.357,1.379,2.319,1.626,1.704,1.767,1.936,1.267,1.722,2.039,1.989,2.353,2.597,2.388,2.06,1.531,1.276,1.531,1.763,1.852,1.779,1.469,1.91,2.165,2.045,1.693,1.394,1.446,1.582,2.051,2.199,1.339,1.738,2.044,1.484,2.027,1.631,1.381,1.673,1.774,1.174,1.414,1.709,1.139,0.753,0.832,1.368,1.005,1.492,2.456,1.149,1.705,2.849,2.119,1.799,1.905,2.158,2.698,1.65,1.491,1.149,1.753,1.016,1.389,1.147,1.854,1.12,1.512,0.627,1.43,0.859,1.247,2.479,1.956,1.535,3.088,1.288,2.266,1.079,1.668,1.162,1.857,1.725,1.51,2.084,1.281,1.631,1.807,0.733,1.034,1.373,1.617,1.989,1.274,1.258,1.045,1.632,1.403,1.469,1.607,1.948,1.488,1.421,1.972,0.407,1.47,1.182,2.19,1.394,1.284,1.462,1.17,1.219,991.1,allday_low
D0057,6.608,4.583,2.504,1.592,0.952,0.0,0.788,0.772,0.864,0.56,0.711,1.408,0.289,0.0,0.0,1.216,1.231,0.065,0.331,1.036,2.887,3.605,5.296,8.265,6.942,5.242,2.931,1.774,0.133,0.15,0.493,0.0,0.289,0.261,0.288,0.177,0.0,0.0,0.49,0.291,0.0,0.509,0.526,0.974,1.366,4.491,5.626,7.318,6.437,4.862,3.542,1.804,1.323,0.677,0.624,0.0,0.282,0.324,0.975,0.197,0.544,0.526,0.946,0.366,0.808,0.0,0.0,0.154,2.69,4.487,6.585,6.985,6.925,5.263,3.841,2.414,1.217,0.707,1.072,0.337,0.273,0.39,0.008,0.37,0.0,0.91,0.693,1.093,0.0,1.363,0.0,0.708,2.187,5.005,6.626,7.585,8.334,5.817,4.373,2.359,1.649,0.854,0.0,0.0,0.752,0.376,0.291,0.046,0.969,0.748,0.768,0.259,0.635,0.012,0.783,0.373,2.28,5.201,8.967,8.505,8.509,6.814,4.827,2.177,1.402,0.553,0.365,0.608,0.271,0.892,0.0,0.967,0.584,0.47,0.0,0.127,1.12,0.547,1.003,1.18,3.102,4.961,8.287,9.887,7.701,5.19,3.205,1.98,0.81,0.458,1.352,0.048,0.959,0.0,0.767,0.791,0.242,0.0,0.0,0.197,0.72,0.049,0.775,0.649,2.491,4.133,6.833,7.874,1154.9,night
D0058,5.062,3.104,0.91,0.691,0.929,0.01,0.981,0.0,0.522,0.762,0.498,0.0,0.0,0.822,0.0,0.736,0.112,0.41,0.0,0.647,1.416,3.254,4.535,5.306,4.354,2.847,1.983,0.508,1.002,0.301,0.16,0.505,0.261,0.0,0.0,0.772,0.333,0.0,0.454,0.045,0.0,0.0,0.947,0.036,1.433,3.207,5.203,5.347,4.195,3.954,1.291,1.091,0.737,0.0,0.621,0.066,0.609,0.0,0.446,0.11,0.813,0.276,0.858,0.526,0.248,0.7,0.854,1.133,0.779,2.71,5.116,4.533,5.226,3.765,1.68,0.127,0.29,1.307,0.0,0.0,0.0,0.859,0.203,0.03,0.948,0.573,0.0,0.0,0.844,0.373,0.0,0.17,1.408,2.77,3.822,4.887,5.433,3.964,3.191,1.121,0.585,0.679,0.285,0.56,0.504,0.433,1.623,0.788,0.0,0.544,0.022,0.58,0.0,0.0,0.789,1.626,2.539,4.413,5.909,6.592,5.874,4.72,2.996,1.267,0.637,1.186,0.4,0.431,0.612,0.35,0.025,0.564,0.377,1.223,0.749,0.128,0.735,0.6,1.251,0.992,2.498,4.159,6.017,6.399,5.343,3.817,2.69,1.075,0.389,0.746,0.0,0.819,0.816,0.894,0.498,0.11,0.378,0.499,0.077,0.93,0.6,0.0,1.399,1.067,1.519,3.129,5.662,6.486,893.6,night
D0059,0.0,0.651,0.0,0.142,0.0,0.709,0.518,0.026,0.0,0.0,0.391,0.219,0.183,0.229,0.476,0.115,0.337,0.0,3.635,0.006,0.226,0.389,0.0,2.536,0.119,0.0,0.318,0.0,0.91,0.478,0.409,0.0,0.0,0.746,1.989,0.659,0.588,0.357,0.0,0.569,0.0,0.0,1.198,0.56,0.095,0.167,0.114,1.297,0.0,0.0,0.0,0.0,0.0,0.409,0.446,0.0,0.015,0.984,0.0,0.341,0.196,0.641,0.282,0.0,0.179,0.185,3.257,0.0,0.708,0.629,0.0,3.226,0.07,0.0,0.0,0.0,0.011,0.0,0.251,0.695,0.55,0.114,0.0,0.494,0.237,0.362,1.043,0.0,0.0,0.0,4.772,0.184,0.0,0.0,0.012,4.079,0.374,0.0,0.0,0.0,0.258,0.159,0.231,0.221,0.108,0.0,0.0,0.0,1.069,0.0,0.0,0.184,0.004,0.623,2.678,0.035,0.507,0.955,0.773,2.808,0.149,0.192,0.237,0.0,0.593,0.264,0.151,0.0,0.199,0.0,0.0,0.0,0.3,1.017,0.429,0.823,0.462,0.678,5.379,0.0,0.0,0.472,0.17,4.729,0.051,0.0,0.892,0.0,0.471,0.398,0.0,0.0,0.0,0.417,0.0,0.124,0.0,1.209,0.195,0.387,0.0,0.0,4.916,0.0,0.288,0.0,0.0,3.846,272.0,intermittent
D0060,0.062,0.165,0.0,0.972,0.357,1.468,2.962,4.68,5.349,4.43,1.979,1.144,1.072,0.33,0.912,0.561,0.269,0.362,0.0,0.336,0.0,0.0,0.291,0.0,0.201,0.268,0.299,0.0,1.029,1.535,3.427,4.178,4.681,3.811,2.08,0.296,0.054,0.0,0.0,0.0,0.142,0.489,0.0,0.163,0.105,0.679,0.0,0.0,0.0,0.0,0.454,0.231,0.649,2.149,3.828,3.976,5.052,3.419,1.436,0.802,0.0,0.876,0.437,0.0,0.0,0.0,0.063,0.0,0.0,0.554,0.779,0.192,0.067,0.401,0.208,0.0,0.331,1.442,3.34,4.721,4.855,2.631,1.943,0.656,1.448,0.043,0.351,1.477,0.291,0.174,0.0,0.892,0.0,0.396,0.0,0.119,0.0,0.799,0.081,0.0,1.157,1.27,3.217,4.86,4.736,2.163,1.874,0.576,0.136,0.158,0.0,0.28,0.0,0.065,0.264,0.677,0.0,0.847,0.62,0.001,0.0,0.0,0.22,0.0,0.821,0.403,1.047,2.228,1.834,1.497,1.183,0.347,0.189,0.19,0.0,0.268,0.164,0.494,0.364,0.001,0.556,0.0,0.203,0.0,0.289,0.0,0.828,1.024,0.643,1.324,0.599,1.247,1.76,1.345,0.568,0.0,0.638,1.056,0.659,0.57,0.183,0.0,0.114,1.029,0.0,0.0,0.58,0.61,508.9,morning
D0061,0.31,0.778,0.0,0.939,1.081,3.6,5.049,6.601,6.464,3.86,1.062,0.629,0.252,0.0,0.246,0.0,0.122,0.388,0.322,0.093,0.24,0.0,0.283,0.304,0.0,0.401,0.422,0.374,2.125,2.49,4.779,6.454,5.768,4.321,1.561,0.482,0.126,0.0,0.0,0.07,0.671,0.367,0.981,0.616,0.514,1.125,0.235,0.307,0.273,0.976,0.305,0.157,1.3,2.186,5.145,6.831,6.12,4.266,1.2,0.811,0.16,1.578,0.349,0.01,0.0,0.866,0.121,0.0,0.43,0.571,0.564,0.287,0.35,0.385,0.456,0.64,1.528,2.579,4.538,6.58,6.544,3.208,1.068,1.15,1.052,0.0,0.325,0.099,0.161,0.416,0.0,0.0,0.143,0.213,0.0,0.634,0.077,0.077,0.416,0.368,1.36,2.006,4.031,6.173,5.922,3.253,1.152,0.782,0.008,0.0,0.7,0.0,0.782,0.277,0.397,0.169,0.0,0.0,0.208,0.428,0.0,0.102,0.0,0.307,0.457,1.484,2.687,3.197,3.179,1.648,2.112,0.0,0.0,0.536,0.464,0.345,0.429,0.0,0.84,0.033,0.686,0.0,0.241,0.0,0.369,0.255,0.286,0.0,0.389,0.94,2.185,3.103,2.55,1.03,0.796,1.47,0.888,0.0,0.14,0.531,0.029,0.0,0.0,0.36,0.0,0.646,0.086,0.0,722.4,morning
D0062,0.021,1.262,0.11,0.0,2.069,4.829,6.853,7.329,4.861,2.113,0.401,1.114,0.125,0.0,0.088,0.0,0.067,0.171,0.605,0.101,0.0,0.0,0.37,0.309,0.029,0.086,0.593,1.559,1.98,4.664,6.931,5.956,4.22,2.011,0.212,0.459,0.305,0.527,0.0,0.281,0.898,1.211,0.852,0.0,0.479,0.059,0.404,0.0,0.0,0.142,0.743,1.063,2.512,4.721,6.682,6.543,4.104,2.066,1.586,0.447,0.31,0.324,0.178,0.08,0.37,0.048,0.211,0.0,0.325,0.539,0.181,0.0,0.544,0.351,0.0,1.281,1.702,5.094,6.474,5.284,4.308,1.846,0.551,0.051,0.233,0.059,0.0,0.848,0.166,0.0,0.0,0.623,0.0,0.336,0.013,0.04,0.0,0.003,0.401,0.992,1.861,4.352,6.575,5.241,4.013,1.499,0.288,0.481,0.031,0.0,0.858,0.676,0.0,0.0,0.529,0.134,0.937,0.54,0.397,0.0,0.346,0.0,0.776,0.61,0.678,2.443,3.934,2.739,2.15,0.718,0.399,0.0,0.131,0.144,0.934,0.0,0.0,0.704,0.015,0.047,0.0,0.0,0.0,0.0,0.0,0.172,0.0,0.157,0.729,1.828,2.362,2.044,1.73,1.292,0.379,0.0,0.061,0.0,0.048,0.0,0.0,0.0,0.0,0.557,0.602,0.0,0.0,0.0,682.4,morning
D0063,6.337,5.969,3.479,1.502,0.852,1.111,0.237,0.824,0.11,0.046,0.687,0.0,0.76,0.548,0.0,0.359,0.148,0.574,1.365,0.673,1.883,3.121,5.001,6.375,6.22,5.507,3.35,1.48,1.411,0.601,0.326,1.0,0.0,0.963,0.0,0.485,0.126,0.0,0.981,1.226,0.295,0.568,0.541,1.618,0.692,3.28,4.663,5.389,6.444,6.187,3.184,2.243,1.494,0.55,0.482,0.0,0.069,0.798,0.417,0.555,0.45,1.377,0.196,1.113,0.455,1.18,0.0,0.922,1.466,3.173,5.541,6.62,7.522,5.352,3.303,1.999,0.991,0.503,0.021,0.958,0.25,1.054,0.418,0.704,0.663,0.041,0.577,1.28,0.53,0.846,0.856,1.024,1.818,3.529,5.611,6.199,8.552,6.761,4.27,2.995,0.89,0.083,0.905,0.0,0.0,0.907,0.57,0.711,0.299,0.0,0.0,0.377,0.0,0.672,0.451,1.156,2.169,4.148,6.602,8.086,8.89,7.247,3.546,2.807,1.341,0.995,0.0,0.387,0.03,0.855,0.0,0.102,0.761,0.237,0.103,0.929,0.953,0.882,1.069,1.015,2.098,3.855,6.73,8.362,7.145,6.221,4.399,2.276,1.869,0.3,0.0,0.763,0.087,0.31,0.0,0.029,0.0,0.238,0.256,0.475,0.997,0.768,0.0,1.206,1.876,3.412,5.535,7.258,1109.3,night
D0064,0.042,0.0,0.36,0.049,0.49,2.988,6.797,8.478,8.18,4.383,2.726,1.04,0.187,0.457,0.436,0.0,0.508,0.897,0.256,0.0,0.278,0.743,0.0,0.619,0.053,0.47,0.134,0.303,1.951,2.509,6.364,9.274,8.408,4.743,1.952,0.66,0.557,0.477,0.0,0.0,0.0,0.277,1.251,0.0,0.0,0.0,0.644,0.34,0.0,0.198,0.032,0.691,2.473,3.391,6.104,8.196,7.495,5.672,2.835,0.788,1.032,0.385,0.709,0.492,0.279,0.0,0.293,0.737,0.13,0.556,0.0,0.709,0.499,0.0,0.287,0.977,0.699,2.661,6.114,9.455,7.797,5.564,2.646,0.733,0.558,0.174,0.199,0.0,0.347,0.763,0.384,0.849,0.619,0.332,0.076,0.139,0.0,0.223,0.434,1.302,1.44,2.597,5.191,7.978,8.06,4.975,2.646,0.867,0.784,0.0,1.064,0.0,0.698,0.218,0.288,0.232,0.455,0.546,0.817,0.974,0.311,0.934,0.216,0.736,0.762,1.167,2.847,4.049,3.63,2.589,1.527,0.439,0.0,0.924,0.028,0.0,0.0,0.01,0.0,0.0,0.0,0.4,1.075,0.53,0.649,0.0,0.202,0.415,0.209,1.066,2.843,3.889,3.27,1.599,0.879,0.0,0.228,0.265,0.022,0.252,0.331,0.259,0.0,0.029,0.328,0.854,0.021,0.391,891.9,morning
D0065,0.898,0.981,0.593,1.621,0.994,4.108,6.489,9.065,7.893,5.662,3.135,0.494,0.408,0.0,0.278,0.0,0.258,1.672,1.129,0.0,0.606,0.716,0.204,0.437,0.481,0.0,0.0,0.636,1.315,2.834,5.786,8.421,8.436,5.247,3.224,0.671,0.568,0.214,0.623,0.005,1.224,0.0,1.128,0.397,0.605,0.957,0.742,0.028,0.627,1.2,0.0,1.512,1.444,2.957,5.742,8.361,7.158,5.095,2.375,0.5,0.818,0.275,0.072,0.21,0.516,0.389,0.041,0.413,0.334,0.0,0.227,0.617,0.614,0.256,0.691,0.118,0.843,3.039,6.818,8.535,7.914,5.976,2.364,1.989,0.251,0.0,0.283,0.244,0.0,1.527,0.5,0.565,0.149,0.096,0.818,0.0,0.0,0.23,0.975,0.362,1.394,3.007,6.42,7.326,7.967,4.928,2.785,0.566,0.468,0.308,0.0,0.0,0.077,0.397,0.0,0.19,0.0,0.172,0.799,0.656,0.121,0.271,0.0,0.982,1.502,1.493,3.93,3.502,3.054,2.057,1.023,1.483,0.09,0.0,0.0,0.673,0.609,0.0,0.0,0.0,0.935,0.47,0.19,1.001,1.024,0.128,0.147,0.0,0.38,0.592,1.787,2.61,3.703,1.41,1.875,0.065,0.974,0.0,0.0,0.72,0.773,0.0,0.0,0.0,0.088,0.191,0.0,0.0,873.5,morning
D0066,5.493,4.974,4.342,1.628,1.415,0.606,0.514,0.025,0.186,0.34,0.108,0.492,0.549,1.32,0.468,0.0,0.868,0.263,1.311,1.252,0.875,2.486,3.466,5.268,6.217,5.749,4.111,2.174,2.208,0.421,0.0,0.0,1.008,0.308,0.414,0.099,0.139,0.0,0.555,0.299,0.54,0.508,0.214,0.0,0.407,3.523,4.399,5.87,5.609,5.253,3.341,1.55,0.826,1.182,0.782,0.0,0.203,0.68,0.086,0.379,0.524,0.519,0.457,0.049,0.097,0.0,0.0,0.538,1.47,1.54,3.856,5.62,5.414,5.418,4.655,2.508,0.31,0.914,0.09,0.686,0.053,0.338,0.12,0.363,0.107,0.261,0.0,0.583,0.443,0.0,0.875,0.543,1.236,2.625,4.089,6.084,7.423,7.172,4.794,2.964,1.575,1.306,0.841,0.254,0.152,0.416,0.096,0.0,0.0,0.0,1.331,0.143,1.297,0.635,0.496,0.078,1.41,3.613,5.472,6.854,7.366,6.567,4.561,3.429,2.189,0.868,0.402,1.17,0.019,0.481,0.665,0.069,0.171,0.136,1.095,1.319,0.511,0.353,0.27,0.787,1.222,2.838,5.164,6.84,6.484,5.748,3.977,2.18,1.555,0.0,1.157,0.455,0.657,0.707,0.062,0.0,0.0,0.27,0.695,0.118,0.657,0.0,0.277,1.181,1.148,2.028,3.853,4.49,964.4,night
D0067,4.704,4.678,4.576,2.719,0.684,0.373,0.409,0.0,0.0,0.264,0.593,0.602,0.73,0.0,0.362,0.215,0.298,0.248,0.081,0.0,1.435,1.953,2.582,5.051,5.552,5.223,3.695,2.683,0.908,0.164,0.931,0.273,0.272,0.648,0.035,0.125,0.473,0.0,0.435,0.0,0.722,0.59,0.564,0.0,0.866,1.275,3.233,3.796,5.059,5.947,4.206,2.282,0.859,0.169,0.512,0.199,1.035,0.253,0.362,0.0,0.173,0.415,0.168,0.117,0.484,1.025,0.443,1.027,1.192,2.293,2.975,4.745,5.981,5.959,4.621,2.633,1.733,0.44,0.844,0.831,0.662,0.415,0.675,0.0,0.444,0.49,0.0,0.568,0.0,0.17,0.417,0.212,1.0,1.935,3.061,5.362,7.007,7.945,5.113,2.592,1.177,1.356,0.355,0.0,0.817,0.243,0.723,0.85,0.553,1.507,0.0,0.061,0.315,1.457,1.292,1.234,0.809,2.001,3.78,5.829,8.342,7.106,5.337,3.604,0.942,0.9,0.069,0.339,0.188,0.161,0.549,0.547,0.349,0.615,0.057,0.755,0.356,0.24,0.146,0.574,2.058,2.378,3.818,6.864,6.18,6.141,4.217,3.289,1.143,1.359,0.0,0.261,1.006,0.449,1.395,0.252,0.489,1.23,0.0,0.0,0.016,0.748,0.0,0.838,1.251,2.912,4.081,5.539,1005.1,night
D0068,0.0,0.024,0.27,0.421,0.0,1.478,3.575,6.148,7.526,5.471,2.58,0.435,0.825,0.0,0.674,0.909,0.0,0.529,0.862,0.739,0.0,0.0,0.0,0.516,0.466,0.0,0.152,0.703,0.693,1.643,3.398,5.425,6.786,5.411,3.266,1.566,0.555,0.812,0.116,0.0,0.495,0.337,0.504,0.0,1.086,0.6,0.15,0.0,0.765,0.0,1.305,0.067,1.401,1.494,4.274,5.571,6.802,5.75,3.288,1.748,0.297,0.357,0.846,0.0,0.538,0.181,0.373,0.318,0.0,0.163,0.345,0.234,0.988,0.735,0.418,0.0,0.256,2.465,3.108,5.953,6.956,5.247,2.539,0.899,0.27,0.0,0.882,0.276,0.044,0.328,0.581,0.125,0.686,0.0,0.807,0.276,0.244,0.0,0.0,0.0,0.252,1.763,2.952,4.91,6.045,4.945,2.685,1.132,0.955,0.865,1.173,0.0,0.0,0.58,0.062,0.653,0.359,0.977,0.735,0.743,0.0,0.082,0.0,0.0,0.944,1.045,1.448,3.243,2.774,1.597,1.799,0.0,0.144,0.236,0.301,0.508,0.387,0.373,0.0,0.258,0.0,0.829,0.0,0.0,0.0,0.0,0.121,0.0,0.766,0.733,1.217,2.3,3.266,2.564,0.683,0.195,0.42,0.287,0.0,0.449,0.0,0.699,0.35,0.0,0.0,0.0,0.184,0.02,663.4,morning
D0069,0.456,0.393,0.587,0.719,2.599,6.297,8.058,7.468,5.057,1.334,1.524,0.832,0.103,0.0,0.0,0.526,0.286,0.637,0.365,0.761,0.492,0.699,0.0,0.0,0.164,0.831,1.312,0.924,2.241,4.275,7.918,7.35,6.624,2.288,1.991,0.814,0.0,0.432,0.673,0.224,0.703,0.693,0.594,0.318,0.0,0.291,0.405,0.0,0.404,0.302,0.0,0.848,2.376,6.023,7.629,8.064,5.24,1.778,1.346,0.181,0.196,0.0,0.359,0.805,0.745,1.04,1.103,0.0,0.0,0.0,0.61,0.014,0.107,0.248,0.637,0.33,1.949,5.155,8.069,7.586,4.936,1.654,1.472,0.146,0.0,0.0,0.0,0.0,0.218,0.0,0.409,0.215,1.326,0.0,0.398,0.404,0.0,0.371,0.788,0.991,3.013,3.917,6.774,7.882,5.438,2.733,1.546,0.0,0.688,0.79,0.013,1.493,0.398,0.0,0.481,0.0,0.834,0.556,0.04,0.986,0.57,0.0,0.141,0.682,0.968,2.169,3.405,2.939,1.377,1.287,0.0,0.0,0.0,0.0,0.339,0.047,0.03,0.0,0.0,0.316,0.123,0.517,0.581,0.033,0.0,0.0,0.142,0.05,0.532,2.093,4.106,2.819,2.116,0.458,0.977,0.585,0.502,0.743,0.0,0.0,0.9,0.415,0.0,0.335,0.0,0.534,0.314,0.0,804.2,morning
D0070,0.576,0.991,0.518,0.436,1.383,3.206,5.079,7.221,7.726,5.603,2.833,2.114,0.162,0.864,0.263,0.0,0.232,0.071,0.577,0.358,0.0,0.979,0.807,1.031,0.424,0.302,0.648,0.166,0.925,2.118,4.01,7.185,7.333,5.379,2.988,1.712,0.118,0.193,0.0,0.0,0.049,0.228,0.58,0.461,0.0,0.899,0.742,0.0,0.868,0.465,0.261,0.587,0.855,2.443,4.752,6.976,6.62,5.725,2.657,1.49,0.716,0.188,0.78,0.409,0.39,0.255,1.074,0.0,0.172,0.0,0.644,0.055,0.105,0.086,0.36,0.0,0.0,2.403,3.716,7.512,8.233,5.414,3.41,1.129,1.219,0.139,0.0,0.281,1.085,0.558,0.085,0.465,0.754,0.278,1.499,0.084,0.752,0.645,0.0,0.213,1.282,2.153,4.586,6.035,7.45,5.343,2.655,1.245,0.29,0.061,0.195,0.092,1.282,0.711,0.0,1.217,0.106,0.314,0.705,0.0,0.036,0.0,0.241,0.358,0.355,0.933,2.58,3.343,3.408,2.536,2.097,0.591,0.0,0.0,0.0,0.0,0.094,0.0,0.301,0.0,0.0,0.418,0.759,0.0,0.236,0.0,0.0,0.0,0.857,0.528,1.5,2.867,3.029,1.842,2.024,0.337,0.251,0.0,0.326,0.683,0.875,0.0,0.622,0.374,0.565,0.085,0.043,0.548,832.5,morning
D0071,0.261,0.0,0.0,0.148,0.0,1.252,1.653,4.468,6.829,7.837,4.943,2.845,1.147,0.879,0.716,0.296,0.0,0.205,0.3,0.438,0.0,0.822,0.315,0.0,0.103,1.177,0.61,0.797,0.0,0.576,1.936,4.777,6.959,7.074,5.052,2.284,0.978,0.973,0.0,0.467,0.93,0.227,0.071,0.725,0.0,0.299,0.0,0.0,0.241,0.0,0.305,0.827,1.26,0.928,2.701,4.874,6.865,6.428,5.948,2.169,1.682,0.714,0.0,0.452,1.269,1.0,0.078,0.0,0.354,0.235,0.849,0.642,0.0,0.516,0.23,0.342,0.538,1.425,2.683,4.357,7.011,7.093,4.459,2.592,1.889,0.0,0.322,0.286,0.439,0.0,0.0,0.0,0.908,0.0,0.084,1.256,0.0,0.448,0.774,0.766,0.0,0.521,2.267,5.327,6.343,6.708,5.144,2.788,1.312,0.068,0.077,0.393,0.862,0.186,0.284,0.0,1.132,0.363,0.779,0.307,0.177,0.0,0.0,0.71,0.227,0.492,0.447,1.706,3.645,4.066,2.068,1.491,0.562,0.158,0.983,0.0,0.697,0.311,0.131,0.756,0.27,0.096,0.76,0.701,0.665,0.0,0.322,0.225,0.155,0.629,1.014,2.183,2.694,3.592,2.437,1.301,0.646,0.71,0.593,0.074,0.569,0.202,0.986,0.618,0.0,1.172,0.0,0.41,770.5,morning
D0072,1.479,1.688,1.466,1.67,1.689,1.537,2.047,2.162,1.607,1.384,2.345,2.512,2.656,2.611,3.083,2.812,3.533,3.668,1.413,1.141,2.052,2.213,1.891,2.192,1.715,1.495,1.543,1.717,2.216,1.656,1.795,2.243,1.966,2.633,1.791,1.761,2.464,2.545,1.986,2.968,3.194,1.99,2.874,1.058,2.54,1.6,2.365,1.443,1.806,1.443,1.691,2.631,1.788,2.825,1.752,2.657,1.324,2.001,1.963,2.965,2.411,1.423,1.786,1.907,2.748,2.635,2.069,1.883,2.378,1.478,2.131,2.043,1.713,1.986,1.833,2.031,1.236,2.152,2.387,2.13,2.326,2.081,2.606,2.302,1.811,2.732,1.64,2.49,2.154,2.071,2.282,1.811,2.286,2.012,1.648,2.478,1.929,2.091,2.425,2.438,2.097,1.739,1.282,2.079,2.548,2.289,0.655,2.664,2.747,2.227,2.82,2.645,2.019,2.845,1.634,2.104,1.985,1.615,2.062,2.465,2.214,1.952,0.845,1.026,1.728,1.672,1.509,2.645,1.898,2.161,2.429,2.07,3.261,1.703,1.865,1.702,2.798,2.406,1.739,1.528,2.473,1.95,2.367,1.661,1.883,1.762,1.327,1.562,1.12,1.91,2.075,2.233,2.15,1.859,2.683,2.447,2.719,2.78,2.081,2.301,2.443,1.528,1.477,1.332,1.801,1.637,1.087,1.755,1205.7,allday_low
D0073,0.611,0.093,0.701,0.447,0.542,1.107,3.483,7.036,10.0,9.303,6.71,3.056,1.276,0.401,0.0,0.151,0.091,0.0,0.0,1.127,0.572,0.236,0.585,0.0,0.533,0.981,0.355,0.0,0.464,2.07,3.808,6.478,10.0,8.509,5.779,2.285,0.619,0.335,0.71,0.988,0.232,0.0,0.621,0.634,0.514,0.53,0.355,0.45,0.324,0.888,1.412,0.524,0.647,1.61,3.396,7.46,9.875,8.884,6.294,2.761,0.649,0.697,0.53,0.84,0.78,0.357,0.193,0.407,0.569,0.623,0.541,0.365,0.854,0.103,1.525,0.786,0.143,1.578,4.04,6.959,9.004,8.605,6.132,1.963,0.433,0.78,0.323,0.094,0.183,0.0,0.624,0.043,0.165,0.562,0.29,0.089,0.0,0.551,0.425,0.188,0.151,1.426,3.724,6.804,9.93,8.936,5.546,2.947,1.053,0.532,0.986,0.0,0.396,0.921,0.525,0.219,0.0,0.0,1.32,0.524,0.0,0.34,0.0,0.05,0.0,0.037,0.714,2.483,4.814,3.639,2.89,1.669,0.496,0.108,0.25,0.0,0.724,1.027,0.835,0.0,0.0,0.184,0.391,0.0,0.0,0.75,0.0,0.0,0.0,0.774,1.107,2.955,3.43,2.844,2.996,1.28,0.284,0.0,0.829,0.429,0.678,0.0,0.185,0.343,0.0,0.119,0.0,0.342,932.6,morning
D0074,3.201,2.664,0.623,0.959,0.62,0.192,0.341,0.0,0.0,0.0,0.371,0.0,0.0,0.0,0.135,1.125,0.147,1.92,0.655,0.383,0.537,3.5,4.203,2.734,2.797,2.34,2.168,0.885,1.124,0.0,0.92,0.467,0.0,0.479,0.0,0.265,0.031,0.19,0.674,0.483,0.0,1.778,0.406,0.534,0.337,4.124,4.708,2.329,2.514,2.373,1.586,1.581,0.993,0.347,0.56,0.605,0.257,0.411,0.497,0.449,0.0,0.0,0.1,0.0,0.0,1.618,0.42,0.0,0.512,2.268,3.281,2.104,2.392,2.851,1.146,0.972,0.437,0.298,0.387,0.971,0.0,0.641,0.0,0.874,0.0,1.343,0.071,0.828,0.736,1.497,0.12,0.007,1.013,2.634,3.38,2.98,3.219,3.01,2.261,1.004,0.476,1.109,0.229,0.133,0.211,0.493,0.0,0.481,0.404,0.0,1.096,0.946,0.0,1.513,0.434,0.0,1.401,3.174,5.231,2.934,3.708,3.845,2.142,1.451,1.198,0.165,0.0,0.0,0.543,0.455,0.758,0.157,0.0,0.0,1.571,0.517,0.343,1.323,0.0,0.095,1.585,2.812,3.256,2.875,2.934,2.62,2.862,1.055,0.086,0.353,0.413,0.0,0.448,0.811,0.329,0.0,0.029,0.0,0.206,0.407,0.0,3.09,0.661,0.0,0.0,3.017,5.179,3.29,698.8,night
D0075,0.577,0.0,0.556,0.579,0.0,0.0,0.208,0.135,0.814,0.503,0.156,4.415,0.0,0.0,0.317,0.689,0.277,0.843,0.578,0.0,4.401,0.371,0.0,0.876,0.0,0.288,0.477,0.005,0.0,0.112,0.511,0.0,0.0,0.664,0.326,2.4,0.488,1.127,0.648,0.0,0.357,0.0,0.0,0.0,1.964,0.391,0.116,0.0,0.0,1.135,0.331,0.0,0.393,1.17,0.464,0.0,1.378,0.0,0.092,3.501,0.0,0.313,0.0,0.144,0.701,0.0,0.0,0.122,4.17,0.0,0.0,0.418,0.417,0.0,0.0,0.211,0.0,0.23,0.81,0.122,0.0,0.326,0.069,2.054,0.363,0.46,0.165,0.122,1.078,0.689,0.524,0.208,1.83,0.656,0.214,0.0,0.104,0.0,0.689,0.521,0.295,0.194,0.0,0.0,0.0,0.0,0.0,5.661,0.579,0.156,0.848,0.0,0.153,0.191,0.705,0.261,6.024,0.0,0.0,0.707,0.0,0.758,0.379,0.0,0.0,1.007,0.789,0.1,0.215,0.0,0.215,2.077,0.119,0.969,0.111,0.0,0.0,0.211,0.0,0.265,1.833,0.465,0.0,0.175,0.01,0.936,0.24,1.038,0.415,0.804,0.069,0.318,0.711,0.57,0.402,2.689,0.091,0.675,0.768,0.0,0.0,0.0,0.536,0.0,3.422,0.408,0.0,0.866,280.9,intermittent
D0076,3.876,4.212,3.269,2.278,0.95,0.427,0.15,0.012,0.787,0.66,0.0,0.0,1.87,1.283,0.0,0.24,0.353,0.267,0.122,0.904,2.504,1.432,2.206,3.51,4.75,4.79,4.502,2.841,0.98,1.058,0.733,1.191,0.0,0.553,0.0,0.532,1.188,0.517,0.0,0.658,0.394,0.372,1.194,0.201,1.758,1.085,2.018,4.095,4.067,3.937,4.299,2.156,0.559,0.344,0.0,0.0,0.143,0.271,0.833,0.585,1.595,0.0,0.7,0.928,0.48,0.494,0.0,0.848,2.456,1.186,1.662,3.024,4.077,4.267,3.944,2.551,1.808,0.885,0.052,0.124,0.074,0.239,1.13,1.202,2.102,0.376,0.0,0.421,0.0,1.059,0.0,0.571,1.692,1.097,2.34,3.732,5.116,5.683,4.102,3.026,2.072,0.998,0.274,0.277,0.832,0.0,0.0,0.64,1.195,0.0,0.977,0.0,0.28,0.094,0.255,0.063,2.109,1.363,2.892,3.666,6.338,4.726,3.889,3.842,1.916,1.05,0.739,0.688,0.537,0.0,0.764,0.693,2.785,1.19,0.545,0.0,1.194,0.0,0.569,0.376,2.401,1.725,2.677,4.353,4.115,4.575,3.49,2.455,1.366,1.578,0.338,0.0,0.964,0.534,0.272,0.134,1.041,1.203,0.354,0.0,0.479,0.876,0.418,0.005,1.38,0.739,2.824,3.404,798.3,night
D0077,0.984,0.0,3.063,0.208,0.652,0.536,0.0,0.429,0.634,0.173,0.071,0.0,0.489,0.276,0.0,0.035,0.251,2.507,0.183,0.0,0.789,2.812,2.512,0.0,0.669,0.457,3.754,0.595,0.593,0.294,0.092,0.018,0.396,0.835,0.16,0.87,0.374,0.377,1.288,0.95,0.961,3.703,1.193,0.169,0.104,3.16,4.58,0.0,0.422,0.0,6.0,0.486,1.264,0.0,0.935,0.0,0.332,0.0,0.036,0.006,0.0,0.0,0.039,0.29,0.762,5.901,0.763,0.0,0.043,6.188,6.456,0.0,0.69,0.031,6.372,0.489,0.273,0.035,0.019,0.0,0.092,0.765,0.38,0.701,0.502,0.0,0.0,0.0,0.0,7.137,0.711,0.707,1.265,7.26,8.887,0.986,0.152,0.47,6.651,0.23,0.195,0.0,0.0,0.288,0.0,0.0,0.447,0.0,0.62,0.474,0.077,0.228,0.0,7.111,0.341,0.375,0.483,6.602,6.718,0.688,0.567,0.016,6.268,0.823,0.769,0.003,0.0,0.0,0.116,0.915,0.0,0.0,0.0,0.017,0.252,0.0,0.745,6.699,1.372,0.0,0.972,7.507,7.206,0.079,0.0,0.0,4.512,0.233,0.0,1.256,0.107,0.253,0.0,0.104,0.063,0.223,0.217,0.586,0.326,0.541,0.219,5.116,0.115,0.675,0.369,5.027,5.389,0.175,705.8,intermittent
D0078,4.193,3.806,2.571,0.365,1.104,0.13,0.44,0.0,0.481,1.462,0.371,0.107,1.518,0.0,0.966,0.455,0.0,0.0,0.422,2.582,2.309,2.785,3.489,3.985,4.152,4.222,1.563,0.86,1.061,0.5,0.0,0.75,0.768,0.462,0.037,0.106,1.685,0.0,0.91,1.078,0.21,0.495,0.947,2.968,3.449,1.502,3.387,4.628,4.141,4.239,2.923,0.824,0.56,0.067,0.246,0.216,0.744,0.0,0.0,0.0,1.164,0.019,0.398,0.0,0.0,0.0,0.0,1.918,2.563,2.594,3.085,4.243,4.354,3.985,2.235,1.724,0.144,0.399,0.087,0.0,0.295,1.105,0.0,0.268,0.898,0.0,0.0,0.123,0.147,0.247,0.0,1.746,2.942,1.794,3.561,4.774,5.194,4.516,2.084,1.893,0.945,0.513,0.904,0.228,0.094,0.99,1.2,0.06,0.99,0.842,0.337,0.64,0.728,0.148,0.69,1.582,1.829,2.444,4.189,6.016,6.224,4.894,3.091,1.748,0.943,0.696,0.633,0.0,0.037,0.0,0.89,1.137,0.362,1.096,0.431,0.849,0.625,1.071,0.621,1.328,2.734,3.251,4.584,6.141,4.795,3.527,1.921,1.124,0.772,0.0,0.0,0.0,0.048,0.864,0.0,0.642,2.108,0.979,0.385,0.712,0.0,0.0,0.45,1.467,2.464,2.259,3.986,4.941,856.9,night
D0079,0.05,3.135,0.955,0.097,0.0,0.625,0.236,0.849,0.281,0.162,0.858,0.0,0.0,0.0,0.0,0.564,0.0,0.579,0.347,0.445,2.929,2.892,3.267,0.585,0.163,3.854,0.0,0.278,0.0,0.153,0.078,0.0,0.318,0.435,1.07,0.527,0.903,0.0,0.0,0.179,0.572,0.501,0.731,0.0,4.491,4.206,3.349,0.511,0.259,4.178,0.633,0.377,0.0,0.119,0.0,0.475,0.812,0.0,0.0,0.0,0.0,0.369,0.0,0.477,0.662,0.679,0.0,0.807,4.433,4.594,3.814,0.0,0.0,4.314,0.202,0.578,0.785,0.0,0.179,0.15,0.0,0.528,0.36,0.26,0.358,0.474,0.469,0.0,0.6,0.311,0.001,0.302,4.683,5.163,4.193,0.793,0.246,6.91,0.0,0.0,0.0,0.541,1.127,0.0,0.0,0.574,0.215,0.611,0.19,0.0,0.134,0.0,0.0,0.663,0.772,0.869,6.915,5.923,6.633,0.832,0.937,5.997,0.1,0.0,0.188,0.213,0.911,0.309,0.214,0.239,0.386,0.488,0.0,0.0,0.823,0.0,0.943,0.0,0.0,0.644,5.068,4.642,5.412,0.236,0.082,3.534,0.164,0.0,1.275,0.072,0.012,0.0,0.979,0.0,0.341,0.072,0.0,0.0,0.322,0.0,0.296,0.958,0.256,0.0,3.212,3.581,3.541,0.248,598.8,intermittent
D0080,0.0,0.819,0.869,0.416,0.281,1.055,1.869,3.323,6.891,7.585,6.007,2.486,1.248,0.604,0.368,0.355,0.317,0.395,0.633,0.849,0.0,0.222,0.11,0.045,0.0,0.311,0.517,0.242,0.387,0.963,2.599,4.059,6.11,7.142,6.206,2.293,1.439,1.014,0.0,0.488,0.572,0.18,0.009,0.034,0.152,0.164,0.079,0.145,0.836,0.0,0.0,0.855,0.305,0.6,1.914,4.342,6.402,7.411,4.925,2.679,0.149,1.02,0.25,0.604,0.515,0.547,0.296,0.475,0.0,0.0,0.254,0.0,0.941,0.469,0.0,0.19,0.451,0.744,2.087,4.279,6.012,6.215,5.19,3.067,0.983,1.049,0.308,0.914,0.818,0.773,0.0,0.308,0.85,0.422,0.549,0.0,1.148,0.0,0.0,0.138,0.0,0.248,3.017,3.865,5.663,6.835,4.686,3.063,0.688,0.59,0.0,1.457,0.512,0.219,0.153,0.036,0.0,0.0,1.04,0.036,0.0,0.0,0.553,0.027,0.116,0.875,0.534,2.196,2.686,3.492,2.235,1.158,0.885,0.558,0.074,0.0,0.855,0.4,0.0,0.0,0.596,0.187,0.061,0.187,0.272,0.094,0.662,0.691,0.396,0.928,0.79,2.01,3.107,3.332,2.555,1.41,1.339,0.0,0.062,0.025,0.0,0.0,0.739,0.0,0.196,0.0,0.399,0.0,711.2,morning
D0081,5.687,4.944,2.631,1.189,0.837,0.72,1.023,0.0,0.188,0.859,1.218,0.0,0.0,0.502,0.07,0.0,0.444,1.049,0.0,1.37,1.1,2.738,4.887,5.579,5.476,4.907,2.922,1.869,0.735,0.865,0.0,0.0,0.0,0.305,0.0,0.019,0.0,0.996,0.0,0.0,0.446,1.111,0.379,0.678,1.939,2.977,4.363,5.171,5.815,3.972,2.719,2.279,1.413,0.674,0.0,0.0,0.025,0.253,0.0,0.219,1.126,0.511,0.429,0.0,0.0,0.0,0.0,0.73,1.531,2.148,4.238,6.094,6.802,5.185,3.087,2.058,1.481,0.0,1.051,0.11,0.109,0.189,0.493,0.0,0.22,0.585,0.447,0.521,0.207,0.684,0.931,1.183,1.626,3.148,4.795,6.939,7.716,5.817,3.422,1.971,0.907,0.84,0.15,0.966,0.0,0.0,0.361,0.043,0.0,0.135,0.079,0.427,0.148,0.207,0.549,1.346,2.398,3.366,5.432,6.86,7.696,6.287,4.596,1.33,0.997,0.789,0.474,0.026,0.0,0.803,0.1,0.0,0.826,0.647,0.388,0.029,0.394,1.017,0.0,0.224,1.529,3.431,5.338,7.533,6.723,5.219,3.585,1.939,0.923,0.0,0.0,0.0,0.301,0.472,0.0,0.4,0.0,0.0,0.086,0.0,0.644,0.316,0.846,0.574,1.327,3.712,3.904,6.615,1006.5,night
D0082,7.546,6.58,4.746,2.606,1.036,1.278,0.183,0.449,0.0,0.46,0.0,0.0,0.397,0.922,0.644,0.675,0.39,0.31,0.878,0.497,1.767,3.291,4.383,6.47,7.445,6.237,4.709,3.448,0.992,1.375,0.336,1.414,0.142,0.381,0.036,0.136,1.048,0.659,0.909,0.0,0.743,0.024,0.0,0.858,1.495,2.759,5.085,7.175,8.352,6.362,5.596,3.71,1.298,0.028,0.0,0.255,1.355,0.454,0.168,0.137,0.0,0.839,0.405,1.391,0.731,0.834,0.413,0.259,0.999,2.119,5.171,6.609,8.547,7.342,5.062,2.495,1.679,0.724,0.966,0.167,0.751,1.209,0.593,0.824,0.728,1.325,0.638,0.786,0.457,0.138,0.007,1.362,1.015,3.223,5.213,7.572,9.596,8.458,6.457,3.526,1.315,1.868,0.322,0.144,0.464,1.134,0.0,1.096,0.16,0.689,0.266,1.466,0.629,0.27,0.532,0.999,1.858,3.692,6.084,8.046,10.0,9.47,6.259,4.119,1.964,0.941,1.245,0.0,0.294,1.15,1.418,1.623,0.617,0.801,0.962,1.169,0.738,1.031,0.903,1.235,1.442,3.499,6.114,8.508,7.802,7.473,5.348,3.228,1.875,0.95,0.474,0.102,0.893,0.45,0.3,0.412,0.166,0.257,0.242,0.366,0.793,0.695,1.276,1.379,2.427,3.291,5.535,7.316,1322.8,night
D0083,1.682,0.411,1.154,0.577,1.502,1.594,1.302,1.671,1.168,2.227,1.615,0.927,1.406,1.333,1.299,0.656,1.548,0.708,0.143,1.067,0.824,0.723,0.0,0.642,0.917,0.687,1.131,1.599,1.227,1.487,1.563,0.652,1.362,1.67,1.083,0.976,1.613,0.735,0.922,1.102,1.577,1.43,1.744,0.807,0.725,1.346,0.704,0.754,0.16,1.104,1.651,0.51,1.455,0.998,0.269,0.708,0.734,1.079,1.468,2.164,0.73,1.184,1.008,0.831,1.417,1.333,0.463,1.23,0.622,1.116,1.635,1.234,1.075,0.735,0.987,1.226,1.204,0.981,1.162,0.518,0.834,1.54,1.658,1.374,2.04,1.63,1.306,0.853,2.022,1.679,2.089,2.197,0.585,0.533,0.0,1.438,1.291,1.017,0.405,0.933,1.078,1.377,1.187,1.409,1.108,1.754,1.564,0.798,1.999,1.953,1.621,1.528,2.121,0.597,1.838,1.008,1.657,1.165,0.504,0.802,1.355,0.781,0.582,0.593,1.185,1.71,0.0,2.26,1.139,1.361,0.955,1.197,1.323,0.789,0.908,1.795,0.538,1.397,0.985,0.667,1.935,0.57,0.449,0.839,0.55,0.878,0.931,0.981,0.84,0.607,1.247,0.949,0.825,1.766,1.097,1.69,1.789,1.841,1.581,1.261,1.208,1.089,0.176,1.423,1.158,1.371,0.905,1.222,631.3,allday_low
D0084,0.147,0.0,0.0,0.7,1.201,2.341,5.762,4.924,3.158,1.595,0.691,0.255,0.812,0.173,1.042,0.012,0.399,0.667,0.745,0.797,0.085,0.204,0.0,0.119,0.699,0.619,0.235,1.314,1.22,2.664,4.406,4.435,3.925,2.027,1.043,0.147,0.2,0.0,0.376,0.251,0.0,0.16,0.091,1.001,0.0,0.356,0.0,0.0,0.332,0.121,0.271,0.699,1.17,3.384,4.479,4.897,3.808,1.999,1.059,0.476,0.437,0.062,0.0,0.0,0.0,1.0,0.0,0.744,0.0,0.741,0.0,0.101,0.862,0.537,0.122,0.0,0.797,3.611,4.46,4.908,3.773,1.31,0.952,0.145,0.358,0.0,0.0,0.015,0.495,0.384,0.221,0.611,0.115,0.232,0.0,0.637,0.329,0.0,0.0,1.019,0.988,2.869,5.444,5.054,4.188,1.56,1.212,0.329,0.38,1.108,0.071,0.205,0.0,0.596,0.0,0.657,0.0,0.443,0.0,0.525,0.087,0.0,0.0,0.0,1.004,0.872,1.957,2.379,2.366,0.849,0.237,0.273,0.0,0.0,0.0,0.0,0.0,0.479,0.21,0.156,0.0,0.129,0.325,0.0,0.283,0.0,0.153,0.734,1.111,1.792,1.975,1.99,1.256,0.0,0.0,0.058,0.042,0.719,0.674,0.0,0.451,0.0,0.39,0.445,0.642,0.0,0.539,0.0,574.0,morning
D0085,0.566,1.28,2.045,1.263,1.804,1.536,2.046,1.713,1.274,1.791,2.557,2.126,1.903,3.004,2.523,2.357,2.098,2.231,2.18,0.783,1.871,1.554,1.343,1.432,0.782,0.643,1.996,1.663,0.397,1.261,1.964,1.501,2.254,2.238,1.226,1.838,1.753,1.364,1.347,1.627,1.667,2.03,2.307,1.996,2.031,1.507,1.84,1.453,1.284,2.308,0.386,0.612,1.655,1.401,0.922,1.152,1.277,2.167,2.382,2.64,1.24,1.374,1.355,2.569,2.143,1.938,1.94,1.74,1.189,1.857,1.484,0.98,1.741,1.263,1.537,1.399,1.884,1.619,1.171,1.771,1.853,1.995,2.303,1.625,2.256,1.213,1.947,1.866,2.607,1.832,2.11,0.972,1.535,1.246,2.682,1.22,1.516,1.512,0.72,1.218,1.665,1.559,0.533,1.371,2.153,2.03,2.385,1.459,2.531,1.969,2.718,1.991,1.034,2.284,1.637,1.596,1.039,2.357,1.334,2.229,1.14,0.892,1.885,1.276,1.306,0.791,1.205,1.657,0.939,1.346,1.464,1.742,2.425,1.655,1.49,3.026,1.565,1.626,1.492,1.464,1.559,1.878,1.593,1.853,1.804,1.403,1.461,1.808,0.834,2.492,1.181,1.306,0.979,1.057,2.092,2.734,1.504,1.947,1.9,2.24,2.758,2.397,1.546,1.827,1.807,1.455,0.918,1.009,1015.0,allday_low
D0086,1.355,1.75,0.425,1.01,2.146,1.409,0.813,1.43,1.902,0.366,1.661,1.477,0.957,1.766,1.679,1.718,1.539,1.185,0.927,1.201,1.829,1.482,1.29,0.806,1.07,1.543,1.419,0.996,0.063,0.97,1.104,0.969,1.256,1.879,1.565,2.09,1.017,1.592,0.868,1.537,1.225,2.221,1.766,1.969,1.249,0.918,0.848,1.394,2.052,1.396,1.023,1.126,1.224,2.186,1.876,1.494,1.492,1.647,1.804,1.459,1.316,2.194,1.751,2.156,2.437,1.879,1.743,2.952,1.535,0.887,1.194,1.972,0.655,0.872,1.69,1.089,1.188,1.757,0.998,0.716,0.817,1.774,1.698,1.333,1.175,1.607,2.243,1.353,1.398,1.109,1.416,1.664,2.394,1.475,1.297,1.662,1.551,0.951,2.228,1.2,1.344,1.522,1.476,2.064,1.177,1.864,1.655,2.087,1.599,1.571,2.07,1.89,1.327,2.25,1.911,1.478,1.231,1.541,1.618,0.557,1.283,1.383,0.014,1.178,1.427,1.408,1.55,1.092,0.83,0.551,1.915,1.797,2.052,1.23,1.928,0.88,1.135,1.537,1.722,2.116,1.19,0.85,0.776,0.837,2.113,1.43,1.573,0.982,1.113,1.461,0.961,1.109,0.994,1.159,1.445,1.111,1.655,1.684,1.486,1.184,1.574,1.253,1.444,1.855,0.734,2.218,1.156,1.332,816.4,allday_low
D0087,0.117,0.036,0.177,0.511,0.558,1.096,2.42,4.888,6.837,6.743,4.498,2.306,0.767,0.559,0.231,0.0,0.197,0.126,0.0,0.039,0.355,0.0,0.0,0.991,0.0,0.212,0.0,0.0,0.391,0.669,2.998,5.842,7.423,6.997,3.579,1.838,0.978,0.778,1.095,0.777,0.698,1.48,0.338,0.164,0.374,0.0,0.325,0.0,0.056,0.243,0.725,0.823,0.046,2.048,2.807,5.342,6.316,6.257,4.672,2.024,0.817,0.488,0.0,0.252,0.928,0.783,0.238,0.998,0.0,0.0,1.133,0.554,0.164,0.27,0.0,0.447,0.569,1.123,2.218,5.353,6.806,6.092,4.77,2.924,1.642,0.679,0.187,0.264,0.477,0.105,0.888,0.0,0.161,0.655,0.0,0.186,0.547,0.963,0.0,0.0,0.03,0.366,1.943,4.534,7.247,6.069,4.004,1.42,1.015,1.211,0.0,1.057,0.444,0.287,0.46,0.455,1.115,0.514,0.523,0.09,0.51,0.0,0.183,1.443,0.0,0.606,1.355,2.253,3.078,2.982,1.776,0.976,0.126,1.084,0.024,0.389,0.0,0.552,0.463,0.321,0.0,0.0,0.891,0.0,0.406,0.0,0.573,0.0,0.0,0.125,0.847,2.276,2.849,2.122,1.667,0.264,0.597,0.527,0.112,0.24,0.906,0.047,0.0,0.378,0.0,0.023,0.0,0.0,731.7,morning
D0088,0.771,0.506,0.244,0.0,0.815,0.548,2.895,6.721,8.709,7.278,5.218,2.216,0.685,1.058,1.068,0.586,0.005,0.106,0.0,0.335,0.0,0.206,0.471,0.0,0.0,0.126,0.336,0.18,0.528,1.256,3.108,6.553,8.494,7.342,4.578,2.196,1.104,0.149,0.0,0.927,0.528,0.0,0.479,0.835,1.132,0.467,0.831,0.0,0.338,0.204,0.514,1.128,0.762,1.152,3.192,7.534,8.821,7.683,4.373,2.128,0.353,0.609,0.0,0.193,0.065,0.0,0.198,0.0,0.259,0.355,1.15,0.491,0.504,0.578,0.752,0.607,0.776,1.894,2.669,7.733,9.305,7.579,3.892,2.552,0.485,0.675,0.0,1.357,0.0,0.385,0.0,0.336,0.163,0.866,0.163,0.867,0.0,0.21,0.224,0.605,0.783,1.82,3.693,6.751,7.756,7.282,5.025,1.151,0.978,0.717,1.003,0.664,0.382,0.53,0.006,0.162,0.0,1.006,0.539,0.0,0.281,0.681,0.609,0.0,0.0,0.886,1.293,3.337,4.293,3.868,2.822,1.46,1.146,0.816,0.824,0.141,0.0,1.276,0.188,0.712,0.0,0.593,0.0,0.0,0.097,0.35,0.626,0.0,0.557,1.181,2.56,3.035,3.229,2.42,2.634,1.135,0.309,0.0,0.0,0.426,0.301,0.0,0.426,0.0,0.751,0.235,0.0,0.587,901.7,morning
D0089,1.243,1.024,1.251,1.917,0.955,1.51,0.871,0.397,1.488,1.634,1.49,0.933,1.796,1.814,1.306,1.085,1.546,1.9,1.727,1.071,1.456,1.726,0.74,1.247,1.784,0.579,1.653,1.881,1.081,1.065,1.732,1.243,0.335,1.423,1.751,1.939,1.263,1.573,2.146,1.667,0.971,2.163,1.443,1.958,0.766,1.272,1.497,1.18,0.649,0.079,1.818,1.264,1.706,1.637,1.536,1.182,1.615,2.112,1.577,2.462,0.985,0.971,2.151,1.326,2.579,2.208,2.254,1.865,0.98,0.58,1.94,0.544,1.894,1.454,1.098,1.352,1.39,1.128,1.909,1.953,1.464,1.197,2.127,0.696,1.859,2.027,1.333,2.132,1.647,1.36,1.973,0.979,1.785,0.435,1.396,1.239,0.938,1.328,1.097,1.627,1.433,1.423,1.399,1.114,1.259,1.579,1.462,2.106,1.701,1.863,1.075,2.118,1.398,1.137,2.28,1.781,1.834,1.531,1.226,1.093,1.413,1.547,0.989,1.97,0.974,0.47,0.366,0.434,1.069,1.216,1.693,1.432,1.873,1.545,1.541,1.265,2.134,0.756,1.521,1.239,1.607,1.185,1.145,0.977,1.69,1.039,1.906,1.16,1.073,1.032,1.395,0.929,1.32,1.324,1.532,1.603,1.674,1.567,2.241,1.715,2.666,1.468,1.817,0.994,1.885,0.877,1.346,0.978,852.6,allday_low
D0090,0.771,0.0,0.0,0.075,0.35,0.0,0.452,0.0,0.786,0.435,1.065,0.505,4.936,0.0,0.312,0.19,0.738,0.0,1.113,5.683,0.112,1.013,0.0,0.297,0.0,1.014,0.0,0.0,0.0,0.778,0.613,0.238,0.642,0.131,0.373,0.927,3.872,0.0,0.395,0.516,0.233,0.635,0.093,4.069,0.352,0.313,0.909,0.35,0.04,0.415,0.631,0.526,0.501,0.0,0.0,0.751,0.375,0.167,0.49,1.044,4.293,0.61,0.0,0.0,0.0,0.462,0.676,4.219,0.481,0.108,0.0,0.0,0.129,0.0,0.993,0.0,0.114,0.0,0.336,0.201,0.042,0.0,0.204,0.0,4.931,1.083,0.28,0.442,0.0,0.0,0.192,6.155,0.073,0.365,0.0,0.0,0.0,1.29,0.486,0.957,0.062,0.0,0.0,0.397,0.325,0.214,0.0,0.641,5.612,0.357,0.306,0.053,0.0,0.026,1.062,6.379,0.678,0.0,0.0,0.712,0.615,0.269,0.041,0.0,0.598,0.741,0.0,0.0,0.766,0.0,1.008,0.159,5.094,0.228,0.034,0.715,0.606,0.697,0.291,5.1,0.204,0.016,0.868,0.659,0.162,0.0,0.896,0.265,0.144,0.9,0.0,0.06,0.099,0.0,0.345,0.0,4.764,0.0,0.0,0.0,0.314,0.133,0.225,6.115,0.133,0.475,0.526,0.175,430.4,intermittent
D0091,10.0,10.0,10.0,10.0,8.48,10.0,10.0,10.0,10.0,10.0,9.659,10.0,10.0,10.0,10.0,10.0,10.0,10.0,10.0,10.0,10.0,10.0,10.0,10.0,7.324,10.0,10.0,10.0,10.0,10.0,10.0,7.619,10.0,10.0,10.0,10.0,10.0,10.0,10.0,10.0,7.64,10.0,9.572,9.323,10.0,10.0,10.0,10.0,10.0,10.0,10.0,10.0,9.522,10.0,10.0,10.0,10.0,10.0,10.0,7.48,10.0,10.0,10.0,10.0,10.0,10.0,10.0,10.0,10.0,10.0,10.0,10.0,10.0,10.0,10.0,10.0,10.0,10.0,10.0,10.0,10.0,10.0,10.0,10.0,10.0,10.0,10.0,10.0,9.873,10.0,10.0,8.003,10.0,10.0,10.0,10.0,10.0,10.0,10.0,10.0,8.654,10.0,10.0,10.0,10.0,10.0,10.0,10.0,10.0,10.0,10.0,8.655,10.0,10.0,10.0,10.0,10.0,10.0,10.0,10.0,10.0,10.0,10.0,10.0,10.0,10.0,10.0,10.0,10.0,10.0,10.0,10.0,10.0,10.0,10.0,10.0,9.838,10.0,10.0,10.0,10.0,10.0,9.998,10.0,10.0,10.0,10.0,10.0,10.0,10.0,9.116,10.0,10.0,10.0,10.0,10.0,10.0,9.394,7.835,10.0,10.0,10.0,10.0,10.0,10.0,10.0,10.0,7.973,5000.0,noise
D0092,2.24,2.048,1.895,1.082,1.188,2.847,1.895,2.657,1.575,1.904,2.759,2.48,2.826,2.616,2.541,2.316,2.047,3.157,3.159,1.908,1.799,2.066,2.311,2.023,2.289,2.011,1.96,3.119,1.828,2.843,2.809,2.449,1.429,2.389,2.222,2.535,2.106,2.962,3.078,3.148,2.412,2.049,2.612,3.165,2.327,2.426,2.052,1.879,2.36,1.986,2.193,2.262,2.22,2.356,1.774,1.811,2.277,2.367,2.219,2.635,2.993,3.156,3.27,2.03,2.061,2.396,2.49,2.268,2.047,2.085,2.376,1.507,3.118,2.043,2.485,1.772,2.322,2.15,2.544,2.133,2.994,1.704,2.881,2.58,2.126,3.5,3.467,1.689,2.664,2.844,2.653,3.057,2.884,2.342,3.183,2.527,1.906,1.785,2.571,1.676,1.88,1.997,2.318,2.135,1.703,2.898,2.272,3.435,2.721,3.192,2.919,3.214,2.841,2.632,2.946,3.494,2.175,2.58,2.156,2.333,1.876,0.859,1.72,2.28,1.513,2.309,2.025,1.914,2.474,2.444,2.398,2.731,2.417,1.619,2.201,1.548,2.621,2.677,2.632,2.358,2.502,1.291,1.894,1.258,1.696,2.557,2.302,2.128,1.776,1.448,2.026,2.5,2.251,1.424,2.256,1.412,2.688,2.048,1.821,2.728,2.577,2.378,3.195,2.423,1.776,2.234,1.814,2.465,1371.7,allday_low
D0093,1.169,1.094,0.642,1.019,1.337,1.17,0.575,1.134,1.101,1.456,1.465,1.294,1.319,1.58,1.993,1.675,2.162,1.99,2.1,1.985,2.015,0.738,1.502,1.72,1.771,0.772,1.399,1.153,1.973,0.547,0.864,0.443,1.376,2.388,1.407,1.525,1.77,1.497,1.724,1.726,1.142,1.437,1.761,1.787,1.896,1.408,1.37,1.509,0.874,0.833,1.047,0.545,1.325,1.644,0.891,1.453,1.028,0.912,2.352,1.029,0.946,1.646,1.68,1.85,2.423,1.13,1.167,2.093,1.734,1.617,0.945,1.678,1.503,1.204,0.84,1.167,1.883,0.679,0.85,0.975,1.126,1.362,1.858,1.687,1.549,1.674,1.84,0.793,2.004,1.108,1.227,1.522,1.277,1.476,1.274,1.041,1.829,1.438,1.239,1.431,0.824,2.15,0.721,1.308,1.182,1.223,1.223,1.132,2.057,1.008,2.002,1.842,1.351,1.719,1.356,0.874,0.821,1.552,1.482,1.281,0.851,0.921,0.846,0.221,1.055,1.29,1.12,1.928,0.728,0.935,1.344,1.441,0.514,1.666,1.515,0.441,1.317,0.968,1.08,0.63,1.367,1.924,1.209,0.083,1.156,0.919,0.497,1.166,1.423,0.754,0.35,0.226,0.881,1.162,1.052,1.024,1.625,1.603,1.493,1.762,1.075,0.839,1.049,0.966,0.257,0.886,1.587,1.415,776.1,allday_low
D0094,0.0,0.0,0.898,0.527,0.771,2.963,5.478,8.119,8.405,6.424,3.269,1.956,0.438,0.263,1.024,0.817,0.438,0.0,0.007,0.0,0.389,0.144,1.094,0.0,0.0,0.485,0.627,0.0,0.292,2.596,6.285,9.346,8.608,6.203,2.8,1.558,1.256,0.967,0.363,0.0,0.377,0.994,0.193,0.0,0.211,0.247,0.0,0.477,0.601,1.212,0.0,0.843,1.508,2.948,5.222,8.017,8.838,6.32,2.925,1.854,0.388,0.0,0.275,0.589,0.527,0.523,1.045,0.0,0.182,1.068,0.0,0.349,0.926,0.921,0.689,0.823,0.604,3.333,5.135,7.983,8.969,6.058,3.269,1.467,1.369,0.597,0.097,0.677,0.0,0.784,0.402,0.553,0.0,0.0,0.0,1.158,0.0,0.685,0.084,0.381,0.999,3.319,5.654,8.245,8.938,5.681,3.498,1.615,0.94,0.312,0.16,0.0,0.0,0.0,0.519,0.251,0.548,0.574,0.0,0.0,0.065,0.0,0.0,0.995,0.0,2.132,2.684,4.267,4.348,3.104,2.177,0.086,0.185,0.0,0.0,0.0,1.01,0.09,1.06,1.106,1.516,1.025,1.229,0.314,0.252,0.283,0.157,0.273,0.768,0.876,1.65,3.562,3.206,2.247,1.206,0.342,0.727,0.086,0.672,0.242,0.109,0.22,0.0,0.301,0.531,0.595,0.0,0.0,916.5,morning
D0095,3.91,4.706,3.948,3.039,1.459,0.411,0.315,0.464,0.358,1.056,0.0,0.49,0.0,0.246,1.08,0.0,0.186,0.0,0.404,0.889,0.757,1.256,3.004,3.889,5.057,4.977,2.376,2.301,1.753,0.291,1.081,0.172,1.175,0.599,0.0,0.662,0.166,0.458,0.269,0.255,0.183,0.404,0.632,1.153,0.598,1.14,2.18,4.409,4.991,3.792,2.787,1.954,1.872,0.641,0.641,0.254,0.944,1.139,0.346,0.827,0.0,0.273,0.373,0.582,0.0,0.198,0.515,0.633,1.215,1.651,2.379,4.044,4.855,4.976,4.228,2.442,2.4,1.13,0.757,0.911,1.385,1.5,0.126,0.564,0.544,0.609,1.006,0.0,1.015,1.171,0.614,0.713,0.615,1.389,2.86,4.238,6.3,6.215,5.079,3.324,1.954,1.209,1.355,0.409,1.073,0.744,0.38,0.105,1.014,1.131,0.349,0.92,1.137,0.384,0.482,0.86,0.487,1.717,4.035,4.549,6.614,6.421,4.798,3.193,3.041,1.114,0.855,1.154,0.279,0.485,1.2,0.466,0.807,0.062,0.579,0.0,0.434,0.119,0.042,0.411,0.0,1.213,3.551,5.133,4.73,5.422,3.686,2.924,2.812,0.596,0.426,1.534,0.021,1.825,0.71,0.0,0.0,0.088,0.7,0.205,0.255,0.773,0.022,0.437,0.088,1.611,2.79,4.526,874.3,night
D0096,0.137,0.917,0.124,0.0,0.574,1.46,3.679,6.179,4.939,3.818,1.749,0.446,0.437,0.0,0.627,0.0,0.074,0.02,0.558,0.493,0.0,0.362,0.0,0.094,0.199,0.091,0.494,0.711,0.532,1.82,4.246,5.182,5.375,4.284,1.06,0.533,0.068,1.162,0.007,0.032,0.0,0.252,0.369,0.0,0.693,0.37,0.631,0.1,0.357,0.154,0.924,0.44,0.884,1.978,4.03,5.984,5.958,3.369,1.795,0.768,0.496,0.0,0.0,0.0,0.262,0.0,0.024,0.0,0.066,0.0,0.589,0.463,0.315,0.114,0.0,0.181,0.537,2.296,4.541,6.023,6.158,3.422,1.463,1.153,0.41,0.148,1.08,0.508,0.162,0.0,0.845,0.341,0.259,0.552,0.644,0.495,0.633,0.44,0.505,0.039,1.651,1.52,4.188,4.982,5.266,3.236,1.712,0.805,0.0,0.233,0.863,0.0,0.0,0.623,0.27,0.303,0.695,0.0,0.002,0.0,0.0,0.715,0.0,0.0,0.0,1.614,1.641,2.498,1.789,1.537,1.172,0.422,0.102,0.0,0.0,0.178,0.0,0.406,0.51,0.0,0.438,0.062,0.628,1.027,0.0,0.446,0.695,0.0,0.093,0.61,1.645,2.19,2.147,1.848,0.0,0.0,0.435,0.352,0.0,0.351,0.696,0.077,0.0,0.493,0.874,0.0,0.117,0.59,603.5,morning
D0097,0.668,0.327,0.0,0.0,0.0,0.0,0.0,0.281,3.394,1.009,0.39,1.031,0.494,0.661,0.011,2.741,3.281,0.167,0.0,0.0,0.36,0.0,0.0,2.798,0.077,0.0,0.079,0.452,0.441,0.0,0.0,0.0,4.131,0.582,0.341,0.723,0.96,0.0,0.851,3.567,4.441,0.501,0.0,0.0,0.0,0.0,0.578,4.705,0.088,0.588,0.872,0.297,0.192,0.093,0.446,0.597,5.116,0.396,0.181,0.0,0.608,0.0,0.482,5.054,4.583,0.0,1.158,0.168,0.0,0.564,0.0,3.965,0.374,0.0,0.284,0.0,0.458,0.222,0.0,0.312,1.612,0.777,0.318,0.48,0.0,0.0,0.128,1.514,2.409,0.071,0.0,0.0,0.574,0.064,0.04,2.193,0.0,0.0,0.0,0.315,0.094,0.0,0.663,0.28,5.192,0.395,0.0,0.342,0.614,0.719,0.53,5.049,4.428,0.199,0.0,0.783,0.715,0.0,0.185,5.049,0.59,0.0,0.0,0.202,0.0,0.256,0.451,0.741,3.693,0.257,0.478,0.0,0.597,0.308,0.0,3.88,4.062,0.536,0.023,0.287,0.0,0.0,0.262,3.506,0.559,0.466,0.0,0.295,0.0,0.0,0.0,0.177,4.917,0.266,0.608,0.0,0.03,0.939,0.0,4.294,4.38,0.111,0.004,0.47,0.314,0.0,0.0,4.607,531.2,intermittent
D0098,1.168,1.551,1.653,1.359,1.836,0.644,1.968,1.57,1.809,2.598,1.45,2.213,2.507,2.264,1.474,2.795,2.054,1.853,1.878,1.766,1.323,1.858,1.45,1.968,1.857,2.325,1.476,1.232,0.963,2.653,2.017,1.472,2.62,2.548,1.41,1.752,2.09,1.706,2.157,2.508,1.531,2.223,2.544,2.118,1.824,1.483,2.093,1.136,1.733,1.605,2.078,1.331,1.4,1.107,1.916,1.593,1.47,1.593,2.26,1.594,1.693,2.591,2.126,2.617,1.988,2.09,2.088,2.562,2.446,2.303,1.436,1.222,1.966,2.213,2.095,1.599,1.952,2.001,1.786,1.871,1.903,1.584,1.709,1.775,1.43,2.252,2.182,2.53,2.717,2.687,2.656,1.598,1.214,2.203,2.341,2.366,1.842,0.695,1.736,1.843,2.187,2.309,2.129,1.52,1.395,2.178,1.661,2.755,1.382,2.442,2.344,2.094,1.733,1.163,1.779,1.707,2.359,1.432,1.923,1.084,1.678,0.427,2.357,1.37,0.204,1.176,1.153,1.311,1.508,1.446,1.449,1.36,2.304,2.509,1.866,1.961,1.427,1.914,1.92,1.646,1.851,1.745,1.073,2.036,1.368,2.188,1.603,2.321,1.991,1.601,1.222,1.29,1.912,1.809,1.551,2.257,1.952,2.346,1.542,2.418,2.16,2.421,2.256,1.706,1.598,2.408,1.417,1.836,1069.3,allday_low
D0099,6.652,8.516,9.235,8.594,10.0,9.019,7.005,8.524,9.512,7.56,9.205,8.229,6.707,8.002,10.0,10.0,8.987,8.731,6.634,10.0,10.0,9.906,5.17,7.508,8.045,8.919,7.741,7.605,9.488,7.603,7.997,9.316,9.522,8.955,10.0,8.85,10.0,5.749,10.0,10.0,8.628,9.479,7.924,7.73,8.553,8.117,9.247,9.031,10.0,8.235,6.668,10.0,5.922,7.429,8.626,8.819,6.4,7.487,6.351,9.372,10.0,5.532,10.0,9.895,6.887,5.505,7.014,7.951,10.0,8.273,7.243,8.382,6.577,8.781,7.36,6.35,9.224,10.0,10.0,6.417,7.463,9.09,10.0,4.639,8.717,6.753,5.164,5.627,7.838,8.569,9.994,9.488,9.558,8.616,7.292,7.992,9.916,10.0,7.89,7.307,8.941,9.156,10.0,7.151,5.704,10.0,7.389,7.53,10.0,5.928,10.0,7.379,9.258,8.209,8.688,8.332,8.962,7.428,7.784,10.0,7.939,7.04,6.059,10.0,7.394,10.0,9.238,9.11,7.693,10.0,5.52,9.325,6.953,8.355,9.26,7.522,9.291,8.187,6.507,8.541,9.809,7.878,10.0,10.0,9.543,10.0,8.955,10.0,10.0,8.805,6.811,7.824,9.768,9.757,7.912,7.405,10.0,7.081,6.519,6.502,7.046,9.76,10.0,8.06,8.588,8.671,6.569,10.0,4884.9,noise
D0100,0.0,0.576,0.069,1.69,1.356,2.084,4.067,7.73,10.0,7.988,4.496,2.23,0.949,0.671,0.228,0.83,0.028,0.698,0.512,0.686,0.947,0.211,0.118,0.0,0.0,0.337,0.374,0.0,0.406,2.642,5.013,7.606,9.904,8.784,4.814,1.862,0.737,0.99,0.957,0.085,0.623,0.413,0.0,0.282,0.0,0.939,1.114,0.231,0.124,0.891,0.97,0.0,0.731,1.93,4.272,8.347,9.788,8.358,5.05,1.556,0.0,0.913,0.092,1.377,1.303,0.188,1.468,0.837,0.125,0.0,0.725,0.43,0.61,0.313,0.0,0.288,1.116,1.797,4.457,7.49,10.0,8.101,5.509,1.896,0.756,1.473,0.288,0.218,0.679,0.0,0.978,0.863,0.652,0.0,0.299,0.0,0.901,0.869,0.576,0.0,1.43,1.741,5.201,7.884,9.826,7.964,5.474,2.388,1.494,0.554,0.383,0.663,1.044,0.852,0.457,0.0,0.759,0.0,0.411,0.343,0.0,0.355,1.16,0.075,0.704,1.941,2.467,3.388,4.653,4.087,2.938,1.548,0.0,0.0,0.16,0.0,0.0,0.0,0.185,0.0,0.0,0.206,0.341,0.0,0.784,0.192,0.0,0.0,0.223,1.284,1.477,3.538,4.084,4.337,2.214,0.576,0.687,0.546,0.0,0.0,0.407,0.195,0.0,0.281,0.0,0.0,0.008,0.744,1053.1,morning
D0101,0.58,0.357,0.0,0.0,0.286,1.976,3.72,5.424,7.587,6.487,4.012,1.584,1.356,0.379,0.419,0.414,0.0,0.361,0.79,0.975,0.0,0.0,0.34,0.811,0.474,0.619,0.0,0.095,0.0,1.281,2.262,6.509,8.263,6.732,3.401,1.994,1.56,0.602,0.855,0.095,0.0,0.28,0.0,1.331,0.375,0.702,0.105,0.0,0.954,0.0,0.474,0.552,0.593,0.992,3.168,5.482,7.927,6.925,4.072,1.569,1.671,0.0,0.0,0.276,0.196,0.806,0.603,0.326,0.538,0.529,1.259,0.426,0.006,0.402,0.0,0.338,1.051,1.616,3.37,6.202,8.06,7.31,4.283,1.683,0.0,0.828,0.554,0.382,0.003,0.747,0.197,0.297,0.287,0.515,0.0,0.566,0.0,0.0,0.699,0.0,0.929,1.324,2.332,6.228,7.325,6.512,4.331,2.409,0.777,0.646,0.473,0.143,0.0,0.393,0.917,0.559,0.0,0.791,0.157,0.0,0.599,0.0,0.944,0.675,0.149,0.812,2.547,3.109,3.511,4.301,1.89,1.083,0.0,0.0,0.015,0.158,0.289,0.0,0.438,0.0,0.414,0.561,0.0,0.0,0.82,0.518,0.195,0.802,0.261,0.259,0.844,2.315,3.373,3.293,1.643,1.276,0.193,0.0,0.0,0.0,0.0,1.029,0.323,0.082,0.9,0.0,0.063,1.025,804.5,morning
D0102,2.568,2.55,1.928,1.73,1.929,1.579,2.047,2.141,2.978,2.566,3.443,1.481,1.965,2.391,3.236,2.502,1.852,2.343,1.841,1.672,3.117,1.985,2.155,1.981,1.868,1.571,1.787,2.101,2.619,2.449,1.528,2.588,2.432,2.018,2.462,2.711,2.534,2.767,2.176,3.448,1.644,2.713,2.545,2.588,1.899,2.669,2.028,1.489,1.488,2.006,1.209,2.76,2.453,2.845,2.852,1.984,1.827,1.094,2.197,3.248,2.14,2.457,2.315,2.72,3.091,1.761,1.773,2.968,2.548,2.026,2.845,1.409,2.4,1.919,2.2,0.875,1.863,2.355,2.049,2.708,2.768,1.867,2.75,2.007,2.537,2.846,2.189,2.905,2.285,2.192,2.698,1.923,1.819,2.611,2.126,1.369,2.366,1.766,1.296,0.821,2.387,1.636,1.517,2.43,2.581,1.945,2.79,3.378,3.119,3.087,2.706,2.351,2.487,2.652,1.814,1.953,1.575,2.249,2.114,1.729,2.152,1.284,1.424,2.106,2.201,1.463,1.974,1.578,1.907,2.134,2.394,2.351,2.384,1.811,2.483,2.544,2.571,1.884,2.554,1.476,1.802,1.804,1.301,1.69,1.882,0.933,1.557,0.968,2.701,1.916,1.926,2.033,2.268,2.509,1.438,2.797,2.822,2.266,2.255,0.9,1.701,2.441,2.682,2.397,1.962,2.795,2.322,1.643,1343.0,allday_low
D0103,0.052,0.0,0.147,0.969,1.531,3.36,5.322,4.735,3.661,2.124,0.559,0.296,0.897,0.21,0.0,0.0,1.01,0.93,0.509,0.0,0.379,0.413,0.252,0.0,0.078,0.0,0.0,1.225,1.943,3.235,5.454,5.951,5.397,2.69,1.314,0.418,0.07,0.865,0.534,0.0,0.445,0.617,0.0,0.0,0.404,0.0,0.0,0.119,0.463,0.492,1.023,0.647,1.378,2.775,5.122,6.094,4.681,2.416,1.185,0.975,0.299,0.858,0.0,0.208,0.024,0.597,0.0,0.096,0.0,0.508,0.802,0.65,0.607,0.627,0.626,0.886,1.852,3.068,5.205,5.808,4.191,1.592,0.383,0.504,0.673,0.247,1.485,0.0,0.441,0.822,0.72,0.535,0.722,0.265,0.989,0.818,0.0,0.382,0.0,1.264,1.57,3.802,4.981,4.652,5.312,2.241,0.441,0.896,1.168,0.14,0.184,0.336,0.0,0.0,1.03,0.169,0.0,0.025,0.711,0.0,0.223,1.22,1.054,0.532,1.288,2.102,2.326,3.015,2.759,0.465,0.682,0.343,0.166,0.116,0.213,0.25,0.612,0.323,0.028,0.0,0.0,0.226,0.0,0.534,0.29,0.614,0.0,0.0,1.13,1.404,2.027,2.625,2.035,0.354,0.998,0.0,0.871,0.0,0.239,0.013,0.0,0.392,0.0,0.0,0.593,0.0,0.0,0.456,637.6,morning
D0104,0.0,0.161,0.795,0.072,2.286,3.512,7.105,9.154,7.812,4.701,2.21,1.201,0.016,0.0,1.032,0.033,0.523,0.272,0.292,1.007,0.325,0.203,0.242,0.137,0.062,0.143,1.153,0.947,1.331,4.052,5.997,9.38,8.464,5.923,2.685,1.077,1.041,0.094,0.186,0.334,0.979,0.0,0.0,0.47,0.686,0.047,0.665,0.979,0.904,0.527,0.364,1.407,1.494,4.033,7.592,9.137,7.432,4.359,2.095,1.2,0.66,1.369,0.56,0.216,0.0,0.894,0.361,0.0,0.373,0.0,0.172,0.366,0.0,0.148,0.07,0.304,1.033,3.393,6.309,9.025,7.971,5.454,3.078,1.186,0.663,0.709,0.574,0.386,0.35,0.0,0.741,0.349,1.016,0.775,0.082,0.924,0.0,1.218,0.0,0.818,1.605,3.935,6.228,7.358,7.34,4.572,1.196,0.857,0.0,0.649,0.235,1.228,0.23,0.539,0.249,0.0,0.253,0.684,0.616,0.213,0.0,0.455,0.371,0.661,0.546,0.867,3.26,3.938,4.173,2.225,0.983,0.584,0.0,0.0,0.12,0.0,0.06,1.036,0.633,0.302,0.862,0.0,1.284,0.0,1.047,1.047,0.0,0.911,0.467,1.188,2.921,3.051,3.378,1.543,0.971,0.953,0.358,0.0,0.389,0.0,0.0,0.0,0.499,0.328,0.386,0.133,0.0,0.815,898.2,morning
D0105,1.547,0.994,1.721,1.887,1.74,1.402,1.182,2.705,1.055,1.968,1.792,1.679,1.842,1.563,1.996,1.935,2.964,2.189,1.875,1.831,2.329,0.999,1.296,0.473,1.545,1.648,0.799,1.912,0.97,1.177,1.432,2.153,1.115,1.703,1.991,1.963,2.031,2.135,1.554,2.552,1.709,1.597,2.249,1.288,1.645,1.11,2.512,2.37,1.244,1.5,1.249,1.11,1.348,1.312,0.694,1.554,1.482,1.712,1.608,1.545,2.152,2.032,2.432,2.015,1.67,1.984,0.751,2.519,1.625,2.418,0.987,0.828,1.458,1.43,1.399,1.35,1.011,0.662,1.505,0.858,0.882,1.401,1.836,2.601,2.199,2.437,2.098,1.957,2.886,1.112,1.456,1.421,1.903,0.995,1.722,1.592,1.66,1.624,1.939,1.244,1.532,0.999,0.944,2.23,1.136,1.86,1.881,2.236,1.012,2.193,1.778,1.522,1.646,2.173,1.971,1.514,0.989,0.955,1.717,0.756,1.111,2.346,1.329,1.474,0.687,0.645,1.598,1.165,1.879,1.479,3.079,1.324,1.758,1.256,2.133,1.856,1.195,1.438,2.141,2.023,0.76,1.127,2.105,1.167,1.292,1.647,0.568,0.762,1.064,1.785,1.744,1.661,1.333,1.968,1.455,1.841,2.038,2.422,1.643,1.495,2.211,2.198,1.279,0.962,1.945,0.598,0.523,1.122,941.8,allday_low
D0106,0.0,2.701,0.355,0.409,0.407,0.0,0.593,3.359,0.143,0.07,0.0,0.227,0.868,0.652,0.025,0.383,0.0,0.469,0.0,3.609,1.476,3.169,1.455,0.361,0.0,4.856,1.232,0.39,0.0,0.076,0.362,4.457,0.324,0.966,0.0,0.458,0.135,0.0,0.65,0.0,0.0,0.269,0.106,4.233,0.0,5.9,0.376,0.177,1.146,5.082,0.954,0.0,0.0,0.436,0.345,4.518,0.0,0.475,0.603,0.579,0.0,0.391,0.0,0.026,0.0,0.0,0.05,4.072,0.0,3.875,1.041,0.0,0.264,1.276,0.726,0.191,0.0,0.0,0.507,0.448,0.0,0.062,0.057,1.243,0.0,0.561,0.931,0.417,0.0,0.0,0.451,2.664,0.361,2.552,1.282,0.492,0.0,3.763,0.76,0.031,0.821,0.113,0.294,3.045,0.215,0.239,0.0,0.0,0.0,0.0,0.0,0.599,0.604,0.395,0.0,3.43,0.0,3.543,0.435,0.59,0.355,4.269,0.26,0.038,0.536,0.551,0.0,3.342,0.01,0.0,0.341,0.0,0.29,0.0,0.0,0.0,0.683,0.0,0.0,3.603,0.045,3.929,0.0,0.238,1.258,3.861,0.231,0.0,0.0,0.354,0.0,3.675,0.338,0.0,0.604,0.0,0.0,0.25,0.852,0.0,0.214,0.217,0.443,4.219,0.0,4.285,0.746,0.95,517.8,intermittent
D0107,2.883,3.312,2.266,1.248,0.019,1.165,1.411,0.664,1.198,0.682,0.0,0.314,0.393,0.0,0.129,0.0,0.645,0.0,0.475,0.0,0.534,1.307,2.593,4.217,3.269,1.559,1.39,0.467,0.697,0.201,2.272,1.882,3.216,0.0,0.092,0.32,0.158,0.0,0.0,0.0,0.0,1.049,1.384,0.558,0.433,2.192,2.303,5.083,2.822,2.13,1.306,0.213,0.14,0.78,2.264,2.246,1.404,0.697,0.0,0.777,0.34,0.018,0.0,1.25,0.636,0.681,1.183,0.681,1.674,1.644,3.076,5.017,3.035,2.515,0.961,0.982,0.326,0.0,1.508,1.491,2.187,0.399,0.922,0.505,0.022,0.245,0.114,0.491,0.302,0.011,0.374,0.805,0.656,2.09,2.171,5.389,4.191,3.73,1.357,1.524,0.991,0.315,2.757,2.322,2.488,0.0,0.0,1.051,0.0,0.4,0.529,0.495,0.539,0.787,0.252,0.768,1.216,2.949,4.439,6.249,3.195,3.367,2.405,1.922,0.91,1.026,2.984,2.807,2.752,0.0,0.327,0.466,0.286,0.314,1.036,0.0,0.696,0.503,0.07,0.259,0.624,2.667,3.6,5.881,2.583,2.79,1.528,0.55,0.051,0.227,1.785,1.363,1.117,0.252,0.749,0.297,0.309,0.132,0.0,0.0,0.0,0.835,0.591,0.659,1.294,2.196,2.696,4.769,744.2,intermittent
D0108,2.246,2.753,2.673,1.517,2.07,2.207,2.546,2.238,2.372,2.293,3.056,2.011,2.529,1.932,2.312,2.904,2.873,2.519,3.09,3.109,2.385,2.451,2.067,2.497,1.633,2.946,2.628,1.599,1.816,2.404,2.118,2.584,2.255,3.186,2.588,3.749,2.993,2.154,3.714,3.256,2.893,2.951,2.049,1.688,2.398,2.959,2.449,2.984,2.765,2.147,2.648,2.823,2.135,2.118,2.334,1.253,2.543,2.824,2.649,2.815,2.702,1.863,3.523,2.596,2.443,3.271,3.024,2.623,2.763,1.819,2.234,2.797,1.866,1.689,2.151,2.184,2.462,1.594,1.123,2.753,1.929,2.226,1.601,3.12,2.879,2.901,2.912,1.834,2.278,2.457,2.247,2.378,2.527,2.791,1.604,2.21,2.491,1.722,2.029,2.348,2.176,2.518,2.313,2.198,1.889,2.611,2.629,2.213,2.983,3.332,2.478,2.434,2.378,1.905,3.486,2.298,2.03,1.831,2.096,1.902,2.601,1.362,1.211,2.173,1.905,1.893,2.295,2.166,2.154,1.618,1.575,2.079,1.961,2.606,1.688,2.284,2.371,2.376,2.505,2.103,1.874,2.665,1.899,2.632,1.807,1.917,1.841,2.028,1.765,2.036,2.732,2.577,2.65,1.646,1.794,2.492,2.796,2.252,2.184,3.112,2.758,2.87,2.127,2.016,2.602,1.986,1.769,1.582,1366.1,allday_low
D0109,2.183,1.078,2.019,1.439,1.695,1.766,1.787,1.823,1.828,1.852,2.784,2.276,2.268,2.073,2.193,2.075,2.669,1.926,1.18,2.136,1.902,1.689,2.296,0.602,2.499,2.232,1.453,1.555,2.016,2.071,1.601,1.225,2.979,2.54,2.261,2.344,2.604,2.697,1.438,2.205,2.12,2.192,2.537,1.304,1.421,1.645,1.956,2.206,2.523,1.629,2.109,2.077,2.033,1.821,1.706,1.473,1.519,2.265,2.166,2.078,2.624,2.273,1.966,2.243,2.694,1.804,2.285,2.084,1.686,1.82,1.179,1.881,1.175,2.24,1.694,1.5,2.311,1.367,1.55,1.129,2.617,2.952,1.437,1.898,2.356,2.131,2.362,2.31,2.508,1.832,2.277,1.607,1.843,1.171,1.704,1.574,2.214,1.731,1.791,1.748,0.831,0.933,1.743,2.078,1.922,1.72,2.082,2.117,2.675,2.688,2.128,2.341,2.449,2.456,2.934,2.097,2.554,1.43,1.599,0.871,1.678,1.873,0.412,1.667,1.882,1.895,1.159,2.105,1.829,2.164,1.915,2.21,2.591,2.035,2.267,2.689,2.032,1.532,2.276,2.544,2.405,2.079,0.643,1.362,1.347,1.602,2.322,1.096,2.619,1.477,1.352,2.137,2.241,2.191,1.625,2.264,1.627,1.768,2.096,1.758,2.566,1.778,1.872,1.502,2.292,1.457,2.211,2.129,1127.0,allday_low
D0110,0.525,0.194,0.108,0.421,0.147,2.13,4.722,6.525,6.942,4.362,2.035,0.39,0.226,1.183,0.405,0.016,0.0,0.0,0.0,0.621,0.087,0.0,0.0,0.572,0.243,0.0,0.158,1.392,1.407,2.825,3.641,6.395,6.223,4.777,2.719,1.039,0.016,0.0,0.56,0.604,0.343,0.338,0.302,0.401,0.602,0.563,0.29,0.257,0.24,0.0,0.0,0.645,0.538,2.53,4.406,6.832,6.8,4.911,2.028,1.076,0.741,0.0,1.047,1.299,0.706,0.642,0.544,0.134,0.23,0.713,0.0,0.0,0.101,0.576,0.0,0.298,0.811,1.709,3.332,6.001,6.631,4.751,2.465,1.167,0.127,0.0,0.45,0.184,0.688,0.451,0.857,0.07,0.76,1.195,0.304,0.504,0.0,0.669,0.79,0.157,1.079,2.182,4.384,6.505,6.421,4.243,2.505,1.348,0.139,0.282,0.0,0.528,0.816,0.15,0.325,0.166,0.093,0.37,0.0,0.16,0.0,0.392,0.241,0.0,0.403,0.875,2.508,2.71,3.217,1.722,1.375,0.868,0.672,0.796,0.258,0.683,0.857,0.0,0.0,0.0,0.603,0.0,0.0,0.0,0.0,0.235,0.0,0.0,0.325,0.873,0.93,2.264,2.572,1.652,0.749,0.888,1.13,0.0,0.0,0.006,0.199,0.088,0.387,1.107,0.0,0.0,0.805,0.0,730.3,morning
D0111,1.222,0.512,0.0,0.117,1.75,1.28,4.62,6.317,8.175,7.531,4.061,1.548,0.332,0.0,0.68,0.234,0.0,0.375,0.623,0.271,0.413,0.378,0.043,0.386,0.692,0.827,0.726,0.129,1.053,2.125,4.077,7.239,9.088,7.752,3.23,2.455,1.223,0.508,0.259,0.537,0.073,0.281,0.0,0.0,1.411,0.39,0.453,0.347,0.0,0.224,0.411,0.344,0.428,2.132,4.481,7.625,9.1,7.056,3.969,2.384,0.274,0.0,0.618,0.078,0.0,0.76,0.296,0.0,1.232,0.0,0.322,0.0,0.483,0.073,0.738,0.425,1.374,1.723,3.675,7.555,8.669,6.314,3.57,1.385,1.399,0.736,0.211,0.574,0.0,0.107,0.542,0.436,0.118,0.344,0.513,0.357,0.731,0.487,0.581,1.182,1.101,2.604,3.874,6.359,8.28,6.674,4.499,1.123,0.628,0.58,0.394,0.266,0.504,0.829,1.034,0.358,0.0,1.034,0.0,1.149,0.767,0.833,0.475,0.0,0.0,1.0,1.674,3.21,4.228,3.133,1.272,1.171,0.546,0.076,0.486,0.206,0.762,0.231,0.758,0.0,0.369,0.0,0.0,0.684,0.545,0.0,0.47,0.44,0.0,0.391,1.043,2.827,3.433,3.212,1.739,0.21,0.387,0.053,0.0,0.0,0.426,0.345,0.395,0.0,0.221,0.0,0.0,0.16,887.2,morning
D0112,0.094,0.709,0.036,0.978,2.379,4.306,6.201,5.164,3.493,2.432,1.382,0.724,0.763,0.0,0.0,0.116,1.343,0.115,0.591,0.426,0.416,0.245,0.0,0.0,0.835,0.0,0.0,1.112,2.457,4.764,6.582,5.356,3.394,1.643,1.075,0.0,0.326,0.677,0.657,0.575,0.734,0.0,0.982,0.405,0.857,0.0,0.0,1.06,0.0,0.138,0.639,1.262,2.754,4.519,5.606,6.088,4.113,0.97,1.343,0.0,0.733,0.0,0.574,0.486,0.239,0.459,0.217,0.577,1.239,0.0,0.0,0.069,0.04,0.108,0.0,1.307,1.647,4.621,6.367,5.912,4.007,2.214,0.729,0.189,0.487,0.527,0.656,0.0,0.173,0.0,0.508,0.583,0.133,0.0,0.525,0.196,0.887,1.062,0.832,0.974,2.977,4.306,5.56,5.177,3.282,1.695,0.878,0.0,0.053,0.34,0.533,0.232,0.353,0.0,0.0,0.216,0.473,0.347,0.0,0.137,0.797,0.37,0.108,0.0,0.7,1.991,2.86,2.851,1.879,0.637,0.087,1.076,0.0,0.0,0.0,0.0,0.538,0.0,0.78,0.112,0.614,0.0,0.0,0.156,0.32,0.031,0.292,0.631,0.268,1.614,2.199,2.096,1.698,0.488,0.0,0.032,0.0,0.326,0.465,0.0,0.0,0.261,0.0,0.455,0.575,0.029,0.0,0.0,675.5,morning
D0113,4.99,6.401,5.179,3.842,2.197,1.088,1.033,0.884,0.125,0.0,0.0,0.194,0.0,0.538,0.198,0.247,0.715,0.531,0.312,1.182,0.964,1.01,2.166,4.319,5.573,5.52,5.639,4.192,2.593,1.74,1.501,1.183,0.513,0.257,0.0,0.355,0.583,0.369,0.0,0.221,0.64,0.0,0.439,0.617,1.135,1.968,2.163,4.047,5.579,6.316,5.478,4.268,1.012,1.234,0.789,0.298,0.0,0.324,0.03,1.105,0.519,0.0,0.0,0.615,0.663,0.255,0.636,0.266,1.112,1.644,1.595,3.337,6.701,6.778,4.959,3.121,2.269,0.59,0.459,0.405,0.339,0.878,1.195,0.154,0.0,0.544,1.103,0.188,0.752,0.0,0.394,0.0,0.671,1.211,2.736,4.985,6.83,6.798,6.599,4.768,2.724,1.265,1.398,0.578,0.413,0.099,0.0,0.595,0.557,0.0,0.427,0.382,0.166,0.093,0.648,0.438,0.541,1.142,2.922,5.482,7.402,7.926,7.12,5.449,2.969,1.511,1.048,0.468,0.563,0.248,0.0,0.62,0.622,0.337,0.932,0.141,0.0,0.156,0.0,0.716,0.504,2.039,3.544,4.87,5.727,6.934,6.259,3.124,2.417,0.173,0.387,0.941,1.754,0.283,0.0,0.157,0.418,0.087,0.0,0.196,0.567,0.315,0.008,0.168,0.515,0.88,2.274,4.695,1005.3,night
D0114,9.863,8.739,5.548,6.737,6.988,9.465,7.325,7.063,8.527,6.02,9.876,8.244,6.823,8.426,9.428,7.623,9.983,10.0,8.426,7.447,6.244,4.258,9.706,7.14,8.876,8.832,5.898,6.635,10.0,8.878,7.204,5.885,6.964,10.0,8.623,8.702,10.0,8.894,7.856,10.0,7.707,8.899,7.376,8.501,7.51,8.657,10.0,9.281,8.145,7.45,8.03,6.803,8.805,9.087,7.242,10.0,10.0,7.836,8.387,7.196,7.103,5.674,7.347,7.658,5.492,8.885,9.565,7.768,3.608,7.213,6.184,7.068,9.616,4.125,6.998,8.901,7.217,7.168,10.0,8.803,9.208,8.657,7.091,9.166,10.0,5.375,7.854,7.861,7.385,8.903,8.519,10.0,9.217,9.444,5.881,6.773,6.612,8.906,5.856,7.011,6.874,10.0,7.756,8.14,6.074,8.51,4.705,6.61,7.08,9.036,6.715,9.352,8.494,6.769,9.013,7.461,6.487,9.152,4.745,9.509,7.003,7.33,10.0,6.978,9.783,7.621,8.201,8.012,7.337,9.84,9.021,7.212,6.891,7.457,9.217,9.976,8.774,5.997,8.433,10.0,8.191,9.358,6.768,8.803,6.26,9.046,8.899,9.948,8.284,7.043,7.039,7.273,7.527,9.84,9.796,6.052,7.863,7.479,7.581,8.876,10.0,9.553,9.511,5.799,7.349,7.077,8.137,8.119,4619.4,noise
D0115,0.0,0.639,0.0,0.0,0.889,2.419,3.93,6.593,5.337,3.415,1.302,0.049,0.519,0.0,0.0,0.426,0.626,0.728,0.649,0.0,0.379,0.479,0.041,0.329,0.0,0.0,0.439,1.049,1.324,2.324,4.147,5.899,5.261,3.694,1.634,1.051,0.792,0.602,0.789,0.288,0.0,0.233,0.0,0.551,0.093,0.211,0.567,0.0,0.689,0.0,0.41,0.33,1.178,1.408,3.422,6.271,5.737,4.029,1.698,1.203,0.502,0.379,0.0,0.481,0.0,0.0,0.0,0.185,0.734,0.357,0.056,0.304,0.302,0.286,0.351,0.0,0.854,1.237,4.37,5.437,6.443,2.969,2.749,0.055,0.0,0.405,0.535,0.128,0.657,0.0,0.075,0.119,0.013,0.0,0.244,0.203,0.728,0.0,0.0,0.894,0.898,2.173,4.109,5.842,6.437,3.907,1.44,1.04,0.094,0.208,0.41,0.0,0.013,0.456,0.0,0.68,0.0,0.0,1.1,0.0,0.103,0.949,0.109,0.773,0.656,0.909,1.791,1.716,2.517,1.936,1.002,1.466,0.292,0.405,0.64,0.358,0.076,0.078,0.0,0.315,0.038,0.396,0.0,0.181,0.8,0.002,0.938,0.222,0.297,0.863,1.504,1.482,2.761,2.615,1.014,0.56,0.065,0.629,0.085,0.222,0.0,0.0,0.267,0.51,0.523,0.0,0.0,0.365,605.4,morning
D0116,0.191,0.22,0.455,0.0,0.0,1.125,2.739,4.967,5.538,5.306,3.215,1.922,0.502,0.0,0.211,0.275,0.468,0.0,0.095,0.626,0.188,0.097,1.093,0.0,0.79,0.695,0.137,0.252,0.416,1.129,2.234,4.321,5.54,4.812,2.856,0.319,0.571,0.051,0.0,0.078,0.064,0.809,0.0,0.535,0.857,0.0,0.214,1.013,0.338,0.403,0.055,0.576,0.414,0.223,2.342,3.981,5.75,4.544,3.211,1.347,0.0,0.066,0.521,0.752,0.0,0.0,1.113,0.231,0.276,0.0,0.332,1.007,0.349,0.714,0.252,0.0,0.125,0.545,2.6,5.064,5.772,4.819,2.641,1.487,0.0,0.0,0.646,0.11,0.101,0.159,0.562,0.309,0.0,0.0,0.147,0.371,0.207,0.167,0.247,0.238,0.059,1.493,2.16,4.346,4.487,4.612,2.351,0.82,1.591,0.386,0.781,0.609,0.666,0.134,0.946,0.604,0.242,0.342,0.162,0.247,0.086,0.278,0.89,0.0,0.708,0.306,1.697,1.881,2.75,2.159,0.569,1.38,0.0,0.167,0.0,0.0,0.014,0.0,0.0,0.09,0.0,0.162,0.048,0.0,0.0,0.305,0.0,0.337,0.368,0.0,0.995,2.177,1.885,1.89,1.716,0.145,0.418,0.0,0.024,0.295,0.0,0.0,0.287,0.196,0.0,0.0,0.377,0.0,589.2,morning
D0117,0.763,0.014,0.826,0.953,1.163,1.668,4.986,6.185,6.865,5.133,2.242,1.712,0.22,0.725,0.806,0.552,0.0,0.127,0.0,0.228,0.642,0.174,0.015,0.147,0.827,0.257,1.126,0.101,0.788,1.554,4.773,6.198,7.714,4.954,3.438,1.183,0.854,0.0,0.441,0.0,0.396,0.0,0.238,0.774,0.527,0.0,0.0,0.504,0.992,0.0,1.234,0.355,0.0,1.047,4.186,6.175,7.424,4.603,2.804,1.133,0.414,0.139,0.121,0.359,0.417,0.394,0.823,0.0,0.0,0.738,0.0,0.11,0.005,0.0,0.0,0.102,0.983,1.747,4.067,5.894,7.163,4.914,1.802,1.272,0.823,0.06,0.823,0.0,0.582,1.066,0.297,0.179,0.233,1.013,0.462,1.245,0.392,0.0,0.013,0.368,0.0,1.448,3.444,5.919,7.293,4.91,1.748,0.662,0.572,0.338,1.001,0.699,0.685,0.169,0.761,0.0,0.702,0.139,0.0,0.533,0.755,0.0,0.834,0.0,0.0,0.721,1.561,2.453,3.101,2.076,1.076,0.634,0.0,0.093,0.0,0.0,0.47,0.895,0.605,0.276,0.0,0.0,0.602,0.0,0.0,0.443,0.0,0.334,0.446,0.045,1.575,2.169,2.89,2.358,1.28,0.484,0.321,0.0,0.1,0.0,0.576,0.42,0.418,0.883,0.0,0.0,0.0,0.0,667.2,morning
D0118,3.351,2.254,1.437,1.156,0.142,0.11,0.615,0.0,0.758,0.0,0.201,0.0,0.0,0.896,2.229,0.831,0.0,1.336,0.618,1.102,1.071,2.131,2.814,4.454,3.121,2.407,1.477,1.3,0.069,0.914,0.0,0.878,0.0,0.305,1.083,0.666,0.541,0.0,3.505,0.958,0.572,4.303,0.538,0.694,1.815,2.548,3.287,3.112,3.76,2.586,1.162,1.329,0.603,0.503,0.753,0.65,0.48,0.263,1.24,0.018,0.683,0.31,3.827,0.904,0.215,3.958,0.62,0.528,2.032,2.748,3.164,4.241,3.111,2.477,1.29,1.15,0.274,0.716,0.611,0.168,1.16,0.001,0.0,0.721,0.0,1.007,2.47,0.0,0.0,1.746,0.67,0.233,1.743,2.394,3.301,4.15,4.509,3.539,1.52,0.979,0.317,0.537,0.075,0.227,0.228,0.548,0.418,0.644,0.368,0.155,4.311,0.005,0.682,4.176,0.704,1.114,2.566,3.246,4.298,4.445,4.767,3.027,1.191,0.942,0.709,0.109,0.385,0.398,0.403,0.984,0.0,1.343,0.413,0.689,4.306,0.0,0.0,4.095,1.079,0.43,1.534,3.275,4.657,5.156,3.248,1.925,1.827,1.523,0.383,0.0,0.191,0.555,0.272,1.01,0.793,0.46,0.0,0.065,3.688,0.042,0.471,4.101,0.0,1.259,1.627,2.848,4.058,3.805,882.1,intermittent
D0119,1.595,2.609,1.531,3.109,1.569,2.52,1.941,2.499,2.243,1.861,1.183,3.652,2.623,1.308,2.784,2.943,2.268,2.205,2.433,2.893,2.307,2.836,2.613,1.941,1.29,1.86,2.174,1.989,2.282,2.433,2.343,2.054,2.495,3.358,1.771,2.743,3.414,2.104,3.098,3.144,1.925,2.844,2.32,2.324,2.115,2.768,2.054,1.836,1.796,1.809,1.452,1.75,2.05,2.226,2.646,2.286,2.048,1.897,2.574,2.471,2.552,2.751,2.882,2.754,2.513,2.163,2.166,2.733,2.071,1.572,2.626,1.62,2.013,2.183,1.939,0.847,2.173,2.641,2.458,1.222,3.219,1.755,1.956,2.876,2.794,2.669,2.392,3.232,2.572,1.819,2.996,2.45,2.763,2.435,3.181,1.905,2.004,2.286,1.801,2.323,0.671,2.011,2.058,2.115,1.867,2.759,2.215,2.614,2.573,2.858,3.292,2.721,2.969,2.589,2.214,2.288,2.134,2.433,2.152,1.687,1.697,1.079,1.661,1.766,2.611,2.446,1.429,2.051,2.134,2.013,2.123,2.112,3.174,2.182,2.537,1.232,2.702,2.804,1.724,1.886,2.239,1.969,2.104,1.71,2.636,1.464,2.955,2.325,2.172,1.371,2.303,2.232,1.082,1.484,2.359,2.212,2.099,2.855,1.985,2.165,2.04,2.501,1.424,1.893,1.26,1.819,2.219,2.173,1291.2,allday_low
D0120,7.544,5.226,4.921,2.349,1.172,0.861,0.0,0.488,0.684,0.606,0.172,0.888,0.0,0.16,0.38,0.575,0.299,1.014,0.671,0.844,1.659,3.328,5.177,6.15,8.092,6.618,4.826,2.373,0.473,0.0,0.082,0.687,1.027,0.578,0.0,0.089,1.054,0.0,1.387,1.286,1.405,0.632,0.384,0.97,1.95,2.705,4.573,6.836,7.255,7.122,4.241,2.599,1.738,1.286,0.601,0.627,0.0,0.902,1.01,0.0,1.235,0.126,0.709,0.477,0.417,0.368,0.091,1.046,1.413,2.409,4.603,6.383,7.788,7.147,4.449,3.136,1.314,0.619,0.543,1.107,0.0,1.212,0.898,0.456,0.998,0.321,0.595,0.223,0.904,0.168,0.544,1.161,2.099,2.795,5.689,6.909,8.746,8.05,6.149,3.26,1.414,0.932,0.658,0.86,0.0,0.518,0.62,0.0,0.0,0.4,0.568,0.57,0.318,0.32,0.509,1.17,2.53,2.832,6.757,8.849,10.0,9.285,5.684,3.832,1.163,1.004,0.567,0.626,0.146,0.786,1.303,0.151,0.674,0.974,0.455,1.201,0.399,0.562,0.27,1.137,2.057,4.283,6.472,8.979,8.655,7.922,5.303,3.671,1.689,1.023,0.869,1.174,1.05,0.003,0.851,0.61,0.403,0.0,0.0,0.327,0.0,0.358,0.919,0.639,1.75,2.85,5.766,7.967,1227.0,night
D0121,1.403,1.225,1.113,1.093,1.319,1.36,1.022,1.007,1.322,1.323,2.395,1.349,1.695,1.803,2.233,1.228,2.168,1.455,2.593,1.571,0.796,1.205,1.846,1.242,1.147,1.475,0.98,1.056,0.749,1.983,0.695,1.37,1.565,1.402,0.903,1.072,1.8,1.242,0.671,1.768,1.172,1.806,1.377,1.296,1.372,0.781,0.874,1.088,0.659,1.472,0.997,0.499,0.923,1.251,1.044,1.473,1.607,2.489,1.985,0.785,1.403,1.473,1.862,1.173,1.326,0.961,1.196,1.154,1.208,0.759,1.687,1.418,0.522,1.163,0.431,1.755,1.901,1.18,0.861,0.994,1.144,1.36,2.084,1.952,2.002,1.67,1.084,1.247,1.592,0.981,1.604,1.77,1.594,1.521,0.405,1.805,0.469,1.082,1.413,1.313,0.599,0.711,1.374,1.523,0.85,1.585,0.785,1.802,1.167,1.63,1.564,2.116,1.674,1.252,1.629,2.372,1.682,1.267,0.87,0.928,1.363,0.637,1.023,1.683,1.124,0.599,2.101,1.957,1.439,1.841,1.2,1.695,1.218,0.824,2.609,0.801,1.542,1.498,1.553,1.227,1.178,1.226,1.336,1.084,1.026,0.442,1.928,1.277,1.151,0.804,0.669,1.551,1.142,1.547,0.712,2.065,1.814,1.398,1.653,1.767,0.807,2.124,1.538,0.95,0.72,1.608,1.216,1.302,786.4,allday_low
D0122,0.236,0.325,1.478,1.166,2.378,5.566,7.168,7.873,5.716,3.051,0.423,0.92,0.0,0.734,0.305,0.381,0.305,0.948,0.868,0.311,0.0,0.74,0.0,0.0,0.549,0.883,0.226,0.957,1.774,4.667,7.488,7.701,5.559,2.599,1.76,0.053,0.529,0.678,0.098,0.249,0.773,0.0,0.0,0.218,0.899,1.049,0.279,0.003,0.804,0.0,0.519,0.755,2.543,4.969,6.571,7.894,5.765,3.122,1.622,0.413,0.449,0.759,1.006,0.454,0.377,0.0,1.037,0.547,0.385,0.362,0.486,0.671,0.728,1.059,0.517,1.565,2.437,4.315,6.245,7.857,6.723,2.906,1.381,0.638,0.786,0.153,0.0,0.58,0.0,0.0,1.152,0.741,1.171,0.717,0.63,0.49,0.225,0.548,0.139,0.255,1.714,4.706,6.091,6.88,5.986,2.905,1.495,0.981,0.552,0.027,0.885,0.642,0.32,0.298,0.476,0.167,0.0,0.645,0.618,0.0,0.376,0.941,0.0,0.316,0.801,2.701,3.652,3.123,2.864,2.501,0.324,0.249,0.394,0.0,0.939,0.0,0.0,0.0,0.44,0.0,0.282,0.399,0.0,0.0,0.287,0.45,0.0,0.378,0.657,2.064,3.032,2.959,2.624,1.116,0.743,0.438,1.212,0.0,0.066,0.0,0.0,0.0,0.429,0.461,0.263,0.0,0.0,0.0,817.0,morning
D0123,1.196,0.0,0.637,1.18,2.769,5.327,8.839,8.861,6.664,2.805,0.635,0.757,0.0,0.845,0.0,0.157,0.091,0.218,0.485,0.546,0.656,0.708,0.291,1.317,0.994,0.246,0.445,0.907,2.838,5.157,8.023,7.701,6.019,3.616,1.189,0.518,0.521,0.0,0.379,0.768,0.506,0.808,0.937,0.666,0.047,0.213,1.237,0.509,0.451,0.0,0.466,1.379,2.681,5.36,8.249,9.213,6.499,3.377,1.456,0.029,0.519,0.851,0.251,0.808,0.613,0.74,0.391,0.767,0.0,0.383,0.689,0.501,0.863,0.316,0.261,0.319,2.552,5.827,8.721,8.047,6.728,2.698,1.203,0.305,0.584,0.413,0.673,1.197,0.547,0.108,0.575,1.243,0.663,0.793,0.0,0.542,0.23,0.061,0.472,1.053,2.26,5.399,7.882,8.559,5.991,3.149,1.635,0.783,0.374,0.0,0.581,0.0,0.311,0.516,0.949,1.178,0.0,0.0,0.496,0.459,0.0,0.167,0.497,0.0,0.756,2.227,3.675,4.217,2.642,1.436,1.577,0.0,0.0,0.472,0.61,0.352,0.98,0.308,0.0,0.209,0.0,0.788,0.6,0.0,0.755,0.577,0.057,0.387,1.696,1.35,3.552,3.963,2.44,1.546,0.549,0.0,0.0,0.469,0.0,0.0,0.202,0.0,0.0,0.179,0.492,0.156,0.0,0.364,950.4,morning
D0124,0.0,0.759,0.488,0.0,0.56,1.589,2.324,3.743,7.388,9.28,6.877,3.742,2.028,0.86,0.0,0.556,0.862,0.274,0.399,0.63,0.57,0.0,0.0,0.194,0.0,1.033,0.658,0.0,0.336,1.235,1.496,4.583,8.004,9.606,7.737,5.068,1.724,1.903,0.553,0.897,0.21,0.597,0.617,0.0,0.0,0.28,0.87,0.0,0.209,0.962,0.0,0.944,0.0,0.313,1.72,5.043,7.094,8.279,7.025,4.924,1.349,1.319,0.476,0.367,0.507,0.012,0.434,0.0,0.979,0.0,0.57,0.0,0.132,0.204,1.715,0.373,0.063,0.526,1.109,4.126,8.215,9.21,8.062,4.095,1.867,0.876,0.118,0.561,0.65,0.617,0.304,0.863,0.257,0.215,1.021,0.0,0.0,0.0,0.529,0.938,0.113,1.506,1.709,3.937,6.63,9.484,7.205,3.68,2.967,0.922,0.782,1.119,0.631,0.793,0.378,0.684,0.338,0.345,0.408,0.175,0.395,0.393,0.536,0.458,1.095,0.8,0.711,2.094,3.957,3.649,4.352,1.679,1.287,0.356,0.177,0.0,0.576,0.0,0.0,0.689,0.973,0.0,0.619,0.526,0.108,0.75,0.076,0.385,0.0,0.0,1.241,1.928,2.889,4.482,3.916,2.0,0.128,0.264,0.0,0.193,0.0,0.0,0.0,0.224,0.0,0.005,0.461,0.0,905.0,morning
D0125,0.349,0.0,0.237,0.238,0.862,2.91,4.449,6.431,5.814,4.238,1.882,0.808,0.666,0.055,0.087,0.046,0.037,0.343,0.101,0.939,1.471,0.009,0.397,0.732,0.145,0.0,1.066,0.702,1.011,2.827,4.706,6.183,5.656,3.915,2.547,1.101,0.29,1.075,0.196,0.709,0.364,1.135,0.604,0.286,0.184,0.258,0.0,0.0,0.404,0.027,0.042,0.354,0.891,2.178,5.141,6.503,7.044,3.94,2.358,0.622,0.121,1.246,0.0,0.0,0.0,0.0,0.0,0.0,0.281,0.0,0.803,0.0,0.208,0.121,0.655,0.552,1.402,2.012,4.15,6.39,6.558,4.509,2.15,0.899,0.358,0.465,1.182,0.156,0.101,0.066,0.44,0.0,0.204,0.661,0.028,0.349,1.201,0.403,0.0,0.0,0.711,1.704,4.188,5.762,6.315,3.439,1.812,0.852,0.509,0.332,0.0,0.289,0.184,0.641,0.577,0.36,0.393,0.86,0.769,0.376,1.085,0.0,0.0,0.172,0.222,0.0,1.668,2.947,2.717,1.512,0.921,0.413,0.49,0.0,0.513,0.0,0.0,0.884,0.0,0.0,0.0,0.0,0.181,0.437,0.098,0.0,0.0,0.0,0.0,1.201,2.106,2.464,2.637,2.049,0.848,0.945,0.0,0.0,0.0,0.397,0.0,0.758,0.359,0.894,0.088,0.0,0.402,0.57,662.1,morning
D0126,0.0,5.062,0.711,0.234,0.694,0.783,0.0,0.0,0.721,5.563,0.313,0.374,0.6,0.591,0.061,0.628,0.042,0.307,0.288,0.0,0.0,1.203,0.0,0.364,0.444,4.277,0.486,0.331,0.0,0.425,0.0,0.967,0.377,3.889,0.337,0.0,0.299,0.082,0.0,0.0,1.279,0.225,0.0,0.0,0.395,0.0,0.0,0.169,0.208,6.555,0.0,0.05,0.014,0.0,0.35,1.227,0.825,7.462,0.0,0.979,0.328,0.669,0.432,0.071,0.549,0.444,0.0,0.17,0.618,0.35,0.437,0.0,0.291,3.784,0.084,0.0,0.587,0.331,0.285,1.098,0.388,4.282,0.298,0.016,0.0,0.284,0.0,0.298,0.317,0.077,0.134,0.0,0.799,0.023,0.0,0.42,0.228,3.836,0.0,0.176,0.784,0.389,0.163,0.562,0.191,4.088,0.246,0.444,0.0,0.0,0.586,0.855,0.0,0.259,0.0,0.576,0.289,1.676,0.043,0.87,0.929,5.13,0.21,0.236,0.198,0.704,0.0,0.121,0.067,4.002,0.58,0.672,0.0,0.657,0.0,0.204,0.137,0.233,0.231,0.159,0.019,0.145,0.807,0.0,1.195,3.83,0.288,0.437,0.049,0.802,0.426,0.088,0.797,3.565,0.0,0.433,0.541,0.325,0.123,0.067,0.689,0.288,0.0,0.0,0.861,0.0,0.303,0.788,421.1,intermittent
D0127,2.136,0.802,1.005,1.439,1.196,1.585,0.708,1.324,1.781,1.844,1.342,1.196,1.797,1.14,2.318,1.801,1.387,1.181,1.314,0.835,1.699,1.057,1.548,1.569,1.73,1.384,1.76,1.895,1.411,1.471,1.118,0.974,2.053,1.81,1.908,1.39,2.432,1.627,1.38,1.472,2.408,1.156,1.261,2.842,1.899,1.089,0.882,0.574,1.339,1.599,1.938,0.419,0.699,1.273,2.623,1.817,1.644,0.986,0.645,1.673,1.656,1.61,1.569,1.393,1.261,2.281,1.2,1.413,1.458,1.736,0.985,1.767,1.034,1.198,1.994,0.835,1.619,1.779,1.508,1.366,2.433,1.531,1.691,1.504,1.769,2.164,1.617,0.781,1.932,1.17,1.933,1.537,1.9,0.992,1.128,1.174,0.628,1.771,0.523,1.765,1.486,1.238,1.524,1.562,1.296,1.672,1.928,1.23,1.857,0.548,0.872,1.984,1.513,1.271,1.575,1.36,1.031,0.681,0.483,1.66,0.975,1.58,0.934,1.304,1.109,1.214,1.273,1.076,0.775,1.729,2.156,2.237,1.282,1.227,1.317,1.478,1.507,1.041,0.774,1.406,0.0,1.231,0.806,1.546,1.637,1.626,0.973,0.633,0.799,1.324,0.491,1.904,1.18,1.609,0.638,1.073,0.673,2.017,1.494,1.814,1.559,1.701,1.288,1.292,1.287,1.459,1.426,2.46,881.0,allday_low
D0128,0.374,0.453,0.154,0.536,0.0,0.0,0.349,0.04,2.45,0.091,0.729,0.753,0.0,0.0,0.0,0.0,3.064,2.791,0.0,2.114,0.0,0.226,0.145,0.52,0.428,0.479,0.0,0.0,0.632,0.0,0.0,0.568,4.158,0.683,0.196,0.08,0.818,0.0,0.85,0.0,4.921,4.351,0.012,4.071,0.038,0.0,1.088,0.0,0.715,0.656,0.357,0.133,0.281,0.451,0.239,0.0,3.052,0.873,0.0,0.282,0.088,0.266,0.0,0.351,4.339,4.987,0.252,4.474,0.0,0.653,0.295,0.315,0.336,0.976,0.323,0.0,0.0,0.576,0.409,0.0,4.82,0.0,0.405,0.0,0.081,0.0,0.892,0.389,5.604,5.741,0.229,5.26,0.0,0.773,0.0,0.2,0.398,0.469,0.0,0.0,0.431,0.0,0.0,0.124,1.951,0.236,0.394,0.366,0.0,0.0,0.574,0.0,2.015,1.264,0.143,2.158,0.0,0.0,0.0,0.511,0.0,0.181,0.539,0.301,0.018,0.372,0.683,0.168,3.992,0.733,0.396,0.201,0.0,0.082,0.0,0.0,5.427,4.594,0.005,5.328,0.331,0.0,0.0,0.012,0.118,0.492,0.0,0.886,0.492,0.0,0.268,0.698,5.815,0.044,0.202,0.309,0.576,0.0,0.0,0.967,6.207,6.142,1.573,5.413,0.0,0.11,0.724,0.787,608.7,intermittent
D0129,0.003,0.0,0.327,0.0,1.325,1.754,4.917,7.651,7.626,5.081,3.33,1.693,0.153,1.066,1.118,0.267,0.343,0.3,0.033,0.077,0.916,0.52,0.073,0.0,0.0,0.251,0.755,0.087,1.441,2.69,5.314,7.992,7.838,4.471,2.002,0.884,0.621,0.956,0.354,1.09,0.005,0.081,0.185,0.0,0.845,0.0,0.096,0.839,0.182,0.808,1.333,0.51,1.562,3.69,5.43,7.509,7.865,5.636,2.472,0.769,1.233,0.22,0.862,0.441,1.145,0.0,0.0,0.707,0.0,0.375,1.02,0.0,0.504,0.87,0.333,0.057,0.918,2.224,5.28,7.406,7.228,5.313,3.2,1.135,1.065,1.053,0.061,0.447,0.132,0.0,0.483,0.0,0.541,0.0,0.4,0.0,0.61,0.132,0.107,0.957,0.839,2.521,4.897,7.383,7.555,5.224,2.155,1.482,0.025,0.0,0.251,0.778,0.0,0.708,0.282,0.111,0.801,0.0,1.335,0.227,0.213,0.841,0.234,0.748,0.0,0.971,2.541,3.875,3.703,2.6,1.598,0.658,0.0,0.803,0.0,0.286,0.227,0.167,0.0,0.0,0.0,0.517,0.0,0.0,0.317,0.0,0.0,0.226,0.541,0.569,2.163,3.192,2.411,2.138,0.673,0.451,0.51,0.058,0.541,0.485,0.538,0.311,0.624,0.302,0.0,0.0,0.034,0.09,830.9,morning
D0130,5.351,3.433,1.683,1.028,0.6,0.373,1.111,0.299,0.316,0.721,0.278,0.597,0.0,0.0,0.41,0.252,0.005,0.48,0.723,0.867,2.084,4.059,5.059,5.84,5.594,3.725,1.92,0.678,0.132,0.353,1.277,0.611,0.0,0.673,0.013,0.352,0.09,1.265,0.0,0.498,0.06,0.757,0.761,1.751,2.64,3.65,6.831,6.362,5.106,3.828,2.419,1.352,0.811,0.847,0.756,0.0,1.303,1.241,0.715,0.372,0.38,0.209,0.267,0.0,1.057,0.955,0.0,1.586,2.313,3.872,5.741,5.328,5.646,3.979,2.29,0.53,0.822,0.912,0.569,0.273,1.584,0.0,0.722,0.484,1.28,0.548,0.645,0.604,0.0,0.058,0.54,1.683,2.551,4.089,6.443,5.56,6.258,3.649,3.272,1.343,1.186,0.478,0.928,0.398,0.638,0.572,0.605,1.211,0.0,0.422,0.542,0.478,0.292,0.302,1.492,1.484,4.058,5.3,6.921,8.059,7.188,5.584,2.321,0.636,0.946,0.926,0.616,0.778,0.709,0.0,0.599,1.065,0.55,0.0,0.323,0.726,1.3,0.0,1.001,1.162,3.318,5.547,7.253,8.434,6.462,4.076,1.771,1.847,1.026,0.712,0.095,0.839,1.313,0.339,0.436,0.0,0.07,0.0,0.453,0.243,0.577,0.071,0.623,0.889,2.659,3.668,6.2,6.666,1054.5,night
D0131,1.483,1.684,0.723,1.027,1.442,2.278,1.949,1.835,1.434,1.432,2.133,2.396,2.233,2.946,1.883,2.257,1.377,2.176,2.67,1.461,2.229,2.425,1.402,1.869,2.328,1.69,1.919,0.788,1.886,1.892,1.115,1.342,2.122,1.793,2.509,2.221,2.164,2.1,2.321,2.538,2.379,1.89,2.566,2.225,2.023,1.818,1.937,0.835,1.726,2.325,1.664,1.624,1.349,1.881,1.624,2.365,1.461,1.726,1.738,2.906,2.053,1.93,1.249,1.767,2.376,2.316,1.715,1.661,2.687,2.99,2.229,2.361,2.415,2.583,1.429,1.191,2.443,1.225,1.249,1.324,1.791,1.036,1.364,1.801,1.601,2.655,2.193,2.436,2.349,1.988,2.453,2.133,1.707,1.019,1.946,1.091,1.789,1.622,0.953,1.703,1.704,1.747,1.778,1.483,2.116,1.62,1.525,2.384,2.56,2.449,2.097,1.304,2.806,1.201,2.272,2.879,1.917,1.907,1.883,1.748,2.513,1.049,0.973,1.281,2.239,1.233,1.734,2.081,2.016,2.195,2.446,2.011,1.719,2.025,1.818,3.094,1.685,2.09,1.132,1.796,1.536,1.903,1.856,2.131,2.058,1.398,0.984,1.056,1.592,1.564,1.657,1.358,2.312,1.074,1.542,1.388,1.831,2.52,1.841,2.005,2.224,1.722,1.98,1.849,1.156,1.39,1.7,2.07,1132.4,allday_low
D0132,0.324,0.0,0.0,0.401,0.0,0.382,2.316,0.507,0.0,0.714,0.0,0.81,2.429,0.987,0.0,0.0,0.14,0.676,0.476,3.094,3.05,0.0,0.465,0.162,0.0,0.225,0.119,0.781,0.0,0.0,3.906,0.997,0.0,0.727,0.0,0.372,4.293,0.699,0.634,0.181,0.0,0.875,0.0,2.799,3.157,0.0,0.412,1.14,0.0,0.0,0.179,0.835,0.0,0.405,3.831,1.312,0.204,0.299,0.177,0.0,4.329,0.0,0.0,0.072,0.506,0.0,0.223,3.02,4.21,0.433,0.148,0.215,0.0,0.0,0.046,0.332,0.355,0.0,2.02,0.741,0.061,0.241,0.008,0.044,1.743,0.868,0.513,0.473,0.0,0.0,0.276,2.089,2.372,0.0,1.202,0.289,0.556,0.0,0.04,0.517,0.0,0.0,4.553,0.125,0.796,0.075,0.108,0.461,4.82,0.0,0.572,0.0,0.154,0.449,0.527,4.127,3.678,0.0,0.062,0.584,0.349,0.256,0.144,0.286,0.0,0.498,4.776,0.0,0.344,0.0,0.228,0.087,4.914,0.057,0.538,0.0,0.0,0.045,0.235,4.045,4.232,0.0,0.001,0.0,0.0,0.068,0.0,0.602,0.0,0.247,3.506,0.034,0.115,0.308,0.343,0.0,2.071,0.41,0.0,0.49,0.0,0.117,0.0,2.956,2.528,0.0,0.0,0.049,524.8,intermittent
D0133,1.964,2.369,1.936,1.677,2.168,1.856,2.149,2.521,1.998,1.85,1.836,2.406,1.87,2.148,1.884,2.534,1.926,1.624,1.626,1.784,1.741,1.991,1.737,1.92,1.912,2.009,0.794,1.169,1.958,1.848,2.249,1.183,1.743,1.908,2.201,2.219,2.476,2.253,2.937,3.066,1.762,2.223,2.485,2.305,1.773,1.993,1.097,1.744,1.052,1.905,1.151,1.749,1.852,1.787,1.525,1.783,2.488,1.85,2.135,1.952,2.724,2.34,1.975,2.308,2.156,2.829,2.106,1.419,2.181,2.682,2.348,1.257,1.588,1.662,1.644,1.847,1.554,1.341,2.238,1.373,1.596,1.533,2.401,2.251,2.662,1.952,1.755,2.105,2.183,2.297,1.369,2.257,1.554,1.587,2.338,0.77,1.854,1.819,1.284,1.475,2.258,2.636,2.289,2.727,1.646,1.33,2.102,2.565,1.43,1.888,1.952,2.466,2.367,1.854,2.207,1.526,1.765,1.309,1.742,1.393,1.849,1.497,1.386,2.304,1.71,1.412,1.366,1.159,1.731,1.976,1.052,1.369,1.806,1.58,2.107,2.157,1.983,2.23,1.65,1.817,1.31,1.818,1.663,1.038,1.468,1.491,1.614,1.652,1.213,1.921,1.864,1.364,1.247,1.546,1.251,2.076,2.571,2.714,1.597,2.429,2.076,0.904,1.764,1.638,2.306,1.298,1.882,1.529,1053.9,allday_low
D0134,0.0,0.193,0.594,0.82,0.068,0.081,0.0,0.479,0.641,0.0,3.924,0.0,0.248,0.0,0.0,0.685,0.105,3.586,0.374,0.617,0.0,3.362,0.003,4.128,0.19,0.09,0.397,1.045,0.254,0.1,1.095,0.819,0.754,0.0,6.297,0.0,0.655,0.256,0.0,0.762,0.069,5.679,0.0,0.443,0.447,5.636,0.033,7.003,0.0,0.0,0.488,0.0,0.0,0.679,0.442,0.387,0.251,0.0,3.38,0.134,0.55,0.361,0.0,0.525,0.0,2.935,0.0,0.0,1.037,2.356,0.0,3.333,0.0,0.236,0.809,0.46,0.0,0.106,0.405,0.451,0.175,0.328,3.426,0.124,0.0,0.5,0.297,0.0,0.0,2.66,0.075,0.708,1.607,1.713,0.303,2.93,0.147,0.473,0.296,0.066,0.242,0.479,0.436,0.313,0.0,1.497,7.164,0.571,0.0,0.314,0.31,0.0,0.0,5.826,0.0,0.0,0.248,6.661,0.287,5.674,0.0,0.039,0.0,0.346,0.818,0.0,0.243,0.016,0.0,0.294,5.558,0.0,0.0,0.238,0.689,0.527,0.881,4.848,0.592,0.0,0.528,5.787,0.433,5.94,0.0,0.151,0.0,0.227,0.333,0.223,0.0,0.0,0.367,0.14,5.487,0.0,0.0,0.0,0.0,0.021,0.146,4.983,1.198,0.0,0.756,5.103,0.0,5.589,580.1,intermittent
D0135,1.47,2.311,2.481,3.055,2.278,3.704,2.911,1.581,2.079,2.934,2.407,3.254,2.872,2.583,2.702,3.504,2.166,3.477,3.405,2.678,2.102,2.896,2.351,1.825,3.317,2.023,1.733,2.55,2.427,3.176,2.399,2.48,2.884,2.917,3.025,3.129,3.15,2.933,3.511,2.959,3.438,3.632,2.617,3.91,2.413,2.329,2.813,2.706,2.49,2.79,2.509,3.351,2.434,2.122,2.321,2.858,2.952,2.92,2.539,3.506,3.948,3.134,3.951,3.511,4.074,3.22,2.983,3.207,2.538,2.829,3.169,2.876,2.444,2.512,2.737,2.747,2.795,2.66,2.199,2.347,2.941,3.202,3.237,2.703,3.008,2.592,2.51,3.157,3.687,3.052,3.78,2.754,2.748,2.2,2.413,1.971,1.762,1.894,2.434,2.09,2.233,2.691,1.873,2.683,3.115,3.248,3.154,2.984,2.795,3.084,3.88,3.244,3.028,3.261,2.944,2.929,2.623,2.459,3.018,1.629,2.427,1.965,1.299,1.741,2.196,2.302,2.646,2.745,1.764,2.715,2.957,2.805,2.994,1.939,2.377,3.423,2.643,3.707,2.054,3.248,2.185,2.77,2.18,2.308,2.48,1.903,2.517,2.06,2.292,1.066,2.161,2.95,2.773,2.944,2.653,3.461,2.898,2.512,3.208,3.224,3.052,2.525,2.756,3.172,2.675,1.716,2.03,1.952,1571.8,allday_low
D0136,1.673,1.669,1.13,2.42,2.026,1.959,2.047,2.523,2.131,1.548,1.957,2.02,2.819,3.159,3.416,2.005,2.974,2.348,3.854,3.065,3.113,2.62,2.353,1.936,1.798,1.67,2.282,2.733,1.907,1.792,1.513,2.369,2.9,3.018,3.158,2.812,2.736,3.317,2.257,2.542,3.465,2.141,2.523,2.727,2.385,2.776,2.868,2.333,2.693,1.612,1.933,3.113,2.942,1.543,2.175,2.32,2.535,3.016,3.366,2.642,3.2,3.032,2.747,1.976,3.153,2.897,2.713,2.001,3.229,2.327,1.667,1.531,2.372,2.349,1.796,2.239,2.368,2.18,1.865,2.691,2.724,2.698,2.163,2.026,2.729,3.159,3.224,3.003,2.492,2.263,2.53,2.439,2.846,2.043,2.003,3.042,2.765,1.633,2.665,1.525,1.872,1.973,2.146,2.537,2.395,2.719,2.357,2.793,2.73,2.116,2.974,2.784,2.374,2.434,2.358,2.333,3.139,3.199,0.954,2.337,2.29,1.73,2.221,2.572,1.243,1.966,2.843,1.476,2.061,1.997,2.758,2.899,2.499,2.481,1.707,3.107,2.267,2.298,2.721,2.287,2.564,2.304,2.055,2.045,1.355,1.76,2.292,1.423,1.539,1.51,2.032,2.664,2.359,1.219,2.576,2.164,2.655,2.399,2.093,2.434,2.227,2.501,1.886,1.692,2.442,2.532,2.224,1.613,1369.0,allday_low
D0137,0.0,0.747,0.687,1.239,2.165,4.186,6.205,8.617,7.032,3.902,2.372,0.639,0.168,0.856,0.161,0.082,0.0,0.0,0.012,0.622,0.0,0.0,0.479,0.058,0.336,0.927,0.433,1.362,1.656,4.395,6.62,8.391,6.561,3.703,1.657,0.109,0.478,0.214,0.449,0.0,0.659,1.107,1.012,1.2,0.362,0.184,0.562,0.236,0.0,0.718,0.295,0.022,1.458,3.847,6.871,8.353,7.597,3.49,1.69,0.311,0.971,0.098,0.189,0.815,0.939,1.006,0.0,0.56,0.464,0.32,0.373,0.921,0.811,0.753,0.494,1.704,1.506,3.215,6.747,8.368,7.567,3.84,1.98,0.042,0.893,0.381,0.217,1.302,0.824,0.0,0.294,1.574,1.233,0.758,0.0,0.942,0.04,0.928,0.056,0.868,1.314,3.582,6.803,7.332,7.699,3.404,1.183,0.953,0.967,0.187,0.0,0.0,0.0,0.464,0.294,0.517,0.49,0.697,0.141,0.0,0.225,0.133,0.294,0.0,1.048,1.244,2.892,4.262,2.632,2.304,0.157,0.0,0.0,0.21,0.483,0.736,0.7,0.543,0.0,0.0,0.509,0.794,0.0,0.737,0.0,0.315,0.114,0.181,0.689,1.193,2.947,3.364,3.213,2.343,0.761,0.0,0.0,0.904,0.844,0.536,0.164,0.504,0.724,0.0,0.151,0.0,0.079,0.832,897.8,morning
D0138,0.936,0.0,0.538,0.0,0.389,0.112,0.583,0.037,0.0,0.249,0.0,0.0,0.0,1.424,0.0,0.242,0.024,0.96,3.093,0.179,0.442,3.523,0.0,0.123,0.0,0.0,0.534,0.297,0.364,0.264,0.548,0.703,0.0,0.484,0.0,0.0,0.938,0.0,0.229,0.0,0.0,0.0,2.88,0.0,0.0,2.263,0.64,0.506,0.0,0.443,0.025,0.0,0.113,0.425,0.0,0.361,1.259,0.218,0.151,0.097,0.35,0.0,0.901,0.577,0.0,0.149,3.458,0.27,0.163,3.822,0.0,0.0,0.655,0.0,0.0,0.072,1.225,0.522,0.0,0.117,0.446,0.0,0.0,0.319,0.857,0.0,0.845,0.0,0.0,0.474,4.196,0.471,0.453,4.05,0.023,0.04,0.0,0.0,0.0,0.0,0.053,0.0,0.0,0.0,0.069,0.0,0.0,0.825,0.0,0.0,0.0,0.711,0.316,0.0,2.977,0.208,0.0,3.403,0.0,0.361,0.336,0.0,0.0,0.006,0.0,0.152,0.002,0.0,0.0,0.651,0.0,1.176,0.133,0.275,0.135,0.271,0.609,0.614,1.875,0.502,0.341,2.694,0.888,0.906,0.545,0.0,0.0,0.478,0.75,0.0,0.627,0.024,0.0,0.35,0.548,0.0,0.0,0.909,0.0,0.66,0.0,0.326,4.056,0.531,0.81,3.527,0.373,0.0,259.8,intermittent
D0139,8.091,5.083,3.221,2.006,1.179,0.483,0.517,0.416,0.37,0.309,0.409,0.28,0.0,0.851,0.696,1.31,0.643,0.348,0.474,1.409,2.983,4.699,6.277,7.645,7.262,5.576,2.414,1.701,0.934,0.356,0.218,0.135,0.527,0.97,1.002,0.0,0.379,0.0,0.512,0.734,1.184,0.0,0.266,1.452,2.006,4.886,7.219,7.401,7.314,4.697,3.702,1.674,0.547,0.002,0.657,1.077,0.116,0.265,0.124,1.163,0.0,1.041,0.293,0.433,0.324,0.643,0.428,1.864,3.229,4.366,7.239,7.817,7.68,6.22,2.951,2.086,1.087,0.503,0.675,0.604,0.0,0.216,0.018,0.364,1.094,0.75,0.0,0.368,0.608,0.9,0.505,0.908,2.861,5.332,7.43,8.023,10.0,6.655,4.027,1.723,1.565,0.972,0.758,0.077,1.084,0.932,1.048,0.608,0.558,0.51,1.617,0.35,0.076,0.516,0.726,2.34,2.884,5.892,8.952,10.0,9.993,7.719,4.266,2.017,1.498,0.13,0.0,1.061,0.713,1.051,0.234,1.195,0.919,0.603,0.711,0.776,0.25,0.541,1.157,1.659,2.985,6.545,9.628,10.0,8.3,6.194,3.87,1.793,0.0,1.143,0.134,0.009,0.018,1.632,0.713,0.046,0.207,0.514,0.759,0.642,0.112,0.738,0.565,2.013,3.064,5.002,8.02,9.036,1319.5,night
D0140,1.822,1.57,1.133,0.49,1.365,1.476,1.398,0.084,1.818,1.181,1.979,2.508,1.687,2.035,1.866,2.075,1.847,1.51,1.263,2.307,1.71,1.813,1.555,1.761,0.878,1.288,1.456,1.832,2.484,1.506,1.078,0.901,1.106,1.243,0.365,1.439,2.123,1.872,1.735,1.108,2.273,1.973,1.665,0.601,1.292,1.634,1.362,1.409,1.59,1.32,1.521,0.871,0.731,1.537,1.682,1.673,1.572,1.446,1.766,1.913,1.998,3.011,1.437,3.29,1.235,1.916,1.133,1.73,1.955,1.454,1.813,1.132,0.359,1.533,1.243,1.035,1.096,1.505,1.009,1.608,2.048,2.519,2.303,1.815,1.916,1.658,1.642,2.231,1.662,1.907,1.238,2.208,1.368,1.929,1.058,0.982,1.879,0.969,0.523,0.783,1.667,1.665,1.032,1.155,1.816,2.184,1.64,1.992,2.194,2.807,1.331,1.537,1.573,2.115,1.557,1.732,1.568,1.44,1.424,1.786,0.716,1.059,0.559,1.227,1.065,1.671,1.235,1.096,1.251,2.208,0.797,1.286,1.637,1.368,1.887,1.629,1.736,1.621,1.457,0.852,1.441,0.502,0.935,1.41,1.688,2.183,0.913,0.736,1.388,2.032,1.927,0.83,1.298,1.815,1.917,1.835,1.419,1.917,2.084,1.235,2.219,2.015,1.17,1.849,1.727,1.678,1.947,1.185,914.7,allday_low
D0141,2.658,2.777,1.722,2.6,2.658,1.951,2.776,2.578,1.685,2.797,2.274,1.942,2.923,2.77,3.445,2.881,3.109,2.925,3.078,2.135,2.538,2.307,2.595,2.359,1.923,2.015,2.885,1.404,2.519,2.803,2.561,3.257,2.871,2.707,2.409,2.877,3.065,2.801,2.479,2.257,2.842,2.03,2.407,1.44,2.824,2.889,2.336,3.068,2.806,2.383,2.093,2.01,2.453,2.181,2.548,2.65,2.346,3.027,2.516,2.706,2.319,2.677,3.784,2.394,2.955,2.492,1.623,2.785,2.199,2.513,2.746,2.35,2.347,1.776,2.462,2.081,1.3,2.616,2.811,3.036,3.426,2.882,2.85,3.187,2.359,2.047,2.598,3.374,2.461,2.906,2.877,2.644,1.874,2.524,2.111,3.01,2.711,1.993,2.938,2.321,1.447,2.209,3.037,2.001,2.418,1.922,2.078,2.321,2.206,2.521,3.595,2.783,3.112,3.187,2.12,2.16,2.794,2.084,2.616,2.999,1.325,1.789,1.84,1.713,1.706,1.798,2.064,2.207,2.633,2.269,2.86,2.16,1.942,2.382,2.74,2.906,3.14,2.557,2.696,2.896,1.853,2.038,3.318,2.405,2.21,2.352,1.328,1.659,1.524,2.208,1.905,2.176,2.064,1.549,2.755,1.634,2.155,1.927,2.136,2.61,3.038,1.724,2.106,1.493,1.932,2.165,2.416,1.066,1441.8,allday_low
D0142,0.0,0.0,0.859,0.0,0.297,0.0,7.808,1.064,0.94,0.284,0.686,0.22,0.749,0.06,0.957,0.037,0.088,6.512,0.331,5.896,0.464,0.028,0.6,0.928,0.234,1.197,0.706,1.161,0.171,0.0,3.775,0.0,0.0,0.0,0.66,0.0,0.617,1.182,0.0,0.373,0.019,4.452,0.0,3.63,0.703,0.177,0.0,0.758,0.0,0.276,0.502,0.294,1.382,0.57,6.406,0.511,0.335,0.26,0.35,0.045,0.336,0.013,0.0,0.753,0.0,6.539,0.0,5.519,0.0,0.667,0.775,0.252,0.001,0.0,0.6,0.0,0.0,0.256,6.484,0.0,0.0,0.394,0.0,0.472,0.308,0.714,0.0,0.347,0.53,6.331,0.75,5.222,0.0,0.0,0.0,0.173,0.575,0.13,0.0,0.0,0.0,0.34,4.582,0.012,0.745,0.0,0.025,0.063,0.889,0.261,0.0,0.629,1.031,4.06,0.0,4.162,1.084,0.582,0.0,0.54,0.377,0.0,0.775,0.392,0.786,0.0,4.037,0.0,0.306,0.859,0.0,0.0,0.625,0.188,0.722,0.0,0.218,4.155,0.289,2.673,1.465,0.29,0.0,0.336,0.444,0.698,0.668,0.154,0.0,0.458,6.367,0.797,0.0,0.536,0.0,0.029,0.0,0.573,0.0,0.596,0.0,6.978,0.267,6.464,0.0,0.567,0.128,0.495,564.5,intermittent
D0143,0.0,0.475,0.067,0.998,0.645,0.922,3.245,5.43,7.336,5.85,3.06,1.433,0.494,0.711,0.521,0.597,0.196,0.0,0.581,0.98,0.78,0.994,0.355,0.0,0.0,0.903,0.0,1.018,0.26,2.406,3.476,6.205,7.926,5.353,2.931,0.99,0.082,0.175,0.037,0.0,0.187,0.484,0.0,0.209,0.915,0.0,1.151,0.0,0.372,0.858,1.002,0.553,0.302,1.188,3.25,6.73,6.68,5.647,2.618,0.782,0.545,0.178,0.173,0.0,0.249,0.979,0.0,0.686,0.0,0.0,0.0,0.838,0.678,0.0,0.419,0.882,1.225,1.358,2.514,5.475,7.198,6.446,3.063,1.029,1.613,0.506,0.0,0.229,0.732,0.25,0.64,0.0,0.0,0.0,0.155,0.432,0.555,1.378,0.0,0.183,0.264,1.949,3.843,5.384,7.44,4.907,3.396,1.892,0.0,0.568,0.0,0.639,0.0,0.523,0.608,0.772,0.669,0.293,0.097,0.234,0.0,0.032,0.0,0.0,0.0,0.118,0.161,2.507,3.246,1.268,1.496,0.531,0.0,0.0,0.602,0.0,0.162,0.283,0.0,0.581,0.309,0.014,1.19,0.583,0.0,0.0,1.226,0.0,0.275,1.17,1.697,2.71,3.073,2.212,0.878,0.717,0.032,0.0,0.782,0.0,0.881,0.228,0.041,0.0,1.067,0.11,0.0,0.557,716.6,morning
D0144,0.146,0.94,1.104,1.644,2.301,1.226,1.598,2.695,1.538,1.829,1.144,2.657,1.516,1.997,1.998,1.914,1.641,1.884,2.491,2.644,1.457,1.256,1.027,2.545,1.351,1.763,1.552,2.255,1.181,0.838,2.228,1.865,1.741,2.309,1.932,2.482,1.947,2.282,2.126,1.729,1.744,1.599,1.82,1.413,1.732,1.639,1.484,1.436,1.038,1.134,0.487,1.207,0.849,1.381,1.07,0.536,2.549,1.514,2.352,1.539,2.601,1.358,1.969,1.384,3.007,1.664,2.073,1.821,1.524,1.691,2.003,1.637,1.366,1.495,2.1,1.073,0.459,0.843,0.931,1.062,1.154,1.607,1.812,1.882,1.508,2.323,2.13,2.587,2.218,1.619,2.288,1.741,1.895,1.783,1.335,1.383,1.234,0.877,0.273,0.949,1.383,1.825,1.75,1.333,1.229,1.537,1.262,0.824,1.141,2.494,2.725,2.215,1.81,1.149,1.628,1.893,1.909,1.768,1.936,2.21,0.981,2.397,0.206,0.785,1.254,1.45,1.171,1.09,2.373,1.212,1.072,2.359,2.035,2.181,1.789,1.069,1.691,0.917,1.64,1.75,1.866,1.271,1.589,0.796,1.599,1.438,0.754,1.374,1.654,1.238,0.882,1.393,1.63,1.083,1.077,1.833,2.023,2.656,2.0,1.144,2.571,2.073,0.628,0.993,1.161,1.69,0.182,1.149,958.4,allday_low
D0145,2.146,1.927,1.128,1.213,0.396,0.038,1.043,1.095,0.13,0.0,1.116,0.489,0.466,0.324,0.0,0.091,0.583,0.082,3.146,3.075,0.167,4.546,4.957,2.467,2.76,1.347,1.293,0.237,0.612,0.535,0.396,0.848,0.0,0.0,0.501,0.433,0.0,0.853,1.009,0.506,0.0,0.393,5.094,4.956,1.286,5.802,7.844,2.708,2.619,2.553,2.189,1.314,0.506,0.076,0.0,0.0,0.378,0.125,0.149,0.762,0.249,1.152,0.041,0.0,0.0,0.631,4.648,3.992,0.186,5.712,5.344,2.795,2.361,2.421,2.052,1.158,0.422,1.006,0.449,1.96,0.0,0.0,0.747,0.285,0.656,0.0,0.324,0.506,0.056,0.411,3.155,4.076,1.336,4.14,5.09,2.99,2.552,3.068,1.897,0.93,1.307,0.851,0.487,0.0,0.659,0.0,0.239,0.342,1.192,0.224,0.0,1.0,0.666,0.69,4.928,5.189,0.404,4.749,6.914,2.828,3.174,2.272,2.187,1.318,0.575,0.0,0.891,0.443,0.827,0.0,0.349,0.0,0.339,0.748,0.49,0.331,0.33,0.0,2.642,3.704,0.583,4.696,5.647,3.44,2.888,2.146,1.564,1.264,0.0,0.94,0.093,0.263,0.263,0.28,0.0,0.366,0.565,0.0,0.0,0.701,0.618,0.44,2.969,3.729,0.163,4.175,4.62,2.493,836.0,intermittent
D0146,1.273,1.991,1.049,1.484,1.253,1.904,1.911,2.269,1.792,0.5,1.714,2.682,1.888,1.208,2.286,2.307,1.707,1.867,1.527,2.067,1.78,1.159,1.617,1.24,2.187,1.902,1.424,1.537,1.986,1.492,1.963,2.348,1.534,2.572,2.518,2.09,1.835,2.177,1.973,1.714,2.274,1.517,1.756,1.685,1.141,1.98,1.519,2.154,1.42,1.317,1.072,1.518,1.55,1.904,1.651,2.626,1.96,1.388,1.426,2.219,1.576,2.339,2.487,2.485,1.643,2.393,2.053,1.558,1.683,1.896,1.318,1.706,2.18,1.934,1.516,1.606,1.288,1.34,0.93,1.797,2.062,1.8,1.513,2.008,2.638,2.475,2.07,2.992,3.249,1.762,1.798,2.144,1.344,2.066,1.667,1.737,1.271,1.146,0.586,2.168,1.954,1.873,1.778,0.647,1.417,1.716,1.422,1.216,1.594,2.093,2.106,2.479,2.963,2.287,1.829,2.642,1.043,0.748,1.222,1.935,1.453,0.842,1.004,0.791,0.818,2.111,1.395,2.312,1.179,1.869,1.82,2.176,1.945,2.307,2.125,1.373,2.161,1.734,1.368,1.961,1.994,1.298,1.301,0.789,0.565,1.241,1.688,1.092,2.019,1.321,1.369,1.385,2.021,1.217,1.659,1.534,1.578,1.88,1.824,2.337,1.826,2.03,1.795,2.28,1.443,1.38,1.794,1.271,1035.8,allday_low
D0147,2.652,3.727,1.748,1.246,0.072,0.237,1.101,0.095,0.0,0.642,0.424,0.623,0.115,0.0,0.166,1.855,0.217,0.426,0.022,1.979,1.917,0.514,1.51,1.994,2.917,2.964,2.231,0.547,0.288,0.13,0.0,0.013,0.665,0.561,0.056,0.513,0.395,0.232,0.763,1.179,0.271,0.0,0.0,1.035,1.337,0.867,1.308,2.044,2.539,3.403,1.528,0.757,0.376,0.418,0.56,0.57,0.708,0.232,0.103,1.016,0.0,0.309,0.474,4.189,0.0,0.095,0.0,2.867,3.682,1.238,2.022,1.96,3.125,2.664,2.406,1.912,0.713,0.963,0.0,0.605,0.766,0.718,0.0,0.206,0.435,0.498,0.351,4.52,0.0,0.194,0.0,4.534,4.601,2.421,2.025,2.473,3.488,3.143,2.621,1.763,0.038,0.621,0.421,1.117,0.258,0.0,0.436,0.348,0.256,0.0,0.245,2.708,0.218,0.648,0.03,3.182,3.674,0.938,3.02,2.879,2.929,3.019,2.219,1.307,1.172,0.026,0.211,0.825,0.065,0.599,0.0,0.13,0.0,0.432,0.0,2.477,0.0,0.812,0.712,1.879,1.948,1.908,3.006,2.762,3.0,2.605,1.698,1.63,0.911,0.0,0.528,0.409,0.002,0.0,0.461,0.994,0.45,0.621,0.0,1.69,0.544,0.0,0.38,2.309,2.213,1.061,1.627,2.122,645.5,intermittent
D0148,0.826,0.212,0.227,0.349,1.015,3.164,6.529,9.585,7.993,5.94,2.968,0.93,0.049,0.509,1.321,0.486,0.011,0.294,0.0,0.373,0.672,0.053,0.0,0.489,0.139,0.03,0.05,0.727,1.029,3.453,6.482,8.445,8.132,5.704,2.659,0.289,1.372,0.706,0.158,0.0,0.284,0.1,0.338,0.0,0.152,0.18,0.278,0.259,0.389,1.052,0.16,0.137,0.435,2.804,5.422,8.998,8.323,6.07,3.384,0.689,0.354,0.984,0.452,0.6,0.83,0.768,0.55,0.993,0.334,0.599,0.285,0.824,0.05,0.0,0.686,0.088,0.709,3.603,6.488,8.412,6.996,5.887,3.022,1.31,0.723,0.303,0.182,0.0,0.051,0.51,0.517,0.72,0.0,0.0,0.194,0.0,0.43,0.0,0.903,0.15,1.869,3.118,5.276,9.081,8.067,5.439,2.559,1.234,0.722,0.0,0.252,0.399,0.609,0.616,0.421,0.099,0.076,0.0,0.613,0.069,0.078,0.272,0.178,0.244,0.138,1.486,2.583,3.816,4.286,2.768,0.969,0.418,0.95,0.035,0.183,0.463,0.261,0.0,0.0,0.16,0.46,0.759,0.0,0.957,0.016,0.563,0.0,0.0,0.0,1.065,2.657,3.441,3.234,2.762,1.091,0.557,1.604,0.15,0.0,0.362,0.476,0.281,0.217,0.813,0.757,0.093,0.0,0.339,872.3,morning
D0149,2.991,2.423,1.254,1.527,0.928,0.868,1.932,1.407,2.753,2.612,2.045,2.09,2.962,3.102,1.923,1.852,2.158,2.431,1.936,2.295,2.892,1.31,1.68,1.206,1.413,1.627,1.412,1.994,1.858,1.964,1.743,1.847,1.857,1.979,2.356,1.372,2.423,1.939,2.19,1.627,2.132,2.362,2.373,1.557,2.198,2.456,1.659,1.83,0.859,1.356,1.861,2.19,1.52,3.031,2.022,1.37,2.594,1.527,2.315,1.819,1.683,2.763,2.226,3.107,1.835,1.535,1.952,3.392,2.39,2.192,2.145,1.612,3.018,1.966,1.903,2.203,1.217,1.434,1.771,2.389,1.43,2.061,2.074,1.529,2.064,2.574,1.675,2.965,2.504,2.393,2.171,1.599,1.722,2.106,1.588,1.915,1.385,1.963,1.976,1.028,1.82,1.145,1.044,1.676,3.273,2.44,2.794,2.511,2.386,2.733,2.055,2.542,2.823,2.552,2.727,2.173,2.776,1.849,2.834,2.088,1.438,1.053,1.202,1.152,1.571,1.073,2.275,1.799,1.845,1.358,1.605,1.014,2.792,1.459,1.504,2.733,2.239,2.068,2.104,2.311,1.858,1.054,2.023,1.837,2.138,1.022,1.237,1.76,1.186,0.588,1.782,2.152,1.755,2.129,2.132,2.018,2.125,2.704,1.674,2.445,1.533,1.656,2.489,1.338,1.704,2.811,2.154,1.315,1138.4,allday_low
D0150,1.36,1.299,2.074,1.021,1.401,1.818,1.9,1.372,2.227,2.404,1.945,3.07,2.539,1.976,3.172,2.193,2.467,2.103,2.524,1.939,1.878,1.914,1.689,2.339,1.245,1.76,1.793,1.721,2.247,1.18,2.171,1.426,1.839,1.549,2.093,2.062,3.124,2.537,2.641,1.93,2.72,3.06,2.634,1.565,1.859,2.035,1.656,2.997,1.594,1.758,1.483,1.881,2.433,1.908,1.817,1.503,2.612,2.091,2.159,1.27,2.329,2.248,1.621,2.874,2.146,3.175,2.879,1.831,2.684,2.711,1.664,1.392,0.841,1.948,1.315,1.962,1.556,1.506,1.663,1.401,1.815,1.824,2.236,2.369,1.905,2.924,2.371,3.104,2.495,2.353,2.022,2.432,2.083,2.373,2.637,1.53,2.087,2.04,1.959,1.582,1.625,1.594,1.644,1.608,2.021,1.814,2.439,2.348,2.463,2.305,2.474,2.317,2.737,2.123,2.412,1.567,2.388,1.735,1.505,1.344,1.082,1.383,2.252,1.31,0.636,1.836,1.222,2.154,1.672,1.816,2.557,2.368,1.587,1.691,1.396,3.357,1.76,2.617,1.779,1.454,1.871,1.641,2.085,2.038,1.364,0.951,1.039,0.572,1.506,1.666,1.21,1.219,1.854,1.655,1.923,1.925,2.26,1.931,1.979,1.339,2.125,2.13,1.938,2.8,1.934,1.717,1.948,2.622,1164.3,allday_low
D0151,0.0,0.0,1.442,2.362,3.484,6.192,7.856,5.928,3.529,1.204,0.44,0.0,0.698,0.862,0.275,0.304,0.603,0.321,1.098,0.0,0.708,0.269,0.0,1.332,1.401,0.29,0.878,1.483,3.752,6.087,7.208,7.156,3.573,1.547,0.256,0.456,0.0,0.0,0.0,0.902,0.0,0.0,0.0,0.0,0.113,0.76,0.22,0.136,0.463,0.184,1.763,1.429,4.078,6.969,7.505,6.4,3.365,1.648,0.666,0.308,0.0,1.159,0.584,0.0,0.131,0.0,0.663,0.31,0.322,0.0,0.178,0.675,0.803,0.764,0.0,1.611,4.005,6.266,7.038,5.747,4.265,0.989,0.642,0.3,0.257,0.177,0.675,0.336,0.039,0.343,0.0,0.534,0.014,0.04,0.551,0.137,0.153,0.889,0.206,1.835,4.124,6.792,8.374,5.721,3.02,1.816,1.012,0.0,0.528,1.53,0.351,0.72,1.014,1.431,0.415,0.868,0.0,0.315,0.103,0.0,0.0,0.366,0.508,0.294,2.452,2.469,3.619,2.66,1.664,1.09,0.62,0.485,0.408,0.0,0.655,0.0,0.096,0.0,0.302,0.0,0.073,0.873,0.0,0.143,0.0,0.457,0.0,0.695,0.96,3.22,3.146,2.592,1.809,0.047,0.0,0.225,0.0,0.0,0.0,0.0,0.0,0.363,0.465,0.942,0.118,0.197,0.117,0.272,799.7,morning
D0152,1.663,2.077,1.387,1.122,1.227,1.425,1.04,1.318,1.158,1.908,1.995,1.115,1.677,2.832,2.308,2.215,1.673,2.04,1.829,1.395,1.449,1.382,0.857,0.877,1.339,1.015,1.239,0.675,1.79,2.408,1.99,2.103,1.953,1.873,1.875,1.499,2.282,2.295,1.816,2.248,1.659,1.627,2.185,1.947,1.567,1.438,1.606,0.646,1.088,0.828,1.38,1.887,1.644,1.242,1.209,1.255,2.571,1.784,1.926,0.961,1.44,1.991,1.8,2.071,2.025,2.181,0.995,1.256,1.626,1.303,1.388,1.521,1.094,1.484,1.619,1.426,1.753,0.494,1.264,1.996,1.282,1.303,1.779,1.903,1.731,2.84,2.153,1.605,1.324,2.094,1.419,2.722,1.864,1.846,1.639,1.977,0.351,0.856,1.84,2.072,0.873,0.654,1.603,1.813,1.737,1.727,1.003,1.742,1.87,1.764,1.161,2.274,2.361,1.553,1.752,1.53,1.452,1.816,1.76,1.956,1.76,1.18,2.516,1.955,0.99,1.382,0.481,1.447,2.257,2.83,1.598,1.871,2.047,2.701,1.38,3.005,1.632,1.193,1.51,1.214,1.693,0.691,1.438,1.624,1.953,1.564,1.877,0.985,1.464,0.322,1.323,1.609,1.719,0.87,1.477,1.607,1.581,2.136,1.724,1.854,1.554,2.199,2.165,1.439,2.787,1.09,1.828,0.897,978.6,allday_low
D0153,1.51,2.386,1.162,1.726,1.72,1.582,0.864,2.066,1.755,2.309,1.978,1.959,2.143,1.56,2.716,1.836,1.812,2.511,1.985,1.705,1.936,1.974,1.589,2.016,0.997,1.663,1.888,1.825,0.56,1.544,1.096,2.271,1.574,2.34,1.326,2.106,1.979,3.248,2.545,2.506,2.888,2.057,1.829,1.716,1.898,0.446,1.644,1.703,1.499,0.856,1.461,0.855,2.367,1.485,0.714,1.6,2.153,1.891,1.462,1.625,1.846,1.807,1.448,1.974,1.375,2.357,2.356,1.36,1.428,1.502,1.628,1.717,1.777,1.743,2.227,1.572,0.983,0.877,2.379,1.922,1.843,2.014,1.946,2.125,1.807,2.479,1.779,1.598,1.214,1.823,2.444,1.606,1.13,1.821,1.35,2.298,2.053,0.973,1.45,1.205,1.047,1.576,2.011,1.656,1.518,0.819,1.574,2.178,1.371,2.582,1.752,2.092,1.795,1.4,2.072,1.543,1.375,0.623,2.229,1.604,1.91,1.67,1.873,1.137,0.794,1.784,1.537,1.314,1.909,1.769,1.974,1.277,2.217,1.802,2.301,2.24,2.086,1.687,2.005,2.131,1.848,1.615,1.799,1.205,2.093,0.634,1.391,1.208,1.124,1.578,0.972,2.492,0.967,1.203,1.216,1.826,2.234,2.041,2.476,1.432,2.074,1.6,1.789,2.13,0.814,2.419,1.413,0.718,987.9,allday_low
D0154,0.147,1.087,0.701,1.337,0.588,2.12,1.377,1.287,1.539,0.504,1.164,2.249,1.351,1.497,1.326,2.184,1.385,0.884,2.549,0.705,1.215,0.82,0.83,0.626,0.826,1.486,0.17,1.611,1.558,1.332,1.203,1.323,1.899,0.538,1.715,1.111,1.866,1.249,1.854,0.829,0.733,1.396,2.034,1.565,1.497,1.585,0.967,1.377,0.808,0.902,0.94,0.798,1.039,0.988,0.827,1.135,1.329,0.828,1.576,1.225,1.584,1.226,2.009,1.956,1.022,1.683,2.039,0.897,0.868,1.529,0.558,0.753,0.612,1.38,0.714,0.915,0.732,1.619,0.759,0.565,0.608,1.636,1.733,2.009,0.927,1.421,2.628,1.389,1.241,1.438,1.627,1.554,0.982,0.935,1.012,0.774,0.513,1.857,0.843,0.886,0.925,1.066,1.341,0.989,1.771,1.592,1.302,1.147,1.983,1.453,0.977,1.985,1.168,1.838,0.257,1.158,1.781,1.201,1.415,0.697,1.118,0.941,1.033,1.857,1.549,1.349,1.393,0.669,0.921,0.501,0.678,0.903,1.332,0.822,1.365,1.304,0.835,1.989,0.653,1.694,0.118,1.015,0.492,0.698,1.776,0.783,0.426,1.159,0.802,1.06,0.62,0.689,0.778,1.55,1.147,0.831,1.418,1.409,1.641,1.156,1.31,1.492,0.795,1.59,1.14,0.583,0.532,0.947,683.2,allday_low
D0155,1.789,1.244,1.597,2.218,1.586,1.44,1.346,1.782,2.489,1.31,1.97,1.284,1.921,2.256,1.438,1.938,2.236,2.114,2.145,1.485,1.985,1.52,2.056,0.649,1.522,1.67,2.214,1.665,1.737,1.857,2.298,1.619,1.223,1.206,2.291,2.155,1.99,1.874,2.231,2.232,2.321,1.556,1.198,1.512,1.246,1.159,2.441,0.668,1.864,2.034,2.051,1.751,2.246,2.491,1.599,1.992,2.429,1.535,1.882,1.773,2.313,1.284,2.796,2.378,2.371,0.991,1.524,2.594,1.775,1.015,1.834,1.994,1.892,1.558,2.118,1.31,1.896,1.749,1.675,1.62,1.7,1.938,1.86,2.385,1.864,2.844,1.888,2.552,2.539,2.129,2.027,1.595,1.622,1.889,1.714,2.221,1.448,1.449,0.858,1.915,1.901,2.128,2.2,2.145,2.228,2.198,2.336,1.226,1.61,1.57,2.721,1.786,1.825,2.058,1.432,2.095,0.896,1.261,1.824,1.13,2.072,1.484,1.956,1.624,1.482,1.071,1.979,1.81,2.607,2.104,1.614,1.98,2.085,2.448,2.529,1.851,1.348,1.015,1.28,1.465,2.346,2.295,1.993,2.073,1.169,0.781,0.993,0.548,0.986,1.292,1.636,1.672,1.359,1.987,1.491,1.854,1.395,2.414,1.944,2.23,1.347,1.928,2.05,0.811,2.195,1.049,1.656,2.324,1080.9,allday_low
D0156,2.348,1.399,1.585,1.592,2.05,1.138,2.158,1.653,1.993,1.967,2.408,2.193,2.902,2.732,1.94,2.901,2.397,2.279,2.52,1.6,1.378,1.945,1.604,2.763,1.449,1.784,1.833,2.32,1.346,1.104,2.504,1.97,2.363,2.454,2.602,2.032,1.961,1.388,1.851,2.315,1.938,1.689,2.161,2.673,1.973,1.424,2.449,1.481,2.459,1.648,1.793,2.469,1.185,1.357,1.73,1.87,3.187,1.669,1.551,1.781,2.358,2.508,1.98,2.296,3.129,2.218,2.283,2.919,1.684,1.59,1.665,1.592,0.974,1.828,1.845,1.683,1.905,1.946,1.284,2.063,2.25,1.35,2.797,1.646,1.741,2.378,2.539,2.637,2.506,1.968,2.187,1.926,2.077,1.964,1.649,1.674,0.96,2.14,1.881,0.728,2.15,1.806,1.455,1.472,1.689,1.649,1.78,2.967,2.42,3.203,2.4,2.547,1.857,2.127,2.102,2.348,1.976,2.092,2.019,1.694,1.431,1.288,2.059,1.453,1.762,1.576,2.167,0.845,1.935,1.297,2.1,1.916,1.363,2.21,2.169,1.954,1.981,2.055,2.455,1.72,2.255,1.723,2.272,1.541,1.314,1.096,1.557,1.233,2.246,1.255,1.378,2.002,2.332,2.191,2.401,1.946,1.998,2.963,2.829,2.38,2.526,2.368,1.382,1.844,2.472,2.064,1.66,2.326,1169.6,allday_low
D0157,0.0,0.618,0.03,4.05,0.0,0.0,0.202,0.52,0.67,0.0,0.602,0.0,3.567,0.0,0.356,0.663,0.554,0.0,0.0,0.478,0.465,0.279,0.0,0.694,0.799,0.254,0.283,5.08,0.837,0.293,0.094,0.352,0.175,0.18,0.0,0.415,4.949,0.639,0.608,0.156,0.246,0.716,0.57,0.849,0.0,0.0,0.03,0.0,0.0,0.351,0.32,2.781,0.299,0.0,0.0,0.008,0.162,0.0,0.0,0.0,2.912,0.258,0.6,0.085,0.141,0.365,0.061,0.0,0.0,0.0,0.517,0.708,0.0,0.0,0.569,3.34,0.0,0.0,0.0,0.0,0.0,0.463,0.0,0.157,4.086,0.205,0.1,0.11,0.453,0.397,0.0,0.0,0.0,0.025,0.974,0.43,0.087,0.683,0.207,0.965,0.871,0.052,0.0,0.0,0.63,0.0,0.73,0.159,1.878,0.007,0.358,0.265,0.105,0.0,0.284,0.0,0.542,0.211,0.332,0.0,0.0,0.0,0.474,3.933,1.318,0.052,0.0,0.087,0.0,0.0,0.626,0.402,4.203,0.746,0.39,0.0,0.49,0.0,0.0,0.15,0.105,0.0,0.0,0.161,0.0,0.653,0.73,2.494,0.173,0.858,0.086,0.0,0.533,0.023,0.718,0.0,2.521,0.502,0.191,0.195,0.0,0.0,0.535,0.0,0.462,0.267,0.056,0.757,288.7,intermittent
D0158,0.0,2.612,0.081,1.062,0.0,0.284,0.0,0.233,2.839,0.599,0.596,2.805,0.781,0.475,0.76,0.114,0.561,0.0,0.0,1.114,0.0,0.0,1.769,0.0,0.0,3.012,0.278,0.387,0.0,0.0,0.631,0.91,4.221,0.0,0.678,4.214,0.0,0.63,0.244,0.0,0.191,0.343,0.664,0.641,0.0,0.0,3.146,0.851,0.0,1.663,0.0,0.0,0.56,0.0,0.0,0.045,3.051,0.0,0.356,2.682,0.094,0.984,0.0,0.767,0.661,0.101,0.0,0.0,0.0,0.383,2.031,0.152,0.072,3.106,0.261,0.0,0.193,1.048,0.407,0.0,2.732,0.336,0.0,2.316,0.122,0.811,0.483,0.0,0.518,0.131,0.282,0.241,0.0,0.0,2.441,0.0,0.0,2.494,0.55,0.295,0.482,0.338,0.0,0.484,3.422,0.081,0.161,3.278,0.0,0.624,0.389,0.135,0.823,0.0,0.0,0.0,0.295,0.666,2.241,1.622,0.0,3.187,0.139,0.158,0.0,0.618,0.0,0.0,2.832,0.788,0.7,2.182,0.504,0.0,0.125,0.0,0.538,0.387,0.578,0.005,0.051,0.0,2.37,0.564,0.28,1.902,0.682,0.0,0.438,0.0,0.779,0.359,2.477,0.0,1.096,2.791,0.308,0.643,0.0,0.0,0.473,0.0,0.704,0.586,0.22,0.195,2.185,0.238,398.1,intermittent
D0159,0.514,1.611,0.475,1.284,3.02,6.031,7.694,7.914,5.743,2.444,1.382,0.529,0.547,0.866,0.244,0.0,0.227,0.0,0.0,0.298,0.436,0.806,0.0,0.386,0.857,0.113,0.76,1.867,2.035,5.861,8.653,7.791,5.995,2.879,1.823,0.748,1.199,0.483,0.0,0.062,0.805,0.796,0.207,1.158,0.187,0.554,0.542,0.0,0.299,1.443,0.103,1.429,2.354,5.318,7.493,8.372,4.979,3.164,0.787,0.543,0.551,0.0,0.438,0.504,0.859,0.0,0.0,0.643,0.982,0.08,0.0,0.204,0.0,0.55,0.032,1.586,2.969,6.19,7.039,7.158,5.953,2.27,0.366,0.394,0.475,0.277,0.557,0.496,0.472,0.953,0.34,0.327,0.708,0.595,0.0,0.305,0.529,0.089,0.25,0.464,1.433,5.283,7.78,7.058,5.722,1.993,1.386,0.65,1.327,0.574,0.0,0.804,1.093,0.0,0.617,0.716,0.233,0.0,0.196,0.068,0.845,0.127,0.048,0.253,1.44,2.608,3.303,3.696,2.166,0.001,0.762,0.476,0.254,0.0,0.124,0.525,0.0,0.543,0.0,0.232,0.167,0.607,0.0,0.0,0.0,0.0,0.322,0.0,0.95,2.57,3.206,3.213,1.471,0.992,0.423,0.121,0.215,0.0,0.0,0.0,0.577,0.0,0.21,0.955,0.634,0.368,0.251,0.081,817.8,morning
D0160,0.503,0.685,0.906,0.454,1.297,2.134,6.765,7.618,7.596,4.544,2.011,0.764,0.0,0.0,0.85,0.573,0.0,0.53,0.698,0.015,0.512,0.78,0.0,0.567,0.491,1.176,0.608,0.341,1.078,3.899,5.59,8.068,7.196,5.217,2.717,0.86,0.25,0.147,0.0,0.372,0.363,0.0,0.0,0.42,0.477,0.505,0.0,0.506,0.247,0.719,0.0,1.043,1.89,3.04,5.932,8.157,6.841,4.512,2.291,1.783,0.0,1.078,0.241,0.312,0.875,1.237,0.517,0.851,0.0,0.089,0.0,0.095,0.582,0.426,1.134,1.45,1.149,2.682,6.272,8.373,7.501,5.048,2.455,0.426,0.0,0.318,0.238,0.452,0.268,0.0,0.0,0.659,0.029,0.223,0.076,0.0,0.0,0.773,0.232,0.785,1.496,2.981,5.823,7.42,7.551,4.865,2.528,0.405,0.53,0.0,0.942,0.03,0.093,0.0,0.294,0.19,1.131,0.697,0.079,0.0,0.0,0.0,0.0,0.393,0.48,1.353,2.16,3.58,2.647,2.089,1.367,0.227,0.395,0.0,0.0,0.294,0.618,0.04,1.113,0.0,0.0,0.21,0.356,0.0,0.0,0.411,0.203,0.055,0.709,1.134,2.237,3.042,2.552,1.477,0.647,0.363,0.0,0.562,0.14,0.0,0.858,0.15,0.0,0.838,0.74,0.0,0.0,0.0,761.9,morning
D0161,0.636,0.356,0.778,0.0,1.686,1.852,4.48,7.248,7.88,6.045,3.134,1.38,0.197,0.45,0.0,0.67,0.665,0.338,0.048,0.481,0.0,0.356,0.272,1.524,0.0,0.0,0.067,0.0,0.54,1.615,4.37,7.028,8.605,6.11,3.722,1.34,0.983,0.239,1.062,0.553,0.0,0.619,0.353,0.249,0.384,0.679,0.0,0.183,0.648,0.453,0.0,0.0,1.633,2.115,5.459,7.864,7.815,5.006,3.03,1.305,0.768,0.0,0.424,0.421,0.784,0.202,0.54,0.47,0.735,0.0,0.0,0.234,0.237,0.0,0.0,0.183,0.816,2.242,3.749,6.718,8.68,6.046,3.237,0.722,0.563,0.206,0.066,0.0,0.0,1.228,0.183,0.696,0.252,0.2,0.054,0.946,0.491,0.0,0.159,0.904,0.0,2.229,4.781,6.794,7.833,6.051,2.522,1.634,0.671,0.288,0.374,0.642,1.366,0.598,0.688,0.411,1.179,0.0,0.0,0.392,0.45,0.0,0.158,0.118,0.725,1.183,1.336,2.892,3.314,3.092,1.626,0.315,0.319,0.0,1.077,0.412,0.507,0.773,0.611,0.167,0.07,0.733,0.165,0.0,1.021,0.0,0.0,0.623,0.018,1.076,2.729,2.384,3.25,3.12,1.602,0.448,1.301,0.107,0.316,0.879,0.578,0.731,0.0,0.689,0.213,0.0,0.236,0.222,888.0,morning
D0162,0.64,0.241,0.372,0.148,0.0,0.731,0.65,0.0,0.369,0.419,0.122,1.211,1.162,0.097,0.167,0.114,0.0,0.0,0.495,7.718,0.965,0.622,6.084,5.615,0.712,0.962,0.482,0.096,0.842,0.572,0.745,0.0,0.388,1.032,0.47,0.66,0.249,0.281,0.864,0.0,0.0,0.018,0.244,4.388,0.562,0.159,5.743,3.875,0.595,0.81,0.406,0.222,0.598,0.781,0.444,0.478,0.954,0.551,0.0,0.779,0.153,0.224,0.257,0.645,0.996,0.22,0.988,3.97,0.84,0.298,3.86,4.546,0.0,0.0,0.0,0.77,0.876,0.367,0.0,0.196,0.063,0.0,0.0,0.427,0.0,0.331,0.0,0.955,0.023,0.591,0.284,3.601,0.0,0.0,3.251,3.245,0.783,0.381,0.0,0.225,0.15,0.028,0.179,0.529,0.0,0.03,0.628,0.397,0.761,0.832,0.0,0.316,0.0,0.0,0.0,2.6,0.053,0.0,2.859,3.689,0.0,0.762,0.242,0.053,0.0,0.593,0.0,0.623,1.034,0.0,0.776,0.261,0.0,0.0,0.33,0.431,0.0,0.264,0.621,6.416,0.064,0.447,6.738,6.018,0.617,0.267,0.173,0.338,0.0,0.716,0.0,0.0,0.2,0.427,0.512,0.886,0.251,0.0,0.151,0.072,0.45,0.0,0.137,4.979,0.297,0.0,4.3,3.01,515.5,intermittent
D0163,0.572,0.0,0.0,0.0,0.524,0.0,0.368,0.106,0.22,0.411,3.779,0.179,0.335,0.285,4.014,0.0,1.034,0.0,4.387,0.0,0.552,0.99,0.036,0.0,0.006,0.191,0.344,0.182,0.011,1.079,0.109,0.0,0.573,0.58,4.878,1.067,0.355,0.07,3.914,0.0,0.293,0.0,3.664,0.229,0.549,0.089,0.603,0.477,0.701,1.162,1.36,0.513,0.0,0.212,0.892,0.0,0.835,0.107,3.566,0.0,0.0,0.058,4.478,0.0,0.909,0.0,3.093,0.298,0.489,0.268,0.252,0.905,0.255,0.0,0.0,0.785,0.021,0.064,0.685,1.136,0.325,0.15,4.859,0.007,0.052,0.054,5.878,0.172,0.824,0.16,4.852,0.787,0.222,0.155,0.227,0.872,0.346,0.77,0.103,0.698,0.315,0.605,0.643,0.0,0.241,0.639,5.17,0.772,0.255,0.901,4.953,0.0,0.083,0.746,4.328,0.0,0.0,0.539,0.0,0.455,0.069,0.0,0.0,0.31,0.0,0.215,0.398,0.493,0.637,0.291,4.628,0.426,0.512,0.135,5.609,1.331,0.0,0.439,5.735,0.063,0.141,0.036,0.217,0.622,0.107,1.596,0.0,0.816,0.441,0.245,0.858,0.0,0.388,0.0,3.897,0.0,0.0,0.0,4.777,0.167,0.061,0.538,4.427,0.076,1.569,0.655,1.297,0.01,520.2,intermittent
D0164,0.024,1.647,0.075,0.686,1.351,4.482,6.04,7.188,4.106,2.461,0.183,0.225,0.18,0.018,0.061,0.723,1.264,0.438,0.0,0.314,0.126,0.686,0.415,0.0,0.781,0.734,1.059,0.559,2.141,3.709,6.422,6.953,4.624,2.67,1.089,0.244,0.938,0.182,0.345,0.0,0.519,0.071,0.716,0.0,0.479,0.0,0.563,0.207,0.466,0.029,0.0,0.596,2.091,4.501,6.582,6.353,5.737,2.666,0.733,0.637,0.425,0.209,0.154,0.729,1.063,0.0,0.839,0.294,0.392,0.894,0.0,0.652,0.864,0.0,0.0,1.529,1.215,4.43,6.906,6.953,5.165,2.397,1.222,0.127,0.049,0.304,0.0,0.545,0.0,0.449,0.491,0.0,0.0,0.102,0.573,0.441,0.0,0.332,0.485,0.85,1.461,4.1,6.536,6.677,4.85,3.129,1.038,0.045,0.0,0.353,0.0,0.131,0.48,0.798,0.0,0.316,0.241,0.288,0.335,0.257,0.756,0.694,1.138,0.351,0.717,1.473,2.667,3.37,2.601,1.436,0.157,0.0,1.02,0.0,0.766,0.311,0.0,0.0,0.0,0.316,0.0,0.828,0.035,0.444,0.394,0.849,0.0,0.364,0.171,1.743,3.091,2.808,3.005,1.24,0.162,0.384,0.0,0.0,0.0,0.121,0.087,0.656,0.07,0.0,0.816,0.0,0.132,0.212,719.3,morning
D0165,0.0,6.034,0.0,0.535,4.946,0.0,0.0,0.343,0.389,1.332,0.189,6.037,0.302,0.54,0.294,0.725,0.0,0.0,0.418,0.0,0.82,0.0,0.0,1.445,0.26,7.876,0.605,0.635,8.466,0.0,0.509,0.136,0.0,0.29,0.0,8.327,0.137,0.053,0.206,0.193,0.781,0.0,0.096,0.171,0.0,0.34,0.0,0.0,0.461,6.107,0.246,0.178,5.344,0.0,0.751,0.267,0.0,0.764,0.653,5.642,0.0,0.223,0.626,0.395,0.317,0.627,0.287,0.766,0.297,0.261,0.626,0.045,0.0,5.198,0.486,0.637,5.604,0.19,0.143,0.0,0.333,0.0,0.231,6.44,0.0,0.291,0.391,0.448,0.0,0.453,0.0,0.0,0.649,0.52,0.0,0.0,0.0,4.526,0.565,0.582,5.105,0.209,0.273,0.332,0.0,0.442,0.0,5.534,0.0,0.0,0.209,0.199,0.268,0.0,0.313,0.355,0.746,0.305,0.0,0.0,0.0,4.118,0.557,0.0,4.08,0.121,0.523,0.589,0.0,0.664,0.313,3.705,0.0,0.214,0.0,0.0,0.0,0.0,0.806,0.225,1.213,0.367,0.465,0.0,0.138,6.115,0.0,0.027,6.259,0.434,0.0,0.363,0.485,0.0,0.0,6.236,0.0,0.237,0.971,0.0,0.606,0.481,0.0,0.47,0.686,0.0,0.0,0.247,596.3,intermittent
D0166,1.617,2.123,1.483,0.01,0.0,0.592,0.477,0.79,0.0,0.556,0.0,0.511,2.738,1.086,0.432,0.09,0.301,2.443,0.0,4.064,1.808,1.62,2.505,3.189,2.438,1.134,0.704,0.0,0.642,0.808,0.8,0.551,0.394,0.0,0.379,0.0,3.259,0.0,0.469,0.832,0.413,2.872,0.784,4.269,1.045,1.939,2.875,2.572,0.956,0.925,1.057,0.224,0.916,1.059,0.0,0.0,0.047,0.021,0.901,0.0,1.936,0.835,0.579,0.408,0.145,2.304,0.238,2.448,0.997,0.851,2.049,2.175,1.924,1.048,1.069,0.787,0.173,0.123,0.0,0.365,0.87,0.87,0.0,1.146,3.315,0.0,0.0,0.0,0.409,3.013,0.111,3.576,0.667,1.401,2.776,3.21,3.201,1.892,0.686,0.205,0.672,0.164,0.446,1.127,0.355,1.282,0.0,0.459,2.467,0.0,0.618,0.948,1.259,2.31,0.0,3.082,1.688,2.029,2.859,2.641,2.418,2.124,1.586,0.0,0.13,0.0,1.113,0.675,0.0,0.253,0.155,0.0,3.818,0.739,0.404,0.0,0.008,3.052,0.261,3.934,1.678,1.552,2.554,2.982,2.783,1.782,0.812,0.646,0.267,0.748,0.446,0.824,0.0,0.0,0.372,0.471,4.077,0.0,0.234,0.215,0.365,3.488,0.796,2.767,1.892,2.559,2.544,1.782,678.8,intermittent
D0167,10.0,7.23,8.324,10.0,10.0,9.16,10.0,10.0,10.0,8.792,10.0,7.026,9.96,7.216,10.0,8.318,9.8,8.249,9.031,10.0,10.0,10.0,7.334,7.326,7.37,7.766,10.0,10.0,7.338,10.0,10.0,6.539,7.724,5.764,8.315,9.638,9.34,5.999,7.628,9.339,9.889,5.982,8.259,10.0,7.571,9.44,6.512,10.0,6.543,8.809,10.0,9.891,9.005,8.605,8.979,7.535,8.976,8.243,8.805,10.0,7.969,6.818,8.929,9.04,9.758,8.588,7.576,8.138,8.314,8.769,10.0,9.685,8.4,10.0,10.0,6.913,3.541,6.974,10.0,10.0,7.312,10.0,10.0,10.0,10.0,10.0,9.252,9.742,9.403,10.0,7.347,8.582,10.0,10.0,8.668,10.0,9.37,10.0,8.324,10.0,9.623,7.14,8.936,10.0,7.562,6.504,9.642,7.454,10.0,10.0,10.0,9.159,10.0,10.0,8.506,10.0,8.512,8.98,6.499,9.631,9.082,8.079,9.118,8.3,9.122,10.0,7.436,10.0,9.398,10.0,9.266,7.705,9.979,9.466,8.368,7.225,9.759,10.0,9.921,10.0,9.243,9.842,9.05,6.864,9.273,8.847,8.136,8.863,7.33,7.609,9.995,7.829,8.298,9.984,8.056,10.0,7.333,9.6,8.926,8.979,9.034,9.076,10.0,7.438,8.847,9.449,10.0,9.026,5000.0,noise
D0168,0.0,0.391,0.0,0.599,0.102,1.606,3.113,4.892,7.716,6.579,3.339,1.672,0.819,0.567,1.082,0.487,0.138,0.491,0.105,0.0,0.848,0.539,0.0,0.0,0.64,0.0,0.0,1.546,0.44,1.941,4.082,5.548,7.387,7.033,3.78,2.613,0.335,1.164,0.313,0.152,0.587,0.249,0.261,0.517,0.0,0.0,0.624,0.745,0.46,0.423,0.485,0.779,0.0,1.225,3.374,6.045,6.318,5.541,3.566,2.004,0.433,0.055,0.543,0.152,0.695,0.199,0.0,0.938,0.855,0.0,0.477,0.152,0.577,0.0,0.697,0.886,0.163,1.485,3.954,5.506,6.966,6.404,3.501,0.839,0.477,1.141,1.234,0.013,0.0,0.093,1.11,0.678,0.958,0.748,0.0,0.0,0.0,0.049,0.0,0.078,0.848,1.443,3.786,5.772,6.6,5.886,2.715,0.431,0.88,0.796,0.323,0.108,0.0,0.809,0.505,0.415,0.282,0.072,0.0,0.398,0.0,0.0,0.91,0.135,0.0,0.413,1.082,2.618,2.629,2.943,1.475,0.483,0.347,0.125,0.077,0.034,0.125,0.289,0.233,0.642,0.0,0.242,1.235,0.116,0.119,0.0,0.0,0.091,0.476,0.874,1.51,2.745,2.457,2.663,1.435,0.676,0.085,0.0,0.0,0.264,0.344,0.061,0.113,0.0,0.346,0.147,0.0,0.509,755.9,morning
D0169,0.0,0.387,0.0,1.104,2.859,4.996,6.586,7.793,5.166,1.994,0.766,0.0,0.532,0.0,0.602,0.764,0.271,0.0,0.864,0.303,0.344,0.0,0.389,0.211,0.0,0.928,1.248,1.474,2.93,5.84,6.638,6.436,4.459,2.367,0.751,0.0,0.321,0.261,0.681,0.322,0.0,0.476,1.014,0.315,0.746,0.075,0.557,0.0,0.194,0.217,0.671,0.645,1.879,5.257,7.304,6.963,5.066,2.142,1.01,0.263,0.202,0.457,1.322,0.636,0.549,0.65,0.0,0.446,0.712,0.34,0.283,0.0,0.109,0.0,0.906,1.691,3.409,4.663,6.809,6.576,4.188,1.782,0.651,0.814,0.0,0.778,0.918,0.431,0.855,0.0,0.051,0.387,0.403,0.945,0.0,0.061,0.251,0.075,0.0,0.75,2.301,5.445,6.295,6.934,4.986,1.891,0.956,0.659,0.488,0.326,0.0,0.585,0.119,0.3,0.366,0.672,1.155,0.0,0.311,0.0,0.804,0.166,0.07,0.481,1.189,1.941,3.734,3.401,2.444,0.699,0.067,0.138,0.503,0.362,0.0,0.436,0.0,0.0,0.207,0.0,0.0,0.834,0.751,1.166,0.325,0.42,0.113,0.249,1.408,2.631,3.198,2.387,2.035,0.547,0.207,0.904,0.0,1.097,0.368,0.0,0.152,0.0,0.0,0.154,0.0,0.0,0.021,0.0,724.4,morning
D0170,0.57,0.673,0.534,1.326,3.31,6.016,9.502,9.09,6.797,3.629,0.91,0.611,0.0,0.33,0.26,0.233,0.202,0.616,0.0,1.222,0.641,0.024,0.677,0.833,0.553,0.0,1.536,1.386,2.22,5.926,8.665,9.11,5.991,3.337,0.955,0.434,0.59,0.174,0.255,0.755,0.0,0.094,0.0,0.015,0.444,0.673,0.023,0.66,0.435,0.0,0.608,1.636,1.93,6.734,8.489,8.365,6.59,3.687,1.203,0.732,1.37,0.481,1.728,0.955,0.409,0.517,0.242,0.498,0.638,0.204,0.0,0.98,0.825,0.0,0.606,1.561,3.197,5.52,9.206,9.113,6.703,2.899,0.0,0.242,0.657,0.296,0.678,0.883,0.237,0.192,0.0,0.0,0.0,0.636,0.241,0.145,0.076,0.034,0.918,1.086,3.088,4.554,8.566,8.434,6.075,3.756,1.087,0.783,0.0,0.385,0.0,0.34,0.54,0.864,0.0,0.128,0.076,0.252,0.0,0.0,0.0,0.16,0.171,0.743,1.631,2.422,3.23,4.279,2.933,1.374,1.147,0.469,0.242,0.249,0.556,0.0,0.0,0.068,0.0,0.153,0.217,0.143,0.011,0.917,0.578,0.118,0.253,1.059,0.849,1.898,3.608,3.829,2.831,1.698,0.202,0.0,0.0,0.417,0.0,0.0,0.219,0.0,0.0,0.188,0.0,0.908,0.194,0.418,928.7,morning
D0171,0.293,0.0,0.0,0.0,0.782,0.883,0.731,0.178,0.0,6.474,0.0,0.222,0.867,0.865,0.023,0.0,0.0,0.777,7.168,0.082,0.051,0.0,0.0,1.175,0.947,0.0,0.0,0.249,0.107,0.456,0.558,0.0,0.749,2.956,0.447,0.056,0.588,0.0,0.506,0.0,0.206,0.733,2.804,0.0,0.006,0.0,0.0,0.221,0.249,0.386,0.0,0.0,0.124,0.067,0.076,0.0,0.326,2.92,0.123,0.04,0.162,0.711,0.0,0.0,0.0,0.0,2.043,0.963,0.429,0.478,0.049,0.367,0.042,0.598,0.317,0.215,0.249,0.891,0.307,0.0,0.383,6.592,0.167,0.208,0.0,0.276,0.0,0.119,0.0,0.674,7.175,0.0,0.23,0.092,0.441,0.275,0.0,0.206,0.067,0.879,0.0,0.28,0.393,0.361,0.03,3.214,0.0,0.0,0.463,0.0,0.0,0.0,0.0,0.451,3.048,0.204,0.639,0.0,0.198,0.771,0.665,0.872,0.0,0.639,0.034,0.494,0.816,0.0,0.0,6.864,0.445,0.178,0.153,0.0,0.32,0.0,0.249,0.239,4.613,0.446,0.311,0.371,0.143,0.248,0.245,0.291,0.381,0.295,1.0,0.0,0.0,0.929,0.098,3.198,0.228,0.065,0.611,0.401,0.0,0.245,0.0,0.739,3.613,1.011,0.328,0.0,0.312,0.0,435.1,intermittent
D0172,1.966,1.267,0.969,0.492,1.554,1.463,1.84,1.674,1.951,2.178,1.231,2.348,1.829,2.281,2.52,2.511,2.07,2.037,2.289,1.137,1.31,1.542,1.007,1.434,1.37,1.527,1.442,1.969,1.775,1.524,1.457,1.646,1.724,2.946,1.232,1.54,1.529,2.169,2.163,1.79,2.415,2.123,2.31,2.355,0.779,1.976,1.026,1.669,1.484,1.474,0.925,1.952,0.936,1.894,0.962,1.66,2.55,2.876,1.16,1.64,1.777,3.062,2.029,2.531,2.147,1.417,1.051,1.537,2.78,1.784,2.081,0.918,1.371,1.838,0.976,1.459,1.121,1.928,1.786,1.975,2.13,1.711,2.34,1.691,2.293,1.161,1.724,3.09,2.287,2.232,1.517,1.321,1.619,1.638,2.468,2.015,1.566,1.517,1.808,0.894,0.652,1.891,1.639,1.077,0.795,2.215,1.653,2.137,1.893,2.032,1.794,2.013,2.271,1.833,1.738,2.086,2.041,1.156,1.594,1.321,1.372,1.984,1.482,2.313,1.464,1.326,1.437,1.565,1.709,1.185,1.594,1.435,2.274,0.976,1.925,1.16,2.005,1.581,0.882,2.056,0.432,1.487,1.757,2.02,0.641,1.107,1.808,1.857,1.942,2.553,1.217,1.669,1.408,0.743,1.659,0.863,1.576,1.182,2.052,1.493,1.007,2.151,1.428,1.437,1.124,2.018,1.568,1.125,930.8,allday_low
D0173,0.094,0.0,0.761,0.641,0.105,4.155,0.0,0.0,1.19,0.0,0.334,0.0,0.532,0.0,0.956,1.01,0.455,4.056,0.117,0.18,5.006,4.275,0.643,0.0,0.882,0.004,0.0,0.358,0.387,2.942,0.0,0.0,0.0,0.0,0.329,0.0,0.0,0.781,1.124,0.0,0.653,3.88,0.0,0.0,3.097,4.064,0.0,0.255,1.373,0.933,0.0,0.0,0.798,4.308,0.662,1.447,0.52,0.749,0.697,0.0,0.347,0.0,0.797,0.0,0.532,5.246,0.0,0.0,5.632,4.609,0.286,0.0,0.0,0.458,0.489,0.079,0.0,5.061,0.01,1.139,0.152,0.273,0.017,0.321,1.776,0.054,0.786,0.252,0.74,3.643,1.087,0.365,5.316,5.18,0.276,0.0,0.0,0.988,0.066,0.0,0.0,2.993,0.0,0.456,0.015,0.0,0.572,0.662,0.0,0.149,0.21,0.366,1.053,2.177,0.017,0.087,2.362,1.678,0.226,0.403,0.184,0.155,0.0,0.297,0.259,3.374,0.329,0.36,0.776,0.441,0.399,0.0,0.657,0.049,0.219,0.0,1.123,2.031,0.853,0.374,2.924,4.24,0.414,0.0,0.047,0.478,1.008,0.053,0.0,6.432,0.461,0.0,0.391,0.439,0.091,0.0,0.0,0.091,0.397,0.592,0.0,5.862,0.457,0.313,6.749,6.72,0.842,0.072,575.4,intermittent
D0174,0.0,0.0,0.494,0.0,0.0,1.39,4.315,7.931,8.527,7.396,4.441,1.605,0.433,0.584,0.0,0.019,0.273,0.509,0.0,0.305,0.0,0.056,0.719,0.33,1.115,0.332,0.806,0.781,0.708,1.167,4.08,6.992,8.589,7.522,3.719,1.504,0.305,0.319,0.026,0.048,0.425,0.163,0.366,0.0,0.0,1.282,0.05,0.0,0.518,0.046,0.48,0.383,0.961,1.714,4.025,7.749,7.848,6.855,4.0,1.135,0.545,0.173,0.81,0.325,0.268,0.193,0.0,0.765,0.908,0.0,1.093,0.062,0.025,0.577,0.623,0.391,0.558,2.286,3.846,7.201,9.608,6.85,4.165,2.358,0.998,0.835,0.0,0.509,0.235,1.386,0.728,0.354,0.492,0.388,0.678,0.0,0.96,0.0,0.444,0.031,0.697,2.115,3.15,6.794,7.756,6.953,3.504,1.875,0.531,0.748,0.906,0.351,0.748,0.968,0.0,0.991,0.329,0.0,0.48,0.313,0.0,0.0,0.904,0.316,0.988,0.604,1.496,2.497,4.416,3.538,1.784,0.497,0.849,0.115,0.092,0.0,0.0,0.411,0.0,0.2,0.594,0.125,0.638,0.767,0.552,0.0,0.132,0.325,0.074,0.477,1.397,4.037,3.416,3.462,1.357,1.525,0.134,0.197,0.0,0.648,0.745,0.0,0.674,0.0,0.43,0.016,0.747,0.258,894.7,morning
D0175,0.615,0.0,0.574,0.162,0.493,0.188,0.587,0.124,0.243,0.299,0.962,0.387,0.0,0.0,0.386,0.684,0.0,3.148,0.196,0.306,0.0,2.67,0.0,0.0,0.0,0.723,0.31,0.0,0.0,0.735,0.0,0.352,0.463,0.0,0.669,0.0,0.0,0.793,0.751,0.322,0.428,1.775,0.744,0.801,0.149,1.02,0.0,0.158,0.127,0.0,0.348,0.0,0.19,0.218,0.203,0.534,0.475,1.151,0.0,0.277,0.248,0.227,0.0,0.0,0.154,3.076,0.001,0.0,0.017,4.346,0.0,0.543,0.0,0.0,0.333,0.001,0.0,0.0,0.0,0.295,0.0,0.524,0.401,0.845,1.106,0.545,0.0,1.102,0.0,1.614,0.958,0.395,0.0,1.893,0.372,0.0,0.0,0.984,1.066,0.165,0.031,0.505,0.0,0.0,0.0,0.066,0.496,0.106,0.464,0.509,0.723,0.183,0.223,1.262,0.0,0.0,0.627,1.122,0.0,0.0,0.0,0.092,0.363,0.0,0.597,0.0,0.0,0.748,0.219,0.519,0.529,0.0,0.0,0.596,0.956,0.159,0.0,3.527,0.0,0.278,0.0,2.928,0.0,0.0,0.0,0.438,0.213,0.536,0.0,0.046,0.421,0.526,0.0,0.283,0.0,0.549,0.977,0.0,0.0,0.258,0.138,3.656,0.175,0.0,0.0,2.742,0.0,0.0,276.6,intermittent
D0176,0.988,1.1,1.145,1.08,1.745,2.091,0.99,2.076,1.945,1.779,2.45,1.746,2.051,1.957,1.935,2.108,1.891,2.032,1.462,1.411,1.33,1.408,1.975,1.268,1.735,1.536,1.2,2.006,1.773,1.477,1.483,1.615,0.945,1.327,1.971,1.11,1.534,1.725,3.219,2.205,2.364,1.46,1.926,0.906,1.484,1.8,0.881,1.653,1.656,1.145,1.023,1.095,1.286,1.333,1.749,1.332,2.354,2.416,1.87,1.668,1.63,2.044,2.134,1.811,1.694,1.981,1.794,1.441,1.684,1.3,1.181,1.474,1.183,1.087,1.869,1.24,2.271,1.758,1.15,2.094,1.311,2.586,1.865,2.067,1.884,2.021,1.809,1.485,2.023,2.284,1.227,2.391,1.904,1.376,1.315,2.315,1.864,1.93,1.286,1.666,1.599,1.397,1.569,2.072,2.353,1.585,1.172,2.562,2.616,2.082,2.719,2.049,1.461,1.232,1.169,1.7,1.423,1.312,1.471,1.862,1.051,0.953,1.042,1.689,1.266,1.454,2.066,2.695,1.758,1.772,1.054,1.806,1.711,2.113,1.545,1.802,1.956,2.495,2.291,2.098,1.797,1.221,1.694,0.981,1.205,2.075,1.501,1.377,1.458,1.286,0.397,0.846,1.747,1.114,1.539,1.088,1.36,1.709,2.137,2.217,1.353,1.778,0.945,1.554,1.899,1.385,1.96,1.705,983.7,allday_low
D0177,0.0,0.0,0.75,1.125,0.536,2.555,4.153,6.166,6.305,3.779,1.012,1.513,0.345,0.0,0.336,0.241,0.467,0.124,0.418,0.702,0.0,0.0,0.655,0.029,0.24,0.068,0.119,0.222,0.456,2.731,5.34,6.526,6.615,3.792,1.627,0.924,0.56,0.238,0.582,0.0,0.14,0.711,0.71,0.653,0.736,0.109,0.0,0.16,0.563,0.639,0.065,0.009,0.631,2.28,4.008,6.368,6.21,3.968,1.726,0.429,0.11,0.039,0.595,0.277,1.702,0.127,0.474,0.137,0.126,0.98,0.726,0.0,0.0,0.218,0.07,0.0,1.074,1.679,4.919,6.934,6.581,3.948,2.554,0.888,0.748,0.0,0.963,0.276,0.986,0.888,0.393,0.459,0.196,0.0,0.545,0.522,0.0,0.228,0.678,1.082,1.298,1.715,4.144,6.12,6.508,3.539,2.257,0.422,0.589,0.0,0.177,0.0,0.912,0.0,0.0,0.0,0.225,0.057,0.555,0.157,0.649,0.0,0.598,0.0,0.0,0.765,1.68,2.414,2.971,1.687,0.907,0.57,0.0,0.386,0.0,0.0,0.0,0.419,0.0,0.0,0.0,0.067,0.053,0.49,0.064,0.546,0.292,0.0,0.109,1.689,2.497,3.013,2.905,1.814,0.901,0.318,0.911,0.0,0.219,0.0,0.0,0.928,0.388,0.015,0.146,0.0,0.0,0.0,665.2,morning
D0178,1.859,2.287,1.013,0.921,0.631,0.0,0.0,0.979,0.15,1.164,0.853,0.164,0.124,1.005,1.21,2.107,0.957,0.737,0.851,0.472,0.408,2.691,1.265,5.271,2.393,1.428,1.761,0.571,0.194,1.292,0.0,0.418,0.045,0.0,0.0,0.337,0.0,0.576,0.289,4.675,0.0,0.964,0.688,0.167,0.146,4.861,2.411,7.548,2.868,1.899,1.682,1.259,0.465,0.21,0.0,0.514,0.572,0.137,0.19,0.222,0.676,0.0,0.0,4.854,0.255,0.472,0.0,0.892,1.425,6.417,2.414,7.285,2.109,2.273,1.355,0.418,1.145,0.506,0.646,0.016,1.074,0.247,0.776,0.055,0.393,0.569,1.216,4.622,0.411,0.595,0.0,0.0,0.341,6.203,2.767,6.842,2.453,3.123,1.368,0.787,1.228,0.994,0.781,0.0,0.0,0.85,0.489,0.0,0.191,0.846,1.033,4.782,0.039,0.235,1.009,1.149,1.004,5.708,2.863,8.407,2.469,2.426,2.206,1.021,0.369,0.505,0.535,0.0,0.394,0.518,0.132,0.002,0.111,0.0,0.736,4.362,0.441,0.198,0.097,1.187,0.89,5.717,2.127,7.964,2.994,2.7,1.349,0.74,0.569,0.446,0.0,0.974,0.324,0.554,0.505,0.495,0.0,0.311,1.34,4.928,0.386,0.16,0.0,0.271,0.775,5.08,1.968,7.01,791.8,intermittent
D0179,0.06,0.601,0.0,3.617,0.136,0.426,0.033,0.0,0.0,0.149,0.0,0.0,0.0,0.24,0.766,0.24,0.772,0.011,4.26,0.788,0.109,0.191,0.011,0.446,0.628,0.381,0.119,5.575,0.201,0.136,0.329,0.275,0.93,0.0,0.0,0.0,0.0,0.709,0.0,0.0,0.409,0.605,5.783,0.0,0.0,0.518,0.287,0.0,0.502,0.225,0.121,2.631,0.0,1.05,0.018,0.0,0.0,0.223,0.567,0.449,0.0,0.741,0.536,0.0,0.112,0.44,3.962,0.0,0.201,0.155,0.0,0.0,0.652,0.418,1.125,3.534,0.239,0.317,0.58,0.789,0.219,0.0,0.0,0.241,0.682,0.0,0.0,0.518,0.0,0.0,4.439,0.078,0.043,0.793,0.0,0.0,0.936,0.308,0.509,5.058,0.155,0.0,0.346,0.577,0.291,0.681,0.501,0.0,0.138,0.001,0.542,0.411,0.26,0.659,4.548,0.0,0.0,0.316,0.452,0.203,0.0,0.369,0.243,3.586,0.053,0.354,0.93,0.0,0.541,0.0,0.0,0.0,0.458,0.244,0.044,0.392,0.204,0.235,4.265,0.0,0.947,0.816,0.901,0.0,0.0,0.01,0.68,4.844,0.0,0.36,0.0,0.0,0.255,0.0,0.19,0.0,0.0,0.176,0.0,0.0,0.214,0.512,4.62,0.079,0.089,0.0,0.729,0.114,347.2,intermittent
D0180,7.554,6.02,4.21,2.076,1.512,0.26,0.45,0.435,0.397,0.895,1.398,0.364,0.625,0.052,0.878,0.181,1.832,0.0,1.486,1.254,1.054,4.047,4.553,6.518,6.498,5.891,3.978,2.596,2.221,0.4,0.0,0.715,0.167,1.232,0.398,0.072,0.0,0.694,0.289,1.074,0.322,1.072,0.0,0.026,1.932,2.794,4.852,6.204,6.593,6.243,3.994,1.746,1.48,1.159,0.416,0.874,0.0,0.673,0.486,0.057,1.337,0.518,0.147,0.423,0.026,0.0,0.317,0.636,1.197,3.566,4.626,6.24,6.941,5.71,4.687,2.463,1.497,1.124,0.341,1.109,0.156,0.0,0.604,0.501,0.501,0.893,0.484,0.578,1.052,0.58,0.771,0.215,3.319,2.454,5.004,6.773,9.997,7.341,5.313,2.587,0.968,1.062,0.271,0.634,0.812,1.386,0.0,0.459,0.478,0.528,1.684,0.451,0.0,0.467,0.61,0.924,1.669,3.242,7.323,8.653,9.355,8.899,4.945,3.235,0.936,1.179,0.11,0.776,1.432,0.593,0.0,0.567,0.767,0.956,1.214,1.238,0.497,0.284,0.189,0.835,2.293,3.397,6.21,9.133,7.577,6.785,4.08,2.599,0.901,0.0,0.947,0.157,0.349,0.148,0.704,0.609,0.703,0.212,0.437,0.647,1.159,0.622,0.125,1.019,1.658,2.437,4.693,7.37,1203.9,night
D0181,0.0,0.0,0.005,0.286,1.277,2.844,5.143,7.046,7.649,4.361,1.352,1.17,1.144,0.314,0.465,0.467,0.0,0.742,0.9,1.169,0.146,0.0,0.954,0.567,0.736,0.055,0.498,0.087,1.301,3.047,7.161,8.449,6.625,4.868,2.42,0.676,0.0,0.654,0.0,0.602,0.0,0.102,0.773,0.563,0.357,0.329,0.383,0.0,0.0,0.602,1.065,0.833,1.417,2.659,6.501,8.418,7.935,5.334,2.968,0.387,0.0,0.423,0.0,0.0,0.892,0.0,0.338,0.0,0.371,0.875,0.888,0.813,0.308,0.846,0.57,0.363,1.475,3.602,5.509,7.725,7.529,4.319,1.698,0.7,0.895,0.794,0.488,0.424,1.282,0.1,0.451,0.078,0.0,0.876,0.205,0.655,0.215,0.89,0.0,1.057,1.64,2.235,5.569,8.251,7.95,4.947,1.963,0.409,0.681,0.147,0.154,0.225,0.722,1.138,0.788,0.33,0.0,0.626,1.075,0.777,0.248,0.0,0.325,0.772,0.691,1.395,2.439,4.856,3.016,1.748,1.088,0.309,0.662,0.636,0.0,0.0,0.0,0.507,0.347,0.0,0.252,0.0,0.0,0.0,0.203,0.202,0.0,0.414,0.997,0.818,2.296,3.512,3.034,1.33,0.703,0.142,0.103,0.085,0.842,0.043,0.0,0.178,0.924,0.062,0.0,0.0,0.4,0.0,789.8,morning
D0182,0.539,0.041,0.213,0.608,1.101,3.356,6.143,6.694,6.203,3.054,1.053,0.318,0.967,0.0,0.089,0.285,0.822,1.174,0.107,0.54,0.255,0.252,0.42,0.0,0.276,0.506,0.0,0.794,0.673,3.44,6.537,7.13,5.625,2.904,1.71,1.034,0.328,0.095,0.0,0.353,0.0,0.013,1.024,0.0,0.0,0.401,0.124,0.064,0.42,0.418,0.0,0.322,1.474,3.473,6.15,6.966,6.221,3.973,1.556,0.57,0.247,0.026,0.0,0.163,0.5,0.0,0.263,0.211,1.097,0.622,0.615,0.711,0.052,0.922,0.418,0.568,0.905,3.217,5.138,7.117,5.806,3.366,0.911,0.933,0.619,1.064,1.045,0.367,0.758,0.415,0.105,0.172,0.585,2.137,0.822,0.408,0.5,0.501,0.289,0.899,1.309,2.772,5.853,7.144,5.696,3.507,1.89,0.562,0.134,0.0,0.169,0.973,0.193,0.444,0.136,0.098,0.0,0.327,0.05,0.855,0.086,0.116,0.075,0.431,1.324,1.061,2.795,2.547,3.28,1.547,0.018,0.0,0.525,0.0,0.259,0.0,0.046,0.0,0.0,0.0,0.391,0.002,0.323,0.025,0.394,0.308,0.0,0.0,1.011,0.993,2.598,2.905,2.218,1.611,1.229,0.528,0.199,0.851,0.0,0.0,0.0,0.758,0.543,0.0,0.0,0.0,0.101,0.525,753.9,morning
D0183,0.99,1.314,2.045,0.474,1.748,1.178,1.483,1.252,1.863,1.447,1.074,1.63,1.984,1.509,0.587,1.457,1.521,1.407,1.143,1.894,0.163,1.21,1.162,2.011,1.027,1.207,1.045,1.049,1.826,0.568,0.813,1.508,1.346,1.171,1.334,1.838,1.695,1.188,1.627,1.486,1.688,1.283,0.822,1.601,1.478,1.805,0.521,1.037,0.929,0.829,0.295,0.527,1.155,0.843,0.742,1.812,2.299,1.273,0.69,1.605,0.538,0.901,1.706,0.886,1.343,0.759,1.391,1.804,0.955,1.159,0.746,0.733,0.659,1.361,0.352,0.858,1.218,1.478,1.312,1.135,0.975,1.715,0.975,1.044,2.085,1.671,1.698,1.778,1.434,0.78,1.479,1.29,0.844,0.678,1.092,0.457,0.969,0.888,0.935,1.188,1.313,0.748,1.505,1.069,2.02,1.035,0.641,1.802,1.668,2.049,1.659,2.562,1.392,1.898,1.129,1.52,1.536,1.543,1.463,0.0,0.899,0.647,0.72,0.779,1.37,1.053,0.774,0.391,1.798,0.877,1.17,2.247,1.05,1.234,1.472,0.635,0.554,1.068,1.028,1.229,0.668,1.247,0.032,0.93,1.092,1.054,0.816,0.609,0.843,1.517,0.732,1.492,1.62,0.387,1.171,0.844,0.653,1.714,1.581,1.476,0.84,1.379,0.639,1.203,0.81,1.524,0.839,1.066,707.3,allday_low
D0184,5.866,5.087,3.476,1.819,0.676,0.585,0.242,0.328,0.0,0.998,1.248,0.06,0.731,1.033,0.0,0.0,1.065,0.406,0.293,0.915,1.597,4.605,4.851,6.496,6.851,5.485,3.581,1.449,0.767,0.0,0.372,0.396,0.711,1.185,0.697,0.859,0.369,0.955,0.382,0.891,0.745,0.587,0.0,1.386,1.934,3.59,5.231,6.567,6.855,4.693,3.298,1.291,1.095,0.62,0.121,0.424,0.122,0.207,0.536,0.498,0.0,0.544,0.24,0.191,0.0,0.39,0.291,1.467,0.976,2.84,4.625,6.465,7.146,5.405,2.767,1.538,0.518,0.763,0.226,0.0,0.662,0.966,0.317,0.452,0.0,0.0,0.0,0.378,0.265,0.679,0.467,1.388,2.254,3.31,4.921,5.839,8.657,5.844,3.272,2.155,0.398,0.705,0.367,0.903,0.859,0.978,0.574,0.095,0.015,0.243,1.379,0.37,0.562,1.208,0.788,0.805,2.582,3.99,6.634,8.342,8.137,6.625,4.837,1.905,1.707,0.41,1.351,0.124,0.326,1.181,1.201,0.871,0.016,0.539,0.503,0.118,0.824,0.198,0.122,0.462,3.122,4.135,6.566,8.001,7.582,4.83,2.889,1.678,0.919,0.859,0.146,1.119,0.118,0.0,0.0,0.07,0.0,0.757,0.0,0.36,0.0,0.0,1.083,1.714,2.53,2.975,5.056,7.944,1088.0,night
D0185,0.385,0.63,0.0,0.921,3.121,5.253,8.69,7.657,5.725,3.613,0.627,0.644,0.64,0.396,0.241,0.0,0.441,0.307,0.0,0.848,0.0,0.0,0.085,0.0,0.239,0.0,0.702,1.689,2.741,4.892,7.724,8.35,4.89,2.318,0.404,0.573,1.35,0.0,0.72,0.099,0.0,1.057,1.325,0.538,0.516,0.381,0.286,0.506,0.659,1.122,0.265,1.125,2.654,6.002,9.215,8.726,6.135,3.281,1.715,1.608,0.0,0.625,0.0,0.781,0.601,0.107,0.0,0.346,0.453,0.324,0.073,0.0,0.332,0.013,0.865,1.032,1.918,5.621,8.321,8.978,6.193,2.468,1.787,0.0,0.39,0.695,1.009,1.203,0.927,0.291,0.614,0.454,0.034,0.301,1.162,0.644,1.264,0.0,0.304,1.201,2.893,5.212,8.088,8.194,4.862,3.068,1.571,0.629,0.0,0.213,0.532,0.0,0.748,0.664,0.396,0.343,0.422,0.333,0.0,0.142,0.192,0.806,0.537,1.143,0.58,2.333,4.594,3.378,2.256,1.17,1.423,0.0,0.421,0.336,0.0,0.152,0.0,0.464,0.941,0.004,0.004,1.292,0.0,0.0,0.762,0.127,0.328,1.431,0.446,2.129,2.698,3.451,2.061,0.621,0.787,0.213,0.0,0.0,0.235,0.0,0.244,0.744,0.441,0.0,0.265,0.0,0.202,0.0,853.9,morning
D0186,0.0,0.434,0.436,0.537,0.92,0.0,0.66,0.179,0.0,6.255,0.523,0.02,0.638,0.187,0.013,0.0,0.344,0.0,0.277,0.607,0.257,1.097,4.657,0.814,0.622,0.87,1.071,0.0,0.302,0.133,0.233,0.004,0.0,3.511,0.227,0.603,0.0,0.035,0.0,0.0,0.077,0.338,0.749,0.0,0.169,0.713,2.962,0.753,0.015,0.533,0.115,0.419,0.937,0.158,0.661,0.336,0.0,5.57,0.119,0.0,0.419,0.509,0.578,0.856,0.642,0.0,0.037,0.59,0.388,0.205,4.514,0.0,0.462,0.0,0.0,0.512,0.0,0.41,0.909,0.0,0.0,4.78,0.0,0.188,0.442,0.346,0.22,0.676,0.501,0.118,0.485,0.0,0.678,0.209,3.732,0.012,0.613,0.0,0.331,0.542,0.157,0.0,0.117,0.0,0.0,1.478,0.125,0.0,0.184,0.656,0.684,0.0,0.0,0.53,0.463,0.0,0.0,0.183,0.905,0.383,0.644,0.0,0.0,0.792,0.255,0.476,0.0,0.0,0.343,3.01,0.0,0.111,0.0,0.0,0.041,0.377,0.0,0.751,0.08,0.739,0.471,0.54,3.135,0.0,0.237,0.0,0.13,0.5,0.683,0.004,0.0,0.209,0.0,3.333,0.478,0.394,0.551,0.024,0.63,0.182,0.048,0.0,0.0,0.0,0.273,0.0,2.394,0.0,336.3,intermittent
D0187,5.88,5.47,3.426,1.922,1.457,0.908,0.32,0.218,0.207,0.0,0.85,0.049,0.741,0.375,0.983,0.595,0.77,0.108,0.0,0.752,0.456,2.336,3.704,5.34,6.39,5.423,3.433,2.1,0.746,1.644,0.539,0.1,0.752,0.915,0.008,0.0,0.0,0.055,0.332,0.0,0.171,0.281,0.591,0.961,1.499,3.353,4.732,5.818,5.685,4.881,2.863,2.025,1.139,0.953,0.524,0.84,0.842,0.0,0.124,0.352,0.039,0.247,0.492,0.302,0.36,0.0,0.672,0.881,0.976,1.965,4.793,6.505,6.568,5.31,4.171,2.277,0.95,1.018,0.062,0.075,0.542,0.428,0.663,0.914,0.0,0.394,1.232,0.108,0.058,0.0,0.515,0.985,1.652,2.222,4.471,6.135,7.846,6.132,4.514,2.133,0.422,1.012,0.579,0.733,0.217,0.738,0.916,1.245,0.822,0.629,0.0,0.408,0.0,0.111,1.448,0.416,0.631,3.62,5.114,7.652,7.636,6.722,5.213,2.014,1.243,0.867,0.214,0.596,0.484,0.716,1.305,1.679,0.684,0.426,0.674,0.372,0.0,0.479,1.08,0.255,1.315,3.134,5.82,8.694,6.438,5.802,3.898,2.038,1.078,0.404,1.683,0.743,0.193,0.929,0.512,0.422,0.314,0.284,0.0,0.0,0.566,0.33,0.889,0.362,0.971,3.179,4.578,6.738,1037.8,night
D0188,0.67,0.037,0.0,0.0,0.768,3.829,0.0,0.422,0.0,0.043,0.072,0.026,1.405,0.926,0.492,0.286,0.686,0.287,0.545,0.429,4.274,5.213,0.0,4.617,0.0,0.0,0.0,0.401,0.525,5.319,0.0,0.394,0.195,0.528,0.0,0.044,0.0,0.0,0.197,0.274,0.0,0.0,0.268,0.829,4.76,6.063,0.0,5.398,0.0,0.0,0.0,0.634,0.0,2.839,0.257,0.165,0.132,0.277,0.0,0.0,0.607,0.097,0.431,0.714,0.543,0.0,0.11,0.631,3.69,4.004,0.0,3.482,0.222,0.0,0.548,0.138,0.0,4.339,0.062,0.132,0.83,0.451,0.0,0.0,0.071,0.248,0.637,0.969,0.994,0.0,0.611,0.382,4.397,4.705,0.256,4.65,0.0,0.0,0.264,0.742,0.171,3.139,0.0,0.372,0.178,0.0,0.69,0.0,0.0,0.055,0.0,0.413,0.374,0.639,0.392,0.114,3.443,4.287,0.08,3.935,0.393,0.226,0.302,0.0,0.771,2.787,0.361,0.0,0.651,0.561,0.163,0.863,0.079,0.56,0.0,0.346,0.0,0.172,0.14,0.559,3.191,5.348,0.0,3.906,0.263,0.375,0.0,0.242,0.0,2.667,0.0,0.067,0.0,0.0,0.0,0.436,0.0,0.0,0.0,0.27,0.143,0.145,0.0,0.329,1.639,2.225,0.07,1.345,566.1,intermittent
D0189,0.46,1.232,0.828,0.531,0.357,1.448,3.044,6.277,7.784,6.277,3.631,1.18,0.827,0.724,0.0,0.446,1.245,0.177,0.0,0.0,0.0,0.023,0.0,0.727,0.659,0.463,0.868,0.12,0.709,2.683,4.119,6.705,7.141,5.805,2.902,2.169,0.0,0.765,0.575,0.0,0.822,0.192,0.0,0.472,0.0,0.216,0.081,0.0,0.0,0.667,0.462,0.491,0.512,1.719,3.524,6.104,8.256,6.39,3.101,0.739,0.0,0.068,0.362,0.362,0.375,0.459,0.0,0.987,0.219,0.441,0.013,0.448,1.243,0.0,0.0,0.0,0.526,1.461,3.387,6.42,8.189,5.925,3.31,1.566,0.87,0.971,0.421,0.307,0.0,0.641,0.0,0.0,0.395,1.002,0.635,0.291,0.0,0.978,0.275,0.225,0.892,1.41,3.324,5.825,6.815,5.185,2.628,1.779,0.851,0.0,0.697,0.432,0.147,0.0,0.446,1.132,0.299,0.742,0.198,0.708,0.071,0.0,0.0,0.228,0.791,0.694,1.748,2.635,4.071,3.372,1.205,0.0,0.0,0.43,0.202,0.0,0.261,0.0,0.496,0.0,0.0,0.0,0.0,0.303,0.648,0.625,0.198,0.065,0.014,0.0,1.533,2.194,3.543,2.306,1.678,0.348,0.0,0.413,0.25,0.268,0.081,0.479,0.413,0.0,0.007,0.58,0.0,0.0,748.6,morning
D0190,0.862,1.11,0.0,0.171,0.0,1.893,3.287,5.711,7.306,4.761,2.25,0.213,1.083,0.785,0.152,0.0,0.655,1.52,0.174,0.0,0.839,0.0,0.115,0.0,0.144,0.0,0.854,0.0,0.984,1.548,3.649,6.161,6.765,5.067,2.595,1.467,0.0,1.073,0.343,0.128,0.4,0.013,0.2,0.0,0.449,0.245,0.364,0.947,0.0,0.223,0.0,0.592,0.626,1.603,3.522,5.665,7.913,5.376,3.094,0.725,0.91,0.262,0.485,0.686,0.233,0.0,0.0,0.106,0.0,0.0,0.934,0.722,0.0,0.35,0.0,0.509,0.274,1.353,4.026,6.294,7.469,5.261,2.306,1.652,0.929,0.601,0.0,0.0,0.521,0.0,0.141,1.588,1.238,0.637,0.0,0.0,0.588,0.94,0.043,0.121,0.641,0.891,2.802,5.1,6.696,5.213,3.324,0.394,0.0,0.507,0.0,0.0,0.722,0.017,0.07,0.153,0.181,0.574,0.0,0.181,0.649,1.086,0.0,0.304,0.199,0.674,1.262,3.007,3.372,3.547,0.738,0.0,1.155,0.12,0.0,0.211,0.0,0.295,0.09,0.609,0.512,0.549,0.212,0.848,0.371,0.0,0.0,0.0,0.518,0.039,1.507,1.995,2.152,1.652,1.174,0.839,0.0,0.0,1.533,0.615,0.532,0.845,0.154,0.051,0.722,0.719,0.389,0.509,662.9,morning
D0191,2.628,2.611,1.54,1.146,0.516,0.0,0.146,0.501,0.538,0.886,0.026,1.615,0.174,0.964,0.402,0.411,0.218,0.14,0.931,0.0,0.719,1.153,1.856,2.718,2.476,1.873,1.294,0.938,0.322,0.826,0.294,0.401,0.0,0.764,0.933,3.691,0.465,0.237,0.413,0.489,0.0,0.635,4.942,0.98,0.266,1.167,1.583,1.485,2.118,1.505,1.502,0.057,0.016,0.077,0.609,1.501,0.385,0.0,0.0,2.648,0.0,0.742,0.371,0.192,0.0,0.671,2.1,0.461,0.584,0.432,1.685,1.766,2.235,2.296,1.741,0.825,0.082,0.034,0.0,0.0,0.293,0.0,0.294,1.916,0.0,0.561,0.271,0.0,0.01,0.387,2.391,0.257,0.798,1.226,1.439,2.446,2.913,3.301,1.659,1.051,0.679,0.23,0.0,0.506,0.507,1.233,0.63,3.281,0.619,0.0,0.0,0.0,0.607,0.946,3.384,0.404,1.569,1.242,1.748,3.044,3.771,2.271,1.028,1.065,0.949,0.0,0.783,0.0,0.65,0.0,0.0,4.307,0.871,0.32,1.402,0.0,0.0,0.199,4.013,0.642,0.531,1.774,2.622,3.799,2.457,2.38,1.788,0.89,0.426,0.0,0.343,0.56,0.264,0.0,0.0,3.963,0.304,0.915,0.0,0.078,0.0,0.76,4.444,1.314,0.975,1.64,2.197,2.838,618.6,intermittent
D0192,6.425,5.705,3.849,2.348,1.054,1.131,0.903,1.358,0.363,0.502,0.483,0.462,0.881,0.0,0.579,1.27,0.988,0.949,0.825,0.392,0.909,2.1,3.649,6.22,7.074,5.811,4.278,2.37,1.393,0.0,0.574,0.192,0.356,0.474,0.05,0.0,0.036,0.0,0.0,0.0,0.0,0.625,0.041,0.0,1.066,1.933,4.818,5.853,5.752,5.871,3.954,2.13,1.845,0.177,0.899,0.199,0.366,0.035,0.063,0.176,0.0,0.528,0.424,0.0,0.671,1.043,0.147,0.307,1.747,2.616,4.1,6.16,6.893,6.57,4.126,2.554,1.694,0.0,0.967,0.178,0.62,1.142,0.255,0.188,0.368,0.0,1.382,0.374,1.136,0.258,0.486,1.122,0.819,2.523,4.8,6.02,7.978,7.677,5.634,3.561,1.149,0.527,0.341,0.814,0.0,0.0,0.154,0.053,0.873,0.843,0.259,0.388,0.0,0.288,1.13,0.614,1.101,3.73,4.815,8.099,9.851,7.438,5.781,2.232,0.745,0.463,0.947,0.512,0.414,0.0,0.439,0.206,0.081,0.043,0.582,0.172,0.496,0.0,0.821,0.989,1.557,3.318,5.968,7.073,7.156,5.652,4.391,2.37,1.252,1.066,0.849,0.915,0.237,0.73,0.641,0.246,0.466,0.354,1.041,0.778,0.265,0.247,0.927,1.337,1.527,3.001,5.21,6.359,1091.5,night
D0193,1.046,0.085,0.317,1.211,0.0,1.736,3.371,5.999,6.27,5.163,2.933,1.323,0.908,0.0,0.229,0.203,0.252,0.296,0.0,0.0,0.379,0.0,0.463,0.0,0.593,0.258,0.296,0.238,0.466,1.534,4.2,5.308,6.521,5.805,3.291,1.82,0.478,0.0,0.0,0.147,0.624,0.167,0.132,0.46,0.294,0.083,0.0,0.707,0.753,0.0,0.109,0.649,0.137,1.803,3.521,5.451,7.612,5.176,3.158,0.711,1.204,1.194,0.0,0.208,0.879,0.071,0.465,0.0,0.0,0.419,0.016,0.119,0.0,0.576,0.0,1.042,0.342,1.999,3.984,5.555,6.554,5.124,2.746,0.632,0.745,0.008,0.234,0.734,0.539,0.002,0.75,0.581,0.0,0.05,0.732,0.632,0.0,0.0,0.588,0.0,0.979,2.428,3.652,5.283,6.551,5.529,2.82,1.373,0.12,0.0,0.679,0.0,0.0,0.129,0.409,0.744,1.008,0.305,0.564,0.322,0.286,0.043,0.304,0.0,1.183,0.0,1.907,2.843,3.233,1.866,0.56,0.82,0.831,0.242,0.491,0.0,0.276,0.678,0.0,0.66,0.0,0.0,0.372,0.983,0.119,0.0,0.962,0.083,0.559,0.505,1.531,2.147,3.741,2.668,1.964,0.131,0.0,0.0,1.247,0.0,0.586,0.0,0.0,0.077,1.062,0.608,0.0,0.413,673.5,morning
D0194,0.269,0.115,2.705,0.849,1.149,0.726,0.287,0.0,0.445,0.465,0.51,0.0,0.545,0.865,0.0,0.471,0.0,0.116,0.0,0.005,2.663,0.348,0.563,0.71,0.0,0.378,4.87,0.167,0.236,0.0,0.468,0.146,0.286,0.768,0.024,0.599,0.866,0.838,0.132,0.0,0.0,0.0,0.525,0.553,5.503,0.0,0.052,0.838,0.492,0.57,6.9,0.365,0.0,0.0,0.355,0.226,0.14,0.148,0.0,0.386,0.845,0.997,0.984,0.0,0.208,0.076,0.484,0.18,5.398,0.872,0.262,0.273,0.365,0.483,3.85,0.877,0.0,0.325,0.133,0.043,0.52,0.762,0.0,0.938,0.0,0.444,0.0,0.0,0.206,0.0,0.0,0.454,3.95,0.106,0.071,0.011,0.0,0.0,4.074,0.661,0.451,0.353,0.534,0.504,0.0,0.282,0.049,0.055,0.695,0.891,0.0,0.067,0.044,0.705,0.0,0.0,4.142,0.616,0.0,0.126,0.845,0.0,2.516,0.385,0.0,0.0,0.0,0.082,0.0,0.25,0.442,0.781,1.206,0.25,0.014,0.0,0.0,0.358,0.0,0.389,2.09,0.0,0.351,0.1,0.0,0.166,2.907,0.705,0.61,0.0,0.534,0.348,0.0,0.568,0.0,0.688,0.0,0.0,1.127,0.0,0.0,0.0,0.0,0.487,3.346,0.625,0.34,0.0,371.8,intermittent
D0195,1.121,2.306,1.627,1.797,1.841,1.251,1.775,1.692,1.368,1.143,1.777,2.098,1.895,1.841,1.948,1.794,2.585,1.955,1.548,0.879,1.53,1.29,1.214,1.865,1.438,0.616,1.631,0.661,1.714,1.227,1.529,1.539,1.552,1.787,1.803,2.675,1.989,2.035,1.616,2.095,1.427,2.351,1.099,1.313,0.886,1.739,1.299,1.749,0.963,1.612,1.614,1.469,1.416,1.502,1.08,1.066,1.864,1.527,1.971,2.532,1.682,1.653,1.79,1.941,2.164,1.821,2.702,1.882,1.97,1.533,1.945,1.348,1.112,1.781,1.327,1.484,1.844,1.503,1.423,1.309,2.097,1.539,1.744,1.963,2.015,2.379,1.904,2.543,1.776,2.001,1.684,2.635,1.461,1.433,1.542,1.32,1.543,1.926,1.419,1.456,1.299,1.213,1.533,1.553,2.147,1.261,2.421,1.768,1.955,1.444,2.188,1.491,2.056,1.958,1.62,0.763,2.591,1.076,1.613,1.112,1.733,1.065,0.879,1.504,0.689,1.11,1.652,2.073,1.024,1.248,1.748,0.752,2.31,1.281,1.545,1.848,1.722,1.217,2.365,0.365,0.952,1.108,0.914,1.845,0.515,1.937,1.093,0.624,0.316,1.2,1.025,1.501,1.254,1.954,1.526,1.46,2.137,1.834,2.091,2.248,1.567,1.668,1.97,0.421,1.411,1.294,1.509,0.936,966.1,allday_low
D0196,1.308,2.135,0.624,2.385,2.27,1.388,2.149,1.8,2.548,2.299,2.925,1.296,2.135,1.305,1.858,3.093,2.259,2.442,2.169,2.074,1.569,1.423,1.44,0.414,1.57,1.689,1.284,1.522,1.844,2.04,1.148,1.384,2.143,2.136,2.543,2.586,3.135,1.949,2.802,1.666,3.126,2.204,2.182,2.317,1.194,1.258,1.739,1.798,2.544,1.154,2.256,1.462,1.482,1.569,1.55,1.961,1.626,1.236,1.818,2.205,1.417,2.342,2.623,2.746,2.2,1.187,2.23,2.306,1.491,1.709,1.905,2.447,1.492,1.982,1.705,1.671,2.206,1.268,1.791,1.754,1.126,2.426,2.311,2.015,1.931,2.081,2.41,2.104,1.748,1.767,1.933,1.452,1.954,1.385,1.258,3.079,2.48,1.646,1.946,2.041,1.573,1.77,1.569,2.307,2.375,2.574,2.058,2.975,2.014,3.002,1.883,1.497,2.961,2.296,2.172,1.709,1.424,1.404,1.75,1.575,0.573,2.185,1.218,1.98,1.129,1.548,1.956,1.943,1.503,1.913,2.049,1.733,1.342,1.591,1.712,1.884,2.56,2.208,1.377,2.511,1.588,1.87,1.096,1.275,1.914,1.028,1.431,1.635,0.986,0.678,1.927,2.856,1.83,1.977,1.347,2.461,1.674,2.396,2.156,2.157,2.111,2.052,1.872,2.12,1.297,1.46,2.179,1.556,1095.3,allday_low
D0197,5.408,4.823,3.862,2.139,1.315,0.0,0.0,0.645,1.478,0.462,0.0,0.357,0.0,0.859,0.318,0.77,0.228,0.817,0.0,0.466,1.056,1.488,3.051,4.441,5.552,5.041,3.719,2.53,0.498,0.236,0.0,0.559,0.485,0.92,0.455,0.012,0.357,0.0,0.113,0.0,0.445,0.178,0.275,0.036,0.512,1.92,2.243,4.515,4.715,4.005,4.094,2.732,0.864,0.327,0.258,0.0,0.014,0.499,1.23,0.137,0.757,0.455,0.0,0.285,0.23,0.962,1.011,0.625,1.36,1.543,3.393,4.332,5.856,5.566,4.061,1.919,0.979,0.945,0.793,0.4,0.175,0.399,0.187,0.19,1.195,0.099,0.541,0.382,0.0,0.0,0.316,0.0,1.682,1.535,2.851,5.076,6.427,6.377,4.268,2.747,1.85,0.346,0.711,0.0,0.951,0.129,0.34,0.334,0.0,0.0,0.613,0.634,0.0,0.631,0.678,0.411,0.457,2.039,3.857,5.452,6.506,6.558,5.292,2.499,1.341,2.0,0.625,0.0,0.183,0.055,0.566,0.533,0.109,1.23,0.433,0.19,0.0,0.002,0.0,0.521,0.686,2.498,3.59,6.095,5.865,5.581,4.339,3.268,0.847,1.019,0.591,0.825,0.382,0.859,0.0,0.0,0.073,0.296,0.35,0.0,0.0,0.042,0.0,0.376,0.878,1.986,3.286,5.571,902.0,night
D0198,1.673,1.303,1.427,2.267,1.401,0.872,1.836,1.978,1.724,0.886,2.386,1.979,1.792,2.502,1.069,2.018,1.688,2.547,1.916,1.342,2.167,0.478,1.751,0.903,1.224,1.294,1.792,2.394,0.631,1.673,2.514,1.326,1.369,1.837,2.18,2.172,1.77,1.606,2.572,1.619,1.069,1.222,1.547,2.402,1.12,2.269,2.111,1.573,0.285,0.87,1.097,2.182,1.176,1.124,1.607,0.95,1.644,1.371,3.016,1.463,2.8,1.454,2.098,2.193,1.995,1.912,2.194,1.919,1.577,1.281,1.448,1.392,1.343,1.437,0.748,0.94,1.806,0.459,2.061,1.333,2.406,2.283,1.659,1.775,2.648,2.541,2.418,2.482,1.442,1.968,1.46,1.23,1.729,1.398,1.448,1.247,0.868,2.166,1.452,0.754,1.514,2.156,1.954,1.351,1.432,1.3,1.473,1.578,1.271,1.768,2.135,1.781,2.029,2.606,2.633,1.7,2.051,1.509,1.303,0.969,1.328,1.75,0.67,1.133,1.138,1.436,1.489,1.668,2.343,1.166,1.209,1.799,2.392,1.113,1.931,1.68,2.123,1.971,1.648,1.777,1.193,1.786,1.994,1.37,1.105,1.197,1.599,1.244,0.749,1.753,0.928,1.617,0.65,1.606,1.595,0.803,1.888,1.275,1.82,1.586,1.072,1.218,1.191,2.0,1.865,2.413,1.14,1.08,955.2,allday_low
D0199,1.671,1.937,0.652,1.363,1.015,1.611,1.919,2.281,1.644,1.953,1.214,1.644,2.172,1.499,2.678,2.346,1.672,1.364,1.647,1.501,1.292,1.145,1.621,2.01,1.326,1.821,1.455,1.896,1.292,1.807,1.779,2.391,2.091,2.02,1.31,1.795,1.719,1.741,2.129,2.219,2.205,2.599,2.189,1.353,1.931,2.041,2.293,1.611,1.581,2.106,1.683,0.901,0.83,2.509,0.953,1.703,2.237,1.111,1.484,1.47,2.89,3.019,1.791,2.371,2.218,1.905,1.239,2.944,1.022,1.874,1.433,2.134,2.027,1.18,1.247,0.923,1.734,2.0,1.526,1.668,2.698,2.327,2.577,1.022,2.326,2.224,1.558,1.641,1.981,1.427,1.612,1.698,2.097,1.46,1.523,2.142,0.852,1.723,1.778,1.808,1.421,1.201,2.408,1.393,1.337,1.914,1.638,2.504,1.96,2.642,2.324,1.936,2.581,1.738,1.827,2.143,1.941,1.475,1.033,1.672,1.154,1.472,1.253,1.136,1.361,1.479,1.865,1.791,2.598,1.778,1.471,1.753,2.127,2.351,2.513,1.442,2.448,1.807,1.357,1.623,2.2,1.806,1.007,0.97,0.927,1.129,1.477,0.952,1.289,2.143,2.28,2.298,0.848,2.468,1.815,1.863,2.334,2.216,1.068,1.624,1.707,1.229,2.223,2.362,1.651,1.735,1.547,1.557,1068.3,allday_low
D0200,1.794,1.437,1.511,2.583,1.191,1.753,2.614,1.372,1.81,2.112,2.355,2.204,1.894,2.535,2.301,2.616,2.713,1.571,2.635,1.978,2.387,2.166,2.715,1.832,1.607,1.528,1.271,2.122,1.293,2.189,1.78,1.15,2.685,0.573,2.133,2.345,1.259,2.532,2.045,2.222,2.901,2.304,2.012,2.016,2.814,2.125,1.483,1.609,1.253,1.555,2.461,1.684,1.187,2.023,1.704,2.196,1.906,2.743,1.76,1.716,2.719,1.432,2.269,2.694,1.309,2.269,1.497,1.262,1.536,1.861,1.563,2.327,1.826,1.538,1.148,1.859,2.715,1.513,1.617,1.466,2.548,2.51,1.969,1.971,1.872,2.204,2.805,2.352,2.876,1.916,1.129,3.265,2.112,2.294,1.526,1.216,1.858,0.862,1.617,2.219,1.99,1.944,2.665,2.112,1.158,2.025,3.036,2.101,3.136,2.794,2.163,1.847,2.45,2.812,1.459,2.147,1.097,1.791,1.136,2.082,1.3,2.104,1.32,1.298,0.883,1.822,1.914,2.172,2.109,2.064,2.221,2.33,2.476,1.413,1.904,1.37,2.217,2.75,2.356,1.61,2.041,1.906,1.797,1.059,2.201,1.053,1.399,2.014,1.442,1.682,1.746,1.779,1.865,1.98,1.986,1.613,1.37,2.549,2.582,2.252,2.215,1.604,0.855,1.771,0.96,1.832,2.279,1.369,1119.3,allday_low
D0201,0.321,0.656,0.0,0.061,0.469,0.482,0.349,0.271,0.331,0.031,3.198,0.0,0.424,0.205,0.361,0.0,0.202,0.192,4.744,0.539,0.0,3.757,0.0,0.0,0.89,0.0,0.581,0.0,0.0,0.0,0.227,0.192,0.337,0.0,1.563,0.0,0.774,0.0,0.0,0.0,1.188,0.458,1.35,0.483,0.345,1.599,0.426,0.139,0.203,0.0,0.776,0.0,0.0,0.0,0.0,0.0,0.476,0.565,1.335,0.0,0.0,0.049,0.894,0.0,0.83,0.061,3.199,0.0,0.0,2.105,0.708,0.198,0.219,0.412,0.0,0.277,0.0,0.787,0.314,0.437,0.0,0.443,2.072,0.0,0.168,0.0,0.4,0.771,0.0,0.112,2.345,0.0,0.538,2.336,1.037,0.349,0.0,0.397,0.743,0.0,0.549,0.0,0.829,0.525,0.0,0.337,3.257,0.0,0.471,0.104,0.731,0.194,0.148,0.66,4.524,0.154,0.213,3.928,0.687,0.0,0.0,0.0,0.0,0.81,0.0,0.035,0.844,0.079,0.374,0.0,3.656,0.088,0.0,0.0,0.903,0.0,0.0,0.0,3.427,0.211,0.343,2.993,0.434,0.02,1.095,0.0,0.771,0.0,0.0,0.0,0.299,0.685,0.0,0.0,4.172,0.161,0.0,0.0,0.301,0.456,0.383,0.174,4.029,0.304,0.27,3.222,0.026,0.327,350.8,intermittent
D0202,1.185,1.729,2.629,1.538,0.964,1.465,1.585,1.974,2.253,2.386,2.067,1.884,2.6,1.807,1.999,1.854,0.973,2.457,2.129,0.693,2.145,1.497,2.025,1.571,0.892,1.489,1.055,0.927,1.893,1.713,2.255,1.456,1.261,2.047,1.45,1.745,2.169,1.907,1.754,1.332,2.354,1.719,2.103,1.978,2.185,1.528,1.424,1.038,1.259,1.631,1.092,1.62,2.163,1.337,0.989,1.448,1.054,2.36,1.863,1.557,1.68,1.431,2.429,2.79,1.26,2.354,1.714,2.33,0.869,1.735,1.397,1.834,1.53,1.488,1.412,2.181,1.424,1.926,1.863,2.034,1.238,2.078,1.976,1.349,1.837,2.996,1.798,1.798,2.135,1.641,1.888,1.558,1.875,1.606,2.459,1.558,1.403,1.941,0.834,2.239,1.058,2.074,2.236,1.397,1.501,1.711,2.105,1.435,1.883,1.822,1.456,1.493,1.99,1.934,1.481,1.795,1.403,2.222,1.534,2.031,0.591,1.475,1.582,1.268,1.11,1.314,1.757,0.926,1.84,1.727,1.525,1.598,1.767,2.513,1.933,1.343,1.543,1.181,0.792,1.061,1.579,2.044,1.871,0.863,0.994,0.907,0.152,1.254,1.714,1.27,0.852,1.09,1.377,1.93,1.56,1.982,1.702,1.874,1.354,1.458,1.174,1.967,1.511,0.0,1.741,1.909,1.057,1.599,958.1,allday_low
D0203,3.068,2.561,1.584,1.435,0.676,0.993,0.78,0.315,0.253,0.0,0.765,0.262,0.56,0.817,0.033,0.0,1.399,0.56,2.832,3.507,0.47,1.248,1.64,2.752,3.134,2.719,2.411,1.144,1.056,0.331,0.0,0.586,0.585,1.311,0.305,0.379,0.512,0.756,0.727,0.44,0.283,0.68,3.448,2.877,0.0,0.979,1.958,3.881,3.166,3.042,2.083,1.673,0.886,0.144,0.0,0.088,0.0,0.156,0.324,0.034,0.915,0.782,0.157,0.0,0.247,0.204,1.296,1.188,0.109,1.09,1.71,2.614,3.458,3.174,2.44,1.31,0.98,0.149,0.0,0.0,0.0,0.0,0.0,0.517,0.864,0.542,0.073,0.0,0.378,0.0,2.514,2.202,0.0,1.817,1.423,2.74,4.062,3.653,3.108,1.453,1.147,0.699,0.0,0.455,0.0,0.0,0.468,0.153,0.505,0.509,0.0,0.67,0.466,0.079,2.858,3.28,0.604,2.329,3.062,3.548,4.174,3.928,2.733,1.898,1.305,0.0,0.68,0.762,0.589,0.271,0.568,0.914,0.303,0.34,1.289,0.468,0.0,0.728,2.07,1.646,0.261,1.523,2.446,3.065,3.536,3.286,2.487,1.769,0.049,0.0,0.119,0.894,1.354,0.289,0.308,0.0,0.694,0.489,0.414,0.0,1.179,0.976,1.87,2.222,0.667,1.561,1.485,2.01,655.7,intermittent
D0204,0.475,0.163,0.314,0.048,0.881,3.349,5.386,6.625,5.611,3.775,1.278,1.341,0.498,0.587,0.747,0.596,0.0,0.76,0.104,0.408,0.332,0.787,0.449,0.0,1.214,0.655,0.079,0.069,1.881,2.872,5.99,7.104,5.074,2.704,1.076,0.08,0.418,0.445,0.6,0.0,0.65,0.0,0.65,0.0,0.978,0.038,0.542,0.578,0.0,0.655,0.079,0.443,1.152,4.057,5.103,6.817,5.086,3.528,2.332,0.241,0.378,0.104,0.74,0.16,0.68,0.093,1.282,0.0,0.442,0.268,0.251,0.401,0.299,0.377,0.511,1.368,0.209,4.161,6.782,5.835,5.388,3.654,1.701,1.279,0.482,0.0,0.86,0.558,0.932,0.0,0.0,0.28,0.872,0.998,0.0,0.09,1.552,0.016,0.615,0.349,1.594,2.774,4.971,6.125,4.853,2.748,1.46,1.349,0.033,0.0,0.263,0.0,0.0,0.738,0.295,0.339,0.0,0.0,0.0,0.25,0.183,0.186,0.0,0.0,0.567,1.659,2.273,2.559,2.012,1.07,0.376,0.0,0.0,0.681,0.0,0.0,0.0,0.949,0.635,0.251,0.646,0.36,0.089,0.0,0.968,0.0,0.0,0.249,0.606,1.591,2.459,2.39,2.158,1.459,0.217,0.861,0.117,0.83,0.0,0.404,0.0,0.0,0.516,0.006,1.278,0.342,0.0,0.343,695.5,morning
D0205,4.825,3.656,3.131,1.978,0.0,1.125,0.37,1.053,0.0,0.699,0.754,0.064,0.893,0.415,0.497,0.61,0.104,0.31,0.41,2.133,1.532,2.491,3.64,5.18,5.465,4.285,3.994,1.355,2.119,0.16,0.831,3.158,0.582,0.0,0.0,0.534,2.683,0.293,0.407,0.0,1.173,0.212,0.774,3.232,0.431,1.846,3.197,4.265,5.43,4.252,3.331,1.81,2.104,0.304,0.77,3.473,0.0,0.419,0.0,0.0,2.193,0.119,0.146,0.241,0.38,0.0,0.58,3.297,1.553,1.674,3.477,4.078,5.125,4.974,3.328,1.507,1.48,0.251,0.214,2.833,0.63,0.465,0.0,0.0,2.431,0.669,0.5,0.173,0.159,0.492,0.0,2.506,0.371,1.406,3.314,4.879,6.537,5.294,3.361,2.501,0.475,1.172,0.047,3.933,0.028,0.667,0.127,0.383,2.88,0.846,0.918,0.786,0.927,0.193,0.809,2.901,1.641,2.319,4.186,5.711,6.994,5.676,3.67,3.051,1.984,0.72,0.913,1.995,0.193,0.508,0.0,0.0,2.678,0.198,0.315,0.288,0.0,0.384,0.525,2.611,1.015,2.265,4.437,5.772,4.665,4.484,4.056,1.851,1.098,1.498,0.73,0.263,1.033,0.448,0.547,0.517,1.588,0.345,0.0,0.526,0.0,1.208,0.268,1.366,0.718,2.105,3.583,4.528,1016.2,night
D0206,0.0,1.339,0.845,0.745,1.393,2.373,4.461,5.614,6.377,5.84,2.949,1.059,0.0,0.602,0.173,0.61,0.0,0.075,0.694,1.163,0.0,0.0,0.756,0.0,0.0,0.417,1.251,0.035,0.72,2.289,4.406,6.008,7.286,4.949,2.592,0.905,1.12,0.089,0.0,1.045,0.0,0.227,0.262,0.244,0.0,0.0,0.727,0.919,0.108,0.0,0.0,0.841,1.336,0.974,3.528,6.865,7.045,4.65,2.412,0.857,0.451,0.0,0.292,0.0,0.0,0.0,0.217,0.657,0.149,0.137,0.861,0.757,1.076,1.313,0.339,0.0,0.652,2.496,5.266,6.332,7.04,4.508,2.361,0.896,0.611,1.231,0.512,0.102,0.028,0.21,0.0,0.359,0.0,0.201,0.236,0.0,0.109,0.786,0.833,0.157,1.078,1.452,4.254,6.567,7.266,5.159,2.4,0.51,1.029,0.148,0.485,0.226,1.177,0.006,0.693,0.242,0.537,1.01,0.0,0.252,0.0,0.334,0.452,0.0,0.164,1.099,1.505,3.212,2.748,2.52,0.499,0.18,0.0,0.008,0.753,0.514,0.0,0.0,0.531,0.0,0.143,0.0,0.056,0.497,0.0,0.557,1.115,0.439,0.317,1.416,1.348,3.406,2.431,2.922,0.648,0.685,0.0,0.031,0.0,0.0,0.661,0.0,0.0,0.0,0.631,0.576,0.69,0.0,775.2,morning
D0207,0.887,0.878,1.118,0.799,1.305,0.06,1.38,0.839,1.088,1.163,1.942,1.803,1.549,1.332,2.017,2.461,1.611,0.857,1.201,1.705,1.19,0.943,0.872,1.276,0.511,1.161,1.198,0.974,0.732,1.693,0.678,1.407,1.717,1.525,2.072,1.065,1.267,1.446,3.145,1.882,1.936,1.87,1.553,1.926,0.548,1.454,1.47,1.693,0.681,0.689,0.7,1.411,1.443,0.807,2.139,1.458,1.445,1.36,1.936,1.751,2.474,1.107,0.969,1.321,1.872,1.383,2.09,1.276,1.876,0.956,1.81,1.851,0.947,1.396,1.279,1.409,1.779,1.673,1.509,1.628,0.818,1.435,1.022,1.568,2.126,1.651,0.537,1.183,1.885,1.333,1.87,0.91,1.561,1.524,1.633,0.94,1.552,1.854,0.136,1.199,0.388,0.847,0.927,1.3,1.559,1.861,1.636,1.879,1.138,2.129,0.181,2.341,2.229,1.914,2.521,0.642,1.74,1.39,1.387,0.711,1.259,1.215,0.732,1.028,0.489,0.933,1.582,1.638,1.596,1.74,1.804,1.129,1.614,1.977,0.877,0.865,0.813,0.615,0.893,1.072,1.931,1.0,0.467,1.186,0.996,0.707,0.778,1.539,0.447,0.362,1.36,0.92,1.949,1.239,1.321,1.772,0.708,1.64,1.333,1.95,1.17,1.498,1.204,1.494,1.137,1.315,1.939,0.982,800.6,allday_low
D0208,0.0,0.018,0.0,0.738,0.322,1.075,1.728,3.726,5.626,7.952,7.27,3.335,1.612,0.858,0.43,0.973,0.647,0.501,0.686,0.662,0.337,0.158,0.764,0.0,0.286,0.0,0.648,0.878,0.0,0.527,1.237,3.937,6.814,7.509,5.264,4.505,1.775,0.721,0.82,0.163,0.035,0.158,0.538,0.714,1.053,0.5,0.253,0.717,0.0,0.957,0.414,0.22,0.0,0.878,1.327,3.411,5.424,7.529,6.399,4.175,1.634,0.0,0.2,0.0,0.0,0.77,0.0,0.451,0.09,0.003,0.0,0.462,0.512,0.0,0.836,0.0,0.539,0.065,1.247,2.878,5.938,7.635,6.138,4.128,1.955,1.917,0.804,0.856,0.0,0.0,0.184,1.122,1.432,0.009,0.054,0.563,0.213,0.225,0.588,1.529,0.933,1.407,0.551,3.764,5.44,8.093,6.933,4.059,1.333,0.446,0.186,0.653,0.485,0.941,1.027,0.0,0.516,0.511,0.259,0.726,0.364,0.0,0.079,0.0,0.0,0.23,0.07,1.767,3.411,3.499,3.421,1.864,0.33,1.218,0.0,0.151,0.0,0.855,0.24,1.293,0.159,0.0,0.0,0.641,0.0,0.0,0.68,0.603,0.0,0.034,0.0,0.456,2.814,3.483,2.823,1.679,0.384,0.94,0.0,0.0,0.2,0.127,0.126,0.0,0.371,0.0,0.062,0.322,785.0,morning
D0209,0.738,0.751,1.541,1.228,1.284,1.825,1.174,0.593,2.494,2.367,2.435,1.46,1.984,1.483,2.039,1.897,1.533,2.19,1.78,2.597,1.787,0.532,0.803,2.512,1.369,1.609,1.486,2.139,0.672,2.167,2.186,1.682,1.934,1.655,1.138,2.225,2.129,2.174,2.283,1.782,2.69,1.968,2.14,1.7,2.221,1.726,1.58,2.112,0.755,1.375,1.205,1.67,1.672,1.564,1.297,1.668,1.894,1.742,2.395,2.239,2.027,0.998,1.968,2.337,1.893,2.1,1.795,1.927,2.378,2.033,1.036,0.823,1.729,2.027,0.734,1.407,2.598,1.448,2.755,1.308,1.457,1.506,1.321,1.203,1.919,2.119,1.744,1.84,2.669,2.401,1.78,2.016,1.012,1.8,1.591,1.401,1.545,1.444,0.89,2.257,1.958,1.395,0.826,0.574,2.65,1.744,2.24,1.537,1.88,1.938,2.175,2.094,1.603,1.544,1.86,1.033,1.378,1.61,1.798,2.246,1.163,1.368,0.493,1.502,0.968,1.273,1.671,1.744,0.919,2.001,1.689,2.338,2.474,2.571,1.218,2.029,1.107,2.353,2.356,2.08,1.382,1.756,1.208,1.418,1.336,0.452,0.969,2.373,1.338,1.484,1.453,1.326,1.589,1.457,0.679,2.121,2.542,1.325,1.674,2.523,1.469,1.942,3.654,1.925,1.604,1.908,1.806,1.114,948.0,allday_low
D0210,1.257,2.1,1.988,1.708,1.266,0.492,1.408,0.726,0.566,1.998,2.315,0.983,1.804,1.95,1.839,1.337,2.518,1.253,0.91,1.088,1.843,1.432,1.14,1.67,1.541,0.321,1.571,1.891,1.335,1.327,2.339,1.232,1.552,1.856,1.809,1.738,1.96,2.664,2.334,1.924,1.531,1.531,2.215,0.99,2.708,1.538,0.866,1.515,1.031,1.171,0.658,1.252,0.436,1.163,1.114,1.326,1.283,1.722,2.187,2.023,2.504,1.733,2.117,2.122,2.438,1.532,2.142,1.321,1.37,1.39,1.691,0.944,0.964,1.069,1.36,0.938,1.51,1.272,1.783,1.58,2.415,1.761,1.239,1.765,1.929,1.549,2.654,1.818,1.629,1.942,1.379,2.142,1.971,1.611,1.753,1.208,0.715,1.213,1.112,0.443,0.915,0.879,1.012,2.152,1.857,2.141,2.017,2.348,1.931,2.64,1.417,1.927,1.458,2.419,1.976,2.241,0.995,1.281,0.684,1.595,1.059,1.564,1.218,0.265,0.505,1.327,1.548,0.399,1.426,1.078,1.109,1.38,1.783,1.444,0.88,1.814,1.57,1.252,1.47,1.38,1.484,1.285,1.412,1.268,1.621,1.937,1.197,0.944,0.605,1.58,0.932,2.453,2.715,1.44,0.859,1.969,2.672,1.171,2.628,0.93,1.073,1.813,2.066,1.506,1.666,1.894,1.887,1.01,875.9,allday_low
D0211,6.441,6.623,4.235,2.966,1.532,0.822,0.845,0.0,0.701,0.403,0.037,0.0,1.243,0.362,0.234,0.0,0.884,0.857,0.811,0.573,1.408,1.746,3.909,5.646,6.859,5.519,5.568,3.583,0.965,1.028,0.0,0.452,0.0,0.262,0.174,0.914,1.144,1.154,0.914,0.43,0.569,0.575,0.0,1.116,1.381,2.449,2.784,5.874,7.191,6.329,4.502,2.242,0.837,0.838,0.388,0.302,1.085,0.0,0.238,1.156,0.253,0.423,0.314,0.711,0.0,0.311,0.467,0.151,1.225,2.471,4.014,6.471,6.918,6.912,5.204,2.907,2.075,0.941,0.0,0.775,0.194,0.27,0.303,0.746,0.901,0.343,0.318,0.0,0.097,0.0,0.607,0.586,0.721,2.303,3.992,4.842,9.109,8.55,5.933,3.807,1.748,0.26,1.605,0.867,0.93,0.375,1.009,0.0,0.392,0.835,0.22,0.912,0.641,0.609,0.242,0.949,2.237,2.784,5.12,7.562,8.47,8.388,6.229,2.85,2.331,0.605,0.964,0.211,1.448,0.4,1.389,0.447,0.5,1.229,0.111,0.547,0.769,0.718,0.609,0.758,1.808,2.902,5.516,7.736,7.78,7.549,5.113,3.67,1.576,0.223,0.401,0.135,0.61,0.309,0.495,0.893,1.106,0.569,0.925,0.357,0.0,0.0,0.404,1.025,1.103,2.886,5.059,5.9,1224.3,night
D0212,4.633,3.491,2.041,0.782,0.007,0.48,1.664,0.331,0.294,0.361,0.0,0.331,0.594,0.244,0.77,0.786,0.041,0.483,1.164,0.0,0.939,1.364,2.834,3.708,5.345,2.196,1.759,2.015,0.0,0.454,2.115,0.097,0.239,0.131,0.557,0.177,0.0,0.862,0.794,0.013,0.312,0.853,2.642,1.183,1.213,2.195,3.429,3.268,4.507,1.615,0.922,1.12,0.785,0.154,0.975,0.108,0.352,0.0,0.475,0.28,0.377,0.21,0.0,0.0,0.955,0.0,1.563,0.065,1.017,1.63,2.645,3.249,5.427,3.593,1.832,0.76,0.0,0.0,2.194,0.0,0.084,0.352,0.0,0.0,0.0,0.0,0.398,0.745,0.0,0.095,1.41,0.222,1.27,2.134,1.705,3.88,7.06,3.427,2.63,0.352,0.075,0.401,2.017,0.26,0.734,0.531,0.388,0.248,0.16,0.134,0.455,0.0,1.015,0.045,3.073,0.755,0.802,2.931,4.045,3.653,6.174,3.527,1.237,0.23,0.271,0.0,1.647,0.0,0.291,0.0,0.847,0.427,0.703,0.0,0.063,0.408,0.554,0.08,1.77,0.552,1.223,3.404,3.832,4.546,5.637,2.332,1.738,1.522,0.476,0.315,2.439,0.0,0.512,0.201,0.516,0.385,0.0,0.416,0.0,0.413,0.291,1.03,2.162,0.036,0.972,2.326,1.844,4.194,711.4,intermittent
D0213,4.009,2.153,1.993,0.59,0.302,0.739,0.354,0.0,0.625,0.99,0.549,0.0,0.0,0.0,0.369,0.967,0.0,0.12,1.112,1.072,3.197,3.902,5.771,5.671,4.879,2.946,1.614,1.03,0.838,0.596,0.0,0.439,0.027,0.076,0.528,1.086,0.218,1.21,0.0,0.88,0.535,0.506,1.275,0.981,3.0,3.875,4.956,4.901,5.274,3.539,1.45,1.087,0.536,0.2,0.763,0.042,0.0,0.439,0.352,0.055,0.0,0.0,0.159,0.0,0.775,0.645,0.435,1.502,2.377,3.847,5.22,6.295,5.104,3.059,2.159,1.274,0.622,0.231,0.17,0.0,0.421,0.066,0.143,0.621,1.099,0.508,0.293,0.335,0.872,0.61,0.776,1.457,1.917,4.365,5.143,5.981,5.497,4.132,2.058,0.56,0.481,1.451,0.0,0.488,0.0,1.031,0.779,0.495,0.824,0.522,0.415,0.146,0.274,0.318,0.839,0.768,3.563,5.947,6.508,7.554,6.021,3.763,2.048,1.16,0.313,0.751,0.205,0.0,0.421,0.117,0.282,0.405,0.0,1.086,0.796,0.15,0.446,0.836,0.964,2.535,3.127,5.826,6.393,6.8,5.826,3.167,1.324,0.913,1.101,0.055,0.347,0.0,0.147,0.807,0.005,0.0,0.009,0.084,0.702,0.532,0.637,0.471,0.446,1.059,2.89,5.125,5.405,5.651,907.1,night
D0214,6.516,6.392,4.276,1.889,1.74,0.684,0.331,0.534,0.0,0.585,0.123,0.321,0.904,0.68,0.312,0.346,0.0,0.033,0.529,0.299,0.586,2.547,4.677,5.559,7.138,6.44,3.966,2.257,2.136,0.198,0.197,1.292,0.138,1.0,0.0,0.453,0.88,0.181,0.436,0.726,0.0,1.411,0.921,0.482,1.078,3.191,3.93,5.671,7.26,5.484,4.371,2.623,1.008,0.0,0.502,0.717,0.088,0.0,0.957,0.629,0.228,0.806,0.5,1.197,0.692,0.0,0.157,0.368,1.323,2.194,3.582,6.149,7.569,6.407,4.745,2.293,1.163,0.523,0.749,0.545,0.267,0.247,0.0,1.136,0.0,0.603,0.43,0.294,0.411,0.127,0.773,0.088,1.397,2.155,4.125,6.031,8.543,8.038,5.614,3.723,2.163,1.034,0.909,1.432,0.0,0.985,1.195,0.695,1.357,1.298,0.348,0.383,0.741,0.234,1.8,1.177,1.533,2.343,5.339,6.985,9.334,7.026,6.497,3.255,1.005,0.927,0.636,0.514,1.146,0.694,0.88,0.41,0.714,0.0,0.638,0.181,1.118,0.572,0.903,0.976,2.391,2.405,5.402,7.413,6.571,6.332,5.423,2.858,1.373,1.126,0.575,0.729,0.583,0.679,0.232,0.906,0.0,0.396,0.928,0.366,0.243,1.478,1.142,0.778,0.878,1.674,4.863,7.107,1156.5,night
D0215,1.663,1.46,1.191,0.563,0.0,0.181,0.328,0.898,1.313,0.613,0.225,0.0,0.0,0.06,0.51,0.0,0.47,0.0,0.15,1.457,1.806,2.043,2.249,3.676,2.308,1.478,0.566,0.0,0.237,0.844,0.0,0.223,1.95,0.065,0.144,0.0,0.482,0.0,0.0,0.0,0.312,0.0,0.0,1.081,1.434,1.776,2.484,4.364,2.499,1.15,1.021,0.42,0.0,0.0,0.0,0.0,1.735,0.0,0.401,0.408,0.52,0.0,0.442,0.0,0.547,0.833,0.778,0.758,1.73,1.506,1.845,4.214,2.598,0.691,0.678,0.563,0.0,0.058,0.479,0.25,0.858,0.0,0.188,0.022,0.047,0.0,0.19,0.0,0.225,0.114,0.038,0.0,1.964,2.634,2.401,3.587,1.962,1.36,0.564,0.309,0.58,0.065,0.084,0.569,0.844,0.0,0.343,0.681,0.71,0.0,0.0,0.688,0.127,0.0,0.216,0.84,1.711,3.116,2.918,4.222,2.653,0.981,0.69,0.672,0.316,0.424,0.0,0.491,0.572,1.387,0.0,1.456,0.0,0.814,0.614,0.0,0.534,0.116,0.689,1.145,1.772,2.695,3.631,3.454,1.732,1.748,0.906,0.0,0.0,0.0,0.63,0.529,0.793,0.512,1.113,0.0,0.0,0.0,0.647,0.18,0.059,0.403,0.238,0.736,1.749,2.151,2.705,3.84,516.1,night
D0216,3.929,3.522,2.619,1.121,0.537,0.0,0.0,0.971,0.754,0.695,0.477,0.0,0.0,0.195,0.717,0.033,0.0,0.945,0.002,0.514,1.517,2.118,2.513,3.786,3.768,3.43,2.546,0.568,1.21,0.0,0.0,1.855,0.551,0.333,0.0,0.021,0.196,0.229,0.807,1.191,0.572,0.063,0.889,1.274,0.762,2.065,1.681,3.623,4.114,2.953,2.188,0.852,0.733,0.074,0.796,2.036,1.027,0.099,1.268,0.305,0.066,1.387,0.0,0.055,0.0,0.0,0.0,2.348,1.887,3.012,3.16,4.014,4.598,4.404,3.423,0.998,1.036,0.345,0.279,0.612,0.066,0.114,0.948,0.0,0.0,0.302,0.0,0.242,0.603,0.27,0.162,1.371,2.245,2.081,3.224,3.549,5.611,3.976,3.511,1.844,1.034,0.998,0.048,1.926,0.506,0.234,0.691,0.517,0.107,0.936,0.621,0.0,0.0,0.282,0.632,1.106,2.26,3.224,2.858,4.384,5.629,4.648,3.219,1.346,0.932,0.0,1.087,2.584,0.167,0.0,0.764,0.645,1.223,1.342,0.0,0.901,0.281,0.639,0.794,2.312,2.968,3.183,3.223,5.583,4.25,4.897,2.495,1.47,0.774,0.0,0.0,1.759,0.0,1.452,0.276,0.0,0.508,0.0,0.168,0.226,0.0,0.045,1.059,1.589,2.131,2.373,2.451,4.101,733.5,night
D0217,0.0,0.55,0.263,0.352,1.9,2.737,4.868,6.472,5.513,2.681,1.181,0.152,0.023,0.354,0.867,0.441,0.68,0.0,0.526,0.0,0.312,0.526,0.01,0.0,0.413,0.197,0.383,0.926,2.187,3.775,5.712,5.744,4.331,2.578,0.806,0.617,0.0,1.12,0.336,0.306,0.031,1.109,0.0,0.0,0.633,0.356,0.0,0.002,0.119,0.304,1.021,0.903,2.059,3.282,5.705,5.269,4.569,2.426,1.789,1.115,0.158,0.0,0.0,0.116,0.834,0.435,0.482,0.614,0.0,0.0,0.483,0.0,0.0,0.0,0.796,0.462,1.7,3.012,5.644,5.848,4.688,2.158,1.196,0.177,0.238,0.129,0.261,0.374,0.026,0.195,0.333,0.477,0.214,0.0,0.288,0.55,0.0,0.0,0.008,0.512,0.53,3.561,5.117,4.613,3.761,2.119,0.123,0.83,0.345,0.544,0.0,0.421,0.0,0.15,0.395,0.205,0.6,0.299,0.028,0.616,0.586,0.156,0.746,0.178,0.662,1.567,2.404,2.546,1.697,0.621,0.486,0.726,0.49,0.288,0.674,0.121,0.0,0.0,0.085,0.0,0.386,0.533,0.0,0.046,0.0,0.062,0.082,1.052,1.304,1.81,1.757,1.93,1.301,1.636,0.0,0.0,0.0,0.0,0.249,0.168,0.0,0.0,0.214,0.067,0.0,0.372,0.0,0.0,625.2,morning
D0218,1.389,1.505,1.053,0.95,1.691,2.147,1.943,2.578,1.949,1.247,2.432,1.86,2.457,1.408,2.325,2.753,2.662,2.232,2.254,1.978,1.992,2.338,1.657,1.651,1.194,2.167,1.711,1.308,2.275,1.899,1.636,2.433,1.948,1.471,2.683,1.943,3.735,2.211,1.517,3.201,2.351,2.436,2.424,1.565,1.127,2.911,1.267,2.657,2.118,1.93,1.62,2.891,1.569,1.621,2.273,1.729,1.647,2.151,2.562,3.167,3.314,1.607,2.894,1.97,1.956,2.079,1.982,1.696,1.056,2.684,2.376,1.914,1.447,2.409,1.804,1.594,1.142,2.164,1.821,2.151,2.179,2.465,2.352,2.185,2.627,2.842,3.122,1.91,2.878,1.608,2.711,1.913,2.482,2.705,2.076,1.923,1.861,1.664,2.361,1.827,0.926,2.342,2.369,2.075,1.771,1.679,1.923,2.435,1.571,2.627,2.482,3.016,2.716,2.02,1.516,1.832,2.748,2.189,2.264,1.661,1.933,1.004,2.091,1.168,0.826,2.768,1.856,1.899,1.072,2.261,2.448,2.021,2.561,2.72,2.441,1.218,1.642,2.87,2.086,2.02,1.539,1.564,2.332,2.424,2.073,1.937,1.952,1.657,1.173,1.111,2.387,1.836,2.128,2.076,2.167,2.266,2.474,1.847,2.736,1.861,2.268,1.578,1.974,1.684,1.924,2.181,1.83,2.632,1228.7,allday_low
D0219,6.56,0.731,0.111,0.417,5.445,0.0,0.555,0.846,0.53,0.0,0.553,0.804,0.745,0.682,0.0,0.399,0.51,0.687,0.452,0.918,0.0,0.471,6.632,0.626,5.504,0.0,0.875,0.563,4.126,0.0,0.284,0.324,0.349,0.0,0.47,0.013,0.743,0.965,0.0,0.223,0.633,0.32,0.0,0.585,0.0,0.286,4.596,0.553,3.885,0.588,0.086,0.0,3.754,0.0,0.992,0.266,0.0,0.003,0.19,0.631,0.0,0.016,0.16,0.877,0.632,0.898,0.196,0.827,0.753,0.496,4.621,0.0,6.211,0.096,0.458,0.511,4.097,0.184,0.298,0.156,0.189,0.878,0.0,0.0,0.0,0.541,0.585,0.479,0.617,0.322,0.0,0.0,0.0,0.104,6.005,0.313,4.577,0.0,1.352,0.0,4.052,0.643,0.21,0.0,0.555,0.0,0.975,0.318,0.077,0.0,0.0,0.168,1.043,0.296,0.348,0.365,1.255,0.0,5.493,0.012,3.253,0.137,0.135,0.426,2.083,0.24,0.0,0.0,0.0,0.009,0.0,0.0,0.0,0.217,0.0,0.0,0.0,0.0,0.192,0.0,0.0,0.0,2.965,0.685,3.811,0.805,0.0,0.751,3.012,0.0,0.0,0.089,0.213,0.33,0.166,0.01,0.775,0.116,0.09,0.069,0.116,0.0,0.0,1.268,0.0,0.289,3.536,0.623,501.5,intermittent
D0220,0.174,0.738,0.0,0.038,6.434,0.0,0.0,0.269,0.894,0.0,0.0,0.475,6.538,0.304,0.156,0.267,0.0,0.254,0.876,4.879,5.26,0.03,0.058,1.037,0.0,0.0,0.504,0.0,3.42,0.069,0.364,0.0,0.363,0.256,0.043,0.0,3.355,0.483,0.0,0.0,0.515,0.927,0.58,2.983,2.843,0.145,0.0,0.088,0.641,0.154,0.0,0.0,1.926,0.0,0.0,0.826,0.0,0.0,0.268,0.0,2.099,0.525,0.0,0.476,0.0,0.008,1.002,1.194,2.136,0.644,0.0,0.0,0.042,0.0,0.238,0.61,5.646,0.626,0.839,0.402,0.445,0.0,0.0,0.472,6.538,0.317,0.618,0.0,0.442,0.871,0.508,6.057,6.199,0.0,0.532,0.0,0.0,0.079,0.997,0.0,4.956,0.0,0.422,0.0,0.0,0.0,0.282,0.558,5.912,0.499,0.619,0.0,0.153,0.0,0.45,5.119,4.986,0.231,0.707,0.437,0.602,0.562,0.168,0.0,2.199,0.0,0.684,0.0,0.0,0.704,0.191,0.584,2.634,0.0,0.349,0.387,0.023,0.74,0.574,2.689,1.996,0.0,0.688,0.0,0.156,0.263,0.0,0.181,5.402,0.0,0.594,0.459,0.116,0.0,0.156,1.147,5.204,0.886,0.0,0.0,0.0,0.624,0.222,5.483,4.869,0.173,0.049,1.109,520.1,intermittent
D0221,1.739,0.943,2.259,1.493,1.666,1.721,1.545,1.66,1.701,1.958,1.417,1.397,2.258,1.917,1.026,1.704,2.577,1.771,1.548,1.052,1.407,1.081,1.748,1.535,1.317,1.113,2.126,1.139,1.165,1.404,1.508,1.822,2.081,2.11,2.88,1.081,1.993,1.684,2.833,1.997,0.975,2.039,1.907,2.066,1.337,1.752,1.433,1.211,1.635,1.525,1.912,1.469,1.752,0.97,2.182,1.255,2.069,1.843,1.848,2.185,0.926,1.66,2.264,2.783,1.878,0.746,1.644,1.698,2.162,1.627,0.98,1.947,1.736,1.142,1.763,1.21,1.346,1.275,1.415,2.013,0.859,2.222,1.866,1.668,1.898,1.509,1.194,1.522,1.036,1.234,1.056,2.275,1.085,1.586,2.057,1.895,1.348,1.326,1.521,2.407,1.666,1.814,2.574,1.73,2.179,1.94,1.995,1.41,1.381,1.688,2.325,2.294,2.489,1.838,2.029,1.969,1.614,1.46,0.886,1.444,1.286,1.821,1.85,1.376,2.261,1.447,1.864,1.399,0.983,1.361,2.271,1.54,1.49,1.725,1.56,2.264,2.548,1.662,1.851,1.99,1.545,1.049,1.215,1.547,1.51,0.504,1.099,0.979,1.73,1.047,1.192,1.221,1.852,1.988,1.83,2.157,2.256,0.912,2.002,1.56,1.134,1.515,1.937,2.207,0.891,1.723,2.284,2.185,872.4,allday_low
D0222,3.539,4.959,4.092,2.538,1.654,1.075,0.182,0.245,0.668,0.0,0.0,0.0,0.0,0.0,0.0,0.361,0.645,0.0,0.0,0.215,0.021,1.243,1.173,2.497,3.54,4.846,3.826,3.693,1.783,1.35,0.296,0.0,0.249,0.0,0.0,0.711,0.269,0.0,0.424,0.276,0.889,0.451,0.193,0.611,0.415,0.883,2.125,2.207,3.495,4.204,3.807,3.317,0.987,0.816,0.194,1.068,0.662,0.364,0.691,0.0,1.167,0.0,0.82,0.503,0.374,0.803,0.712,0.347,0.241,0.856,1.527,2.892,4.559,4.848,4.231,2.658,1.86,0.112,0.108,0.592,0.677,0.261,0.359,0.435,0.575,0.178,0.0,0.443,1.15,0.0,0.221,0.142,1.541,0.413,1.588,2.721,4.398,5.024,5.277,3.892,1.823,1.693,0.0,0.0,0.0,0.323,0.123,0.235,0.544,0.981,0.687,0.351,0.29,0.823,1.184,0.669,0.33,1.14,2.271,3.243,5.568,5.976,5.764,3.289,1.381,0.929,0.6,0.0,0.078,0.919,0.58,0.402,0.0,0.902,0.152,0.382,0.523,0.418,1.022,0.657,0.727,1.029,2.292,3.55,4.4,4.727,4.142,2.695,1.682,0.77,1.315,0.782,0.233,0.094,0.56,1.157,0.641,0.0,0.671,0.751,1.273,0.173,0.355,0.535,0.135,0.505,1.927,2.342,723.4,night
D0223,0.886,0.532,0.334,0.953,0.429,1.369,3.558,6.555,7.829,6.028,3.85,1.721,0.745,0.187,0.559,0.0,0.51,1.13,0.05,0.349,0.212,0.22,0.0,1.219,0.497,0.022,0.0,0.401,0.0,1.993,3.356,6.527,8.055,7.13,4.192,2.07,1.152,0.24,1.299,0.483,0.311,0.0,0.23,0.504,0.366,1.146,0.148,0.629,0.0,1.306,0.0,1.306,0.558,0.513,4.196,6.389,7.655,6.985,4.269,1.922,1.204,0.502,0.624,0.089,0.668,0.09,0.0,0.23,0.199,0.741,0.0,0.815,0.043,0.0,0.0,0.235,0.819,1.459,3.043,6.002,7.322,6.812,3.929,2.011,0.0,0.149,1.244,0.612,0.19,0.0,0.822,1.013,0.0,0.0,0.449,0.491,0.524,1.137,0.0,0.372,0.913,1.763,3.116,5.761,7.259,7.128,3.331,1.502,1.007,0.0,0.431,0.0,0.394,0.331,0.381,0.0,0.41,0.29,0.892,0.594,0.0,0.0,0.0,0.249,0.203,0.606,2.882,2.628,4.162,2.947,0.806,0.867,0.816,0.46,0.264,0.156,0.0,0.549,0.0,0.0,0.33,0.01,0.722,0.356,0.0,0.0,0.0,1.201,0.141,0.949,0.847,2.053,3.059,3.444,1.007,0.411,0.683,0.872,0.329,0.434,0.0,0.0,0.0,0.0,0.231,0.0,0.242,0.0,785.8,morning
D0224,0.906,0.634,0.0,0.837,0.0,1.748,2.931,4.295,5.722,5.288,3.689,1.382,0.492,0.336,0.0,0.631,0.863,0.615,0.069,0.0,0.0,0.0,1.279,0.224,0.667,0.642,0.328,0.0,0.714,0.679,3.052,4.539,6.109,5.273,3.928,0.364,1.629,0.0,0.211,0.446,0.407,0.639,0.534,1.176,0.589,0.207,0.011,0.0,0.842,1.05,0.716,0.0,0.0,1.162,2.706,5.015,6.868,6.011,3.377,0.773,0.027,0.348,0.454,0.0,0.557,0.0,0.0,0.0,0.878,0.945,0.0,0.0,0.602,0.062,0.879,0.631,0.893,0.796,2.98,5.913,6.369,5.45,3.102,0.738,0.085,0.0,0.0,0.0,0.0,0.0,0.564,0.117,0.119,0.605,1.02,1.283,0.312,0.12,0.065,0.547,0.386,1.039,2.603,4.331,4.94,4.895,3.789,2.021,0.974,0.08,0.0,0.978,0.0,0.265,1.007,0.303,0.115,0.769,0.279,0.335,0.799,0.0,0.28,0.0,0.123,0.575,0.947,2.355,3.011,2.553,1.534,0.604,0.217,0.179,0.0,0.689,0.076,0.0,0.295,0.065,0.676,0.52,0.159,0.539,0.21,0.0,0.506,0.0,0.0,0.78,1.312,2.172,3.147,2.177,1.149,0.942,0.0,0.02,0.22,0.254,0.0,0.0,0.0,0.0,0.923,0.0,0.189,0.0,736.2,morning
D0225,1.036,0.639,1.188,0.36,1.575,1.518,1.082,0.439,0.875,1.329,0.816,0.944,1.932,1.558,1.554,1.726,1.386,1.389,1.566,1.665,1.464,1.841,1.146,0.489,1.553,0.93,0.678,1.361,1.23,0.52,1.437,2.028,1.386,1.185,0.61,2.339,1.227,0.855,1.548,1.942,2.016,1.113,1.316,1.301,1.68,1.451,1.257,1.507,0.451,1.23,1.123,1.018,0.951,1.155,0.879,2.411,1.852,1.792,1.122,0.985,1.364,1.54,0.847,1.704,1.947,0.41,0.956,1.853,1.409,0.794,1.466,0.828,0.957,0.528,1.031,1.498,0.849,1.385,1.113,1.67,1.032,2.0,1.667,1.525,1.586,1.279,1.26,1.606,0.92,1.145,0.939,1.558,1.504,1.755,0.985,0.731,0.402,1.162,1.652,1.007,1.075,1.092,1.25,1.633,2.104,1.525,1.615,1.308,1.411,1.434,1.334,1.546,1.741,1.444,1.234,1.357,0.808,1.546,0.949,0.575,1.165,1.166,0.534,1.217,1.242,1.874,0.916,1.041,0.843,1.393,1.223,1.719,1.119,1.552,1.242,0.511,1.596,0.487,1.153,1.106,1.112,1.087,1.039,1.149,0.908,2.113,0.767,0.386,0.323,1.282,0.306,0.521,0.507,1.376,1.823,0.849,1.504,0.153,1.013,1.611,1.173,1.721,0.22,0.84,1.32,1.264,1.254,1.079,685.3,allday_low
D0226,0.0,0.0,0.813,0.415,3.032,6.353,8.609,10.0,7.607,5.265,1.037,0.227,0.547,0.679,0.0,0.181,0.0,0.282,0.064,0.139,0.718,0.551,0.677,0.367,0.748,0.419,0.286,1.149,2.035,4.975,9.198,10.0,8.295,5.194,1.469,0.699,0.155,0.432,0.756,0.675,0.613,0.487,0.353,0.965,0.0,0.125,0.61,1.112,0.27,0.317,0.0,0.648,2.544,5.833,8.585,9.969,8.46,4.075,2.6,0.276,0.635,0.567,0.708,0.54,0.426,0.618,0.8,1.233,0.0,0.0,0.0,0.0,0.0,0.0,0.319,1.277,2.508,4.843,8.476,10.0,8.696,4.879,2.099,0.7,1.395,0.347,0.492,0.0,0.138,0.177,0.643,0.076,0.446,0.152,0.0,0.0,0.326,0.459,0.394,0.472,2.052,4.721,7.813,9.85,8.822,4.494,1.284,1.449,1.034,1.056,0.385,0.051,0.002,0.917,1.126,0.0,0.0,0.395,0.0,0.085,0.084,0.38,0.0,0.463,0.945,1.268,4.168,4.445,3.224,1.834,1.011,0.394,0.512,0.391,0.0,0.0,0.245,0.475,0.1,0.488,0.0,0.035,0.0,0.505,0.0,1.101,0.0,0.716,0.67,2.651,4.072,3.986,3.495,2.494,0.955,0.0,0.229,0.0,0.238,0.0,0.338,0.0,0.0,0.0,0.098,0.0,0.0,0.52,1023.7,morning
D0227,0.0,3.342,0.483,0.307,0.0,0.0,0.156,0.0,0.393,3.099,2.504,0.0,0.0,0.226,0.0,0.0,0.533,0.676,0.301,0.048,0.0,0.419,0.034,0.591,0.644,5.459,0.0,0.017,0.0,0.182,0.168,0.0,1.27,4.983,4.296,1.13,0.0,0.579,0.245,0.0,0.054,0.852,0.6,0.151,0.0,0.343,0.0,0.448,0.0,5.013,0.0,0.665,0.0,0.538,0.36,0.173,0.004,4.962,4.487,0.004,0.235,0.98,0.0,0.431,0.142,0.107,0.0,0.0,0.359,0.0,0.663,0.0,0.437,4.099,0.0,0.0,0.385,0.511,0.047,0.455,0.194,3.312,4.035,0.054,0.0,0.013,0.0,0.0,0.077,0.155,0.0,0.426,0.137,0.0,0.208,0.731,0.0,2.597,0.0,0.0,0.0,0.0,0.0,0.526,0.217,0.949,2.094,0.383,0.0,0.226,0.424,0.0,0.273,0.0,0.389,0.0,0.614,0.035,0.0,0.0,0.58,3.921,0.664,0.283,0.0,0.198,0.208,0.0,0.19,4.056,4.273,0.675,1.262,0.187,0.436,0.0,1.035,0.0,1.014,0.957,0.0,0.653,0.392,0.001,0.102,3.111,0.326,0.836,0.42,0.0,0.498,0.0,0.0,2.559,2.953,0.96,0.261,0.001,0.0,0.539,0.076,0.0,0.591,0.689,0.0,0.0,0.119,0.0,356.1,intermittent
D0228,0.645,1.469,0.158,1.458,2.4,4.537,7.576,8.205,6.567,3.9,1.255,0.982,0.962,1.027,0.0,0.329,0.67,0.0,0.0,0.339,0.165,0.273,0.139,1.323,0.144,0.627,0.68,0.1,2.838,5.069,7.713,8.934,6.429,3.853,0.576,0.968,0.473,0.445,0.0,0.253,0.239,0.0,0.512,1.059,0.0,0.572,0.162,0.11,0.386,0.404,0.53,0.351,2.668,4.824,7.909,9.004,5.586,3.74,1.347,1.059,0.03,0.776,0.0,0.532,0.479,0.281,0.0,0.185,0.766,1.02,1.23,0.588,0.465,0.565,1.315,1.094,2.217,4.664,7.57,8.632,6.112,3.174,1.392,0.397,0.659,0.658,0.469,0.571,0.404,0.0,0.0,0.669,0.0,0.736,0.761,0.232,0.069,0.349,0.405,1.099,1.015,4.218,6.804,6.902,5.905,2.608,1.175,0.351,0.575,0.225,0.0,0.489,1.422,0.817,0.639,0.245,0.113,0.081,0.442,0.0,0.258,0.0,0.0,0.082,1.543,2.217,1.84,3.503,3.309,1.421,0.875,0.092,0.258,0.176,0.0,0.415,0.847,0.331,0.205,0.0,0.58,0.0,0.41,0.501,0.585,0.598,0.615,0.0,0.485,1.297,2.409,4.069,2.136,0.875,0.543,0.0,1.174,0.019,0.341,0.0,0.0,0.0,0.0,0.0,0.0,0.202,0.0,0.0,852.8,morning
D0229,0.391,1.118,0.807,1.154,2.105,1.198,1.369,1.28,2.464,0.784,1.654,1.593,1.272,2.583,1.29,1.88,2.011,1.645,1.124,1.743,1.39,2.017,1.815,2.4,1.53,1.712,1.262,2.217,1.485,1.479,1.826,1.362,1.508,2.062,2.234,2.252,2.01,2.209,2.533,1.595,2.047,0.673,2.238,1.467,1.392,1.598,1.861,2.602,0.782,1.065,1.526,1.12,1.857,1.45,1.981,1.541,1.978,1.388,2.776,1.218,1.728,1.448,2.461,2.33,1.498,2.432,1.59,1.993,2.013,1.543,1.992,1.46,1.633,1.324,0.583,1.391,1.087,2.152,0.969,2.204,1.652,2.002,1.284,1.844,1.747,3.034,1.791,2.606,2.571,2.496,1.637,2.631,2.638,1.818,1.373,1.138,1.693,1.476,1.506,0.841,1.495,2.04,1.95,1.466,1.684,1.158,1.605,1.83,2.331,1.769,1.635,2.428,1.856,1.605,2.27,2.025,1.639,1.495,1.754,1.768,1.426,1.357,1.008,1.056,1.255,0.94,0.939,1.447,2.005,0.704,1.538,1.907,2.324,2.688,1.775,2.766,2.046,2.151,1.235,1.841,1.965,1.177,0.252,1.44,1.236,1.907,1.039,0.985,0.805,1.089,2.625,0.773,0.959,1.612,2.603,2.118,2.54,1.705,1.266,1.676,1.785,1.79,1.618,1.903,1.239,1.07,0.882,1.465,984.1,allday_low
D0230,0.0,0.389,0.29,0.0,0.394,2.185,3.338,6.481,9.064,8.731,5.142,2.482,0.0,0.746,0.492,0.778,0.0,0.242,0.812,0.128,0.401,0.194,0.205,0.904,0.0,0.356,0.496,0.84,0.577,1.916,3.598,6.894,9.124,8.615,5.523,1.924,1.054,0.732,1.05,0.0,0.621,0.222,0.465,0.0,0.372,0.522,0.0,1.03,0.0,0.621,0.0,0.303,0.847,1.801,3.575,6.731,9.343,8.748,5.9,1.844,0.866,0.0,0.0,0.063,0.768,0.162,0.248,0.513,0.077,0.0,0.043,0.324,0.589,0.286,0.586,0.834,1.136,1.558,3.111,6.28,8.569,7.837,5.324,3.274,1.052,0.451,0.825,0.007,0.847,0.814,0.405,1.321,0.88,0.399,0.314,0.184,0.301,0.314,0.22,0.301,0.063,1.151,2.723,6.685,8.669,7.849,5.414,1.915,0.589,0.0,0.833,0.633,0.958,1.072,0.168,0.039,0.0,0.0,0.213,0.0,0.0,0.133,0.574,0.0,0.342,1.505,0.817,3.567,4.261,4.314,2.811,0.793,0.431,0.0,0.0,0.184,0.307,0.526,0.883,0.0,0.685,0.291,0.0,0.103,0.203,0.0,0.0,0.0,0.008,0.203,2.003,1.633,3.685,3.566,1.678,0.865,0.229,0.161,0.455,0.41,0.0,0.0,0.226,0.0,0.0,0.252,0.0,0.289,976.6,morning
D0231,2.47,2.241,2.419,2.421,2.629,2.313,1.756,1.756,2.706,2.08,2.983,3.357,2.719,3.406,2.992,2.872,2.852,2.38,2.243,1.846,2.168,3.379,1.673,1.757,1.878,1.865,2.303,1.931,2.151,1.904,2.131,2.39,2.438,3.478,2.661,2.66,1.695,2.969,1.986,3.109,2.883,3.113,2.389,2.598,2.802,1.998,2.62,2.54,2.18,2.917,2.414,1.453,2.685,1.99,2.704,2.55,1.31,2.858,2.574,2.547,2.629,3.216,2.461,3.362,2.135,2.887,3.022,2.923,2.581,2.324,2.098,1.736,1.932,1.774,1.676,3.018,1.467,2.793,1.789,1.957,2.031,2.087,3.089,3.019,2.714,4.079,2.868,2.888,2.51,2.392,2.434,2.97,2.755,2.997,2.022,2.552,2.378,2.402,1.794,1.739,2.483,2.679,2.067,2.691,3.038,2.424,2.027,2.163,2.514,2.66,2.859,2.854,2.696,3.06,2.332,3.155,2.921,2.807,2.048,2.234,2.342,1.896,1.649,1.653,1.706,1.535,3.402,1.296,1.807,2.596,2.1,2.321,2.715,3.039,2.465,2.989,1.773,2.206,2.629,3.216,1.814,1.661,2.264,2.082,1.693,1.438,1.733,2.22,1.866,2.585,2.049,2.446,2.374,2.146,2.782,1.931,2.288,2.388,2.759,2.858,2.17,2.049,2.442,1.636,2.702,2.074,1.584,1.522,1417.1,allday_low
D0232,2.81,0.194,0.131,0.016,0.651,0.271,0.203,0.0,0.445,0.107,0.353,0.624,0.0,0.041,0.0,0.0,0.0,2.035,0.0,2.416,0.344,0.313,0.0,1.051,4.918,1.011,0.563,0.121,1.145,0.481,0.123,0.05,0.69,0.0,0.055,0.0,0.0,0.0,1.023,0.679,0.331,4.928,0.0,4.29,1.031,0.356,0.562,0.315,7.056,0.315,0.0,0.807,0.0,0.012,0.635,0.0,0.17,0.0,0.124,0.536,0.0,0.521,0.262,0.758,0.0,7.453,0.0,6.46,0.079,0.701,0.0,0.078,4.174,0.226,1.109,0.0,0.193,0.742,0.0,0.451,0.744,0.09,0.0,0.635,0.437,0.186,0.489,0.646,0.19,4.679,0.449,3.705,0.749,0.0,0.155,0.559,7.031,0.662,0.356,0.866,0.546,0.197,0.374,0.39,1.18,0.308,0.208,0.182,0.355,0.0,0.098,0.0,0.0,7.976,0.282,6.213,0.202,0.159,0.294,0.0,7.064,0.0,0.0,0.0,0.0,0.615,1.099,0.642,0.016,0.365,0.241,0.0,0.867,1.174,0.0,0.919,0.005,7.546,0.398,7.286,0.397,0.456,0.655,0.726,3.849,0.656,0.0,0.0,1.019,0.0,0.0,0.049,0.0,0.0,0.407,0.412,0.477,0.449,0.011,0.01,0.702,3.435,0.0,3.583,0.19,0.0,0.0,0.704,562.0,intermittent
D0233,3.23,3.425,1.17,1.603,1.541,0.589,0.418,0.0,0.903,0.438,0.627,0.821,0.395,0.0,0.354,0.0,2.543,0.573,0.951,0.412,1.14,2.18,2.358,3.402,4.296,3.089,1.788,0.912,1.521,0.0,0.0,0.321,0.599,1.43,0.278,1.103,0.284,0.613,0.76,0.717,0.557,0.353,0.693,0.001,0.066,2.724,2.829,3.954,2.601,3.886,2.648,0.495,2.13,0.523,0.0,0.524,0.771,0.446,0.0,1.407,0.244,0.188,0.197,0.181,0.0,0.677,0.648,0.773,1.167,1.658,2.58,3.26,4.783,3.372,1.511,1.266,2.269,0.55,0.419,0.09,0.0,0.582,0.292,1.886,0.871,0.0,0.0,0.941,0.808,0.155,0.0,0.171,0.843,2.445,3.607,4.011,5.211,3.967,2.31,0.842,2.859,0.904,0.168,0.907,0.195,0.405,0.268,2.767,0.589,0.341,0.402,0.0,0.0,0.146,0.363,0.91,1.154,2.055,2.304,4.971,5.235,4.612,2.84,2.107,3.136,0.51,0.531,0.694,0.579,0.606,0.512,2.753,0.797,0.0,0.108,1.108,0.092,0.375,1.103,0.651,0.914,2.912,3.666,4.848,3.393,3.482,2.665,1.133,1.878,0.225,0.077,0.218,0.095,1.076,0.463,1.23,0.359,0.309,0.865,0.257,0.247,1.181,0.0,0.95,1.104,1.753,2.873,4.735,787.9,night
D0234,1.714,1.051,0.799,2.221,1.654,1.639,2.47,1.246,0.666,1.068,1.727,2.093,2.727,2.519,1.001,3.4,1.916,2.593,2.211,1.886,1.695,1.224,1.079,1.529,0.936,2.27,1.55,2.47,1.364,1.338,1.924,1.608,2.239,2.531,2.46,2.654,2.469,1.893,2.666,2.454,1.823,1.819,1.924,2.384,1.854,1.722,1.587,1.444,1.037,1.886,1.048,1.559,1.376,1.948,1.504,1.272,2.247,1.512,2.035,2.614,1.772,2.093,1.959,2.199,2.07,2.455,1.686,2.457,2.524,1.84,1.303,1.585,1.504,2.326,1.46,2.151,1.611,1.624,1.499,1.608,2.202,1.555,2.397,2.689,1.834,2.683,2.625,2.531,1.814,1.987,1.911,2.824,1.797,1.643,1.142,1.166,1.253,1.691,0.865,1.229,0.723,2.234,1.706,1.865,1.311,2.406,2.642,2.07,1.885,2.388,2.484,2.531,2.399,2.474,1.654,2.294,1.597,0.596,1.45,1.354,1.513,1.753,1.442,2.28,1.168,0.549,1.618,1.307,1.133,1.561,1.416,1.528,2.576,1.982,1.819,2.645,1.758,1.283,1.172,1.659,0.882,1.025,1.321,1.952,1.986,1.673,1.354,1.119,1.579,2.245,1.556,1.345,1.55,1.575,2.016,1.493,2.073,2.181,2.093,1.437,1.823,1.599,1.736,1.395,2.181,1.637,0.764,0.845,1085.3,allday_low
D0235,2.202,1.599,1.111,1.16,1.976,2.642,2.152,1.658,1.791,1.982,1.119,2.1,2.402,2.97,2.674,3.04,2.896,2.717,2.04,2.116,1.141,1.888,2.029,1.602,1.0,2.38,1.832,2.442,2.028,2.345,2.298,1.524,1.664,1.768,1.593,2.884,2.159,2.379,1.584,2.54,1.955,2.657,1.72,2.56,2.316,1.62,2.413,2.246,1.914,1.22,2.009,1.697,1.716,1.762,1.761,1.44,1.211,1.186,2.163,0.999,2.466,2.4,2.047,2.634,2.023,2.278,1.147,0.952,1.787,2.02,2.202,1.649,1.805,2.021,1.591,1.932,1.186,0.984,1.534,2.178,1.573,2.253,1.566,1.828,2.248,1.872,1.959,0.998,2.517,2.036,1.603,2.785,1.538,1.598,1.342,2.226,2.339,2.268,2.245,1.399,2.446,1.641,1.08,1.638,2.039,1.67,2.094,2.331,2.324,2.467,2.102,1.845,1.478,2.05,1.786,1.907,0.961,1.146,2.004,0.993,1.439,1.127,1.082,1.539,1.537,1.802,1.101,1.249,2.209,1.663,1.99,1.657,2.13,0.835,2.483,1.75,1.364,1.403,1.707,1.715,1.767,1.11,1.989,1.32,1.266,1.399,1.782,1.485,1.28,1.411,2.146,2.122,1.868,1.831,2.866,2.089,2.007,1.864,2.125,0.584,2.388,1.309,1.502,1.134,1.372,1.493,1.997,2.136,1137.8,allday_low
D0236,1.596,0.834,0.764,1.053,1.23,0.351,1.808,1.492,1.808,0.812,1.289,1.329,1.611,1.72,2.138,1.78,1.369,2.636,1.469,1.111,0.601,1.425,1.639,0.768,1.526,1.256,0.401,1.5,1.126,0.775,1.759,1.806,0.933,1.651,1.68,1.621,1.47,1.669,2.169,1.92,0.835,0.687,0.752,0.907,1.109,1.181,1.298,1.266,1.223,1.733,0.445,1.368,1.393,0.713,1.568,1.552,1.43,0.431,2.022,1.753,1.884,0.21,1.508,1.09,2.284,1.154,2.254,1.947,1.549,1.895,0.903,0.937,1.66,0.795,0.602,1.074,0.848,2.121,1.677,1.125,0.998,1.671,2.122,1.782,1.274,1.089,1.577,1.878,1.491,2.105,1.825,1.625,1.677,0.759,1.104,0.813,1.418,0.757,1.236,1.144,1.515,0.743,1.531,0.903,1.015,1.454,2.126,1.273,0.902,1.31,1.574,2.577,1.877,1.312,1.525,2.226,1.341,1.282,1.145,1.595,0.884,1.489,1.557,1.372,1.02,0.524,1.094,0.945,0.954,1.259,1.645,1.206,0.914,1.131,2.333,1.809,1.101,2.066,1.321,2.392,1.422,1.5,1.572,1.822,0.923,1.726,0.798,0.934,1.125,1.567,1.047,1.989,1.901,1.385,0.995,1.937,0.589,1.896,1.202,2.127,0.909,1.188,1.626,1.637,1.022,1.096,1.624,1.606,797.4,allday_low
D0237,1.205,1.433,1.12,0.651,1.894,0.174,1.555,1.305,1.473,0.967,1.311,1.564,1.437,0.696,2.284,1.796,1.491,1.477,2.137,0.986,0.826,1.59,1.368,0.667,1.58,1.2,0.648,1.288,1.244,1.081,1.333,1.489,1.674,1.369,1.257,1.54,2.011,1.787,1.366,1.528,2.225,1.77,1.447,1.834,1.018,1.356,2.004,1.415,1.82,1.03,0.837,1.59,0.268,1.202,1.624,1.461,0.316,0.715,1.328,1.646,1.707,1.5,1.842,1.7,1.417,1.674,1.088,1.607,0.881,1.427,1.368,0.986,1.376,1.762,0.593,1.497,1.579,1.028,1.521,1.093,1.827,0.088,2.029,0.932,1.516,1.137,2.186,1.4,1.231,1.936,1.709,1.171,0.816,0.701,1.734,1.31,1.168,1.289,0.175,0.922,0.956,1.563,0.499,1.682,2.07,0.547,1.387,1.657,1.868,0.529,1.665,1.405,1.348,2.363,1.282,1.523,1.208,1.316,1.409,1.523,0.632,1.03,1.031,0.219,0.552,1.41,0.836,2.262,1.569,1.392,1.921,1.637,1.411,0.717,1.661,1.981,1.061,0.467,0.76,1.98,1.172,1.744,1.053,0.785,1.942,0.794,0.834,1.168,0.851,1.359,1.245,1.305,0.858,0.441,0.867,0.954,1.459,0.986,0.702,0.837,1.502,1.599,1.013,1.009,1.412,1.161,1.578,0.938,736.4,allday_low
D0238,0.0,0.688,0.942,0.399,0.027,1.815,2.918,5.284,6.697,6.799,3.487,1.287,1.574,0.0,0.729,0.908,0.381,0.0,0.57,0.913,0.44,0.0,0.424,0.0,0.0,0.17,0.317,0.0,0.592,1.359,2.652,4.213,6.926,7.107,4.192,1.836,0.554,0.629,0.391,0.606,0.0,0.341,0.079,0.454,0.0,0.11,0.53,0.603,0.273,0.0,0.578,1.029,0.102,0.932,3.112,5.56,7.373,6.747,3.296,1.613,1.003,0.331,0.462,0.229,0.09,0.177,0.0,0.0,0.256,0.264,0.542,0.158,1.04,0.84,0.063,0.405,1.025,0.836,2.412,5.769,7.19,6.773,4.128,1.714,0.118,0.431,0.851,0.847,0.768,0.641,1.281,0.0,0.39,0.0,0.985,0.038,0.726,0.07,0.464,0.252,0.449,1.218,3.025,4.876,6.936,6.443,3.599,2.586,1.021,0.157,0.559,0.74,0.537,0.363,0.0,0.0,0.577,0.0,0.503,0.67,0.078,0.0,0.0,0.451,0.781,0.0,1.273,1.673,3.136,2.76,2.856,0.581,0.797,0.62,0.046,0.183,0.129,0.0,0.0,0.0,0.0,0.0,0.041,0.202,0.314,0.026,0.0,0.318,0.548,0.231,0.657,1.873,2.67,3.031,1.907,0.73,1.144,0.132,0.755,0.664,0.632,0.259,0.167,0.117,0.497,0.0,0.0,0.865,759.0,morning
D0239,0.055,0.4,0.235,0.0,0.788,1.556,2.449,5.073,6.959,6.027,3.167,0.97,0.684,1.367,0.86,0.248,0.953,0.776,0.0,0.728,0.303,0.0,0.291,0.436,0.0,0.196,0.104,0.639,0.31,0.306,2.376,4.289,5.464,5.872,3.637,1.031,0.01,0.265,0.0,0.141,0.282,0.387,0.403,0.0,0.282,0.826,0.0,0.396,0.0,0.882,0.621,0.635,0.062,1.189,2.746,3.648,6.112,5.617,2.639,1.737,0.626,0.932,0.071,0.33,0.403,0.0,0.09,0.289,0.0,0.553,0.288,0.286,0.574,0.065,0.273,0.671,0.471,0.241,2.601,4.744,6.451,5.186,2.835,1.028,1.23,0.441,0.884,0.942,0.0,0.0,0.192,0.526,0.0,0.454,0.432,0.0,0.0,0.438,1.173,0.135,0.572,0.745,2.555,4.198,5.627,6.176,3.16,0.689,0.841,0.803,0.548,0.158,0.0,0.0,0.152,0.072,0.0,0.784,0.652,0.807,0.0,0.0,0.149,0.313,0.233,0.638,1.873,2.024,3.084,2.636,1.517,1.002,0.0,0.0,0.311,0.0,0.343,0.0,0.795,0.0,0.766,0.018,0.0,0.502,0.232,0.07,0.0,0.0,1.239,0.0,0.49,2.416,2.914,1.721,0.522,1.159,0.0,0.0,0.146,0.0,0.516,0.109,0.0,0.0,0.684,0.0,0.376,0.095,579.9,morning
D0240,3.18,2.847,2.15,1.762,1.407,2.276,0.0,0.0,0.562,0.85,0.0,0.347,0.0,0.389,0.0,0.347,1.044,0.804,1.694,1.64,1.66,1.993,1.5,3.313,2.969,3.049,1.433,0.641,0.334,1.386,0.319,0.0,0.332,0.775,0.387,0.234,0.418,0.0,0.692,0.0,2.237,1.837,0.55,1.832,0.698,0.959,1.812,3.937,3.587,2.669,2.502,1.493,0.56,0.636,0.622,0.686,0.399,0.285,0.0,0.469,0.0,0.0,0.759,0.0,0.067,1.487,0.0,0.824,0.195,0.976,3.225,3.092,3.918,3.722,2.124,1.915,0.935,2.546,0.0,0.493,0.283,0.794,0.042,1.2,0.438,0.229,0.177,0.283,1.846,2.357,0.317,2.983,0.55,1.339,2.171,4.172,3.887,4.107,3.054,1.216,2.107,2.166,0.399,1.103,0.169,0.401,0.181,0.312,0.823,0.146,0.0,0.321,2.516,2.491,0.299,2.081,0.782,2.471,2.836,4.316,4.242,4.083,2.563,2.353,0.23,1.489,0.527,0.457,0.0,0.0,0.376,0.0,0.034,0.132,0.0,0.0,1.16,0.275,0.143,0.969,0.893,2.797,2.51,4.353,4.036,3.777,2.428,2.138,1.097,1.802,0.0,0.335,0.055,0.0,0.001,0.258,0.488,0.725,0.704,0.415,1.394,1.183,0.211,1.074,0.573,1.608,3.167,3.421,727.0,night
D0241,1.782,0.647,1.573,1.077,1.457,2.278,0.999,0.969,1.504,2.208,1.655,1.643,1.738,1.236,1.777,1.511,2.257,1.982,0.979,1.394,1.706,0.977,0.89,1.132,1.467,1.758,1.382,2.4,1.008,1.673,0.877,2.144,2.08,1.842,0.794,1.939,1.294,1.892,1.042,1.809,1.503,1.273,1.842,1.499,1.376,1.751,2.233,1.464,0.5,0.591,1.308,1.754,1.373,1.57,1.349,1.852,1.746,1.063,1.776,0.929,1.864,1.561,1.769,1.834,1.789,2.261,1.59,1.607,2.067,2.273,1.368,1.11,1.104,1.495,1.186,0.505,1.818,1.707,1.892,2.024,1.554,1.639,2.028,1.077,1.504,1.661,2.111,1.445,1.342,1.429,1.786,1.491,0.816,0.855,1.437,1.417,1.325,1.08,1.632,1.458,1.463,1.507,2.095,0.958,1.279,1.37,2.141,1.455,1.306,1.64,1.744,2.226,1.492,1.314,1.165,1.367,2.622,1.591,1.645,1.34,1.243,1.516,1.403,1.32,1.188,1.048,1.429,1.315,2.281,1.842,1.114,0.935,1.317,1.032,1.321,1.083,1.349,1.319,1.484,1.276,0.916,1.824,1.42,0.961,0.782,0.502,0.456,1.634,1.605,0.943,1.853,1.555,1.413,1.757,1.696,1.53,1.388,1.471,0.803,1.159,2.306,1.089,0.585,1.776,1.434,1.414,1.167,1.616,910.5,allday_low
D0242,2.221,1.427,2.344,2.189,1.158,2.476,1.276,1.566,2.257,2.497,2.152,1.896,2.12,2.104,2.666,2.092,1.944,1.514,1.84,1.975,1.441,1.091,2.252,1.308,1.128,2.393,2.047,2.148,1.945,2.349,2.209,1.721,1.47,1.451,2.044,1.684,1.878,2.206,2.917,1.595,2.25,1.616,1.857,2.447,1.567,1.757,1.875,2.074,1.471,2.254,1.465,1.905,1.632,2.092,2.724,1.751,1.942,1.834,1.843,1.864,2.229,1.925,1.952,0.85,2.86,2.919,2.399,1.635,1.381,1.172,2.099,2.328,1.792,2.073,1.865,1.34,2.172,2.184,1.366,2.239,1.883,1.911,2.283,2.341,2.637,1.893,2.542,1.753,2.157,2.129,2.544,2.032,1.831,2.517,1.618,1.547,0.873,1.589,1.242,1.574,1.825,1.27,1.441,1.156,1.72,1.603,3.072,2.856,2.841,1.692,2.208,1.733,3.066,2.553,1.633,2.195,1.282,1.814,1.733,2.091,1.99,1.527,1.398,0.062,2.249,1.287,1.676,2.705,1.217,1.835,2.12,2.453,2.014,2.576,1.872,2.292,2.2,1.92,2.042,1.432,1.62,1.109,1.432,2.095,1.735,1.657,0.779,1.662,1.517,1.825,2.253,1.504,1.612,2.239,1.625,2.001,1.115,1.909,2.646,2.198,2.418,2.392,2.504,1.669,2.178,2.7,1.619,0.989,1104.0,allday_low
D0243,0.0,0.086,0.29,1.1,0.855,0.877,4.815,4.999,4.902,3.938,1.94,0.392,0.647,0.0,0.679,0.601,0.028,0.646,0.0,0.0,0.481,0.14,0.0,0.183,0.827,0.81,0.433,0.131,0.78,0.99,3.601,5.434,6.527,4.044,1.988,1.246,0.293,0.713,0.83,1.0,0.26,0.63,0.001,0.332,0.21,0.186,1.055,0.0,0.232,0.259,0.53,0.0,0.411,1.11,2.061,5.529,4.997,3.684,2.831,0.847,0.281,0.137,0.72,0.0,0.502,0.0,0.382,0.64,0.866,0.0,0.1,0.953,0.649,0.145,0.243,0.425,0.378,1.624,3.295,4.504,5.438,4.201,2.29,1.12,0.497,0.0,0.84,0.236,0.892,0.882,0.0,0.013,0.046,0.375,0.561,0.3,0.0,0.966,0.032,0.611,0.502,1.28,3.224,5.45,5.512,3.965,2.95,1.171,0.472,0.712,0.37,1.328,0.223,0.739,0.421,0.42,0.059,0.061,0.446,0.0,0.0,0.112,0.667,0.167,0.275,0.144,2.147,2.751,3.095,1.329,1.24,0.027,0.534,0.263,0.34,0.0,0.0,0.0,0.244,0.0,0.219,0.0,0.102,0.733,0.243,0.271,0.278,0.0,0.953,0.712,1.31,2.312,2.687,1.202,0.987,1.405,0.911,0.057,0.422,0.0,0.253,0.0,0.0,0.0,0.851,0.0,0.607,0.0,602.1,morning
D0244,0.546,0.186,0.008,0.0,1.491,1.515,3.331,5.767,5.571,5.05,2.417,0.377,0.184,0.0,0.286,0.0,0.0,0.378,0.267,0.791,0.771,0.275,0.472,0.0,0.56,0.432,0.685,0.176,0.471,1.399,4.011,5.501,5.277,4.829,2.224,1.488,0.665,0.833,0.717,0.669,0.757,0.614,0.0,0.0,0.0,0.576,0.0,0.24,0.127,0.798,0.203,0.148,1.197,1.489,3.252,5.154,6.078,4.39,2.285,1.653,0.445,0.073,0.0,0.336,0.0,0.081,0.0,0.336,0.0,0.432,0.001,0.569,0.465,0.294,0.636,1.015,1.175,0.941,3.093,5.157,6.237,4.304,2.18,0.67,0.557,0.56,0.0,0.016,0.0,0.0,0.465,0.389,0.324,0.961,0.0,0.0,0.0,0.0,0.0,0.561,0.708,1.916,3.364,4.923,5.416,4.509,1.623,0.0,0.577,0.366,0.944,0.548,0.374,0.094,0.0,0.108,0.664,0.443,0.655,0.283,0.0,0.634,0.597,0.225,0.522,0.914,1.304,2.301,2.268,1.924,1.559,0.829,0.441,0.555,0.0,0.0,0.041,0.076,0.415,0.341,0.566,0.0,0.0,0.07,0.314,1.042,0.0,0.0,0.051,0.277,0.947,2.17,2.823,1.869,0.586,0.312,0.0,0.552,0.762,0.0,0.202,0.0,0.127,0.06,0.0,0.643,0.03,0.0,622.0,morning
D0245,0.0,0.0,0.0,0.406,0.833,3.456,5.884,7.058,5.923,3.918,1.515,0.101,0.633,0.927,0.0,0.0,0.0,0.038,0.46,0.959,0.693,0.465,0.312,0.468,0.495,0.886,0.346,0.764,1.44,3.731,6.009,6.55,6.039,3.817,1.305,0.693,0.721,0.232,0.378,0.194,0.045,0.527,0.522,0.707,0.29,0.0,0.79,0.0,0.0,0.06,0.0,0.548,1.902,3.485,6.727,7.66,6.047,2.277,1.967,0.437,1.089,0.025,0.229,0.332,0.0,0.0,0.0,1.621,0.0,0.0,0.549,0.0,0.0,0.0,0.487,0.164,1.913,3.646,6.163,6.882,5.522,2.745,0.962,0.051,1.015,0.118,0.0,0.408,0.0,0.272,0.171,0.962,0.119,0.659,0.612,0.0,0.362,0.0,0.0,0.072,1.912,4.685,5.456,6.829,5.504,2.752,1.89,1.505,0.048,1.062,0.032,0.0,0.215,0.668,0.23,0.609,0.379,0.886,0.516,0.966,0.0,0.043,0.159,0.0,0.277,1.828,3.055,3.239,3.017,0.92,0.419,0.0,0.213,0.353,0.735,0.0,0.299,0.778,0.0,0.0,0.0,0.412,0.0,0.346,0.02,0.93,0.497,0.0,0.513,1.827,1.969,3.366,2.146,1.623,0.441,0.0,0.0,0.898,0.0,1.503,0.185,0.0,0.0,0.671,0.03,0.487,1.162,0.418,744.1,morning
D0246,1.129,0.38,0.854,0.525,0.248,0.783,0.28,0.255,0.312,0.0,0.613,0.0,0.358,0.716,0.0,0.0,2.395,0.992,0.0,2.12,0.597,0.0,0.6,4.196,0.747,0.803,0.731,0.485,0.0,0.411,0.8,0.0,0.0,0.098,0.46,0.16,0.088,0.0,0.0,0.232,1.356,0.0,0.147,2.579,0.187,1.311,1.599,2.818,0.826,1.013,0.454,1.289,0.434,0.1,0.983,0.018,0.424,0.492,0.332,0.128,0.553,0.0,0.677,0.049,3.959,0.654,0.453,3.058,0.937,0.975,0.0,3.617,1.33,1.11,0.963,1.081,0.507,0.0,0.26,0.714,0.216,0.258,0.0,0.593,0.007,0.433,0.359,0.191,2.793,0.264,0.772,2.714,0.914,0.394,0.704,3.398,1.845,1.42,0.432,0.806,0.002,0.519,0.325,0.09,0.0,0.25,0.228,0.0,0.461,0.711,0.578,0.332,2.935,0.257,0.169,2.989,0.951,0.834,0.465,4.454,1.716,1.263,0.239,0.064,0.0,0.0,0.0,0.0,1.131,0.838,0.287,0.147,0.984,0.893,0.0,0.274,1.228,0.05,0.128,1.275,0.611,0.982,1.959,2.212,1.741,0.537,0.77,0.859,0.498,0.04,0.293,0.904,0.0,0.415,0.594,0.0,0.941,1.093,0.652,0.653,1.232,0.0,0.155,1.616,0.736,0.0,1.397,2.861,435.6,intermittent
D0247,0.478,1.385,1.332,1.101,2.264,1.336,1.744,1.489,1.979,1.327,1.066,1.951,1.792,2.048,1.424,1.906,0.94,1.391,1.227,1.699,1.189,0.725,1.032,1.511,1.265,0.844,1.538,1.884,1.615,0.203,1.394,1.279,0.491,0.895,1.904,1.69,1.693,1.397,2.188,1.136,1.257,1.464,0.858,1.079,1.885,0.963,1.639,1.527,1.13,0.541,1.189,0.229,0.968,1.351,1.679,1.275,1.133,1.166,1.333,1.888,1.815,1.68,1.985,1.69,1.056,1.107,1.815,0.857,1.236,1.292,0.822,0.491,0.677,0.365,1.436,1.358,0.864,0.626,1.812,1.541,1.128,2.01,1.606,1.75,1.188,1.007,0.995,2.627,1.285,1.636,1.751,1.466,1.338,1.264,1.503,0.774,1.007,0.142,0.322,0.595,1.59,1.119,1.601,1.516,1.524,1.051,1.578,1.721,2.647,1.534,2.031,1.634,1.341,1.998,2.395,1.594,1.1,1.554,1.413,2.239,1.419,0.641,1.618,1.41,1.506,1.318,1.612,1.407,1.152,1.389,1.338,1.6,1.527,1.379,1.449,1.519,0.69,1.907,1.546,1.053,1.532,0.98,0.93,1.286,1.729,1.187,0.695,0.903,1.467,1.299,1.59,1.386,1.613,2.234,0.781,2.529,1.913,2.702,1.089,1.693,1.563,1.844,1.601,1.489,1.617,1.161,0.927,1.321,796.3,allday_low
D0248,0.901,0.436,0.823,0.365,0.868,1.311,0.677,0.572,1.398,1.515,1.353,1.005,0.974,1.135,1.268,0.508,0.815,1.777,1.255,1.656,1.503,0.852,0.811,1.341,1.218,1.298,0.832,0.918,0.761,0.882,0.637,0.959,0.974,0.898,1.518,0.58,1.409,0.87,0.913,0.942,1.469,0.199,1.238,1.124,0.61,1.074,0.399,0.887,0.313,1.776,1.226,0.965,0.446,0.782,0.84,1.101,1.225,1.205,1.316,1.138,1.411,0.998,0.816,2.116,1.444,2.027,1.038,2.189,1.082,1.508,0.96,0.981,0.824,0.632,1.279,0.85,1.25,1.313,1.582,1.182,0.366,0.96,1.15,1.22,1.85,1.796,1.229,2.378,1.1,1.094,0.67,0.402,0.515,1.448,1.279,0.509,0.921,1.217,0.0,1.651,1.35,1.271,1.486,0.074,0.948,1.67,1.159,1.549,1.909,1.601,1.178,1.544,0.505,1.435,1.499,1.172,1.569,1.118,1.011,1.731,0.358,1.395,1.345,1.149,0.607,0.97,0.489,0.64,1.001,0.596,0.941,0.597,1.425,1.892,2.153,0.691,0.745,1.071,1.416,0.952,1.426,1.184,0.106,0.892,0.282,0.565,0.62,1.153,0.826,0.657,1.845,0.542,1.122,1.344,1.172,0.739,0.754,1.485,1.685,1.183,0.588,1.148,1.777,0.591,0.848,0.969,1.39,0.627,651.5,allday_low
D0249,5.012,5.556,4.259,3.141,0.689,0.918,0.0,0.975,0.89,0.203,0.0,0.256,0.853,0.537,1.182,0.217,1.264,0.0,0.031,0.0,1.048,0.815,2.969,4.276,5.135,5.063,3.634,2.929,1.224,1.104,1.14,0.235,0.946,0.433,0.615,0.0,0.037,0.033,0.952,0.189,0.63,0.316,0.209,0.0,0.0,1.204,2.386,3.568,5.116,5.995,4.777,2.648,1.459,1.028,0.558,0.644,0.457,0.371,0.034,0.485,0.0,0.441,0.0,0.441,0.0,0.901,0.385,0.426,0.871,0.943,2.993,4.251,5.056,4.892,4.117,2.706,0.995,0.546,0.177,0.255,0.235,0.538,0.332,0.498,0.429,0.23,0.625,0.0,0.156,0.065,0.395,0.141,0.952,1.71,1.981,4.236,5.818,6.688,4.977,2.973,1.026,0.869,0.016,0.0,0.474,0.821,0.562,0.0,0.323,0.69,0.323,0.531,0.188,0.216,0.117,0.792,1.157,1.425,3.491,4.364,6.596,6.145,4.903,2.865,1.579,1.229,0.525,0.174,0.329,0.0,0.658,0.0,0.083,0.365,0.601,0.509,0.379,1.062,1.338,0.542,0.845,1.676,3.014,5.392,6.133,4.507,4.434,3.57,1.739,0.978,0.0,0.68,0.793,0.425,0.039,0.533,0.0,0.0,0.695,0.827,0.0,0.0,0.0,0.538,0.218,2.034,2.531,4.518,843.6,night
D0250,0.0,0.026,0.269,0.165,1.115,1.545,4.45,7.133,8.006,6.802,2.932,1.5,0.277,0.332,0.126,0.359,0.336,0.394,0.412,0.59,0.0,0.561,0.0,0.0,1.219,0.0,0.138,0.0,0.518,1.906,4.238,6.371,7.855,6.628,3.731,1.586,0.968,0.331,0.964,0.2,0.644,0.66,0.0,0.53,0.043,0.0,0.141,0.404,0.0,0.344,0.242,0.869,0.438,2.349,4.302,6.899,8.627,7.327,3.529,1.195,0.819,0.0,0.0,0.92,0.589,0.0,1.742,0.0,0.61,0.0,1.133,0.093,0.203,0.0,1.277,0.123,0.939,1.815,3.88,5.912,7.952,6.34,3.768,2.494,0.916,0.767,0.2,0.0,0.206,0.001,0.309,0.109,0.0,0.902,0.268,0.183,0.0,0.102,0.0,0.0,0.76,1.512,4.259,6.407,7.703,6.178,3.616,1.073,0.999,0.0,0.339,0.0,0.261,0.716,0.565,0.791,0.178,0.724,0.003,0.109,0.208,0.532,0.0,0.493,0.429,0.968,1.473,2.938,3.582,3.06,1.268,0.106,0.0,0.507,0.577,0.0,0.183,0.0,0.697,0.055,0.395,0.0,0.0,0.494,0.618,0.0,0.65,0.0,0.0,0.73,1.88,2.084,2.329,2.362,1.167,1.228,0.256,0.483,0.229,0.839,0.0,0.093,0.0,0.498,0.634,0.525,0.076,0.0,795.2,morning
D0251,5.009,4.687,2.513,1.584,0.356,0.0,0.83,1.011,0.0,0.105,0.0,0.554,0.827,0.172,0.171,0.0,0.0,1.075,0.793,1.478,1.921,3.5,5.157,5.97,5.83,3.406,2.091,0.743,0.0,0.815,1.137,0.684,0.442,1.172,0.544,0.699,0.401,0.47,0.278,0.714,0.0,0.585,0.187,1.291,3.162,3.938,5.677,6.231,4.164,3.649,2.355,0.159,0.459,0.365,0.0,0.0,0.94,0.0,0.46,0.861,0.325,0.972,0.146,0.0,0.345,0.225,0.314,0.98,1.729,3.246,4.644,6.012,5.051,3.356,1.79,1.253,0.92,0.761,0.466,0.599,0.332,0.561,0.555,0.028,0.0,0.965,0.413,0.832,0.0,0.236,0.0,1.411,1.924,3.575,6.315,6.448,6.953,4.198,1.916,1.842,0.0,0.287,0.082,0.018,0.233,0.0,0.0,0.546,0.911,0.0,0.52,0.677,0.647,0.407,0.461,1.698,2.815,3.777,6.48,7.467,6.456,4.835,3.093,1.094,0.887,0.089,0.0,0.73,0.979,0.0,0.879,0.444,0.0,0.0,0.724,0.0,0.187,0.492,0.963,1.498,3.486,4.464,6.91,7.97,6.11,4.594,2.197,1.515,0.235,0.411,0.615,0.816,0.632,0.416,0.339,0.622,1.36,0.76,0.547,0.0,0.008,0.295,1.044,0.758,2.606,4.08,5.881,6.375,957.5,night
D0252,0.295,0.0,0.512,2.314,1.864,5.095,5.897,7.83,6.6,3.364,1.102,0.569,0.813,1.298,0.809,0.102,0.224,0.227,0.0,0.259,0.206,0.0,0.706,0.518,0.041,0.406,0.0,0.525,2.264,4.563,6.83,8.092,6.137,2.909,1.316,0.775,0.507,0.0,0.404,0.34,0.0,0.0,0.55,0.952,0.0,0.77,0.0,0.958,0.222,0.018,0.571,0.341,2.187,4.295,5.346,7.587,6.256,3.837,1.54,1.054,0.0,0.661,0.664,0.0,0.824,0.476,0.202,0.194,0.0,0.613,0.465,0.591,0.365,0.432,0.278,1.258,2.228,4.429,7.0,7.157,5.277,3.192,1.962,0.264,0.07,0.0,0.0,0.0,0.454,0.107,0.087,0.047,0.435,0.504,0.0,0.0,0.273,0.52,0.448,1.105,1.222,4.32,7.631,7.576,5.901,3.423,1.076,0.126,0.377,0.0,0.491,0.566,0.0,0.386,0.215,0.977,0.902,0.691,0.857,0.148,0.265,0.039,0.0,0.385,0.842,1.867,3.151,3.606,3.176,1.248,0.05,0.567,0.552,0.311,0.0,0.089,0.276,0.0,0.0,0.082,0.68,0.249,0.0,0.057,0.0,0.0,0.489,0.0,1.374,2.726,2.897,2.807,2.991,1.468,0.32,0.0,0.0,0.22,0.535,0.259,0.336,0.0,0.516,0.039,0.959,0.0,0.309,1.117,831.1,morning
D0253,0.337,0.236,0.067,0.0,0.913,0.852,3.901,6.143,7.202,7.017,3.07,1.308,0.389,0.439,0.045,0.972,0.0,2.152,0.0,1.644,0.806,0.264,0.416,0.143,0.47,0.0,0.639,0.449,0.179,1.736,3.772,5.96,7.439,6.615,4.212,1.544,1.065,0.897,0.907,0.502,0.0,0.715,0.228,0.542,0.031,0.044,0.0,0.0,0.05,0.0,0.575,0.0,0.323,1.545,4.423,5.971,7.01,5.794,3.334,1.313,1.683,0.807,0.179,1.148,0.038,0.129,0.102,0.776,0.282,0.992,0.509,0.723,0.0,0.0,0.0,0.174,0.0,2.102,3.518,6.559,7.41,6.756,2.837,1.586,0.872,0.635,0.178,0.0,0.769,0.137,0.176,1.312,0.357,0.08,0.053,0.604,0.0,0.529,0.799,0.309,1.038,1.435,3.118,5.219,7.374,6.199,3.977,1.926,1.544,0.091,0.465,0.0,0.717,0.0,0.709,0.0,0.643,0.841,0.0,0.0,0.247,0.199,0.012,0.0,0.0,0.844,1.189,2.992,3.176,2.683,2.222,1.153,0.0,0.0,0.494,0.0,0.795,0.202,0.0,0.146,0.754,0.0,0.603,0.679,0.0,0.093,0.189,0.477,0.0,0.611,1.398,2.818,4.257,2.224,1.524,0.301,0.039,0.0,0.0,0.658,0.286,0.167,0.0,0.092,0.0,0.113,0.276,0.0,750.5,morning
D0254,0.43,0.0,0.709,0.855,1.555,4.272,6.444,8.406,7.432,4.804,1.867,0.49,0.858,0.764,0.914,0.526,0.0,0.413,0.354,0.892,0.815,0.615,0.0,0.0,0.175,0.19,0.458,1.276,1.821,3.118,6.061,7.798,7.168,4.771,2.401,0.611,0.406,1.102,0.0,0.626,0.577,0.206,0.331,0.528,0.206,0.052,0.018,1.177,0.141,0.434,0.736,0.515,1.487,3.758,6.052,7.52,6.891,5.186,1.709,0.839,0.0,0.953,0.204,0.134,0.279,1.47,0.538,0.268,0.0,0.948,0.026,0.0,0.0,1.003,0.364,0.0,1.379,3.157,6.595,8.038,6.514,4.372,1.942,0.216,0.0,0.476,0.214,0.242,0.675,0.0,0.366,0.637,0.257,0.0,0.042,0.136,0.0,0.494,0.365,0.291,1.84,3.12,6.778,7.68,6.43,3.772,1.91,0.259,0.464,0.151,0.132,0.303,0.774,0.078,0.405,0.522,0.0,0.557,0.689,0.757,0.0,0.0,0.148,0.225,0.67,1.429,2.979,2.546,3.545,2.646,0.637,0.442,0.945,0.172,0.29,0.981,1.069,0.0,0.0,0.555,0.376,0.47,0.0,0.0,0.939,0.486,0.312,0.0,0.401,1.669,1.951,2.967,3.057,2.029,0.552,0.754,0.595,0.0,0.873,0.661,0.229,0.074,0.491,0.376,0.013,0.858,0.0,0.0,847.8,morning
D0255,0.8,1.283,1.893,0.725,1.32,1.231,1.687,1.765,1.706,1.612,1.85,1.82,1.938,2.647,1.463,2.145,1.529,2.774,1.862,1.171,1.558,0.931,1.238,1.747,2.041,1.883,1.328,1.654,1.792,2.482,1.251,2.267,1.171,2.273,1.542,1.587,1.825,1.642,2.196,2.543,1.003,1.816,1.333,2.149,2.301,1.509,1.207,0.743,2.305,1.991,0.485,1.692,0.928,1.241,0.961,0.688,1.642,2.595,1.405,2.295,2.425,2.316,2.903,2.421,2.765,1.378,2.157,2.422,1.315,0.019,0.953,1.144,1.681,1.142,1.377,1.125,1.37,1.44,1.238,1.957,2.283,1.225,1.919,1.251,1.164,2.457,2.908,1.843,2.778,1.603,1.716,2.492,1.251,2.0,1.366,1.145,1.199,0.421,1.943,1.499,1.361,1.158,1.663,1.985,1.539,2.176,1.945,1.852,2.363,1.762,1.441,1.967,1.969,1.794,2.357,1.967,1.61,1.585,1.559,1.706,1.309,1.188,0.637,0.938,1.41,1.407,0.702,1.176,1.078,2.182,1.753,1.899,1.728,1.51,1.603,2.014,1.641,1.931,1.704,1.701,1.652,1.192,1.231,1.732,2.107,1.67,0.0,0.916,1.337,0.828,0.855,1.241,1.651,1.846,1.474,1.505,1.378,2.02,2.002,2.2,1.816,1.115,1.483,1.953,0.715,1.391,1.499,2.224,936.7,allday_low
D0256,0.122,0.873,0.592,0.487,1.514,3.207,7.501,8.175,8.692,5.792,2.77,1.605,0.334,0.628,0.492,0.764,0.325,0.531,0.331,0.0,1.106,0.043,0.171,0.001,0.568,0.174,1.098,0.827,1.186,2.864,6.435,9.339,8.799,5.843,2.371,2.128,0.444,0.0,0.0,0.232,1.262,0.31,0.218,0.767,0.799,0.683,0.476,0.0,0.049,0.0,0.315,0.396,1.073,3.399,6.189,8.952,8.601,5.892,2.995,0.514,0.739,0.526,0.577,0.446,0.549,0.199,0.586,0.901,0.163,0.18,0.67,0.137,0.063,0.579,0.222,1.137,1.101,2.904,6.483,9.301,8.964,6.148,2.582,1.63,0.0,0.055,0.406,0.073,0.247,0.0,0.293,0.595,0.145,0.0,0.179,0.883,0.86,0.155,0.624,0.549,1.823,3.196,6.07,9.37,7.963,5.754,3.304,1.363,0.165,0.019,0.0,1.035,0.0,0.688,0.0,1.518,0.0,0.386,0.913,0.051,0.428,0.048,0.362,0.75,0.397,2.147,3.077,4.974,3.594,2.369,1.169,0.0,0.657,0.149,0.0,0.0,0.0,0.59,0.38,0.114,0.01,0.066,0.975,0.069,0.541,0.008,0.923,0.0,0.888,0.968,3.59,3.956,2.761,1.943,1.441,0.744,0.476,0.233,0.012,0.644,0.0,0.179,0.0,0.0,0.0,0.0,0.402,0.0,953.6,morning
D0257,0.227,0.082,0.895,0.417,1.753,3.703,5.834,6.763,5.813,4.238,1.817,0.701,0.106,1.088,0.0,0.364,0.527,0.0,0.0,0.095,0.689,0.104,0.0,0.0,0.0,0.0,0.695,0.948,1.439,3.263,6.291,7.644,5.766,3.281,1.913,0.76,0.634,0.0,0.0,0.51,0.0,0.0,0.001,0.209,1.067,0.0,0.274,1.221,0.0,0.604,0.029,0.765,2.487,3.737,6.025,6.901,6.131,3.408,0.943,0.0,0.0,0.294,0.806,0.0,0.388,0.0,0.0,0.0,1.307,0.39,0.376,0.542,1.441,0.111,0.0,1.484,0.882,3.965,5.924,7.524,5.564,4.83,1.423,0.323,0.608,0.018,0.493,0.0,0.367,0.03,0.0,0.0,0.7,0.144,0.219,0.494,0.8,0.0,0.431,0.146,1.27,3.691,4.603,6.547,5.795,3.651,2.064,0.0,0.98,0.527,0.179,0.0,0.029,0.748,0.298,0.205,0.0,0.617,0.219,0.18,0.093,0.0,0.0,0.0,0.367,0.711,2.899,2.998,2.618,1.632,0.357,0.0,0.262,0.989,0.545,0.712,0.0,0.049,0.047,0.778,0.548,0.062,0.0,0.0,0.406,0.0,0.09,0.51,1.084,1.002,2.649,3.657,3.127,1.226,0.771,0.593,0.153,0.011,0.0,0.0,0.0,0.0,0.17,0.51,0.0,0.0,0.067,0.244,733.2,morning
D0258,4.688,2.029,2.769,1.641,0.0,0.153,0.0,0.757,0.131,0.113,0.507,1.019,0.916,0.105,0.189,0.615,0.0,0.357,0.081,1.035,0.812,2.642,4.518,4.279,4.273,2.575,2.114,1.044,1.096,1.043,0.46,0.293,0.499,1.438,0.191,0.834,0.952,0.0,1.119,0.326,0.433,0.616,0.107,1.679,1.404,3.029,4.203,5.186,4.963,2.876,3.667,1.515,0.134,0.156,0.482,0.0,0.238,1.267,1.168,0.748,2.763,0.567,0.15,1.085,0.0,0.827,0.301,2.781,1.957,3.816,4.703,6.657,4.283,3.38,3.568,0.149,0.48,0.0,0.254,0.0,0.0,0.0,0.094,0.607,1.133,0.0,0.521,0.474,1.119,0.813,0.077,1.912,2.125,2.643,4.119,5.211,4.567,4.237,4.268,0.86,0.434,1.25,0.135,0.634,0.811,1.069,0.036,0.0,1.927,0.748,1.315,0.765,0.134,1.014,0.445,2.972,2.02,3.424,4.85,8.42,5.142,3.111,4.519,0.758,0.262,0.81,0.118,0.231,0.452,0.304,0.24,0.0,2.333,1.159,0.716,0.266,0.657,0.778,0.302,3.928,2.333,3.701,6.102,7.159,3.963,3.49,4.164,1.745,0.0,0.812,0.0,0.565,0.345,0.757,0.269,0.829,1.947,0.338,0.461,1.131,0.76,0.519,0.869,3.63,2.065,2.754,4.785,7.05,952.0,night
D0259,0.152,4.102,0.097,0.0,0.0,0.764,0.13,0.775,0.0,4.558,0.0,1.297,0.0,1.005,0.188,0.115,0.462,3.792,0.55,0.583,0.202,0.31,1.065,5.139,0.0,5.47,0.0,0.0,0.439,0.0,0.23,0.512,1.068,5.211,0.0,0.0,0.986,0.0,0.0,0.0,0.566,4.84,0.5,0.194,0.0,0.0,0.0,5.565,0.0,5.222,0.0,0.0,0.202,0.544,0.874,0.0,0.843,4.668,0.0,0.508,0.812,0.0,0.008,0.0,0.484,5.118,0.235,0.071,0.402,0.097,0.0,5.363,0.634,4.663,0.0,0.464,0.88,1.329,0.406,0.633,0.0,3.505,0.635,0.0,0.261,0.834,0.511,0.508,0.168,3.718,1.16,0.746,0.571,0.203,0.0,4.972,0.092,6.271,0.507,0.324,0.927,0.0,0.26,1.192,0.633,5.892,0.589,0.208,0.889,0.599,0.0,0.337,0.418,6.028,0.373,0.484,0.418,0.0,0.024,6.582,0.251,4.964,0.704,0.0,0.0,1.093,0.0,0.703,0.482,4.519,0.148,0.081,0.368,0.0,0.128,0.191,0.704,4.553,0.0,0.0,0.373,0.0,0.746,5.46,0.401,5.111,0.0,0.0,0.0,0.0,0.363,0.133,0.0,4.531,0.5,0.788,0.0,1.179,0.0,0.0,0.997,4.21,0.892,0.0,0.075,0.0,0.781,5.894,636.4,intermittent
D0260,0.0,0.0,0.254,0.0,0.0,0.0,0.013,0.0,0.0,0.557,0.0,0.302,0.025,0.0,0.0,0.235,0.886,1.611,0.066,0.513,0.672,1.681,2.014,2.329,0.366,0.601,0.663,0.385,0.2,0.0,0.026,0.056,0.675,0.215,0.219,0.0,0.678,0.0,0.007,0.725,0.535,3.275,0.0,0.044,0.0,3.025,3.558,2.173,0.526,0.498,0.754,0.279,0.0,0.58,0.0,0.0,0.053,0.305,0.0,0.0,0.0,0.305,0.054,1.306,0.058,3.124,0.0,0.384,0.0,2.803,3.726,2.431,0.0,0.0,0.219,0.195,0.176,0.0,1.054,0.801,0.2,0.0,0.855,0.653,0.188,0.681,0.0,0.0,0.213,3.291,0.0,0.386,0.25,3.398,4.067,3.117,0.0,0.0,0.571,0.054,0.015,0.0,0.0,0.08,0.342,0.229,0.436,0.458,1.114,0.0,0.23,0.281,0.0,2.784,0.349,0.306,0.0,2.282,3.047,2.558,0.385,0.0,0.034,0.0,0.0,0.0,0.001,0.0,0.178,0.0,0.017,0.022,0.0,0.217,0.0,0.0,0.468,1.48,0.416,0.0,0.0,3.132,2.359,3.04,0.0,0.075,0.492,0.358,0.183,0.0,0.0,0.0,0.704,0.878,0.172,0.0,0.0,0.0,0.0,0.0,0.348,2.555,0.824,0.0,0.203,2.796,3.062,1.724,385.9,intermittent
D0261,1.688,2.402,1.21,1.204,1.291,1.569,1.882,1.606,2.334,1.955,1.988,1.502,2.975,2.17,2.94,1.911,2.529,1.847,2.85,2.461,2.264,1.485,2.608,2.617,1.49,1.704,2.028,0.744,2.176,2.161,1.497,0.825,2.031,1.446,1.317,2.267,2.748,2.093,2.737,2.49,1.537,1.851,2.517,1.704,2.25,1.627,2.075,1.893,1.549,1.943,0.639,1.143,1.452,2.228,1.1,1.796,2.024,2.068,1.987,1.821,2.044,2.63,1.894,1.22,2.365,2.773,1.559,2.569,2.116,1.291,1.434,1.364,1.737,1.55,2.109,2.014,0.965,1.061,2.027,1.579,1.803,2.203,2.418,1.545,1.156,2.14,1.819,2.221,2.115,1.661,2.971,1.964,1.623,1.857,1.989,1.415,2.705,0.946,0.957,0.912,1.662,1.913,1.602,2.023,2.087,1.794,2.224,2.012,1.971,1.967,2.309,2.739,1.613,1.884,2.105,2.747,2.076,1.446,1.335,2.143,1.354,0.915,1.906,1.607,0.957,0.927,0.6,1.35,1.83,2.193,2.02,1.303,1.812,2.615,1.753,2.318,2.23,2.232,2.023,2.101,1.027,2.312,0.762,1.67,1.473,1.187,1.011,1.716,1.855,1.484,1.445,2.207,1.503,1.742,1.737,3.002,1.562,2.346,1.219,1.541,1.801,1.831,1.705,1.716,1.383,2.21,1.125,1.865,1095.2,allday_low
D0262,1.244,1.973,1.034,2.85,1.591,1.436,1.724,0.608,1.972,0.918,1.972,1.376,1.333,2.523,1.692,1.036,2.131,1.094,2.193,1.506,0.872,1.751,1.561,0.325,1.217,1.354,1.309,1.136,1.581,1.537,1.34,1.275,1.512,1.241,1.121,1.137,1.648,1.339,1.665,2.324,1.6,1.705,1.478,2.101,2.191,1.17,1.654,2.222,0.723,1.66,0.417,1.232,1.182,0.513,1.817,1.448,1.028,1.661,1.988,0.847,0.276,1.706,1.391,2.327,1.526,1.782,1.497,0.817,1.459,0.785,0.708,0.787,0.712,1.124,1.024,1.347,0.537,1.168,1.11,1.472,1.557,1.583,1.135,1.654,1.462,2.317,1.786,1.761,1.116,1.377,1.697,1.478,1.405,0.593,0.96,1.157,1.786,0.368,0.731,0.365,1.392,1.815,1.489,1.641,0.981,1.679,1.233,1.67,1.919,1.594,2.105,1.652,1.816,2.494,1.805,1.176,1.229,1.775,1.796,1.265,0.434,0.67,1.162,1.358,1.573,0.238,1.586,1.886,0.223,1.359,1.764,0.843,1.299,1.805,1.328,1.389,1.623,0.952,0.943,1.572,1.727,1.423,1.806,1.342,1.952,1.127,1.194,1.279,0.838,0.804,0.789,0.993,2.232,2.181,1.275,1.289,0.557,1.105,1.199,1.355,1.267,1.575,1.772,1.034,1.947,1.399,1.594,0.955,830.0,allday_low
D0263,3.622,3.458,1.856,1.265,1.794,0.317,0.45,0.217,0.1,0.5,0.0,0.209,0.0,0.979,0.728,0.916,0.0,0.515,0.316,1.49,2.468,1.898,2.417,4.646,3.988,3.452,1.941,0.68,1.554,0.424,0.505,0.0,0.899,0.752,0.311,0.378,0.412,0.328,0.535,1.43,0.206,0.0,0.324,0.818,2.139,2.203,3.293,5.078,3.931,3.442,1.996,1.648,1.277,0.872,0.559,0.176,0.119,0.207,0.0,0.402,0.0,0.036,0.309,2.132,0.282,0.308,0.0,1.249,1.217,2.522,2.317,4.879,4.04,3.221,2.838,1.963,0.64,0.419,0.145,0.405,0.0,0.0,0.0,0.199,0.0,0.246,0.068,1.077,0.008,0.745,0.459,1.211,2.049,0.841,2.332,5.156,5.024,3.936,2.521,1.372,0.804,0.493,0.0,0.473,0.463,0.306,0.044,0.657,0.951,0.153,0.072,2.03,0.0,0.0,0.13,0.746,2.159,2.044,2.481,6.618,5.763,3.959,3.191,1.61,0.941,0.413,0.261,0.0,0.0,0.852,0.0,0.349,0.328,0.336,0.656,1.152,0.653,1.265,0.358,0.0,2.024,2.02,3.699,5.019,4.415,3.457,2.86,1.193,1.142,0.0,0.346,0.0,0.085,1.528,0.0,0.137,0.0,0.166,0.237,0.756,1.015,0.836,0.0,0.891,1.512,1.227,2.616,4.349,787.2,night
D0264,3.815,2.387,1.978,0.892,0.584,0.748,0.315,0.0,0.282,0.852,1.203,0.0,1.088,0.186,0.361,1.118,3.17,0.281,0.264,3.545,4.78,5.696,4.626,4.005,3.975,2.627,2.078,0.449,0.739,1.456,0.0,0.0,1.267,0.268,0.38,0.179,1.073,0.0,0.886,0.0,1.35,0.0,0.473,2.086,3.04,4.245,3.541,3.899,3.872,2.344,0.334,0.809,0.833,0.256,0.0,0.68,0.0,0.199,0.334,0.83,0.604,0.451,0.763,0.0,3.634,0.0,1.188,2.777,4.395,6.211,4.219,4.501,4.351,2.096,1.006,0.98,0.42,0.247,0.913,0.868,0.0,0.548,0.0,0.0,0.0,0.325,0.055,0.554,2.423,0.906,0.808,2.299,4.233,4.804,4.357,4.339,5.368,3.65,1.608,0.842,2.065,0.0,0.085,0.099,0.0,0.0,0.351,0.614,0.0,0.174,0.038,0.0,2.708,0.122,0.041,3.155,4.54,5.688,4.604,5.372,4.687,3.445,2.327,1.05,0.62,0.237,0.727,0.585,0.0,0.0,0.269,0.855,0.943,0.762,0.351,1.08,2.246,0.335,0.048,2.907,3.967,6.735,5.851,5.766,4.371,2.627,0.538,0.55,0.864,0.597,0.189,0.692,0.146,0.0,0.691,0.083,0.82,0.0,0.102,0.629,2.411,0.317,0.712,2.656,3.004,4.92,4.485,5.019,961.6,night
D0265,0.585,0.539,0.725,0.0,1.163,2.329,4.764,7.269,5.567,2.765,1.258,0.383,0.355,0.0,0.392,0.0,0.0,1.146,0.083,0.887,0.0,0.0,0.0,1.455,0.0,1.049,0.436,0.51,0.771,2.235,4.997,6.555,5.249,3.438,1.18,1.523,0.407,1.167,0.0,0.225,0.728,0.309,0.479,0.0,0.063,0.0,0.207,0.161,0.008,0.534,0.0,0.0,0.851,3.609,4.973,5.58,5.361,3.045,1.546,0.942,0.387,0.306,0.915,0.488,0.333,0.265,0.0,0.0,0.547,0.82,0.438,0.5,0.0,0.0,0.0,0.344,1.551,2.326,4.709,6.277,5.704,2.364,1.157,0.213,0.0,0.08,0.0,0.08,0.261,0.0,0.029,0.254,0.299,0.0,0.561,0.572,0.0,0.992,0.471,0.573,1.36,2.043,4.347,5.941,4.544,2.791,1.573,0.658,0.294,0.268,0.155,0.617,1.174,0.365,0.81,0.037,0.0,0.0,0.0,0.101,0.509,0.564,0.0,0.059,0.498,1.293,2.398,2.503,2.232,2.007,0.492,0.0,0.096,0.149,0.0,0.0,0.299,1.013,0.0,0.455,0.191,0.633,0.0,0.607,0.729,0.75,0.754,0.268,0.707,0.867,0.897,2.5,1.992,1.676,0.936,0.0,1.172,0.276,0.0,0.0,0.0,0.442,0.0,0.0,0.0,0.0,0.357,0.0,601.5,morning
D0266,1.744,1.232,2.147,1.55,2.034,1.749,1.82,1.275,2.2,1.837,1.377,0.916,1.977,2.624,1.548,1.522,1.772,2.361,0.979,1.448,1.222,1.866,1.496,1.36,1.401,1.809,1.943,1.917,1.741,2.139,1.141,1.788,2.731,0.914,1.566,1.4,2.044,2.592,2.198,1.848,2.16,1.736,1.893,2.019,2.463,1.816,1.658,2.432,0.602,1.415,1.105,1.349,1.754,1.957,1.326,1.915,1.271,1.164,1.838,1.768,2.585,2.903,1.682,1.13,1.299,1.49,1.899,1.623,1.108,2.417,1.858,2.308,0.671,2.029,1.371,1.28,1.493,1.201,1.496,2.039,0.791,2.414,1.983,1.816,2.335,2.109,1.74,1.598,2.589,1.2,1.717,1.106,1.894,1.57,0.998,1.125,1.502,1.585,0.567,1.139,1.554,2.06,1.938,1.409,2.124,1.599,0.401,2.514,2.12,2.03,1.96,2.082,1.917,1.736,1.512,1.775,1.278,1.099,1.681,1.957,0.975,1.031,0.531,0.718,0.758,1.803,0.623,1.659,1.388,1.839,2.15,1.666,2.233,2.448,2.367,1.448,0.836,1.623,1.706,0.687,1.535,0.294,2.1,1.579,0.965,1.368,1.407,1.528,1.365,1.79,0.834,1.394,2.311,1.408,1.734,1.231,2.693,1.879,1.194,2.242,1.24,1.987,2.089,2.478,1.608,1.474,0.492,1.159,941.6,allday_low
D0267,6.42,5.348,3.132,1.397,0.537,0.636,1.049,0.081,0.427,0.623,0.396,0.0,0.621,0.0,0.0,0.0,0.34,0.012,0.0,1.179,1.98,4.001,5.276,6.845,7.032,4.543,2.886,2.124,0.867,0.463,0.415,0.96,0.395,0.426,0.398,0.0,0.631,0.036,0.0,0.0,0.0,0.0,0.122,0.812,2.47,3.687,5.719,7.449,5.389,5.31,3.326,2.047,0.05,0.273,0.013,0.0,1.446,0.15,0.822,0.723,0.0,0.169,0.432,0.584,0.561,1.235,0.993,1.303,2.428,4.269,5.324,6.163,6.77,4.801,2.918,1.815,0.657,0.852,0.593,0.597,0.0,0.033,0.0,0.683,1.293,0.508,0.548,0.189,0.338,1.044,0.656,1.351,2.688,4.359,5.931,7.303,8.352,6.784,3.882,2.3,1.564,0.0,0.0,0.503,0.819,0.647,0.0,0.922,1.376,0.127,0.191,0.53,0.47,1.111,0.873,1.156,2.28,3.989,7.778,9.065,8.855,6.894,4.197,1.441,0.505,0.616,0.477,0.541,1.305,0.411,0.197,0.564,0.0,0.61,0.214,0.643,0.469,0.531,1.06,1.674,3.571,5.193,7.363,8.88,7.57,6.362,3.923,1.543,1.157,0.69,0.952,0.591,0.57,0.0,0.806,0.0,0.49,0.202,0.176,0.713,0.457,0.0,0.559,0.945,2.779,3.508,7.09,8.023,1149.1,night
D0268,0.417,0.0,0.252,0.0,1.447,2.806,4.848,6.472,5.586,3.808,1.094,1.061,0.422,0.08,0.538,0.448,0.0,0.861,0.0,0.763,0.199,0.718,0.921,0.08,0.102,0.418,0.0,0.324,0.939,2.196,4.848,6.919,6.204,3.587,1.687,0.519,0.0,0.0,0.705,0.811,0.0,0.776,0.0,0.04,0.219,0.15,0.0,0.33,0.622,0.0,0.361,0.907,0.94,2.484,4.676,7.481,6.57,3.534,2.19,0.419,0.274,0.0,0.0,0.012,0.081,0.465,0.567,0.217,0.0,0.0,0.989,0.556,0.913,1.076,0.009,0.842,0.72,3.195,5.431,5.629,6.079,3.282,1.505,0.359,0.753,0.0,0.0,0.0,0.176,0.457,0.811,0.504,0.535,0.605,0.64,0.738,1.387,0.623,0.418,0.24,1.209,3.113,4.258,6.818,5.411,3.379,1.81,0.386,0.533,0.0,0.654,0.347,0.257,0.383,0.25,0.458,0.166,0.128,0.0,0.873,0.0,0.851,0.028,0.761,0.976,1.661,2.297,2.424,2.572,1.509,0.7,0.0,0.026,0.0,0.0,0.179,0.0,0.001,0.196,0.578,0.597,0.26,0.109,0.283,0.919,0.336,0.239,0.672,0.472,0.708,2.23,2.709,2.261,1.711,0.0,0.019,0.0,0.0,0.04,0.0,0.864,0.312,0.0,0.0,0.0,0.0,0.0,1.253,633.1,morning
D0269,4.96,4.638,3.066,1.923,1.031,1.03,0.0,0.246,1.475,0.824,0.0,0.386,0.0,0.153,1.247,0.779,0.0,0.029,0.469,0.658,1.669,2.521,4.379,5.43,5.667,4.974,3.118,1.288,1.323,0.96,0.377,0.236,1.141,1.07,0.0,0.884,1.123,0.642,0.137,0.192,1.121,0.75,0.715,1.827,1.074,2.829,4.629,5.688,5.004,5.109,2.647,1.258,0.652,0.378,0.322,0.786,0.874,0.23,0.078,0.289,0.0,0.334,0.0,1.305,0.409,0.132,0.787,0.223,1.208,3.06,4.604,6.256,4.928,5.284,2.906,1.167,0.083,0.258,1.114,0.808,1.102,0.315,0.414,0.0,0.0,0.3,0.0,0.0,0.39,0.967,0.5,0.208,0.793,3.083,4.513,6.157,7.361,5.919,4.355,2.524,1.205,0.213,0.234,0.793,1.03,0.0,1.131,0.092,0.744,1.704,0.0,0.671,0.308,0.679,0.321,0.0,1.613,3.823,6.413,7.573,8.439,5.988,3.721,2.293,0.916,1.147,0.0,0.858,1.007,0.627,0.873,0.17,0.088,0.621,0.137,0.598,0.604,0.468,0.752,1.322,1.992,3.611,6.428,7.834,6.683,5.437,3.383,1.627,0.626,0.495,0.636,0.629,0.451,0.544,0.0,0.176,0.687,0.01,0.449,0.409,0.339,0.721,0.623,0.325,1.93,2.96,4.434,6.76,977.5,night
D0270,5.47,3.858,2.265,0.87,0.645,0.204,0.0,0.229,0.067,0.477,0.519,0.96,0.648,0.0,0.0,0.0,0.138,0.0,0.263,0.975,1.646,3.551,4.839,5.754,6.52,4.29,2.657,1.735,1.096,0.284,0.846,0.157,0.814,0.0,0.218,0.456,0.518,0.0,0.0,0.564,0.271,0.224,1.285,0.828,1.666,2.616,4.626,6.491,5.425,4.588,2.025,0.964,0.299,0.664,0.28,0.0,0.678,0.579,0.509,0.489,0.0,0.922,0.311,0.478,0.536,0.0,1.394,0.948,1.914,3.24,5.63,6.633,6.142,3.884,2.678,1.401,0.537,0.032,0.0,1.041,0.71,0.391,0.083,0.538,0.468,0.195,0.551,0.608,0.694,0.022,0.764,1.543,2.138,4.61,5.316,5.662,6.966,5.199,3.582,2.106,0.958,0.706,1.342,0.085,0.423,0.251,0.0,0.0,1.038,0.111,0.342,0.65,0.0,0.135,0.68,1.03,1.852,4.651,6.324,7.851,7.694,6.176,3.635,1.419,1.458,0.386,0.135,0.046,0.0,0.201,0.653,0.0,1.244,0.0,0.122,0.0,0.899,0.827,0.601,0.64,1.993,4.681,6.513,7.876,6.357,4.597,2.109,0.907,0.191,0.172,0.458,0.421,0.93,0.0,0.534,0.042,1.285,0.348,0.143,0.52,0.493,0.273,0.867,1.746,2.523,3.74,6.481,6.991,966.9,night
D0271,0.047,0.433,0.0,1.133,1.153,1.387,4.828,6.893,7.45,5.531,3.217,0.818,0.673,0.094,0.733,0.0,0.0,0.095,0.263,0.364,0.864,0.0,0.0,0.116,0.018,0.541,0.994,1.057,1.368,1.959,4.486,6.885,6.444,4.45,2.534,0.329,0.921,0.13,0.536,0.384,0.855,0.0,0.858,0.848,0.417,0.525,0.559,0.0,0.315,0.693,0.0,0.624,0.917,2.498,3.986,6.359,6.162,4.122,2.739,0.678,0.131,0.801,0.138,0.724,0.0,0.135,0.0,0.537,0.197,0.619,0.359,0.0,0.172,0.0,0.463,0.662,1.174,2.16,3.824,6.788,6.974,4.673,2.404,0.093,0.459,0.262,0.0,0.528,0.068,0.394,0.51,0.438,0.0,0.118,1.249,0.918,0.652,0.401,0.0,0.318,0.644,2.066,3.68,6.788,5.242,4.903,2.641,1.943,0.295,0.061,0.332,0.528,0.235,0.0,0.527,0.276,0.0,0.0,1.387,0.65,0.382,0.08,0.449,0.0,0.485,1.106,1.589,2.965,2.87,1.796,0.822,0.0,0.671,0.843,0.0,0.63,0.116,0.126,0.0,0.0,0.37,0.0,0.0,0.0,0.0,0.265,0.41,0.329,0.775,0.686,2.638,2.297,2.615,1.757,1.03,0.269,0.125,0.0,0.0,0.0,0.477,0.0,0.0,0.0,0.373,0.0,0.0,0.243,689.5,morning
D0272,1.349,1.739,1.392,2.206,1.829,1.825,1.332,2.294,2.427,1.769,2.264,2.534,3.327,2.544,2.381,2.298,2.285,2.614,1.798,2.533,1.339,2.256,2.315,2.199,1.915,1.939,1.559,1.255,1.906,1.867,2.306,1.893,2.104,2.243,2.452,2.696,1.9,2.683,2.3,2.657,2.994,1.32,2.741,2.06,1.647,1.76,1.426,2.064,1.328,2.304,2.051,1.864,0.877,1.241,1.854,1.945,2.455,0.803,1.853,2.646,2.177,2.157,1.656,2.844,2.111,2.761,2.854,2.706,2.018,1.739,1.642,2.722,1.698,2.236,1.956,1.577,1.679,2.368,1.904,1.752,1.669,2.258,1.962,2.536,3.474,2.601,3.193,2.046,2.637,2.834,2.816,2.689,2.04,2.357,1.432,2.559,1.365,2.326,2.209,2.228,2.723,2.309,1.293,2.222,1.182,2.073,2.005,2.556,1.958,2.011,2.607,2.896,2.33,3.314,2.04,2.419,2.186,1.802,2.48,1.435,0.68,1.529,1.45,2.064,1.052,1.888,1.882,1.906,2.299,1.892,1.999,2.245,2.05,1.522,1.958,2.014,1.843,1.9,2.056,1.779,2.213,2.152,0.631,1.007,0.532,1.462,1.414,1.653,1.993,1.633,1.43,1.759,1.607,1.237,2.406,2.233,2.748,1.574,1.416,1.71,2.275,2.429,2.104,1.967,2.213,1.554,2.177,2.545,1163.2,allday_low
D0273,0.792,1.38,0.429,0.853,1.7,1.357,1.641,0.761,1.428,2.305,1.216,1.347,1.872,1.233,1.97,0.829,0.518,1.709,1.073,1.201,1.792,1.624,0.743,1.49,1.091,1.391,1.178,0.527,0.905,0.171,1.379,1.522,1.08,1.404,1.076,2.132,1.031,1.498,1.063,1.743,2.077,0.633,1.808,2.19,1.455,1.039,1.278,1.011,2.11,1.579,1.593,2.173,1.831,1.202,1.307,2.405,1.065,1.378,1.058,0.749,1.214,1.251,1.366,1.913,1.604,2.022,1.582,1.536,1.266,2.219,1.105,1.669,0.694,1.094,2.091,1.512,0.596,0.792,2.017,1.383,1.273,1.105,1.371,2.203,1.295,1.367,1.917,1.17,1.189,1.57,1.528,1.091,1.61,1.441,0.408,1.608,0.97,1.566,2.123,1.173,0.936,1.877,0.918,2.195,1.189,1.173,2.579,1.73,2.34,1.626,1.603,0.321,2.065,1.74,1.464,1.722,1.414,0.918,1.459,1.171,1.437,0.957,0.858,0.838,0.706,0.896,1.36,0.871,0.729,1.665,1.3,1.756,1.35,1.217,0.698,0.965,1.056,1.537,1.313,0.849,0.006,1.417,1.561,1.565,0.669,1.545,1.323,1.336,0.829,1.071,1.99,1.963,1.236,1.396,0.375,1.952,1.784,1.629,1.211,1.504,2.108,1.573,2.547,1.675,0.844,1.024,0.847,1.517,834.7,allday_low
D0274,1.996,2.335,2.438,1.205,2.065,1.285,1.596,1.335,1.707,1.402,1.591,1.778,2.372,2.283,1.539,3.502,2.016,1.587,2.385,2.053,1.621,2.098,1.565,1.688,2.445,1.815,2.017,1.524,1.855,1.475,1.5,1.737,1.674,2.522,2.384,1.154,3.011,2.556,2.794,2.191,1.563,1.589,2.891,1.322,1.336,1.728,1.244,2.061,2.061,1.945,1.464,1.889,2.588,1.176,2.37,2.286,1.939,2.13,2.283,1.746,1.501,2.676,1.719,1.776,2.003,2.313,1.898,1.729,2.415,1.773,1.508,1.999,1.812,1.772,1.94,1.697,2.166,1.179,2.426,1.512,1.25,1.7,1.966,1.855,1.801,2.723,1.887,1.252,2.078,3.106,1.644,1.65,1.805,2.618,1.705,1.361,1.949,1.889,1.959,1.281,1.532,2.328,2.051,2.287,1.962,2.53,2.255,1.95,2.571,1.874,2.974,2.722,2.104,2.102,2.183,1.977,2.58,1.68,1.191,1.705,1.946,2.04,1.618,1.298,1.587,1.344,0.643,1.347,2.017,1.727,1.772,2.465,1.578,1.651,2.2,1.721,1.689,2.664,1.428,1.52,1.985,1.708,1.062,2.442,1.25,1.473,1.763,2.556,1.423,1.226,1.904,2.67,1.849,1.721,2.087,1.033,1.735,1.22,1.889,1.81,0.825,2.047,2.189,1.762,1.1,2.3,2.534,1.819,1099.6,allday_low
D0275,1.424,1.55,1.535,1.021,1.013,1.297,1.685,0.835,1.505,1.669,1.543,2.463,2.442,2.111,2.734,2.319,1.948,1.617,1.584,1.856,1.441,0.854,1.303,1.886,0.225,1.985,1.591,1.248,1.513,1.856,1.49,1.964,1.991,1.764,1.262,1.787,0.969,2.125,1.748,1.647,2.183,1.26,1.812,1.532,1.527,1.665,2.295,1.603,1.994,1.982,1.679,0.524,1.275,0.933,2.763,1.085,0.935,0.438,1.295,1.887,2.377,1.443,2.464,1.896,1.669,1.909,2.399,1.708,1.11,1.728,1.658,1.338,1.843,0.323,1.493,1.707,0.731,0.756,1.924,2.065,2.22,1.373,1.852,1.981,1.119,1.995,1.999,2.26,1.63,2.394,1.798,2.454,1.944,1.662,0.943,0.829,2.104,1.749,1.204,1.166,1.483,0.818,1.264,1.813,1.944,1.519,2.482,2.302,1.542,1.35,2.204,1.722,1.6,1.932,2.085,2.041,1.633,0.505,1.904,1.061,1.384,1.163,2.209,2.144,1.038,0.676,0.757,1.505,1.205,1.016,1.35,1.851,1.664,1.515,1.583,1.659,1.799,1.775,0.844,1.591,1.285,0.927,1.159,1.801,1.609,1.262,0.796,0.606,0.821,1.286,1.342,1.09,1.842,1.689,0.392,1.697,2.039,1.823,2.005,1.613,1.67,1.628,1.668,1.256,1.939,2.023,1.088,0.755,882.7,allday_low
D0276,8.646,7.993,8.503,7.401,5.403,6.778,10.0,7.786,7.976,8.899,6.457,7.757,8.033,6.402,8.113,8.244,7.071,4.75,7.614,6.963,7.66,6.907,7.821,8.081,8.098,5.743,7.782,7.404,6.907,8.847,7.261,6.943,5.961,7.885,8.328,7.774,8.853,7.268,8.159,8.827,6.987,5.803,6.087,7.335,9.797,6.593,8.281,4.829,8.109,6.29,7.364,7.997,4.988,10.0,6.684,8.401,9.179,8.514,6.101,8.158,4.978,7.072,9.309,6.091,6.079,9.027,7.103,6.782,7.69,7.154,4.071,5.185,10.0,8.274,9.314,6.387,7.433,6.926,7.529,7.797,6.429,8.805,8.347,7.9,7.825,7.395,5.938,6.732,7.848,7.317,8.506,8.366,7.315,6.26,8.728,8.851,7.014,5.695,6.658,8.337,9.296,6.9,5.981,10.0,7.875,6.409,7.502,6.923,8.928,5.834,7.609,8.33,7.172,7.666,7.178,7.92,7.475,7.473,6.275,9.762,8.602,8.275,6.991,8.348,8.253,7.526,6.689,8.341,9.841,7.137,6.679,7.211,7.63,7.472,7.362,8.873,9.886,10.0,8.636,7.474,7.964,6.373,8.3,9.99,8.809,9.116,7.314,6.665,7.401,6.66,7.813,9.077,8.767,7.928,9.576,8.104,7.233,4.21,6.911,7.365,8.562,7.855,7.354,6.304,6.682,7.943,9.65,6.65,4492.1,noise
D0277,1.554,2.001,1.498,0.929,1.9,1.066,1.406,1.264,0.369,1.693,2.662,1.893,3.135,1.766,1.946,1.788,1.828,1.916,2.364,1.236,1.547,1.754,1.995,0.401,0.706,1.326,1.792,1.091,1.636,2.262,1.424,1.374,1.755,1.695,1.799,1.668,1.686,1.383,2.123,1.367,1.434,1.21,1.538,1.625,1.048,1.357,1.492,0.666,0.993,2.119,0.969,1.626,1.106,1.462,1.06,0.621,1.344,1.813,1.99,1.814,1.451,2.249,1.522,1.538,1.36,1.559,1.552,1.746,0.934,1.27,1.059,1.564,1.471,0.844,1.509,1.284,1.692,1.081,1.685,1.866,1.574,2.558,1.906,2.543,2.936,1.082,2.365,2.067,1.911,1.452,1.284,1.14,2.543,1.696,0.808,0.898,0.423,1.843,1.308,1.536,1.336,1.798,1.241,1.61,1.666,1.092,1.359,1.613,1.946,2.46,1.899,1.796,1.941,1.679,1.674,2.296,1.442,1.595,1.129,1.939,0.791,1.144,1.601,0.787,1.592,0.313,0.786,1.287,2.473,1.518,1.591,2.091,1.132,0.287,2.442,1.924,1.421,1.6,1.99,1.394,1.454,2.245,0.718,1.467,0.651,1.88,1.291,0.867,0.526,1.077,1.361,1.85,0.896,1.081,1.293,1.225,1.39,1.226,1.85,1.434,1.626,1.711,0.895,1.72,1.483,1.424,1.217,1.113,890.8,allday_low
D0278,1.87,0.825,1.152,1.662,1.008,1.3,0.247,0.39,1.327,1.484,1.956,1.874,0.841,2.157,1.06,1.974,1.354,2.735,1.193,1.365,1.409,1.173,0.784,2.185,0.887,0.847,1.072,1.225,0.853,1.622,1.302,1.291,1.589,1.016,1.195,1.503,1.976,1.476,1.453,0.637,1.245,0.771,0.828,1.563,2.832,1.369,1.383,0.851,0.69,2.063,0.759,0.238,1.272,0.999,1.501,1.987,1.504,1.5,1.755,2.73,2.583,1.444,2.023,2.39,1.869,1.483,1.234,1.443,0.825,1.685,1.859,1.014,0.959,0.663,1.332,1.133,0.512,2.505,0.433,0.634,1.761,1.694,1.137,1.163,1.763,1.756,1.279,2.033,1.815,2.115,1.436,1.763,1.235,1.526,1.394,1.575,1.395,0.288,0.84,1.176,1.371,1.564,1.48,0.965,1.751,1.034,2.027,2.112,1.553,1.294,1.283,1.094,1.142,1.432,1.207,0.674,1.12,1.324,1.081,0.79,0.0,1.54,0.992,1.169,1.127,1.297,1.218,1.198,1.548,1.699,1.935,0.988,1.514,0.705,1.22,1.339,1.735,1.309,1.615,1.103,0.944,0.793,1.421,0.903,0.0,1.31,0.591,1.111,0.537,1.08,0.0,1.139,0.81,0.688,1.656,1.309,1.292,1.102,1.839,1.232,2.071,1.915,1.954,1.694,0.931,1.177,1.018,1.451,776.0,allday_low
D0279,0.238,0.107,0.239,1.097,1.499,3.701,6.846,8.186,8.126,5.465,2.756,0.588,0.055,0.261,0.983,0.0,0.0,1.166,0.0,0.202,0.0,0.249,0.323,1.11,0.709,0.0,0.0,0.84,1.18,3.169,7.273,8.382,8.442,5.874,2.083,1.615,0.056,0.37,0.074,0.0,0.195,0.741,0.0,0.102,0.152,0.626,0.223,0.395,0.401,0.153,1.18,0.154,1.731,4.069,6.678,9.2,8.846,5.423,1.761,0.919,1.252,0.658,0.421,0.725,0.32,0.398,0.191,0.6,0.143,0.243,0.78,0.297,0.639,0.68,0.385,0.458,0.82,3.001,7.014,9.438,8.162,5.769,2.712,1.452,1.486,0.66,0.075,0.719,0.0,1.384,0.0,0.582,0.386,0.199,0.17,0.998,0.621,0.3,1.178,0.531,1.674,2.717,5.824,9.033,8.315,6.277,2.167,1.284,0.375,0.763,0.713,0.353,0.032,0.213,0.0,0.53,0.0,0.104,0.772,0.762,0.0,0.437,0.0,0.107,0.981,1.134,3.675,4.243,4.081,3.0,1.577,0.825,0.0,0.0,0.047,0.387,0.0,0.435,0.342,0.091,0.201,0.202,0.372,0.509,1.446,0.231,0.0,0.0,0.0,1.057,3.006,3.491,3.626,1.907,1.251,0.805,0.024,0.356,0.0,0.0,0.403,0.34,0.421,0.584,0.042,0.075,0.026,0.309,926.9,morning
D0280,0.0,0.0,0.471,0.353,0.555,2.266,4.764,5.919,5.86,4.951,2.293,0.834,0.868,0.172,0.45,0.342,1.729,0.209,0.691,0.156,0.472,0.181,0.627,0.226,0.496,0.0,0.0,0.0,0.942,1.675,5.096,5.929,6.908,5.041,2.176,0.584,0.349,0.801,1.3,0.0,0.276,0.0,0.106,1.037,0.0,0.0,0.36,0.44,0.08,0.0,0.356,0.0,0.967,1.811,4.732,6.285,6.278,4.423,1.416,0.86,0.318,0.313,0.186,0.912,0.148,0.0,0.0,0.069,0.0,0.0,0.129,0.781,0.69,0.0,0.3,0.563,1.041,2.689,3.582,5.743,6.049,4.691,1.062,0.813,0.0,0.289,1.203,0.675,0.0,0.081,0.0,0.852,0.0,0.072,0.0,0.0,1.002,0.0,0.0,1.072,0.694,1.79,3.621,5.834,5.837,3.969,1.541,0.888,0.12,0.064,0.555,0.028,0.206,1.009,0.428,0.013,0.0,0.196,0.61,0.0,0.102,0.0,0.0,0.0,0.445,0.923,2.485,2.783,2.506,2.661,1.163,0.468,0.148,0.169,0.0,0.052,0.0,0.25,0.592,0.524,0.319,0.0,0.0,0.0,0.563,0.022,0.015,0.0,0.848,0.801,1.56,2.481,2.598,1.718,1.451,0.898,0.174,0.0,0.224,0.0,0.718,0.783,0.4,0.0,0.0,0.0,0.0,0.0,665.3,morning
D0281,1.778,1.619,1.151,1.91,1.584,1.739,1.636,1.719,2.364,2.102,2.917,1.789,2.918,2.175,2.386,2.619,2.818,2.772,2.685,2.034,2.857,2.238,0.567,1.86,1.629,1.626,2.03,1.905,1.496,2.522,1.325,1.365,1.565,2.34,2.391,1.939,2.1,2.407,1.943,2.769,3.073,2.225,2.382,2.189,2.669,2.847,1.743,1.86,2.187,1.922,1.333,0.953,1.532,1.993,1.726,1.499,1.793,2.964,1.718,2.163,2.136,3.29,1.761,2.056,2.397,2.381,2.732,2.599,1.738,2.115,1.826,1.64,2.259,1.882,2.462,1.982,2.219,0.625,1.945,2.17,2.291,2.838,2.507,1.762,2.613,2.789,2.152,2.227,2.726,2.31,2.723,2.228,1.077,2.005,1.73,2.129,1.997,1.349,1.839,2.015,2.007,2.292,1.45,1.91,1.058,2.678,2.288,2.272,2.328,2.643,2.91,2.296,2.57,2.502,1.255,1.839,2.268,2.547,2.533,1.313,2.086,2.072,1.771,0.698,1.395,1.726,1.623,0.816,1.747,1.523,2.286,2.306,2.383,2.018,2.206,2.147,2.559,1.85,1.679,2.375,2.234,2.002,2.44,2.617,2.191,1.27,1.959,1.656,1.384,1.344,1.85,2.16,2.485,2.246,2.278,1.998,2.245,1.512,2.452,2.379,3.009,2.073,2.556,1.729,2.628,2.445,2.239,1.704,1208.5,allday_low
D0282,0.0,1.479,0.115,0.734,0.025,0.434,2.558,1.542,0.939,0.0,0.0,0.0,0.0,0.0,0.0,0.495,0.205,0.091,0.61,0.948,1.482,0.884,0.143,1.501,0.396,0.158,0.598,0.276,0.371,0.015,4.889,5.915,0.0,0.392,0.879,0.139,0.526,0.197,0.047,0.0,0.193,0.137,0.0,0.0,4.74,1.014,0.228,4.649,0.0,0.175,0.372,0.065,1.08,1.101,3.274,3.068,0.343,0.0,0.62,0.248,0.0,0.0,0.428,0.0,0.0,0.0,0.609,0.942,3.352,0.0,0.0,4.643,0.262,0.0,1.259,0.0,0.449,0.0,5.241,3.794,0.0,0.663,0.0,0.41,0.565,0.271,0.0,0.0,0.018,0.455,0.556,0.283,4.677,0.0,0.325,4.176,0.435,0.551,0.0,0.163,0.813,0.349,5.399,5.129,0.457,0.0,0.132,0.0,0.389,0.0,0.065,0.0,0.101,0.309,0.056,0.071,5.66,0.663,0.547,4.804,0.555,0.825,0.527,0.0,0.328,0.832,5.07,6.803,0.0,0.275,0.535,0.287,0.279,0.0,0.0,0.467,0.0,0.617,0.158,0.458,5.79,1.888,0.839,4.675,1.158,0.0,0.0,0.263,0.04,0.312,3.86,4.682,0.0,0.133,0.983,0.621,0.109,0.398,1.028,0.0,0.0,0.0,0.283,0.621,3.694,0.0,0.0,3.47,549.5,intermittent
D0283,0.218,0.0,0.0,0.305,0.126,0.175,0.18,0.116,0.0,0.364,0.316,0.0,0.355,0.0,0.462,0.148,0.345,3.989,3.65,0.315,4.022,0.222,4.148,0.009,0.0,0.159,0.0,0.0,0.0,0.0,0.0,0.363,0.294,0.194,0.688,1.521,0.373,0.553,0.27,0.436,0.0,1.357,1.47,0.0,3.016,0.259,2.522,0.4,0.36,0.0,0.412,0.576,1.147,0.165,0.963,0.019,1.248,0.0,0.49,0.33,0.872,0.811,0.0,0.05,1.158,5.833,5.805,0.0,5.279,0.0,6.491,0.533,0.7,0.0,0.397,0.159,0.0,0.358,0.731,0.856,0.134,0.523,0.395,0.0,0.0,0.128,0.044,0.189,0.0,2.975,2.228,0.835,1.865,0.113,2.927,0.089,0.0,0.0,0.252,0.052,0.317,0.0,0.917,0.108,0.0,0.229,0.0,0.0,0.698,0.562,0.298,0.179,0.371,1.856,2.501,0.701,2.862,0.0,2.774,0.0,0.235,0.0,0.0,0.326,0.0,0.0,0.323,0.0,0.02,0.0,0.0,0.691,0.0,0.0,0.547,0.892,0.278,4.174,3.244,0.189,3.465,0.31,4.33,0.0,0.0,0.0,0.0,0.288,0.283,0.211,0.004,0.792,0.283,0.117,0.215,0.52,0.281,0.0,0.978,0.393,0.0,4.06,4.893,0.767,4.746,0.461,5.404,0.187,440.0,intermittent
D0284,3.422,3.27,1.364,0.819,0.483,0.0,1.898,2.209,0.518,0.966,0.64,0.512,0.686,0.45,0.16,0.229,0.0,1.041,0.342,0.266,1.202,4.507,3.271,3.757,4.194,2.709,1.255,0.0,0.724,0.019,2.18,1.756,0.471,0.69,0.0,0.345,0.278,0.416,0.514,0.356,0.002,0.0,0.0,0.79,1.604,3.587,3.613,3.59,3.229,1.697,1.197,1.172,1.077,0.25,2.873,2.977,0.0,0.441,0.384,0.782,0.0,0.44,0.182,0.491,0.855,1.0,0.997,0.302,1.166,4.734,3.523,3.535,3.018,0.698,0.738,0.644,0.324,0.522,2.096,2.74,0.0,0.0,0.0,1.051,0.303,0.752,0.044,0.072,0.0,0.187,0.455,1.161,1.69,4.696,3.344,3.947,4.114,2.629,1.915,0.79,1.267,0.021,0.939,0.477,0.48,0.0,0.324,0.0,0.0,0.0,0.656,0.286,0.282,0.628,0.216,0.017,1.214,3.464,4.079,4.866,4.254,3.547,1.988,0.34,0.0,0.0,2.318,2.296,0.314,0.415,0.956,0.368,0.519,1.08,0.0,1.132,0.0,0.038,0.304,0.225,1.728,4.733,4.631,5.153,3.676,3.076,1.81,0.663,0.519,0.055,0.822,1.493,0.0,0.215,0.0,0.331,0.0,0.555,0.199,0.243,0.331,0.065,0.206,0.544,1.444,3.257,3.783,3.231,705.5,night
D0285,1.648,0.038,0.0,0.317,0.63,0.373,0.248,0.0,0.031,0.0,0.546,0.0,0.675,0.0,0.135,0.721,0.76,3.502,0.0,0.0,0.475,3.197,3.06,0.252,0.272,0.0,0.617,0.0,0.422,0.063,1.021,0.808,1.116,0.9,0.096,0.0,0.0,0.276,0.168,0.137,0.0,3.166,0.0,0.0,0.23,3.34,2.268,0.0,0.368,0.107,0.0,0.443,0.106,0.0,0.0,0.203,0.0,0.318,0.572,0.529,0.648,0.0,0.594,0.251,0.0,1.831,0.325,0.822,0.667,1.505,1.726,0.277,0.268,0.017,0.944,0.0,0.904,0.0,0.0,0.499,0.0,0.0,0.395,0.0,0.652,0.82,0.839,0.301,0.0,2.737,0.284,0.213,0.0,3.971,2.699,0.801,0.185,0.157,0.373,0.367,0.075,0.394,0.449,0.884,0.172,0.0,0.0,1.205,0.0,0.0,0.151,0.0,0.508,2.501,0.0,0.816,0.0,2.106,2.813,0.0,0.285,0.835,0.0,0.0,0.556,0.008,0.156,0.214,0.27,0.0,0.474,0.244,0.0,0.0,0.0,0.225,0.35,1.75,0.377,0.189,0.472,1.796,1.921,0.0,0.0,0.195,0.464,0.031,0.443,0.295,0.0,1.201,0.0,0.0,0.673,0.165,0.0,0.0,0.0,0.0,0.511,2.738,0.0,0.0,0.086,2.991,2.731,0.312,319.0,intermittent
D0286,0.897,1.256,0.349,0.921,1.07,3.124,5.859,5.499,5.592,2.677,0.748,0.681,0.958,0.134,0.402,0.474,0.378,0.0,0.371,0.353,0.0,0.656,0.0,0.328,0.954,0.168,0.0,0.846,2.124,2.891,4.594,7.095,5.629,3.104,0.423,0.775,0.774,1.245,0.144,0.342,0.0,0.706,0.695,0.452,0.805,0.0,0.172,0.19,0.765,0.782,0.471,0.714,1.741,3.238,6.269,6.359,5.438,2.663,1.659,0.461,1.239,0.218,0.692,0.0,0.132,0.251,0.428,0.0,0.013,0.31,0.45,0.254,0.19,0.0,0.554,0.974,1.925,3.457,5.385,6.418,5.314,2.922,0.853,0.0,0.059,0.15,0.41,0.086,0.157,0.32,0.975,0.195,0.0,0.0,1.084,0.916,0.68,0.579,0.633,0.457,1.808,3.628,5.754,5.965,4.836,2.496,1.62,0.617,0.47,0.52,0.0,0.654,0.013,0.054,0.0,0.293,0.227,0.0,0.0,0.166,0.488,0.448,0.598,0.178,0.513,1.475,2.907,3.679,2.153,1.199,0.569,0.108,0.0,0.067,0.0,0.448,0.785,0.0,0.87,0.073,0.0,0.43,0.0,0.402,0.223,0.0,0.0,0.0,1.061,1.256,2.403,2.62,2.002,1.319,0.724,0.265,0.039,0.0,0.0,0.0,0.115,0.0,0.387,0.253,0.0,0.0,0.0,0.0,673.3,morning
D0287,8.878,7.051,8.565,6.803,6.249,9.2,6.375,5.39,7.454,5.054,6.884,6.327,6.749,8.691,7.331,5.923,8.591,6.462,6.748,7.702,5.936,7.236,6.873,9.666,6.29,6.445,9.474,8.622,6.782,7.391,8.117,7.384,9.141,8.285,5.935,5.26,6.086,5.307,8.519,5.506,7.007,6.821,5.135,8.155,7.242,9.379,8.551,7.328,4.588,6.655,10.0,7.22,6.328,7.012,8.026,7.741,7.785,7.697,8.936,7.423,6.186,5.673,7.16,7.912,8.685,9.461,7.481,8.49,5.5,6.919,6.464,6.644,8.082,6.378,5.772,8.053,9.026,6.935,7.282,6.607,6.319,8.894,5.984,9.713,7.585,7.629,9.956,8.616,7.291,6.766,6.101,7.611,6.92,6.013,8.053,8.011,9.089,7.029,8.188,4.981,7.841,5.7,7.523,6.737,7.19,5.988,6.731,7.374,6.666,9.301,6.843,6.264,7.975,7.622,9.467,7.853,4.425,8.612,8.339,9.891,6.762,8.22,6.241,7.981,5.546,5.563,8.317,6.47,6.035,8.567,4.125,6.192,5.231,9.188,6.691,7.251,7.212,6.846,8.468,8.096,6.468,9.107,6.608,6.611,5.847,9.276,6.175,8.529,8.105,7.823,7.323,5.083,9.456,7.033,8.721,6.561,5.945,9.172,6.386,7.233,4.183,7.066,7.973,7.529,6.948,7.295,8.923,6.112,4225.3,noise
D0288,2.081,1.246,1.005,1.87,1.513,1.28,1.493,1.034,1.814,1.675,2.125,1.86,2.022,1.836,1.938,1.532,2.47,1.933,0.99,1.098,2.205,1.65,1.601,1.559,1.741,2.182,1.674,1.632,1.265,0.866,1.823,1.919,2.233,2.582,1.363,1.676,2.307,2.041,2.703,1.954,2.906,1.977,2.617,0.728,1.957,1.68,0.668,1.554,0.965,1.26,1.611,1.438,1.682,1.631,2.669,1.786,1.788,2.001,1.873,1.239,2.317,2.622,2.753,2.351,1.885,2.07,2.689,1.711,1.201,2.664,1.152,0.853,1.666,1.677,1.68,1.889,1.449,1.494,1.352,1.731,1.982,2.219,1.481,1.391,2.404,1.803,1.61,1.208,2.639,2.076,2.13,2.008,1.833,1.659,1.578,1.121,0.728,2.504,1.49,1.297,1.162,2.033,1.675,1.281,1.601,1.951,1.711,2.319,2.962,1.851,1.925,1.667,1.937,1.07,2.38,1.211,1.375,1.707,2.23,1.176,1.286,1.476,1.024,1.29,0.654,1.167,2.002,1.87,1.364,1.174,1.601,1.098,1.717,1.652,1.647,1.773,2.047,1.289,2.127,2.137,2.554,1.636,2.112,1.844,1.456,0.796,1.729,1.452,2.174,1.737,1.924,1.242,1.674,0.765,1.946,2.305,2.432,1.677,1.032,1.595,1.77,1.941,0.783,1.583,1.097,2.153,0.398,1.86,1001.4,allday_low
D0289,1.37,1.91,1.738,1.414,1.007,0.347,0.047,0.688,0.396,1.974,1.768,1.169,0.336,0.185,0.336,0.165,0.0,0.36,0.0,0.307,0.0,0.0,1.261,1.002,2.137,2.045,1.683,0.821,0.615,0.13,0.746,0.07,0.167,4.781,4.776,0.0,0.0,0.752,0.314,0.409,0.41,1.083,0.0,0.256,0.419,0.621,1.397,1.923,1.783,1.148,2.684,1.039,0.652,0.933,0.082,0.807,0.08,2.269,1.831,0.0,1.197,0.487,0.0,0.0,0.53,0.84,0.398,0.401,1.045,0.839,0.681,1.214,2.247,2.253,2.144,1.279,0.966,0.554,0.721,0.587,0.127,2.294,2.837,0.291,0.832,0.336,0.0,0.0,0.134,0.567,0.0,0.572,0.031,0.685,1.23,1.072,2.6,3.185,1.919,1.386,0.917,0.526,0.362,0.285,0.0,4.154,4.001,0.466,0.612,0.479,0.0,0.438,0.2,0.032,1.235,0.0,0.682,1.434,1.44,1.648,2.228,1.884,2.085,1.417,0.673,1.096,0.298,0.0,0.942,1.23,2.21,0.563,0.24,0.696,0.311,0.114,0.0,0.0,1.526,0.655,1.012,1.88,1.129,1.915,1.393,2.036,1.633,1.029,1.201,0.774,0.749,0.0,0.302,3.443,4.568,0.339,0.213,0.776,0.171,0.498,0.485,0.054,0.0,0.291,0.212,0.0,1.434,1.938,543.6,intermittent
D0290,2.416,2.057,2.116,1.46,1.814,1.608,1.393,1.87,1.464,1.596,1.808,1.927,2.123,1.243,1.766,2.88,2.132,2.332,2.196,1.883,1.457,1.535,2.601,1.428,2.402,1.41,1.432,1.632,1.548,1.245,1.713,1.12,2.018,2.033,2.336,1.856,2.468,2.366,2.243,3.062,2.348,1.87,2.7,2.161,2.655,0.947,1.584,1.533,0.777,1.672,1.409,0.698,1.282,2.292,2.128,1.462,1.521,2.319,1.124,2.346,1.312,2.912,2.482,1.343,1.965,2.222,1.115,1.912,2.071,0.851,2.055,1.611,2.04,1.492,1.1,1.078,1.487,1.583,2.198,1.656,1.152,1.725,1.323,2.237,2.397,2.51,2.049,1.858,1.906,2.038,1.78,2.656,1.689,1.736,1.381,1.34,1.054,1.134,2.419,1.842,1.475,1.372,2.275,1.406,1.088,2.145,1.592,1.502,1.644,2.359,2.139,1.73,2.347,1.707,1.273,1.343,1.864,1.43,1.767,2.168,1.181,2.637,1.543,1.358,0.864,1.344,1.436,1.946,1.401,1.933,1.827,2.31,2.396,2.106,2.311,2.461,2.164,1.996,1.992,2.464,1.719,1.932,1.243,2.176,1.667,1.282,1.387,1.339,1.467,1.595,1.459,0.889,2.467,1.858,1.93,1.85,2.331,1.977,1.827,1.844,2.485,1.962,1.792,1.542,1.524,2.09,1.135,1.802,1079.6,allday_low
D0291,2.836,0.843,0.812,1.121,0.0,0.175,0.189,0.097,0.902,0.833,3.421,0.0,3.803,0.632,0.276,0.579,0.585,2.93,0.188,0.775,0.493,1.987,2.416,2.958,1.885,1.811,1.04,0.488,0.568,0.566,0.178,0.298,0.0,0.0,4.181,0.191,3.147,0.247,0.449,0.038,0.09,3.666,0.0,0.855,0.992,1.235,2.734,2.359,1.763,2.756,1.154,0.76,0.304,0.0,0.181,0.093,0.0,1.058,1.756,0.0,1.698,0.0,0.0,0.945,0.028,1.703,0.471,0.663,1.09,3.131,2.408,2.447,2.739,1.122,1.444,0.466,0.428,0.441,0.14,0.702,0.582,0.522,2.758,0.133,3.075,1.072,0.0,0.004,0.787,2.796,0.176,1.559,1.594,2.637,3.242,3.084,3.056,2.424,0.778,1.421,0.174,0.801,0.55,0.072,0.536,0.375,2.232,0.279,2.195,0.546,0.255,0.715,0.017,2.272,0.054,1.852,3.061,3.593,2.806,3.017,2.643,2.438,2.135,1.052,0.494,0.0,0.184,0.349,0.705,0.084,2.149,0.432,1.848,0.13,0.363,0.267,0.0,2.287,1.247,1.037,1.727,3.127,3.71,4.284,2.672,2.027,1.79,1.13,0.292,0.785,0.0,0.189,0.654,0.967,1.96,0.266,2.099,0.237,0.0,0.506,0.0,2.69,1.078,0.534,0.907,2.328,2.81,3.07,725.6,intermittent
D0292,1.161,1.835,0.988,1.441,1.652,1.559,1.445,1.412,1.537,1.508,2.054,2.812,2.217,2.368,2.602,1.897,1.244,1.989,2.289,2.717,1.279,2.129,1.677,1.323,0.979,1.151,1.646,1.964,0.223,1.728,1.301,1.418,1.907,2.677,1.581,1.945,1.347,2.297,1.804,2.809,2.218,1.861,1.78,1.976,2.031,1.108,1.492,1.496,1.545,2.001,0.747,1.844,1.613,1.274,1.922,1.462,0.904,0.267,1.357,1.743,2.133,2.368,1.999,1.465,1.884,1.89,2.686,2.063,0.974,1.492,1.873,1.507,0.719,1.782,1.552,1.343,1.087,1.954,0.743,0.935,1.389,1.948,1.29,1.743,1.902,2.254,1.99,1.977,1.738,2.478,2.201,2.093,1.37,1.403,1.774,1.233,1.032,1.544,0.8,1.319,1.851,1.563,1.088,1.847,1.449,2.193,2.133,1.832,1.718,1.717,3.28,1.068,1.264,2.484,2.303,1.974,0.823,1.877,1.118,1.453,1.488,1.5,0.957,1.851,1.67,0.916,1.187,1.129,1.52,1.914,0.881,0.896,1.476,2.498,2.01,2.599,1.78,1.41,0.959,1.258,1.269,0.379,1.025,0.965,1.314,1.253,1.394,0.542,0.794,1.764,1.287,1.852,1.484,1.715,1.952,1.539,1.55,1.584,1.868,2.148,1.667,2.309,2.501,1.235,2.083,1.463,1.575,1.288,992.8,allday_low
D0293,0.097,0.0,0.038,0.916,1.203,1.525,3.461,6.678,7.037,4.276,4.038,1.127,1.243,0.393,0.0,0.372,0.0,0.228,0.0,0.193,0.396,0.418,0.0,0.0,0.0,0.565,0.387,0.0,1.348,2.023,3.908,6.037,6.557,4.81,3.27,1.245,0.006,0.898,0.247,0.0,1.174,0.0,0.0,0.285,0.43,0.0,0.0,0.299,0.0,0.124,0.0,0.0,0.595,1.528,3.577,6.684,6.396,5.052,2.725,0.361,0.0,0.297,0.253,0.0,0.273,0.405,0.549,0.585,0.829,0.333,0.0,0.152,0.0,0.666,0.913,0.364,1.238,2.305,4.092,6.487,7.271,4.537,2.853,1.371,0.0,1.175,0.78,0.78,0.469,0.0,0.0,0.24,0.598,0.529,1.054,0.145,0.109,0.275,0.0,1.024,0.567,1.836,4.124,5.598,6.627,4.903,3.044,1.069,0.0,0.0,0.0,1.138,0.907,0.0,0.0,0.0,0.368,0.0,0.151,0.0,0.322,0.0,1.259,0.842,1.439,1.089,2.48,3.214,2.628,2.157,1.425,1.023,0.212,0.391,0.0,0.0,0.0,0.327,0.0,0.0,0.0,0.257,0.429,0.045,0.595,0.785,0.0,0.585,0.0,0.14,1.157,2.111,2.541,2.958,0.861,0.279,0.26,0.0,0.181,0.41,0.781,0.705,0.277,0.013,0.039,0.297,0.093,0.073,679.4,morning
D0294,6.213,4.989,2.8,2.404,0.704,0.358,0.293,0.721,0.297,0.6,0.0,0.0,0.336,0.0,0.229,0.657,0.0,0.003,0.431,0.0,1.503,2.115,3.579,4.722,5.853,4.822,3.992,1.208,1.035,0.561,0.517,0.964,0.0,0.0,0.163,0.0,1.359,0.741,0.554,0.674,0.895,0.057,0.22,0.714,0.823,1.639,3.299,5.137,5.954,4.323,3.355,1.954,0.381,0.744,0.329,0.0,0.106,0.562,0.761,0.474,1.179,0.823,0.57,0.005,0.832,0.0,0.718,0.0,0.828,1.427,3.409,4.272,5.864,5.377,3.339,1.944,1.162,0.551,1.004,0.042,0.583,0.457,0.0,0.379,0.3,0.118,1.138,0.918,0.0,0.638,0.738,0.656,0.614,1.742,3.971,5.469,6.955,6.847,5.069,3.195,1.955,0.686,0.0,0.279,0.361,0.128,0.239,0.0,0.732,1.143,1.483,0.523,0.336,0.409,1.101,1.32,1.233,3.169,4.593,6.013,7.322,7.293,4.912,2.41,1.764,1.044,0.363,0.107,0.0,0.0,0.134,0.349,0.996,0.799,0.517,0.0,0.564,0.0,0.902,1.152,1.423,3.109,5.173,6.669,6.094,4.841,3.663,1.75,0.666,0.273,0.0,0.81,0.457,0.88,0.718,0.582,0.715,0.425,0.944,0.128,0.35,0.245,1.332,0.338,1.746,1.671,3.976,5.435,917.9,night
D0295,2.802,2.073,1.841,0.976,1.205,0.0,0.216,0.539,0.607,0.496,2.128,0.0,0.461,0.0,0.0,0.325,0.0,0.443,0.398,2.947,0.95,2.742,3.209,3.538,3.115,1.83,1.098,0.0,0.169,0.07,0.567,0.042,0.666,0.196,3.048,0.299,0.627,0.855,0.0,1.105,0.0,0.263,0.206,4.256,0.822,2.495,2.048,3.799,2.999,2.064,1.036,0.715,0.291,0.0,0.0,0.668,0.126,0.0,2.761,0.527,0.6,0.459,0.852,0.331,0.208,0.733,0.12,3.137,0.577,2.983,3.975,3.348,3.565,2.637,1.473,1.299,0.0,0.246,0.0,0.0,0.0,0.0,1.218,0.454,0.0,0.045,0.0,0.354,0.025,0.0,0.848,1.56,0.759,2.586,2.413,4.136,3.458,2.868,1.252,0.936,0.32,0.0,0.0,0.129,0.585,0.675,2.96,0.049,0.293,0.372,0.37,0.177,0.215,0.284,0.0,3.828,1.984,3.374,4.388,4.398,3.55,2.703,1.426,0.331,0.149,0.103,0.0,0.803,0.656,0.36,3.477,0.52,0.052,1.192,0.036,0.0,0.463,0.68,0.421,4.615,1.779,2.492,3.754,4.609,3.429,2.992,1.837,0.087,0.39,0.0,0.971,0.0,0.398,0.0,0.831,0.0,0.194,0.562,0.546,0.0,0.455,0.771,0.683,2.111,1.425,2.441,3.968,4.539,730.9,night
D0296,0.331,0.393,0.084,1.309,0.547,2.863,3.701,6.76,6.828,4.989,2.266,1.592,0.332,0.0,0.0,0.086,0.625,0.706,0.0,0.0,0.0,0.17,0.732,0.376,0.546,0.636,0.052,0.0,0.639,2.65,4.961,6.92,7.408,4.952,2.281,0.263,1.013,0.276,0.097,0.253,0.973,0.745,0.137,0.51,0.851,0.455,0.353,0.0,0.859,0.0,0.0,0.0,0.519,2.499,5.212,7.038,7.762,4.705,2.326,0.129,0.182,0.0,0.0,0.582,0.0,0.0,0.0,0.648,1.036,0.265,0.723,0.0,0.852,0.0,0.616,0.411,0.04,1.882,4.767,6.052,7.114,4.249,2.673,0.356,0.641,0.687,0.225,0.263,0.967,0.0,0.058,0.587,0.489,0.189,0.0,0.737,0.0,1.31,0.0,0.0,1.012,2.413,4.017,7.301,6.78,4.531,2.482,1.465,1.143,0.39,0.0,0.0,0.0,0.0,0.301,0.38,0.791,0.0,0.279,0.491,0.0,0.339,1.371,0.539,0.545,0.903,2.215,3.789,2.985,2.736,1.302,1.168,0.689,0.229,0.192,0.0,0.574,0.0,0.186,0.047,0.0,0.234,0.0,0.0,0.42,0.196,0.195,0.0,0.833,0.513,2.194,3.338,2.104,1.772,0.748,0.51,0.0,0.0,0.096,0.0,0.054,0.521,0.0,0.068,0.0,0.13,0.0,0.0,742.7,morning
D0297,1.108,1.08,1.809,1.013,2.02,0.736,1.606,1.876,1.986,2.025,1.904,2.368,1.455,1.645,1.765,2.602,2.111,2.156,1.704,2.081,0.945,1.393,1.422,1.259,1.291,1.654,1.496,1.945,0.496,2.142,1.227,2.169,1.455,1.88,1.3,1.302,2.162,0.736,1.399,2.28,1.714,1.452,2.47,2.557,1.643,2.15,2.202,1.465,1.205,1.448,0.734,1.663,1.287,1.498,1.538,1.196,1.627,1.102,1.567,1.348,1.506,0.919,1.753,2.153,1.981,2.337,1.356,1.498,2.056,1.538,1.603,2.424,1.321,1.19,0.942,1.278,1.895,1.73,2.164,1.739,0.635,1.997,1.831,1.85,2.449,1.811,2.207,1.45,1.218,1.579,1.643,1.96,1.149,2.255,1.085,1.433,1.44,1.542,1.591,2.426,1.164,1.613,1.482,2.019,1.845,1.813,1.112,1.645,1.461,1.733,1.575,1.701,1.716,1.672,1.652,1.296,1.66,1.171,1.25,1.45,0.13,2.388,1.486,1.411,1.057,1.367,0.823,1.64,0.721,0.971,1.286,2.343,1.215,1.891,0.823,1.752,2.492,1.889,0.673,1.562,1.27,1.971,1.323,0.677,1.23,0.954,0.277,1.189,1.294,1.497,1.825,1.293,0.803,1.166,1.598,2.211,1.713,1.682,1.645,1.737,2.57,1.626,1.487,1.56,1.174,0.717,0.585,0.998,948.3,allday_low
D0298,1.074,1.18,0.778,1.71,1.488,1.339,1.248,0.563,1.934,1.645,1.629,1.168,1.252,1.796,2.08,2.35,1.214,1.428,0.502,0.276,1.559,0.883,0.329,0.653,1.299,1.294,0.368,1.678,0.832,1.3,1.234,1.261,0.901,1.373,1.566,1.41,1.59,2.069,1.372,1.868,1.45,2.141,0.812,1.971,1.084,2.217,1.413,1.559,1.072,1.428,1.411,1.057,1.489,0.0,0.927,1.276,1.549,1.821,1.331,1.324,1.937,2.092,1.917,1.505,2.691,1.536,1.542,2.119,2.011,1.585,0.811,1.227,1.378,2.0,2.432,0.852,1.528,0.81,1.161,0.876,2.074,1.491,1.577,1.522,1.714,1.758,1.275,0.814,0.947,0.775,1.532,1.016,1.764,1.375,0.391,0.992,0.189,0.606,0.884,0.696,1.993,1.513,1.07,1.909,0.885,1.234,1.829,0.998,1.853,1.705,1.848,2.382,1.75,1.557,0.771,1.479,1.107,1.211,1.004,1.398,0.584,1.104,0.525,0.2,0.876,1.268,0.746,1.201,1.027,0.78,1.551,1.057,1.559,0.759,1.487,1.697,1.548,1.752,1.591,1.38,1.571,0.972,1.33,1.069,1.863,1.132,0.416,1.123,0.602,1.387,1.431,0.866,0.724,1.305,0.893,0.973,1.162,1.697,0.757,1.077,2.47,2.229,1.845,1.265,1.529,0.967,0.0,0.802,755.3,allday_low
D0299,0.303,0.0,0.898,0.0,0.429,0.485,0.0,2.945,0.484,0.0,0.0,0.429,0.065,0.0,3.877,3.528,1.137,0.614,0.0,3.637,0.424,0.0,0.0,0.021,0.0,0.662,0.0,0.116,0.221,0.883,0.13,4.982,0.006,0.069,0.59,1.033,0.05,0.725,5.262,4.282,0.161,0.151,0.0,4.568,0.205,0.337,0.2,0.0,1.226,0.223,0.71,0.322,0.803,0.0,0.085,1.734,0.0,0.246,0.014,0.0,0.0,0.0,2.737,1.569,0.0,0.0,0.46,1.914,0.596,0.104,0.346,0.623,0.0,0.041,0.342,0.241,0.0,0.466,0.174,3.281,0.053,0.0,0.398,0.417,0.0,0.0,3.669,4.153,0.0,0.162,0.002,3.743,0.0,0.061,0.645,0.0,0.002,0.599,0.461,0.329,0.3,0.293,0.022,2.433,0.0,0.0,0.0,0.0,0.0,0.0,1.813,2.389,0.0,0.372,0.45,3.318,0.0,0.053,0.0,0.0,0.0,0.0,0.0,0.272,0.0,0.42,0.551,3.477,0.795,0.346,0.133,0.0,0.0,0.873,5.287,5.167,1.001,0.784,0.273,4.574,0.0,0.273,0.501,0.51,0.072,0.0,0.0,0.343,0.0,0.428,0.0,2.722,0.0,0.793,0.0,0.4,0.0,0.125,3.037,2.826,0.0,0.0,0.0,1.547,0.0,0.0,0.0,0.036,439.6,intermittent
D0300,5.38,4.732,2.467,0.725,0.608,0.254,0.0,0.155,0.0,0.295,0.519,0.089,0.56,0.192,0.211,0.192,0.248,0.0,0.0,1.264,1.595,2.556,4.871,6.823,4.847,4.347,3.072,0.747,0.065,0.88,0.333,0.023,0.0,0.477,0.0,0.0,0.0,0.178,0.0,0.0,0.76,0.433,0.461,0.958,1.023,2.963,4.585,5.074,5.791,4.47,2.889,2.23,0.807,0.035,0.416,0.341,0.0,0.0,0.301,0.754,0.759,0.457,1.037,0.409,0.246,0.45,0.124,0.191,1.059,2.584,4.782,4.883,5.391,4.969,2.765,1.473,0.625,1.345,0.629,0.467,0.438,0.533,1.18,0.18,0.424,0.362,0.755,1.116,0.089,0.582,0.558,0.177,2.019,3.659,5.005,5.557,6.446,5.865,3.055,1.451,1.055,0.907,0.305,0.335,0.372,0.01,0.251,0.0,0.753,1.676,0.449,0.959,0.31,0.0,1.593,0.592,2.342,3.675,6.147,7.041,6.839,5.52,4.754,2.118,1.983,0.436,0.797,0.0,0.454,1.441,0.087,0.129,0.812,0.492,1.293,0.333,0.477,0.62,0.121,0.431,1.374,2.245,5.819,6.794,5.893,5.308,2.654,1.955,0.125,0.193,1.18,0.179,0.947,1.427,0.178,0.067,0.0,0.498,0.537,0.714,0.998,0.0,1.346,0.719,1.83,3.081,4.534,5.61,955.5,night
D0301,0.106,0.136,0.0,0.0,2.093,4.33,5.067,7.21,5.56,2.383,1.64,1.027,0.803,1.079,0.741,0.0,0.298,0.464,0.974,0.177,0.006,0.0,0.683,0.384,0.0,0.646,0.209,0.083,2.314,2.895,6.284,6.972,4.725,3.125,0.924,1.273,0.778,0.394,0.0,0.04,0.006,0.835,0.37,0.433,0.748,1.024,0.947,0.536,0.169,0.495,0.347,1.033,1.46,4.23,6.24,7.196,4.924,2.856,1.437,0.433,0.0,0.0,0.444,0.967,0.186,0.07,0.764,0.295,0.625,0.157,0.107,0.66,0.594,0.155,0.0,0.0,1.023,3.539,6.362,6.273,4.742,3.149,1.942,1.005,0.0,0.47,0.721,0.067,0.184,0.44,0.51,0.46,0.616,0.387,0.009,0.089,0.0,0.077,0.597,0.297,2.111,3.188,6.0,7.047,5.391,1.998,1.234,0.158,0.0,0.38,0.0,0.386,0.931,0.412,0.171,0.203,0.687,0.138,0.066,0.0,0.0,0.537,0.0,0.555,1.058,1.29,2.441,3.42,2.521,1.26,0.764,0.687,0.129,0.0,0.183,0.0,0.195,0.131,0.0,0.0,0.0,0.461,0.0,0.0,0.0,0.373,0.472,0.389,1.008,2.052,2.559,2.448,2.15,0.579,0.672,0.0,0.181,0.079,0.0,0.218,0.06,0.0,0.0,0.276,0.0,0.924,0.695,0.0,721.6,morning
D0302,0.433,0.219,0.584,0.101,0.905,0.978,2.42,5.183,6.982,5.044,2.606,1.967,0.417,0.0,0.118,1.586,0.0,0.673,0.0,0.0,0.0,0.0,0.0,0.0,0.0,0.209,0.353,0.0,0.732,0.743,2.494,3.915,6.613,7.109,4.27,1.736,0.194,1.094,0.213,0.0,0.0,1.208,0.222,0.478,0.183,0.245,0.084,0.915,0.295,0.0,0.455,0.25,0.62,0.893,2.319,5.293,7.413,5.259,3.95,1.57,0.305,0.0,0.448,0.058,0.03,0.816,0.077,0.058,0.0,0.0,0.935,0.55,0.854,0.0,0.44,0.773,0.71,1.753,2.744,4.89,5.517,6.283,4.182,2.33,0.357,0.345,0.0,0.0,0.506,0.845,0.86,0.472,1.195,0.098,0.679,0.0,0.0,0.045,0.209,0.392,0.343,1.153,3.218,4.978,5.903,4.66,3.233,2.327,0.453,0.647,0.56,0.237,0.222,0.0,1.263,0.0,0.765,0.635,0.538,0.207,0.0,0.0,0.0,0.302,0.603,0.61,1.27,2.67,2.019,1.75,1.064,1.232,0.0,0.158,0.0,0.194,0.06,0.236,0.0,0.442,0.782,0.693,0.0,0.0,0.198,0.999,0.087,0.498,0.532,0.764,1.598,1.364,2.197,2.46,2.119,1.278,0.265,0.593,0.0,0.0,0.0,0.048,0.0,0.561,0.363,0.134,0.136,0.0,621.8,morning
D0303,4.359,3.879,2.552,1.446,0.708,0.52,0.349,0.427,0.636,0.671,0.557,0.0,0.871,0.442,0.0,0.445,0.511,0.0,0.438,0.917,2.261,4.649,5.488,6.048,5.281,3.068,2.138,1.514,0.898,0.661,0.744,0.531,0.735,0.0,0.319,0.529,0.319,1.479,0.267,0.0,0.399,0.828,0.334,1.398,2.666,4.365,5.498,6.5,5.925,2.886,1.2,0.707,1.151,0.275,0.524,0.0,1.155,0.22,0.465,0.0,0.0,0.351,0.4,0.745,0.0,0.027,0.417,1.468,2.191,4.349,5.478,5.945,4.876,2.989,2.016,1.455,0.912,0.913,0.933,0.301,1.214,0.712,0.0,0.071,0.44,0.768,0.27,0.0,0.751,0.0,0.904,1.512,2.245,5.436,6.096,5.806,6.346,3.391,2.447,1.543,1.877,0.544,0.163,0.545,1.099,0.676,0.825,0.793,0.678,0.0,0.0,0.0,0.0,0.095,1.765,1.489,3.494,5.502,7.457,7.706,6.034,4.62,2.078,0.884,0.552,0.885,0.198,0.513,0.652,0.586,0.561,0.0,0.527,0.059,0.0,0.267,0.266,1.939,1.408,2.239,3.416,5.773,8.847,7.722,5.614,4.455,1.661,1.072,0.567,0.035,0.748,0.0,0.741,0.585,0.796,0.304,0.567,0.854,0.0,0.0,0.678,0.876,0.868,1.985,2.836,5.45,6.376,6.323,1082.2,night
D0304,3.606,3.267,2.748,1.227,0.38,0.661,0.0,0.932,0.0,1.18,2.145,1.174,0.244,0.782,0.634,0.064,0.496,0.0,0.0,0.649,1.955,0.803,2.225,3.665,3.536,3.204,2.809,1.266,0.242,1.246,0.573,0.719,0.582,2.871,2.849,0.516,0.364,0.109,0.706,0.188,0.361,0.48,0.545,0.0,2.879,0.899,2.391,5.587,4.545,3.651,2.855,0.992,1.044,0.0,0.882,0.0,0.0,2.327,2.906,0.774,0.139,0.0,0.106,0.355,0.264,0.0,0.911,1.024,3.195,0.603,1.938,4.928,3.925,3.358,2.199,1.096,1.739,0.0,0.0,0.0,0.384,1.137,1.538,0.0,0.335,0.334,1.004,1.096,0.229,0.687,0.405,0.787,1.847,1.737,2.795,4.506,4.805,4.774,3.062,1.605,0.295,0.756,0.718,0.0,0.077,2.121,1.855,0.377,0.763,0.303,0.525,0.0,0.511,0.0,0.0,0.3,2.519,1.719,2.557,5.854,5.08,4.949,2.845,2.578,1.737,0.987,0.631,0.589,0.505,0.707,1.148,0.308,0.0,1.0,0.58,1.157,0.711,0.0,0.988,0.334,2.471,2.435,3.635,5.689,4.343,3.762,3.587,1.767,0.715,0.714,0.894,0.84,0.0,2.915,2.941,0.174,0.0,0.973,1.018,1.036,0.0,0.243,0.393,1.158,3.183,1.397,2.629,5.873,881.5,night
D0305,6.751,7.079,5.654,4.216,1.996,1.384,0.971,0.593,0.851,0.158,0.0,0.13,0.825,1.276,1.114,0.359,0.882,0.0,1.174,0.813,1.266,0.894,3.542,6.248,7.249,7.376,6.006,3.723,2.269,0.59,0.863,1.003,0.272,0.63,0.428,0.634,0.866,0.643,0.844,0.691,0.846,0.603,0.632,0.893,0.882,1.961,2.936,4.605,7.159,7.058,6.991,3.687,2.572,0.817,0.648,0.0,0.0,0.584,0.275,0.788,1.015,0.0,0.926,0.002,0.285,0.0,0.0,0.0,0.71,1.764,3.148,4.592,6.609,7.811,6.794,4.361,3.17,1.161,0.816,0.499,0.116,0.386,0.836,0.853,0.619,1.17,0.664,0.605,1.135,0.141,1.129,0.153,0.822,1.006,3.612,6.295,8.644,9.323,7.695,5.047,2.349,1.443,1.522,0.39,0.669,0.656,0.377,0.68,0.383,0.743,0.523,0.0,0.0,0.0,0.404,1.089,0.812,2.107,3.942,6.522,10.0,9.502,7.525,4.965,2.976,1.23,0.98,0.314,0.326,0.262,0.538,0.9,0.947,1.212,0.0,0.111,0.166,0.583,0.13,0.436,1.498,2.797,4.732,7.342,7.586,8.227,7.291,4.771,2.85,1.667,0.561,0.82,0.321,0.751,1.034,1.182,0.75,0.66,1.107,0.093,1.134,0.546,0.574,0.419,0.464,2.591,3.865,5.832,1268.0,night
D0306,0.152,0.0,0.364,1.101,0.62,2.58,3.911,5.57,4.714,3.521,2.095,0.674,0.541,0.481,0.121,0.821,0.0,0.0,0.0,0.509,0.058,0.274,0.125,0.314,0.724,0.921,0.0,0.807,0.997,1.673,4.422,6.411,4.777,3.139,0.766,0.535,0.372,1.129,0.0,0.666,0.368,1.238,0.311,0.209,0.613,0.452,0.653,0.485,0.0,0.47,0.481,0.055,1.039,1.397,4.314,5.887,5.541,3.557,1.09,0.0,0.724,0.423,0.455,0.989,0.0,1.044,0.0,0.604,0.226,0.077,0.0,0.0,0.443,0.395,0.685,0.077,1.245,2.253,4.484,5.81,4.897,3.355,1.696,0.941,0.978,0.0,0.0,0.811,0.0,0.697,0.0,0.0,0.197,0.0,0.0,0.0,0.522,0.218,0.25,0.341,0.855,1.896,4.42,4.507,4.204,3.691,1.535,0.0,0.429,0.0,0.807,0.635,1.164,0.086,0.0,0.0,0.0,0.394,0.0,0.218,0.0,0.0,0.738,0.626,0.737,1.287,1.771,2.489,1.591,0.904,0.727,0.0,0.445,0.086,0.0,0.0,0.307,0.41,0.0,0.0,0.02,0.249,0.243,0.059,0.412,0.033,0.0,0.757,0.804,0.27,1.76,2.817,1.907,1.644,1.095,0.356,1.084,0.389,0.139,0.018,0.072,0.0,0.0,0.0,0.029,0.454,0.24,0.169,661.6,morning
D0307,1.779,0.903,1.541,0.819,1.188,1.775,1.332,1.102,1.336,1.283,1.956,2.369,1.785,2.367,1.656,1.858,2.677,1.748,2.252,1.384,1.636,1.201,1.566,1.602,1.802,1.177,1.345,1.972,0.918,0.38,1.242,1.862,1.683,1.278,1.803,1.663,1.169,1.75,2.249,1.779,1.193,2.604,1.324,1.876,2.021,1.777,1.432,0.677,1.989,0.912,1.858,1.937,0.912,0.938,1.359,2.001,1.376,1.75,1.545,2.181,1.588,1.579,1.449,1.425,2.353,1.667,1.343,0.956,1.524,1.218,1.081,1.146,1.516,0.915,1.282,1.836,1.213,1.015,2.011,1.547,1.567,1.943,1.732,1.859,1.167,1.526,2.752,1.435,1.905,2.612,2.08,1.839,1.285,1.307,1.397,1.646,2.034,1.49,1.163,1.394,1.696,1.646,1.424,1.083,2.13,1.59,1.881,1.523,1.558,2.127,1.344,1.38,2.553,2.2,1.958,1.225,1.745,1.554,1.337,1.454,0.671,0.362,1.412,1.366,1.429,1.691,1.613,2.097,2.012,1.564,1.665,1.746,0.996,2.127,1.986,0.967,2.384,1.452,1.538,1.473,1.404,2.506,1.265,1.199,1.324,0.912,1.409,0.924,1.541,0.876,1.118,0.976,1.241,0.733,0.493,1.5,0.995,2.493,1.561,2.032,1.825,1.167,1.404,1.871,1.785,1.818,1.087,1.608,894.2,allday_low
D0308,0.938,1.648,1.008,1.896,1.048,1.745,1.988,1.753,2.188,2.016,2.672,1.547,1.931,1.28,2.024,1.609,1.48,1.343,1.754,1.998,2.016,2.174,2.08,1.092,1.222,1.611,1.595,2.145,1.427,1.945,1.591,1.884,1.975,1.874,1.528,2.167,2.393,2.192,0.914,2.064,2.409,1.602,2.446,1.608,1.657,1.816,1.241,2.01,2.125,1.029,1.418,2.376,2.051,0.874,2.181,0.183,2.077,1.498,2.174,2.154,2.164,2.407,1.934,1.874,2.522,2.045,1.71,1.804,1.681,1.567,1.855,1.208,2.24,1.625,0.675,1.648,1.138,1.587,1.587,2.028,2.1,1.983,2.826,1.716,2.718,2.77,2.309,2.35,2.532,1.901,1.739,1.679,1.932,1.512,1.33,1.134,1.113,1.236,1.224,1.572,1.207,1.821,2.541,2.285,1.323,1.749,1.395,2.13,2.218,2.222,1.685,1.851,2.534,2.221,1.576,1.306,1.768,1.668,1.077,1.461,1.182,1.107,1.158,1.495,1.441,2.005,1.579,1.913,1.025,1.764,1.603,2.164,2.008,2.638,1.522,1.609,2.047,1.78,1.346,1.863,1.397,1.753,0.725,1.308,1.471,1.448,1.666,1.262,1.602,1.408,1.82,0.859,0.448,2.259,1.514,1.072,1.821,1.696,2.107,2.151,1.705,2.256,1.225,0.638,1.687,1.435,0.637,1.714,957.1,allday_low
D0309,8.415,6.867,7.758,6.856,7.338,7.459,6.499,6.117,7.519,9.661,9.753,4.145,9.274,6.707,9.446,5.707,5.764,6.731,7.188,6.486,9.122,8.868,6.31,8.545,6.098,6.428,9.926,7.366,5.908,7.543,7.977,7.033,8.953,7.182,5.829,6.144,7.01,6.931,6.191,7.746,8.264,6.633,5.692,6.723,6.75,7.022,8.305,8.239,5.801,7.578,9.788,8.017,8.022,6.702,5.64,7.636,5.85,7.911,6.772,7.119,6.976,5.611,7.989,8.589,9.029,5.506,8.484,5.892,7.56,3.469,7.681,7.568,7.863,7.69,6.218,5.702,5.94,6.561,8.364,8.326,8.458,6.836,9.041,7.832,8.125,5.567,7.368,6.12,10.0,6.799,6.39,6.401,6.661,8.487,7.06,6.415,8.285,5.703,7.92,8.222,6.169,8.022,6.76,4.301,8.467,8.605,6.054,6.095,8.493,7.904,9.375,7.829,7.731,6.187,5.802,8.806,8.315,6.759,7.559,8.384,5.603,9.096,5.978,5.492,7.144,7.376,6.636,5.34,7.257,8.21,7.428,5.495,6.97,5.091,4.97,6.103,8.348,7.53,6.314,8.1,7.723,5.096,9.956,7.191,8.047,6.208,5.034,7.023,5.632,8.179,5.563,6.969,8.705,7.49,6.798,5.118,5.347,6.754,5.851,7.396,6.591,5.0,5.773,5.267,6.935,7.934,6.598,7.1,4178.6,noise
D0310,0.359,0.0,0.404,0.455,0.742,2.1,4.975,6.304,5.994,4.193,1.952,1.014,0.089,1.267,0.344,1.53,1.255,0.031,0.365,0.422,0.678,0.317,0.801,0.0,0.0,0.174,0.0,0.0,1.249,1.634,3.958,6.384,6.467,3.747,1.467,0.399,0.863,0.799,0.41,0.369,0.0,0.467,0.611,0.332,0.349,0.0,0.783,0.0,0.25,0.465,0.79,0.859,1.364,1.996,5.307,6.534,5.757,3.872,2.276,0.555,0.0,0.309,0.0,0.419,0.545,0.138,0.775,0.641,0.0,0.278,0.024,0.112,0.774,0.541,0.0,0.486,0.512,1.914,4.954,7.19,6.717,4.126,2.017,1.224,0.407,0.0,1.078,0.0,0.801,0.6,1.095,0.646,0.0,0.746,0.094,0.0,0.0,0.191,0.0,1.012,0.102,1.855,3.897,5.819,5.23,4.312,1.911,0.719,0.051,0.506,0.875,1.458,0.0,0.183,0.0,0.551,0.0,0.369,0.8,0.059,0.0,0.71,0.444,0.0,0.446,0.575,2.395,2.775,3.35,1.382,0.972,0.339,0.277,0.0,0.0,0.422,0.14,0.0,0.0,0.0,0.0,0.583,0.373,0.0,1.239,0.0,0.432,0.156,0.0,1.01,1.622,2.131,2.96,1.881,1.097,0.209,0.303,0.097,0.328,0.0,0.0,0.713,0.096,0.36,0.0,0.002,0.787,0.267,752.2,morning
D0311,1.317,1.85,1.175,1.384,1.754,0.097,1.512,1.855,0.964,1.845,1.437,0.737,1.902,1.573,1.554,1.868,1.119,1.846,1.029,2.055,1.822,1.941,1.405,0.962,0.794,0.742,0.998,0.785,1.265,0.79,0.916,1.077,0.96,1.22,1.702,1.101,1.005,1.497,1.075,2.179,1.232,1.52,1.644,0.806,0.929,0.965,1.548,1.977,1.954,1.666,0.518,0.699,1.743,1.839,1.554,1.611,1.116,2.147,1.11,0.774,1.907,1.315,1.004,1.972,0.723,1.703,1.238,2.095,1.515,1.732,0.708,0.39,0.956,1.369,1.108,1.611,1.365,0.68,1.405,1.326,1.881,0.958,1.141,1.677,2.182,1.488,1.856,1.593,1.527,2.017,1.489,1.175,1.084,1.111,0.885,1.046,1.145,1.222,0.632,0.904,0.951,0.809,0.935,1.654,1.923,1.234,1.119,1.462,1.584,1.889,1.41,1.333,2.649,0.916,1.845,2.045,1.195,1.447,0.442,1.164,1.529,1.038,0.985,1.765,1.375,1.356,0.712,0.024,1.346,1.239,1.639,1.405,1.412,1.433,0.93,0.589,0.993,0.853,1.275,0.502,0.964,1.992,1.043,1.059,1.014,1.079,0.731,0.91,0.763,0.366,1.604,0.727,1.899,0.893,0.684,2.22,0.726,0.4,0.778,1.357,0.79,1.096,0.38,1.726,1.367,0.554,0.034,0.631,760.8,allday_low
D0312,0.064,0.029,0.43,0.717,0.422,0.976,3.147,5.933,6.833,6.388,3.676,1.875,0.308,1.012,0.699,1.072,0.038,1.221,0.4,0.229,0.856,0.0,0.305,0.219,0.477,0.09,0.05,0.149,0.356,1.18,3.375,4.29,7.307,6.138,3.934,1.349,0.746,0.196,0.199,0.553,0.576,0.929,0.023,0.597,0.575,0.329,1.048,0.002,0.358,0.427,0.0,0.89,0.439,1.341,3.506,5.357,6.98,6.38,3.562,1.667,0.657,0.417,0.921,0.709,0.025,0.279,0.92,0.0,0.187,0.0,1.389,0.637,0.066,0.274,0.0,1.216,0.0,1.292,2.763,4.797,6.849,5.621,4.721,1.85,1.137,0.154,0.905,0.306,0.772,0.545,0.274,0.739,2.173,0.0,0.235,0.0,0.462,0.377,1.152,0.189,0.891,0.151,2.724,4.606,6.881,6.551,3.543,1.99,0.528,0.375,0.47,0.0,0.0,0.665,0.0,0.851,0.0,0.696,0.279,0.233,0.197,0.0,0.637,0.0,0.0,1.489,1.101,1.979,3.499,2.976,2.261,0.865,0.756,1.091,0.0,0.0,0.0,0.301,0.187,0.699,0.117,0.092,0.218,0.025,0.281,0.218,0.36,0.026,0.442,0.735,0.971,2.067,2.706,1.988,1.387,1.078,0.671,0.301,0.0,0.557,0.949,0.383,0.115,0.0,0.11,0.0,0.026,0.696,772.8,morning
D0313,1.626,1.405,0.976,1.973,2.16,1.393,1.421,2.183,1.542,1.291,1.788,2.664,1.872,1.85,1.942,1.624,1.515,1.936,1.356,1.736,1.961,1.944,1.652,1.127,1.443,1.756,1.86,1.477,1.312,1.704,1.556,1.316,1.98,1.923,1.489,1.77,2.022,1.456,1.827,2.426,1.887,1.695,2.475,2.072,2.155,1.421,1.587,1.662,1.731,2.629,1.618,2.088,2.658,2.439,1.786,2.291,1.9,1.897,2.366,2.452,2.336,2.067,1.937,1.599,2.18,2.16,2.361,1.258,1.889,1.683,1.689,2.227,2.205,2.057,1.623,1.515,2.17,2.436,2.435,1.995,1.86,2.226,2.328,1.874,2.021,3.513,1.974,2.525,1.876,1.998,1.573,1.501,2.12,1.999,2.543,1.678,1.698,1.581,1.143,1.865,1.552,1.021,2.214,1.516,1.991,2.08,2.082,1.602,2.736,1.814,1.049,2.524,2.475,1.516,1.985,2.401,2.478,2.05,2.087,1.989,1.404,0.95,1.305,1.946,1.967,1.591,1.394,2.378,1.714,2.01,1.246,1.823,2.385,1.312,1.921,2.112,2.54,2.288,2.551,2.098,2.058,1.167,1.101,2.256,1.262,1.196,0.384,1.917,0.962,1.131,2.036,0.603,2.269,1.35,1.723,1.499,1.298,1.586,1.566,1.374,2.591,1.412,0.94,0.794,1.854,0.817,1.464,2.386,1076.0,allday_low
D0314,0.271,0.181,0.427,1.105,0.514,1.436,3.854,6.541,6.497,5.108,2.864,2.043,0.875,0.0,0.0,0.345,0.0,0.058,0.0,0.05,0.041,0.225,0.0,0.0,0.516,0.277,0.29,0.337,0.303,2.437,4.803,6.666,5.855,4.69,2.952,0.737,0.144,0.0,0.117,0.0,0.0,0.795,0.465,0.0,0.668,0.334,0.799,0.608,0.0,0.579,0.608,0.834,1.155,2.725,4.317,5.756,6.729,4.516,3.178,0.689,1.464,0.174,0.26,0.068,0.0,0.038,0.381,0.285,0.085,0.415,0.033,0.275,1.072,0.02,0.151,0.0,0.554,1.959,3.65,5.598,6.812,5.198,2.91,0.517,1.077,0.086,0.0,0.738,0.878,0.135,0.0,0.476,0.0,1.425,0.0,0.437,0.191,0.0,0.0,0.849,0.836,1.387,3.442,5.437,6.713,5.154,2.739,1.135,0.719,0.0,0.39,0.744,0.367,0.287,0.0,0.007,0.028,0.364,0.045,0.0,0.484,0.36,0.289,0.0,0.096,1.039,1.762,2.435,3.577,1.863,0.0,0.523,0.265,0.164,0.307,0.0,0.586,0.0,0.115,0.0,0.578,0.0,0.157,0.163,0.199,0.0,0.28,0.157,0.437,1.425,1.608,1.996,3.542,2.436,1.348,0.348,0.517,0.0,0.808,0.514,0.031,0.503,0.389,0.0,0.191,0.28,0.051,0.012,717.1,morning
D0315,0.104,0.584,0.003,0.845,0.61,2.947,6.474,9.021,8.975,7.23,3.638,1.36,0.182,0.0,1.414,0.14,0.0,0.539,0.0,0.622,1.006,0.0,0.263,0.591,0.0,0.0,0.364,1.423,0.728,2.69,7.059,9.355,8.659,6.699,3.739,2.049,1.244,0.682,0.724,0.0,0.086,0.0,0.861,0.567,0.445,1.092,0.64,0.91,0.738,0.784,0.0,0.979,1.325,2.633,6.251,9.576,9.377,6.467,3.159,0.77,0.542,0.696,1.181,0.035,0.559,0.408,0.394,0.0,0.0,1.214,0.852,0.525,0.606,0.734,0.215,0.357,0.835,2.893,5.425,8.699,9.649,6.646,2.688,1.227,0.863,0.483,0.0,0.862,0.287,0.55,0.868,0.342,0.0,1.188,0.0,0.248,0.961,0.066,0.109,0.416,0.975,2.289,5.36,9.031,8.711,6.69,2.891,1.951,1.009,0.369,0.669,1.063,0.0,0.0,0.546,0.0,0.0,0.0,0.445,0.0,0.0,0.0,0.385,0.47,0.405,1.799,3.032,3.693,3.845,3.46,1.872,0.508,0.0,0.612,0.21,0.153,0.0,0.419,0.151,0.0,0.0,0.229,0.39,0.007,0.411,0.0,0.0,0.525,0.263,1.899,2.502,3.073,3.062,3.075,1.117,0.972,0.004,0.281,0.009,0.274,0.487,0.168,0.456,0.0,0.346,0.169,0.041,0.0,912.5,morning
D0316,6.51,4.812,3.056,0.975,1.029,1.416,0.382,0.048,0.395,0.322,0.0,0.497,0.334,0.306,1.278,0.338,1.207,0.035,0.0,0.431,2.077,2.612,4.151,6.428,6.341,5.61,3.216,1.509,1.72,0.184,0.048,0.598,0.0,0.713,1.188,0.772,0.0,0.057,0.412,0.548,1.113,1.113,0.4,0.556,1.198,3.243,5.278,6.305,6.513,6.302,3.825,1.0,0.957,0.649,0.302,0.958,0.235,0.0,0.063,0.686,0.0,0.161,0.764,0.0,0.0,0.0,0.093,0.56,1.443,2.54,4.62,6.715,7.026,6.609,3.411,1.829,1.096,0.358,0.435,0.0,0.238,0.799,1.261,1.056,0.461,0.621,0.553,0.155,0.0,0.541,0.474,1.217,0.564,3.039,5.603,6.882,7.881,6.249,4.475,2.812,1.475,0.766,0.83,0.614,0.76,0.911,0.289,0.091,0.817,0.259,0.0,1.132,0.609,0.614,0.551,1.393,1.402,3.775,6.25,8.265,7.916,7.402,4.503,2.272,0.594,1.75,0.507,0.631,0.038,0.0,0.877,0.0,1.097,1.321,0.162,0.304,0.0,0.0,0.946,1.625,1.714,3.654,5.678,7.857,7.835,6.085,3.102,2.393,2.148,0.443,0.171,0.695,0.879,0.795,0.283,0.236,0.0,0.0,0.588,0.185,0.541,0.345,0.579,0.892,2.057,3.663,5.317,6.88,1092.9,night
D0317,1.408,1.557,1.685,1.768,1.782,1.644,2.502,1.865,1.796,2.803,1.729,2.963,1.32,2.077,1.52,1.645,2.421,2.284,1.805,2.729,2.42,1.808,0.948,2.137,1.444,1.76,1.964,1.448,2.237,1.535,2.004,2.171,2.32,2.779,1.708,1.646,2.073,3.628,2.88,2.01,2.061,2.149,2.201,2.283,2.217,2.369,2.663,1.645,1.565,1.465,1.481,1.795,1.947,2.482,1.443,1.992,1.531,2.176,3.281,2.094,3.321,1.881,2.065,2.104,2.296,2.086,2.422,0.758,1.468,2.683,1.129,1.545,1.937,1.608,1.223,1.829,2.037,1.437,1.945,2.218,2.396,2.161,2.848,2.177,1.775,2.16,2.817,1.856,1.209,2.362,1.879,3.006,2.029,2.387,1.541,1.973,1.828,2.249,1.691,1.393,2.129,1.384,1.394,1.811,1.763,2.002,1.778,2.66,2.715,2.632,2.601,1.426,2.27,2.542,2.682,1.902,2.496,1.969,0.6,1.661,1.117,1.19,1.918,1.599,1.262,1.23,1.783,1.565,2.032,1.423,1.699,1.436,1.747,3.012,1.713,1.819,1.625,1.858,1.838,2.343,1.536,1.699,0.742,1.146,1.984,1.081,1.79,1.049,1.417,2.307,1.921,0.769,3.168,1.327,2.71,1.739,1.443,1.829,1.751,1.785,2.023,2.155,2.51,1.891,1.753,1.322,1.46,1.308,1089.4,allday_low
D0318,0.426,0.859,0.0,1.322,0.0,0.115,0.948,3.371,6.532,8.193,6.665,3.591,1.846,0.514,0.0,0.586,0.314,0.536,0.64,0.619,0.282,1.049,0.091,0.024,0.207,0.553,0.618,0.161,0.198,1.099,0.604,4.164,5.432,7.364,7.048,4.639,1.738,0.954,0.0,0.054,0.0,0.375,0.232,0.0,0.005,0.298,0.698,0.0,0.176,0.0,0.638,0.014,0.576,0.351,0.426,2.896,5.035,7.959,7.7,4.687,1.744,0.812,0.536,0.812,0.227,0.495,0.0,0.42,0.0,0.33,0.0,0.496,0.598,0.206,0.0,0.573,1.043,1.377,1.371,3.053,4.976,8.047,5.836,4.936,2.045,0.0,0.557,0.253,0.11,0.19,0.303,0.301,0.0,0.492,0.14,1.025,0.683,0.733,1.133,0.63,0.259,0.0,1.241,3.56,5.692,6.854,6.565,3.93,2.069,0.532,1.033,0.361,0.413,0.0,0.108,0.0,0.933,0.065,0.367,0.0,0.0,0.027,0.0,0.252,1.059,0.0,0.977,1.542,2.227,3.16,3.601,1.952,0.77,0.0,0.0,0.0,0.539,0.0,0.0,0.219,0.0,0.836,0.158,0.232,0.218,0.381,0.444,0.139,0.0,0.136,0.504,0.437,1.28,2.437,1.875,1.541,0.465,0.361,0.481,0.26,0.32,0.55,0.0,0.0,0.0,0.349,0.213,0.437,842.2,morning
D0319,0.452,0.0,0.649,0.319,1.562,1.32,4.343,6.361,6.556,5.419,2.507,1.669,0.229,0.145,1.205,0.0,0.0,0.0,0.095,0.607,0.48,0.361,0.0,0.21,0.117,0.294,0.388,0.238,0.815,1.996,4.037,6.68,6.462,5.22,2.15,1.059,0.678,0.0,0.763,1.101,0.003,0.231,0.841,0.0,0.311,0.16,0.701,0.185,0.499,0.0,0.737,0.0,1.196,2.074,3.281,6.672,7.309,4.585,2.269,1.11,0.238,0.47,0.204,0.0,1.344,0.143,0.352,1.093,0.684,0.542,0.772,0.544,0.544,0.552,0.233,0.88,1.108,1.005,4.724,6.287,7.146,4.386,2.388,0.906,0.71,0.057,0.0,0.075,0.124,0.581,0.362,0.0,0.42,1.121,0.822,0.0,1.395,0.815,1.007,0.0,0.578,2.203,3.619,6.549,7.419,4.732,3.284,1.333,0.0,0.0,0.782,0.0,0.767,0.556,0.422,0.021,0.416,1.038,0.105,0.556,1.036,0.252,0.0,0.0,0.0,0.373,2.106,3.426,2.975,2.743,1.595,0.135,0.0,0.0,0.469,0.135,0.533,0.106,0.0,0.484,0.0,0.0,0.0,0.82,0.906,0.309,0.0,0.933,0.008,0.193,0.842,2.704,2.043,2.694,0.799,0.0,0.689,0.523,0.868,0.0,0.0,0.821,0.0,0.0,0.143,0.0,0.213,0.0,770.0,morning
D0320,0.153,0.0,0.258,0.0,1.495,1.71,3.255,7.012,7.587,6.948,4.275,1.77,0.063,0.107,1.934,0.065,0.197,0.1,0.0,0.629,0.0,0.0,0.452,0.2,0.386,0.299,0.0,1.027,1.146,1.137,3.861,6.087,8.095,6.706,4.224,1.148,0.025,0.0,1.523,0.721,0.873,0.0,0.599,0.0,0.517,0.322,0.178,0.069,0.842,0.078,0.928,0.346,0.8,1.814,3.853,6.41,8.576,6.827,2.508,1.48,1.303,0.002,0.321,0.349,1.029,0.0,0.0,0.54,0.468,0.548,0.458,0.259,0.565,0.406,0.207,0.339,0.389,1.248,3.897,5.719,7.918,6.2,3.612,1.494,0.861,1.034,1.131,0.785,0.348,0.672,0.0,0.586,0.488,0.0,0.051,0.438,0.469,0.728,1.054,0.282,0.088,1.858,4.043,6.562,7.439,6.903,3.353,2.215,0.081,0.0,0.0,0.039,0.297,0.0,0.355,0.588,0.456,0.235,0.838,0.0,0.032,0.0,0.437,0.0,0.464,1.072,1.413,2.119,3.322,2.486,1.357,0.0,0.0,0.526,0.0,0.661,0.0,0.36,0.027,0.433,0.027,0.237,0.695,0.353,0.0,0.0,0.079,0.341,0.322,0.232,1.527,2.82,3.67,2.426,2.569,1.284,0.329,0.265,0.753,0.0,0.0,0.0,0.01,0.0,0.0,0.109,0.0,0.74,829.1,morning
D0321,3.155,2.881,2.065,0.0,2.212,0.165,2.68,0.602,0.678,0.518,0.332,0.66,0.275,0.862,0.0,0.752,0.123,0.602,1.365,0.604,2.407,1.475,1.548,3.024,3.181,1.767,1.205,1.071,3.85,0.367,3.577,0.328,0.068,0.233,0.0,0.05,0.294,0.869,0.258,1.241,1.184,0.356,3.467,1.531,4.306,1.722,2.047,2.846,2.635,3.201,1.912,0.823,1.526,0.0,1.517,0.356,0.0,0.0,0.0,0.764,0.027,0.0,0.0,1.052,0.11,0.0,0.855,0.485,2.095,1.686,3.562,2.445,3.13,2.844,1.623,0.127,4.364,0.129,3.552,0.0,1.03,0.916,0.0,0.0,0.736,1.258,1.381,0.0,0.945,0.342,3.268,0.154,4.102,1.824,1.889,3.633,4.166,3.704,1.868,1.419,3.368,0.766,3.553,0.304,0.349,0.0,0.898,0.4,0.9,0.867,0.0,0.242,0.0,0.93,3.913,0.706,4.096,1.474,3.571,4.747,4.719,3.31,2.434,1.775,4.195,1.356,4.539,1.636,0.466,0.0,0.411,0.207,0.456,1.181,0.135,0.004,0.09,1.364,3.884,0.759,5.387,2.292,2.109,3.794,3.178,2.072,1.703,0.0,4.796,0.439,4.234,0.0,0.979,0.095,0.845,0.294,1.007,0.614,0.401,0.0,0.937,0.271,4.303,0.5,4.968,2.09,1.791,4.451,909.2,intermittent
D0322,4.842,4.074,2.267,1.517,1.008,0.063,0.871,0.263,1.145,0.875,0.469,0.0,0.236,0.74,0.034,0.482,0.536,0.26,0.024,1.38,1.515,2.294,3.455,5.203,4.755,4.221,1.985,1.418,0.435,1.174,0.475,0.0,0.707,0.842,0.134,0.0,0.0,0.781,0.0,0.265,0.0,1.121,0.994,0.796,1.773,2.37,3.439,4.044,5.142,3.327,3.537,0.781,1.107,0.965,0.0,0.088,0.183,1.853,0.176,0.0,0.507,0.0,0.258,0.082,0.523,0.058,0.08,1.146,1.431,2.442,2.944,5.078,4.84,4.116,1.703,1.478,0.774,0.309,0.0,0.831,0.0,0.712,0.773,0.0,0.639,0.109,0.589,0.0,0.255,0.362,0.402,0.869,1.01,2.316,4.343,4.88,5.892,4.452,2.86,1.176,1.161,0.297,0.0,0.279,0.0,0.0,0.975,0.0,0.301,1.358,0.478,0.136,0.0,0.471,0.158,1.095,1.359,3.229,5.519,6.434,5.788,5.081,3.633,1.025,1.628,0.584,0.672,0.232,0.403,0.0,1.078,1.188,1.347,0.0,0.53,0.577,0.07,0.581,0.0,1.543,1.045,3.352,5.435,6.128,5.936,3.38,2.653,0.665,0.376,0.212,0.094,0.894,0.0,0.0,0.124,0.369,0.544,0.837,0.0,1.078,0.0,0.219,0.448,0.0,1.251,3.146,4.518,5.107,845.4,night
D0323,6.301,5.259,3.737,1.085,1.411,0.646,0.341,0.756,0.563,0.866,1.099,0.536,0.064,0.714,0.065,0.045,0.259,0.927,0.816,1.13,1.456,2.97,4.815,5.865,6.926,5.683,3.689,2.011,0.85,0.482,0.437,0.697,1.068,0.644,0.44,0.0,1.476,0.069,0.084,0.957,0.0,0.574,0.27,0.618,1.423,2.176,4.489,6.636,6.628,7.259,3.912,1.633,0.864,0.0,0.926,1.12,0.768,0.01,0.0,0.719,0.153,0.0,0.0,1.229,0.182,0.781,0.726,0.35,1.419,2.263,5.196,5.765,7.196,5.778,3.67,2.777,0.926,0.0,0.656,0.101,0.482,0.795,0.57,0.809,0.0,0.948,0.275,0.0,0.0,0.29,0.151,0.425,1.629,3.638,4.392,6.559,8.256,6.82,4.489,3.514,1.41,0.692,0.255,0.538,0.21,1.364,0.609,0.558,0.548,1.084,0.485,0.281,0.572,0.875,1.144,1.031,1.893,3.914,4.577,7.93,8.619,7.606,5.321,3.455,0.842,0.488,0.188,0.257,0.0,1.479,0.909,0.168,0.524,0.321,0.587,0.172,0.0,0.284,1.26,0.307,2.362,3.87,5.88,8.57,7.496,5.355,4.119,2.244,1.871,0.496,0.395,0.0,0.404,0.0,0.919,0.241,0.0,0.982,0.0,0.546,0.0,0.583,1.012,0.521,1.026,2.498,5.025,7.728,1142.9,night
D0324,1.492,1.419,1.096,0.691,1.436,0.726,1.367,0.95,0.735,1.057,2.186,0.832,1.848,1.809,1.358,1.182,0.84,1.936,0.765,0.0,1.317,0.514,1.022,0.426,0.737,1.006,1.08,1.578,0.999,1.079,0.964,1.537,0.669,1.043,1.3,0.949,2.029,1.574,0.889,1.614,1.991,1.033,1.913,1.355,1.269,1.661,1.163,1.206,1.04,0.186,1.143,1.089,0.828,0.0,1.352,0.734,0.671,0.69,0.419,1.564,2.462,1.17,1.81,1.388,1.525,1.326,1.653,0.696,1.223,1.632,1.387,1.178,1.043,0.813,0.8,0.276,1.225,1.645,1.204,1.129,1.448,0.286,1.072,1.323,0.633,1.503,0.608,1.742,1.503,1.271,1.643,1.306,1.392,1.249,0.685,1.736,1.559,1.168,1.026,1.313,1.566,1.888,0.828,1.592,1.139,0.515,1.678,2.017,1.839,1.354,1.615,1.745,1.659,1.91,1.725,0.979,1.19,0.894,1.144,0.19,1.767,0.527,0.632,0.915,0.279,0.777,1.04,1.751,1.124,0.933,0.664,2.183,1.296,1.325,0.679,1.524,0.997,1.883,1.38,1.172,0.465,0.965,0.868,0.983,0.012,0.468,0.639,1.103,0.03,1.549,1.523,0.562,2.172,1.223,1.122,1.488,1.449,1.34,0.809,1.091,1.422,1.596,1.818,0.91,1.096,0.712,1.457,0.788,673.2,allday_low
D0325,2.956,1.723,0.299,0.798,0.846,0.772,0.44,1.184,0.051,0.441,0.189,0.0,0.0,0.595,0.0,0.0,0.162,0.0,0.777,1.111,1.928,2.466,3.55,2.54,5.412,1.999,0.446,0.0,0.335,0.347,0.692,3.031,0.232,0.734,0.111,0.129,0.65,0.699,0.711,0.19,0.313,0.0,0.883,0.586,0.632,2.198,5.266,1.905,4.901,2.029,1.135,0.709,0.985,0.025,0.0,2.951,0.429,0.0,0.189,0.511,0.392,0.598,0.0,0.0,0.0,0.716,0.944,0.776,2.211,2.323,5.416,2.488,3.883,2.219,1.544,1.006,0.559,0.991,0.0,1.976,0.381,0.35,0.0,0.408,0.774,0.0,0.613,0.0,0.0,0.274,1.189,0.813,1.799,2.091,4.363,3.243,4.792,1.752,0.86,1.099,0.272,0.361,0.488,0.817,0.0,0.772,0.34,0.0,0.638,1.192,0.825,1.227,0.0,0.475,0.716,0.981,1.754,1.675,5.474,3.208,5.205,2.191,1.201,0.557,0.497,0.619,0.74,1.624,0.0,0.0,0.776,0.186,0.0,0.0,0.266,0.0,0.311,0.95,0.535,0.291,2.382,3.645,5.997,4.141,5.422,2.167,2.371,1.163,0.893,0.009,0.0,1.805,0.184,0.028,0.212,0.181,0.0,0.566,0.0,0.253,0.0,0.381,0.594,0.486,1.705,2.59,4.724,3.239,711.1,intermittent
D0326,0.0,0.485,0.0,0.282,0.74,0.711,0.621,0.0,0.816,0.325,0.8,0.646,0.301,0.05,1.224,0.0,0.082,0.0,0.212,4.041,0.0,0.0,3.234,0.363,0.0,0.324,0.0,0.245,0.467,0.349,0.229,0.087,0.349,0.0,0.046,0.29,0.826,0.0,0.0,0.262,0.677,0.499,0.144,2.922,0.0,0.589,2.197,0.418,0.602,0.236,0.18,0.0,0.91,0.304,0.249,0.828,0.0,0.036,0.571,0.947,0.169,0.323,0.0,0.726,0.0,0.0,0.233,2.938,0.0,0.0,3.23,0.822,0.785,0.32,0.218,0.507,0.744,0.2,0.216,0.239,0.602,0.0,0.155,0.328,0.0,0.56,0.632,0.0,0.0,0.0,0.0,2.839,0.0,0.422,3.695,0.396,0.0,0.551,0.466,0.0,0.753,0.255,0.271,0.0,0.921,0.346,0.543,0.0,0.425,0.434,0.125,0.0,0.167,0.0,0.0,6.448,0.234,0.158,5.316,0.174,0.114,0.0,0.67,0.648,0.0,0.36,0.0,0.325,0.533,0.0,0.188,0.239,1.482,1.343,0.326,0.0,0.291,0.688,0.0,4.215,0.0,0.525,5.455,0.381,0.647,0.065,0.025,0.32,0.917,0.332,0.104,0.328,0.787,0.0,0.0,0.0,0.514,0.0,0.435,0.0,0.03,0.121,0.951,3.562,0.0,0.0,2.78,0.0,396.0,intermittent
D0327,0.434,0.36,0.505,1.35,1.62,4.861,7.909,9.63,7.664,4.28,2.134,0.147,1.08,0.444,0.142,0.554,0.076,0.424,0.427,0.955,0.514,0.0,0.65,0.713,0.0,0.0,1.365,0.656,1.866,4.616,7.638,8.651,7.251,4.155,1.672,0.422,0.0,0.147,0.891,0.086,0.306,1.038,0.079,1.764,0.79,0.423,0.277,0.992,0.077,0.202,1.184,0.636,1.795,4.334,7.057,9.905,7.737,4.924,1.822,0.579,0.155,0.704,0.027,0.561,0.406,0.0,0.187,0.393,0.249,1.241,0.494,0.3,0.226,0.294,0.188,0.435,2.274,5.325,7.724,9.642,7.457,4.489,1.309,0.385,0.053,0.33,0.0,0.0,0.0,0.31,0.032,0.128,0.507,0.019,0.352,1.35,0.198,0.285,0.609,0.397,1.638,4.358,7.618,8.557,7.62,4.917,0.942,0.906,0.389,0.242,0.516,0.99,0.485,0.801,0.351,0.533,0.124,0.386,0.247,0.417,0.0,0.0,0.742,0.99,0.123,1.829,3.23,4.366,3.453,2.305,0.246,0.503,0.054,0.0,0.374,0.064,0.129,0.776,0.207,1.05,0.0,0.17,0.0,0.0,0.0,0.574,0.001,0.0,1.099,1.321,3.923,3.198,2.973,2.643,0.613,0.498,0.132,0.158,0.0,0.359,0.753,0.0,0.0,0.0,0.0,0.445,0.0,0.192,964.4,morning
D0328,1.481,1.453,1.079,1.336,1.533,1.493,1.94,1.195,1.129,0.93,1.972,2.317,1.504,1.5,2.93,2.643,2.632,2.134,2.225,1.704,1.117,1.069,1.627,1.992,1.461,1.781,1.446,1.644,1.883,2.174,1.754,2.56,1.652,2.428,2.17,1.153,2.668,1.655,1.968,2.461,1.697,1.945,2.204,1.463,1.651,1.528,2.06,2.281,1.041,1.542,1.251,1.521,2.331,1.746,1.373,1.071,2.207,1.626,1.559,2.113,2.292,1.902,1.655,2.684,2.339,2.421,1.747,1.459,1.518,1.002,1.475,1.272,1.501,1.529,1.527,1.244,1.001,0.927,1.714,1.748,1.131,2.475,2.284,1.517,2.151,2.006,2.199,2.145,2.334,2.642,2.043,2.073,2.417,1.445,1.206,1.878,0.986,1.144,2.164,0.734,1.672,0.927,1.811,2.512,1.302,0.886,2.068,1.694,1.949,2.232,2.334,2.326,2.02,2.173,1.823,1.685,1.75,1.947,1.335,1.672,1.176,1.025,1.811,1.523,1.554,0.993,1.352,1.789,1.749,2.803,1.816,1.48,1.633,1.476,1.581,1.906,1.62,2.38,2.114,2.038,1.468,1.93,1.924,2.136,1.139,1.362,1.0,2.544,1.292,1.992,1.534,1.914,1.575,2.065,1.842,2.546,1.966,1.536,2.105,1.865,1.385,1.95,1.44,1.543,1.6,0.606,1.269,1.834,1020.5,allday_low
D0329,4.389,2.577,1.19,1.006,0.107,0.651,0.269,0.951,0.169,0.0,0.666,0.609,0.572,0.768,0.0,0.042,1.035,0.806,0.898,1.386,3.321,5.258,6.402,6.294,3.908,2.459,0.823,0.537,1.55,0.941,0.648,0.152,0.0,0.348,0.0,0.679,0.298,0.375,0.0,0.42,0.334,0.18,1.205,2.0,4.013,5.968,6.166,6.204,4.563,3.256,1.77,0.57,0.285,0.473,0.0,0.0,0.177,0.0,0.0,0.238,1.627,0.097,0.686,0.308,0.639,0.123,0.408,2.8,3.282,6.357,6.487,5.784,4.542,3.567,1.154,0.596,0.942,0.641,1.347,0.933,0.095,0.995,0.0,0.755,0.114,0.677,1.294,0.0,0.881,1.022,1.462,1.86,4.056,5.572,7.217,5.911,5.583,3.729,1.448,0.751,0.201,0.634,0.436,0.165,0.211,0.566,0.018,0.475,0.51,0.565,0.258,0.78,0.996,1.071,1.504,2.143,5.713,7.296,8.643,7.549,5.934,4.126,2.207,0.829,1.323,0.086,0.0,0.0,0.874,0.203,0.453,1.009,0.664,0.0,1.249,0.399,0.56,0.493,0.969,3.01,4.526,7.548,9.586,8.546,5.117,2.502,1.518,0.45,1.179,0.237,0.08,0.332,0.078,0.536,1.25,0.433,0.015,0.359,0.0,1.734,1.301,1.239,1.564,2.348,4.247,6.222,8.463,6.754,1095.8,night
D0330,0.0,0.504,0.0,1.151,0.312,2.357,4.544,8.435,7.413,5.991,3.294,1.511,0.0,0.416,0.941,0.499,0.158,0.482,0.526,0.0,0.069,0.618,0.718,0.434,0.141,0.24,0.009,0.442,1.47,3.811,4.865,8.194,7.591,4.269,2.356,0.867,0.451,0.813,1.215,0.907,0.42,0.47,1.26,0.0,0.883,0.0,0.0,0.608,0.0,0.15,0.967,0.078,1.896,1.703,5.877,7.001,7.331,5.086,2.273,0.833,0.0,0.978,0.0,0.0,0.28,0.011,0.702,0.084,0.324,0.376,0.762,0.087,0.0,0.0,0.86,0.645,0.921,2.746,5.287,7.979,7.57,4.864,2.813,1.479,0.038,0.0,1.406,0.606,1.075,0.726,0.531,0.0,0.0,0.617,0.0,0.257,0.718,0.371,0.51,1.089,1.702,2.557,5.71,6.811,7.15,4.994,2.232,0.802,0.0,0.309,0.0,0.248,0.335,0.643,0.0,0.461,0.564,0.298,0.509,0.429,0.0,0.0,1.121,0.515,0.219,1.388,2.753,4.124,3.163,1.977,0.856,0.17,0.0,0.238,0.0,0.118,0.988,0.0,0.297,0.0,0.563,0.649,0.0,0.0,0.43,0.007,0.777,0.0,0.92,2.094,2.339,2.763,2.618,1.923,1.264,0.0,0.041,0.196,0.83,0.967,0.07,0.0,0.193,0.209,0.663,0.0,0.0,0.124,811.9,morning
D0331,0.0,0.541,0.411,0.084,1.42,1.734,4.623,6.435,6.257,3.377,2.162,0.36,0.707,1.03,0.0,0.332,0.507,0.0,0.458,0.008,0.0,0.073,0.04,0.624,0.263,1.306,0.051,0.659,0.983,1.989,5.523,6.392,5.407,3.807,2.121,0.272,0.36,0.741,0.338,0.513,0.145,0.0,0.15,0.011,0.214,0.016,0.34,0.107,0.628,0.543,0.0,1.011,0.725,2.057,5.282,6.071,5.802,3.047,1.492,0.602,0.161,0.042,0.283,0.709,0.0,0.0,0.821,0.0,0.005,0.018,0.0,0.086,0.138,0.462,0.046,0.0,0.449,3.065,4.429,6.583,5.437,3.993,1.701,0.001,0.0,0.0,0.675,0.0,0.097,0.227,0.363,0.056,0.0,0.0,0.0,0.0,0.445,0.481,0.0,1.011,0.95,2.816,4.916,5.961,4.557,3.535,1.81,0.327,0.393,0.246,0.0,0.205,0.021,0.419,0.0,0.0,0.0,1.243,0.047,0.0,0.39,0.204,0.378,0.495,0.967,0.674,2.229,2.141,2.453,1.934,0.343,1.298,0.16,0.0,0.436,1.118,0.0,0.44,0.0,0.094,0.0,0.503,0.0,0.641,0.0,0.014,0.0,1.347,1.284,2.006,2.613,2.269,2.283,1.582,0.831,0.0,0.0,0.0,0.0,0.0,0.0,0.218,0.0,0.0,0.0,0.474,0.194,0.258,607.8,morning
D0332,3.155,2.142,1.782,1.401,1.208,0.105,0.0,0.486,0.428,0.271,0.0,0.0,0.569,0.669,0.104,1.036,0.375,1.096,0.0,0.0,0.701,2.751,3.673,3.344,3.601,2.3,1.83,1.0,0.099,0.942,0.222,0.766,0.27,0.116,0.0,0.108,0.925,0.0,0.565,0.126,0.533,1.246,0.0,0.583,1.906,2.701,3.039,3.447,3.693,2.354,1.685,1.365,0.371,0.827,0.0,0.299,0.153,1.457,0.094,0.458,0.0,0.0,0.407,0.151,0.162,1.199,0.255,0.0,0.896,2.658,3.106,3.693,2.272,2.516,2.668,1.451,0.8,0.158,0.656,0.0,0.051,0.46,0.579,0.403,0.482,0.379,0.163,0.909,1.141,2.547,0.0,0.456,1.047,3.072,3.395,3.235,3.906,3.279,2.022,1.275,1.042,1.025,0.733,0.0,0.307,0.403,0.494,0.576,0.391,0.317,0.766,0.297,0.79,3.346,1.098,0.765,1.856,4.654,3.523,4.594,3.973,3.369,1.996,1.243,0.442,0.483,0.323,0.214,0.404,0.029,0.0,0.0,0.0,0.03,0.578,0.247,0.345,1.312,1.297,0.734,0.967,2.897,4.249,3.768,3.344,2.609,1.91,1.229,0.61,0.211,0.0,1.13,0.411,0.547,0.0,0.158,0.819,0.0,0.635,0.181,0.482,2.152,0.154,0.0,0.54,2.976,3.652,3.503,744.2,night
D0333,0.753,0.766,0.0,1.195,3.488,5.573,7.275,5.348,2.31,1.447,0.742,0.0,0.0,0.0,0.893,0.238,0.0,0.0,0.6,0.094,0.0,0.108,0.72,1.258,0.26,0.561,0.58,1.672,3.134,6.522,6.542,4.848,2.614,1.538,0.197,0.999,0.57,0.666,0.09,0.0,0.293,0.0,0.491,0.691,0.0,0.589,0.393,0.781,1.026,0.693,0.6,2.116,3.571,5.752,6.474,5.386,3.413,0.775,0.0,0.0,0.742,0.458,0.942,0.045,0.0,0.979,0.0,0.582,0.0,0.36,0.205,0.0,1.137,0.0,0.204,1.279,2.569,5.724,6.454,5.789,3.102,0.669,0.217,1.286,0.0,0.649,0.0,0.0,0.034,0.94,0.0,0.574,0.827,0.03,0.727,0.657,0.0,0.0,0.524,1.543,3.206,5.832,6.063,4.665,2.814,1.28,1.076,0.505,0.588,0.109,0.112,0.0,0.347,0.33,0.308,0.173,0.245,1.01,0.388,0.527,0.34,0.075,0.523,0.717,1.035,2.381,3.934,2.929,1.198,0.861,0.328,0.927,0.069,0.226,0.0,0.065,0.0,0.242,0.577,0.887,0.342,0.0,0.0,0.0,0.0,0.023,0.0,0.361,1.328,2.497,1.956,1.983,1.493,1.126,0.171,1.115,0.428,0.139,0.671,0.0,0.0,0.529,0.35,0.581,0.571,1.016,0.0,0.0,689.5,morning
D0334,0.844,0.445,0.312,0.653,0.629,1.356,3.206,5.789,8.018,7.098,4.65,1.681,1.283,1.189,0.0,0.607,0.252,0.234,0.6,0.304,0.494,0.155,0.994,0.212,0.0,0.474,0.0,0.453,1.253,1.161,2.303,5.407,7.942,7.123,4.889,1.847,0.655,0.704,1.056,0.144,0.334,0.812,0.376,0.604,0.0,0.319,0.038,0.0,0.0,0.519,0.569,0.693,0.741,1.081,2.087,5.079,8.073,6.696,4.54,2.16,0.217,0.569,1.018,0.31,0.196,0.0,0.194,0.561,0.314,0.119,0.77,0.2,0.125,0.381,0.908,0.277,0.113,1.426,2.763,5.843,6.654,7.091,4.462,1.699,0.295,0.293,0.0,0.0,0.0,0.0,0.33,0.0,0.317,0.0,0.669,0.486,0.166,0.366,0.563,0.357,0.55,0.173,2.533,4.963,7.67,6.545,4.041,2.286,0.115,0.36,0.0,0.0,0.093,0.957,0.234,0.0,0.241,0.95,0.0,0.649,0.313,0.09,0.004,0.803,0.554,0.064,1.321,3.077,3.651,3.302,1.472,2.0,0.703,0.991,0.284,0.135,0.0,0.582,0.817,0.611,1.158,0.202,0.0,0.259,0.489,0.009,0.109,0.235,0.427,0.533,1.26,2.524,3.376,2.607,1.003,0.385,0.544,0.0,0.252,0.102,0.157,0.348,0.662,0.119,0.0,0.267,0.448,0.0,754.6,morning
D0335,2.193,1.691,1.015,0.427,0.0,0.881,0.281,0.0,0.39,0.356,0.469,0.177,0.0,0.0,0.0,0.0,0.331,0.0,0.78,0.791,1.478,1.441,2.294,2.633,2.673,1.868,1.14,0.0,0.426,0.982,0.504,0.645,0.0,0.176,0.461,0.407,0.563,0.0,0.0,0.0,0.328,0.144,1.664,0.172,2.099,1.484,2.608,3.122,2.919,1.41,0.453,0.941,0.896,0.429,0.208,0.0,0.486,0.472,0.34,0.0,0.0,0.171,0.682,0.623,0.038,0.0,2.656,1.043,2.868,1.296,1.978,2.842,2.56,1.503,2.015,0.0,0.054,0.0,0.263,0.72,0.582,0.266,0.0,0.639,0.0,0.029,0.175,0.0,0.0,0.631,2.128,0.462,1.404,1.683,1.905,2.704,2.932,1.198,1.057,0.945,0.344,0.0,0.548,0.0,0.351,0.003,0.441,0.143,0.464,0.858,0.558,0.551,0.513,0.0,1.878,0.713,2.982,1.838,2.999,2.638,3.818,2.385,0.872,1.306,0.0,0.299,0.316,0.073,0.202,0.285,0.0,0.379,0.258,1.131,0.924,0.0,0.198,0.0,1.91,1.005,2.918,1.733,3.066,2.331,2.277,2.41,1.726,1.184,0.0,0.0,0.014,0.237,0.0,0.0,0.647,0.572,0.0,0.55,0.655,0.0,0.524,0.226,1.037,0.989,3.033,0.93,2.523,2.767,552.6,intermittent
D0336,2.17,1.354,0.304,0.715,0.297,0.5,0.0,0.315,0.32,0.104,0.0,0.285,0.316,0.0,0.466,0.322,0.414,0.126,0.0,0.146,3.363,1.755,3.491,2.78,0.81,0.353,0.938,0.371,0.0,0.016,0.287,0.0,0.0,0.0,0.588,0.677,0.547,0.762,0.784,0.0,0.679,0.345,1.342,2.428,2.915,2.109,3.635,2.434,1.877,2.264,0.648,0.141,0.247,0.0,0.0,0.142,1.258,0.608,0.0,0.366,1.339,0.298,0.0,0.243,0.518,0.483,1.142,0.95,2.006,2.46,4.038,2.555,1.489,2.034,0.127,0.0,0.152,0.824,0.838,0.508,0.622,0.0,0.0,0.053,0.619,0.63,0.0,0.0,0.769,0.398,0.0,0.45,3.588,1.839,3.744,2.11,2.633,1.346,1.475,0.209,0.188,0.4,0.0,0.0,0.082,0.0,0.184,0.0,0.444,0.082,0.0,0.0,0.0,1.218,0.62,1.432,2.934,3.672,3.577,2.688,2.829,1.168,0.407,0.159,1.156,1.172,0.429,0.331,0.595,0.419,0.322,0.04,0.0,0.466,0.306,0.909,0.155,0.0,0.0,0.827,2.043,3.479,3.785,2.823,2.18,2.068,0.451,0.0,0.085,0.0,0.459,0.486,0.028,0.0,1.306,0.0,0.0,0.242,0.614,0.163,0.266,0.599,1.98,0.74,3.097,2.444,4.527,3.8,551.4,night
D0337,1.189,1.134,1.584,0.907,0.61,1.291,0.521,0.903,1.337,0.286,1.302,2.175,0.777,1.219,1.8,1.894,1.528,1.38,2.161,1.46,0.837,1.318,1.161,0.99,0.404,1.137,1.388,1.478,1.165,1.203,0.97,1.7,0.778,1.13,1.054,1.414,2.093,0.992,1.661,1.663,1.068,1.377,1.013,1.41,1.259,1.941,0.878,1.11,0.992,1.751,0.904,0.739,0.811,0.831,0.961,0.879,1.32,0.78,1.676,1.482,2.232,1.737,1.7,2.431,1.698,1.367,1.025,2.018,0.859,0.752,0.711,0.849,1.18,1.022,1.362,0.65,0.768,1.256,0.788,0.651,0.624,1.343,1.386,1.412,2.05,1.663,1.536,2.133,1.941,1.135,1.792,2.163,2.112,1.704,1.397,1.318,1.816,0.538,1.696,1.199,0.745,0.655,0.455,1.518,2.178,1.14,1.032,2.008,1.553,2.091,1.096,1.821,2.319,0.991,1.272,1.202,1.65,1.832,0.915,2.311,1.07,0.771,1.656,1.089,0.875,0.825,2.046,0.691,1.688,0.863,0.995,1.281,1.561,0.634,1.137,1.837,1.813,1.187,0.746,1.325,1.557,1.22,1.732,0.947,0.451,0.758,1.014,0.709,0.81,1.501,0.734,0.538,1.546,1.519,0.808,1.636,0.843,1.049,0.885,1.168,1.606,1.439,0.909,1.313,1.353,1.568,1.262,1.401,752.1,allday_low
D0338,3.35,2.582,1.161,1.3,0.234,0.265,0.0,0.0,0.0,0.237,0.197,0.997,0.646,0.0,0.793,0.733,1.368,0.836,1.1,0.795,2.369,4.497,4.168,6.247,3.913,3.502,1.424,0.821,0.39,0.0,0.821,0.906,0.262,0.0,0.221,0.098,0.316,0.186,0.0,0.837,0.775,1.253,0.597,0.823,2.329,3.622,4.478,5.705,3.88,2.609,2.121,1.151,0.0,0.612,0.717,0.445,0.0,0.0,0.309,1.177,0.088,0.603,0.041,1.097,1.108,0.0,0.188,0.606,2.724,3.687,4.307,6.725,4.359,3.313,1.741,0.944,0.842,0.0,0.421,0.176,0.423,0.252,0.256,0.477,0.096,1.229,0.0,0.993,0.403,0.286,0.72,0.64,2.183,3.912,5.18,6.0,6.439,4.158,2.04,0.0,0.0,0.346,0.0,0.321,0.507,0.274,0.284,1.287,0.435,0.344,0.0,0.407,0.725,1.29,0.949,1.913,3.06,5.229,5.322,7.079,5.443,3.881,2.367,0.784,0.021,0.933,0.0,1.19,0.061,0.683,0.709,0.0,0.635,0.505,0.712,0.975,1.639,0.114,0.666,0.962,3.126,5.377,6.3,7.86,5.001,3.607,1.762,1.63,0.877,0.409,0.884,0.137,0.421,0.77,0.0,1.367,0.102,0.163,0.376,0.702,1.741,1.106,0.587,1.27,2.43,4.115,4.992,6.835,925.5,night
D0339,0.0,3.97,0.772,0.911,0.156,0.404,0.945,5.23,0.382,0.533,0.254,0.0,0.35,0.811,0.0,0.0,0.46,0.0,3.305,0.0,0.0,5.194,0.256,1.119,0.525,5.214,0.0,0.358,0.0,0.07,0.84,4.066,0.089,0.185,0.259,0.26,0.795,0.0,0.102,0.239,0.0,0.0,4.402,0.0,1.443,5.509,0.274,0.454,0.547,4.842,0.243,1.439,0.0,0.026,0.233,4.664,1.106,0.2,0.461,0.374,0.163,0.759,0.393,0.645,0.069,0.0,4.19,0.335,0.704,6.055,0.279,1.039,0.511,5.846,0.283,0.576,0.611,0.014,0.069,5.703,0.141,0.367,1.079,0.04,0.0,0.0,0.597,0.0,0.351,0.0,5.749,0.083,0.0,7.405,0.819,0.517,1.134,4.756,0.12,0.058,0.534,0.0,0.515,4.445,0.551,0.734,0.0,0.049,0.75,0.841,0.0,0.384,0.509,0.211,5.707,0.0,0.028,5.661,0.325,0.094,0.621,5.913,0.154,0.342,0.0,0.709,0.561,6.098,0.0,0.948,0.0,0.586,0.315,0.553,0.156,0.291,0.568,0.253,5.865,0.365,1.241,6.069,0.837,0.457,0.359,3.28,0.73,0.0,0.874,0.0,0.874,3.353,0.0,0.167,0.0,0.104,0.969,0.0,0.289,0.927,0.318,0.717,3.898,0.66,0.18,4.545,1.024,0.061,690.7,intermittent
D0340,3.061,2.26,0.751,0.828,0.81,0.0,0.318,0.0,0.085,2.337,0.909,0.04,0.239,0.114,0.493,1.473,1.612,0.289,3.667,1.251,2.054,2.795,7.006,4.206,3.322,3.107,1.627,0.996,0.0,0.016,0.154,0.556,1.126,1.491,0.235,0.0,0.879,0.461,0.0,0.788,0.493,0.0,1.743,0.822,0.862,3.392,4.696,3.768,3.267,2.54,1.507,1.118,0.397,0.189,0.411,0.136,0.279,2.45,0.113,0.252,0.0,0.806,0.0,0.0,0.637,0.278,2.67,0.688,1.143,2.411,4.724,3.605,4.219,2.644,1.641,0.951,0.0,0.0,0.519,0.155,0.239,2.906,0.0,0.083,0.179,0.489,0.176,0.054,1.108,0.395,3.568,0.016,0.958,2.879,6.363,4.036,4.133,3.73,2.248,1.004,0.692,0.279,0.063,0.127,0.703,1.107,0.385,0.166,0.782,0.066,1.046,0.102,0.111,1.308,1.191,0.939,2.267,2.421,5.666,4.354,4.781,4.357,0.986,1.051,0.408,0.0,0.0,0.877,0.47,0.904,0.0,0.134,0.0,0.42,0.496,0.491,1.3,0.007,2.015,0.766,2.281,3.593,5.765,5.923,3.596,3.285,2.094,1.117,0.396,0.261,0.578,0.59,0.671,2.998,0.505,0.987,0.081,0.37,0.1,1.452,0.703,0.848,3.54,0.844,2.816,3.295,6.561,4.305,861.5,night
D0341,0.0,0.0,1.214,0.298,1.139,3.075,5.795,7.259,6.462,3.879,1.481,1.206,0.268,0.757,0.0,0.87,0.0,0.0,0.0,0.376,1.313,0.197,0.234,0.631,0.026,0.222,0.168,1.411,1.31,3.38,5.162,6.397,6.298,3.734,2.065,0.238,0.307,0.0,0.063,0.0,0.157,0.873,0.0,0.0,0.21,0.202,0.631,0.0,0.0,0.318,1.085,0.438,1.454,3.008,5.818,6.778,5.966,4.357,2.117,0.325,0.049,0.024,0.0,0.036,0.23,0.0,0.515,0.0,0.0,0.581,1.14,0.399,0.0,0.0,0.155,1.096,1.507,2.487,5.645,7.556,6.531,4.219,1.962,0.06,0.0,1.075,0.132,0.0,0.558,0.763,0.249,0.532,0.0,0.076,0.0,0.0,0.917,0.0,0.134,0.259,1.479,1.931,4.864,6.3,5.882,3.435,0.776,0.452,0.0,0.486,0.16,1.057,0.0,0.015,0.031,0.184,0.649,0.072,0.093,0.431,0.0,0.414,0.0,0.0,0.0,0.874,2.374,3.068,2.572,0.963,0.625,0.0,0.0,0.62,0.068,0.318,0.758,0.088,0.546,0.288,0.0,0.049,0.0,0.389,0.548,0.0,0.0,0.034,0.128,1.097,2.341,3.328,2.157,1.184,0.793,0.216,0.0,0.0,0.0,0.448,0.597,0.0,0.0,0.485,0.0,0.257,0.01,0.11,672.0,morning
D0342,6.215,5.333,4.009,2.881,1.472,1.023,0.941,0.0,0.111,0.0,0.459,0.78,0.0,0.0,0.0,0.0,0.323,1.038,0.0,1.55,1.105,2.009,3.523,4.162,5.465,4.946,4.327,2.02,1.144,0.321,1.023,0.037,0.0,0.509,0.264,0.923,0.43,0.415,0.687,0.499,0.65,0.618,0.186,0.0,0.783,0.848,2.865,4.616,6.311,5.335,4.824,2.639,0.507,1.137,0.851,0.0,0.623,0.943,0.0,0.0,0.721,0.214,0.962,0.723,0.674,0.833,0.0,0.334,1.746,1.601,3.696,4.713,5.711,5.269,4.518,3.158,1.539,0.779,0.0,0.339,0.403,0.0,0.514,0.009,0.143,0.667,1.039,1.0,0.257,0.575,0.649,0.787,0.981,2.444,3.111,4.56,7.5,6.786,6.041,2.914,2.073,1.029,0.0,0.688,0.108,1.479,0.042,0.0,0.0,0.053,0.724,0.0,0.631,0.523,0.011,0.566,0.703,2.648,3.288,6.481,7.338,7.282,5.615,3.325,2.608,0.665,0.0,1.419,0.587,0.486,1.426,0.0,0.381,0.0,0.37,0.0,0.462,0.439,0.461,0.0,1.528,2.264,5.477,6.214,6.101,6.1,3.952,3.272,0.983,0.342,0.828,0.491,0.465,0.0,0.812,0.0,0.0,0.541,0.278,0.267,0.677,0.239,0.0,0.415,1.138,2.076,3.521,6.462,1029.6,night
D0343,2.811,1.583,1.175,0.0,0.0,0.471,1.014,0.459,0.256,0.925,0.151,0.0,0.252,0.416,0.0,0.309,0.0,0.164,0.36,2.428,2.093,2.238,3.24,3.586,3.101,1.65,2.051,0.174,0.006,0.282,0.632,0.546,0.0,0.0,0.601,0.0,0.198,0.418,0.474,0.645,0.839,0.591,0.0,3.144,3.876,2.404,3.434,3.066,2.383,1.251,1.844,0.039,0.325,0.107,0.0,0.649,0.474,0.359,0.0,0.503,0.132,0.466,0.896,0.0,0.711,1.367,1.205,2.815,3.548,1.811,2.955,2.885,2.352,2.154,0.878,0.0,0.529,0.256,0.565,0.066,0.0,0.0,0.0,0.0,0.0,0.577,0.0,0.649,0.0,0.131,0.425,1.847,2.853,2.253,2.921,2.034,3.294,2.926,0.961,0.944,0.042,0.78,0.551,0.149,0.119,0.604,0.332,0.0,0.0,0.579,0.0,0.332,0.592,0.0,0.09,4.433,4.167,3.256,4.761,3.876,2.846,2.214,1.134,0.69,0.739,0.711,0.0,0.849,0.436,0.055,0.643,0.0,0.0,0.789,0.343,1.021,0.018,0.511,0.73,3.322,4.132,3.112,3.785,3.044,3.101,0.746,0.478,0.249,0.77,0.197,1.125,0.0,0.0,0.0,0.0,0.0,0.937,0.748,0.385,0.139,0.633,0.906,0.188,2.855,3.478,1.657,3.709,3.019,651.1,night
D0344,6.488,7.56,5.612,3.002,1.48,1.073,0.169,0.645,0.106,0.0,0.872,0.568,0.0,0.729,0.49,0.241,0.26,1.045,0.614,1.217,1.2,2.045,3.294,5.807,7.734,7.344,6.684,4.171,1.452,0.792,0.904,0.0,0.389,0.016,0.454,0.019,0.909,0.206,0.734,0.0,0.299,0.0,1.007,0.244,0.947,2.098,3.299,5.196,7.358,6.438,6.417,3.651,1.327,0.891,0.861,0.105,0.0,0.381,0.778,0.54,0.617,0.866,1.148,0.0,0.0,0.517,0.595,0.0,0.634,2.714,3.476,5.831,8.484,7.756,6.49,4.176,1.95,0.89,1.166,0.495,0.012,0.947,0.0,1.17,0.376,0.463,0.497,1.058,0.539,0.456,0.068,0.304,1.33,2.147,4.596,5.688,8.776,9.472,7.389,4.205,2.31,1.608,0.174,0.092,0.237,0.239,0.913,0.306,1.29,0.087,0.72,0.538,0.559,0.0,0.107,0.682,0.374,1.163,4.089,7.481,9.914,9.192,7.66,5.141,3.251,1.926,1.211,0.387,0.567,0.614,0.483,0.0,1.229,0.775,0.972,0.878,0.386,0.0,0.965,1.099,1.445,3.555,4.592,7.507,8.176,7.895,6.353,4.59,1.921,0.862,0.927,0.0,0.454,0.424,0.766,0.845,0.412,0.445,0.468,0.345,1.066,0.716,1.092,0.264,1.659,2.209,4.347,5.514,1287.5,night
D0345,0.897,0.0,1.094,0.582,1.23,2.625,5.24,8.363,9.906,7.038,4.033,2.294,0.147,0.355,0.928,0.029,0.0,0.0,0.185,1.155,0.054,0.267,0.421,0.895,0.782,0.329,0.679,0.975,0.201,2.211,4.744,8.218,9.881,6.872,5.059,1.959,0.433,0.385,0.0,0.0,0.223,0.986,0.0,0.952,0.313,0.504,0.43,0.745,0.891,0.301,0.639,1.083,1.308,2.195,5.197,8.101,10.0,7.55,3.388,1.285,0.627,1.049,0.316,0.669,0.075,0.687,0.982,0.752,0.0,0.328,0.0,0.699,0.428,1.168,0.26,0.531,0.886,2.704,4.848,8.095,9.335,7.675,4.487,1.621,0.962,0.673,0.376,0.361,0.74,1.259,0.841,0.938,1.314,0.083,0.712,1.052,0.8,0.108,0.03,1.208,1.082,2.399,5.029,8.798,9.547,6.958,4.229,1.66,1.054,1.033,0.938,0.0,0.608,1.042,0.053,1.272,0.656,0.808,0.808,0.0,0.627,0.401,0.0,0.955,0.0,0.796,3.032,4.3,4.073,3.015,1.736,0.925,0.159,0.206,0.268,0.079,0.031,0.0,0.224,0.215,0.0,0.363,0.766,0.264,0.409,0.66,0.205,0.658,0.0,0.69,1.675,4.109,4.176,2.477,1.225,0.104,0.482,0.321,0.027,0.0,0.201,1.374,0.042,0.729,0.08,0.651,0.486,0.199,1029.6,morning
D0346,1.679,2.032,2.446,1.106,1.191,2.436,1.605,2.469,1.675,1.841,2.593,2.523,1.737,2.551,1.994,2.478,2.275,2.116,1.848,1.3,1.694,2.222,2.055,1.425,2.259,1.899,1.994,1.27,2.579,2.023,2.549,1.634,1.164,1.637,2.604,1.695,2.929,1.967,2.48,2.399,2.119,2.067,1.693,2.944,2.221,1.188,1.249,2.049,1.766,0.925,2.864,0.487,1.562,1.817,1.552,2.302,2.218,2.125,2.103,2.444,2.162,1.612,2.739,3.079,2.295,2.25,2.119,1.468,1.743,2.277,1.973,2.582,2.108,1.56,2.027,1.655,1.032,2.282,2.09,3.245,1.749,2.395,1.805,1.816,3.309,1.367,2.29,3.077,1.563,1.974,2.544,1.52,2.135,1.562,2.46,2.395,1.554,0.449,1.953,2.202,2.006,1.987,1.977,1.764,1.642,2.076,2.024,2.504,1.864,2.088,2.329,1.936,1.614,2.475,1.53,2.127,2.209,2.54,2.878,2.383,1.263,1.421,1.672,1.527,1.649,2.176,1.717,2.124,1.265,2.057,1.153,2.47,1.931,1.425,1.931,2.259,1.456,1.569,1.726,2.213,0.865,1.915,1.54,2.093,1.756,2.161,1.716,1.005,1.769,1.832,1.34,1.462,0.684,2.163,1.834,1.7,1.552,1.812,2.243,2.116,1.852,1.402,1.737,1.448,1.657,1.972,1.395,2.345,1121.2,allday_low
D0347,5.686,2.352,0.663,0.703,0.355,0.0,0.496,0.586,0.368,0.211,0.165,0.051,0.0,0.999,1.429,0.0,0.096,0.0,1.247,1.217,3.37,4.832,5.567,6.03,3.973,2.542,0.784,0.0,0.905,0.074,0.855,0.173,0.282,0.424,0.088,0.0,0.0,0.0,0.317,0.84,0.04,0.44,0.953,1.316,3.23,5.135,5.813,5.396,3.752,2.487,0.993,0.42,0.373,0.258,0.799,0.067,0.506,0.122,0.0,0.604,0.52,0.061,0.0,0.842,0.717,1.004,1.39,1.68,2.869,3.833,5.697,5.216,4.008,2.071,0.942,0.116,0.899,0.873,0.019,0.901,0.396,1.01,0.618,0.634,0.46,0.025,0.0,0.448,0.344,1.682,1.229,1.386,3.188,4.732,5.932,5.129,5.686,3.069,1.996,0.603,0.368,0.716,0.0,0.868,1.084,1.076,0.108,0.559,0.222,0.0,0.464,0.0,0.738,0.988,1.662,2.369,3.719,5.843,7.257,7.582,6.17,3.35,2.218,0.68,0.767,0.312,0.556,0.072,0.0,0.0,0.704,0.0,0.288,0.842,0.947,0.009,0.0,0.285,1.218,2.533,3.544,5.391,7.106,6.991,5.529,2.873,1.772,1.255,0.273,0.436,0.485,0.641,0.31,0.838,0.864,0.24,0.709,0.543,1.567,0.778,0.581,0.283,0.474,2.097,2.627,5.886,5.336,5.557,989.6,night
D0348,0.0,0.713,0.0,0.981,0.0,0.296,0.467,0.093,0.322,4.281,1.031,4.81,0.129,0.291,0.691,0.357,0.264,0.0,0.701,0.339,0.0,0.328,0.807,0.503,1.071,0.579,0.0,0.753,0.0,0.794,0.584,0.942,0.385,4.758,0.743,4.427,0.204,0.082,0.0,0.0,0.257,0.509,0.855,0.057,0.02,0.0,0.845,0.0,0.363,0.278,0.592,0.0,0.405,0.879,0.251,0.0,0.0,3.266,0.0,2.667,1.284,0.562,0.662,0.885,0.0,0.837,0.898,0.0,0.485,0.582,0.0,0.558,0.0,1.296,0.203,0.385,0.0,0.308,0.679,0.0,0.0,1.409,0.0,1.264,0.593,0.0,0.0,0.0,0.152,0.391,0.0,0.0,0.373,0.537,0.689,0.346,0.0,0.0,0.729,0.962,0.125,0.086,0.0,0.804,0.0,4.436,0.128,3.415,0.0,0.043,0.108,0.021,0.167,0.788,0.443,0.253,0.679,0.0,0.486,0.477,0.827,0.0,0.0,0.0,0.367,0.253,0.407,0.0,0.814,2.985,0.401,3.246,0.0,0.385,0.186,0.18,0.374,0.106,0.0,0.07,0.883,0.0,0.194,0.527,1.089,0.021,0.0,0.438,0.0,0.268,0.408,0.0,0.013,2.399,0.627,2.189,0.211,0.0,0.189,0.0,0.171,0.774,0.0,0.664,0.223,0.123,0.0,0.261,400.4,intermittent
D0349,0.95,1.156,1.417,1.212,0.293,1.335,1.016,1.535,0.864,0.551,1.091,1.564,1.554,1.415,1.141,1.348,2.049,2.491,1.485,1.702,0.859,1.746,0.936,0.487,1.548,1.049,1.621,1.381,0.447,1.141,0.69,1.706,1.225,0.944,0.38,1.867,1.228,1.29,1.634,1.009,0.699,1.429,0.875,1.206,0.797,0.525,0.355,1.103,1.523,1.449,1.005,1.65,0.788,1.426,0.872,0.81,1.551,1.435,1.577,0.673,1.845,1.712,1.235,1.67,1.875,1.011,0.966,1.11,0.187,1.285,1.503,1.314,1.245,1.469,0.949,0.301,1.088,1.643,1.256,0.969,1.54,1.414,1.197,1.396,1.239,1.684,1.011,1.556,1.773,1.45,1.406,1.272,1.427,0.975,1.035,0.652,0.908,0.107,1.007,1.286,0.999,1.472,1.694,1.13,0.738,1.731,1.694,1.545,1.146,1.578,1.276,1.077,1.544,0.905,1.634,1.367,1.137,1.118,0.61,0.602,1.706,0.84,0.254,1.321,0.466,1.211,1.647,0.925,1.589,1.446,1.872,1.47,1.006,0.329,0.918,1.041,1.69,1.755,0.671,1.667,0.72,0.648,0.361,1.104,0.663,1.499,0.486,1.237,0.381,1.416,1.037,1.155,0.907,0.929,1.388,2.022,0.771,1.113,0.999,0.586,0.558,0.879,0.986,1.754,1.513,0.654,1.332,0.592,685.4,allday_low
D0350,0.0,0.596,0.669,0.332,0.198,0.344,0.0,0.0,0.007,0.15,0.0,0.0,0.0,0.35,0.0,0.606,0.302,0.555,2.699,0.994,1.155,0.169,3.673,3.502,0.612,0.516,0.0,0.0,0.336,0.507,0.226,0.0,0.41,0.98,0.0,0.582,0.984,0.584,0.123,0.563,0.12,0.403,3.306,0.209,0.0,0.0,4.418,3.419,0.0,1.772,0.0,0.069,0.009,0.197,0.0,0.86,0.1,0.0,0.0,0.683,0.0,0.359,0.0,0.232,0.178,0.604,4.911,0.0,1.271,0.385,5.036,5.564,0.365,0.407,0.353,0.3,0.602,0.517,0.525,0.0,0.0,0.0,0.078,0.0,0.0,0.297,0.0,0.0,0.0,0.0,4.703,0.594,0.385,0.0,6.095,5.369,0.227,0.25,0.0,0.449,0.0,0.799,0.28,0.359,0.433,0.0,0.768,0.0,0.0,0.263,0.0,0.0,0.313,0.526,5.113,0.0,0.044,0.0,5.749,5.533,0.0,0.0,0.0,0.657,0.492,0.0,0.463,0.189,0.0,0.0,0.103,0.504,0.438,0.0,0.377,0.097,0.0,0.603,3.91,0.4,0.0,0.0,4.702,4.22,0.061,0.0,0.25,0.0,0.326,0.0,0.067,0.87,0.326,0.005,0.547,0.0,0.0,0.0,0.656,0.63,0.0,0.033,3.565,1.254,0.054,0.783,3.92,4.204,496.7,intermittent
D0351,6.078,5.358,3.743,2.257,0.657,0.246,0.012,0.425,0.77,0.095,0.267,0.64,0.204,0.263,0.85,0.36,0.029,0.416,0.653,1.868,2.132,4.185,3.949,6.377,6.619,4.837,2.971,2.044,0.72,0.0,0.0,0.0,0.455,0.651,0.0,0.567,0.563,0.505,0.655,0.447,0.953,0.653,0.0,1.569,1.016,2.741,5.577,5.972,5.55,4.975,3.383,1.803,0.638,0.0,0.0,0.005,0.933,0.0,0.419,0.978,0.642,0.989,0.085,0.632,0.871,0.796,0.858,0.203,1.748,2.968,4.361,5.479,6.452,4.647,3.129,2.232,1.383,0.747,0.199,0.0,0.019,0.947,0.456,0.323,0.442,0.676,0.0,0.15,0.663,0.501,0.981,1.121,1.181,1.399,4.767,5.6,7.793,6.879,3.559,2.479,1.498,0.797,0.638,0.0,0.477,0.442,0.918,0.878,0.216,0.0,0.0,1.081,0.416,0.0,0.0,1.051,1.905,4.257,5.623,7.523,7.875,6.8,4.989,2.708,2.042,0.913,0.0,0.103,0.836,0.357,0.466,0.101,1.115,1.154,0.362,0.367,1.045,0.967,0.0,1.294,2.154,3.749,5.51,7.283,5.184,5.064,2.611,1.659,1.143,0.032,1.026,1.275,0.495,0.662,0.0,0.47,0.0,0.0,0.0,0.319,0.374,0.381,0.0,0.871,1.296,3.112,4.815,5.579,1011.0,night
D0352,4.81,4.256,3.601,1.952,0.307,0.705,0.915,0.405,0.0,0.681,0.383,0.187,0.701,0.298,0.336,0.687,0.076,0.0,0.51,1.247,0.016,2.352,3.44,4.472,4.863,4.864,3.379,1.274,1.02,1.101,0.658,0.0,0.591,0.0,0.397,0.0,0.48,0.0,0.0,0.441,0.353,0.682,0.125,0.0,1.343,2.674,3.164,4.931,5.013,5.327,2.837,1.72,0.0,1.191,0.104,0.892,0.0,0.264,0.0,0.0,0.167,0.237,0.135,0.0,0.429,0.0,0.212,0.0,1.444,2.577,3.691,4.498,5.106,4.591,3.22,2.055,1.111,0.0,0.661,0.499,0.0,0.0,0.344,0.397,0.0,0.342,0.399,0.702,0.268,0.0,0.497,0.0,0.715,1.527,3.837,4.486,7.035,5.175,3.021,2.068,0.53,1.21,0.134,0.913,0.246,0.543,0.144,1.452,0.0,0.0,0.5,0.0,0.477,0.368,0.227,0.516,1.512,2.422,4.307,5.798,7.604,6.533,3.435,2.322,0.81,0.084,0.0,0.264,0.289,1.009,0.87,0.62,0.731,0.782,0.618,1.022,0.0,0.197,0.202,0.481,1.317,3.431,4.968,6.834,5.691,4.898,3.675,2.129,1.175,1.58,0.646,0.0,0.017,0.712,0.676,0.773,0.567,0.0,1.024,0.937,0.161,0.512,0.488,0.44,0.633,2.506,3.133,4.968,914.2,night
D0353,1.622,1.8,0.75,1.494,0.0,2.212,0.0,1.407,0.185,0.0,0.147,0.0,0.0,0.099,0.748,0.523,0.0,0.125,0.0,0.0,1.507,0.508,0.342,1.08,1.095,2.137,1.923,1.914,1.368,1.221,0.0,1.649,0.0,0.299,0.037,0.605,0.618,0.055,0.0,0.647,0.0,0.183,0.134,0.38,1.417,0.0,0.734,1.474,1.503,1.728,1.105,1.448,1.022,1.747,0.0,1.696,0.275,0.178,0.0,0.31,0.269,0.385,0.135,0.774,0.195,0.824,0.299,0.0,2.264,0.224,0.469,1.573,1.095,1.108,1.644,1.433,1.204,2.751,0.0,2.154,0.0,0.0,0.144,0.45,0.657,0.443,0.0,0.707,0.125,0.248,0.0,0.125,2.751,0.0,1.006,1.255,2.34,1.955,2.403,0.84,1.204,3.075,0.0,3.13,0.949,0.0,0.894,0.0,0.181,0.0,0.66,0.0,0.0,0.361,0.712,0.079,3.049,1.28,0.419,0.962,2.547,2.462,2.808,1.021,0.188,1.938,0.669,2.956,0.731,0.494,0.807,0.0,0.0,0.0,0.0,0.0,0.0,0.0,0.52,0.395,3.428,0.0,1.042,2.048,1.52,1.801,2.462,1.211,1.506,2.568,1.055,3.725,0.0,0.099,0.0,0.015,0.0,0.0,0.0,0.703,0.0,0.855,0.651,0.846,3.738,1.192,0.117,1.863,597.5,intermittent
D0354,0.0,0.33,0.409,0.0,1.384,3.233,4.852,6.915,7.014,3.868,2.331,0.916,1.444,0.252,0.058,0.409,0.35,1.032,1.008,0.0,0.211,0.0,0.0,0.0,1.058,0.0,0.125,1.727,0.82,2.651,5.369,7.258,6.354,4.792,2.069,0.838,0.09,0.251,0.737,0.738,0.104,0.0,0.693,0.433,0.692,0.0,0.288,0.693,0.0,1.15,1.059,0.388,1.02,2.878,5.325,7.653,6.236,3.894,2.119,1.01,0.377,0.713,0.914,0.634,0.465,0.2,0.331,0.0,0.0,0.864,1.087,0.0,0.544,0.0,1.067,0.473,2.242,2.447,5.019,7.286,7.039,4.651,2.435,0.686,0.837,1.311,0.659,0.0,0.49,0.0,0.614,0.0,0.621,0.279,0.75,0.319,0.919,0.543,0.805,0.283,0.857,1.97,4.474,6.794,6.33,4.253,1.587,0.825,0.979,0.49,0.302,0.411,0.842,0.361,0.049,0.053,0.038,0.027,0.638,1.048,0.0,0.0,0.0,0.993,0.934,0.924,2.425,3.829,2.956,2.317,0.828,0.221,0.0,0.0,0.0,0.368,0.246,0.223,0.563,0.0,0.112,0.0,0.0,0.003,0.129,0.346,0.326,0.0,0.355,1.74,2.826,2.704,2.695,1.311,1.261,1.357,0.0,0.653,0.451,0.044,0.0,1.234,0.464,0.55,0.024,0.146,0.0,0.461,768.5,morning
D0355,2.612,1.369,1.651,0.965,1.442,0.943,1.77,1.244,2.072,0.97,1.554,2.426,2.633,1.976,1.809,2.025,2.866,1.776,1.84,1.302,1.407,1.852,2.004,1.696,1.901,1.052,0.99,1.86,1.313,1.031,1.694,1.692,1.627,2.49,2.682,2.328,2.136,2.594,2.054,1.886,1.68,1.544,2.256,1.1,1.445,1.494,0.969,1.384,1.569,1.965,1.257,1.548,0.855,1.013,0.746,2.094,1.565,1.875,2.074,2.26,2.845,1.954,1.663,2.287,3.006,1.654,1.481,0.626,0.782,2.292,1.524,1.048,1.528,2.673,1.487,2.364,1.105,2.217,1.35,1.307,1.29,1.63,2.278,1.68,2.424,1.65,1.946,1.734,2.758,2.129,1.967,1.65,1.45,1.201,2.197,0.833,1.364,1.9,0.731,1.583,1.135,1.572,1.526,0.639,1.999,1.331,1.592,1.919,2.112,2.174,2.339,0.862,2.16,1.901,1.59,1.894,2.127,1.259,2.233,2.076,1.541,0.802,2.306,1.48,1.441,1.455,1.691,1.905,1.53,1.039,2.121,1.34,1.296,1.747,1.58,1.947,2.005,1.495,1.709,1.38,1.886,1.709,1.765,1.276,1.49,1.582,1.674,1.65,1.319,0.887,1.668,1.692,1.046,1.979,1.725,1.649,1.845,2.195,2.486,1.751,1.645,1.98,1.052,1.986,0.932,0.87,2.141,0.467,1027.6,allday_low
D0356,0.588,0.0,0.096,0.493,0.584,1.108,2.447,4.816,6.645,7.604,4.805,2.525,1.704,0.0,0.284,0.709,0.603,0.453,0.011,0.906,0.0,0.627,0.385,0.0,0.141,1.131,0.0,0.0,0.148,1.094,2.94,4.818,6.462,7.489,5.701,2.833,1.3,0.0,0.0,0.258,0.826,0.0,0.408,0.39,0.0,0.0,0.304,0.151,0.685,0.126,0.716,0.169,0.446,1.268,2.251,4.614,7.163,7.848,5.465,1.724,0.753,0.16,0.603,0.0,0.442,0.602,0.602,0.278,0.0,0.2,0.979,0.048,1.297,0.681,0.253,0.434,0.604,0.649,2.113,5.704,7.866,7.276,4.966,1.972,2.048,0.942,0.901,0.074,0.042,0.0,0.0,0.0,0.459,0.427,0.038,0.61,0.0,0.645,0.641,0.684,0.447,0.496,1.648,3.59,7.175,6.315,4.99,2.652,0.543,0.402,0.467,0.179,0.507,0.1,0.175,0.0,0.239,0.303,0.0,0.493,0.0,0.629,0.0,0.618,0.475,0.864,0.528,2.071,3.37,3.543,2.77,1.503,0.699,0.438,0.461,0.152,0.658,0.107,0.0,0.702,0.353,0.075,0.193,0.82,0.171,0.81,0.339,0.0,0.0,0.405,1.511,1.667,3.043,3.669,1.329,1.254,0.68,0.353,0.0,0.0,0.0,0.0,0.506,0.0,0.495,0.47,0.0,0.202,725.6,morning
D0357,1.069,0.384,0.451,2.285,1.451,1.085,1.694,1.987,1.94,1.385,1.398,1.977,1.569,2.251,1.774,2.068,2.142,1.034,1.614,1.989,1.033,1.078,1.803,1.899,0.0,1.681,0.074,1.113,0.547,0.965,1.309,1.563,2.039,0.867,2.069,1.494,1.559,2.476,2.103,0.954,1.639,1.282,1.353,1.413,1.604,0.76,1.162,1.033,1.344,1.117,1.542,1.258,1.442,1.316,0.745,1.156,1.095,1.814,1.932,1.582,1.74,1.0,1.548,0.585,2.039,2.622,1.309,1.575,1.583,0.813,1.203,1.421,1.247,1.168,0.987,0.774,1.475,2.003,0.36,0.355,0.849,1.274,1.431,1.676,1.707,1.649,2.296,1.295,2.083,2.512,0.887,0.595,1.479,1.615,1.279,0.254,0.412,0.913,1.307,0.982,1.267,1.294,1.681,0.802,1.435,2.12,1.193,1.336,1.713,1.235,1.2,1.555,1.565,1.957,1.145,1.486,1.951,1.853,1.213,1.296,0.647,1.157,1.697,1.612,1.044,1.246,0.805,0.774,1.092,1.447,1.719,1.421,1.705,0.392,1.628,1.261,0.944,1.661,2.045,1.319,1.652,1.004,2.06,0.381,1.008,1.365,0.994,1.647,0.121,1.04,1.024,1.142,0.544,1.194,1.242,1.566,2.001,1.59,1.739,2.106,2.042,0.384,1.753,1.681,1.138,0.986,0.628,0.216,817.3,allday_low
D0358,1.542,1.656,0.368,1.307,1.113,1.454,1.391,1.711,0.718,2.092,1.336,1.576,0.896,1.675,1.725,1.686,1.357,1.087,1.86,0.719,1.792,2.127,2.304,0.772,1.488,0.942,1.727,1.372,1.091,0.85,1.141,1.061,1.419,1.513,1.322,1.346,1.97,2.037,1.368,1.697,1.299,2.81,1.148,1.615,1.631,1.065,0.92,1.134,0.833,1.28,0.793,1.261,0.294,0.896,1.118,1.815,0.599,1.958,1.869,0.833,1.93,1.303,1.991,2.006,2.045,1.379,1.879,2.194,1.299,1.29,1.627,0.0,0.781,1.648,1.245,1.098,0.799,1.271,1.068,0.578,2.016,1.188,1.449,0.834,1.447,2.175,2.153,1.733,1.407,1.648,1.799,0.827,1.543,1.709,1.28,1.251,0.896,1.329,1.899,1.828,0.963,1.091,1.921,1.632,1.689,0.687,1.983,1.51,1.793,1.404,2.476,1.283,2.567,1.649,1.496,1.104,1.195,1.273,1.368,1.502,1.006,1.318,1.59,1.552,1.382,1.359,0.699,1.322,0.799,1.809,1.544,1.981,2.048,1.748,1.256,0.541,1.764,1.397,1.775,1.665,1.556,1.339,0.43,1.702,0.535,0.784,0.909,1.084,0.957,0.883,1.537,0.629,1.101,0.407,0.951,0.769,1.85,1.634,1.196,0.11,0.833,0.978,1.252,1.692,0.64,0.62,0.422,1.135,728.4,allday_low
D0359,1.011,0.384,0.396,2.239,2.847,5.587,7.492,7.757,4.736,2.302,0.961,0.211,0.189,0.0,0.144,0.449,0.234,0.686,0.44,0.407,0.0,0.0,0.0,0.812,0.0,0.441,0.623,0.951,3.066,5.897,7.213,6.726,4.433,2.017,0.174,0.418,0.353,0.735,0.275,0.103,0.63,0.786,0.0,0.048,0.0,0.0,0.951,0.0,0.495,0.499,0.234,1.014,3.667,6.204,8.699,5.891,4.693,0.95,0.754,0.274,0.0,0.007,0.144,0.475,0.0,0.0,0.512,0.601,1.461,0.353,0.562,0.177,0.912,0.0,0.463,1.328,3.257,6.196,7.597,7.438,3.812,2.132,0.0,0.269,1.415,0.398,0.062,0.509,0.256,0.0,0.0,0.271,0.189,0.163,0.657,0.904,0.599,0.151,0.535,1.661,3.293,5.758,7.098,7.194,4.874,2.33,2.098,0.732,0.834,0.595,0.248,0.0,0.0,0.0,0.0,0.177,0.307,0.842,0.0,0.707,0.267,0.329,0.199,1.508,1.033,2.368,3.533,3.365,2.123,0.906,0.603,0.458,0.133,0.972,0.344,0.021,0.704,0.0,0.0,0.053,0.0,0.506,0.491,0.879,0.0,0.398,0.791,0.577,1.676,2.283,3.685,2.49,1.099,0.655,0.286,0.363,0.337,0.0,0.0,0.861,0.067,0.0,0.272,0.0,0.0,0.485,0.0,0.0,787.9,morning
D0360,0.437,1.621,0.0,1.036,0.0,0.0,0.052,0.0,0.0,0.178,0.0,0.456,0.555,0.0,0.33,1.267,0.0,2.027,0.515,0.274,0.0,1.539,0.346,0.0,0.0,3.825,0.427,0.0,0.278,0.0,0.291,0.0,0.309,0.566,0.094,0.42,0.28,0.0,0.0,3.786,0.103,4.134,0.0,0.0,0.922,4.364,0.0,0.0,0.817,2.559,0.625,0.449,0.005,0.789,0.0,0.541,0.05,0.0,1.082,0.0,0.0,0.529,0.721,3.002,0.811,4.08,0.123,0.087,0.155,2.574,0.346,0.254,0.015,4.497,0.088,0.147,0.368,0.078,0.0,0.522,0.0,0.653,0.025,0.574,0.827,0.153,0.573,4.792,0.262,5.395,0.054,0.919,0.218,3.777,0.0,0.579,0.0,4.382,0.75,0.0,0.511,0.0,0.0,0.0,0.0,0.489,0.277,0.353,0.164,0.0,0.0,4.112,0.006,4.732,0.0,0.184,0.302,3.824,0.599,0.301,0.171,1.844,0.051,1.156,0.0,0.0,0.0,0.0,0.0,0.0,0.283,0.467,0.297,0.0,0.0,1.386,0.0,2.152,0.0,0.256,0.0,2.817,1.176,0.09,0.0,4.447,0.066,0.494,0.0,0.0,0.304,0.0,0.0,0.0,0.004,0.275,0.0,0.193,0.495,5.001,1.134,5.259,0.144,0.759,0.21,5.048,0.553,0.25,462.8,intermittent
D0361,0.535,0.0,0.074,3.822,0.346,0.536,0.01,0.164,0.6,0.813,0.0,3.498,0.0,0.257,0.291,0.0,0.084,0.0,0.49,0.039,0.145,0.0,0.491,0.247,0.0,0.101,0.0,2.878,0.458,0.238,0.347,0.627,0.0,0.0,0.0,2.199,0.0,0.445,0.359,0.827,0.0,0.33,0.484,1.182,0.347,0.13,0.208,0.361,0.773,0.0,0.0,4.302,0.0,0.541,0.343,0.3,0.0,1.375,0.235,2.346,0.0,0.0,0.472,0.0,0.035,0.0,0.397,0.331,0.494,0.511,0.0,0.0,0.114,0.414,0.229,3.754,0.207,0.0,0.191,0.615,0.0,0.859,0.0,4.233,0.559,0.045,0.385,0.0,0.0,0.693,0.0,0.991,0.578,0.0,0.446,0.418,0.942,0.0,0.063,4.004,0.175,0.0,0.624,0.886,0.236,0.0,0.116,2.731,0.051,0.251,0.462,0.8,0.449,0.0,0.474,0.039,0.089,0.161,0.228,0.623,0.369,0.0,0.0,2.851,0.388,0.713,0.101,0.272,0.361,0.0,0.0,2.446,0.312,0.752,0.975,0.011,0.0,0.0,0.379,0.0,0.0,0.285,0.0,0.125,0.08,0.0,0.0,4.454,0.093,0.326,0.147,0.139,0.247,0.086,0.021,2.958,1.29,0.626,0.844,0.744,0.047,0.091,0.174,0.009,0.568,0.0,0.0,0.0,297.7,intermittent
D0362,1.24,0.653,1.493,0.684,0.675,0.947,1.219,1.721,1.361,0.738,1.745,1.796,1.372,1.742,2.321,1.276,2.066,2.155,1.605,0.907,1.983,1.746,1.528,1.213,1.724,0.795,1.545,1.033,0.448,0.785,1.463,1.434,1.594,1.295,1.621,1.867,2.695,1.488,2.137,1.956,1.689,1.0,2.151,1.572,1.129,0.936,1.398,0.815,0.947,0.911,1.18,1.448,1.06,1.141,1.329,0.997,1.131,1.25,1.655,2.309,1.073,1.772,1.572,1.588,1.414,2.099,0.434,0.949,1.885,1.858,2.073,1.375,1.42,0.339,1.161,1.429,0.983,1.195,1.835,1.989,1.508,1.438,1.854,1.419,2.103,1.429,2.013,1.656,1.355,1.747,1.349,1.908,0.947,1.435,0.951,1.777,1.524,1.157,1.153,1.935,1.544,0.897,1.701,1.081,1.464,0.516,1.893,1.284,1.54,1.038,1.757,1.696,1.06,1.6,1.406,2.011,1.076,1.55,0.619,1.273,1.243,1.243,0.99,1.839,0.92,1.33,1.011,0.823,0.721,0.903,1.645,2.024,1.741,1.347,1.225,1.572,1.002,1.825,1.539,0.879,1.927,0.658,1.176,1.488,1.413,0.778,0.858,0.63,1.181,1.482,0.293,1.451,1.034,1.273,0.894,1.148,2.367,1.346,1.503,1.087,2.632,1.637,1.364,1.729,1.415,1.123,1.095,0.421,799.1,allday_low
D0363,1.288,1.663,1.378,0.976,2.053,1.249,1.723,0.944,1.951,0.944,2.627,2.132,1.781,2.172,1.357,1.824,2.215,2.082,1.752,1.822,2.091,1.86,0.628,1.419,1.392,0.791,0.858,2.028,1.057,1.232,1.113,1.72,1.73,2.552,1.514,2.06,1.03,1.277,2.527,2.413,2.079,2.331,1.271,2.424,1.139,1.68,2.721,1.026,1.99,1.789,1.093,2.295,0.973,1.406,1.762,1.491,3.003,1.114,2.483,0.806,0.578,1.939,2.259,2.586,2.603,1.914,1.98,1.789,2.291,0.979,1.174,1.808,1.857,1.96,1.302,1.13,1.7,0.929,2.223,1.308,1.48,2.018,1.429,1.307,2.398,1.446,2.045,1.925,1.025,1.353,1.915,2.235,1.262,1.136,1.757,1.784,1.804,1.454,1.095,1.707,1.346,1.725,1.24,1.44,1.846,0.754,2.358,1.801,0.611,1.991,1.733,1.446,2.76,2.201,1.684,1.705,1.725,0.802,2.656,1.443,2.059,0.837,1.464,0.686,0.0,1.687,1.414,1.142,0.0,1.3,1.703,1.157,1.751,1.438,1.194,1.66,0.715,1.867,1.624,1.784,1.952,1.267,0.116,1.165,0.73,1.863,1.033,1.597,1.902,0.944,1.36,1.399,2.437,2.082,1.101,1.367,1.483,1.358,1.593,1.485,1.708,1.59,2.099,1.169,0.693,1.159,1.05,1.943,954.2,allday_low
D0364,4.146,3.759,4.144,2.526,1.315,0.324,0.15,0.0,0.563,0.315,0.58,0.456,0.639,0.5,0.764,0.601,0.037,0.493,0.433,0.294,0.643,1.739,2.619,4.083,4.548,4.951,3.787,1.785,0.975,0.197,0.0,1.493,1.022,0.788,0.47,0.024,0.0,0.173,0.0,0.589,0.337,0.658,0.403,0.0,0.574,1.461,2.499,3.414,4.309,4.134,2.687,2.134,1.486,0.366,0.0,0.734,0.884,0.07,0.0,0.203,0.394,0.066,0.0,0.7,0.377,0.969,0.313,1.043,0.549,1.014,2.15,4.485,4.697,5.391,3.422,1.644,1.513,0.323,0.512,0.393,0.37,1.025,0.396,0.336,0.123,0.525,0.483,0.102,0.707,0.195,0.571,0.0,1.098,1.035,2.811,4.444,5.973,6.184,3.909,2.707,1.16,0.444,0.0,0.403,0.77,0.913,0.0,0.126,0.009,0.0,0.209,0.351,0.212,0.0,0.811,0.566,1.009,1.847,3.312,4.751,5.665,6.593,4.872,2.459,1.117,1.669,0.4,0.078,0.123,0.561,0.143,0.417,1.396,0.0,0.174,0.385,0.0,0.596,0.794,0.0,0.832,1.798,3.426,6.086,4.7,5.168,3.763,2.252,1.269,0.829,0.399,0.443,0.265,0.0,0.669,0.76,0.739,0.601,0.0,0.0,0.71,0.0,0.018,1.388,0.952,1.501,1.806,3.769,829.0,night
D0365,0.0,0.06,0.0,1.077,1.83,5.18,7.739,7.435,5.212,2.533,0.922,0.421,0.469,0.0,0.141,1.234,0.537,0.881,0.472,0.0,0.182,0.0,0.937,0.722,0.0,0.685,0.775,1.069,2.81,5.474,7.624,7.413,5.041,2.176,1.372,1.343,0.0,0.336,0.025,0.566,0.511,0.379,0.053,0.106,0.0,0.0,0.872,0.62,0.901,0.184,0.692,0.653,2.339,6.14,7.283,7.772,5.116,1.804,0.903,0.622,0.657,0.0,0.0,0.458,0.0,0.867,0.291,0.538,0.902,0.0,0.527,0.379,0.395,0.24,0.543,0.0,3.155,4.616,8.25,6.918,4.556,2.614,1.086,0.655,0.5,0.257,0.153,0.581,0.007,0.372,0.0,0.433,0.363,0.3,1.086,0.992,0.716,0.725,0.495,1.121,2.66,5.228,7.111,7.222,4.781,2.499,1.328,0.134,0.38,0.339,0.0,0.929,0.0,0.947,0.0,0.0,0.151,0.482,0.479,0.885,0.0,0.57,0.0,0.03,1.049,1.853,3.599,3.012,2.703,1.485,0.13,0.045,0.112,0.754,0.0,0.0,0.0,0.0,0.0,0.127,0.0,0.295,0.0,1.472,0.605,0.0,0.0,0.328,1.369,1.886,2.458,2.285,1.993,0.646,0.513,0.0,0.348,0.0,0.0,0.29,0.352,0.0,0.418,0.0,0.0,0.051,0.0,0.0,800.2,morning
D0366,1.724,1.75,1.083,0.538,2.427,1.806,2.368,1.189,2.259,2.028,2.468,2.335,2.038,2.311,2.041,2.561,1.783,1.757,1.917,2.175,1.83,1.573,2.121,1.849,1.33,1.032,1.397,1.22,1.189,1.922,2.153,1.694,1.804,1.565,1.511,2.432,1.569,1.906,1.907,2.376,2.052,1.817,2.601,2.632,1.981,1.785,1.419,1.576,0.994,1.946,1.416,1.191,1.387,1.902,1.531,1.366,0.866,1.863,2.159,1.853,1.784,1.678,2.031,1.683,1.637,1.858,2.838,2.949,2.336,2.011,0.774,2.789,1.713,1.006,2.685,1.457,1.912,1.443,1.901,2.029,2.193,2.476,2.06,2.168,2.119,1.715,1.793,2.046,2.709,2.285,1.948,1.779,1.281,1.316,1.716,1.588,1.887,1.403,1.731,0.812,1.109,1.703,1.653,2.053,2.335,2.448,2.704,2.893,1.981,3.22,3.5,1.599,1.876,2.236,2.094,1.139,1.379,1.818,1.548,1.864,2.263,0.791,2.369,2.197,0.606,0.889,1.3,1.12,1.887,1.994,1.855,2.035,1.867,2.145,2.841,0.892,1.935,2.075,1.746,1.849,2.165,1.316,2.475,0.758,1.662,1.345,1.445,1.693,1.105,1.922,2.37,1.418,1.393,2.278,2.233,1.162,2.176,2.315,1.955,2.642,1.205,0.899,2.27,1.342,1.61,1.039,1.865,1.579,1067.9,allday_low
D0367,0.444,0.067,0.172,0.814,2.356,4.536,7.137,6.911,5.5,2.062,1.221,0.614,1.379,0.0,0.0,0.0,0.008,0.477,0.0,0.448,0.308,0.704,0.572,0.666,0.515,0.832,0.0,0.155,2.043,4.383,6.147,7.204,4.457,2.466,1.034,0.716,0.091,0.842,1.049,0.985,1.106,0.773,0.57,0.0,0.039,0.72,0.0,0.889,0.021,0.066,0.745,0.936,1.864,3.935,5.932,5.978,5.702,2.489,0.642,0.797,0.0,0.0,0.828,0.627,0.375,0.043,0.398,0.554,0.409,0.839,0.0,0.177,0.545,0.049,0.824,1.414,2.079,4.517,6.514,6.82,5.621,2.21,1.414,0.237,0.0,0.749,0.606,0.0,0.217,0.237,0.399,0.073,1.074,0.0,0.0,0.24,0.0,0.0,0.091,0.776,1.861,4.234,5.927,6.434,5.052,1.436,1.179,0.0,0.307,0.515,0.417,0.0,0.394,0.0,0.9,0.652,0.0,0.898,0.366,0.0,0.658,0.878,0.063,0.529,0.918,2.216,3.331,3.572,1.438,0.931,0.903,0.0,0.299,0.0,0.437,0.149,0.404,0.31,0.0,1.075,0.0,1.25,0.0,0.162,0.0,0.85,0.0,0.0,0.836,2.382,3.198,2.68,1.873,1.269,0.391,0.22,0.063,0.393,0.32,0.802,0.0,0.0,0.075,0.026,0.505,0.0,0.689,0.0,770.9,morning
D0368,2.6,3.918,4.818,2.806,1.794,1.04,0.718,0.061,0.647,0.479,0.0,0.42,0.051,0.0,0.432,0.124,0.504,0.511,1.048,0.157,0.162,2.317,2.541,2.856,3.997,4.011,3.596,2.525,2.117,0.919,0.199,0.76,0.719,0.0,0.456,1.882,1.059,0.219,0.294,0.591,0.865,0.475,1.652,0.069,0.266,1.881,2.991,2.496,3.09,4.446,3.778,2.841,2.135,1.358,0.674,1.191,0.0,0.722,0.0,1.154,0.296,0.263,0.0,0.0,0.0,0.196,1.183,0.584,0.93,1.894,2.648,1.839,4.086,4.457,3.483,3.553,1.491,0.542,1.241,0.475,0.0,0.06,0.777,0.532,0.236,0.236,1.525,0.0,0.0,0.046,0.748,0.345,0.212,1.83,2.201,1.977,4.242,5.075,5.444,4.113,2.612,0.899,0.808,0.0,0.68,0.919,0.0,1.988,0.331,0.78,0.106,0.1,0.445,0.648,2.039,0.806,0.835,2.221,3.391,3.178,4.167,5.102,4.472,4.402,3.351,0.96,0.94,1.017,0.0,0.53,0.969,0.933,0.337,0.995,0.183,0.116,0.292,1.196,1.385,0.657,0.772,1.045,2.676,2.858,3.722,4.435,4.739,4.091,1.612,1.58,0.546,0.781,0.52,0.096,0.087,1.795,0.533,0.596,1.709,0.619,0.0,0.941,2.086,0.333,0.008,2.135,3.599,2.823,904.2,night
D0369,0.491,1.472,1.164,2.516,2.139,1.849,1.762,2.546,1.723,1.622,1.659,2.395,2.035,2.886,2.442,1.804,2.285,1.897,2.209,2.679,2.042,1.74,2.177,1.734,2.127,2.004,1.361,1.265,1.718,2.108,2.752,1.525,1.649,2.616,2.337,2.237,2.675,2.967,2.887,2.092,2.569,2.825,2.118,2.341,1.833,1.598,2.153,2.332,2.221,1.246,2.419,2.111,2.387,1.501,2.35,2.321,1.534,2.378,1.792,2.332,3.423,2.547,2.378,1.749,2.511,2.257,1.352,1.691,2.507,2.617,2.008,2.38,1.9,1.516,2.826,1.221,2.076,1.632,1.882,2.752,2.127,2.037,2.012,2.579,1.956,2.46,2.37,2.065,1.737,2.342,2.09,2.283,1.131,1.83,2.359,1.183,2.729,2.019,1.771,1.904,1.501,2.563,2.055,2.066,2.557,2.356,1.951,2.31,2.636,2.443,1.823,3.046,2.452,2.147,2.549,1.958,1.416,2.033,2.274,1.801,1.593,1.587,1.606,1.736,2.056,2.063,2.692,2.617,1.508,1.86,2.356,1.286,2.284,1.789,2.162,2.18,1.345,3.18,1.787,2.609,1.159,1.536,2.128,1.614,2.047,1.946,1.269,2.211,1.945,1.071,1.813,2.115,1.839,1.974,2.239,1.346,2.041,1.995,2.515,1.91,3.007,1.817,1.512,2.503,2.15,1.991,1.653,1.557,1223.0,allday_low
D0370,5.785,4.108,1.993,1.629,0.339,0.397,1.537,0.0,0.33,0.0,0.133,0.31,0.0,0.559,1.035,0.526,0.763,1.162,0.877,0.044,2.258,2.719,5.251,5.773,6.019,3.88,2.666,1.652,0.253,0.568,0.0,0.0,0.945,0.0,0.138,0.006,0.0,0.0,0.372,0.203,0.868,0.152,0.599,0.859,2.598,3.2,5.791,6.63,5.526,4.24,2.705,0.989,0.363,0.0,1.301,0.167,0.0,0.0,0.013,0.495,0.259,0.532,0.696,0.308,0.328,1.135,0.936,1.277,2.023,4.149,5.735,6.589,6.546,4.669,1.987,1.397,0.22,0.765,0.0,0.384,0.422,0.0,0.359,0.741,0.145,0.525,0.624,0.0,0.425,0.36,0.631,0.443,1.665,4.607,6.227,6.905,7.94,4.878,3.131,1.517,0.528,0.071,1.092,0.198,0.682,0.628,0.949,0.809,0.34,0.0,0.88,1.03,1.601,0.991,0.485,1.181,1.848,4.547,6.554,8.503,8.292,6.728,4.763,1.846,0.65,0.431,0.209,1.557,0.0,1.228,0.079,0.323,0.0,0.974,0.856,0.009,1.012,0.986,0.567,0.548,2.805,5.595,7.023,9.083,6.164,4.719,2.48,1.515,1.13,1.239,0.528,0.0,0.701,0.282,0.272,0.464,0.668,0.23,0.678,0.6,0.69,0.875,0.0,1.05,2.351,4.16,5.806,6.87,1080.2,night
D0371,7.383,5.599,8.951,8.579,8.682,5.671,10.0,7.785,5.892,10.0,8.606,7.115,7.869,8.543,8.188,6.939,7.395,9.184,7.877,6.286,7.667,7.908,9.02,6.041,6.708,7.119,6.187,6.338,7.541,8.281,5.728,6.566,5.928,5.458,7.436,7.104,7.884,6.601,7.906,7.885,5.829,6.96,8.004,7.507,6.174,7.579,5.635,7.797,8.363,6.614,9.271,6.356,6.352,6.961,9.628,7.09,10.0,6.925,6.521,10.0,6.569,7.961,8.266,8.504,6.829,8.218,7.174,5.988,7.152,7.31,7.897,7.666,8.554,8.96,6.653,7.388,6.479,7.032,7.116,7.084,9.84,8.896,6.683,8.084,7.676,7.137,9.074,6.799,9.196,7.365,6.385,7.215,9.198,9.752,6.087,8.026,7.369,7.689,9.72,6.924,6.285,7.86,7.49,7.619,6.827,8.584,8.307,7.083,6.404,7.834,7.161,7.281,8.178,7.502,8.973,6.249,7.154,8.321,7.581,7.212,5.329,9.335,6.145,5.75,8.285,7.775,8.166,6.652,8.082,8.201,5.913,8.529,8.795,5.542,7.669,7.872,7.963,7.495,5.492,6.91,6.975,7.566,8.591,4.634,7.294,9.511,9.543,9.465,7.71,8.275,5.137,7.381,9.549,5.346,7.263,8.035,5.401,8.456,8.777,8.667,8.101,7.9,7.036,6.461,4.688,6.83,9.203,9.409,4389.5,noise
D0372,1.149,1.937,0.973,0.268,1.198,1.394,1.28,1.828,1.681,1.296,1.944,1.899,1.933,1.697,1.908,1.818,1.602,1.906,1.881,1.817,1.779,0.428,1.795,0.911,1.815,0.674,1.98,0.303,1.456,1.18,1.597,2.217,1.608,1.989,2.321,1.411,1.901,2.384,1.938,1.505,1.969,1.742,1.86,1.328,1.61,1.378,1.166,1.934,1.08,0.946,0.734,1.257,1.242,1.67,0.834,0.683,0.667,1.771,2.096,2.119,1.512,1.827,0.768,2.497,2.258,2.097,1.227,1.403,1.416,2.206,1.838,1.261,1.574,0.875,0.645,1.255,0.799,0.583,1.403,1.322,1.047,1.386,1.801,1.588,1.801,1.692,2.558,2.367,1.79,1.321,1.379,0.985,1.142,1.741,1.121,1.266,1.843,1.535,1.299,1.234,1.222,1.764,1.522,1.325,0.928,1.783,1.785,0.978,1.668,1.919,1.662,2.585,2.425,1.122,1.519,2.002,1.464,1.772,1.097,0.638,1.492,1.008,2.301,1.58,0.703,1.513,1.218,1.533,1.026,1.55,1.944,1.891,2.056,2.994,1.391,2.404,1.697,1.347,1.465,1.816,1.185,0.415,1.627,1.313,0.946,0.59,1.324,1.738,0.776,1.337,2.245,1.724,1.353,1.366,1.257,1.558,1.382,1.476,1.554,0.875,1.506,2.751,0.86,2.119,1.845,1.611,1.035,1.652,945.7,allday_low
D0373,0.364,0.069,0.408,0.633,0.573,1.188,2.92,6.443,7.663,7.172,3.506,2.595,1.144,0.706,0.649,0.0,0.231,1.155,0.0,0.0,0.0,0.279,1.08,0.487,0.851,0.0,0.0,0.085,1.277,1.289,2.928,5.706,7.477,7.971,5.463,2.664,1.333,0.233,0.586,0.0,0.169,0.0,0.587,0.317,0.708,0.657,0.868,0.018,0.0,1.236,0.121,0.372,1.039,1.093,2.436,6.571,7.337,7.908,4.753,2.615,1.327,0.281,0.649,1.256,0.961,0.887,0.677,0.323,0.0,1.086,0.112,0.149,0.377,0.0,0.204,0.059,0.0,0.666,2.941,6.081,7.545,6.586,4.291,2.316,1.398,0.897,0.486,1.048,0.126,0.0,0.236,0.932,0.68,0.856,0.325,0.431,0.255,0.0,0.371,0.28,0.32,1.445,2.87,5.954,6.824,6.548,3.569,1.615,1.128,0.815,0.678,0.938,0.598,0.383,0.656,0.014,0.0,0.18,0.233,0.407,0.0,0.0,0.556,0.0,0.245,0.311,0.607,2.384,3.049,3.035,2.139,0.033,0.9,1.601,0.0,0.0,0.0,0.0,1.099,0.063,0.516,0.732,0.673,0.707,0.0,0.598,0.014,0.938,0.0,0.0,1.198,2.554,2.244,2.663,1.356,1.295,0.113,0.707,0.0,0.297,0.0,0.111,0.0,0.847,0.643,0.257,0.621,0.0,837.2,morning
D0374,1.49,1.379,0.568,1.114,2.251,1.424,1.207,1.615,0.981,1.532,1.908,2.117,2.109,2.671,1.7,1.314,1.791,1.641,1.907,1.615,1.731,1.639,1.928,1.47,1.528,2.206,0.646,1.487,1.383,1.497,1.789,1.217,1.408,2.074,1.752,1.462,2.305,2.273,2.072,2.172,2.203,1.85,1.958,1.204,1.568,2.022,2.514,1.527,1.024,1.241,0.726,1.703,1.452,1.042,1.439,1.906,1.684,1.43,2.279,2.044,1.603,1.996,1.046,2.102,3.205,2.381,1.741,1.85,1.905,1.861,1.47,0.489,1.271,1.129,1.331,1.06,1.701,2.381,1.96,1.554,2.339,2.161,2.143,1.628,1.878,2.244,2.964,2.628,2.21,1.958,2.157,1.976,2.347,1.092,1.536,1.81,2.069,2.276,0.72,1.074,1.397,0.912,2.272,1.642,2.187,1.658,2.0,1.274,1.469,1.515,1.225,2.444,1.939,2.363,1.764,2.244,2.088,1.531,1.611,1.628,1.79,1.246,1.402,0.597,0.892,0.995,1.605,1.113,1.547,1.492,1.638,2.091,1.826,1.674,1.979,2.513,1.776,1.123,1.018,1.413,0.955,0.326,1.213,1.469,1.884,1.226,1.354,1.466,1.298,0.997,2.322,0.958,1.656,1.188,1.66,1.858,1.635,1.213,1.615,2.265,1.05,2.408,1.652,1.861,0.994,1.335,1.045,1.431,939.1,allday_low
D0375,3.149,2.353,0.601,0.656,0.0,1.018,0.618,0.691,0.0,0.656,0.0,0.404,0.195,0.792,0.0,0.577,1.698,0.0,0.936,0.563,0.812,2.14,2.788,3.545,3.279,2.755,1.862,1.269,0.796,0.0,0.0,0.767,0.062,0.209,0.556,0.852,0.483,0.608,0.0,0.0,1.55,0.695,0.437,0.085,1.783,2.465,3.045,3.839,3.733,2.333,1.041,0.886,0.567,0.0,0.259,0.0,0.497,0.0,0.0,0.0,0.469,0.914,0.0,0.242,1.519,0.605,0.76,1.246,2.119,2.86,3.551,3.973,3.984,1.772,1.528,0.031,0.155,0.0,0.489,0.577,0.852,0.0,0.009,0.792,0.074,1.831,0.626,0.539,2.586,0.56,0.281,1.404,1.874,2.523,3.996,4.091,4.041,3.267,2.773,1.472,0.746,0.0,0.0,0.232,0.067,0.348,0.408,0.0,0.0,1.314,0.537,0.555,1.014,0.0,0.1,1.281,1.546,3.083,4.513,5.483,4.104,3.905,2.25,1.799,1.217,0.465,0.032,0.656,0.0,0.454,0.022,0.248,0.0,1.66,0.411,0.118,1.665,0.0,0.901,0.975,2.844,3.3,4.687,4.935,4.427,2.619,2.449,1.652,0.27,0.234,0.0,0.0,0.442,0.312,0.608,0.287,0.703,1.762,0.222,0.35,2.128,0.184,0.88,0.484,1.402,1.814,3.622,3.797,751.0,night
D0376,2.347,1.064,0.916,2.086,0.0,0.0,0.588,0.097,0.738,0.887,0.483,0.0,0.0,0.11,0.011,1.318,1.348,0.653,0.181,0.0,1.518,0.627,1.79,2.728,3.552,2.611,1.425,2.206,0.121,0.435,0.856,0.0,0.359,1.031,0.375,0.0,0.386,0.322,0.0,0.541,1.346,0.0,0.478,1.03,1.391,1.284,2.517,2.357,2.752,1.502,0.466,1.794,0.745,0.556,0.0,0.0,0.589,1.818,0.0,0.058,0.0,0.307,0.797,0.091,0.79,0.387,0.0,0.792,1.244,1.362,1.842,2.345,2.4,1.919,0.522,2.4,0.212,0.269,0.0,0.388,0.814,1.917,0.0,0.217,0.31,0.191,0.0,0.195,1.962,0.098,0.905,0.154,0.355,1.339,1.247,2.614,2.878,2.634,0.683,1.86,0.497,0.999,0.167,0.387,0.517,0.079,0.731,0.174,0.0,0.198,0.759,0.078,0.929,0.0,0.0,0.83,1.439,1.813,2.851,2.96,3.184,1.964,1.31,2.489,0.0,1.391,0.0,0.354,0.0,0.637,1.028,0.283,0.0,0.0,1.188,0.475,0.576,0.047,0.262,0.785,1.016,1.028,2.431,2.884,2.99,1.798,1.033,2.043,0.004,0.948,0.737,0.75,0.0,1.901,0.576,0.0,0.0,0.0,0.0,0.693,1.945,0.093,0.265,0.158,1.898,1.319,2.033,2.693,504.6,intermittent
D0377,0.0,0.327,0.0,0.0,0.0,1.632,0.421,0.202,0.0,0.0,1.474,0.116,0.51,0.0,0.0,0.0,0.0,2.062,0.0,0.0,0.093,0.11,0.0,0.544,0.0,0.074,0.794,1.428,0.331,2.194,0.0,0.892,0.016,0.495,0.488,0.0,0.972,0.313,0.108,0.046,0.0,2.495,0.0,1.143,0.587,0.0,0.949,0.734,0.0,0.371,0.0,0.593,0.354,3.457,0.0,0.103,0.353,0.717,0.415,0.549,0.0,0.0,0.0,0.001,0.0,3.436,0.462,0.414,0.0,1.293,0.308,0.262,0.062,0.002,0.623,0.0,0.266,4.122,0.214,0.359,0.0,0.5,0.295,0.083,0.453,0.0,0.939,1.43,0.0,3.822,0.064,0.0,0.712,0.001,0.404,0.988,0.341,0.197,0.0,0.0,0.042,1.863,0.409,0.0,0.0,0.035,0.146,0.129,0.015,0.0,0.364,0.635,0.243,1.687,0.0,0.85,0.024,0.698,0.842,0.465,0.563,0.528,0.034,0.0,0.493,3.054,0.0,0.0,0.392,0.238,0.0,0.0,1.015,0.0,0.051,0.394,0.165,3.856,0.628,0.781,0.154,0.316,0.228,0.0,0.195,0.0,0.276,0.0,0.0,2.672,0.317,0.1,0.0,0.0,0.0,0.416,0.0,0.0,0.0,0.0,0.0,2.058,0.0,0.384,0.0,0.0,0.461,0.351,268.7,intermittent
D0378,0.344,0.583,0.499,0.952,0.437,1.242,3.334,5.926,8.391,6.884,3.736,1.142,1.426,0.218,0.47,0.304,0.675,0.063,0.365,0.066,1.564,0.0,0.564,1.592,0.806,0.303,0.392,0.0,1.317,1.249,3.212,5.521,7.415,6.677,4.552,1.933,1.212,0.0,0.952,0.0,0.658,0.0,0.342,0.738,0.0,0.328,0.729,0.642,0.0,0.762,1.085,0.899,0.007,0.862,3.28,6.179,7.948,6.291,4.028,1.445,0.266,0.569,0.288,0.518,0.055,0.613,0.0,0.107,0.0,0.44,1.128,0.478,0.266,0.223,0.055,0.85,0.746,0.598,3.735,5.524,7.261,6.829,3.792,2.823,0.611,0.671,0.0,0.035,0.253,0.761,0.0,0.852,0.369,0.459,0.0,0.0,0.0,0.432,0.583,0.172,0.0,1.033,3.251,5.703,7.48,5.588,3.676,1.678,0.968,0.096,0.546,0.0,0.394,0.164,0.138,1.382,0.147,0.106,0.0,0.742,0.0,0.126,0.0,0.346,0.672,1.197,1.408,2.395,3.104,2.999,1.942,1.061,0.0,0.234,0.0,0.082,0.768,0.038,0.0,0.298,0.543,0.0,0.0,0.0,0.0,0.808,0.0,0.0,0.347,0.22,0.852,2.659,3.063,3.112,1.955,0.182,0.0,0.658,0.073,1.482,0.56,0.742,0.0,0.087,0.489,0.087,0.15,0.234,758.7,morning
D0379,2.354,2.272,1.075,0.439,0.591,0.403,3.066,0.255,0.528,0.176,0.0,0.426,0.0,0.68,0.0,0.0,0.0,0.551,1.955,0.865,0.864,1.871,2.378,3.906,1.719,1.94,0.995,0.185,0.498,0.0,0.802,0.0,0.258,0.0,0.0,0.375,0.706,0.0,0.37,0.458,0.801,0.125,2.222,0.883,0.306,2.043,2.596,3.286,2.996,1.28,1.405,0.475,0.0,0.895,0.931,0.233,0.185,0.45,0.812,0.942,0.625,0.0,0.874,0.49,0.719,0.117,1.367,1.045,2.054,1.993,2.04,3.109,2.534,1.354,1.009,0.794,0.825,0.055,2.004,0.202,1.037,0.851,0.501,0.484,0.105,0.594,0.0,0.463,0.0,0.0,1.676,1.515,1.157,1.419,3.859,2.666,3.371,1.827,1.617,0.66,0.055,0.0,0.921,0.0,0.0,0.595,0.766,0.0,0.0,0.427,0.334,0.0,0.246,0.0,1.513,0.706,2.051,2.534,3.351,4.498,2.916,1.603,1.727,1.168,0.891,0.205,1.188,0.0,0.0,0.0,0.08,1.024,0.033,0.336,0.524,0.117,0.121,0.903,1.895,1.319,2.593,2.136,3.386,3.699,2.526,1.724,1.749,0.647,1.483,0.097,2.719,1.045,0.215,0.454,0.65,0.002,1.001,0.0,0.018,0.024,0.362,0.439,2.088,0.645,0.785,2.651,3.214,3.01,611.1,night
D0380,0.0,0.0,0.735,0.98,0.651,3.286,4.65,6.693,5.377,2.893,1.556,1.151,0.0,0.779,0.0,0.902,0.651,0.0,0.0,0.477,0.687,0.475,0.436,0.0,0.277,0.233,0.0,0.665,1.102,3.59,5.725,6.432,5.836,3.404,1.346,0.0,0.239,0.117,0.212,0.158,0.757,0.807,0.041,0.0,0.0,0.82,0.692,0.0,0.0,0.0,1.112,0.703,1.161,2.915,4.352,6.217,5.897,2.95,1.246,0.692,0.0,0.417,0.0,0.036,0.091,0.091,0.307,0.228,0.179,0.316,0.0,0.0,0.257,0.0,0.509,0.266,0.413,2.917,5.672,6.489,4.7,2.846,1.132,0.461,0.046,0.0,0.2,0.906,0.0,0.0,0.902,1.125,0.077,0.368,0.36,0.661,0.0,0.239,0.0,0.644,1.885,2.973,4.557,6.479,4.797,3.184,0.938,0.0,0.0,0.0,0.0,1.212,0.0,0.0,1.032,0.0,0.066,0.241,0.0,0.718,0.063,0.0,0.562,0.0,0.588,0.88,1.775,3.758,2.459,1.834,0.376,0.0,0.0,0.0,0.0,0.16,0.0,0.328,1.044,1.389,0.262,0.112,0.0,0.0,0.0,0.774,0.0,1.178,0.089,1.125,1.509,2.779,2.044,1.236,0.403,0.468,0.426,0.481,0.0,0.249,0.0,0.702,0.216,0.239,0.0,0.0,0.137,0.656,618.5,morning
D0381,0.788,1.259,2.679,1.616,1.295,1.35,1.733,2.271,1.779,1.66,1.068,1.749,1.902,2.398,2.449,2.901,1.681,2.219,2.16,1.559,2.342,2.625,1.805,1.527,2.374,1.868,1.103,1.584,1.538,1.362,1.435,1.557,2.296,1.877,2.126,2.594,2.082,1.712,2.691,2.082,3.018,2.613,2.326,2.111,2.436,1.97,0.817,1.696,1.959,1.219,2.816,1.605,1.954,2.27,2.067,1.81,2.111,1.922,2.045,1.642,2.099,1.712,2.264,2.07,2.442,1.486,1.67,1.595,1.924,1.748,2.288,1.761,1.701,1.196,1.52,1.071,1.924,2.116,1.116,1.878,1.884,2.551,1.638,1.817,2.335,2.034,2.071,2.049,2.451,2.67,2.05,1.887,2.23,1.951,1.866,2.252,1.221,1.553,1.208,1.43,1.128,1.572,1.961,0.674,1.784,1.969,1.963,1.405,2.646,2.678,2.781,2.002,2.294,1.83,1.605,1.503,2.021,2.234,2.373,1.72,1.224,1.46,1.922,2.234,2.061,2.053,2.228,1.705,1.865,2.285,2.11,2.333,1.721,2.657,1.815,2.529,1.954,1.703,0.982,1.71,1.177,1.257,1.844,0.885,2.085,2.638,1.267,2.046,0.903,1.748,1.775,3.056,1.57,2.016,1.796,1.776,1.932,1.943,1.755,2.149,1.591,1.763,2.743,1.756,2.137,1.638,1.961,1.489,1034.1,allday_low
D0382,6.059,5.349,2.236,1.423,0.786,0.49,0.397,0.602,0.148,0.255,0.522,0.03,0.078,0.314,0.078,0.0,0.0,0.354,1.092,0.977,1.148,3.636,4.374,6.493,5.716,4.651,2.705,1.396,1.4,0.387,0.796,0.37,0.293,0.625,0.291,0.0,0.003,0.605,0.0,0.514,0.0,0.452,1.078,0.402,1.812,3.445,4.341,5.488,5.918,5.094,3.897,1.198,1.07,0.252,0.0,0.244,0.241,0.383,0.533,0.449,0.891,1.189,0.351,0.123,0.26,0.27,0.209,0.126,0.97,3.247,4.937,5.925,5.96,4.556,2.412,1.323,0.492,0.0,0.49,0.036,0.382,0.0,0.628,0.556,0.132,0.981,0.327,0.425,0.0,0.042,0.209,1.196,2.098,2.846,4.932,6.486,7.194,5.132,3.987,2.147,1.126,1.03,0.944,0.725,0.0,0.0,0.597,0.469,0.503,1.201,0.853,0.358,0.115,0.768,0.816,0.925,0.783,3.324,6.259,6.803,7.927,6.241,3.381,2.446,1.002,0.557,0.0,1.049,0.0,0.0,0.523,0.018,1.389,0.014,0.816,1.199,0.788,0.158,0.788,1.677,1.428,4.413,6.354,8.556,6.581,5.103,3.497,1.143,0.498,0.551,0.177,0.112,1.3,1.19,0.0,0.4,0.0,0.9,0.483,1.042,0.0,0.0,0.43,0.62,1.71,3.8,5.321,6.288,1002.0,night
D0383,0.771,0.0,0.99,0.638,1.992,4.174,5.718,4.851,3.408,1.599,0.805,0.393,0.0,0.292,0.0,0.225,0.277,0.0,0.097,0.0,0.001,0.565,0.432,0.657,1.161,0.735,0.0,0.481,2.536,3.623,5.084,5.233,3.248,2.377,0.562,1.392,0.0,0.0,0.0,0.0,0.549,0.0,0.0,0.458,0.0,0.0,0.2,0.408,0.074,0.438,0.0,1.457,2.342,3.434,5.207,4.199,3.794,1.032,0.392,0.175,0.0,0.0,0.391,0.0,0.616,0.558,0.0,0.02,0.02,0.042,0.887,0.31,0.0,0.0,0.136,0.966,2.743,4.155,5.246,4.7,4.015,1.474,0.0,0.467,0.0,0.522,0.047,0.086,0.0,0.709,0.0,0.0,0.31,0.158,1.257,0.0,0.042,0.583,0.128,0.735,2.998,3.64,5.657,5.121,3.539,1.438,0.0,0.781,0.474,0.455,0.145,0.0,0.808,0.36,0.0,0.189,0.076,0.0,0.0,1.381,0.0,0.0,0.0,0.0,0.042,1.177,3.153,2.695,1.403,1.477,0.071,0.0,0.0,0.0,0.0,0.398,0.25,0.0,0.311,0.329,0.0,0.0,0.457,0.302,0.873,0.293,0.0,0.0,0.675,1.884,2.261,1.756,0.593,1.304,0.893,0.0,0.393,0.205,0.397,0.773,0.731,0.317,0.0,0.0,0.0,1.318,0.11,0.44,587.0,morning
D0384,0.025,0.0,0.672,0.196,2.33,4.552,7.512,8.004,5.589,3.764,1.874,0.967,0.691,0.0,0.708,0.0,0.043,0.0,0.0,0.402,0.308,0.92,0.865,0.402,0.678,0.286,0.355,0.822,1.868,4.391,7.242,7.239,5.835,3.612,1.1,0.325,0.818,0.0,0.518,0.39,0.722,0.293,0.0,0.029,1.067,0.082,0.053,0.115,0.201,0.149,0.659,0.811,1.67,4.62,7.07,8.385,6.161,3.205,1.258,0.63,0.526,0.326,0.124,0.604,0.517,0.331,0.623,0.288,0.328,0.606,0.683,0.616,0.0,0.502,0.424,0.942,2.756,4.2,6.953,7.535,5.932,2.958,0.867,0.0,0.048,0.045,0.296,0.08,0.787,0.424,0.656,0.765,0.946,0.76,0.0,0.709,0.451,0.922,0.396,1.242,1.884,4.143,6.896,7.257,5.966,2.417,1.5,0.0,0.593,0.0,0.0,0.33,0.338,0.192,0.631,0.726,1.445,0.326,0.772,0.0,0.0,0.0,0.133,0.445,1.34,2.088,3.726,4.114,2.727,1.421,0.0,0.01,0.0,0.0,0.0,0.382,0.276,0.59,0.318,0.0,0.486,0.0,0.585,0.0,0.0,0.378,0.023,0.835,1.207,1.274,3.463,2.267,2.617,1.946,0.083,1.176,0.217,0.298,0.658,0.317,0.0,0.0,0.0,0.0,0.0,0.0,0.0,0.0,823.0,morning
D0385,1.704,0.203,1.473,1.902,1.626,1.415,0.323,2.373,2.456,1.962,2.311,1.771,2.16,2.226,1.83,1.476,2.211,2.615,2.27,1.8,1.701,1.667,0.442,1.379,1.296,0.825,1.825,1.495,0.216,1.533,2.045,1.255,1.121,1.067,1.756,1.443,1.156,2.577,1.95,1.612,2.57,1.893,1.651,1.745,1.345,1.46,1.733,2.184,1.146,1.651,0.687,1.596,2.205,1.438,1.21,1.283,1.8,1.674,1.529,2.064,1.422,2.237,1.717,2.145,2.195,0.896,1.679,0.959,0.804,1.417,1.609,0.732,1.516,0.975,1.382,2.507,1.251,0.915,1.462,1.437,1.427,1.662,1.628,1.213,2.188,2.439,1.691,2.006,0.897,1.762,2.577,2.007,1.652,1.503,1.336,1.616,1.856,1.143,1.689,1.005,1.197,0.927,1.542,1.56,1.761,1.786,2.037,2.708,2.147,0.96,1.747,1.832,1.104,2.144,2.516,1.257,2.151,2.006,1.594,1.801,0.91,1.75,1.786,1.446,1.392,0.928,1.749,1.377,1.363,1.907,1.41,1.276,2.125,0.984,2.0,1.109,0.821,1.889,1.686,1.198,0.904,1.523,1.113,1.64,0.995,1.04,1.715,0.769,0.599,0.864,1.432,2.23,1.493,1.09,1.167,1.778,0.856,0.816,1.761,2.061,2.045,1.749,2.079,1.397,1.254,1.347,1.456,3.035,918.0,allday_low
D0386,0.0,0.494,0.119,0.819,0.354,0.0,0.0,0.338,0.0,0.823,0.0,0.001,0.0,1.063,0.058,0.276,0.0,3.496,0.284,4.248,0.405,0.601,4.543,3.892,0.0,0.044,0.0,0.0,0.338,0.326,0.444,0.808,0.0,0.0,0.028,0.809,0.795,0.235,0.018,0.264,0.65,3.334,0.0,4.108,0.65,0.522,3.357,4.034,0.096,0.389,0.005,0.327,0.123,0.0,0.0,0.016,0.0,0.0,0.0,0.568,0.401,1.008,0.0,0.0,0.657,1.634,0.004,1.242,0.414,0.186,1.581,1.953,1.155,0.0,0.41,0.21,0.44,0.742,0.788,0.0,0.0,0.106,0.108,0.0,0.604,0.0,0.125,0.0,0.054,4.357,0.186,5.128,0.431,0.463,4.265,3.728,0.6,0.669,0.255,0.386,0.072,0.234,0.174,0.153,0.586,0.112,0.0,0.014,0.006,0.333,0.0,0.641,0.014,3.851,0.147,3.706,0.582,0.686,3.902,4.301,0.113,0.0,0.096,0.469,0.316,0.0,0.0,0.0,0.0,0.069,0.321,0.0,0.0,0.431,0.0,0.0,1.101,1.738,0.0,1.617,0.0,0.854,2.237,1.492,0.359,0.877,0.03,0.842,0.0,0.0,0.921,0.0,0.0,0.575,0.123,0.057,0.0,0.0,0.188,0.326,0.007,2.009,0.292,2.106,0.0,0.0,2.181,1.202,510.0,intermittent
D0387,1.4,1.369,0.274,0.713,0.136,0.839,0.0,0.0,0.342,0.093,0.316,0.217,0.018,0.129,0.0,0.931,0.013,0.637,0.778,2.218,2.532,4.02,3.589,3.093,1.706,1.087,0.493,0.492,0.836,0.1,0.266,0.077,0.137,0.764,0.455,0.397,0.197,0.0,0.569,0.643,0.703,0.439,1.773,3.41,2.91,3.59,3.044,3.021,1.034,1.68,0.643,0.428,0.959,0.0,0.294,0.0,0.0,0.367,0.346,0.0,0.57,0.223,0.582,0.358,0.764,0.955,1.419,2.559,2.808,2.667,2.984,2.383,2.339,0.842,0.0,0.0,0.128,0.487,0.858,0.704,0.355,0.0,0.0,0.056,0.146,0.32,0.68,0.589,0.372,0.298,1.753,3.177,2.131,4.564,4.487,2.449,2.617,0.768,0.823,0.211,0.271,0.783,0.473,0.696,0.53,0.0,0.0,0.17,0.169,0.069,0.0,0.348,0.965,0.0,1.382,3.158,2.241,3.434,5.269,3.875,3.751,0.67,1.696,0.0,0.755,0.0,0.452,0.483,0.119,0.0,0.195,0.429,0.0,0.228,0.295,0.539,0.0,0.308,2.327,3.267,2.719,4.685,4.944,4.122,1.955,1.101,1.188,0.734,0.857,0.305,0.537,0.561,0.911,0.0,0.317,0.691,0.792,0.059,0.44,0.605,0.884,0.635,1.481,2.123,3.177,4.108,4.221,3.481,682.6,night
D0388,7.084,4.855,2.897,1.525,1.294,0.847,0.244,0.652,0.0,0.142,0.0,0.035,0.076,0.0,0.948,0.193,0.288,0.099,0.943,1.886,2.727,4.534,5.419,7.195,6.866,5.284,3.06,2.368,0.427,0.179,0.61,0.998,1.068,0.0,0.47,0.849,0.836,0.674,0.382,0.0,1.358,0.762,0.292,1.119,2.609,4.591,5.682,6.795,6.799,4.485,1.987,1.073,0.749,0.0,1.173,0.958,0.833,0.461,0.0,0.042,1.016,0.063,0.406,0.292,0.362,0.43,0.581,1.062,2.348,4.283,5.882,6.61,6.773,4.614,2.912,1.028,0.0,1.189,0.177,0.0,0.778,0.222,0.413,0.496,0.858,0.54,0.0,0.0,0.0,0.249,0.861,0.928,2.284,4.256,6.354,7.908,8.232,6.523,3.285,1.803,0.843,0.743,0.766,0.52,1.718,1.194,0.265,1.116,1.068,0.0,0.0,0.623,0.481,0.0,0.925,1.625,2.898,6.292,7.947,9.063,8.754,5.701,3.292,0.625,1.169,1.076,0.699,0.644,0.508,1.223,0.477,0.946,0.9,0.0,0.837,0.042,0.305,0.548,1.462,1.345,3.452,5.115,8.306,9.42,7.854,4.916,2.374,1.375,0.543,0.655,1.063,0.302,0.615,0.406,0.676,0.011,0.441,0.876,0.109,0.375,0.434,0.0,1.074,1.133,2.732,5.124,7.314,7.494,1196.4,night
D0389,1.549,1.352,1.371,1.556,0.795,0.802,1.794,1.186,0.734,1.381,1.471,1.689,1.453,2.44,1.265,0.784,0.967,1.248,1.734,1.363,1.546,1.028,1.462,0.52,1.27,1.442,0.74,1.929,0.354,1.547,1.651,0.938,1.53,1.066,1.649,1.475,1.623,1.391,1.404,1.306,1.912,2.326,2.541,1.873,1.385,1.776,1.433,1.077,2.086,1.613,0.822,1.608,1.459,0.812,1.311,1.305,0.223,0.822,2.012,1.258,1.895,2.232,0.742,2.388,1.555,1.759,2.398,1.895,1.317,1.096,1.082,0.986,1.775,1.425,1.258,1.083,1.535,0.393,2.122,1.216,0.969,1.978,2.032,1.552,2.23,2.115,1.846,0.926,1.69,1.59,1.415,1.295,1.735,0.777,1.822,1.218,0.828,1.051,1.254,1.831,1.527,1.772,1.256,1.241,2.233,1.4,1.28,1.293,1.766,1.176,1.757,1.738,1.899,0.798,0.627,1.265,1.334,0.834,0.668,1.435,0.946,1.428,0.429,1.015,1.839,0.983,0.893,1.614,1.806,1.03,1.121,1.816,1.605,1.643,1.614,1.475,1.921,2.052,0.911,1.715,1.238,0.624,0.74,0.933,1.562,0.598,0.237,0.945,0.871,1.599,1.271,1.524,1.08,0.768,1.964,1.162,1.761,1.332,1.803,1.634,1.527,1.613,1.265,0.549,1.387,1.719,1.136,0.976,818.9,allday_low
D0390,3.024,2.44,2.418,1.385,0.986,0.0,0.634,0.66,0.254,0.0,0.0,0.148,0.031,3.022,0.448,0.0,2.841,1.208,0.529,0.191,0.0,4.06,1.38,5.176,2.245,1.553,1.076,0.103,0.0,0.0,0.0,0.092,0.436,0.413,0.507,0.089,0.521,0.362,0.498,0.208,1.727,0.0,0.665,0.0,1.057,1.711,1.8,3.175,2.876,2.181,2.204,0.578,0.051,0.043,0.56,0.562,0.0,0.0,0.384,0.815,0.0,2.11,0.706,0.0,2.92,0.0,0.229,0.205,0.229,4.164,1.604,4.467,2.423,1.87,2.388,0.768,1.366,0.0,0.284,0.043,0.0,0.169,1.004,0.834,0.265,1.764,0.399,0.016,1.881,0.548,0.0,0.416,0.8,3.482,1.141,5.057,3.169,2.646,1.262,0.727,0.445,0.363,0.451,0.116,0.922,0.099,0.357,0.781,0.022,1.735,0.083,0.68,2.319,0.581,0.0,0.0,0.949,3.484,1.63,4.2,3.076,2.722,1.373,1.096,0.0,0.089,0.0,0.221,0.0,0.873,0.402,0.0,0.675,1.607,0.605,0.0,1.925,1.195,0.566,0.144,1.218,2.407,2.332,5.226,2.414,2.565,2.553,1.432,0.883,0.0,0.0,0.665,0.131,0.048,0.8,0.568,0.0,3.715,0.0,0.0,3.42,0.0,0.0,0.0,0.703,4.571,1.674,4.792,625.1,intermittent
D0391,1.202,1.678,0.742,2.148,1.601,0.942,1.429,1.848,1.441,2.082,2.573,2.482,2.117,2.809,2.267,2.109,2.083,2.109,2.193,1.515,2.348,2.347,2.811,0.874,1.62,1.213,1.844,2.125,1.624,1.51,1.485,1.681,2.012,2.089,2.676,2.003,2.546,1.775,1.619,2.63,2.327,1.848,1.6,1.721,1.954,1.853,1.067,1.093,1.685,1.856,1.217,0.954,1.64,0.675,1.546,2.053,1.749,1.234,2.697,2.094,2.243,2.583,2.119,2.064,2.702,1.723,2.431,1.431,1.532,1.917,2.364,1.734,0.997,1.916,1.217,1.881,1.756,0.993,1.883,1.23,2.468,1.232,1.947,1.666,2.785,1.491,3.249,2.025,1.896,2.439,2.003,1.557,1.516,1.562,1.409,2.033,1.665,1.804,1.386,1.886,1.314,1.254,1.492,2.427,1.601,1.701,2.117,2.033,1.66,1.656,2.538,1.653,2.548,1.881,0.974,2.231,2.221,2.048,1.512,1.508,1.259,1.112,1.543,1.344,1.255,1.181,1.616,2.178,1.727,1.136,1.806,2.099,2.254,2.201,2.041,3.189,1.399,2.553,2.066,2.778,1.022,2.299,2.286,1.431,1.081,2.392,1.046,1.907,2.137,1.429,1.474,2.402,1.536,1.495,0.603,2.387,1.767,2.321,1.914,2.57,2.554,1.434,1.608,2.007,2.307,1.658,1.646,1.658,1049.2,allday_low
D0392,0.742,1.103,0.0,0.84,1.332,2.751,5.041,7.159,6.004,4.031,1.285,0.19,0.849,0.389,0.37,0.064,0.633,0.21,0.642,0.088,0.0,0.0,0.482,0.0,1.107,0.0,0.26,1.051,1.362,2.818,5.99,6.638,6.137,3.136,2.134,0.939,0.618,0.36,0.329,0.34,0.429,0.35,0.0,0.0,1.231,0.0,0.213,0.793,0.444,0.0,0.0,0.911,1.502,2.745,5.454,7.073,6.378,4.053,1.561,1.002,0.632,0.693,0.639,0.627,0.087,0.236,0.0,0.382,0.0,0.503,0.832,0.291,0.048,0.518,0.792,0.179,1.285,3.118,5.348,7.287,5.53,4.018,2.543,0.939,0.382,0.0,0.138,0.431,0.334,0.0,0.404,0.0,0.033,0.695,0.184,0.001,0.0,0.0,0.068,0.876,1.157,3.37,4.673,7.284,5.886,3.568,1.543,1.67,0.132,1.218,0.666,0.0,0.0,0.364,0.324,0.098,0.036,0.974,0.346,0.489,0.184,0.153,1.117,0.49,1.739,1.69,2.169,3.735,2.786,2.425,0.477,0.0,0.21,0.796,0.0,0.392,0.0,0.556,0.0,0.252,0.0,0.0,0.0,0.0,0.0,0.32,0.965,0.0,0.207,0.595,2.574,3.079,2.708,1.7,0.527,0.886,0.0,0.0,0.0,0.059,0.0,0.0,0.0,0.0,0.0,0.278,0.0,0.842,761.1,morning
D0393,0.713,0.106,0.254,0.946,1.493,2.124,6.133,6.907,6.626,6.155,3.013,1.155,0.85,0.044,0.0,0.125,0.013,0.0,0.056,0.062,0.114,0.498,0.578,0.462,0.0,0.0,0.0,0.999,0.597,1.617,5.41,7.557,8.786,4.759,2.587,0.605,0.02,0.0,0.0,0.411,0.355,0.313,0.898,0.578,0.703,0.399,0.466,0.744,0.0,0.034,0.378,0.479,0.339,2.814,5.747,8.13,7.342,5.763,2.504,1.103,0.982,0.953,0.13,0.093,1.001,0.281,0.0,0.525,0.0,0.199,0.594,0.0,0.671,0.0,0.011,0.604,0.425,1.919,5.25,7.754,7.575,5.659,4.498,0.401,0.0,0.855,0.0,0.493,0.6,0.311,0.452,1.096,0.051,0.901,0.0,0.485,0.53,0.278,0.765,0.457,1.079,2.029,4.395,6.68,6.996,4.535,3.391,0.879,0.457,0.0,1.233,0.196,0.045,0.087,0.215,0.174,0.0,0.698,0.0,0.675,0.0,0.226,0.0,0.0,0.657,1.643,3.115,3.55,3.442,1.988,0.403,0.761,0.105,0.161,0.0,0.0,0.452,0.914,0.0,0.0,0.041,0.0,0.68,0.375,0.984,0.616,0.185,0.251,0.567,0.579,2.236,3.623,2.777,2.043,1.37,1.103,0.0,0.25,0.118,0.007,0.0,0.0,0.0,0.07,0.0,0.0,0.011,0.97,777.1,morning
D0394,1.067,0.658,2.163,0.544,0.623,1.768,0.555,1.881,1.986,1.307,1.756,1.778,1.489,1.608,1.825,1.674,2.11,1.733,1.94,1.493,1.886,1.931,0.586,1.601,1.082,1.17,1.489,1.423,1.289,1.728,1.558,1.192,2.093,2.147,1.743,1.549,1.504,2.637,1.813,1.95,2.041,0.557,1.325,2.658,0.34,0.86,1.275,0.984,1.057,0.848,1.271,1.528,1.575,1.061,1.915,1.598,2.08,1.797,1.619,1.694,2.01,2.453,1.952,1.978,2.106,1.002,1.093,1.766,1.168,1.415,1.471,2.516,1.315,0.416,1.44,1.825,1.634,1.64,1.146,1.344,1.216,1.337,1.643,2.214,3.148,1.95,2.139,0.799,1.653,2.49,1.779,1.621,2.904,2.069,1.824,1.402,1.517,2.33,2.353,1.126,0.664,1.453,1.821,2.346,1.551,1.511,2.238,1.385,1.744,1.887,1.864,2.46,2.092,1.557,1.631,2.927,0.949,0.688,0.919,1.568,1.767,1.179,0.96,0.9,0.475,2.007,1.238,1.48,1.822,2.125,1.462,1.21,1.656,1.637,1.455,1.128,1.841,2.217,2.352,1.161,2.23,0.885,1.397,1.758,1.504,1.866,0.752,1.149,1.164,1.8,1.225,1.485,1.322,1.664,1.225,1.117,1.442,1.283,1.615,2.048,1.064,1.434,2.54,0.693,0.936,1.516,0.608,1.229,966.8,allday_low
D0395,0.696,0.302,0.718,0.0,0.219,0.429,0.79,0.384,0.384,0.298,0.0,0.0,0.0,0.572,0.428,0.874,0.416,4.786,0.774,4.023,0.066,0.0,0.0,0.0,0.0,0.255,0.012,0.286,0.269,0.0,0.239,0.0,0.0,0.271,0.198,0.236,0.482,0.0,0.0,0.151,0.0,4.606,0.098,3.172,0.0,0.0,0.0,0.0,0.083,0.668,0.06,0.0,0.276,0.119,0.596,0.81,0.146,0.0,0.096,0.256,0.0,0.029,0.0,0.348,0.0,5.212,0.091,4.447,0.181,0.0,0.831,0.763,0.704,0.242,0.329,0.097,0.418,0.913,0.0,0.375,0.0,0.0,0.148,0.32,0.481,0.766,0.0,0.568,0.988,5.779,0.0,5.673,0.149,0.119,0.863,1.286,0.017,1.204,0.003,0.504,0.0,0.0,0.017,0.537,0.257,0.0,0.0,0.0,0.306,0.229,0.221,0.216,0.0,3.118,0.808,3.114,0.0,0.012,0.0,0.559,0.0,0.272,0.035,0.0,0.283,0.09,0.525,0.0,0.0,0.097,0.303,0.465,0.107,0.57,0.0,0.631,0.446,4.338,0.662,4.4,0.765,0.0,0.0,0.438,0.243,0.0,1.055,1.001,0.299,0.0,0.0,0.387,0.859,1.403,0.077,0.053,0.139,0.397,0.0,0.0,0.108,5.916,0.984,4.936,0.721,0.167,0.103,0.0,383.0,intermittent
D0396,0.306,1.122,0.302,0.401,0.351,3.326,6.105,9.376,9.947,7.571,3.578,1.785,0.254,0.401,0.65,1.055,0.516,1.005,0.416,0.001,1.358,0.37,0.848,0.142,0.656,0.578,0.439,1.468,1.301,2.642,6.752,8.563,9.422,7.861,4.0,1.337,0.86,0.942,0.0,0.382,0.439,0.559,0.711,0.0,0.663,0.0,0.405,0.0,0.51,0.723,0.465,0.261,0.515,2.792,5.86,9.53,9.884,8.096,3.919,1.996,0.459,0.792,0.706,0.116,0.0,0.992,0.233,0.131,0.286,0.0,0.705,0.418,0.445,0.935,0.484,1.264,1.099,2.131,5.644,9.051,10.0,8.15,3.983,1.48,0.547,0.707,0.613,0.781,0.105,1.434,0.267,0.136,0.959,0.828,0.132,0.727,0.209,0.59,0.523,1.673,1.678,3.148,6.086,8.346,9.657,6.895,3.68,1.542,0.0,0.311,0.462,0.817,0.048,0.045,0.015,0.257,0.0,0.998,0.75,1.622,0.0,0.578,0.0,0.911,0.402,1.226,3.293,4.767,4.094,3.312,2.395,0.547,0.445,0.45,0.826,0.49,0.08,0.0,0.506,0.267,0.989,0.449,0.0,0.0,0.091,0.332,0.223,0.0,0.0,0.693,1.32,3.31,4.14,3.637,0.458,0.172,0.451,0.0,0.243,0.338,0.0,0.711,1.262,0.0,0.586,1.117,0.82,0.0,1032.3,morning
D0397,1.393,1.325,1.586,1.151,0.0,0.552,0.0,0.0,0.637,0.287,0.289,0.0,0.0,0.0,0.416,0.517,0.98,0.0,2.198,0.594,2.295,1.784,3.308,2.406,2.069,0.893,0.596,0.0,0.533,0.32,0.0,0.0,0.266,0.781,0.907,0.0,0.614,0.552,0.817,0.41,0.057,0.609,0.687,0.274,2.309,1.543,2.941,1.847,1.362,0.894,0.693,0.0,0.033,0.169,0.0,0.17,0.31,0.544,0.0,0.135,0.761,0.0,0.2,0.0,0.024,0.0,2.485,0.596,2.596,2.54,4.167,2.554,1.183,0.867,1.022,0.0,0.223,0.167,0.0,0.158,0.001,0.115,0.0,0.0,0.0,0.0,0.463,0.0,0.254,0.345,1.062,1.182,2.037,1.681,3.693,2.264,0.944,0.06,1.402,0.42,0.187,0.0,0.157,0.0,0.079,0.0,0.091,0.308,0.389,0.192,0.269,0.0,0.202,0.393,1.542,1.562,2.549,1.736,3.865,2.4,1.337,1.178,1.383,0.238,0.768,0.567,1.302,0.439,0.269,0.275,0.36,0.118,0.006,0.442,0.0,0.0,0.0,1.058,1.799,1.283,2.766,2.838,4.505,3.674,2.36,1.434,0.341,0.0,0.178,0.219,0.02,0.52,0.238,0.202,0.888,0.25,0.0,0.663,0.297,0.083,0.0,0.839,2.407,0.485,2.728,2.236,2.846,2.302,453.8,night
D0398,0.0,0.525,0.536,6.0,0.0,0.668,1.18,0.219,0.259,0.511,0.0,0.0,0.0,0.052,0.256,0.326,0.0,0.724,0.355,5.529,0.426,0.0,0.098,0.0,0.0,0.034,0.917,1.897,0.0,0.395,0.0,0.337,0.438,0.0,0.327,0.124,0.0,0.0,0.0,0.0,0.0,0.442,0.147,1.321,0.0,0.147,0.139,0.0,0.534,0.361,0.0,4.651,0.104,0.0,0.326,0.0,0.739,0.0,0.361,0.0,0.0,0.373,0.608,0.585,0.504,0.554,0.592,4.707,0.02,0.496,0.684,0.119,0.0,0.0,0.0,3.039,0.652,0.36,0.134,1.005,0.145,0.77,0.0,0.248,0.0,0.0,0.0,0.181,0.0,0.0,0.0,2.561,0.0,0.357,0.453,0.431,0.934,0.0,0.0,3.512,0.113,0.227,0.543,0.052,0.632,0.0,0.0,0.0,0.0,0.0,0.57,0.663,0.0,0.586,0.0,3.068,0.0,0.641,0.98,0.0,0.167,0.666,1.209,5.643,0.0,0.592,0.0,0.828,0.483,0.0,0.695,0.436,0.377,0.211,0.0,0.476,1.188,1.056,0.115,4.169,0.0,0.263,0.326,0.602,0.489,0.496,0.0,3.058,0.0,0.28,0.552,0.644,0.0,0.374,0.0,0.428,0.0,0.493,0.0,0.0,0.524,0.0,0.594,3.631,0.112,0.0,0.737,0.536,385.1,intermittent
D0399,2.718,1.157,1.403,0.331,0.579,0.789,0.164,0.0,0.198,0.229,0.522,0.042,0.019,0.126,0.468,0.71,1.378,1.288,0.638,2.233,2.076,2.92,4.258,4.833,2.51,1.38,1.384,0.492,0.0,0.696,0.824,0.079,0.0,0.0,0.405,0.696,0.361,0.0,0.765,0.266,0.224,0.6,1.154,1.377,1.739,3.475,4.171,4.988,3.586,1.63,1.14,0.743,0.61,0.0,0.53,0.0,0.551,0.0,0.32,0.154,1.252,0.0,0.0,0.957,0.703,0.521,0.458,1.72,2.137,3.243,3.86,4.715,2.899,2.36,0.388,0.711,0.468,0.263,0.581,0.472,0.324,0.775,0.0,1.264,0.807,1.056,0.0,0.319,0.453,0.243,0.785,1.942,1.916,4.007,4.7,4.355,3.254,2.415,0.884,0.803,0.098,1.063,0.064,0.0,0.382,0.0,0.0,0.0,0.466,0.788,0.178,0.942,0.025,0.315,1.284,3.426,3.205,4.973,5.334,6.712,3.705,3.332,1.11,0.61,0.563,0.7,0.68,0.0,1.176,1.106,0.945,0.447,0.943,0.499,0.494,0.702,0.664,1.003,0.0,2.979,2.575,5.081,5.173,6.504,3.759,2.638,1.487,0.922,0.0,0.0,0.0,0.0,0.384,0.766,0.764,0.0,0.297,0.19,0.0,0.692,0.706,0.174,0.617,2.123,2.785,3.589,4.262,4.559,831.8,night
D0400,0.0,0.0,0.0,1.155,0.071,1.257,2.116,4.31,5.923,5.897,3.671,2.103,1.217,0.063,0.358,0.0,0.02,0.263,0.165,0.206,0.487,0.581,0.0,0.337,0.113,0.038,0.885,0.0,0.377,1.563,2.301,3.982,5.956,6.528,4.282,1.535,1.388,0.629,0.0,0.208,1.076,0.184,0.939,0.0,0.0,0.764,0.638,0.243,0.646,0.0,0.0,0.451,0.272,1.103,2.361,4.258,6.901,5.264,3.823,1.726,0.836,0.363,0.752,0.396,0.0,0.0,0.0,0.0,0.56,0.217,0.433,0.0,0.113,0.472,0.725,0.0,1.107,1.564,2.726,4.978,5.883,5.372,3.793,1.903,0.416,0.607,0.901,0.659,0.276,0.0,0.0,0.212,0.544,0.0,0.298,0.575,0.213,0.0,0.0,0.61,0.087,1.61,2.235,4.355,6.125,5.281,3.778,1.389,0.302,0.0,0.033,1.169,0.0,0.518,0.14,0.0,0.598,0.015,0.041,0.729,0.0,0.215,0.103,0.082,0.0,0.798,1.121,2.35,2.776,3.054,1.758,1.413,0.0,0.0,0.924,0.487,0.954,0.39,0.0,0.955,0.0,0.475,0.0,0.792,0.0,0.0,0.0,0.377,0.077,0.988,0.611,1.232,2.209,3.03,1.971,1.228,0.031,0.0,0.746,0.0,0.105,0.0,0.136,0.0,0.485,0.719,0.572,0.0,677.0,morning
D0401,0.0,0.582,0.67,0.47,0.0,0.035,0.557,0.105,0.078,0.599,0.622,0.448,3.284,0.0,0.355,0.0,0.916,0.239,0.0,0.0,0.721,4.125,0.0,0.0,0.268,0.856,0.682,0.0,0.262,0.291,0.234,0.0,0.0,0.49,0.974,0.314,2.35,0.532,0.0,0.0,0.644,0.968,0.0,0.671,0.202,1.574,0.156,0.0,0.392,0.372,0.0,0.0,0.0,0.89,0.0,0.519,0.462,0.0,0.0,0.46,4.636,0.0,0.405,0.924,0.75,0.25,0.0,0.085,0.0,5.427,0.035,0.051,0.617,0.03,0.011,0.347,0.0,0.0,0.0,0.413,0.237,1.064,0.0,0.569,0.988,0.0,0.0,0.164,0.256,0.0,0.0,0.0,0.191,1.687,0.12,0.619,0.0,0.0,0.101,0.954,0.365,0.0,0.748,0.0,0.032,0.0,0.204,0.0,1.489,0.411,0.194,0.0,0.05,0.451,0.31,0.435,0.0,2.04,1.008,0.0,0.0,0.196,0.24,0.0,0.0,0.0,0.132,0.0,0.261,0.292,0.579,0.0,2.339,0.389,0.806,0.524,0.616,0.21,0.0,0.713,0.0,3.258,0.497,0.0,0.0,0.11,0.0,0.0,0.0,0.548,0.137,0.033,0.0,0.059,0.85,0.158,2.024,0.478,0.711,0.763,0.296,0.0,0.588,0.0,0.0,2.148,0.385,0.572,252.8,intermittent
D0402,2.329,2.131,2.039,1.836,2.506,2.721,2.324,2.133,2.634,2.091,3.148,3.173,2.945,2.569,2.689,1.979,2.377,2.99,2.234,3.571,2.189,1.916,2.416,2.38,2.778,2.016,1.708,1.869,2.705,2.947,1.996,2.266,3.035,2.828,2.317,2.125,2.417,3.132,2.092,2.841,2.545,2.318,2.351,2.879,2.64,2.787,1.887,1.441,2.234,2.113,1.875,1.228,2.539,0.868,2.573,2.621,2.672,2.455,1.546,1.924,2.332,3.58,3.192,2.667,2.432,2.705,2.949,2.619,1.773,2.966,2.468,1.967,2.309,2.664,2.268,2.316,2.841,1.914,1.821,2.122,2.792,2.928,2.655,2.278,3.522,2.239,2.569,2.445,3.199,2.579,3.322,2.858,1.994,2.191,2.025,2.831,2.545,1.417,2.344,2.103,1.59,1.836,2.168,1.338,2.512,2.535,2.467,2.675,2.62,2.256,2.487,2.412,3.005,2.18,2.333,2.509,1.727,2.129,2.275,2.278,2.1,1.57,1.4,1.702,2.03,1.852,1.531,3.092,1.811,1.646,2.007,2.782,2.705,3.288,2.043,2.349,2.905,1.921,2.845,2.263,1.812,1.328,2.273,2.652,2.1,2.096,2.016,2.333,2.499,0.689,1.894,1.822,2.256,2.069,2.524,2.543,1.587,1.506,2.838,2.111,3.223,2.777,1.519,1.889,2.279,1.899,1.96,1.489,1374.6,allday_low
D0403,1.754,1.461,1.784,1.907,1.776,2.37,1.383,2.345,1.463,2.386,1.248,2.111,2.734,2.157,2.31,2.462,1.253,2.373,1.735,2.507,1.955,2.046,1.322,2.161,1.744,1.046,1.471,2.023,1.813,2.113,1.684,2.457,2.621,1.278,2.413,2.902,2.496,2.3,1.736,2.179,2.051,2.618,2.596,1.993,1.56,0.955,2.112,2.02,0.811,1.954,2.09,0.481,1.297,2.913,1.881,2.947,2.098,2.576,2.023,1.934,1.576,2.577,1.965,1.903,1.595,2.255,2.51,1.98,1.86,2.621,1.141,2.629,1.165,1.688,1.886,2.184,1.054,1.891,1.594,2.383,1.728,1.219,2.336,2.231,3.103,2.775,1.961,2.78,2.348,2.566,1.831,1.921,2.304,2.265,0.923,2.078,1.395,1.85,0.978,2.142,2.079,1.446,2.052,1.92,2.284,1.469,1.627,1.916,2.282,3.077,2.434,2.768,1.91,1.988,1.868,2.003,2.311,1.786,1.735,2.079,1.37,1.221,1.399,2.391,1.994,2.49,1.098,1.918,1.643,1.742,1.262,2.606,1.344,2.509,1.943,1.699,1.644,2.044,1.79,1.885,0.917,0.814,0.865,1.997,2.249,1.451,1.885,1.726,2.124,2.178,1.128,1.83,2.196,2.27,2.3,2.006,2.379,1.469,1.504,2.788,2.564,2.733,1.886,1.443,1.726,2.615,1.307,1.558,1178.6,allday_low
D0404,1.366,0.785,1.196,0.0,0.238,0.956,1.707,1.088,1.201,1.405,1.175,0.698,1.782,1.624,1.67,1.003,2.159,1.229,2.004,0.343,1.033,1.847,1.043,0.0,0.594,1.126,1.627,0.87,1.519,1.239,0.921,1.516,1.657,1.163,1.036,0.694,1.66,1.245,1.75,1.636,1.63,1.348,0.786,1.505,1.602,2.208,0.839,0.59,0.5,0.977,1.342,1.4,1.732,1.235,0.567,1.27,0.28,1.137,1.169,1.629,1.67,1.171,1.196,1.533,1.686,1.753,1.142,1.27,0.756,0.699,0.237,0.777,1.601,1.637,1.236,1.452,1.39,1.139,0.01,2.181,1.131,1.197,2.018,1.494,2.605,1.13,1.982,1.394,1.517,1.026,1.077,1.873,1.458,1.352,0.372,0.339,0.611,0.821,0.935,1.142,1.486,1.723,1.194,0.781,1.553,1.375,1.57,1.965,1.297,2.159,0.874,1.832,1.179,1.523,1.508,1.135,0.936,0.779,1.236,1.347,1.742,0.784,0.192,1.112,0.14,1.676,1.337,0.592,0.389,0.775,1.463,0.934,1.659,1.776,1.107,1.751,1.868,1.534,1.47,0.91,2.016,0.604,0.797,1.377,0.754,0.765,0.27,0.688,2.01,0.793,1.571,0.821,0.623,0.813,1.551,0.298,2.092,1.568,1.196,0.997,1.09,1.798,0.514,1.138,1.61,0.134,0.713,0.274,665.2,allday_low
D0405,0.146,0.0,0.0,0.622,0.885,1.754,4.64,7.784,7.956,5.27,3.073,0.942,0.232,0.419,0.0,0.133,0.802,1.442,0.0,0.0,0.839,0.0,0.273,1.139,0.003,0.219,0.0,0.752,0.096,1.974,4.276,7.288,8.701,5.914,3.066,1.327,0.512,0.937,0.682,0.0,0.769,0.437,0.535,0.0,0.331,0.268,0.019,0.814,0.0,1.694,0.0,0.655,0.998,2.811,5.612,7.237,7.945,5.548,2.523,1.21,0.511,0.365,0.163,0.484,0.683,0.0,0.608,1.033,0.0,0.4,0.535,0.683,0.734,0.874,0.407,0.0,0.74,2.935,4.464,7.666,8.246,6.016,3.377,1.18,0.477,1.177,1.221,0.982,0.578,0.071,0.392,0.273,0.826,0.506,0.593,0.316,0.0,0.906,0.299,0.857,0.704,2.901,4.376,7.029,7.48,4.774,2.995,1.507,0.686,1.384,0.0,0.0,0.0,0.352,0.854,0.393,0.092,0.988,0.262,0.0,0.598,0.44,0.263,0.929,0.359,1.154,1.748,3.028,3.326,2.895,1.027,0.494,0.135,0.138,0.0,0.056,0.0,0.131,0.136,0.181,0.401,0.963,0.0,0.0,0.0,0.273,0.457,0.0,0.504,1.303,2.135,2.821,3.451,2.181,1.591,0.636,0.124,0.0,0.141,0.0,0.0,0.0,0.098,0.0,0.058,0.025,0.0,0.017,845.6,morning
D0406,0.292,0.79,0.729,0.464,1.018,3.441,5.779,7.182,7.458,4.19,1.1,0.768,0.838,0.073,0.172,0.552,0.123,0.281,0.73,0.632,0.429,0.0,0.59,0.15,0.548,0.0,0.786,0.182,1.518,3.642,6.191,8.061,7.167,3.917,2.628,1.295,0.245,0.0,0.781,0.0,0.567,0.0,0.543,0.0,0.33,0.0,0.334,0.325,0.651,0.116,0.491,0.381,1.529,3.399,6.411,7.36,7.086,4.593,2.85,1.694,0.0,0.062,0.0,1.316,0.47,0.589,0.185,0.326,0.836,0.0,0.0,0.219,0.332,0.581,0.373,0.18,1.153,3.302,6.312,8.337,7.004,4.147,1.627,1.327,0.221,0.0,0.404,1.054,0.0,0.593,0.123,0.377,0.692,0.875,0.089,0.665,0.418,0.496,0.902,0.212,1.607,3.132,6.247,7.678,6.703,4.634,1.674,0.582,0.058,0.04,0.0,0.081,0.278,0.653,0.0,0.086,0.232,0.655,0.392,0.48,0.544,0.375,0.0,1.022,0.0,1.854,2.905,4.109,3.102,1.786,0.418,0.0,0.112,0.0,0.0,0.0,0.613,0.0,0.328,0.091,0.303,0.029,0.496,0.423,0.675,0.0,0.0,0.049,0.581,1.526,2.124,3.245,2.769,1.666,0.809,0.996,0.522,0.608,0.294,0.923,0.531,0.0,0.458,0.283,0.411,0.0,0.0,0.088,757.5,morning
D0407,2.459,1.723,1.847,1.815,1.618,1.674,1.645,0.656,2.303,2.381,2.334,2.052,2.005,1.591,1.55,1.834,2.158,2.18,1.714,1.285,1.498,1.676,0.968,1.704,2.308,1.193,2.488,1.237,1.483,1.839,1.65,0.967,1.911,1.907,1.827,2.044,2.265,1.702,2.354,1.827,2.757,2.48,1.497,2.425,1.982,1.969,1.589,1.467,1.461,1.125,0.692,1.267,1.294,1.131,1.932,1.84,1.532,1.732,2.046,1.685,0.917,2.64,2.062,2.223,2.144,1.363,1.636,1.866,1.709,1.22,1.825,1.877,1.412,2.006,1.774,1.728,1.358,1.545,2.045,1.078,1.175,1.688,1.936,1.968,2.301,2.21,2.123,1.965,2.434,2.552,1.812,2.047,1.682,1.186,0.92,2.15,1.943,1.735,1.983,1.194,1.984,1.778,1.477,0.693,1.155,2.646,2.704,1.374,1.168,2.687,2.077,1.777,1.511,1.453,2.532,1.984,0.992,1.414,2.383,1.757,0.796,1.107,1.332,1.826,1.38,2.079,1.621,0.526,1.859,1.603,1.523,1.988,1.748,1.982,1.666,1.638,2.358,1.862,1.935,1.425,2.097,1.65,1.351,2.029,1.272,1.48,0.84,1.117,1.774,1.436,1.545,1.517,1.597,1.442,1.539,1.679,1.729,2.099,2.095,2.484,2.171,1.412,1.449,2.103,1.916,2.025,1.502,1.342,1030.5,allday_low
D0408,2.354,1.296,1.419,1.354,2.148,0.975,1.859,1.432,1.384,0.992,2.588,2.205,1.334,1.398,1.685,2.189,1.873,1.469,1.78,2.317,1.944,0.799,1.082,1.45,1.532,2.034,1.421,1.688,0.488,1.33,1.87,2.462,1.074,1.669,1.023,1.788,2.4,2.38,1.954,1.848,3.101,1.782,1.568,1.493,1.016,1.809,1.847,1.784,1.82,1.176,1.351,1.963,1.26,1.255,2.002,1.253,1.161,1.273,3.032,2.332,2.21,1.541,2.2,2.726,2.093,1.382,2.056,1.674,1.738,1.177,1.212,1.296,1.122,1.418,1.118,2.182,1.693,1.85,1.493,0.709,2.054,1.697,2.004,1.848,0.929,1.77,1.604,2.058,2.137,2.849,2.026,1.494,1.486,1.844,1.935,0.948,1.361,1.375,0.699,1.769,1.573,1.42,1.665,1.906,2.547,2.041,1.301,3.149,1.426,2.14,1.883,1.911,2.102,2.084,2.437,1.45,1.857,1.885,2.614,1.733,0.807,1.919,1.084,0.913,1.922,1.417,1.31,2.209,1.278,1.338,1.858,0.676,1.81,1.804,1.394,1.76,1.855,1.672,2.002,1.693,1.433,1.766,1.52,2.708,1.785,1.062,0.51,0.995,0.406,1.657,1.269,1.105,1.778,1.406,1.812,1.572,1.772,2.348,2.19,2.413,1.893,0.877,1.327,0.845,1.922,1.458,1.966,1.825,979.0,allday_low
D0409,1.93,2.057,2.475,2.063,1.594,1.407,1.873,1.754,2.229,1.988,2.13,2.924,3.185,2.129,2.331,2.376,2.581,2.533,2.075,2.449,1.929,1.892,1.583,2.403,2.303,2.017,2.137,2.36,2.232,2.264,1.799,1.383,1.781,3.208,2.196,3.099,2.683,2.465,2.087,2.162,2.38,2.318,2.549,1.915,1.848,2.452,2.847,1.975,2.093,1.795,1.81,1.766,1.736,2.187,2.27,1.95,1.879,2.005,2.596,2.017,1.982,2.606,2.463,2.416,2.814,2.355,2.008,2.297,1.844,2.458,2.003,1.474,1.964,1.504,2.301,1.817,2.177,1.659,1.905,2.246,2.066,1.819,2.626,2.506,1.956,2.316,2.124,2.26,2.236,2.272,1.664,2.033,2.571,2.836,1.479,2.422,2.9,1.773,2.069,2.318,1.697,2.365,1.906,2.491,2.82,2.786,2.162,2.648,2.229,1.966,2.393,2.847,2.317,3.034,2.338,1.738,2.014,1.772,2.585,2.164,1.676,2.01,1.307,1.164,1.139,0.921,1.316,2.108,2.252,1.607,1.169,1.959,2.42,2.606,2.353,1.778,2.523,2.318,2.405,1.597,2.154,2.245,1.185,1.466,1.02,1.31,1.608,1.024,2.205,2.25,1.735,1.558,1.904,2.655,2.354,1.331,1.181,1.823,2.224,1.465,2.103,1.386,2.076,2.096,2.69,1.794,1.633,2.343,1247.1,allday_low
D0410,0.0,0.52,0.0,0.151,0.47,0.0,0.0,0.579,0.0,0.225,0.606,0.21,0.291,0.865,1.203,2.914,0.0,0.543,2.704,0.759,0.0,2.883,0.0,0.0,0.691,0.314,0.136,1.083,0.213,0.152,0.0,0.0,0.0,0.0,0.0,0.032,0.475,0.149,0.965,2.735,0.0,0.364,2.691,0.789,0.53,2.671,0.947,0.411,0.486,0.892,0.601,0.312,0.18,0.0,0.0,0.162,0.0,0.224,0.673,0.0,0.0,0.0,0.0,4.706,0.235,0.908,5.869,0.525,0.314,5.072,1.224,0.072,0.57,0.0,0.181,0.143,0.101,0.0,0.31,0.77,1.166,0.963,0.79,0.99,1.042,0.0,0.334,4.918,0.463,0.11,5.816,0.098,0.0,5.067,0.606,0.0,0.676,0.143,0.0,0.0,0.0,0.0,0.176,0.329,0.369,0.318,0.614,0.667,0.0,0.0,0.0,5.277,0.0,0.501,5.015,0.927,0.569,5.479,0.0,0.147,0.717,0.02,0.0,0.198,0.0,0.684,0.48,0.608,0.823,0.0,0.207,0.157,0.913,0.014,0.0,4.246,0.599,0.44,4.728,0.029,0.353,5.057,0.298,0.043,0.14,0.0,0.619,0.095,0.0,1.171,0.0,0.0,0.0,0.0,0.49,0.0,0.226,0.0,0.0,1.354,0.134,0.0,2.158,0.307,0.0,2.612,0.0,0.971,446.6,intermittent
D0411,0.0,0.0,0.889,0.525,1.747,3.812,6.107,7.01,6.327,3.58,1.389,1.038,0.32,0.817,0.974,0.797,0.494,0.0,0.509,0.096,0.633,1.036,0.269,0.0,0.626,0.314,1.068,0.706,1.681,3.93,6.619,6.621,5.633,3.848,1.115,0.565,0.251,0.005,0.237,0.0,0.0,0.402,1.035,0.646,0.655,0.784,0.402,0.32,0.0,0.672,0.501,0.372,1.571,3.38,6.717,8.208,5.49,3.82,1.953,0.055,0.0,0.343,0.232,0.21,0.816,0.151,1.398,0.0,0.0,0.0,0.225,0.949,0.0,0.0,0.091,0.641,1.785,3.711,5.9,7.469,6.644,3.762,1.203,0.61,0.579,0.713,1.0,0.43,0.0,0.0,0.581,0.0,0.676,0.041,0.0,0.54,0.0,0.514,0.44,0.0,2.264,4.274,6.585,7.575,5.371,3.704,1.679,0.0,0.0,0.0,0.959,0.0,0.03,0.0,0.079,0.759,0.0,0.506,0.0,1.142,0.191,0.105,0.0,0.404,0.109,1.793,2.652,3.097,3.626,2.139,1.291,0.643,0.343,0.802,0.287,0.417,0.763,0.506,0.339,0.497,0.189,0.368,0.411,0.0,0.0,0.455,0.21,0.265,0.817,0.662,2.516,2.933,2.48,1.725,0.399,0.836,0.0,0.438,0.0,0.649,0.223,0.0,0.17,0.304,0.225,0.272,0.023,0.0,726.7,morning
D0412,1.183,0.306,0.457,0.46,1.096,1.54,4.101,6.766,8.2,7.308,3.686,0.841,0.083,0.846,0.0,0.467,0.0,1.538,0.0,0.026,0.675,0.219,0.0,0.0,0.028,0.0,0.326,1.258,1.634,2.692,3.975,7.076,7.922,5.939,2.725,0.698,0.681,0.0,0.0,0.49,0.0,0.984,0.348,0.154,0.036,0.537,0.0,0.918,0.714,0.0,0.244,0.938,0.889,1.67,3.699,6.703,7.679,6.447,3.396,1.056,1.105,0.616,0.0,0.059,0.643,0.0,0.247,0.193,0.0,0.0,0.299,0.0,0.055,0.707,0.009,0.598,1.137,1.724,4.263,6.368,8.199,6.599,4.192,2.019,0.73,1.614,0.727,0.897,0.116,0.158,0.356,0.0,0.341,0.306,0.816,0.849,0.362,0.14,1.121,0.0,0.0,1.9,3.801,6.278,6.649,5.598,4.025,2.005,0.936,0.0,0.163,0.127,0.003,0.063,0.262,0.0,0.839,0.247,0.082,0.0,0.498,0.0,0.366,0.0,0.369,0.22,1.738,3.004,3.612,3.236,1.824,1.374,0.0,1.108,0.571,0.0,0.591,0.941,0.646,0.0,0.164,0.485,0.132,0.344,0.359,0.0,0.699,0.198,0.262,0.304,1.505,3.123,3.254,2.842,1.4,0.636,0.0,0.325,0.044,0.272,0.0,1.269,0.163,0.337,0.304,0.0,0.319,0.664,816.3,morning
D0413,2.177,2.661,1.965,1.794,1.84,2.086,1.347,2.651,1.986,2.135,1.671,2.38,1.78,1.671,2.113,2.318,2.004,2.459,2.809,2.275,1.099,2.013,2.217,1.735,2.002,1.947,1.311,2.37,1.729,1.754,2.159,1.299,2.666,1.735,3.072,2.838,1.935,2.578,2.012,1.936,1.266,2.616,2.052,2.53,2.198,1.473,2.334,2.135,1.644,2.267,1.685,1.475,1.774,1.735,1.288,0.835,2.837,2.686,2.923,2.737,2.204,2.349,2.165,2.672,2.603,2.177,2.455,2.699,2.095,1.497,2.161,1.351,1.496,1.953,2.085,1.871,1.404,3.155,1.721,2.226,1.833,1.754,2.281,2.132,2.433,2.133,2.502,2.091,2.874,2.465,2.201,2.169,1.927,2.075,2.63,1.645,1.932,1.483,0.689,2.104,2.345,2.098,3.006,1.859,1.693,2.71,2.818,2.825,1.904,2.114,1.703,3.316,1.976,1.788,2.21,2.23,2.396,1.963,1.65,1.724,1.402,2.273,1.623,1.931,1.579,0.889,2.499,2.08,2.061,1.005,1.969,2.792,2.734,2.088,2.746,2.892,2.081,2.691,2.605,2.337,2.308,1.426,2.113,1.655,1.267,2.33,1.573,1.751,1.737,1.011,1.627,2.167,1.893,1.8,2.182,2.581,1.416,2.139,2.206,2.982,2.694,1.477,2.635,1.891,1.162,1.215,2.374,1.916,1184.5,allday_low
D0414,1.808,2.027,1.476,2.792,1.389,1.385,2.106,3.38,1.525,2.604,2.349,2.57,2.963,2.179,2.384,2.177,3.08,2.963,1.812,2.409,2.63,1.368,2.643,1.936,1.719,2.521,2.379,1.276,2.248,2.271,1.037,2.336,1.972,2.746,1.933,2.445,2.208,2.201,1.516,2.966,2.971,2.423,2.484,1.907,2.641,2.194,2.046,2.627,1.338,1.018,2.07,1.798,1.412,2.042,2.182,2.479,1.661,2.053,2.452,2.889,2.858,2.265,2.734,2.253,2.263,2.25,2.028,2.568,2.577,1.903,2.097,1.792,1.501,1.401,2.657,1.557,2.209,2.14,1.482,2.274,2.291,2.227,2.121,2.389,2.662,2.099,3.147,2.796,1.366,2.289,3.276,2.398,1.831,2.371,1.065,2.086,1.697,1.911,1.272,1.698,0.748,1.686,2.073,2.584,3.267,1.869,2.545,2.239,2.314,2.527,2.429,3.327,2.315,1.876,2.4,1.754,1.992,2.56,1.907,2.199,1.637,1.82,1.37,2.068,1.138,1.408,1.853,2.246,2.037,2.244,1.537,2.009,2.311,2.263,1.764,1.859,2.145,2.487,3.031,1.523,1.965,1.416,1.806,1.595,1.915,0.808,1.534,1.752,1.823,1.916,1.888,2.441,2.54,1.92,1.851,2.242,2.567,2.257,1.76,2.67,2.382,2.943,1.749,2.121,2.137,1.774,1.39,1.895,1228.3,allday_low
D0415,0.0,0.108,0.136,0.462,1.142,2.485,5.181,7.054,7.934,5.068,1.82,0.788,1.879,0.0,0.519,1.319,0.0,1.017,1.016,0.183,0.0,0.585,0.271,0.227,0.614,0.319,0.0,0.39,1.102,2.573,5.374,6.12,7.499,4.73,2.513,1.363,0.109,0.158,0.566,0.044,0.46,0.0,0.855,0.649,0.0,0.801,0.5,0.0,0.618,0.632,0.0,0.0,0.753,2.015,5.081,6.69,6.77,5.714,2.993,0.284,1.056,1.035,0.249,0.135,0.0,0.0,0.261,0.099,0.157,0.472,1.111,0.046,0.047,0.253,0.212,1.205,0.85,2.76,5.964,7.775,6.963,4.692,1.999,1.02,0.0,1.34,0.068,0.33,0.435,0.0,0.763,0.526,0.189,0.484,0.276,0.307,0.0,0.354,0.505,0.051,1.023,1.368,5.12,6.096,5.919,4.434,2.414,0.794,0.799,0.213,0.214,0.244,1.075,0.122,1.441,1.205,0.0,0.731,0.037,0.381,0.0,0.127,1.429,0.0,0.793,1.152,1.959,3.734,3.003,2.229,1.241,1.027,0.068,1.207,0.0,0.0,0.737,0.0,0.258,0.0,0.0,0.0,0.52,0.0,0.124,0.0,0.478,0.0,0.364,0.823,1.549,3.385,2.077,2.164,1.216,0.252,1.096,0.366,0.0,0.441,0.0,0.0,0.671,0.408,0.647,0.0,0.325,0.85,745.8,morning
D0416,0.3,0.47,0.502,0.0,3.269,0.227,0.0,3.565,1.066,0.049,0.452,0.195,0.058,0.019,2.487,0.382,0.0,0.487,0.014,0.0,0.0,0.37,0.053,0.0,0.927,0.0,0.789,0.709,3.428,0.546,0.0,2.482,1.068,0.678,0.429,0.0,0.0,0.0,2.56,0.086,0.282,0.749,1.17,0.885,0.0,0.0,0.0,0.704,0.583,0.011,0.185,0.337,4.165,0.799,0.334,3.438,0.427,0.148,0.422,0.158,0.779,0.817,3.622,1.177,0.333,0.431,0.888,1.152,0.771,0.389,0.071,0.383,0.487,0.405,0.114,0.0,2.719,0.0,0.0,1.964,0.001,0.0,0.296,0.0,0.0,0.757,2.884,0.326,0.817,0.0,0.517,0.097,0.851,0.285,0.0,0.793,0.0,0.0,0.858,0.46,1.898,0.125,0.112,1.661,0.0,0.127,0.614,0.547,0.0,0.546,2.836,0.0,0.502,0.178,0.048,0.178,0.536,0.0,0.171,0.006,0.244,0.151,0.0,1.083,4.639,0.491,0.495,5.262,0.36,0.521,0.0,0.07,0.093,0.45,5.731,0.0,0.209,0.0,0.0,0.026,0.0,0.0,0.277,0.663,0.049,0.602,0.534,0.0,2.559,0.0,0.293,2.869,0.183,0.0,0.148,0.495,0.449,0.414,2.911,0.697,0.0,0.0,0.0,0.0,0.838,0.0,0.0,0.0,411.0,intermittent
D0417,6.946,5.852,4.307,1.666,1.459,0.0,0.458,0.173,0.928,0.278,0.817,0.684,0.109,0.848,0.693,0.0,0.69,0.274,0.826,1.146,2.483,4.21,5.578,7.235,7.333,6.363,3.554,2.141,1.423,0.632,1.263,0.21,0.691,0.625,0.504,0.0,0.323,0.0,0.223,0.413,1.488,0.823,0.149,1.118,2.214,3.825,5.935,7.213,7.605,5.997,4.037,2.371,1.376,0.655,0.408,0.785,0.076,0.0,0.0,0.0,0.698,0.505,0.799,0.679,0.918,0.991,1.038,1.463,2.762,4.716,5.96,8.154,7.594,5.968,4.685,2.149,0.319,0.102,0.16,0.0,0.712,0.081,0.344,0.196,0.0,0.0,0.88,0.618,0.0,0.224,1.048,1.339,3.093,3.873,6.425,7.48,8.814,7.676,4.591,3.746,1.029,0.586,0.651,1.0,0.955,0.0,1.157,0.495,0.0,0.57,0.11,1.102,0.732,1.101,1.32,1.108,2.699,5.34,7.673,9.165,10.0,7.85,4.621,3.519,0.493,0.51,0.383,0.996,0.437,0.285,1.063,0.945,0.464,0.698,0.086,0.491,0.57,0.061,0.072,1.191,3.174,5.3,7.632,10.0,7.787,6.78,3.908,2.76,1.074,0.567,0.968,0.427,0.828,0.445,0.0,1.465,0.728,0.355,1.108,0.06,0.092,0.0,0.59,0.844,2.119,3.538,6.276,8.497,1332.7,night
D0418,1.385,0.27,0.0,4.09,0.664,0.525,0.727,0.0,0.934,0.278,0.0,0.0,0.0,0.0,0.0,0.401,0.0,0.0,4.557,0.0,3.742,0.0,0.09,0.372,0.864,0.63,0.0,3.683,0.663,0.516,0.0,0.834,0.0,0.655,0.642,0.4,0.0,0.266,0.55,0.197,0.138,0.007,3.278,0.132,3.375,0.0,0.352,0.0,0.0,0.508,0.639,3.413,0.314,0.537,0.0,0.0,0.0,0.0,0.503,0.229,0.0,0.0,0.678,0.086,0.325,0.0,3.658,0.637,3.411,0.257,0.327,0.625,0.715,0.0,0.074,3.996,0.271,0.016,0.051,0.09,0.067,1.327,0.0,0.123,0.0,0.266,0.0,0.163,0.0,0.676,4.114,0.0,3.334,0.36,0.285,0.057,0.439,0.0,0.041,2.319,0.231,0.18,0.264,0.353,1.027,0.473,0.0,0.529,0.085,0.0,0.0,0.019,0.241,0.489,1.997,0.0,1.794,0.0,0.0,0.0,0.043,0.462,0.075,3.288,0.062,0.0,0.514,0.853,0.222,0.483,0.0,0.283,0.151,0.613,0.0,0.127,0.0,0.45,3.797,0.016,2.881,0.073,0.48,0.318,0.737,0.0,0.166,4.592,0.0,0.704,0.851,0.0,1.263,0.043,0.0,0.0,0.096,0.0,0.0,0.0,0.0,0.91,4.535,0.618,3.098,0.0,0.0,0.0,417.7,intermittent
D0419,5.467,3.498,2.799,0.983,1.696,0.937,0.315,0.357,0.941,0.47,0.593,1.275,0.416,0.0,0.401,0.852,0.474,0.0,0.473,1.593,1.189,2.476,4.383,6.077,4.218,3.826,2.47,1.159,0.0,0.457,0.0,0.391,0.0,0.473,0.301,0.0,0.572,0.257,0.467,0.413,0.783,0.628,0.693,0.069,1.63,2.062,4.084,6.031,4.876,4.231,1.837,1.04,0.616,1.038,0.734,0.047,0.048,0.355,1.345,0.309,0.0,0.0,0.195,0.422,0.0,0.751,0.171,1.465,1.899,3.056,3.45,5.358,5.39,3.967,2.601,1.013,0.875,0.0,0.776,0.769,0.46,0.659,0.18,0.236,0.209,0.901,0.407,0.0,0.3,0.151,0.595,0.878,1.295,2.924,4.833,6.467,5.72,4.976,3.572,1.915,0.763,0.406,0.721,1.095,0.737,0.497,0.958,0.493,0.455,0.699,0.126,1.761,0.495,0.388,1.033,1.675,2.026,3.384,5.933,7.234,6.518,5.018,2.938,0.809,1.105,0.935,0.54,0.609,0.138,0.377,0.734,0.0,0.0,0.0,1.189,0.308,1.089,0.459,1.488,1.788,2.128,4.384,5.895,7.713,6.195,5.037,3.116,1.482,0.832,0.331,1.197,0.0,0.0,0.0,0.843,0.793,0.56,0.5,0.0,0.483,0.924,0.0,0.018,1.168,2.375,3.978,5.833,6.251,905.5,night
D0420,5.583,3.88,3.21,2.602,0.754,0.049,1.258,0.614,0.544,0.398,0.025,0.209,1.076,0.019,0.942,0.485,0.49,0.0,0.592,0.577,0.429,2.262,3.592,5.304,5.26,4.403,3.379,1.705,0.802,0.0,0.35,0.626,0.453,0.162,0.0,0.0,0.0,0.705,0.689,0.468,0.174,0.929,0.684,0.0,1.866,2.17,4.207,5.397,5.064,4.649,2.47,1.535,1.018,0.555,0.074,0.223,0.379,0.63,0.046,0.26,0.0,0.0,0.837,1.016,0.423,0.196,0.189,1.155,0.0,3.266,3.82,4.04,7.065,4.048,2.506,1.585,0.936,1.094,0.242,0.0,0.209,0.205,0.994,0.821,0.074,0.191,0.0,0.631,0.325,0.536,0.707,1.34,1.043,2.392,4.699,5.395,7.172,7.397,4.243,3.187,0.968,0.466,0.0,0.706,0.743,0.459,0.625,0.813,0.0,0.451,1.166,0.292,0.0,0.925,0.579,0.762,1.292,3.28,4.588,7.276,7.564,6.936,4.852,1.98,1.487,0.578,0.797,0.422,0.0,0.793,0.0,0.501,1.29,1.068,0.618,0.208,0.412,0.93,0.179,0.996,1.156,2.864,4.833,7.1,6.518,6.369,3.638,2.238,1.589,0.571,0.461,0.649,0.061,0.455,0.0,0.221,1.33,0.299,0.464,0.0,0.565,1.27,0.063,1.161,1.004,1.747,4.008,5.454,960.0,night
D0421,1.287,1.551,1.298,1.103,1.012,1.343,0.873,1.55,0.652,0.505,1.628,0.926,1.114,1.016,1.762,1.125,2.08,1.754,1.471,2.01,0.808,1.23,0.091,0.842,0.454,1.433,1.573,0.901,2.076,0.699,0.586,0.928,1.401,1.716,1.709,1.256,1.959,1.25,2.803,1.967,0.547,1.189,1.012,2.244,0.809,0.158,1.579,0.0,0.89,1.389,0.836,1.669,1.23,0.674,1.225,1.962,1.345,1.534,1.568,1.09,0.713,1.664,2.154,1.759,0.856,1.607,1.784,1.835,1.515,1.295,0.842,1.005,1.505,0.652,0.618,1.354,1.226,1.747,1.539,0.931,1.934,1.437,1.679,1.26,1.695,1.26,0.549,2.313,1.076,1.169,1.084,2.122,1.461,1.471,1.571,1.435,1.162,1.123,1.696,0.493,0.665,1.387,1.285,1.03,2.314,0.771,1.388,1.549,1.284,1.196,1.368,2.211,1.293,1.596,1.09,1.621,1.723,1.095,1.439,1.03,0.964,1.125,1.048,1.028,0.28,0.416,0.231,0.423,1.313,1.003,0.933,2.079,1.85,0.62,0.954,0.908,1.337,0.687,0.911,1.349,1.046,0.464,1.054,1.03,1.039,0.287,1.347,0.697,0.424,1.003,1.307,1.322,1.685,0.876,0.488,1.12,0.036,0.96,1.194,1.113,1.538,1.258,1.418,1.288,0.438,1.325,0.766,1.068,726.7,allday_low
D0422,1.402,1.145,2.118,1.367,0.864,2.359,1.623,1.5,2.26,1.781,1.67,1.046,0.782,2.393,1.99,1.754,1.75,1.904,1.993,1.292,1.664,1.754,1.239,0.42,1.041,0.776,1.878,0.929,0.939,1.129,1.84,1.913,1.215,1.439,1.628,2.392,0.89,1.205,2.949,2.374,1.143,3.177,1.994,1.693,2.242,1.124,1.246,1.456,1.614,1.514,1.437,1.184,1.546,1.542,1.46,1.398,1.344,0.983,2.348,2.103,2.266,1.323,1.63,1.813,1.974,1.42,2.487,2.038,1.659,1.654,1.365,1.114,0.302,1.756,1.371,1.895,1.649,1.408,1.505,1.186,1.04,1.197,1.275,1.679,2.166,2.152,1.172,2.231,1.877,2.081,1.938,0.889,1.667,2.179,0.93,1.005,0.492,1.159,0.682,0.975,1.498,1.788,0.591,1.31,1.473,1.584,2.067,2.127,2.212,1.954,1.742,1.615,2.085,1.387,1.331,1.867,1.914,1.518,1.75,1.301,1.182,1.391,0.857,1.549,1.14,1.199,1.358,1.739,0.427,0.908,1.998,1.809,1.434,1.69,1.938,2.359,1.443,2.182,1.792,1.062,1.146,1.91,1.955,1.257,1.744,1.385,1.18,1.311,0.621,1.157,1.081,1.816,1.532,1.371,2.037,0.909,1.203,2.229,1.958,0.947,1.73,1.019,1.344,1.684,1.404,1.334,0.948,1.798,919.1,allday_low
D0423,1.347,1.212,1.503,2.211,1.096,1.778,1.959,1.853,2.112,1.744,2.069,1.97,1.391,1.534,2.49,1.796,1.822,2.259,1.792,2.094,1.653,1.17,2.031,1.154,2.054,1.716,1.203,1.726,1.278,1.181,1.669,1.983,1.826,1.443,1.241,1.835,1.475,1.958,2.0,2.323,2.259,2.356,1.84,1.594,1.899,1.824,1.744,2.384,1.786,1.991,0.95,1.02,1.138,1.532,1.509,1.752,2.445,1.734,2.065,1.949,2.455,2.29,1.992,2.435,2.243,2.303,1.868,2.074,1.599,1.176,1.368,1.8,1.727,1.149,2.057,1.011,1.561,1.339,1.662,1.07,0.951,1.501,2.153,1.999,1.358,2.438,2.115,2.342,1.816,1.108,2.517,1.697,2.146,1.46,1.616,0.793,1.114,2.125,1.831,1.991,1.706,1.638,2.003,2.045,1.837,1.818,2.279,1.448,1.833,1.375,1.587,2.097,2.317,2.736,1.797,1.593,1.668,1.742,2.385,1.529,0.846,1.486,1.332,1.295,1.218,2.304,1.189,0.779,1.261,1.377,1.093,1.638,2.497,1.231,1.19,2.138,1.681,1.551,2.149,1.348,0.827,1.83,1.389,1.321,0.461,0.862,1.205,0.833,1.768,1.343,1.308,1.908,1.269,1.771,1.663,2.101,1.968,2.085,1.584,1.551,1.731,2.002,1.835,1.948,1.153,0.872,1.201,1.08,961.8,allday_low
D0424,0.746,0.539,0.432,0.42,0.556,1.26,0.94,1.165,1.078,1.516,1.515,1.582,1.303,1.399,0.894,1.099,1.718,1.095,1.174,1.499,1.276,1.117,0.956,1.39,0.697,1.115,0.829,1.213,1.275,1.075,1.537,1.424,1.038,1.324,1.402,1.768,0.728,1.895,0.723,1.612,1.581,1.251,1.55,0.695,0.812,0.639,0.769,1.491,1.548,0.93,1.038,1.831,0.808,0.723,1.476,0.878,0.735,1.62,1.899,1.121,1.371,1.814,1.083,1.836,2.038,0.788,0.686,0.504,0.937,0.549,1.555,0.594,0.814,1.135,0.586,0.977,1.287,2.421,1.237,0.404,1.481,1.368,1.514,1.299,1.782,1.302,1.562,1.507,1.434,1.196,1.792,1.85,2.04,1.174,1.17,1.158,0.642,1.373,0.839,1.241,0.479,1.284,1.647,0.826,0.98,1.027,1.087,1.958,1.454,0.998,1.075,0.512,1.06,0.798,0.764,1.059,0.702,1.061,1.246,1.177,1.008,0.0,0.649,1.452,1.858,1.289,0.987,0.629,1.616,1.038,1.049,1.726,0.0,1.242,0.619,1.523,1.976,1.431,2.047,1.201,1.703,0.288,1.055,0.329,1.069,0.732,0.773,0.78,1.369,1.012,1.045,1.011,1.377,1.008,0.663,1.641,1.05,1.399,1.626,0.792,0.881,0.565,1.004,1.583,1.042,1.64,1.107,0.668,657.9,allday_low
D0425,1.555,1.666,1.383,0.469,1.675,1.118,1.57,1.231,1.79,1.506,2.066,2.421,2.308,1.543,1.47,1.629,2.629,3.093,1.732,1.493,2.497,1.61,1.697,1.752,1.328,1.256,1.548,1.42,0.835,1.274,1.67,1.549,2.097,1.604,2.85,2.132,2.201,1.975,2.1,1.356,2.168,2.994,2.438,1.22,2.004,1.999,2.416,1.324,2.665,1.656,1.21,0.871,1.583,1.771,1.218,2.079,2.11,1.958,1.648,2.117,2.997,1.79,1.429,2.039,1.803,1.274,2.218,1.36,1.233,2.167,2.363,2.843,0.935,1.782,0.952,1.637,1.566,0.715,1.97,1.797,2.145,1.387,2.986,2.227,2.318,2.828,2.213,1.804,2.658,2.041,2.47,1.902,2.85,1.773,1.445,1.825,1.417,1.207,2.182,1.024,2.093,2.392,1.572,1.912,1.49,2.461,1.446,2.548,2.162,1.815,1.896,2.416,1.621,2.345,2.101,1.765,2.082,1.427,1.596,1.493,0.89,1.282,0.707,1.182,0.683,1.039,1.132,1.794,1.242,1.184,1.647,2.74,1.192,2.289,2.145,2.915,2.073,1.907,1.839,1.733,1.993,1.368,2.917,1.888,1.378,1.323,1.408,1.416,1.754,1.637,2.21,1.18,1.664,1.315,1.613,1.661,2.299,1.694,2.624,2.637,2.271,1.382,2.476,1.564,1.535,1.85,1.172,2.071,1083.2,allday_low
D0426,1.161,2.094,0.332,1.294,1.159,1.814,2.709,1.068,1.962,2.143,2.183,1.77,2.037,1.323,2.562,1.265,1.278,1.533,1.335,1.712,1.299,0.98,0.806,1.795,1.458,0.606,1.458,1.048,0.511,0.702,1.768,1.979,1.758,1.187,1.823,1.881,0.59,2.013,1.85,2.806,2.61,1.625,1.792,1.572,1.231,0.758,1.009,1.056,1.758,1.288,0.917,0.86,1.419,1.119,0.836,0.953,2.235,1.459,2.087,0.866,2.247,2.101,2.164,1.032,1.73,1.292,1.065,0.67,0.957,0.854,1.664,0.987,1.151,1.732,1.203,0.87,1.313,0.907,0.52,1.54,1.733,1.429,1.533,1.469,2.411,1.886,1.706,2.187,2.192,1.86,2.027,1.767,1.464,1.818,0.89,0.83,1.444,0.886,1.541,1.304,2.152,0.815,1.73,1.149,1.573,1.844,1.77,1.888,1.905,1.643,2.149,2.161,1.566,1.308,1.716,1.612,0.72,1.475,0.95,0.398,1.276,0.529,1.635,1.426,1.21,1.76,1.614,0.832,1.753,1.057,1.846,1.305,0.976,1.768,1.37,2.062,2.132,0.717,1.432,1.658,1.354,1.3,1.301,0.413,1.818,1.37,0.761,0.735,1.489,1.252,1.343,1.484,1.4,0.519,1.248,1.746,1.834,1.363,1.571,2.099,2.176,1.643,1.832,1.525,1.615,1.23,0.908,1.967,911.7,allday_low
D0427,4.389,1.299,1.102,1.051,0.278,0.429,2.131,0.502,0.0,0.561,0.953,0.0,0.865,0.256,0.0,0.179,0.295,0.129,0.908,2.618,1.201,2.599,2.066,2.039,4.88,1.854,0.782,0.619,0.041,0.174,3.935,0.0,0.0,0.064,0.109,0.167,0.179,0.292,0.101,0.9,0.664,0.265,0.817,2.729,1.221,2.043,1.9,2.508,3.635,1.47,0.205,0.877,0.328,0.383,2.309,0.752,0.377,0.688,0.019,0.518,0.971,0.991,0.0,0.337,0.0,0.121,0.137,2.992,0.983,1.3,2.369,1.778,3.382,1.206,0.731,0.561,0.414,0.0,2.159,0.298,0.264,0.0,0.461,0.518,0.591,0.318,0.73,0.468,0.069,0.254,0.117,1.987,1.388,1.578,2.529,3.179,6.205,1.221,0.728,0.826,0.574,0.921,3.577,0.0,0.0,0.84,0.377,0.68,0.153,0.0,0.601,0.0,0.534,1.077,0.0,3.817,1.296,1.846,2.635,3.834,6.128,1.635,0.584,0.0,0.603,0.0,3.766,0.34,0.583,0.0,0.0,0.0,0.548,0.334,0.323,0.0,0.693,0.137,0.88,4.582,1.51,1.806,3.242,2.419,4.982,0.892,0.664,0.785,0.0,0.496,3.448,0.0,0.482,0.775,0.0,0.0,0.0,0.0,0.727,0.081,0.501,0.023,0.352,4.1,1.744,1.86,2.251,2.116,678.5,intermittent
D0428,0.0,0.173,0.326,0.783,0.653,3.021,6.549,8.724,8.469,5.207,2.574,0.595,0.96,0.574,0.424,0.444,0.911,1.272,0.401,0.402,0.543,1.018,0.713,0.544,0.712,0.555,0.0,1.034,0.876,3.044,5.762,8.465,8.426,6.184,2.483,1.715,0.0,0.0,0.0,0.709,0.0,0.0,1.173,0.305,1.034,0.829,0.727,0.931,0.243,0.0,0.625,0.394,1.505,3.489,5.748,8.317,8.278,6.144,2.319,1.882,0.0,1.112,0.474,0.605,0.623,0.0,0.237,0.298,0.91,0.327,1.006,1.184,0.629,0.454,0.0,0.844,1.098,3.717,5.46,8.289,8.746,6.357,3.008,1.643,0.6,1.165,0.493,0.616,0.48,0.269,0.581,0.503,0.595,0.0,0.0,0.156,0.0,0.0,0.715,0.692,1.637,3.362,6.273,8.196,8.532,5.061,3.146,1.425,0.795,0.378,0.064,0.367,0.0,0.834,0.15,0.178,0.0,0.0,1.544,0.074,0.64,0.0,0.0,0.244,0.589,1.12,2.751,3.517,4.293,3.416,1.677,0.0,0.431,0.0,0.0,0.486,0.215,0.218,0.187,0.0,0.0,0.038,0.078,0.351,0.546,0.068,0.237,0.635,0.381,1.428,2.542,3.289,2.756,1.804,1.537,0.0,1.001,0.0,0.0,0.0,0.0,0.0,0.19,0.0,0.0,0.17,0.179,0.37,925.6,morning
D0429,0.735,0.357,0.577,0.0,0.865,3.312,5.102,7.868,7.633,4.839,2.691,0.779,0.241,0.119,0.0,0.0,0.106,0.355,0.155,0.125,1.481,0.652,0.0,0.439,0.457,1.908,0.501,1.431,0.882,2.316,4.835,8.04,7.116,4.832,2.72,0.839,0.531,0.0,0.0,0.905,0.848,0.216,0.374,0.0,0.209,1.417,1.133,0.453,0.0,0.564,0.231,0.298,1.06,3.534,5.422,8.092,7.721,5.302,2.79,0.8,0.0,1.066,0.0,0.459,1.145,0.484,0.599,0.6,0.853,0.94,0.0,0.92,0.3,0.0,0.0,0.6,0.812,2.7,5.355,7.775,7.888,5.654,3.01,1.67,0.346,0.017,0.291,0.107,0.0,0.211,0.636,0.871,0.284,0.813,0.33,0.0,0.0,0.496,0.0,0.0,0.324,2.438,5.194,6.491,7.492,4.872,1.769,0.954,0.099,0.0,0.0,0.302,0.197,0.192,0.253,0.416,0.22,0.0,0.288,0.0,0.652,0.339,0.601,0.0,0.879,0.695,2.4,3.029,3.655,3.08,1.277,0.0,0.0,1.532,0.516,0.0,0.561,0.202,1.328,0.179,0.032,0.114,0.0,0.0,0.0,0.0,0.486,0.078,0.166,0.47,2.459,3.781,2.63,1.763,0.581,0.763,0.654,0.207,0.0,0.306,0.236,0.281,0.0,0.0,0.0,0.649,0.664,0.0,788.7,morning
D0430,0.383,1.046,0.28,0.125,1.487,3.766,7.556,9.227,7.02,3.547,1.756,0.0,0.308,0.0,0.561,0.269,0.713,0.678,0.094,0.8,0.0,1.53,0.0,0.679,0.904,0.433,0.0,0.379,1.358,4.174,7.439,8.58,6.824,3.232,2.406,0.588,0.227,0.454,0.0,0.318,0.25,0.267,0.893,0.0,0.326,0.067,0.247,0.718,0.287,0.228,0.0,1.081,1.088,3.964,6.697,7.335,6.862,3.671,1.871,0.912,0.675,0.578,0.566,0.774,0.505,0.44,0.269,0.46,0.578,0.565,0.263,1.299,1.034,0.0,0.408,1.453,1.419,3.62,8.287,8.143,5.89,3.49,1.447,1.031,0.413,0.0,0.0,0.563,0.37,0.886,0.057,0.22,0.099,0.066,0.514,0.136,0.0,0.922,0.487,0.985,2.315,3.871,6.634,7.456,6.843,2.966,1.646,0.866,0.0,0.885,0.0,0.0,0.311,0.647,0.0,0.652,0.695,0.149,0.385,0.852,0.842,0.0,0.0,0.256,0.332,2.442,3.407,3.761,3.563,2.085,1.176,0.55,0.816,0.0,0.39,0.862,0.012,0.0,0.0,0.156,0.641,0.157,0.664,0.372,0.559,0.163,0.055,0.0,0.0,1.494,1.696,3.302,3.017,1.555,0.0,0.076,0.394,0.702,0.364,0.126,0.339,0.957,0.14,0.0,0.0,0.0,0.0,0.0,920.0,morning
D0431,1.523,0.531,0.494,0.907,1.794,3.562,6.167,6.906,4.307,2.499,0.336,0.05,0.525,0.069,0.151,0.0,0.0,0.0,0.0,0.344,0.297,0.638,0.849,0.895,0.437,0.372,0.48,0.225,1.847,3.556,5.486,5.867,3.995,2.606,0.811,0.135,0.0,0.027,0.0,0.318,0.609,0.057,0.767,0.0,0.0,0.89,0.0,0.025,0.63,0.844,0.28,0.423,2.669,4.202,6.523,6.89,5.357,2.838,1.059,0.0,0.0,0.585,0.818,0.358,0.0,0.367,0.447,0.0,0.952,0.665,0.0,0.239,0.128,0.866,0.097,0.141,1.671,3.317,6.472,6.633,4.549,2.389,0.905,0.327,0.0,0.0,0.391,0.845,0.036,0.31,1.319,0.377,0.0,0.521,0.365,0.072,0.0,0.633,0.0,0.445,1.469,3.271,5.68,5.773,5.072,3.892,0.648,0.628,0.358,0.354,0.05,0.265,0.356,0.622,0.59,0.839,0.0,0.344,0.192,0.647,0.0,0.621,0.301,0.846,0.797,1.623,2.42,2.821,1.375,1.151,0.264,0.253,0.0,0.282,0.063,0.0,0.144,0.493,0.526,0.0,0.0,0.614,0.309,0.0,0.0,0.126,0.526,0.12,0.017,0.655,2.046,2.293,1.529,1.722,0.0,0.0,1.087,0.0,0.102,0.746,0.056,0.284,0.0,0.0,0.0,0.013,0.28,0.982,644.7,morning
D0432,0.0,0.0,0.0,0.528,0.119,0.569,0.038,0.1,0.0,0.0,0.215,0.0,0.541,0.732,0.694,0.803,0.0,2.192,0.149,0.155,0.0,1.648,0.0,0.36,0.061,0.0,0.754,0.158,0.0,0.145,0.924,0.095,0.517,0.0,0.376,0.246,0.154,0.0,0.026,0.0,0.0,3.111,0.0,0.025,0.0,3.73,0.693,0.03,0.527,0.0,0.315,0.569,0.305,0.0,0.0,0.278,0.151,0.617,0.0,0.558,0.258,0.215,0.044,0.603,0.0,2.012,0.137,0.0,0.257,3.643,0.16,0.215,0.854,0.315,0.619,0.021,0.117,0.0,0.347,0.358,0.463,0.335,0.079,0.39,0.806,0.201,0.0,0.0,0.252,3.011,0.0,0.0,0.323,4.464,0.0,0.605,0.581,0.26,0.046,0.483,0.166,0.068,0.0,0.347,0.768,0.0,0.0,0.0,0.014,0.0,0.71,1.037,0.239,2.853,0.211,0.0,0.044,3.722,0.433,0.389,0.0,0.206,0.0,0.542,0.334,0.893,0.295,0.0,0.0,0.219,0.0,0.0,0.0,0.0,0.21,0.0,0.0,3.787,0.0,0.296,0.224,4.173,0.242,0.408,0.884,0.271,0.374,0.172,0.0,0.061,0.727,0.341,0.0,0.29,0.0,0.434,0.0,0.2,0.0,0.221,0.0,2.181,0.0,0.0,0.0,2.307,0.24,0.0,284.0,intermittent
D0433,1.68,1.598,1.703,1.175,1.12,1.171,1.898,1.276,1.592,1.607,1.954,2.224,2.279,1.229,2.201,2.012,2.076,1.791,1.514,2.234,1.632,2.203,1.579,1.54,1.192,1.468,1.87,1.418,1.599,2.277,1.056,1.237,1.865,1.033,2.109,1.587,1.799,2.42,1.485,1.142,1.049,2.075,2.257,1.321,2.207,1.628,1.614,1.961,0.704,1.767,0.625,0.742,0.842,1.802,1.878,2.035,1.688,1.61,2.078,1.854,2.067,1.976,1.996,2.923,2.379,2.133,1.677,1.802,2.141,1.712,1.388,0.769,1.314,1.758,0.863,2.11,1.591,2.15,1.533,0.639,1.52,1.473,1.46,2.129,1.559,1.354,1.729,2.374,1.843,1.499,1.654,2.252,1.904,1.855,1.766,0.76,1.408,1.887,0.428,0.558,0.976,1.164,1.568,1.027,1.906,2.76,1.573,1.264,1.761,2.234,2.07,2.322,1.829,2.047,2.985,1.576,1.676,1.814,2.675,1.886,1.357,1.077,1.872,1.245,1.996,1.227,1.122,0.79,1.739,0.76,2.207,1.058,0.934,1.766,2.227,1.733,2.098,1.848,1.951,2.285,1.191,1.515,0.512,1.961,1.157,1.309,1.12,0.979,1.65,1.601,1.142,2.226,1.894,2.302,0.804,1.423,2.193,1.237,1.613,1.326,1.937,1.555,1.192,2.361,1.806,1.734,1.486,1.737,980.8,allday_low
D0434,3.065,2.036,1.467,1.753,1.805,2.465,2.211,2.198,2.844,2.608,3.185,2.818,3.675,3.968,3.083,2.818,2.886,3.323,3.152,1.807,2.82,2.306,2.528,2.339,2.111,1.503,1.513,2.128,2.229,2.311,2.522,2.112,1.941,3.109,3.012,2.531,3.308,2.509,3.079,3.069,2.632,3.071,2.177,2.655,2.561,1.987,2.693,2.85,2.267,2.295,2.106,2.215,2.064,2.347,2.29,3.218,2.468,2.234,1.979,3.295,3.561,2.43,3.248,3.194,2.917,2.338,2.982,3.253,3.197,2.71,2.792,1.52,2.56,2.53,2.079,2.292,2.052,1.641,2.68,3.331,2.177,2.7,2.163,2.95,2.631,2.9,3.426,3.097,2.866,2.431,3.077,2.169,3.173,2.538,1.947,1.667,2.151,2.101,2.442,1.801,2.654,1.21,2.45,2.165,2.621,3.216,3.176,3.006,3.523,3.587,3.677,2.697,3.261,3.201,2.773,3.139,2.595,1.82,2.985,2.074,1.28,3.472,1.527,2.324,1.593,1.924,1.857,1.793,2.711,3.429,2.495,1.771,2.162,2.298,2.733,2.486,3.585,2.526,2.855,2.33,2.303,2.08,2.17,1.891,2.087,1.787,3.034,2.214,2.331,2.039,1.508,1.634,2.243,2.313,2.668,2.654,2.421,3.866,2.844,2.475,2.464,2.895,2.391,2.836,2.282,2.068,1.525,2.582,1450.9,allday_low
D0435,0.661,0.852,0.0,0.0,1.543,1.552,3.472,4.878,6.215,5.686,3.092,0.959,0.692,0.0,0.417,0.0,0.593,0.32,0.512,0.877,0.0,0.0,0.815,1.036,0.851,0.0,0.551,0.0,0.948,1.232,2.996,5.31,6.404,5.015,3.09,1.47,1.24,0.556,0.15,0.111,0.0,0.098,0.335,0.0,0.037,0.0,0.0,0.0,0.0,0.0,0.194,0.28,0.729,1.152,3.518,6.289,6.04,5.029,3.413,1.674,0.018,1.084,0.0,0.164,0.575,0.92,0.0,0.608,0.225,0.0,0.0,0.0,0.581,0.0,0.476,0.313,0.694,1.343,2.75,5.656,6.729,5.356,4.413,0.876,0.792,0.59,0.148,0.384,0.473,0.239,0.021,0.236,0.0,0.89,0.666,0.307,0.0,0.116,0.0,0.258,0.0,1.025,2.494,4.894,7.161,5.163,3.184,1.237,0.819,0.131,0.017,0.0,0.0,0.936,0.432,0.0,0.638,0.777,0.0,0.128,0.127,0.0,0.0,0.0,0.179,1.982,1.01,1.807,3.443,2.598,1.33,1.024,0.0,0.288,0.041,0.139,0.146,1.196,0.0,0.0,0.365,0.583,0.0,0.299,0.0,0.0,0.012,0.0,0.0,0.155,1.025,2.474,2.228,2.269,0.475,0.466,0.557,0.0,0.353,0.0,0.0,0.363,0.394,0.951,0.427,0.631,0.0,0.107,621.0,morning
D0436,0.505,0.0,0.0,1.11,2.036,1.287,3.455,4.871,6.192,7.053,3.937,1.738,1.472,0.215,0.0,0.0,0.286,0.68,0.158,0.236,0.0,0.054,0.994,0.225,0.0,1.027,0.163,0.237,0.364,0.394,2.566,5.291,6.705,6.747,3.542,1.956,0.484,0.786,0.98,0.832,0.314,0.265,0.235,0.0,0.686,0.0,0.101,1.007,0.0,0.496,0.625,0.053,0.002,0.362,2.538,4.839,6.241,6.746,3.598,2.029,0.323,0.601,0.381,0.745,0.0,0.0,0.692,0.0,0.101,0.523,0.143,0.327,0.223,0.126,0.0,0.097,0.714,0.975,2.97,5.045,7.109,6.022,3.463,2.215,0.219,0.049,0.292,0.0,0.019,0.0,0.155,0.169,0.064,0.199,0.934,1.333,0.489,0.117,0.0,0.0,0.339,1.57,2.147,5.092,6.309,6.415,3.617,1.389,0.363,1.121,0.248,0.751,0.416,0.532,0.09,0.207,0.0,0.0,0.151,0.104,0.048,0.46,0.949,0.0,0.37,0.225,0.478,3.386,3.055,2.651,2.182,1.89,0.446,1.292,0.11,0.572,0.0,0.0,0.254,0.712,0.0,0.538,0.289,0.0,0.433,0.0,0.574,0.019,0.516,0.544,1.143,0.556,2.505,2.076,1.847,0.629,0.0,0.403,0.045,0.089,0.322,0.229,1.021,0.525,0.146,0.263,0.018,0.0,727.3,morning
D0437,1.392,0.71,1.391,0.702,1.238,1.383,1.824,0.361,2.075,1.969,1.731,1.418,2.089,2.491,1.533,2.297,2.054,2.12,1.847,1.433,0.823,1.072,1.541,1.097,0.292,0.856,0.603,1.238,1.538,1.285,0.566,1.119,0.886,1.364,1.841,1.606,1.629,2.358,1.257,2.152,1.481,2.693,1.626,0.619,1.189,0.721,2.196,0.868,1.715,1.553,0.581,0.439,1.595,1.033,1.238,1.363,0.039,1.391,2.009,0.765,1.975,1.543,1.14,1.797,1.599,2.169,1.241,2.002,1.335,1.481,1.071,0.75,1.571,1.098,0.952,1.567,1.82,0.944,1.969,0.935,1.447,1.81,0.0,1.116,1.414,1.76,1.652,0.529,1.43,0.849,1.211,1.263,1.444,1.08,1.239,0.934,1.29,0.526,1.063,0.599,0.959,1.27,0.819,1.222,1.185,2.339,1.642,1.772,1.205,0.503,1.369,0.899,1.696,1.668,1.573,1.376,0.94,0.945,1.403,2.066,1.129,1.159,1.833,0.987,0.597,1.223,1.841,1.552,1.304,0.412,0.646,1.55,1.288,1.433,1.925,0.91,1.165,1.94,0.779,1.802,1.375,1.101,1.173,1.23,1.327,0.09,1.56,1.117,1.55,1.266,2.089,0.837,1.944,0.892,1.588,1.878,1.455,0.6,1.547,1.265,1.853,1.0,1.097,0.977,1.076,1.196,1.364,1.287,738.5,allday_low
D0438,0.354,0.213,4.984,5.902,0.448,0.0,0.341,0.726,4.84,0.0,0.471,0.638,0.278,0.397,0.817,0.0,0.0,0.087,0.279,0.342,0.548,5.763,0.284,0.0,0.0,0.224,3.699,3.505,0.0,0.0,0.03,0.195,3.525,0.0,0.0,0.129,0.256,0.0,0.307,0.979,0.255,0.285,0.0,0.494,0.0,3.596,0.973,0.0,0.0,0.387,1.75,2.492,0.017,0.111,0.0,0.375,3.882,0.0,0.0,0.507,0.0,0.161,0.0,0.0,0.287,0.0,0.0,0.279,1.439,2.832,0.13,1.512,0.0,0.442,4.895,3.836,0.319,0.0,0.031,0.368,4.088,0.0,0.201,0.0,0.018,0.0,0.0,0.598,0.228,0.085,0.0,0.325,0.0,3.824,0.654,0.0,0.75,0.0,2.628,2.529,0.399,0.277,0.467,0.801,2.342,0.816,0.012,0.0,0.454,0.52,0.372,0.0,0.0,0.0,0.221,0.023,0.0,2.225,0.0,0.0,0.51,0.0,4.168,3.997,0.304,0.0,0.083,0.0,4.952,0.0,0.138,0.0,0.0,0.027,0.5,0.0,0.0,0.682,0.021,0.0,0.0,3.891,0.0,0.278,0.0,0.194,3.818,4.221,0.573,0.625,0.885,0.0,4.991,0.517,0.0,0.156,0.767,0.075,0.751,0.143,0.373,0.583,0.0,0.36,0.0,4.661,0.03,0.024,465.4,intermittent
D0439,2.905,2.362,1.208,0.428,0.637,0.481,0.0,0.049,0.0,0.921,0.0,1.129,0.527,0.0,0.0,0.467,1.671,0.16,3.259,0.345,0.504,2.194,2.104,5.547,3.612,3.457,1.868,0.815,0.483,1.285,0.298,0.161,0.226,0.469,0.085,0.0,0.0,0.0,0.186,0.0,1.312,0.204,1.707,0.091,1.746,2.331,2.966,4.935,2.838,2.373,1.469,0.281,0.327,1.346,0.318,0.947,0.914,0.0,0.272,0.077,0.675,0.467,1.005,0.348,1.796,0.0,0.965,0.827,1.047,2.02,3.361,4.79,3.909,3.242,1.709,0.702,1.415,0.516,0.415,0.0,0.381,0.415,0.0,0.602,0.155,0.0,0.034,0.706,1.21,1.376,2.052,1.561,0.539,1.325,2.768,4.444,4.058,4.066,1.994,0.444,0.754,0.992,0.0,0.0,0.335,0.0,0.234,0.958,0.14,0.516,0.548,0.0,0.981,0.78,1.696,0.749,1.22,2.189,3.552,5.034,4.617,3.039,3.265,1.479,0.765,0.0,0.833,0.106,0.589,0.015,0.0,1.009,0.576,0.14,1.201,0.308,1.758,0.0,1.262,0.544,0.838,1.939,3.675,5.372,3.638,2.704,2.333,0.468,0.581,0.162,0.066,0.0,0.271,0.012,0.413,1.671,0.366,0.498,0.0,0.367,1.989,0.0,1.901,0.802,0.791,1.548,3.625,6.332,700.8,night
D0440,6.617,8.102,6.264,7.555,7.831,6.561,7.72,6.845,8.939,8.829,10.0,6.357,10.0,10.0,7.161,7.62,8.479,10.0,5.594,7.394,8.493,8.279,8.205,6.02,8.205,7.818,7.275,10.0,8.343,7.08,10.0,9.015,8.393,8.694,7.766,7.511,6.788,8.024,6.184,9.511,7.401,9.66,8.076,8.869,7.007,7.695,8.302,9.539,6.613,9.542,7.862,8.812,6.734,8.403,10.0,7.115,7.517,7.984,8.609,6.885,9.537,10.0,8.974,7.639,7.178,10.0,7.93,8.778,6.618,7.451,10.0,7.876,7.657,9.357,7.829,9.374,7.319,8.435,9.483,8.029,6.966,7.987,8.115,7.879,8.795,8.474,9.764,7.07,8.17,9.991,8.247,9.726,7.987,9.007,9.196,7.178,10.0,8.91,8.385,7.439,10.0,9.341,7.325,10.0,9.52,8.483,7.25,9.434,8.714,10.0,6.634,9.807,7.247,7.953,6.731,8.598,6.945,7.91,6.842,6.08,7.808,9.935,8.931,8.177,10.0,5.784,8.406,7.695,9.531,7.568,7.383,8.143,7.983,7.673,6.67,9.396,8.089,6.641,6.24,8.429,8.085,8.726,10.0,9.128,8.725,6.669,10.0,8.238,10.0,6.817,6.427,9.801,8.46,9.935,7.549,6.676,8.081,5.299,7.557,5.833,8.638,8.364,6.783,8.778,7.961,10.0,10.0,8.483,4800.0,noise
D0441,1.453,1.706,2.046,1.714,1.716,1.934,1.378,0.891,1.899,1.285,1.623,1.261,2.278,2.169,1.165,1.832,2.227,1.659,1.657,2.041,1.429,1.456,1.802,0.956,1.072,0.587,2.245,1.41,1.852,0.873,2.006,1.362,2.168,1.516,1.176,2.205,1.785,1.258,1.055,1.973,1.746,1.809,1.769,1.542,1.719,1.819,1.381,1.643,1.637,1.838,0.336,1.163,1.627,2.352,1.98,2.036,2.744,1.568,2.596,2.024,1.318,1.017,1.694,2.084,1.639,1.769,2.526,1.627,2.432,1.843,1.928,1.308,1.346,1.365,1.302,1.65,1.96,2.518,1.133,1.494,1.996,1.634,1.081,2.074,1.397,1.874,2.57,2.104,2.042,2.388,1.608,1.76,1.468,1.848,0.849,1.01,1.394,1.628,2.198,0.955,1.35,1.524,0.931,1.158,0.741,1.855,1.302,2.269,1.947,1.7,1.458,1.959,1.644,1.959,2.183,1.264,1.353,2.07,2.074,0.975,0.864,0.839,1.314,0.595,1.256,1.25,1.027,1.386,1.433,1.285,2.254,1.361,1.602,1.336,2.053,1.097,1.65,1.137,0.726,1.144,1.108,1.587,0.922,0.335,0.347,1.294,1.418,1.3,1.05,1.411,0.472,0.439,0.738,1.364,1.849,1.092,1.18,1.892,1.428,1.689,1.627,0.984,2.305,1.048,2.248,1.591,1.426,0.598,918.0,allday_low
D0442,0.92,0.528,0.527,0.426,0.993,0.058,0.064,0.0,1.33,0.923,0.0,0.0,0.143,0.264,0.347,0.0,0.0,5.656,5.81,5.747,0.667,0.672,5.979,0.135,0.0,0.139,0.623,0.0,0.208,0.224,0.804,0.0,0.14,0.441,0.0,0.0,1.049,0.457,0.753,0.533,0.153,3.567,3.902,4.218,0.0,0.0,4.093,0.0,0.842,0.554,0.518,0.322,0.403,0.025,0.0,0.015,0.0,0.421,0.0,0.508,0.521,0.332,0.0,0.0,0.0,3.86,4.626,5.02,1.073,1.051,4.855,0.125,0.0,0.325,0.13,0.259,0.436,0.558,0.0,0.824,0.672,0.0,0.642,0.128,0.257,0.175,0.0,0.0,1.472,5.85,6.095,7.423,0.0,0.131,5.147,0.02,0.244,0.033,0.0,0.0,0.0,0.03,0.0,0.15,0.164,0.0,0.0,0.327,0.18,0.0,0.592,0.503,1.278,5.8,5.04,5.881,0.244,0.804,4.75,0.836,0.368,0.0,0.0,0.699,0.676,0.733,0.0,0.182,0.805,0.0,0.497,0.0,0.0,0.0,0.952,0.644,0.188,6.518,5.183,6.272,0.961,0.16,5.293,0.186,0.0,0.591,0.0,1.383,0.0,0.934,0.544,0.0,0.288,0.553,0.454,0.0,0.347,0.0,0.644,0.654,0.0,1.321,2.251,2.5,0.176,0.362,2.086,0.219,607.1,intermittent
D0443,0.563,0.179,0.0,1.497,2.791,4.966,7.416,7.43,6.637,3.517,0.88,0.883,0.136,0.705,0.844,0.562,0.0,0.606,0.581,0.013,0.175,1.186,1.074,0.082,0.0,1.007,1.371,1.506,1.861,4.755,6.715,8.407,5.799,2.971,1.302,0.313,0.697,0.0,1.493,0.576,0.171,0.0,0.189,0.235,0.206,0.106,0.0,0.737,0.965,0.0,0.394,0.0,1.775,5.34,7.671,8.199,5.54,2.943,1.109,1.025,0.951,0.336,0.738,0.001,0.477,0.805,1.051,0.0,0.987,1.419,0.0,0.0,1.071,0.181,0.348,1.364,1.655,4.608,6.553,8.349,6.487,3.375,1.387,0.599,0.329,0.34,0.762,0.0,1.195,0.453,1.382,0.482,0.374,0.651,0.0,0.0,0.263,0.397,0.9,0.833,2.613,3.066,7.628,7.38,6.105,3.674,0.722,1.227,0.727,1.154,0.387,0.35,0.018,0.035,0.323,0.615,0.69,0.0,0.306,0.453,0.0,0.579,0.109,0.403,1.602,1.594,2.854,2.571,2.729,1.991,0.0,0.0,0.269,0.0,0.0,0.247,1.004,0.197,0.286,0.395,0.0,0.324,0.0,0.19,0.654,0.0,0.68,0.0,0.963,1.943,1.669,3.429,1.11,1.409,0.766,0.062,0.25,1.18,0.0,0.0,1.078,0.245,0.678,0.0,0.0,0.0,0.066,0.0,825.9,morning
D0444,5.041,1.906,1.562,0.155,0.423,0.0,0.199,2.372,0.006,0.617,0.658,0.102,0.484,0.154,0.202,0.0,0.161,2.163,1.776,2.082,3.787,4.433,4.755,3.335,4.902,2.563,0.538,0.834,0.473,0.322,0.59,1.776,0.0,0.776,0.0,0.559,0.472,0.001,0.902,0.0,0.495,1.838,1.517,1.815,1.661,3.691,5.32,4.222,4.458,1.938,1.809,0.205,0.0,0.255,0.054,2.417,0.185,0.502,1.077,0.0,0.81,0.751,0.0,0.97,0.0,1.633,0.432,1.162,2.511,3.408,4.854,4.243,5.715,2.38,1.804,0.429,0.16,0.742,0.935,2.635,0.4,0.274,0.09,0.191,0.332,0.666,0.746,0.0,0.433,2.504,0.745,1.672,3.252,4.065,5.059,4.064,5.067,2.362,2.822,0.369,0.564,0.613,0.429,1.642,0.662,0.002,0.583,0.15,0.86,0.0,0.364,0.0,0.828,2.523,0.0,1.361,3.8,4.904,6.123,5.461,5.053,3.013,0.823,0.537,0.032,0.552,0.0,1.572,0.172,0.642,0.079,0.776,0.946,0.755,0.016,1.078,0.769,1.088,1.16,2.677,3.107,4.746,6.027,5.058,4.953,2.491,1.232,0.309,0.846,0.304,0.012,1.831,0.908,0.105,1.086,0.4,0.423,0.417,0.117,0.0,1.284,1.389,1.443,2.455,2.626,4.602,5.404,5.074,913.8,night
D0445,3.628,3.419,1.975,1.126,0.222,0.706,0.678,0.358,0.0,0.75,0.0,0.0,0.623,0.0,0.0,0.342,0.703,0.579,1.026,0.568,1.134,2.163,4.12,4.95,5.63,3.648,1.262,1.572,0.167,0.0,0.762,0.662,0.772,0.001,1.282,0.694,0.0,1.28,0.542,0.275,0.037,0.0,0.776,0.492,1.418,2.696,3.681,5.059,4.15,2.651,2.062,0.793,0.0,0.0,0.372,0.347,0.908,0.81,0.479,0.0,0.036,0.479,0.729,0.527,0.077,0.411,0.316,0.0,1.429,2.555,4.427,4.33,4.335,4.035,1.732,0.803,0.801,0.693,0.941,0.14,0.164,0.224,0.026,0.492,0.149,0.0,0.0,0.241,0.583,0.026,0.0,1.504,1.45,3.297,4.769,5.774,5.761,3.665,1.738,1.228,1.463,0.484,0.99,0.0,1.014,0.663,0.418,0.782,0.104,0.568,0.0,0.086,0.0,0.003,0.0,2.009,1.407,3.966,4.44,5.907,5.877,5.136,2.86,0.924,0.62,1.004,0.868,0.078,0.0,0.086,0.681,0.0,0.297,0.0,0.157,0.607,0.355,0.736,1.126,2.706,2.441,3.924,5.131,6.837,5.735,3.443,2.007,0.88,0.013,0.385,0.0,0.271,0.457,0.44,0.09,0.0,0.861,0.0,0.366,0.982,0.361,0.928,0.709,0.229,2.284,2.779,4.329,5.67,791.3,night
D0446,0.0,0.078,0.343,0.453,5.151,5.084,0.65,0.0,5.302,0.0,0.05,0.775,0.654,0.178,0.578,1.169,0.0,5.014,0.094,0.386,0.449,0.0,0.297,0.597,0.0,0.229,0.0,0.0,2.652,2.301,0.0,0.574,3.332,0.209,0.0,0.026,0.0,0.107,0.0,0.513,0.0,2.66,0.0,0.108,0.0,0.0,0.514,0.643,0.0,0.425,0.542,0.0,4.033,3.623,0.349,0.137,3.169,0.266,0.117,0.041,0.0,0.642,0.21,0.0,0.804,4.104,0.606,0.058,0.185,0.67,0.387,0.129,0.0,0.0,0.624,0.637,5.301,5.202,0.0,0.057,5.141,0.0,0.0,0.289,0.684,0.446,0.0,0.643,0.35,4.339,0.307,0.579,0.466,0.0,0.0,1.159,0.0,0.234,0.0,0.799,4.246,4.454,0.0,0.758,3.724,0.906,0.0,0.678,0.226,0.516,0.463,0.415,1.304,4.803,0.472,0.307,0.882,0.915,0.267,0.245,0.0,0.354,0.312,0.656,4.416,3.959,0.688,0.111,3.696,0.55,0.475,0.528,0.0,0.0,0.0,0.532,0.208,4.362,0.0,0.0,0.104,0.0,0.0,0.232,0.264,0.0,0.0,0.531,4.328,3.832,0.044,0.0,5.597,0.603,1.309,0.248,0.046,0.0,0.409,0.001,0.0,5.137,0.22,0.32,0.302,0.388,0.0,0.0,612.7,intermittent
D0447,0.678,0.153,0.0,0.0,0.577,2.277,4.867,6.875,7.779,5.689,2.026,0.2,0.481,1.019,0.0,0.0,0.0,0.435,0.0,0.715,0.645,0.992,0.813,0.0,0.194,0.834,0.0,0.3,1.062,2.565,5.343,7.149,6.943,5.229,2.366,1.921,0.0,0.312,0.0,0.484,0.226,0.555,0.0,0.0,0.894,0.724,0.744,0.719,0.364,0.596,0.0,0.283,1.542,3.5,5.357,5.967,7.524,5.664,2.31,0.518,0.886,0.178,0.158,0.0,0.0,0.695,0.0,1.115,1.217,0.0,0.008,0.636,1.006,0.397,0.048,0.296,1.081,2.345,5.759,7.143,7.571,5.369,2.451,0.868,0.443,0.0,0.67,0.26,0.206,0.0,1.196,0.705,0.0,0.574,0.045,0.0,0.0,0.539,0.259,0.424,1.107,2.88,5.99,6.964,6.805,4.822,2.642,1.415,0.0,1.412,0.0,0.704,0.641,0.0,0.424,0.0,0.0,0.273,0.367,0.863,0.0,0.308,0.57,0.185,0.461,0.508,1.616,2.976,3.94,2.89,1.663,0.603,0.439,0.0,0.0,0.0,0.238,0.356,0.0,0.554,0.697,0.0,1.183,0.389,0.826,0.0,0.789,0.486,0.28,0.54,2.088,3.333,2.98,2.05,0.759,0.0,0.261,0.0,0.556,0.506,0.879,0.0,0.109,0.0,0.0,0.125,0.163,0.0,774.2,morning
D0448,0.877,0.402,0.059,0.869,0.316,1.773,3.696,6.303,7.458,5.11,1.828,0.882,0.579,0.444,0.211,0.633,0.55,0.219,0.394,0.224,0.312,0.373,0.744,0.499,0.288,0.106,0.598,0.524,0.725,1.812,4.197,6.117,6.191,5.734,3.327,1.123,0.702,0.217,0.525,0.343,0.382,0.0,1.098,0.0,0.675,0.0,0.0,0.723,0.374,0.0,0.611,0.233,1.603,1.33,3.898,6.802,6.663,4.674,2.724,1.565,0.451,0.232,0.0,0.099,0.0,0.852,0.62,0.0,0.044,0.638,0.595,0.256,0.188,0.3,0.112,0.879,1.097,2.092,3.69,6.154,6.571,4.875,2.699,1.777,0.55,0.0,0.608,0.0,0.503,0.102,0.556,0.535,0.375,0.0,0.017,0.527,0.364,1.103,0.357,0.722,0.559,1.475,4.483,5.781,5.861,4.178,2.642,0.702,0.0,1.163,0.0,0.088,1.002,0.299,1.381,0.625,0.0,0.61,0.018,0.158,0.0,0.0,0.461,0.0,0.0,1.062,1.765,3.302,2.733,2.722,1.494,0.707,0.0,0.114,0.537,0.0,0.0,0.0,0.0,0.0,0.0,0.478,0.403,0.0,0.0,0.0,0.339,0.0,0.0,0.825,1.286,3.321,2.412,2.34,1.44,0.0,0.065,0.0,0.523,0.08,0.515,0.849,0.892,0.0,0.0,0.0,0.625,0.453,734.2,morning
D0449,1.607,1.692,1.573,1.249,2.291,1.062,1.459,2.36,2.183,1.261,0.914,1.498,2.065,2.071,2.04,2.303,2.023,2.391,2.241,0.861,1.805,1.606,1.771,1.494,0.842,1.747,1.835,0.71,2.344,2.025,1.243,1.208,1.856,1.891,2.179,2.183,2.275,1.544,1.992,2.198,1.905,2.253,2.385,1.46,1.749,1.464,1.456,0.863,1.753,2.83,1.71,2.571,2.148,1.264,1.838,2.056,2.095,1.508,1.995,2.714,1.312,2.509,2.586,1.272,1.729,1.837,2.294,1.836,1.517,1.738,1.843,1.53,2.298,1.556,1.856,1.065,1.73,1.374,1.42,2.396,1.469,1.602,1.122,1.563,1.248,2.574,2.22,2.406,2.22,1.53,2.268,1.746,2.026,0.473,1.11,1.285,1.705,0.832,2.545,2.109,2.153,2.249,1.893,1.195,1.971,1.611,1.796,2.347,1.758,1.766,2.487,1.675,1.872,1.924,2.162,2.162,1.466,0.949,2.223,0.589,1.593,1.365,1.488,1.525,1.303,1.404,1.633,1.652,0.338,1.618,2.07,1.441,2.018,2.299,1.891,1.895,1.2,1.724,1.934,1.453,1.415,1.766,1.643,1.652,0.704,1.577,0.649,1.266,2.283,1.697,1.63,1.155,2.283,1.789,0.666,1.46,1.933,1.738,2.336,1.331,1.888,1.483,1.781,1.402,1.615,2.211,0.772,2.368,1120.2,allday_low
D0450,2.504,2.412,1.699,1.64,1.885,1.955,1.652,1.923,2.813,3.144,2.129,3.716,2.037,2.192,1.891,1.912,3.197,2.402,2.516,2.285,1.755,1.475,1.178,1.978,2.242,1.584,0.961,2.419,2.513,1.444,1.594,2.556,1.415,1.757,3.122,2.308,2.63,2.122,3.185,2.616,3.068,2.306,1.946,2.319,1.902,1.966,1.744,1.496,2.371,2.2,1.51,2.789,1.687,2.446,0.946,2.066,1.444,1.978,2.643,2.671,2.259,2.666,2.798,2.359,2.908,2.601,2.214,3.192,2.101,1.716,2.571,2.349,1.107,1.097,2.177,1.669,2.158,1.888,2.365,2.539,1.436,1.917,3.177,2.737,2.917,3.692,3.196,2.7,2.099,3.158,3.089,2.508,3.195,2.405,2.235,2.687,2.323,2.409,1.074,2.227,1.875,1.892,2.099,1.964,2.683,1.904,1.721,2.549,3.281,2.486,2.618,2.592,3.813,3.04,2.266,2.354,2.004,3.114,1.512,1.704,2.288,2.624,1.828,1.734,1.906,1.965,2.93,2.246,1.957,2.383,2.705,1.93,2.529,2.463,1.948,2.262,2.197,2.132,3.126,2.213,2.28,2.345,1.955,1.732,2.561,2.533,2.245,1.809,2.048,1.566,2.03,1.52,2.483,2.944,1.776,3.146,2.697,2.103,2.581,3.145,2.972,2.9,2.116,1.782,2.123,2.104,1.888,1.657,1299.9,allday_low
D0451,0.0,0.461,0.068,0.363,0.0,0.435,0.298,1.336,0.0,0.033,0.456,0.647,0.195,0.82,0.28,0.312,0.0,5.697,0.933,5.576,5.302,0.0,0.46,0.178,0.633,0.233,0.224,0.24,0.344,0.278,0.459,0.91,0.706,1.058,0.0,0.0,0.767,0.0,0.997,0.038,0.203,6.078,0.273,7.668,6.915,1.149,1.295,0.062,0.0,0.259,0.332,0.0,0.542,0.0,0.001,0.519,0.398,0.219,0.294,0.48,0.0,0.333,0.183,0.247,0.706,2.385,0.826,2.268,2.241,0.0,0.0,0.017,0.433,0.0,0.0,0.374,0.0,0.0,0.0,0.397,0.0,0.263,0.557,0.431,0.997,0.293,0.86,0.5,0.043,3.48,0.292,3.746,3.862,0.154,0.75,0.0,0.406,0.0,0.597,0.888,0.0,0.271,1.372,0.0,0.0,0.308,0.0,0.375,0.599,0.0,0.0,0.668,0.987,3.167,0.83,4.45,3.665,0.27,0.512,0.598,0.0,0.23,0.0,0.0,0.428,0.24,0.298,0.225,0.199,0.277,0.986,0.575,0.0,0.084,0.592,0.162,0.514,6.972,0.378,8.315,7.249,1.154,0.0,0.0,0.397,0.121,0.278,0.38,0.0,0.0,0.543,0.0,0.0,0.14,0.181,0.57,0.518,0.325,0.474,0.0,0.0,5.473,0.287,4.662,3.384,0.549,0.104,0.0,582.3,intermittent
D0452,1.562,1.253,0.891,1.466,1.563,1.962,1.806,1.152,0.744,1.593,1.23,1.826,2.128,2.108,1.772,2.146,2.559,2.058,1.978,1.499,1.745,2.292,1.521,1.356,2.012,1.366,1.689,1.537,1.704,1.885,2.131,2.093,2.339,1.642,1.284,1.821,3.238,1.936,1.152,3.178,2.037,1.52,1.306,1.826,2.03,1.93,1.973,0.848,0.953,1.45,1.945,1.26,0.451,1.901,0.319,1.399,2.044,2.101,1.087,2.305,2.569,2.282,1.889,2.197,1.621,2.384,2.518,1.572,2.043,2.083,1.463,0.488,1.548,0.057,2.16,1.725,1.365,1.945,1.034,2.136,1.789,1.869,1.638,1.754,2.191,1.56,1.416,2.448,2.165,1.441,1.855,1.756,1.339,1.694,1.524,1.896,1.64,1.182,1.15,1.62,0.643,0.982,1.454,1.535,2.107,1.096,1.603,1.866,1.777,1.62,1.682,2.07,1.799,1.7,1.274,2.762,1.727,2.304,1.41,1.543,1.535,1.227,1.318,1.388,1.209,1.295,1.848,0.999,2.28,1.823,1.495,2.092,2.11,1.911,1.727,1.032,1.422,1.72,1.85,1.599,1.69,1.333,1.68,2.323,1.39,1.234,1.27,1.657,1.299,1.708,1.806,2.25,1.713,1.619,1.793,1.694,1.826,2.393,1.573,1.185,1.804,1.782,2.083,1.504,1.305,1.172,1.113,0.974,947.9,allday_low
D0453,2.096,2.92,1.289,2.853,1.935,1.331,1.195,1.925,2.648,2.443,2.238,2.988,2.591,1.865,3.169,2.107,2.057,2.378,2.552,2.03,1.446,1.89,2.542,2.04,2.502,2.201,1.697,1.644,2.085,2.13,2.148,2.254,2.176,2.266,2.034,1.999,2.87,2.128,1.743,2.417,2.659,2.399,1.863,2.816,2.342,2.682,2.075,2.262,1.486,0.585,1.96,1.365,2.389,2.458,2.236,1.784,2.233,2.568,2.583,2.062,1.685,2.743,2.578,2.831,2.526,2.403,2.32,2.177,3.318,2.056,1.949,2.367,2.201,2.006,1.558,1.377,1.974,1.954,1.87,2.521,2.654,2.837,1.939,2.942,1.682,2.549,2.975,2.11,1.932,2.451,3.144,3.086,2.766,1.713,2.097,3.048,2.405,1.271,2.307,1.636,1.869,2.377,1.933,1.929,2.724,2.659,2.552,3.424,2.632,2.72,2.447,2.14,1.898,2.864,2.201,3.484,1.841,1.822,2.247,1.581,1.128,2.077,0.767,1.862,1.9,2.258,2.104,3.202,1.846,1.491,3.401,2.274,1.889,1.605,2.188,1.966,1.935,1.294,1.995,2.281,1.562,1.75,1.668,1.878,2.552,1.865,1.229,1.714,1.959,1.286,1.474,1.525,1.929,1.918,1.402,1.966,2.265,2.799,1.732,1.902,1.769,1.489,0.969,2.287,2.066,2.13,2.004,1.636,1237.5,allday_low
D0454,1.765,1.343,1.813,1.88,1.541,1.973,2.178,2.178,2.486,2.519,2.679,2.045,2.696,2.599,2.761,2.436,2.563,1.828,2.426,2.683,2.799,1.928,2.723,1.792,2.138,1.823,2.344,1.886,1.555,2.334,1.696,2.124,1.295,2.508,1.371,2.062,1.73,1.879,2.38,2.081,2.677,2.176,2.291,1.768,2.394,2.066,2.156,2.208,2.214,1.981,1.851,2.291,1.898,1.68,2.332,2.454,2.034,2.415,2.42,2.327,1.684,1.887,2.229,2.401,1.816,1.345,2.169,2.14,2.446,2.853,1.308,2.02,2.895,1.201,1.333,2.232,1.91,1.99,2.198,2.316,2.248,2.382,1.676,2.729,3.049,2.882,2.62,3.232,2.429,2.734,2.977,1.972,2.647,1.474,1.53,1.424,0.858,1.472,1.81,1.657,1.251,0.757,1.581,1.601,2.91,2.127,3.004,1.964,2.818,2.493,2.031,2.498,2.252,2.15,1.468,3.023,2.301,1.482,2.095,1.71,2.273,1.484,1.575,1.333,1.859,1.672,2.29,1.924,2.951,1.859,1.637,1.732,1.786,1.779,2.84,2.029,2.247,1.485,1.996,0.871,2.013,1.549,2.451,2.055,2.008,1.224,1.762,2.5,1.304,1.305,1.755,1.901,2.159,2.17,2.102,1.745,3.011,2.832,2.377,2.718,2.105,1.527,2.413,1.37,2.801,1.297,2.383,2.546,1183.1,allday_low
D0455,1.05,0.692,0.124,1.73,3.568,4.779,7.757,7.93,5.206,2.252,0.599,0.0,0.771,0.131,1.108,0.605,0.322,1.013,0.325,0.104,0.688,0.107,0.429,0.512,0.377,0.539,0.66,1.104,2.307,4.725,7.234,7.324,5.609,3.412,1.054,1.045,0.045,0.276,0.263,0.606,0.061,0.673,0.496,0.412,0.082,0.0,0.135,0.674,0.0,0.0,0.345,0.63,3.979,5.288,7.375,8.129,5.273,2.587,1.868,0.0,0.0,0.571,0.0,0.0,0.701,0.025,0.495,0.216,0.487,0.285,0.706,0.758,0.017,0.0,0.407,0.742,2.208,4.395,7.369,7.632,5.033,2.6,1.337,1.116,1.039,0.037,0.0,0.0,0.694,0.409,0.965,0.408,0.076,0.305,0.229,0.003,0.35,0.0,1.069,0.178,2.942,4.69,5.867,6.423,5.004,2.301,1.175,0.263,0.591,0.317,0.603,0.7,0.538,0.176,0.95,0.28,0.0,0.119,0.484,0.759,0.448,0.457,0.044,0.94,1.14,2.084,2.539,3.698,2.121,0.691,0.0,0.618,0.234,0.379,0.049,0.165,0.128,0.0,0.514,0.0,0.0,0.313,0.613,0.0,0.474,0.286,0.087,0.363,0.968,2.173,3.539,3.177,1.997,0.846,0.481,0.0,0.0,0.647,0.073,0.05,0.738,0.0,0.322,0.129,0.286,0.0,0.537,0.93,772.4,morning
D0456,0.009,0.168,0.0,1.011,0.0,0.0,0.386,5.336,0.916,0.076,0.195,0.419,0.824,0.0,0.28,0.482,0.043,0.388,0.0,6.325,0.0,0.076,5.721,0.064,0.519,0.166,0.27,0.389,0.111,0.0,0.923,2.594,0.46,0.0,0.336,0.0,0.0,1.219,0.0,0.0,0.2,0.29,0.134,2.126,0.089,0.646,2.459,0.442,0.0,0.429,0.25,0.0,1.021,0.0,0.177,5.457,0.263,0.0,0.841,0.0,0.0,0.628,0.0,0.077,0.0,0.225,0.731,5.018,0.302,0.0,6.365,0.0,0.428,0.307,0.236,0.0,0.0,0.839,0.0,4.0,0.02,0.618,1.199,0.0,0.238,0.659,0.774,0.106,0.123,0.753,0.0,5.122,0.0,0.243,4.488,0.0,0.304,0.003,0.62,0.0,0.0,0.214,0.132,4.165,0.153,0.164,0.0,0.251,0.0,0.08,0.0,0.396,0.115,0.682,0.0,4.066,0.22,0.095,4.317,0.128,0.0,0.367,0.992,0.0,0.154,0.277,0.609,5.204,0.242,0.0,0.0,0.403,0.0,0.0,0.086,0.0,0.017,0.429,0.231,5.558,0.0,0.008,4.631,0.0,0.0,0.131,0.152,0.013,0.0,0.0,0.734,1.258,0.0,0.0,0.515,0.259,0.0,0.36,0.0,0.083,0.0,0.269,0.0,1.794,0.672,0.0,1.48,0.0,425.1,intermittent
D0457,0.319,0.487,0.593,0.66,1.037,2.989,5.797,8.288,8.723,4.774,2.764,0.995,0.562,0.694,0.436,0.0,0.1,0.592,0.0,0.0,0.198,0.0,0.0,1.207,0.089,0.509,0.0,0.78,0.978,3.103,5.362,7.626,7.629,5.226,2.634,0.69,0.068,0.0,0.072,0.0,0.0,0.225,0.597,0.182,1.231,0.471,0.426,0.0,0.596,0.596,0.0,0.515,1.785,2.865,5.89,7.685,6.908,5.441,2.461,1.111,0.493,0.0,0.365,0.049,0.0,0.687,0.0,0.268,0.0,0.985,0.555,0.0,0.337,0.348,0.406,0.219,0.793,3.413,5.104,7.368,6.876,5.11,1.951,1.992,0.0,0.008,1.314,0.821,0.0,0.339,0.441,0.0,0.611,0.0,0.0,0.76,0.572,1.146,0.289,1.17,0.785,3.123,6.067,7.029,6.503,5.058,2.489,0.877,0.88,0.0,0.261,0.0,1.047,0.662,0.0,0.334,0.236,0.0,1.029,0.121,1.537,0.165,0.72,0.235,0.63,1.047,1.668,4.277,3.188,3.009,2.08,0.155,0.0,0.0,0.0,0.305,0.733,0.0,0.361,0.048,0.051,0.141,0.299,0.0,0.139,0.0,0.2,0.0,0.847,0.941,1.64,3.038,3.045,1.869,0.287,0.342,0.261,0.331,0.59,0.359,0.282,0.39,0.0,0.554,0.099,0.048,0.0,0.333,823.9,morning
D0458,1.46,0.098,0.118,0.0,0.384,0.175,0.0,0.0,0.0,0.178,0.198,0.177,1.292,0.0,0.639,0.218,0.386,0.556,0.707,0.153,2.106,0.0,0.0,0.0,0.0,0.455,0.28,0.0,0.0,0.0,0.675,0.0,0.0,0.113,0.0,0.927,5.104,0.0,0.0,0.0,0.0,1.244,5.518,0.058,5.1,0.0,0.606,0.0,0.0,0.0,0.517,0.105,0.0,0.048,0.088,0.756,0.215,0.067,0.11,0.0,3.799,0.0,0.991,0.0,0.374,0.0,4.035,0.0,4.377,0.01,0.0,0.0,1.062,0.0,0.0,0.0,0.688,0.0,0.0,0.15,0.605,0.05,0.08,0.005,3.154,0.89,0.0,0.238,0.0,0.327,3.378,0.169,3.388,0.0,0.03,0.0,0.137,0.0,0.0,0.049,0.103,0.0,0.0,0.155,0.746,1.202,0.934,0.0,2.623,0.548,0.347,0.033,0.186,0.24,2.153,0.19,1.839,1.148,0.0,0.341,0.237,0.192,0.412,0.644,0.186,0.509,0.359,0.0,0.161,0.05,0.426,0.465,4.194,0.327,0.225,0.0,0.715,0.424,5.053,0.081,3.87,0.0,1.207,0.408,0.546,0.965,0.262,0.0,0.606,0.096,0.0,0.882,0.0,0.0,0.55,0.0,5.165,0.311,0.679,0.47,0.525,0.602,5.837,0.0,4.647,0.0,0.478,0.068,381.9,intermittent
D0459,2.369,1.756,1.859,1.451,0.711,1.464,1.428,1.214,1.973,2.388,1.842,2.301,1.923,2.149,1.961,2.355,2.445,2.896,1.797,1.88,2.406,1.673,1.989,1.484,1.848,1.908,2.205,1.296,1.89,1.647,1.025,1.546,1.563,2.17,1.661,2.168,2.19,2.513,2.019,1.555,2.601,1.874,2.55,1.969,1.931,2.101,2.053,1.677,1.475,1.62,0.806,2.082,1.284,1.48,1.584,1.995,1.841,2.277,2.288,1.76,1.819,2.099,2.556,2.462,2.469,2.01,2.507,2.134,1.633,1.708,2.129,2.388,0.892,1.76,0.897,1.303,1.881,1.763,1.398,1.629,2.318,2.013,2.055,2.585,2.533,2.048,2.51,2.107,2.227,1.354,1.8,2.047,1.395,1.679,1.039,2.027,2.297,1.187,0.907,1.883,1.781,1.913,2.079,1.889,2.514,2.643,2.916,3.054,1.862,2.702,2.319,1.361,2.417,1.805,2.055,1.464,2.487,1.423,1.431,2.224,1.627,2.284,1.856,1.971,1.034,1.697,2.41,1.154,1.714,1.735,1.973,2.257,2.027,2.911,0.951,0.79,1.853,2.488,1.78,1.59,0.855,1.506,1.349,1.464,1.44,1.787,1.261,1.093,1.511,1.531,1.035,1.813,1.141,2.073,1.613,1.402,3.213,2.047,2.486,1.966,2.556,2.246,1.726,2.217,2.244,1.457,1.58,2.48,1108.9,allday_low
D0460,2.368,2.294,0.596,1.607,1.741,2.051,1.578,1.991,1.55,1.288,3.486,2.159,2.985,2.855,2.277,3.137,2.01,2.318,2.553,2.211,2.044,1.16,2.32,2.331,1.66,2.265,1.935,2.342,2.229,1.785,2.917,1.639,0.754,1.017,2.478,1.333,2.126,2.954,1.333,2.342,2.378,1.659,2.392,2.109,2.392,2.016,1.753,2.082,2.448,2.466,2.092,2.215,1.581,1.801,2.184,2.15,2.39,2.845,2.226,1.686,2.011,2.544,2.296,1.898,2.392,2.019,2.541,2.881,2.64,1.622,1.694,1.226,2.381,1.907,2.542,2.119,1.676,1.12,2.111,2.987,2.499,2.139,2.657,2.681,2.983,2.066,2.66,1.781,1.569,2.668,2.839,2.198,2.075,2.197,2.493,2.322,2.024,2.154,2.192,1.362,2.118,1.34,2.458,2.421,2.143,2.113,2.795,2.475,2.528,2.601,2.648,2.977,1.688,2.3,1.367,2.377,1.827,2.104,1.626,1.551,1.493,1.697,1.949,1.329,1.751,1.909,1.556,2.006,1.32,1.57,2.527,1.111,2.018,2.237,2.327,2.332,2.071,1.946,1.668,2.673,2.25,1.967,1.744,1.458,1.666,1.225,2.257,1.264,1.126,3.066,1.712,1.446,2.248,1.376,1.738,2.478,3.135,2.666,2.544,2.833,2.042,1.458,1.735,2.595,1.37,1.772,1.797,1.918,1239.3,allday_low
D0461,0.814,1.121,0.507,1.459,0.632,2.906,5.587,10.0,10.0,9.881,5.534,2.241,1.374,0.177,0.0,0.0,1.29,0.588,0.688,0.313,0.616,0.154,0.463,0.0,0.0,0.0,0.099,1.177,2.124,2.964,4.203,10.0,10.0,8.598,6.163,2.08,0.487,0.304,0.332,0.745,0.564,0.179,0.0,0.117,0.581,0.141,0.534,0.472,0.985,0.598,0.874,0.459,1.72,2.241,5.253,10.0,10.0,8.81,4.801,2.036,0.798,0.732,0.824,0.482,0.895,0.835,0.052,0.029,0.268,0.0,0.505,0.367,1.202,0.964,0.344,0.998,0.908,2.657,4.763,9.343,10.0,9.18,5.887,2.422,1.194,0.642,0.486,0.884,1.273,0.0,0.014,0.495,1.075,0.823,0.101,0.292,0.784,0.176,0.582,0.224,1.151,2.609,4.139,9.924,10.0,7.919,4.936,1.412,0.0,0.882,1.268,0.435,1.148,0.147,0.0,0.269,0.092,0.638,0.934,0.0,0.0,0.606,0.058,0.601,0.071,0.804,2.995,4.687,5.748,4.091,2.969,1.217,0.595,0.0,0.512,0.096,1.048,0.21,0.129,0.786,0.248,0.0,0.0,0.0,0.0,0.145,0.578,0.0,1.531,0.34,2.491,4.033,4.362,3.65,2.87,1.387,0.788,0.0,0.414,0.555,0.577,0.0,0.34,0.336,0.691,0.068,0.0,0.0,1130.9,morning
D0462,0.416,0.0,0.0,0.525,0.665,1.382,1.673,5.669,6.532,6.054,4.386,1.939,1.512,0.699,0.99,0.097,0.836,0.0,0.246,0.0,0.343,0.367,0.715,0.399,0.0,0.079,0.38,0.022,0.997,0.893,3.077,4.711,7.066,6.233,4.611,2.764,0.844,1.231,0.228,0.375,0.236,0.0,0.943,0.355,0.095,0.0,1.136,0.22,0.215,0.746,0.983,0.079,0.74,1.341,2.535,4.843,6.511,6.795,4.199,1.938,0.429,0.843,0.439,0.0,0.128,0.627,0.0,0.268,0.66,0.396,0.616,0.0,0.0,0.688,0.468,0.191,0.584,1.332,2.395,4.703,6.184,6.982,4.119,2.587,0.147,0.433,0.0,1.077,1.51,0.848,0.0,0.0,0.24,0.347,0.518,0.498,0.278,0.168,0.0,0.6,0.0,1.052,2.585,4.664,6.811,6.454,3.973,2.848,0.399,0.148,0.094,0.779,0.433,0.0,0.122,0.0,1.032,0.0,0.262,0.0,0.199,0.975,0.0,0.559,0.114,0.468,1.455,1.691,2.708,2.44,2.599,1.33,0.782,0.623,0.497,0.0,0.0,0.03,0.187,0.0,0.0,0.0,0.0,0.0,0.305,0.044,0.663,0.404,0.044,0.626,0.999,1.741,2.74,2.718,2.086,1.753,0.873,0.0,0.0,0.696,0.058,0.0,0.848,0.029,0.064,0.0,0.0,0.0,713.0,morning
D0463,0.0,0.121,0.362,0.0,0.046,0.0,2.764,0.0,0.418,0.29,0.341,0.017,0.873,0.0,0.88,0.247,2.396,0.029,0.183,2.726,0.917,2.143,0.046,0.0,0.0,0.143,0.812,0.352,0.0,0.003,3.029,0.0,0.196,0.319,0.036,0.0,0.248,1.172,0.0,0.0,2.783,1.208,0.0,2.317,0.493,3.184,0.0,0.001,0.0,0.004,0.039,0.597,0.72,0.126,4.973,0.601,0.0,0.679,0.533,1.034,0.289,0.967,0.0,0.0,3.299,0.031,0.244,4.874,0.588,5.942,0.008,0.742,0.494,0.342,0.56,0.021,0.65,0.0,4.646,0.037,1.294,0.0,0.397,0.744,0.0,0.192,0.0,0.0,5.222,0.0,0.3,4.265,0.604,4.968,0.0,0.11,0.0,0.597,0.618,0.0,0.395,0.0,3.069,1.047,0.0,0.81,0.946,0.009,0.28,0.0,0.161,0.451,3.088,0.332,0.0,3.237,0.0,3.661,0.737,0.074,0.313,0.0,0.515,0.0,0.028,0.155,1.476,0.0,0.333,0.536,0.0,0.24,0.233,0.0,0.0,0.609,2.655,0.712,0.371,2.479,0.34,1.615,0.29,0.0,0.0,0.567,0.058,0.0,0.0,0.0,2.86,0.0,0.03,0.327,0.293,0.0,0.0,0.108,0.432,0.0,2.408,0.203,0.194,3.056,0.312,2.634,0.82,0.004,501.7,intermittent
D0464,4.269,2.303,1.071,0.73,0.408,1.251,0.126,0.929,0.022,0.223,0.0,0.739,0.901,0.278,0.603,0.426,0.689,1.149,0.642,1.789,3.653,5.286,6.227,5.429,3.729,2.165,1.219,0.257,0.0,0.0,0.856,0.0,0.866,0.1,0.739,0.0,0.0,0.0,0.298,0.543,0.0,0.787,1.168,1.987,3.954,5.524,6.37,5.514,3.866,3.088,0.244,0.016,0.908,0.0,0.761,0.5,0.0,0.801,0.89,0.37,0.311,0.94,0.0,0.681,0.0,0.878,1.098,2.249,4.642,4.779,6.456,5.392,4.076,2.707,1.545,0.916,0.049,0.666,0.72,0.602,0.66,0.419,0.0,0.193,0.165,0.389,0.198,1.202,0.65,0.625,1.348,2.582,5.095,5.992,6.293,5.265,4.983,3.733,1.361,0.35,0.981,0.525,0.0,0.549,0.968,0.0,0.778,0.0,0.363,0.241,0.957,0.92,0.0,0.0,0.796,3.085,3.958,6.718,8.255,7.2,4.328,3.02,1.061,0.512,0.299,0.286,0.438,0.143,0.16,0.876,0.476,0.0,0.52,0.0,0.528,0.744,0.926,1.013,1.054,2.765,5.714,7.17,8.138,7.537,4.922,2.408,1.068,1.522,1.349,0.425,0.406,0.804,0.592,0.408,0.727,0.104,0.896,0.694,0.601,0.361,0.189,0.0,0.491,1.763,4.885,5.797,6.27,5.986,998.9,night
D0465,5.36,4.089,1.84,1.411,1.307,0.264,0.405,0.0,0.018,0.785,0.415,0.641,0.463,0.272,0.889,0.0,0.0,0.216,0.547,0.806,1.954,3.958,4.44,6.561,5.41,4.185,2.48,1.406,1.206,0.0,0.037,0.628,0.0,0.0,0.633,0.0,0.739,0.141,0.856,0.458,0.037,0.0,0.421,0.966,1.571,2.76,4.855,6.567,5.62,3.807,2.535,1.564,0.248,0.313,0.294,0.165,0.0,0.64,0.0,0.046,0.016,0.091,1.0,0.205,0.83,0.447,0.728,0.807,2.185,3.064,4.758,5.642,5.344,4.316,2.997,1.199,0.342,1.33,0.205,0.694,0.364,0.846,0.338,0.34,0.336,0.247,0.39,0.016,0.593,1.629,0.135,1.135,1.97,3.018,5.585,6.002,6.729,5.852,3.002,2.161,1.093,0.591,0.747,0.795,0.359,0.272,0.824,1.688,0.0,0.0,0.005,0.293,0.01,0.769,0.021,1.009,2.154,4.717,6.314,6.905,7.478,5.048,2.756,2.206,0.692,0.792,0.266,0.572,1.087,0.542,0.295,0.0,0.857,0.673,0.603,0.422,0.973,0.318,0.949,2.072,2.516,4.303,6.361,7.578,6.137,5.298,2.938,1.515,0.804,0.0,0.357,0.0,1.058,0.0,0.0,0.0,0.032,0.0,0.465,0.488,0.0,0.818,0.509,0.976,2.457,4.222,5.051,5.881,972.3,night
D0466,0.703,0.0,0.199,0.023,0.555,0.84,1.555,3.866,5.617,6.397,4.025,2.305,1.085,0.702,0.59,0.42,0.0,0.0,0.0,0.238,0.758,0.0,0.128,0.807,0.0,0.952,0.548,0.0,0.216,1.537,1.732,4.406,7.015,6.275,4.478,3.257,0.416,0.397,0.479,0.0,0.0,0.01,0.451,0.049,0.228,0.619,0.538,0.0,0.349,0.514,0.232,0.518,0.716,0.92,1.914,4.196,5.05,6.929,5.078,2.826,0.964,0.663,0.35,0.414,0.883,0.0,0.465,0.0,0.0,0.21,0.0,0.0,0.0,0.05,0.508,0.653,1.26,0.591,2.316,4.164,6.165,6.462,4.843,2.477,0.728,0.669,0.004,0.533,0.32,0.0,0.205,0.686,0.21,0.37,0.052,0.144,0.681,0.06,0.0,0.0,0.009,0.24,1.191,3.396,5.347,5.503,4.881,1.407,1.121,0.626,0.55,0.234,0.823,0.254,0.159,0.779,0.176,0.0,0.479,0.742,0.252,0.0,0.238,0.434,0.0,0.0,0.819,2.304,2.232,2.256,2.108,0.913,0.096,0.706,0.0,0.283,0.498,0.027,0.499,0.421,0.203,0.0,0.764,0.528,0.439,0.133,0.0,0.0,0.384,0.16,0.882,2.743,3.002,2.719,1.748,1.256,0.77,0.0,0.0,0.213,0.0,0.0,0.0,0.891,0.0,0.0,0.0,0.385,640.0,morning
D0467,4.039,3.075,2.364,2.133,0.0,0.0,0.376,0.486,1.298,0.787,0.163,0.388,0.292,0.151,0.602,0.0,0.849,0.708,0.746,2.542,0.93,1.469,2.636,3.247,3.833,3.097,3.094,1.005,0.393,0.326,0.0,0.0,0.764,0.615,0.0,0.022,0.392,0.482,1.424,0.915,1.001,0.0,0.446,1.318,0.181,1.298,2.782,3.814,4.454,3.539,2.248,1.739,0.861,0.641,0.0,0.277,1.572,0.268,0.207,0.206,0.0,0.653,0.133,0.0,0.0,0.0,0.157,1.174,0.69,1.501,2.069,3.455,4.381,3.499,2.913,2.129,0.374,0.573,1.227,0.383,0.416,0.486,0.191,0.0,0.19,0.0,0.0,0.657,0.0,0.903,0.563,1.589,1.517,1.983,2.353,3.329,4.983,4.868,4.009,1.395,1.322,0.542,0.386,0.616,0.0,0.326,0.0,0.643,0.454,1.075,0.986,0.042,0.439,1.048,0.578,1.184,1.664,2.452,3.173,4.856,5.581,5.403,3.372,2.53,0.853,0.795,0.826,0.69,1.572,0.358,0.693,0.604,0.42,0.675,0.0,0.56,0.0,0.0,0.566,1.543,0.236,1.044,3.087,3.763,3.703,3.607,3.164,1.103,0.0,1.078,0.719,0.46,1.216,1.228,0.432,0.325,0.207,0.483,0.0,0.788,0.874,0.868,0.308,1.513,0.218,0.997,3.033,4.217,699.3,night
D0468,1.661,2.003,0.502,0.873,0.474,0.54,0.0,0.382,0.23,0.314,0.0,0.464,1.233,0.0,0.654,0.124,0.865,0.0,1.073,0.885,2.395,1.456,3.025,3.329,2.455,1.016,1.097,1.305,0.228,0.712,0.133,0.15,0.323,0.068,0.024,0.239,0.665,0.268,0.214,0.321,2.186,0.0,0.721,1.136,2.517,2.719,3.203,3.222,1.772,1.314,0.585,0.819,0.731,0.158,0.146,1.256,0.346,0.462,0.15,0.855,0.442,0.338,0.357,0.072,2.561,0.312,1.145,0.654,4.56,2.016,1.962,2.636,1.734,1.968,0.099,0.547,0.0,0.0,0.653,0.207,0.246,0.217,0.081,0.0,0.0,0.432,0.395,0.776,2.831,0.113,0.387,1.074,4.312,2.122,3.449,2.986,2.648,1.65,0.953,0.575,0.883,1.147,0.184,0.0,0.011,0.141,0.402,0.0,0.752,0.0,0.415,0.224,1.242,0.948,0.316,0.521,3.215,3.147,3.446,3.701,3.526,1.946,1.037,0.979,0.335,0.0,0.311,0.0,0.278,0.744,0.0,0.288,0.577,0.282,0.936,0.337,3.066,1.002,0.793,1.004,4.176,2.822,3.863,3.448,3.177,2.743,0.968,0.0,0.691,0.33,0.567,0.25,0.691,0.0,0.452,0.408,0.446,0.617,0.679,0.0,2.688,0.406,0.387,0.978,3.67,2.459,2.304,3.232,638.4,night
D0469,2.452,1.378,0.761,1.423,1.294,1.625,1.377,1.923,1.698,1.934,2.509,1.942,1.363,1.782,1.389,1.732,0.382,2.289,1.178,2.1,1.415,1.515,2.311,1.391,1.057,1.241,0.887,1.849,1.742,1.396,1.925,1.906,1.579,1.885,1.739,1.614,0.814,1.868,2.002,1.366,2.337,1.804,2.029,1.891,1.646,1.37,1.249,0.759,2.143,1.603,1.0,1.71,0.961,1.791,1.762,1.334,0.979,1.538,1.88,1.194,1.638,2.572,1.964,3.175,2.148,1.812,1.429,1.248,1.759,1.408,1.423,1.604,1.176,1.843,1.561,1.191,1.589,0.492,1.746,1.796,0.771,0.933,1.7,1.62,1.933,2.017,2.694,1.832,2.233,1.695,2.017,1.584,1.107,1.356,1.746,1.005,1.525,1.606,1.594,1.795,2.405,0.953,1.403,1.606,1.472,2.296,2.401,2.914,1.895,1.476,1.901,1.558,2.333,2.247,2.189,2.712,1.707,1.345,1.557,1.092,1.032,1.324,1.522,0.943,0.752,1.697,1.025,1.538,2.046,1.96,1.926,2.208,1.872,1.298,2.913,1.995,1.979,1.797,0.894,1.203,2.269,0.605,1.367,1.498,1.186,2.229,0.609,0.991,1.489,1.556,1.465,1.594,1.245,1.443,1.188,1.898,1.0,1.182,2.202,1.531,2.851,1.51,1.454,2.189,1.973,1.385,1.38,1.83,964.5,allday_low
D0470,1.179,0.154,0.18,0.468,1.167,2.457,5.99,6.843,6.646,4.816,1.724,0.922,0.0,0.0,0.361,0.119,0.638,0.068,0.183,0.019,0.8,0.212,0.01,0.0,0.0,0.613,0.293,1.818,0.901,2.099,5.182,8.032,6.583,4.044,1.638,0.597,0.92,0.0,0.308,0.36,0.298,0.154,0.0,0.39,0.17,0.847,0.216,0.269,0.363,0.509,0.0,0.628,0.377,2.624,5.56,7.939,5.973,3.702,1.115,0.413,1.408,0.0,0.0,0.689,0.678,0.314,0.35,0.646,0.655,0.0,0.0,0.0,0.0,0.621,0.797,0.332,1.267,2.748,4.896,6.611,6.449,4.416,2.056,0.648,1.004,1.006,0.0,0.0,0.0,0.698,0.165,0.318,0.563,0.287,0.002,0.0,0.171,0.641,0.0,0.243,0.213,3.065,4.258,5.934,6.474,3.581,0.961,0.94,0.409,1.16,0.0,0.0,0.0,0.718,0.0,0.111,0.384,0.8,0.0,0.393,0.0,0.0,0.078,0.076,0.723,2.126,2.553,3.135,3.118,1.482,1.179,0.016,0.295,0.015,0.0,0.826,0.0,0.326,0.0,0.514,0.0,0.0,0.0,0.817,0.675,0.0,0.0,0.0,0.798,1.227,1.917,3.299,2.711,1.234,0.0,1.213,0.014,0.0,0.247,0.0,0.689,0.661,0.008,0.0,0.333,0.66,0.069,0.0,688.0,morning
D0471,1.28,0.341,0.478,0.412,0.083,0.0,0.038,0.0,0.0,1.076,0.502,0.181,0.166,0.41,0.078,0.0,0.746,0.0,3.473,2.59,3.241,0.0,2.6,0.0,0.239,0.0,0.0,0.427,0.285,0.0,0.634,0.673,0.0,0.0,0.0,0.0,0.64,0.172,0.0,0.763,0.084,0.468,1.377,0.473,0.822,0.0,1.748,0.301,0.983,0.136,0.102,0.0,0.558,0.799,0.0,0.093,0.304,0.0,0.0,0.211,0.405,0.0,0.14,1.076,0.644,0.374,3.377,3.457,3.114,0.102,3.605,0.485,0.0,1.294,0.0,0.891,0.492,0.311,0.272,0.2,0.0,0.356,0.075,0.412,0.351,0.0,0.0,0.286,0.356,0.0,4.137,4.137,5.046,0.219,4.831,0.524,0.0,0.0,0.0,0.099,0.0,0.0,0.56,0.114,0.513,0.154,0.0,0.65,0.0,0.304,0.482,0.066,0.038,0.0,3.81,2.954,3.879,0.0,3.737,0.269,0.624,0.461,0.0,0.129,1.109,0.152,0.0,0.686,0.099,0.637,0.035,0.298,0.0,0.56,0.088,0.169,0.531,0.318,1.502,0.765,1.627,0.0,1.68,0.017,0.707,0.385,0.0,0.456,0.791,0.0,0.041,0.0,0.309,1.082,0.676,0.001,0.432,0.699,0.0,0.0,0.564,0.0,3.391,3.272,3.719,0.102,4.183,0.52,491.1,intermittent
D0472,0.019,0.0,0.708,0.745,0.392,0.0,0.0,0.0,1.015,0.646,0.78,3.517,0.0,0.626,0.0,0.205,0.441,0.0,0.848,0.041,3.757,0.409,0.254,3.607,0.0,0.369,0.48,0.638,0.131,0.234,0.0,0.658,0.0,0.463,0.654,5.923,0.0,0.0,0.0,0.0,1.148,0.364,0.0,0.0,5.829,0.78,0.0,5.831,0.038,0.088,0.0,0.002,0.0,0.749,0.0,0.701,0.005,0.0,0.0,3.872,0.374,0.0,0.0,0.296,0.0,0.774,0.239,0.187,3.452,0.0,0.022,3.864,0.514,0.139,0.0,0.0,0.137,1.017,0.299,0.0,0.0,0.0,0.377,3.576,0.329,0.072,0.0,0.359,0.0,0.357,0.0,0.108,3.512,1.009,0.0,4.058,0.575,0.0,0.117,0.0,0.0,0.0,0.0,0.0,0.179,0.8,0.233,2.958,0.0,0.983,0.597,0.0,1.072,0.821,0.0,0.488,2.677,0.0,0.0,3.295,0.457,1.414,0.254,0.0,0.0,0.0,0.035,0.019,0.31,0.838,0.342,4.036,0.327,0.0,0.0,0.944,0.0,1.037,0.391,0.302,3.97,0.187,0.0,4.506,0.103,1.22,0.514,0.061,0.328,0.0,0.478,0.0,0.545,0.0,0.031,6.043,0.978,0.0,0.0,0.17,0.489,0.0,0.154,0.183,5.163,0.161,0.192,6.313,445.7,intermittent
D0473,5.505,0.652,0.62,0.64,0.63,0.182,0.0,0.226,5.642,0.0,0.933,0.209,0.0,0.816,0.265,0.661,0.048,0.481,0.501,5.522,0.0,0.394,0.484,0.0,5.859,0.935,0.268,0.586,0.194,0.0,0.63,0.0,5.362,0.0,0.0,0.268,0.671,0.32,0.231,0.0,0.112,0.0,0.228,4.882,0.176,0.188,0.428,0.457,4.152,0.623,0.0,0.0,0.385,0.189,0.0,0.383,4.686,0.0,0.0,0.0,0.142,0.166,0.0,0.0,0.164,0.6,0.014,3.69,0.853,0.499,0.0,0.508,1.916,0.611,0.0,0.0,0.0,0.0,0.0,0.0,2.286,0.0,0.093,0.0,0.0,0.396,0.464,0.0,0.395,0.0,0.589,2.733,0.055,0.0,0.0,0.122,2.776,0.319,0.224,0.0,0.215,0.0,0.795,0.427,2.816,0.174,0.0,0.0,1.017,0.0,0.164,0.201,0.157,0.236,0.997,2.603,0.38,0.019,0.068,0.367,3.463,0.743,0.0,0.0,1.097,0.0,0.0,0.0,2.493,0.0,0.0,0.0,0.0,0.576,0.122,0.23,0.204,0.0,0.0,2.232,0.489,0.097,0.715,0.333,4.871,0.018,0.0,1.027,0.709,0.0,0.396,0.508,4.429,0.0,0.106,0.277,0.0,0.514,0.0,0.269,1.063,0.459,0.841,4.199,0.284,0.0,0.01,0.418,392.1,intermittent
D0474,5.607,5.637,3.78,1.111,2.086,0.0,0.0,0.0,0.178,0.0,0.0,0.0,0.0,0.16,0.509,0.955,0.281,0.504,0.209,1.01,1.583,1.513,2.522,4.238,4.953,4.582,3.375,1.877,0.44,0.418,0.48,0.985,0.035,0.28,0.232,0.056,0.068,0.0,0.49,0.589,0.103,0.522,0.0,1.145,0.548,1.655,3.538,3.845,4.943,4.351,3.613,1.547,1.346,0.641,0.0,0.68,1.131,0.0,0.058,0.0,0.264,0.781,0.0,0.0,0.864,0.0,0.018,0.377,0.115,1.397,3.964,4.824,5.726,5.224,3.843,1.903,1.035,0.727,0.163,0.919,0.0,0.173,0.814,0.764,0.091,0.457,0.453,1.295,0.0,0.42,0.18,1.206,0.894,1.605,3.64,4.402,6.692,6.293,3.539,2.168,2.159,0.786,0.0,0.464,0.0,0.458,0.561,0.344,0.048,1.188,0.234,0.0,0.311,0.922,1.173,0.0,0.782,2.113,4.079,5.15,7.145,6.67,4.109,2.623,1.722,1.513,0.957,0.182,0.607,0.295,0.063,0.623,0.618,0.397,0.851,0.273,0.361,0.501,0.609,0.241,2.058,2.683,4.179,6.024,5.711,5.868,4.187,2.489,2.245,0.864,0.0,0.68,0.575,0.958,0.669,0.395,0.767,0.0,0.549,0.59,0.0,0.399,0.088,0.351,1.423,1.519,3.38,4.594,888.8,night
D0475,0.094,0.163,0.309,0.746,0.195,1.404,4.044,5.793,5.505,4.415,2.551,1.365,0.556,0.457,0.445,0.268,0.0,0.021,0.804,0.635,0.24,0.138,0.0,0.0,0.674,0.106,0.39,1.403,0.672,1.248,3.849,5.925,5.064,5.028,1.958,1.692,0.986,0.331,0.0,0.742,0.436,0.0,0.483,0.0,0.368,0.377,0.462,0.792,0.025,0.0,0.269,0.687,0.532,0.864,3.336,5.512,5.588,3.409,2.504,0.377,0.848,1.31,0.0,0.406,0.382,0.0,0.0,0.0,0.111,1.345,0.505,0.0,0.0,0.0,0.0,0.0,0.834,1.485,3.271,5.816,5.431,4.659,1.851,1.34,0.441,0.347,0.189,0.492,0.0,0.702,0.132,0.47,0.544,0.0,0.47,0.0,0.0,0.323,1.218,0.009,0.825,1.876,2.76,4.891,6.203,4.538,2.277,0.208,0.132,0.494,0.0,0.601,0.744,1.045,0.808,0.415,0.585,0.075,0.0,0.432,0.0,0.0,1.101,0.0,0.388,0.0,1.184,2.082,2.616,1.614,0.935,0.205,0.094,0.0,0.0,0.458,0.0,0.196,0.282,0.14,0.0,0.0,0.0,0.121,0.721,0.979,0.252,0.082,0.205,0.603,1.063,2.776,2.179,1.931,1.083,0.0,0.0,0.256,0.65,0.179,0.398,0.0,0.111,0.0,0.448,0.118,0.88,0.089,570.3,morning
D0476,0.0,0.554,0.867,0.618,0.202,0.0,0.356,0.283,1.015,0.358,0.524,0.072,1.92,0.107,0.0,0.116,0.266,0.0,0.285,0.609,0.183,0.081,2.42,0.009,1.03,0.0,0.0,0.566,0.0,0.537,0.0,0.137,0.559,0.0,0.471,0.547,3.048,0.718,0.064,0.095,0.463,0.697,0.0,0.0,0.0,0.422,3.582,0.0,1.004,0.388,0.015,0.358,0.0,0.623,0.739,0.837,0.351,0.182,0.597,0.897,2.534,0.787,0.0,0.0,0.299,0.0,0.0,0.046,1.221,0.0,3.305,0.019,0.0,0.0,0.179,0.008,0.407,1.13,0.239,0.0,0.31,0.0,0.0,0.0,3.195,0.528,0.056,0.0,0.0,0.115,0.662,0.0,0.245,0.439,3.356,0.457,0.608,0.03,0.469,0.0,0.0,0.286,0.0,0.0,0.0,0.429,0.081,0.113,2.763,0.253,0.792,0.662,0.323,0.007,0.742,0.892,0.0,0.099,2.767,0.0,0.0,0.0,0.641,0.0,0.271,0.0,0.715,0.208,0.584,0.204,0.0,0.0,4.548,0.42,1.064,0.852,0.0,0.0,0.661,0.628,0.173,0.0,3.906,0.232,0.493,0.0,0.608,0.503,0.509,0.384,0.0,0.284,0.0,0.404,0.0,0.0,3.415,0.0,0.0,0.0,0.067,0.648,0.159,0.0,0.025,0.481,3.708,0.464,360.0,intermittent
D0477,4.47,2.895,1.96,0.999,0.61,0.1,0.112,0.558,0.301,0.231,0.259,0.158,0.707,0.22,1.278,0.466,0.601,0.139,0.603,1.045,1.247,1.988,3.915,5.236,3.719,3.289,2.223,1.043,0.584,0.0,0.703,0.277,0.374,0.133,0.0,0.0,0.985,0.0,0.083,0.0,0.482,0.679,0.0,0.26,0.794,2.002,3.671,4.342,4.388,2.861,2.225,1.634,0.659,0.0,0.855,0.873,0.517,0.681,0.477,0.557,0.003,0.617,0.0,0.19,0.676,0.941,0.541,1.126,1.127,2.45,3.743,3.292,4.984,3.75,2.467,1.675,0.405,0.394,0.331,0.454,0.0,0.577,0.595,0.0,0.0,0.786,0.0,0.946,0.0,0.735,0.0,0.991,1.318,2.391,3.148,4.593,5.256,4.077,3.46,2.828,0.436,0.654,0.787,0.055,0.0,0.334,0.341,0.0,0.448,0.696,0.555,0.217,0.0,0.566,0.103,0.606,1.475,3.125,4.841,5.658,5.866,5.015,2.596,1.299,1.472,1.143,0.0,0.129,0.766,0.519,0.281,0.0,0.118,0.0,0.961,0.008,0.411,0.564,0.422,0.763,0.961,2.709,4.417,5.534,5.501,4.755,2.936,2.02,0.395,0.307,0.0,0.346,0.0,0.0,0.0,0.496,0.821,0.771,0.636,0.66,0.155,0.0,0.0,0.514,0.303,2.656,3.99,5.078,802.7,night
D0478,0.864,1.103,1.024,0.386,1.696,2.024,1.13,1.228,1.951,1.603,1.952,1.301,2.079,2.013,1.643,1.814,0.848,1.633,1.713,1.448,1.188,2.135,2.02,1.437,1.548,0.544,0.838,1.151,0.908,1.871,1.181,0.969,2.473,2.466,2.03,0.884,2.469,2.483,1.067,0.816,1.556,1.921,2.342,0.789,2.388,0.76,1.851,1.405,1.95,1.53,1.314,1.667,1.029,1.364,0.856,1.842,2.102,1.84,1.799,1.623,2.887,1.819,1.142,2.089,1.83,2.692,1.694,1.026,2.336,1.649,1.204,2.435,1.371,1.11,1.772,1.793,1.799,2.024,0.606,1.889,1.609,1.698,1.473,1.569,1.695,1.897,0.858,2.159,2.246,1.969,1.966,2.071,1.679,2.496,1.463,1.858,0.983,1.3,1.842,1.286,1.133,1.573,1.481,1.096,1.4,1.735,0.608,1.778,1.398,1.718,1.274,1.673,2.613,1.299,1.399,1.467,0.612,0.727,1.704,1.147,2.051,0.797,2.04,0.43,1.168,0.866,1.653,1.06,1.165,1.42,2.674,2.198,1.408,1.212,1.256,1.146,2.08,1.241,2.066,2.005,1.338,0.686,1.659,0.706,1.245,1.899,0.112,1.095,0.951,1.064,0.673,2.295,1.488,0.549,1.695,2.089,1.59,2.384,0.721,2.163,1.509,1.177,1.886,1.819,2.096,2.021,1.347,0.551,847.3,allday_low
D0479,0.394,0.556,0.719,0.701,3.251,5.741,6.273,6.172,4.289,2.497,0.996,0.097,0.0,0.0,0.164,0.049,0.0,0.602,0.123,0.477,0.0,0.735,0.655,0.801,0.23,0.202,0.743,1.655,2.624,4.314,6.524,6.83,4.331,1.981,0.535,1.135,0.0,0.29,0.498,0.474,0.0,0.654,0.55,0.364,0.474,0.04,1.118,0.892,0.0,0.237,0.982,1.376,2.698,4.581,6.339,6.269,4.75,2.382,1.024,0.718,0.0,0.438,0.433,0.0,1.301,0.507,0.552,0.0,0.418,0.367,1.164,0.732,0.39,0.0,0.0,0.0,2.5,5.265,6.78,6.527,4.963,1.43,0.311,0.437,0.0,0.268,0.088,0.0,0.0,0.056,0.0,0.132,0.897,0.764,0.47,0.598,0.0,0.583,0.0,1.297,3.338,5.228,6.806,5.443,3.796,1.895,1.18,0.045,0.257,1.023,0.319,0.0,0.0,0.0,0.0,0.413,0.814,0.896,0.928,0.035,0.061,0.131,1.561,0.699,1.162,1.888,3.609,2.275,1.945,0.831,0.212,1.061,0.414,0.625,0.0,0.627,0.786,0.279,0.0,0.0,0.162,0.063,0.0,0.365,0.229,0.0,0.045,0.0,1.001,1.469,2.538,2.643,0.779,0.625,0.463,0.0,0.0,0.0,0.515,0.0,0.0,0.504,0.004,0.933,0.357,0.322,0.337,0.701,632.9,morning
D0480,0.556,1.0,1.008,0.275,0.553,0.485,0.785,1.442,1.103,1.467,1.045,2.073,1.301,1.939,1.575,1.187,2.481,2.016,1.305,1.752,1.267,1.093,0.848,1.116,1.229,1.16,1.307,1.053,0.501,1.301,0.833,0.461,1.158,1.086,1.006,0.854,1.614,1.22,1.105,1.693,1.391,1.598,1.307,1.473,0.591,1.842,0.361,1.478,1.008,2.018,1.045,1.345,0.134,1.659,1.353,0.392,0.953,1.179,1.874,1.318,0.908,1.313,1.776,1.47,1.786,0.345,2.207,1.309,1.402,1.589,1.717,1.624,0.717,0.297,1.259,1.59,1.304,0.173,2.079,0.973,1.654,0.474,2.025,1.904,1.307,2.111,1.625,1.909,1.45,1.137,2.214,1.549,0.648,1.281,1.477,1.62,2.05,1.342,0.717,0.965,1.675,0.807,1.256,0.998,1.132,1.235,1.504,1.397,0.78,2.089,2.046,1.63,2.07,1.793,1.76,1.485,1.616,0.753,1.018,0.466,0.446,1.52,1.131,0.735,0.545,0.388,0.502,0.814,0.0,1.61,1.402,1.501,1.641,1.368,1.489,1.363,2.009,0.906,1.635,0.718,0.622,0.429,0.178,1.122,0.514,1.102,1.676,0.749,1.143,1.473,1.177,1.149,0.39,1.258,1.536,2.128,1.191,1.933,1.113,1.802,0.981,1.37,0.967,1.208,1.149,1.135,0.69,0.987,735.7,allday_low
D0481,0.0,0.712,0.294,1.066,0.914,2.44,4.986,6.569,6.404,2.717,1.912,0.19,0.285,0.0,0.36,0.0,0.0,0.0,0.775,0.563,0.833,0.0,1.063,1.334,0.0,0.434,0.007,0.786,1.763,2.065,4.152,6.202,7.438,4.069,1.923,1.132,0.866,0.424,0.24,0.003,0.362,0.778,0.751,0.016,0.212,0.0,0.747,0.497,0.14,0.077,0.0,0.475,1.697,2.155,4.126,6.374,6.334,4.122,2.246,0.438,0.741,0.441,0.146,0.276,0.632,0.521,0.511,0.566,0.081,0.0,0.0,0.661,0.0,0.271,0.358,0.764,0.45,1.493,4.488,6.573,6.427,3.389,1.321,0.78,1.28,0.482,0.505,1.145,0.683,0.339,0.0,0.296,0.589,0.0,0.684,0.213,0.155,0.0,0.434,0.723,0.49,2.614,4.911,6.383,5.615,3.361,1.495,0.009,0.041,0.128,0.0,0.316,0.921,1.002,0.0,1.042,0.759,0.0,0.474,0.24,0.0,0.0,0.449,0.0,1.272,1.579,2.442,2.142,3.082,2.093,1.169,0.725,0.939,0.0,0.03,0.0,0.47,0.01,0.0,0.152,0.0,0.151,0.173,0.0,0.558,0.0,0.159,0.263,0.389,1.556,1.608,2.485,2.369,1.299,0.0,0.949,0.0,0.0,0.0,0.131,0.184,0.67,0.0,0.219,0.556,0.727,0.273,0.0,722.0,morning
D0482,2.68,1.787,1.839,1.004,0.677,0.207,0.508,1.679,0.623,0.93,0.0,0.509,0.109,0.65,0.0,0.773,0.062,0.133,0.146,0.0,2.553,0.548,3.696,2.024,2.506,2.971,1.277,0.207,0.374,0.35,0.166,1.718,0.986,0.796,0.0,0.0,0.405,0.378,0.0,0.828,0.0,0.221,0.212,0.407,2.014,1.037,3.183,2.292,2.353,3.157,1.852,1.328,1.191,0.5,0.649,2.048,0.492,0.152,0.628,0.459,0.478,0.558,0.705,0.0,0.0,0.237,0.0,0.201,2.891,1.541,4.504,2.478,2.756,1.869,1.722,0.561,0.969,0.448,0.373,1.829,0.023,0.0,0.035,0.436,0.0,0.32,0.0,0.497,0.0,0.586,0.0,0.0,2.132,0.771,2.205,2.565,2.334,3.103,3.391,1.584,0.69,0.435,0.0,1.497,1.237,0.068,0.0,0.472,0.594,0.306,0.12,0.509,0.0,0.043,0.0,0.295,1.596,1.482,2.751,3.168,3.332,3.605,2.909,1.632,1.004,0.226,0.867,2.627,0.0,0.298,0.137,0.468,0.0,0.0,1.044,0.926,0.0,1.158,0.0,0.732,1.65,1.168,3.265,3.25,2.644,3.625,2.655,1.205,0.777,0.484,0.116,1.128,0.612,0.515,0.006,0.279,0.0,1.013,0.588,0.204,0.32,0.609,0.016,0.307,1.821,0.346,3.01,3.482,565.6,night
D0483,0.934,1.355,1.754,1.787,1.502,1.105,1.562,0.858,2.109,1.614,2.348,1.466,2.19,1.18,2.593,2.175,1.785,1.708,1.708,1.789,1.013,1.525,1.486,2.043,1.32,1.067,1.484,1.794,1.597,1.612,1.646,1.602,1.478,1.436,1.862,2.05,1.977,1.167,2.404,1.358,1.354,1.433,1.656,1.739,2.17,2.121,0.843,0.778,2.036,1.451,1.052,1.793,2.06,1.773,1.277,0.704,1.963,1.733,1.472,1.199,2.048,1.728,2.06,2.386,1.641,2.857,1.799,2.129,1.492,1.937,1.219,1.88,2.675,1.041,0.467,1.256,1.688,1.626,1.436,2.158,1.526,2.186,1.679,1.5,2.001,2.053,2.825,2.169,2.073,1.956,1.596,1.68,1.494,1.734,0.934,0.806,1.215,1.141,1.645,1.272,1.79,1.294,2.611,1.551,1.903,1.496,1.653,2.09,1.946,2.302,2.442,2.902,2.27,1.92,1.664,1.473,1.544,1.771,2.15,1.75,1.27,0.838,1.009,1.475,1.65,1.852,1.887,1.052,1.244,1.994,2.132,1.709,2.473,2.294,2.091,1.934,0.985,1.294,1.622,2.338,2.153,1.19,1.9,1.025,0.22,2.246,0.36,0.097,1.509,1.284,1.62,2.341,1.993,1.859,1.271,1.488,2.013,1.584,2.148,1.879,1.664,2.219,1.555,0.995,2.115,1.51,1.362,1.371,961.8,allday_low
D0484,1.368,1.275,1.528,1.022,1.763,1.086,1.054,1.362,1.536,1.931,0.915,1.966,2.039,1.954,1.604,1.405,1.82,1.657,0.831,1.849,1.075,1.036,1.759,1.315,1.134,1.019,1.061,1.172,1.949,0.371,2.409,2.379,1.217,1.524,1.582,2.033,1.658,1.797,2.166,0.753,1.525,1.657,1.353,0.675,1.4,1.08,1.085,1.234,0.447,1.054,0.862,0.606,1.433,0.66,1.525,1.721,1.33,1.933,2.542,1.81,1.458,2.156,0.761,2.678,1.64,1.68,0.795,1.85,1.435,1.264,0.996,0.838,0.874,0.452,1.258,1.897,1.383,0.867,1.423,0.13,2.146,1.186,1.728,1.526,1.856,2.672,0.67,1.739,1.723,1.381,1.164,1.868,1.363,1.324,1.14,1.165,1.48,1.438,0.817,1.046,1.664,1.993,2.033,2.047,1.468,1.904,1.662,1.219,1.539,1.53,2.049,1.981,1.548,1.449,1.191,1.291,1.331,1.472,1.327,0.875,0.866,1.015,1.278,0.84,0.426,0.612,1.292,1.401,0.977,0.849,0.716,0.786,1.261,0.753,1.542,1.691,0.821,0.93,1.306,0.929,1.327,1.634,1.056,0.346,1.16,0.911,1.289,2.11,0.653,0.783,1.277,1.581,2.159,1.105,0.956,1.039,1.238,1.349,1.546,1.475,0.86,0.707,1.299,0.951,0.973,1.588,1.444,0.948,822.2,allday_low
D0485,2.591,1.764,2.331,1.718,2.436,1.829,2.004,1.615,1.693,2.42,2.761,1.94,3.067,3.058,2.706,2.94,2.234,1.767,2.09,2.772,2.717,1.534,1.456,1.535,1.018,1.581,2.048,0.503,1.856,2.574,2.405,2.246,2.198,2.747,2.552,2.282,2.891,1.898,2.884,2.759,2.56,2.448,3.082,2.724,2.767,2.286,2.512,2.139,1.826,2.211,1.713,2.387,1.346,1.826,1.691,3.12,1.857,2.214,1.399,3.179,2.108,3.191,2.06,2.077,2.847,1.712,2.521,1.897,3.123,2.882,2.568,2.988,1.614,2.211,1.41,2.253,2.047,1.385,1.973,2.114,2.182,3.047,1.848,2.103,1.136,2.817,2.896,2.909,2.454,2.074,1.788,2.491,1.778,1.314,2.462,1.772,1.966,0.33,1.813,1.75,2.727,1.825,0.632,1.959,2.152,2.829,2.303,2.206,2.402,3.838,2.763,2.376,2.944,1.868,1.97,1.978,1.31,2.534,1.619,1.995,1.429,1.825,2.558,1.499,1.47,1.137,1.656,0.946,2.63,1.697,1.635,2.074,2.531,2.137,2.808,2.04,1.841,2.133,2.012,2.456,2.324,1.63,1.035,2.025,1.107,1.617,1.888,2.55,2.758,1.941,0.835,1.317,1.854,1.84,2.147,2.227,1.647,2.55,1.831,2.337,3.097,1.685,2.164,1.821,1.449,1.918,1.425,2.12,1261.2,allday_low
D0486,0.653,0.0,0.772,0.718,0.087,1.689,2.58,4.787,7.783,8.39,6.281,3.208,1.931,0.0,0.472,1.034,0.397,0.708,0.342,0.0,0.763,1.022,0.083,0.596,0.475,0.169,0.875,0.241,0.0,0.675,2.066,4.373,7.175,7.634,6.044,3.374,0.932,0.072,0.0,0.271,0.097,0.0,0.0,0.285,0.153,0.285,1.034,0.443,0.0,0.039,0.483,0.032,0.0,1.238,1.937,4.276,7.027,8.91,5.659,3.19,1.271,0.868,0.0,0.0,0.688,1.44,0.069,0.039,1.443,0.163,0.18,0.421,0.523,0.451,0.773,0.0,0.333,1.334,1.107,4.091,7.747,8.205,5.897,3.438,1.549,0.174,0.342,0.0,0.859,0.0,0.281,0.696,1.24,0.253,1.577,0.0,0.587,0.008,1.061,0.294,0.0,1.36,1.836,3.865,6.913,8.213,5.812,2.955,1.282,0.0,1.644,0.301,0.756,0.995,0.0,0.0,1.038,0.0,0.145,0.0,0.0,0.048,0.117,0.637,0.0,0.101,1.202,2.507,2.813,2.778,3.784,2.182,0.3,0.103,0.144,0.0,0.0,0.089,0.0,1.197,0.0,0.0,0.55,0.0,0.317,0.126,0.0,0.087,0.347,0.841,0.507,2.076,2.753,3.093,2.071,1.178,0.0,0.0,0.0,0.0,0.0,0.0,0.287,0.0,0.107,0.292,0.0,0.205,821.3,morning
D0487,1.293,0.703,0.161,0.862,0.958,1.314,1.337,1.052,1.44,1.872,1.448,1.171,1.454,1.988,1.029,1.964,1.386,2.077,1.65,1.731,1.806,1.825,1.662,0.816,1.541,0.574,0.629,1.141,1.766,1.19,0.924,1.614,1.187,1.667,1.585,1.154,2.145,0.923,1.272,1.954,2.926,0.792,1.472,0.404,1.334,1.046,1.305,1.88,1.6,1.028,1.487,1.223,0.747,1.224,1.506,3.018,2.001,1.798,0.736,1.686,2.293,1.928,2.212,1.914,2.117,0.835,2.291,1.851,1.953,1.423,1.552,1.597,1.155,0.851,0.691,1.151,0.844,0.942,1.973,2.094,1.265,2.075,1.469,1.443,1.826,1.355,1.55,2.294,1.809,1.783,1.451,1.346,1.476,1.713,1.466,1.542,0.424,0.758,0.916,1.405,1.399,1.561,1.157,1.413,2.222,1.504,0.717,1.831,2.193,2.205,1.554,1.574,2.001,1.676,1.8,1.231,1.589,1.122,1.216,0.782,0.746,0.443,0.366,0.666,1.302,1.248,1.556,1.021,0.601,1.498,1.389,1.389,1.003,1.355,1.834,0.979,0.667,1.515,1.033,1.672,1.13,0.756,1.244,1.124,1.094,0.601,1.614,0.819,1.756,0.368,1.569,1.452,1.146,0.59,1.422,0.616,1.286,1.873,1.439,1.429,2.111,1.508,2.166,1.188,1.737,1.156,1.333,0.767,822.2,allday_low
D0488,0.0,0.765,0.453,0.593,1.463,1.957,4.618,7.096,7.19,5.466,2.517,0.067,0.163,0.0,0.0,0.0,1.367,0.0,0.533,0.0,0.436,0.607,0.0,0.01,0.0,0.528,0.444,0.754,0.712,1.3,3.812,6.137,6.926,5.198,2.66,1.099,0.0,0.697,0.43,0.129,0.052,0.065,0.134,0.5,0.229,0.427,0.336,0.03,0.0,0.92,0.59,0.972,0.557,2.142,4.037,7.046,8.022,6.147,2.89,1.502,0.735,0.397,0.501,0.0,0.0,0.499,0.0,0.0,0.107,0.982,0.275,0.0,0.0,0.226,0.22,0.0,0.846,1.253,3.831,7.365,6.791,5.405,3.047,1.989,1.187,0.627,0.0,0.0,0.089,1.4,0.527,0.279,0.388,0.917,0.03,0.337,0.185,0.0,0.187,0.534,0.876,2.519,3.817,6.518,6.411,5.156,2.036,1.324,1.291,0.781,0.115,0.726,0.0,0.485,1.431,0.48,0.167,0.136,0.411,0.265,0.0,0.063,0.0,0.503,0.831,1.202,1.777,3.193,3.47,2.317,1.804,0.897,0.67,0.292,0.0,0.0,0.0,0.0,0.1,0.0,0.0,0.0,0.0,0.0,0.0,0.581,0.0,0.0,0.177,1.002,0.653,3.239,3.109,2.808,1.356,0.267,0.165,0.0,0.488,0.0,0.267,0.631,0.217,0.15,0.304,0.0,0.0,0.0,716.0,morning
D0489,0.89,1.554,1.374,1.756,1.193,0.584,2.275,1.64,1.159,1.876,1.638,2.156,1.758,1.494,1.818,2.12,1.298,1.632,1.009,1.705,1.45,1.652,1.769,0.976,1.326,1.321,0.91,0.769,1.93,1.086,1.126,1.253,1.654,1.275,1.199,1.677,1.972,1.89,1.415,1.193,1.219,1.757,1.79,1.271,1.18,0.825,1.286,1.584,0.938,1.69,0.729,0.861,1.172,1.345,1.205,1.486,1.527,2.023,1.583,1.459,1.835,0.884,1.076,2.088,1.412,1.249,1.748,1.43,1.855,1.18,1.889,1.117,1.66,1.257,0.832,1.185,1.291,1.232,0.965,2.013,1.536,0.498,1.643,1.837,0.753,1.364,2.111,1.757,1.728,1.069,1.167,0.878,0.577,0.217,2.255,0.947,1.37,1.725,1.268,1.175,1.404,2.197,1.342,0.712,0.932,1.062,1.461,1.065,1.385,1.608,2.136,1.278,1.917,1.713,1.858,0.411,0.616,0.675,1.92,0.92,0.586,1.038,2.004,0.785,0.814,1.575,1.29,1.225,1.067,1.466,0.178,1.565,0.918,2.166,1.99,1.854,2.375,2.637,1.387,1.351,1.601,1.503,0.106,1.015,0.703,1.272,1.273,1.093,0.793,0.892,2.003,0.134,2.643,2.173,1.314,1.73,1.431,1.433,1.313,1.207,1.801,1.05,1.417,1.151,2.157,1.713,0.845,1.727,823.9,allday_low
D0490,0.802,1.673,1.368,2.292,1.031,1.816,1.002,2.593,1.953,1.541,2.51,2.731,2.179,1.946,1.524,1.58,1.415,2.446,2.392,1.278,2.245,1.473,1.279,1.699,1.409,0.594,1.225,0.786,0.654,1.198,1.498,0.994,1.714,1.807,2.169,1.838,2.314,2.393,1.342,2.821,2.547,1.798,1.42,2.159,1.378,1.133,1.39,2.036,2.112,2.26,1.287,1.347,1.382,1.207,1.247,1.423,2.541,1.393,1.961,2.209,2.952,2.173,1.926,1.596,1.596,1.933,1.724,1.753,1.958,1.326,1.722,1.965,0.633,1.502,2.046,1.612,1.173,1.775,1.317,2.018,1.909,2.639,1.816,2.138,1.846,2.087,1.669,2.634,2.106,1.953,2.272,2.47,2.72,1.241,1.867,1.929,1.416,1.135,1.929,1.013,1.64,1.185,1.575,0.924,1.232,0.966,3.064,1.291,2.396,1.697,0.982,2.157,3.16,1.587,2.692,2.666,1.214,0.843,1.2,1.988,0.401,1.503,1.304,0.984,1.087,1.266,1.438,2.197,1.341,1.559,1.955,1.298,2.521,1.459,2.058,1.715,1.801,2.644,1.794,1.287,1.109,2.027,1.599,1.119,1.805,0.91,0.865,1.214,1.173,0.556,1.165,1.71,1.354,1.584,1.215,1.87,2.019,2.466,1.701,1.717,2.084,1.675,1.959,1.93,1.046,0.955,1.136,0.572,1042.1,allday_low
D0491,1.641,2.556,2.581,1.291,2.054,2.918,2.252,2.682,2.473,2.841,3.096,2.521,2.669,2.567,2.164,3.023,2.703,3.171,3.402,2.199,2.17,1.997,2.859,1.531,2.259,1.403,2.711,2.4,1.821,2.96,1.847,2.331,1.364,2.723,2.366,2.503,2.233,2.211,2.475,3.287,2.851,2.213,1.525,3.323,1.242,2.785,2.429,2.06,1.846,2.416,2.54,2.568,2.606,1.47,1.9,1.991,2.382,2.569,3.008,2.592,3.019,2.549,3.648,2.422,2.373,2.725,3.048,2.094,2.224,2.114,1.745,1.903,1.798,2.672,2.124,1.847,2.948,2.968,2.984,2.076,2.822,3.408,2.351,2.509,2.472,2.807,3.544,2.738,2.415,2.561,3.06,1.168,2.53,2.175,1.915,1.359,2.383,1.94,2.254,1.564,1.249,1.599,2.106,1.459,2.42,3.191,1.404,2.284,2.588,2.62,3.311,2.515,2.535,2.439,2.743,3.181,2.356,2.965,2.249,1.581,2.395,1.854,2.487,2.235,2.314,1.591,1.553,2.03,1.509,1.71,1.935,1.792,2.351,2.446,2.212,1.875,2.026,2.446,2.162,2.242,1.717,2.235,2.336,1.345,1.688,1.118,2.213,2.865,2.3,1.867,2.056,2.304,1.55,2.221,2.262,2.242,2.208,2.475,1.995,2.096,2.523,2.323,2.279,2.632,2.072,1.952,2.278,2.728,1342.7,allday_low
D0492,2.813,3.322,1.878,1.516,1.469,0.77,0.677,0.309,0.898,0.409,0.758,1.747,0.558,0.438,0.101,0.0,0.392,0.458,1.783,0.465,2.778,1.774,4.078,3.114,2.92,2.412,1.691,0.802,0.427,0.554,0.492,0.428,0.364,0.818,0.815,0.923,0.924,0.863,0.292,0.0,0.063,0.271,0.87,0.0,0.953,1.062,2.508,1.923,3.384,3.038,2.039,0.078,0.468,0.544,0.827,1.225,0.249,0.313,0.462,1.523,0.0,0.641,0.549,0.153,0.0,0.0,2.077,0.378,2.409,1.677,3.917,1.905,4.055,1.567,1.606,0.614,0.787,0.0,0.562,0.103,0.565,0.0,0.15,1.503,0.0,0.379,0.364,0.352,0.078,0.576,1.562,0.531,1.577,0.883,3.463,2.615,4.448,4.161,1.904,0.898,0.866,0.53,0.285,0.534,0.588,0.0,0.0,0.003,0.0,0.0,0.118,0.63,0.547,0.491,0.911,1.469,0.987,1.471,3.416,3.043,3.826,2.734,2.164,1.985,0.769,1.276,0.949,0.0,0.0,0.924,0.236,0.178,0.708,0.972,0.95,0.504,0.816,0.525,0.565,0.984,1.448,2.484,3.208,3.576,2.829,3.161,2.801,1.477,0.631,0.153,0.0,0.804,0.0,0.0,1.601,1.238,0.079,0.0,0.496,0.0,0.0,0.452,0.912,0.0,1.525,1.265,3.146,2.962,677.8,night
D0493,1.12,1.298,1.045,0.537,1.518,1.901,1.586,0.976,1.004,2.058,1.939,1.891,2.259,2.213,1.98,2.539,2.648,2.397,2.096,1.728,1.623,1.868,1.218,1.393,1.11,1.319,0.961,1.254,1.204,1.902,1.993,1.79,0.936,1.946,2.146,1.673,2.22,2.332,1.196,2.343,1.779,1.203,1.823,1.502,1.985,1.807,1.715,1.069,1.205,1.214,1.623,1.971,1.627,1.046,1.278,1.716,2.123,1.628,2.055,1.119,1.629,2.237,0.845,2.401,2.048,1.858,0.834,2.102,2.483,1.419,1.25,1.288,1.718,1.807,1.589,1.234,1.874,0.906,2.001,2.124,1.424,2.467,2.202,1.821,1.721,2.262,1.636,2.563,1.622,2.928,1.886,1.08,2.19,1.358,0.63,2.272,2.613,1.59,1.623,1.562,1.661,1.283,1.469,1.446,1.604,1.135,2.188,1.869,2.198,2.137,0.904,2.117,2.249,1.439,1.755,1.525,1.782,1.467,0.691,0.981,1.524,1.418,2.275,1.23,0.475,1.935,1.795,1.036,1.824,1.654,1.195,1.782,1.436,1.078,1.664,2.027,1.677,1.36,1.832,1.424,1.049,1.493,1.234,2.117,1.655,1.592,0.414,1.56,1.657,0.552,0.948,1.042,1.928,2.059,1.244,1.119,0.726,0.985,1.41,1.433,1.685,1.906,1.681,1.21,1.394,1.006,1.123,1.163,966.6,allday_low
D0494,0.273,0.585,0.207,0.14,0.935,1.458,2.778,4.649,5.71,5.695,3.68,1.04,1.046,0.174,0.0,0.486,0.222,0.199,0.643,0.944,0.528,0.08,0.0,0.545,0.289,0.0,0.035,0.974,0.912,1.678,3.271,5.182,5.958,5.659,3.701,1.462,0.721,0.578,0.709,0.691,0.101,0.0,0.956,0.411,0.134,0.0,0.586,0.488,0.141,0.439,0.903,0.0,0.99,0.749,2.265,4.944,7.039,5.262,3.343,0.848,0.834,0.0,0.067,0.671,0.0,0.456,0.406,0.373,0.0,0.345,0.183,0.142,0.588,0.0,0.0,0.295,1.168,0.353,2.884,4.983,6.764,5.288,3.312,1.109,0.413,0.61,0.455,0.144,0.667,1.359,0.0,0.502,0.288,0.753,0.017,0.717,0.205,0.148,0.328,0.357,0.053,1.124,3.259,4.287,6.314,5.789,3.222,1.333,0.575,0.0,0.166,1.02,0.195,0.258,0.0,0.434,0.0,0.163,0.0,0.263,0.191,0.0,0.0,0.0,0.52,0.281,1.879,2.922,2.915,3.219,2.185,0.861,0.0,0.312,0.224,0.0,1.024,0.409,0.0,0.304,0.145,0.319,0.046,0.0,0.585,0.917,0.0,0.059,0.702,0.255,1.504,1.996,2.206,1.984,1.343,0.621,0.0,0.219,0.0,0.409,0.454,0.0,0.132,0.0,0.0,0.0,0.043,0.0,673.6,morning
D0495,3.885,4.792,4.287,2.123,0.558,0.466,0.68,0.431,0.216,0.518,0.524,0.0,0.814,0.582,0.805,1.051,0.196,0.0,0.0,0.0,0.413,0.838,1.647,3.239,5.015,4.071,5.695,2.564,2.096,0.778,0.65,0.745,0.566,0.0,0.0,0.66,0.101,0.0,2.436,0.59,0.572,0.367,0.0,0.522,0.069,1.445,2.34,3.157,3.697,4.871,4.63,1.863,1.923,0.688,0.128,0.817,0.681,0.583,0.429,0.0,0.0,0.137,0.373,0.445,0.281,0.343,1.041,0.0,0.687,0.657,2.72,2.915,5.397,4.172,5.172,2.642,1.721,0.226,0.0,0.153,0.654,0.341,0.824,0.0,0.224,0.303,1.552,0.603,0.896,0.077,0.149,0.564,0.815,1.723,2.312,3.477,6.285,5.72,6.632,2.206,1.546,1.362,0.586,0.403,0.0,0.346,0.968,0.41,0.62,0.261,2.01,0.433,0.632,0.761,0.751,0.368,0.896,0.925,2.86,3.416,5.041,5.889,6.033,2.482,1.912,0.8,1.052,1.092,0.0,1.271,0.818,0.679,0.257,0.64,1.654,0.794,0.572,0.665,0.771,0.0,0.694,1.549,2.68,4.999,5.52,4.92,5.497,2.598,0.704,0.357,0.085,0.751,0.189,0.328,0.285,0.243,1.301,0.408,2.455,0.043,0.0,0.764,0.451,0.739,1.514,1.39,2.568,3.607,864.7,night
D0496,1.757,0.898,2.26,1.634,2.338,1.293,1.492,1.688,1.666,2.091,2.497,2.694,1.923,1.9,2.528,1.695,2.435,1.97,1.807,0.662,1.97,2.304,1.183,1.791,1.848,1.356,1.767,1.997,1.706,1.913,1.599,2.144,1.08,2.275,2.56,1.738,1.784,2.898,2.356,1.484,2.034,1.301,1.904,1.915,2.127,1.792,2.434,1.715,0.765,1.871,1.621,1.517,2.099,2.039,1.327,1.901,2.535,1.963,1.426,2.254,1.993,2.185,1.751,2.321,1.872,2.439,2.613,2.012,1.423,1.439,1.796,1.808,1.387,1.503,1.834,2.075,1.62,1.939,1.714,1.92,1.558,2.104,2.621,2.241,2.322,1.769,2.336,1.245,2.427,2.723,1.767,1.821,2.281,1.409,1.927,1.326,1.882,1.484,0.333,1.121,1.582,2.504,1.606,1.456,1.991,0.541,2.579,2.353,1.905,2.495,2.318,2.11,2.379,2.037,2.082,2.178,1.681,1.722,1.19,1.086,0.696,1.598,1.274,0.905,1.288,1.021,1.627,2.045,2.263,1.666,1.725,1.056,1.262,2.554,2.042,2.458,1.071,1.834,1.024,0.759,1.263,2.421,1.182,2.061,1.345,1.988,1.722,2.028,1.247,1.618,1.598,2.744,2.07,1.671,2.72,2.821,1.63,2.078,1.793,1.245,2.002,0.494,1.841,1.712,1.637,1.505,1.35,0.729,1016.2,allday_low
D0497,0.685,0.086,0.0,0.3,0.0,2.508,5.137,7.559,6.985,4.162,1.957,0.816,0.105,0.0,0.026,0.733,0.465,0.681,0.0,0.915,0.453,0.479,0.272,0.0,0.918,0.436,0.0,1.372,0.976,2.26,4.44,6.68,6.136,4.468,2.21,1.147,0.0,0.0,0.0,0.704,0.6,0.0,0.173,0.927,0.629,0.141,0.49,0.656,1.091,0.104,0.931,0.193,0.699,2.346,4.951,7.304,6.818,4.441,1.883,1.166,0.439,0.448,0.477,0.925,0.801,0.635,0.229,0.0,0.082,0.257,0.0,0.552,0.328,0.0,0.93,0.639,1.014,2.918,4.525,6.684,6.699,4.906,2.417,2.306,0.0,0.354,0.18,0.497,0.688,0.403,0.464,0.136,1.033,0.086,0.0,0.029,1.355,0.0,0.519,0.059,1.129,2.805,4.43,7.192,7.005,4.58,2.122,0.754,0.034,0.0,0.547,0.438,0.47,0.737,0.272,0.884,0.0,1.091,0.269,0.0,0.084,0.847,0.0,0.243,0.0,1.274,2.76,3.263,2.925,1.917,1.071,0.651,0.581,0.0,0.0,0.786,0.358,0.2,0.487,0.0,0.437,1.27,0.168,0.26,0.0,0.0,0.0,0.58,0.642,0.579,1.667,2.51,2.819,1.779,0.876,0.0,0.899,0.261,0.0,0.0,0.0,0.646,0.798,0.0,0.0,0.0,0.0,0.179,740.3,morning
D0498,1.563,1.452,1.843,2.564,0.937,0.898,2.226,1.527,1.978,1.177,1.271,2.199,1.295,2.536,2.281,1.581,2.559,2.054,1.658,1.724,0.745,0.952,1.847,1.553,2.079,1.572,0.837,0.929,1.051,1.192,1.569,2.088,1.897,2.25,1.931,1.62,1.234,2.174,1.858,2.246,1.586,2.544,2.485,1.289,1.763,0.846,1.129,1.061,1.147,1.271,1.025,1.462,0.73,1.901,1.02,1.482,1.424,2.144,1.6,2.465,2.019,1.469,1.805,1.87,2.188,1.885,1.648,1.337,1.83,1.394,1.174,0.991,1.88,0.725,1.591,1.403,1.173,1.131,1.507,1.311,1.355,2.129,1.679,1.812,1.497,2.337,2.45,1.988,2.5,1.564,2.162,1.511,1.398,2.182,1.335,1.024,0.602,1.397,0.913,2.282,2.202,0.104,2.234,1.201,2.178,2.158,2.352,2.619,1.337,1.419,2.265,1.94,2.162,1.651,2.146,1.098,2.497,2.664,0.687,2.157,0.495,1.516,0.808,1.461,0.715,1.492,1.264,1.278,1.614,0.745,1.852,1.487,0.975,2.006,1.431,1.677,1.819,1.597,1.559,1.778,1.329,1.858,1.865,1.045,1.025,1.535,1.991,1.748,0.873,1.177,0.981,2.059,1.644,1.063,1.376,1.203,1.492,1.956,1.432,1.742,1.811,0.768,0.807,1.298,1.052,1.583,1.192,1.631,945.8,allday_low
D0499,0.178,1.181,0.0,0.618,0.974,1.477,3.406,5.377,6.948,5.903,2.845,1.434,0.0,0.622,0.385,0.707,0.0,0.322,0.337,1.182,0.19,0.029,0.292,1.02,0.663,0.571,0.177,0.218,1.19,1.075,2.78,4.621,6.03,6.315,2.567,2.257,0.495,0.503,0.762,0.007,0.547,0.0,0.0,0.474,0.465,0.44,0.942,0.242,1.001,0.305,0.553,0.647,0.291,1.358,2.35,5.426,6.762,6.045,3.423,2.336,0.0,0.0,0.0,0.26,0.0,0.0,0.05,0.0,0.441,0.415,0.0,0.669,0.0,0.035,0.383,0.347,0.0,1.464,2.982,6.229,6.999,6.465,3.055,0.822,1.207,0.494,1.107,0.784,0.758,0.482,0.0,0.0,0.0,0.042,0.272,0.232,0.271,0.0,0.357,0.989,0.135,0.555,2.145,4.823,6.225,5.597,3.651,1.02,0.345,0.0,0.524,0.086,0.152,0.846,0.306,1.02,0.594,0.065,0.0,0.186,0.578,0.0,0.0,0.0,0.038,0.743,1.437,2.496,2.398,2.928,2.011,0.579,0.0,0.516,0.728,0.294,0.0,0.0,0.379,0.0,0.0,0.219,0.831,0.642,0.282,0.0,0.0,0.049,1.002,0.104,1.59,2.29,2.434,2.136,0.634,0.811,0.0,0.517,0.012,0.0,0.0,0.241,0.341,0.677,0.0,0.23,0.291,0.0,665.8,morning
D0500,0.871,0.226,1.162,0.578,1.308,0.146,0.21,0.344,0.449,0.0,0.161,0.527,0.896,0.0,0.268,0.222,1.758,0.647,1.256,0.505,2.06,0.319,1.333,3.8,1.389,1.234,1.587,0.706,0.29,0.0,0.555,0.44,0.56,0.0,0.174,0.449,0.0,0.248,0.677,0.0,2.801,0.213,0.282,0.791,2.579,0.387,1.255,3.988,1.643,1.263,0.376,0.632,0.221,0.899,0.596,0.426,0.11,0.032,0.09,0.316,0.632,0.0,0.0,0.753,2.26,0.0,0.722,0.577,3.192,1.247,1.251,4.058,1.591,1.017,0.582,0.027,0.039,0.007,0.0,0.455,0.304,0.851,0.0,0.0,0.604,0.0,0.162,0.073,2.508,0.172,0.21,0.451,1.976,0.778,0.94,3.677,2.192,1.034,0.775,0.588,0.0,0.494,0.0,0.0,0.255,0.5,0.632,0.436,0.0,1.06,0.257,0.0,3.644,0.374,1.206,1.129,3.767,0.677,1.52,4.118,1.961,1.9,0.923,0.737,0.67,0.919,0.3,0.123,0.0,0.941,0.0,1.053,0.071,0.0,0.412,0.331,1.753,0.55,0.0,1.249,2.566,1.394,2.046,4.924,0.988,1.463,0.292,0.56,0.0,0.455,0.79,0.07,0.238,0.475,0.35,0.0,0.0,0.015,0.248,0.0,2.302,0.664,0.089,0.0,3.083,1.616,1.644,3.716,505.5,intermittent
D0501,0.834,1.797,1.655,2.159,1.144,1.305,2.031,2.519,1.938,1.974,1.801,2.239,1.843,1.715,2.568,1.92,2.577,2.193,2.593,1.59,2.362,1.937,1.207,1.498,1.472,1.931,1.304,1.199,1.601,2.238,1.928,1.804,2.267,1.64,2.958,2.969,2.064,2.35,2.271,2.071,2.683,1.557,1.979,2.3,2.696,2.538,1.555,1.46,1.585,2.388,1.906,3.025,2.057,2.57,1.82,1.554,3.074,1.474,2.268,2.266,2.001,2.465,2.247,1.912,1.687,2.41,1.79,1.833,1.622,1.564,1.795,1.251,1.63,2.001,1.996,1.517,1.442,2.345,2.043,2.153,2.557,2.538,2.54,1.415,2.009,1.692,2.921,2.143,1.923,2.351,2.426,2.282,2.001,2.463,1.712,1.136,1.596,1.549,2.013,2.165,1.434,0.849,2.752,2.017,1.071,1.337,2.251,1.986,2.831,2.078,2.288,2.039,2.212,2.246,2.754,2.212,2.04,2.267,2.461,1.222,1.305,1.67,1.559,1.302,0.724,1.512,1.854,2.388,1.815,1.873,1.585,2.0,1.825,2.335,2.298,2.717,2.176,2.242,1.321,2.023,2.136,1.792,1.665,1.56,2.345,0.846,2.125,1.76,1.385,1.883,1.871,1.295,2.28,1.964,1.587,2.694,2.323,2.258,2.562,2.096,2.44,2.363,1.695,1.801,1.597,2.37,1.022,1.8,1195.3,allday_low
D0502,0.851,0.157,0.473,0.729,1.669,4.285,6.523,6.516,5.911,2.912,0.922,0.265,0.14,0.0,0.129,0.0,0.619,0.0,0.394,0.0,0.713,0.226,0.463,0.023,0.889,0.0,0.107,0.384,2.064,4.494,6.243,6.733,4.76,2.051,0.785,1.261,0.393,0.007,0.182,0.0,0.0,0.0,0.0,0.689,1.154,0.691,0.0,0.307,0.535,0.496,1.078,0.287,2.162,4.43,6.659,6.507,4.603,3.291,1.478,0.0,0.0,0.318,0.267,0.0,1.228,0.861,0.0,0.893,0.406,0.629,0.0,0.582,1.304,0.848,0.739,0.0,2.478,4.661,6.445,7.062,5.22,2.952,0.445,0.503,1.027,0.546,0.0,0.425,0.52,0.0,0.44,0.31,0.0,1.164,0.443,0.21,0.0,0.351,0.574,1.383,1.937,3.623,6.435,6.808,5.735,2.706,1.212,0.208,0.472,0.0,0.362,0.645,0.282,0.784,0.914,0.799,0.316,0.0,0.0,0.533,0.258,0.116,0.0,0.377,0.322,1.714,2.974,3.559,2.805,0.345,0.0,0.537,0.195,0.42,0.0,0.0,0.0,0.0,0.0,0.0,0.0,0.0,0.0,0.03,0.369,0.0,0.0,0.0,0.148,2.28,2.224,3.069,1.747,1.654,0.055,0.0,0.048,0.796,0.341,0.0,0.199,0.0,0.787,0.47,0.103,0.205,0.0,0.12,737.9,morning
D0503,0.0,0.593,0.002,0.698,0.0,1.407,2.917,5.217,7.478,5.592,4.181,2.556,0.06,0.0,0.216,0.18,0.778,0.777,0.06,0.0,0.132,0.379,0.0,0.0,0.0,0.076,0.117,0.0,0.327,0.674,3.041,4.85,6.971,5.842,4.209,1.706,0.539,0.318,0.311,0.013,0.165,0.051,0.119,0.074,0.113,0.259,0.529,0.692,0.0,0.0,0.635,1.29,0.755,1.109,3.108,5.486,6.805,5.513,4.011,1.219,1.057,0.584,0.924,0.603,0.0,0.0,0.308,1.033,0.1,0.0,0.636,1.014,0.0,0.04,1.019,0.0,0.037,0.773,3.084,5.289,6.551,6.312,3.937,2.227,0.651,0.689,0.0,0.604,0.625,0.0,0.551,0.389,0.487,0.706,0.359,0.802,0.0,0.0,0.198,0.0,0.609,1.047,2.725,5.0,6.59,5.621,3.556,1.324,0.0,0.659,0.0,0.393,0.266,1.262,0.0,0.0,0.435,0.0,0.246,0.0,0.121,0.142,0.447,0.265,0.0,0.592,1.496,2.027,3.507,2.915,0.871,0.717,0.0,0.0,0.0,0.0,1.08,0.0,0.14,0.259,0.0,0.244,0.0,0.0,0.0,0.0,0.376,0.085,0.0,0.753,0.922,0.806,2.473,2.694,1.863,0.063,0.0,0.448,0.0,0.0,0.235,0.725,0.0,0.0,0.0,1.17,0.233,0.642,676.6,morning
D0504,0.026,0.565,0.0,0.857,0.842,2.996,5.241,6.421,4.804,2.999,1.012,0.634,0.26,0.325,0.314,0.187,0.757,0.499,0.31,0.0,1.321,0.925,0.0,0.506,0.796,0.464,0.285,0.257,1.578,2.727,5.1,5.916,5.17,3.379,0.941,0.291,0.856,0.0,0.0,1.071,0.69,0.599,0.405,0.201,0.0,0.139,0.129,0.177,0.496,0.921,0.255,0.441,2.042,2.777,5.255,6.163,4.581,2.612,1.008,0.811,0.143,0.122,0.449,0.017,0.0,1.43,0.212,0.338,0.115,0.0,0.004,0.0,0.482,0.43,0.551,0.091,0.467,2.114,5.45,5.973,4.363,3.013,1.548,0.436,0.011,0.139,0.762,0.711,0.133,0.296,2.282,1.187,0.256,0.879,0.409,0.903,0.0,0.563,0.735,0.499,1.107,3.082,4.399,5.668,4.446,3.014,1.333,0.733,0.793,0.0,0.955,0.639,0.0,0.577,0.483,0.413,0.0,0.223,0.527,0.247,0.0,0.0,0.287,0.156,1.459,1.747,2.691,2.848,2.025,2.009,0.356,0.243,0.089,0.0,0.31,0.549,0.0,0.0,0.0,0.919,0.306,0.704,0.0,0.362,0.0,0.0,1.035,0.403,0.405,0.432,2.196,2.278,2.364,0.459,0.87,0.0,0.0,0.186,0.919,0.427,0.241,0.0,0.739,0.258,0.0,0.444,0.209,0.046,693.3,morning
D0505,0.195,0.466,0.051,0.119,1.322,3.05,6.371,5.81,5.946,2.266,1.323,0.057,0.0,0.868,0.596,0.295,0.326,0.0,0.06,0.0,0.031,0.172,0.866,0.534,0.408,0.0,0.519,0.0,1.095,2.715,5.456,6.601,5.349,3.174,1.424,1.145,0.0,0.0,0.218,0.403,0.284,1.089,0.648,0.885,0.47,0.304,0.0,0.287,0.118,0.135,0.759,0.0,1.891,3.548,5.716,7.088,4.728,3.343,0.676,0.689,0.0,0.0,0.047,0.123,0.335,0.568,1.329,0.0,0.304,0.206,0.0,0.0,0.0,0.0,0.122,0.0,1.245,3.166,5.193,7.045,4.75,3.283,1.229,0.557,0.477,0.38,0.0,0.127,0.453,0.468,0.0,0.0,0.5,0.463,0.0,0.0,0.045,0.0,0.325,1.103,0.737,3.005,4.953,6.691,5.593,2.571,1.736,0.843,0.175,0.546,0.0,1.063,0.229,0.77,0.0,0.0,0.414,0.0,0.0,0.31,0.44,0.227,0.562,0.105,1.189,1.785,1.985,3.258,2.45,1.016,0.811,0.376,0.382,0.0,0.0,0.0,0.0,0.273,0.0,0.343,0.427,0.455,0.436,0.0,0.0,0.0,0.0,0.0,0.582,1.458,2.347,2.705,2.345,1.114,0.738,0.359,0.0,0.899,0.754,0.382,0.582,0.213,0.0,0.581,0.207,0.401,0.775,0.0,671.2,morning
D0506,0.0,0.0,0.36,0.518,0.131,0.288,0.552,0.0,0.519,0.0,0.0,0.31,0.0,0.03,0.0,0.0,0.0,0.0,1.814,0.892,0.5,2.275,0.324,0.0,0.682,0.318,0.384,0.512,0.378,0.314,0.0,0.0,0.0,0.0,0.0,0.392,0.654,0.0,0.103,0.0,0.252,0.0,3.266,0.0,0.438,2.722,0.321,0.57,0.0,0.0,0.0,0.867,0.766,0.571,0.341,0.557,0.428,0.881,0.183,0.0,0.0,0.41,0.018,0.7,0.0,0.569,2.078,0.315,0.0,2.124,0.138,0.0,0.529,0.02,0.224,0.158,0.436,0.0,0.686,1.102,0.0,0.9,0.0,0.0,0.563,0.0,0.452,0.43,0.15,0.132,3.436,0.508,0.008,4.162,0.697,0.0,0.0,0.068,0.0,0.0,0.0,1.019,0.667,0.0,0.0,0.0,0.0,0.471,0.179,0.0,0.114,0.0,0.047,0.886,1.789,0.197,0.0,1.729,0.525,0.0,0.113,0.0,0.814,0.0,0.0,0.123,0.125,0.688,0.0,0.386,0.0,0.685,0.593,0.445,0.571,0.312,0.247,0.0,4.085,0.575,0.558,4.768,0.002,0.951,0.121,0.404,1.448,0.0,0.521,0.0,0.031,0.466,0.0,0.215,0.3,0.27,0.0,1.207,0.0,0.0,0.0,0.0,4.454,0.641,0.0,4.512,0.326,0.0,237.0,intermittent
D0507,1.381,1.376,1.834,1.989,1.22,2.111,2.058,1.646,1.144,2.431,2.318,2.321,1.678,3.365,1.901,2.095,2.738,2.28,2.247,1.531,1.409,2.079,1.652,2.634,1.208,1.521,1.766,1.505,1.383,1.82,2.756,1.626,1.272,2.335,2.011,1.791,2.599,2.573,2.069,1.613,2.735,1.951,2.298,2.033,2.235,2.032,2.448,2.096,0.869,1.562,1.764,1.544,2.293,2.012,1.011,1.771,2.03,1.747,2.5,2.523,2.511,2.707,2.996,2.752,2.701,2.266,1.934,3.029,2.208,1.506,1.835,1.654,2.138,1.591,1.015,1.995,1.525,0.773,2.277,1.35,1.576,2.145,2.259,2.031,2.503,2.758,1.981,2.413,2.398,2.813,2.291,1.278,3.059,1.988,1.981,1.759,1.885,1.919,2.051,1.658,0.686,1.608,1.767,1.625,1.526,1.886,2.574,2.409,1.722,1.584,1.592,2.482,1.651,2.226,2.479,2.276,1.855,2.629,1.583,1.859,1.404,1.457,1.894,1.837,0.759,1.154,2.042,1.144,1.349,2.039,2.4,2.415,1.366,2.006,1.97,1.858,1.382,2.649,1.911,1.444,1.967,1.656,2.046,1.395,1.38,1.557,1.835,1.105,0.947,1.849,1.798,1.759,1.846,1.901,2.574,2.132,2.008,1.667,1.973,2.383,2.43,1.381,2.366,1.835,2.869,2.285,1.591,1.094,1103.6,allday_low
D0508,0.0,0.0,0.644,0.437,0.152,0.409,0.04,0.0,0.633,0.0,0.0,0.919,0.0,0.904,0.234,0.157,0.389,0.532,0.768,0.054,3.112,2.464,0.0,0.21,0.51,0.0,0.0,0.0,0.0,0.758,0.0,0.403,0.689,0.0,0.791,0.438,0.0,0.002,0.0,0.062,0.357,0.0,0.344,0.257,3.885,4.156,0.661,0.07,0.518,0.0,0.88,0.46,0.505,0.0,0.506,0.375,0.523,0.774,0.0,0.774,0.533,0.0,0.934,0.0,0.286,0.305,0.0,0.585,4.703,3.905,0.0,0.0,0.0,0.681,0.0,0.39,0.0,0.722,0.226,0.0,0.498,0.063,0.537,0.381,0.0,0.176,0.0,0.118,0.172,0.0,0.369,0.085,6.593,6.023,0.0,1.111,0.14,0.322,0.802,1.383,0.0,0.0,0.0,0.087,0.0,0.743,0.38,0.062,0.0,0.803,0.0,0.937,0.021,0.19,0.0,0.7,1.789,2.678,0.778,0.0,0.599,0.828,0.375,0.445,0.353,0.211,0.0,0.156,0.044,1.026,0.151,0.167,0.266,0.384,0.0,0.609,0.145,0.511,0.0,0.12,4.536,4.432,0.482,0.0,0.0,0.519,1.109,0.043,0.133,0.342,1.351,0.304,0.312,0.051,0.269,0.73,0.0,0.652,0.671,0.0,0.581,1.147,0.0,0.155,6.131,5.67,0.0,0.0,356.0,intermittent
D0509,3.42,2.742,2.005,1.292,0.456,1.104,0.879,0.441,0.397,0.768,0.256,0.0,0.189,0.085,0.299,0.0,0.0,1.327,0.336,0.955,0.678,1.531,2.602,2.487,3.109,2.748,1.67,0.178,0.524,0.306,0.0,0.0,0.334,0.293,0.453,1.181,0.503,0.0,0.81,0.131,0.135,0.424,0.567,0.968,1.274,1.873,2.155,2.811,3.422,3.242,2.236,1.67,0.611,0.756,0.8,1.178,0.457,0.104,0.797,0.0,0.765,0.883,0.737,0.0,0.384,2.105,0.583,1.983,1.009,3.029,2.121,2.7,3.082,3.801,2.192,0.799,1.579,0.0,0.043,0.0,0.323,0.501,0.355,0.827,0.109,0.16,0.424,1.115,0.499,1.441,0.716,1.832,1.068,1.643,2.148,3.149,4.908,3.552,2.304,1.26,0.54,0.446,0.179,0.443,0.0,0.635,0.29,0.0,0.192,0.146,0.774,0.246,0.0,0.694,0.139,2.524,1.333,1.667,3.16,4.176,5.093,3.551,2.078,1.441,0.97,0.772,0.683,1.292,0.0,0.265,0.318,0.0,0.0,0.207,0.159,0.092,0.0,0.85,0.151,1.633,1.291,2.014,3.063,4.463,3.77,2.537,2.812,0.042,0.867,0.765,0.756,0.42,0.0,1.148,0.0,0.0,0.026,0.0,0.0,0.0,0.0,1.141,0.137,1.298,1.091,1.717,2.508,3.789,660.3,night
D0510,3.748,3.267,2.501,1.422,0.308,0.483,0.63,2.021,0.156,0.693,0.136,0.134,0.298,0.547,0.0,0.0,0.0,0.243,0.982,2.333,1.767,3.52,3.862,4.305,3.673,2.605,2.224,0.663,1.266,0.596,0.0,1.276,0.757,0.0,0.775,0.714,0.477,1.021,0.762,0.128,0.384,0.997,0.29,0.703,1.781,2.678,4.957,4.869,4.734,3.196,2.782,0.0,0.645,0.0,0.0,1.939,0.0,0.0,0.104,0.383,0.29,0.654,0.578,0.0,1.017,0.0,0.047,1.671,1.613,3.278,4.157,4.447,3.617,2.677,3.625,0.539,0.52,0.594,0.149,1.21,0.238,0.228,0.0,0.442,0.916,0.0,0.4,0.0,0.992,0.102,0.519,0.458,2.616,3.85,3.537,3.918,5.122,3.721,3.136,0.539,1.254,0.303,0.235,1.742,0.0,0.088,0.0,0.0,0.0,0.344,0.009,0.306,0.0,0.703,1.048,1.386,2.144,3.877,4.593,5.038,4.901,3.216,3.494,1.953,1.773,0.844,0.549,0.33,0.189,0.044,0.077,0.986,1.03,0.187,0.101,0.28,0.0,1.021,0.998,0.574,1.61,4.404,5.458,6.459,3.792,3.724,2.348,0.972,0.0,0.162,0.441,1.19,0.635,0.0,0.351,0.201,0.195,0.712,0.035,0.268,0.141,1.121,0.534,0.958,1.699,3.264,4.064,4.5,816.3,night
D0511,1.139,0.66,0.556,2.555,0.911,2.18,1.274,1.018,1.493,1.895,1.596,1.504,1.135,1.595,2.072,1.182,1.64,1.894,2.235,1.113,2.445,1.656,0.855,1.39,0.954,0.542,1.151,1.186,1.405,0.897,0.985,1.872,1.87,1.052,0.945,1.27,2.34,0.576,1.627,2.292,1.923,1.706,2.112,1.512,1.282,1.787,2.242,0.299,0.926,1.108,0.97,1.274,1.27,0.774,1.638,1.394,2.09,2.093,1.601,2.013,0.803,0.919,2.382,1.815,2.407,2.268,1.006,1.906,1.175,1.312,0.806,1.771,1.499,0.975,0.873,1.595,0.925,1.05,1.05,1.114,1.833,1.715,1.444,1.3,1.828,1.755,2.24,1.55,2.03,1.659,1.827,2.343,1.41,2.427,1.283,0.855,1.984,2.063,0.802,0.891,1.648,1.581,1.016,1.046,1.656,1.551,1.957,2.032,2.248,0.957,2.729,2.11,1.641,1.726,1.989,1.718,1.64,1.407,2.131,1.477,1.664,2.104,1.534,1.257,0.323,1.007,2.197,1.453,0.775,1.355,0.996,1.391,1.471,1.425,1.736,0.77,1.95,2.242,0.699,1.93,1.67,1.468,1.264,1.293,1.541,1.22,2.312,0.837,1.892,1.134,1.064,1.758,1.237,2.234,1.191,2.168,1.923,1.615,1.259,1.245,1.27,2.095,1.548,1.807,1.444,0.81,1.402,1.467,831.5,allday_low
D0512,0.0,0.335,0.429,1.095,1.596,2.782,5.056,7.25,5.751,3.806,0.806,0.0,0.134,0.712,0.982,0.0,0.503,0.452,0.0,0.0,0.216,0.0,1.406,0.0,0.06,0.435,0.414,0.782,0.777,2.31,5.237,6.044,5.195,2.928,1.08,0.0,0.0,0.107,0.776,1.179,0.682,0.374,0.725,0.195,0.381,0.589,0.509,0.696,0.571,0.0,0.595,0.167,1.562,2.735,4.611,5.823,6.495,2.816,1.868,0.879,0.735,0.0,0.077,0.0,0.709,0.932,0.244,1.229,0.382,0.171,0.309,0.482,0.0,0.387,0.232,0.384,1.172,3.358,5.192,5.94,5.554,3.176,1.441,0.537,0.476,0.0,0.0,0.221,0.144,0.0,0.0,0.374,0.058,0.411,0.383,0.583,0.0,0.264,1.226,0.586,1.84,3.087,4.53,7.211,5.87,2.543,1.298,1.348,0.592,0.0,0.0,0.0,0.919,0.484,0.114,0.0,0.553,0.197,0.333,0.525,0.198,0.0,0.522,0.693,1.503,1.033,2.914,3.479,2.966,1.552,0.236,0.128,0.0,0.0,0.459,0.0,0.0,0.176,0.485,0.404,0.0,0.0,0.306,0.528,0.303,0.502,0.048,0.382,0.592,0.674,1.283,2.195,1.878,1.915,0.524,0.0,0.041,0.201,0.0,0.0,0.0,0.2,0.026,0.0,0.0,0.254,0.0,0.36,714.4,morning
D0513,0.0,0.191,1.226,1.011,1.586,4.292,5.884,6.419,5.47,2.582,1.009,0.454,0.203,0.879,0.0,0.0,0.391,0.0,0.0,0.676,0.0,0.657,0.0,1.214,0.596,0.617,0.202,0.749,3.101,3.594,6.138,6.779,5.253,3.032,1.333,0.0,0.664,0.636,0.322,0.007,0.418,0.163,0.268,0.298,0.0,0.306,0.771,0.595,0.204,0.191,1.168,0.353,2.178,4.635,5.898,6.854,5.676,2.396,1.177,0.0,0.138,0.921,0.0,0.0,0.273,0.529,0.07,0.152,0.623,0.841,0.523,0.716,0.277,0.02,0.0,0.124,1.831,4.67,5.969,8.312,5.097,2.271,0.862,0.444,0.933,0.344,0.0,1.081,0.013,0.0,0.5,0.737,0.724,0.0,1.021,0.0,0.561,0.493,0.629,0.61,2.313,3.896,6.704,6.076,5.721,1.807,1.828,0.228,0.497,0.08,0.0,0.087,0.645,0.461,0.849,0.532,0.453,1.043,0.503,0.0,0.0,0.982,0.142,0.374,0.597,1.146,3.775,2.571,1.897,1.094,0.3,0.0,0.465,0.647,0.121,0.276,0.0,0.408,0.024,0.0,0.581,0.0,0.613,0.122,0.0,0.929,0.53,0.0,1.209,1.92,2.001,2.756,2.452,0.284,0.815,0.035,0.066,0.648,0.0,0.0,0.453,0.179,0.0,0.0,0.0,0.0,0.016,0.0,704.8,morning
D0514,0.0,0.607,0.538,0.0,0.417,0.0,0.0,0.015,0.011,0.572,0.0,0.0,1.143,0.0,0.0,0.0,0.194,2.683,0.191,0.838,0.0,2.668,0.059,3.05,0.0,0.0,0.0,0.031,0.0,0.297,0.451,0.609,0.516,0.638,0.453,0.0,0.271,0.0,0.082,0.124,0.0,2.85,0.0,0.0,0.735,3.146,0.198,4.272,0.436,0.437,0.576,0.251,0.261,0.317,0.0,0.0,0.0,0.43,0.0,0.0,0.186,0.754,0.412,0.206,0.301,2.771,0.0,0.741,0.125,1.61,0.397,1.191,0.0,0.311,0.34,0.391,0.455,1.038,0.0,0.31,0.471,0.302,0.085,0.0,0.041,0.718,1.121,0.0,0.143,1.932,0.0,0.241,0.0,2.346,0.0,3.225,0.0,0.659,0.103,0.0,0.0,0.0,0.038,0.355,0.45,0.539,0.38,0.564,0.0,0.045,0.0,0.0,0.745,2.57,0.0,0.0,1.073,2.586,0.338,2.806,0.0,0.0,0.0,0.0,0.134,0.513,0.148,0.327,0.547,0.787,0.0,0.321,0.341,0.251,0.0,0.0,0.057,3.298,0.611,0.064,0.0,2.517,0.0,3.621,0.0,0.0,0.853,0.051,0.165,0.0,0.107,0.0,0.191,0.0,0.724,0.999,0.0,0.0,0.0,0.0,0.0,2.825,0.644,0.0,0.0,3.397,0.0,4.393,328.3,intermittent
D0515,1.956,1.192,0.616,0.294,0.0,0.603,0.284,1.005,0.19,0.32,0.0,0.0,0.172,0.74,0.0,0.0,0.0,1.342,0.025,1.963,0.882,1.38,4.578,1.883,0.77,0.755,1.146,0.815,0.467,0.896,0.116,0.741,0.023,1.0,0.0,0.0,0.0,0.845,0.895,0.0,0.0,0.0,0.0,3.274,0.69,0.339,4.499,2.647,2.078,1.16,0.743,0.402,0.221,0.241,0.0,0.107,0.0,0.129,0.41,0.0,0.336,0.174,0.422,0.382,0.0,0.0,0.0,3.086,1.183,1.613,5.067,1.684,1.044,0.584,0.889,0.223,0.137,0.544,0.431,0.127,0.766,0.0,0.0,0.0,0.77,0.0,0.237,1.075,0.0,0.307,0.374,3.677,1.276,1.527,5.614,2.669,1.29,0.831,0.786,0.706,0.296,0.0,0.816,0.609,0.0,0.982,0.057,0.122,0.0,0.362,1.11,1.094,0.089,0.031,0.368,3.95,1.101,1.965,5.686,2.791,2.39,1.098,0.882,0.25,0.709,0.466,0.47,0.38,0.0,0.466,0.0,0.0,0.722,0.041,0.0,0.0,0.557,0.034,0.835,2.028,1.465,1.929,2.865,2.223,1.913,0.841,0.954,0.904,0.0,0.0,0.273,1.326,0.203,0.0,0.477,0.375,0.486,1.211,0.0,0.568,0.223,0.442,0.023,2.571,1.637,2.22,5.93,1.668,521.1,intermittent
D0516,1.413,1.882,1.119,0.875,2.778,1.622,2.173,1.737,2.034,2.022,1.393,1.86,2.507,2.364,2.22,1.298,2.413,1.925,1.79,1.622,1.963,1.811,1.623,2.364,1.736,1.036,1.387,1.789,2.021,1.31,1.357,2.08,1.961,2.162,1.76,2.504,2.529,2.498,2.019,1.999,2.098,1.335,1.881,2.384,1.544,2.669,1.227,1.318,1.397,1.938,1.504,1.128,1.946,1.861,1.445,2.626,2.242,2.241,1.785,1.656,2.819,1.804,2.452,2.623,1.539,2.026,1.619,2.152,1.546,1.451,1.199,1.712,0.948,2.351,1.567,2.049,1.67,1.882,1.205,2.088,1.374,2.593,1.818,2.424,1.611,2.533,1.451,1.476,2.631,2.535,1.844,1.813,1.846,1.97,2.231,1.586,1.0,1.637,1.324,2.261,1.533,2.277,1.769,1.551,2.437,1.628,2.048,1.956,1.799,2.337,1.94,1.822,2.083,1.838,1.863,1.912,2.172,1.631,1.198,1.963,1.253,1.656,1.979,1.476,1.128,1.455,1.249,1.281,1.534,1.217,1.347,2.192,1.997,2.101,2.296,1.139,1.791,2.561,2.591,1.455,1.3,0.715,1.399,1.801,1.913,0.895,1.379,1.243,1.021,1.262,1.959,1.847,1.851,2.354,1.765,1.808,2.114,1.499,2.334,2.225,2.088,1.556,2.122,2.526,1.929,1.379,2.378,1.737,1119.2,allday_low
D0517,1.545,0.0,1.999,1.741,0.882,1.778,1.297,1.218,0.946,1.91,1.823,1.699,1.104,1.884,2.107,2.442,1.56,1.345,1.049,1.504,1.774,2.219,1.513,1.845,1.278,1.509,0.929,1.311,0.762,1.739,2.249,1.421,1.213,3.217,2.057,2.277,1.825,1.215,1.593,1.715,1.631,1.107,1.529,0.956,0.809,0.999,1.168,1.155,1.161,2.008,1.12,0.363,1.061,1.129,0.263,1.326,1.139,1.407,1.608,1.499,1.554,1.402,1.898,1.452,1.889,1.061,1.307,1.649,0.863,1.058,1.505,0.874,1.725,1.166,1.005,1.423,1.216,1.235,1.177,1.247,0.903,1.729,1.231,2.003,1.187,2.164,1.303,1.97,1.424,1.642,1.236,1.085,1.212,1.603,1.551,1.461,1.292,2.089,0.777,1.106,0.084,1.407,0.867,1.297,1.049,1.366,1.568,1.245,1.748,1.448,1.358,1.928,1.706,0.783,1.357,1.0,1.968,0.987,0.982,1.241,1.287,0.741,1.097,1.163,0.335,1.302,0.91,0.67,2.033,0.909,1.686,1.612,0.712,1.141,0.996,1.873,1.794,2.108,0.917,2.339,1.649,1.917,1.203,0.976,0.693,1.61,0.977,0.998,1.575,1.469,1.053,1.255,1.374,1.336,1.89,1.652,1.32,2.065,1.224,1.445,1.36,1.245,1.229,1.741,1.285,1.97,0.928,0.852,771.9,allday_low
D0518,4.047,2.843,1.128,1.494,0.39,0.699,0.0,0.132,0.443,0.495,0.704,0.0,1.489,1.027,0.409,0.467,0.428,0.0,0.075,0.842,1.997,4.861,5.048,5.852,4.2,2.723,1.39,0.494,1.227,0.399,0.946,0.416,0.949,0.354,0.191,0.0,0.646,1.003,0.761,0.125,0.696,0.0,0.238,1.052,2.27,4.374,5.645,5.176,5.031,2.555,2.029,0.596,0.452,0.377,0.699,0.227,0.0,0.663,0.315,1.101,0.0,0.224,0.0,0.367,0.387,1.055,0.915,1.138,2.619,4.553,4.484,5.607,4.235,2.777,1.596,0.121,0.0,0.66,0.15,0.319,0.437,0.0,0.0,0.0,0.0,0.246,0.262,0.553,0.518,0.0,0.0,1.164,2.816,4.107,5.217,6.254,5.774,3.878,2.078,0.475,0.901,1.578,0.686,0.361,0.0,0.065,0.719,0.697,0.0,0.623,0.0,0.8,0.71,0.983,0.67,2.074,3.347,5.433,6.77,6.464,5.903,3.919,1.509,1.273,0.83,0.159,0.55,0.148,0.688,0.024,1.019,0.995,0.791,1.301,1.067,0.851,1.158,0.51,0.681,2.264,3.39,5.897,6.688,6.855,4.14,2.596,1.826,0.212,0.052,0.025,0.175,0.393,1.235,0.711,0.088,0.363,0.111,0.751,0.607,0.113,0.552,0.676,0.799,1.695,3.126,5.527,6.401,5.527,946.4,night
D0519,2.583,2.904,1.285,1.692,1.786,1.206,2.469,2.06,1.232,2.197,1.773,2.186,1.131,2.205,2.68,2.099,1.453,2.171,2.037,2.758,2.175,1.801,1.303,1.773,2.625,1.895,1.999,0.611,2.166,1.835,1.854,1.983,2.066,1.936,1.905,1.565,2.086,2.789,2.05,2.647,1.77,1.587,1.934,2.468,1.314,2.704,2.806,2.111,1.512,1.51,1.393,1.413,1.655,0.97,2.001,1.396,1.589,1.709,2.29,2.694,1.795,2.83,1.795,1.961,2.656,1.449,1.879,1.634,1.77,1.596,1.06,2.066,1.909,2.126,1.519,1.681,2.155,1.894,2.251,2.28,1.996,2.095,2.097,2.24,2.006,2.442,2.384,2.017,2.426,2.752,2.131,2.083,2.059,1.048,1.68,2.835,1.772,1.32,1.686,1.47,1.829,1.875,1.815,2.307,1.431,2.2,2.598,2.072,2.618,2.186,1.81,1.433,2.002,2.055,3.114,2.072,1.722,2.144,1.668,2.258,2.272,1.624,0.731,1.506,1.505,2.35,1.86,1.539,2.407,1.794,1.857,1.752,2.549,1.818,2.363,2.24,2.058,2.388,2.609,1.292,1.705,1.605,1.707,1.353,1.115,1.503,1.99,1.46,1.765,2.303,1.734,2.16,2.266,2.405,2.852,1.92,2.438,2.158,2.295,2.245,2.564,1.749,2.092,1.275,1.419,1.455,1.926,1.802,1188.7,allday_low
D0520,9.8,8.405,6.101,4.307,1.361,1.158,0.55,1.452,0.045,1.014,0.409,0.368,1.251,0.334,0.161,0.354,0.114,0.0,0.291,0.157,1.2,2.74,5.722,7.681,9.982,8.063,6.253,3.896,1.882,1.101,0.095,1.449,1.299,0.0,0.837,0.406,0.509,0.519,0.206,0.512,1.253,1.398,0.587,0.149,1.471,2.998,6.254,7.717,8.864,8.712,6.962,3.565,1.945,1.404,0.0,0.537,0.67,0.847,0.37,1.249,0.335,0.92,1.062,0.0,1.252,0.081,0.436,1.365,1.383,3.092,6.017,8.33,9.793,10.0,7.188,3.503,2.117,1.278,0.551,0.0,0.0,0.287,0.75,1.111,0.0,0.325,0.0,0.571,1.268,1.062,0.544,0.769,1.502,3.167,5.92,8.546,10.0,10.0,8.712,5.368,3.743,1.586,0.815,1.47,1.35,0.392,1.496,0.867,0.085,0.39,0.438,1.387,0.802,0.783,0.791,2.016,1.934,3.822,7.7,10.0,10.0,10.0,8.972,6.131,2.526,1.871,0.236,1.121,0.464,1.151,0.246,1.211,0.72,0.933,0.803,0.701,0.453,0.333,1.162,0.657,2.039,3.722,7.316,10.0,10.0,10.0,7.38,4.51,2.815,0.945,1.36,0.333,0.608,0.0,1.239,0.492,0.773,0.275,0.528,0.168,0.241,0.0,0.585,0.649,2.747,2.968,5.903,9.506,1530.6,night
D0521,6.459,4.896,3.48,2.135,0.827,0.712,0.151,0.878,0.707,0.213,0.121,1.17,0.13,0.263,0.0,0.82,0.133,0.409,0.503,2.014,2.716,3.681,5.131,6.705,6.412,5.659,4.212,1.744,1.166,1.375,0.635,0.015,0.325,0.373,0.05,0.398,0.0,0.0,0.352,0.281,1.191,0.208,0.695,0.785,1.109,3.535,5.546,6.423,6.374,5.391,2.952,2.191,0.925,0.989,1.131,0.0,0.877,0.988,0.876,0.273,0.0,1.496,0.0,1.292,0.0,0.0,0.604,0.952,2.925,3.271,5.864,6.904,6.429,5.498,3.215,2.243,0.781,1.214,0.613,0.0,0.0,1.242,0.393,0.39,0.531,0.4,0.471,0.0,0.847,0.538,0.917,0.791,2.049,3.121,6.258,6.994,7.187,6.191,4.108,2.737,0.405,1.248,0.859,0.308,0.909,0.646,0.255,1.003,1.133,0.0,0.668,0.434,0.725,0.407,1.408,0.411,2.563,4.317,6.86,7.659,9.198,5.994,4.308,1.909,0.981,0.949,1.115,0.0,0.339,0.649,0.504,0.907,1.202,0.224,0.148,0.774,0.0,0.792,0.733,1.235,2.908,4.534,8.745,8.765,6.852,6.543,3.408,1.32,0.847,1.393,0.58,0.028,0.867,0.721,0.709,0.0,0.0,0.0,0.283,1.095,0.0,0.0,0.0,1.443,2.999,4.075,6.269,7.398,1163.9,night
D0522,0.548,0.119,0.247,0.055,0.0,1.662,3.028,5.274,7.214,5.315,2.687,0.598,0.375,0.488,0.0,0.744,0.076,0.179,0.246,0.0,0.017,0.437,0.216,0.029,0.102,0.501,0.891,0.22,0.128,2.427,3.534,5.244,6.084,6.02,2.636,1.297,0.829,0.39,0.0,0.077,0.251,0.0,0.177,0.918,1.07,0.157,0.229,0.165,0.0,0.46,0.378,0.767,1.005,1.6,3.36,4.833,6.435,4.614,2.846,2.023,0.753,0.43,0.244,0.245,0.328,0.293,0.552,1.17,0.906,0.059,0.0,0.021,0.0,0.0,0.315,0.122,0.521,1.103,3.109,5.008,6.074,6.151,2.473,2.7,0.0,0.0,0.0,0.085,0.0,0.703,0.0,0.403,1.038,0.026,0.436,0.0,0.621,0.404,0.0,0.904,0.459,1.187,3.239,5.504,5.579,5.409,2.892,1.122,0.206,0.392,0.0,0.0,0.0,0.624,0.323,0.354,0.04,0.16,0.162,0.401,0.0,0.16,0.325,0.361,1.142,0.718,1.78,2.816,2.529,2.721,0.498,0.218,0.548,0.0,0.61,0.588,0.315,0.253,0.016,0.205,0.583,0.642,0.168,0.0,0.0,0.226,0.471,0.321,0.8,0.23,0.934,2.576,2.138,1.64,1.241,0.862,0.313,0.0,0.046,0.0,0.644,0.0,0.364,0.113,0.225,0.465,0.013,0.149,708.3,morning
D0523,2.451,2.87,2.254,2.071,2.333,1.84,2.527,2.675,2.141,2.314,2.613,2.246,2.126,2.523,2.677,2.93,2.841,2.51,2.714,2.137,1.612,2.122,2.257,1.829,1.388,1.626,1.45,1.401,2.073,2.625,2.164,2.743,1.117,2.461,2.708,2.187,2.192,2.471,3.046,2.1,2.221,1.941,2.726,2.056,2.245,2.427,1.921,1.43,2.274,2.275,2.714,2.154,2.079,2.214,2.063,2.197,2.019,2.491,2.582,2.455,2.166,1.962,2.403,2.342,2.412,2.322,3.226,2.196,1.688,2.22,1.973,2.926,2.18,2.417,2.005,2.1,1.806,2.067,1.738,2.014,2.43,2.544,2.552,2.254,3.587,2.587,2.752,3.197,2.17,2.448,3.28,2.577,2.646,2.044,1.96,1.604,2.946,1.812,1.384,2.543,1.746,2.407,2.448,2.678,1.661,2.54,1.965,2.555,2.976,1.858,2.445,2.203,2.662,2.026,2.761,2.259,2.264,2.315,0.888,1.608,2.498,1.259,1.317,1.65,2.193,1.256,1.811,2.54,2.202,1.688,2.674,2.126,2.537,2.014,2.823,2.218,2.431,1.454,2.882,2.722,1.528,2.681,1.327,1.311,1.748,1.896,2.192,1.772,1.364,2.363,1.852,2.279,2.489,1.884,2.097,2.57,2.766,2.093,2.365,1.743,2.15,2.945,1.386,2.953,2.89,1.454,1.458,1.889,1291.1,allday_low
D0524,1.473,0.884,1.334,2.623,1.613,2.201,1.778,2.457,1.721,2.378,2.351,2.026,2.087,1.424,1.928,3.207,2.856,1.95,1.532,2.392,1.885,1.895,1.479,2.233,1.635,1.769,0.99,1.135,1.001,1.76,1.649,1.076,1.892,1.888,1.069,1.656,2.151,1.613,1.973,1.74,1.326,1.025,1.373,2.717,1.184,1.589,1.571,2.42,0.572,1.149,1.58,1.415,1.309,1.79,0.643,1.526,1.475,2.21,0.937,1.865,1.943,1.864,1.803,1.993,2.508,2.247,1.556,1.472,1.225,2.094,1.304,0.965,1.513,1.565,1.289,1.488,1.391,1.737,1.685,1.34,1.995,1.4,1.381,2.014,2.167,2.422,2.883,1.212,1.735,1.995,2.626,1.607,0.966,1.137,1.473,1.685,2.458,1.141,1.653,1.903,1.207,2.258,1.298,1.159,2.393,1.76,1.356,1.737,1.67,1.781,2.124,1.875,2.919,1.771,1.79,2.444,2.257,1.96,1.376,2.151,1.135,0.802,0.992,1.641,1.191,1.438,0.954,1.825,1.19,1.198,1.573,1.148,1.372,1.43,1.938,1.502,1.923,1.662,1.456,2.151,0.782,1.732,0.885,0.981,1.115,1.178,1.237,1.328,1.078,0.274,1.064,1.826,1.77,1.857,1.551,1.945,1.57,1.648,1.563,2.247,0.616,1.778,1.712,1.676,1.474,1.999,1.402,1.24,983.6,allday_low
D0525,5.161,2.425,2.748,0.707,0.128,0.0,0.971,0.0,0.183,0.506,0.0,0.727,0.0,0.843,0.487,0.882,0.498,1.023,1.233,2.06,3.989,4.471,6.765,7.213,4.465,2.796,0.889,0.0,0.3,0.568,0.234,0.0,0.0,0.0,0.216,0.0,0.843,0.027,0.131,0.596,0.0,1.232,1.39,2.436,3.492,5.408,6.724,6.495,5.599,2.17,2.148,0.678,0.95,0.549,0.643,0.781,0.297,0.0,0.0,0.785,1.046,0.024,0.855,0.797,0.0,0.973,0.754,2.764,3.944,6.933,7.0,6.409,5.572,3.59,1.932,0.674,0.87,0.0,0.0,0.563,1.404,0.678,0.053,0.256,0.402,0.0,0.0,0.58,0.645,0.195,0.487,2.123,3.871,6.43,7.073,7.208,6.645,4.284,1.992,0.713,0.492,0.425,1.378,0.241,1.33,0.5,0.299,0.177,0.0,0.394,0.448,0.492,1.53,1.355,1.37,2.499,4.281,7.553,9.417,9.14,6.485,3.485,2.116,1.279,0.502,0.742,0.451,0.568,0.603,0.464,0.0,1.042,0.23,0.0,0.442,0.667,0.976,0.847,1.412,2.857,4.802,7.595,9.746,8.686,5.658,3.201,1.457,0.783,0.448,0.36,0.526,0.0,0.208,0.646,1.024,0.0,0.0,0.493,0.853,0.062,0.0,0.725,0.75,3.024,4.202,5.92,7.38,7.48,1140.8,night
D0526,2.011,2.779,3.006,2.976,2.028,2.586,1.963,3.054,2.593,3.059,3.635,3.226,3.298,3.151,3.835,3.004,3.394,3.382,3.365,3.059,2.361,2.709,1.874,2.438,2.784,2.9,2.137,3.376,1.803,2.764,2.881,2.978,2.999,2.967,3.801,2.672,3.073,3.325,3.227,2.854,3.495,3.255,3.8,3.302,3.316,3.197,2.183,2.419,2.375,2.978,2.525,2.494,2.505,3.075,2.219,2.773,3.528,3.197,2.909,3.3,2.603,3.007,3.185,2.813,3.562,2.648,3.612,3.21,2.566,2.529,2.666,3.001,2.51,2.948,2.463,2.787,3.192,2.694,2.197,2.673,3.732,2.74,2.254,2.75,3.15,3.526,3.84,2.943,3.854,3.499,3.554,3.411,2.688,3.569,3.261,2.641,3.175,3.685,2.92,1.641,1.821,2.739,2.275,2.444,2.98,2.814,3.478,3.634,2.808,3.45,3.119,3.648,3.174,3.611,3.057,3.689,2.991,2.082,2.935,2.473,1.385,2.111,2.48,2.607,2.596,2.338,2.246,2.085,2.962,2.997,2.513,3.532,3.349,3.401,2.994,3.892,2.576,1.911,3.189,3.116,2.968,3.053,2.935,2.893,2.476,2.438,2.301,2.748,1.989,2.291,1.943,2.789,3.327,2.319,2.044,2.844,3.083,2.918,2.465,3.485,3.093,3.681,3.218,2.304,2.801,2.761,3.148,2.09,1655.8,allday_low
D0527,0.0,0.458,0.674,0.11,0.0,0.541,2.791,0.499,0.177,0.556,0.0,0.132,3.55,0.406,0.0,0.543,0.638,0.349,0.19,0.611,0.214,0.0,0.0,0.855,0.065,0.276,0.0,0.415,0.442,1.2,4.77,0.606,0.0,0.0,1.124,0.578,3.934,0.994,0.0,0.345,0.393,0.113,0.0,0.846,0.215,0.373,0.0,0.0,0.041,0.087,0.694,0.363,0.0,0.0,5.894,0.66,0.052,0.0,0.214,0.216,4.736,0.671,0.634,0.58,0.0,0.427,0.34,0.0,0.021,0.413,0.0,0.0,0.21,0.0,0.655,0.501,0.0,0.0,4.775,0.425,0.0,0.81,0.175,0.151,3.195,0.737,0.402,0.107,0.0,0.0,0.0,0.0,0.0,0.528,0.865,0.135,0.0,0.0,0.0,0.834,0.144,0.778,1.138,0.127,0.0,0.069,0.351,0.0,1.26,0.039,0.209,0.0,0.31,0.325,0.573,0.0,0.0,0.117,0.21,0.156,0.0,0.214,1.457,0.425,0.0,0.853,5.082,0.542,0.752,1.221,0.298,0.646,4.342,0.0,0.848,0.26,0.605,0.584,0.0,0.783,0.0,0.295,0.544,0.427,0.0,0.0,0.0,0.456,0.372,0.041,1.948,0.0,0.0,0.542,0.0,0.186,2.311,0.114,0.843,0.0,0.0,0.0,0.47,0.0,0.845,0.91,0.25,0.0,279.6,intermittent
D0528,1.737,1.845,1.092,1.506,1.7,2.695,2.071,1.843,1.387,2.49,2.747,1.373,1.272,2.165,2.063,2.776,1.595,1.626,1.298,1.463,1.916,1.091,3.174,0.536,1.386,1.708,2.161,1.147,0.801,1.207,2.542,0.856,2.312,2.042,2.166,2.591,1.768,2.578,2.221,1.546,2.062,2.031,0.883,1.473,2.061,1.841,2.19,2.248,1.23,1.272,0.876,1.834,1.386,2.195,2.184,1.997,1.644,2.406,1.985,2.159,1.233,2.308,2.169,2.086,1.839,1.356,1.959,0.939,1.737,1.52,2.307,2.511,0.946,1.956,1.283,1.389,1.409,2.253,1.664,1.964,1.089,1.397,1.734,2.05,2.404,1.873,2.779,2.013,1.791,2.437,2.303,1.104,2.554,1.529,1.618,1.271,1.436,0.829,1.714,1.314,1.487,2.108,1.916,1.767,2.721,1.38,2.008,2.615,2.782,1.464,1.812,2.642,1.886,2.07,1.76,1.902,0.279,1.597,1.685,1.463,1.517,0.845,1.548,2.186,2.05,1.819,1.664,1.277,1.435,2.111,1.722,2.797,1.107,1.83,1.682,2.273,2.338,1.267,1.183,1.375,1.905,1.795,0.812,1.635,1.54,1.417,1.691,1.546,1.505,2.027,2.234,1.414,1.63,2.025,1.702,2.159,1.951,2.273,2.237,1.886,2.297,2.166,2.831,0.896,1.958,2.067,2.548,1.271,1057.9,allday_low
D0529,3.561,2.61,1.171,0.661,2.017,0.454,0.198,0.0,1.106,0.243,0.763,0.0,0.0,0.743,0.163,0.721,0.0,0.213,1.367,1.034,2.114,2.324,3.516,4.496,3.03,2.043,2.272,0.688,1.321,0.0,0.0,0.043,0.733,0.105,0.078,0.584,0.253,0.0,0.939,0.0,0.373,0.468,0.374,0.441,1.707,1.409,2.777,4.316,3.314,2.324,1.357,1.456,1.256,0.0,0.0,0.747,0.149,0.0,0.564,0.941,0.156,0.532,0.905,1.179,0.501,0.245,1.326,0.0,1.389,2.172,4.014,3.999,3.145,2.592,2.164,0.406,1.378,0.315,0.336,0.355,0.438,0.529,0.42,0.27,0.0,0.0,0.0,0.783,0.917,0.0,1.957,0.0,2.439,1.874,2.049,4.134,3.672,3.117,1.754,0.898,1.517,0.821,0.0,0.557,1.395,0.56,0.544,0.019,1.233,0.0,0.277,0.0,0.025,0.686,1.498,1.228,2.455,2.708,4.07,4.56,4.469,2.859,1.613,0.489,1.539,0.43,0.703,0.0,0.784,0.539,0.0,0.761,0.484,0.0,0.383,0.0,0.617,0.038,0.497,0.0,2.276,2.512,3.606,5.254,3.404,2.846,1.512,0.59,0.772,0.398,0.47,0.0,0.036,0.372,0.398,0.0,0.0,0.276,0.467,0.376,0.0,0.431,1.298,0.445,1.38,2.675,3.612,3.745,696.9,night
D0530,0.104,0.0,0.0,1.369,1.84,5.892,7.68,8.274,4.87,3.01,0.311,0.748,0.329,0.993,0.0,0.532,0.337,0.308,0.674,0.54,0.712,0.564,0.487,0.0,0.182,0.0,0.279,1.01,1.407,4.823,6.921,7.626,5.78,3.145,0.153,0.49,0.039,0.206,0.664,0.096,0.0,0.461,0.0,0.857,1.195,0.0,0.601,0.994,0.109,0.068,0.142,1.365,2.649,4.349,7.723,7.147,6.018,2.676,1.327,0.376,0.0,0.474,0.0,0.644,0.65,0.371,0.184,0.647,0.687,0.101,0.399,0.138,0.528,0.0,0.507,0.762,2.451,4.221,7.161,7.499,5.1,2.951,1.536,0.832,0.075,0.766,0.893,0.0,0.381,0.799,0.906,0.415,0.82,0.907,0.578,0.196,0.473,0.014,0.115,0.076,2.343,4.719,5.838,7.091,5.226,3.144,1.186,0.799,0.347,0.428,0.324,0.831,0.0,0.0,0.0,0.503,0.0,0.0,0.612,0.0,0.0,0.0,0.0,1.682,0.771,1.999,2.71,3.407,3.043,1.426,1.466,0.0,0.0,0.327,0.333,0.174,0.0,0.0,0.233,0.256,0.446,0.0,0.0,0.063,0.409,0.0,0.88,0.169,1.331,2.584,2.081,3.296,3.13,1.023,1.38,0.661,0.0,0.113,0.0,0.0,0.428,0.005,0.284,0.648,0.631,0.305,0.0,0.209,801.6,morning
D0531,3.13,3.791,2.01,1.612,1.421,2.496,0.504,0.521,0.881,0.079,0.678,0.0,0.138,0.301,0.244,0.736,1.392,0.303,0.333,3.336,3.881,0.993,3.973,2.187,3.044,2.556,2.413,2.372,0.509,2.139,0.564,0.0,0.442,0.0,0.172,0.0,0.0,0.238,0.241,0.203,1.303,0.622,0.0,1.539,2.992,1.056,4.035,3.248,3.292,3.39,2.317,2.078,0.989,4.686,0.078,0.214,0.079,1.001,0.305,0.273,0.234,0.849,1.662,1.449,0.641,0.0,0.075,3.892,2.955,0.788,5.297,2.087,3.804,3.212,2.394,1.961,1.648,2.317,0.979,0.461,0.0,0.794,0.888,0.476,0.0,0.0,0.51,0.51,0.617,0.0,0.0,1.83,2.805,1.111,3.989,2.482,3.458,4.544,3.123,2.054,0.552,2.174,0.507,0.362,0.64,0.691,0.904,0.369,1.098,0.0,0.758,0.357,0.29,0.141,0.609,2.68,2.715,1.717,3.53,4.256,4.68,3.886,3.009,2.86,1.679,3.559,0.514,0.0,0.0,0.0,0.0,1.409,0.111,0.112,0.108,0.0,0.0,1.094,1.193,3.193,3.185,0.832,4.99,3.687,3.999,3.78,3.178,2.231,0.928,3.221,0.253,0.789,0.789,0.0,0.336,0.0,0.0,0.347,0.257,0.202,0.616,0.153,0.0,1.766,1.96,0.769,3.56,3.723,868.2,intermittent
D0532,0.362,0.009,0.402,0.17,0.0,0.0,0.128,0.436,0.443,0.284,0.201,0.141,0.346,0.0,0.216,0.599,0.244,3.498,0.0,0.772,3.717,0.0,4.126,3.626,0.0,0.31,0.0,0.0,0.734,0.047,0.188,0.509,0.0,0.0,0.186,0.0,1.091,0.347,0.123,0.389,0.47,3.726,0.544,0.7,4.215,0.0,3.599,3.419,0.279,0.0,0.0,0.422,0.0,0.12,0.904,0.639,0.291,0.0,0.095,0.0,0.059,0.0,0.212,0.033,0.0,3.501,0.9,0.0,4.371,0.113,4.773,4.575,0.056,0.185,0.436,0.0,0.104,0.201,0.484,0.001,0.096,0.539,0.0,0.693,0.0,0.663,0.753,0.03,0.638,5.041,0.0,0.364,5.385,0.0,5.284,5.895,0.929,0.18,0.772,0.686,0.593,0.12,0.0,0.257,0.0,0.572,0.017,0.126,0.11,0.0,0.0,0.366,0.0,4.57,0.0,0.225,4.13,0.0,4.854,4.918,0.0,0.275,0.177,0.127,0.0,0.67,0.0,0.0,0.76,0.0,0.009,0.577,0.0,0.64,0.193,0.369,0.246,1.902,0.843,0.482,1.151,0.0,2.692,1.173,0.0,0.628,0.29,0.0,0.469,1.127,0.0,0.0,0.925,0.605,0.021,0.177,0.532,0.533,0.563,0.0,0.032,3.203,0.445,0.903,2.323,0.0,2.273,2.399,532.3,intermittent
D0533,0.756,2.228,0.781,1.294,1.599,1.088,0.197,0.76,0.939,0.782,2.124,1.895,2.136,1.201,1.508,2.066,0.782,2.364,2.001,1.612,1.087,0.716,1.568,1.913,1.364,1.464,1.46,1.255,1.424,1.917,1.524,1.376,1.008,1.798,1.522,1.582,1.83,1.617,1.789,1.693,1.42,1.935,0.318,1.69,0.908,1.831,0.442,0.988,1.378,1.113,0.839,1.669,0.605,1.272,0.984,1.658,1.107,1.427,1.346,1.506,1.645,1.624,1.588,1.291,1.683,1.005,1.651,1.418,0.359,1.4,2.03,1.183,1.278,0.853,2.227,2.185,1.978,2.172,0.87,0.742,2.644,1.352,1.11,1.744,1.074,1.724,1.243,2.013,1.185,1.002,1.059,1.576,1.089,1.709,1.252,1.504,0.772,1.101,1.146,0.811,0.973,1.408,0.503,1.111,1.311,0.841,0.552,1.499,1.127,0.833,1.237,1.717,1.754,1.425,1.991,1.726,0.818,1.043,0.306,1.834,0.859,2.036,0.837,0.965,1.333,1.902,2.008,1.181,1.19,1.012,2.171,1.682,1.139,1.867,1.753,1.133,1.182,0.852,1.849,1.036,0.682,1.842,1.281,0.132,1.393,0.177,0.671,1.254,1.261,0.754,0.535,1.985,1.897,1.145,1.302,1.044,1.278,1.435,1.785,0.674,1.59,2.067,1.162,0.818,1.708,0.669,0.529,0.259,791.0,allday_low
D0534,0.275,0.0,0.571,0.881,1.711,3.164,5.62,4.779,4.368,1.826,0.717,0.495,0.81,0.35,0.006,0.475,0.723,0.674,0.31,0.322,0.394,0.6,0.158,0.298,0.286,0.0,0.032,1.114,2.575,3.565,5.218,5.19,2.782,2.651,0.425,0.0,0.381,0.229,1.191,0.449,0.945,0.554,0.0,1.363,0.965,0.491,0.735,0.391,0.339,0.467,1.271,1.23,1.697,3.642,4.574,5.509,4.156,2.143,0.877,0.054,0.659,0.695,0.271,0.272,0.222,0.375,0.471,0.0,0.02,0.0,0.0,0.782,0.0,0.0,0.0,0.791,2.018,3.547,4.337,5.122,4.609,1.996,0.0,0.0,0.0,0.013,0.282,0.158,0.054,1.169,0.33,0.072,0.58,0.583,0.416,1.465,0.0,0.8,0.83,0.0,1.858,2.928,5.049,5.73,3.743,0.87,1.1,0.0,0.023,0.777,0.0,0.443,0.0,0.0,0.0,0.0,0.0,0.229,0.253,0.025,0.0,0.415,0.0,0.848,0.477,1.429,1.952,1.914,2.202,0.501,0.586,0.342,0.0,0.612,0.149,0.0,0.0,1.361,0.125,0.067,0.565,0.762,0.0,0.112,0.092,0.0,0.033,0.368,0.588,2.333,2.465,2.333,1.563,1.127,0.207,0.0,0.0,0.208,0.676,0.0,0.507,0.3,0.627,0.0,0.0,0.903,0.0,0.267,650.2,morning
D0535,0.986,0.752,0.554,0.0,0.235,2.154,4.147,8.322,10.0,6.962,3.924,1.002,0.59,0.447,0.266,0.558,0.07,0.429,0.59,1.006,0.413,0.1,0.306,0.583,0.0,0.043,0.441,0.0,0.828,2.047,5.253,7.646,8.803,6.92,3.43,1.097,0.346,0.0,0.0,0.636,0.0,0.0,0.235,0.679,0.0,0.063,0.972,0.434,0.663,0.0,0.083,0.917,1.038,2.507,5.294,8.423,8.822,6.442,3.432,1.354,0.0,0.623,0.764,0.413,0.064,0.407,0.0,0.0,1.127,0.0,0.732,0.985,0.349,0.328,0.448,0.0,0.591,2.878,5.029,7.963,9.022,6.61,3.184,1.956,0.213,1.404,0.226,0.521,1.11,0.57,0.0,0.091,0.0,0.263,0.0,0.252,0.957,1.103,0.0,0.0,0.859,2.027,4.11,7.517,8.517,6.416,4.096,1.926,0.526,0.934,0.734,0.373,0.0,0.0,0.133,0.536,0.0,0.815,0.98,0.531,0.365,0.469,0.322,0.213,0.306,1.4,2.616,2.963,4.006,3.317,0.989,0.954,0.182,1.045,0.475,0.188,0.346,0.198,0.0,0.118,0.0,0.002,0.21,0.0,0.09,0.795,0.0,0.0,0.83,0.978,1.961,3.439,3.655,2.409,0.963,1.407,0.452,0.851,0.022,0.687,0.0,0.0,0.342,0.551,0.603,0.321,0.0,0.304,905.2,morning
D0536,0.0,0.354,0.388,0.0,1.797,1.686,4.34,6.651,6.517,3.879,1.605,0.743,0.352,0.916,0.0,0.289,0.186,0.428,0.134,0.733,0.561,0.847,0.313,0.252,0.079,0.0,0.448,0.601,1.17,2.151,4.118,6.171,6.444,4.746,1.316,1.516,0.0,1.099,0.0,0.916,0.057,0.895,0.0,0.523,0.72,0.398,0.527,0.733,0.35,0.063,0.0,0.83,1.423,2.652,5.0,6.664,6.155,4.776,1.825,0.858,0.629,0.912,0.0,0.668,0.073,0.502,0.0,0.0,0.803,0.803,0.189,1.042,0.274,0.425,0.0,0.211,1.123,1.301,4.704,6.753,6.363,4.914,1.829,0.7,0.203,0.154,0.204,0.024,0.781,0.903,0.791,0.596,0.0,0.24,1.214,0.179,0.438,0.0,0.524,0.093,0.771,0.989,4.403,6.631,6.465,3.876,2.29,1.2,0.019,0.712,0.114,0.0,0.0,0.361,0.0,0.0,0.438,0.42,0.139,0.302,0.417,0.0,0.0,0.551,0.586,1.29,1.717,3.031,3.335,2.007,0.681,0.457,0.77,0.197,0.0,0.891,0.0,0.0,0.0,0.342,0.0,0.0,0.319,0.213,0.146,0.0,0.0,0.361,0.414,1.075,2.544,2.733,2.761,1.281,0.3,0.621,0.0,0.0,0.325,0.571,0.0,0.0,0.751,0.693,0.567,0.0,0.0,0.29,727.1,morning
D0537,0.717,0.508,0.412,0.786,1.701,3.303,6.985,10.0,10.0,6.862,3.044,1.271,0.0,1.014,0.0,0.585,0.0,0.626,1.148,0.814,0.047,0.552,0.284,0.0,0.893,1.499,1.063,0.134,2.461,3.529,7.339,10.0,10.0,5.863,2.806,1.809,1.782,0.0,0.923,0.0,0.239,0.0,0.897,0.704,0.501,0.796,0.728,0.0,0.596,0.165,0.14,0.911,2.126,3.774,8.268,10.0,9.406,6.181,2.535,1.467,1.484,0.997,0.86,1.185,0.755,0.963,0.495,0.051,0.0,0.271,0.0,0.29,0.301,0.849,0.414,1.255,1.322,3.356,8.337,10.0,10.0,6.522,4.276,1.301,1.015,1.152,0.655,0.0,0.37,0.223,0.441,0.599,0.275,0.287,0.519,0.0,0.278,0.556,0.541,0.309,1.225,2.94,6.798,9.162,9.549,6.653,2.753,0.198,0.972,0.54,0.032,0.01,0.827,0.62,0.741,0.0,0.668,0.0,0.0,0.41,0.418,0.217,0.252,0.0,0.0,1.915,3.494,4.516,4.371,3.096,1.271,0.893,0.613,0.171,0.099,0.32,0.0,0.171,0.0,0.39,0.607,0.0,0.504,0.153,0.402,0.628,0.292,0.335,0.088,1.13,3.911,4.66,4.275,2.284,1.458,0.317,1.248,0.811,0.0,0.0,0.077,0.759,0.674,0.0,0.368,0.702,0.083,0.427,1125.1,morning
D0538,6.347,6.58,4.897,3.63,1.221,0.58,0.334,0.963,0.745,0.517,0.538,0.0,0.673,0.0,0.072,1.776,0.595,0.439,0.301,1.075,0.381,1.473,3.747,5.055,6.528,6.044,5.237,2.904,0.946,1.289,0.096,0.0,0.0,0.392,0.029,1.199,0.866,0.419,0.0,0.8,0.511,0.06,0.51,0.611,0.531,1.101,3.773,5.385,6.295,6.559,5.38,2.965,1.531,1.637,0.216,1.251,1.889,0.498,0.0,0.334,0.413,0.342,0.965,0.161,0.583,0.564,0.606,0.101,1.3,1.284,3.416,5.294,6.267,6.194,5.102,3.833,1.968,1.374,1.049,0.768,0.389,0.0,0.708,1.455,0.066,0.383,1.2,0.639,0.613,0.218,0.562,0.643,1.116,1.318,4.505,5.356,7.679,7.769,5.871,3.918,2.006,1.536,0.083,0.0,0.0,0.648,0.789,0.0,0.672,0.163,0.951,1.349,0.0,0.231,0.989,1.136,1.06,2.637,4.351,6.916,8.957,8.381,7.023,4.158,2.638,0.807,0.887,0.736,0.939,0.456,0.082,0.471,0.0,0.316,0.0,0.54,1.0,0.937,0.0,0.811,2.305,2.066,4.53,7.302,6.398,7.197,5.969,3.358,1.211,1.519,0.0,0.0,0.0,0.234,0.0,0.0,0.102,1.018,0.627,0.524,1.168,1.199,0.03,0.126,0.688,2.047,4.235,5.142,1115.3,night
D0539,0.783,0.0,0.779,0.438,1.406,2.611,5.383,8.689,8.067,5.597,2.411,1.095,0.628,0.727,0.705,0.975,0.419,0.0,0.832,0.502,0.732,0.752,0.25,0.243,1.296,0.0,0.192,0.967,1.192,2.933,6.678,9.453,8.6,4.975,2.773,1.263,0.048,1.092,0.627,0.0,0.634,0.625,0.092,0.0,0.243,0.085,0.496,0.247,0.602,0.485,0.752,0.844,1.743,2.794,6.796,9.722,9.084,5.004,3.476,1.43,0.985,0.025,0.0,1.052,0.155,0.0,0.0,0.0,0.374,0.791,0.511,0.31,0.989,1.055,0.0,0.658,1.338,3.053,6.519,9.497,7.61,5.791,2.785,0.964,0.861,0.273,0.048,0.733,0.0,0.059,0.0,1.138,0.44,0.0,0.488,0.0,0.484,0.0,0.0,0.864,0.934,3.6,5.0,8.645,7.872,5.732,2.392,1.295,0.365,0.418,0.947,0.381,0.074,0.0,0.575,0.861,0.656,1.14,0.488,0.103,0.782,0.0,0.0,0.292,0.115,1.68,2.645,4.448,4.054,3.411,0.429,0.696,0.291,0.232,0.0,0.315,0.0,0.0,0.0,0.0,0.341,0.0,0.132,0.294,0.071,0.44,0.0,0.189,0.272,1.687,1.91,3.687,4.087,2.475,0.806,0.568,0.0,0.635,0.343,0.212,0.772,0.17,0.0,0.165,0.012,0.125,0.361,0.451,884.3,morning
D0540,0.373,0.467,0.265,0.0,0.86,2.811,4.153,7.343,5.953,4.711,1.984,0.88,0.732,0.716,0.854,0.0,0.0,0.017,0.0,0.465,0.632,0.0,0.0,0.198,0.269,0.985,0.0,0.157,1.482,2.048,4.974,6.51,6.587,4.869,2.129,0.547,0.712,0.0,0.609,0.109,0.0,0.647,0.069,0.179,0.0,0.0,0.787,0.352,0.784,0.226,0.321,1.148,1.084,3.018,4.441,6.609,6.36,4.863,1.849,1.643,0.0,0.288,0.012,0.388,0.0,0.372,0.455,0.52,1.068,0.251,0.149,0.189,0.0,0.709,0.0,0.882,0.503,1.536,3.569,7.125,7.293,4.791,1.798,0.362,0.2,0.706,0.155,0.0,0.0,0.366,0.823,0.564,0.0,0.266,0.737,0.257,0.0,0.0,0.0,0.529,1.451,2.84,4.396,5.999,6.285,4.461,2.713,1.015,0.0,0.648,0.0,0.356,1.026,0.0,0.215,0.24,0.272,0.641,0.0,0.574,0.006,0.185,0.0,0.669,0.481,1.298,2.603,2.904,2.912,1.28,1.101,1.022,0.162,0.0,0.529,0.0,0.0,0.0,0.53,0.233,0.0,0.0,0.207,0.221,0.183,0.0,0.608,0.887,1.003,1.47,2.937,2.383,2.404,1.228,0.803,0.0,0.763,0.224,0.0,0.0,0.0,0.0,0.848,0.634,0.459,0.0,0.074,0.007,689.8,morning
D0541,2.984,2.306,1.418,0.712,0.549,0.345,0.471,0.0,0.898,0.124,0.0,0.377,0.141,0.275,0.054,0.48,0.0,0.344,0.056,0.0,1.326,1.35,3.556,3.988,2.731,2.984,1.492,0.581,0.027,0.0,0.414,0.0,0.425,0.001,0.66,0.059,0.147,0.17,0.314,0.249,0.0,1.102,0.589,0.869,1.368,1.433,3.964,4.706,3.708,2.884,1.5,1.493,0.0,0.016,0.0,0.126,0.047,0.022,0.136,0.0,0.515,0.134,0.088,0.0,0.0,0.0,0.51,1.698,0.949,1.883,4.109,3.482,3.757,2.716,2.173,0.476,0.629,0.637,0.227,0.0,0.0,0.568,0.51,0.0,0.616,0.0,0.0,0.44,0.0,0.356,0.0,0.0,0.715,1.934,3.294,5.029,4.425,3.23,1.938,1.094,0.0,0.339,0.433,1.929,0.852,0.199,0.0,0.426,0.247,0.437,0.0,0.0,0.451,0.071,0.345,0.068,1.54,1.352,4.28,4.594,3.95,3.327,2.005,1.01,0.589,0.15,0.44,0.866,1.421,0.733,0.586,0.0,0.214,0.0,0.0,0.747,0.0,0.0,0.0,0.515,1.604,1.463,3.711,5.078,3.966,2.736,1.212,0.833,0.33,0.058,0.0,0.579,0.097,0.0,0.512,1.006,0.378,0.0,1.204,0.241,0.602,0.092,0.028,0.827,0.491,1.498,3.89,5.081,572.8,night
D0542,7.047,5.829,4.102,2.044,1.31,0.906,0.048,0.67,0.318,0.39,0.664,0.392,0.0,1.09,0.633,0.0,0.293,0.474,0.0,0.945,0.558,2.87,4.216,5.349,6.249,6.397,4.1,2.779,1.473,0.935,0.931,0.791,0.826,0.559,0.461,0.092,0.0,0.453,0.0,0.441,0.0,0.0,0.096,2.019,0.727,1.909,3.823,6.011,6.403,5.454,4.029,2.706,2.168,0.312,0.839,0.182,0.305,0.0,0.561,0.648,0.0,0.014,0.335,0.624,1.46,0.102,0.0,0.333,1.22,2.323,3.704,5.172,7.271,6.731,5.103,2.688,1.948,0.897,0.473,0.904,0.258,0.813,0.154,0.0,0.406,0.0,0.569,0.878,1.503,0.884,1.278,0.766,1.754,2.312,4.649,5.001,8.102,7.931,6.446,3.982,1.476,0.346,0.572,0.317,0.324,0.378,0.398,0.938,0.906,0.304,0.328,0.86,0.627,0.932,0.791,0.751,1.454,1.843,4.573,7.894,9.447,8.336,5.812,4.112,1.111,1.242,0.682,0.429,1.004,0.931,0.871,1.225,0.275,0.283,0.554,1.336,0.0,0.298,0.311,1.022,0.907,2.843,5.837,6.99,7.093,7.099,5.672,3.265,2.083,1.281,0.039,0.397,0.0,0.675,1.395,0.171,0.295,0.12,1.107,0.726,0.305,0.0,0.365,0.187,1.138,2.409,3.835,6.113,1154.6,night
D0543,0.616,0.544,0.655,0.0,2.233,4.791,7.762,8.628,8.05,4.164,2.338,1.083,0.291,0.503,0.519,0.957,0.601,0.0,0.0,1.003,0.0,0.0,0.176,0.184,0.0,0.417,0.0,0.915,2.032,4.76,7.722,9.544,7.179,4.259,1.948,1.194,0.434,0.267,0.645,0.0,0.0,0.461,0.396,0.593,0.5,0.559,0.119,0.981,0.0,0.28,0.455,1.023,1.391,4.226,7.984,9.249,7.918,4.456,2.018,0.794,0.64,0.0,0.319,0.443,0.74,0.681,1.009,0.391,0.0,0.347,0.0,0.0,0.095,0.493,0.0,1.335,1.91,4.821,8.298,9.696,7.627,4.156,1.591,0.869,0.257,0.0,0.648,0.61,0.0,0.129,0.0,0.418,0.175,0.821,0.371,0.034,0.365,0.229,0.069,0.624,1.113,4.104,7.228,9.256,7.512,3.938,0.521,0.258,0.566,0.908,0.395,0.0,0.46,0.0,0.371,0.623,0.0,0.797,0.993,0.613,0.338,0.0,0.333,0.765,0.758,2.285,3.445,4.183,3.747,1.998,0.563,0.249,0.046,0.346,0.0,0.694,0.316,0.71,0.058,0.0,0.0,0.0,0.0,0.0,0.236,0.307,0.075,0.926,0.712,1.557,2.873,4.038,2.524,1.026,0.902,0.418,0.448,0.144,0.944,0.523,0.0,0.0,0.0,0.187,0.238,0.921,0.0,0.0,915.9,morning
D0544,6.339,4.518,1.662,1.389,0.64,1.532,0.747,0.418,0.877,0.676,0.756,0.644,0.245,0.241,0.731,0.138,0.517,0.747,0.547,1.747,2.991,4.771,6.994,6.529,5.425,4.065,1.75,1.723,0.491,0.0,0.357,1.221,0.021,0.139,0.668,1.05,0.0,0.076,0.0,0.412,0.549,0.93,0.995,1.591,3.093,5.209,6.113,7.208,5.244,4.556,3.064,0.878,0.781,0.834,1.127,0.359,0.1,0.628,1.011,0.452,1.024,0.871,0.748,0.406,0.328,1.293,0.41,1.775,3.176,5.096,6.156,7.127,6.084,4.685,2.49,1.87,1.319,0.315,1.095,0.162,1.039,0.0,1.107,0.12,0.286,0.36,0.17,1.055,0.0,0.777,1.117,1.157,2.936,4.765,6.867,7.895,7.483,5.291,2.829,2.357,0.871,0.211,0.649,0.844,0.286,1.109,0.0,0.337,0.538,0.969,1.165,1.158,0.628,1.17,1.322,2.028,3.575,6.416,9.057,9.101,7.815,5.907,2.802,1.768,1.023,1.03,0.928,0.853,0.406,0.32,0.698,0.659,1.666,0.713,0.594,0.303,0.123,0.013,0.587,1.927,4.401,6.775,8.417,9.184,6.607,4.335,2.117,0.158,0.23,0.066,0.985,1.091,0.0,0.799,1.009,0.114,0.0,1.198,0.376,1.038,0.522,1.238,1.098,1.551,3.087,5.226,7.29,7.849,1239.1,night
D0545,7.505,6.321,3.964,1.584,1.107,0.552,1.138,0.079,0.0,0.456,0.08,0.093,0.383,0.265,0.333,0.371,0.6,0.229,0.458,1.659,3.028,5.286,6.663,8.381,7.242,5.701,3.356,2.503,0.615,0.209,0.508,0.0,0.494,0.0,0.067,0.458,0.0,0.575,0.0,0.428,0.802,1.044,1.394,0.864,2.309,4.164,7.026,7.961,7.37,5.459,3.561,1.329,1.247,0.723,0.954,0.301,0.483,0.952,0.0,1.006,0.343,0.811,0.825,0.381,0.485,0.0,0.0,1.308,3.02,4.395,5.705,7.655,7.561,5.632,3.029,1.483,0.266,1.532,1.263,0.057,0.507,0.216,0.414,0.664,0.57,0.926,0.255,0.492,0.0,0.618,0.0,0.761,3.202,5.302,6.556,9.077,9.75,7.227,3.701,3.009,1.466,0.376,0.0,0.067,0.658,0.49,1.26,0.105,0.725,1.058,0.0,0.863,0.593,0.414,0.0,1.814,2.88,5.547,9.115,10.0,9.943,8.194,4.484,1.927,1.757,0.797,0.412,0.213,0.484,1.039,0.36,0.687,0.234,1.253,0.0,0.173,0.329,0.078,1.176,1.986,3.612,6.277,8.184,10.0,8.814,5.943,4.158,1.833,0.933,0.094,0.322,1.092,0.224,1.363,0.436,1.117,0.514,0.0,0.183,0.187,0.212,0.01,0.339,1.674,3.95,5.065,7.221,7.63,1371.8,night
D0546,0.536,0.502,0.0,0.0,0.409,0.823,0.584,0.0,0.0,0.0,0.816,0.151,3.992,0.302,0.391,0.001,0.305,0.224,5.823,0.194,0.36,0.0,0.0,0.386,0.0,0.313,0.055,0.439,0.0,0.813,0.0,0.97,0.197,0.394,0.143,0.199,2.955,0.443,0.363,0.354,0.837,0.0,4.198,0.0,0.689,0.492,0.057,0.563,0.394,0.0,0.465,0.0,0.24,0.592,0.191,0.14,0.809,0.249,0.053,0.0,3.687,0.484,0.842,0.0,0.371,0.479,4.332,0.916,0.0,0.993,0.232,0.516,0.0,0.0,0.122,0.459,0.0,0.042,0.205,0.0,0.04,0.263,0.0,0.726,3.733,0.0,0.0,0.0,0.0,0.86,4.749,0.0,0.0,0.025,0.0,0.0,0.382,0.0,0.388,0.0,0.384,0.634,0.0,0.0,0.593,0.013,0.0,0.0,4.047,0.0,0.382,0.447,0.858,1.024,2.791,0.807,0.217,0.0,0.595,0.0,0.743,0.0,0.645,0.494,0.0,0.0,0.236,0.0,0.458,0.055,0.0,0.316,2.314,0.0,0.0,0.0,0.323,0.0,4.099,0.496,0.731,0.519,0.0,0.0,0.0,0.0,0.832,0.307,0.62,0.0,0.08,0.442,0.0,0.072,0.598,0.623,4.092,0.155,0.222,0.0,1.018,0.0,5.326,0.0,0.05,0.342,0.0,0.0,315.6,intermittent
D0547,3.736,2.576,1.671,1.494,0.256,0.476,0.326,0.336,0.587,0.423,0.245,1.035,1.603,0.0,0.283,0.282,0.034,0.098,1.563,0.808,1.818,2.136,2.713,2.895,3.501,2.651,1.839,1.375,1.324,0.388,0.185,0.243,0.137,0.05,0.304,0.0,2.699,0.457,0.98,0.0,0.948,0.745,2.152,0.11,3.455,2.162,3.181,3.123,4.357,2.016,2.116,0.104,0.156,0.758,1.103,0.81,0.231,0.0,0.877,0.225,3.277,0.82,0.543,0.0,0.0,0.598,2.98,1.462,3.916,2.152,3.54,3.135,3.698,2.28,2.087,1.652,0.629,0.0,0.795,1.01,0.0,0.027,0.769,0.0,2.056,0.0,0.127,0.665,0.404,0.781,3.096,1.258,4.076,1.522,2.843,4.185,4.33,2.943,1.823,1.481,0.442,0.928,0.267,1.016,0.868,0.085,0.688,0.0,1.326,0.326,0.0,0.0,0.871,0.336,1.554,0.58,2.956,1.695,3.933,5.182,3.944,2.86,2.23,1.409,0.036,0.254,1.039,1.204,0.267,0.399,0.484,0.0,1.36,0.317,1.395,0.531,1.002,0.283,2.134,0.313,2.215,1.966,3.51,4.436,3.337,1.721,2.045,0.561,0.529,0.015,0.747,0.0,0.685,0.071,0.121,0.285,2.957,0.893,0.557,0.865,0.492,0.226,3.257,0.0,4.974,1.984,2.271,3.251,745.3,night
D0548,1.087,0.0,0.0,0.0,3.577,0.02,0.0,0.432,0.283,0.0,0.0,0.723,0.198,0.109,0.0,0.465,3.148,0.127,0.575,0.0,0.664,3.838,0.657,3.516,0.707,0.0,0.0,0.0,2.83,0.624,0.0,0.532,0.121,0.0,0.919,0.0,0.534,0.722,0.0,0.0,3.448,0.208,0.431,0.165,0.483,2.788,0.468,3.206,0.104,0.0,0.0,0.136,7.313,0.29,0.0,0.121,0.075,0.0,0.388,0.0,0.0,0.0,0.0,0.892,5.73,0.0,0.562,0.67,0.0,7.671,0.0,7.299,0.108,0.336,0.414,0.112,3.546,0.495,0.0,0.0,0.554,0.0,0.0,0.839,0.0,0.235,0.329,0.35,2.74,0.0,1.115,0.0,0.0,2.958,0.058,3.009,0.72,0.864,0.132,0.0,4.276,0.0,0.247,0.313,0.0,0.0,0.981,0.27,0.369,0.514,0.34,0.601,3.338,0.088,1.57,0.0,0.0,4.253,0.507,3.39,0.0,0.159,0.302,0.163,3.502,0.468,0.192,0.561,0.232,0.0,0.388,0.608,0.348,0.0,0.302,0.0,3.385,0.398,0.066,0.46,0.393,4.095,0.015,4.323,0.872,0.205,0.0,0.032,5.872,0.261,0.109,0.0,0.393,0.493,0.184,0.34,0.441,0.631,0.0,0.0,4.759,0.23,0.008,0.09,0.54,5.141,0.0,5.393,580.4,intermittent
D0549,5.116,3.117,2.769,1.171,0.016,0.572,0.0,0.358,0.437,1.557,0.132,0.394,0.286,0.0,0.399,0.655,0.557,0.643,0.06,0.729,0.659,1.819,4.891,5.322,5.616,4.554,2.727,2.071,0.679,0.0,0.415,0.735,0.0,0.181,0.808,0.708,0.249,0.0,0.305,0.417,0.645,0.267,1.116,0.8,1.216,2.345,3.74,5.73,5.241,2.982,2.563,2.023,0.532,0.0,0.12,0.576,0.196,0.0,0.567,0.822,0.961,0.395,0.224,0.499,0.873,0.795,0.381,0.265,1.482,2.588,4.329,4.777,5.331,4.9,2.975,1.022,1.37,0.324,0.525,0.111,0.448,0.914,0.916,1.02,0.11,0.615,0.0,0.472,1.162,0.0,0.066,0.67,1.343,3.112,4.698,4.651,6.348,5.39,3.249,2.048,1.137,0.0,0.296,0.024,0.455,0.703,0.308,0.0,0.997,0.05,0.168,0.0,0.65,0.443,0.767,0.537,2.062,3.966,4.254,6.947,6.463,5.907,4.148,1.508,0.636,0.652,0.454,0.0,0.168,0.076,0.32,1.212,0.494,0.0,0.545,0.308,1.076,0.254,0.433,1.441,1.465,2.937,5.636,7.117,5.337,3.858,3.199,1.786,1.077,0.945,0.429,0.288,0.676,0.398,0.0,0.457,0.646,0.0,1.123,0.211,0.84,0.0,0.846,1.402,1.178,3.026,4.488,5.406,908.4,night
D0550,0.92,1.805,1.212,1.286,0.976,1.968,0.939,0.862,1.712,1.494,2.069,2.548,2.478,2.364,1.534,2.404,1.696,1.336,2.031,1.523,1.578,1.888,1.879,1.345,1.507,1.834,1.075,0.705,1.225,1.336,1.469,2.603,1.322,1.643,1.399,1.956,2.136,2.27,2.058,1.976,0.809,2.172,2.406,1.366,1.259,1.092,1.807,0.974,1.39,0.75,1.587,1.224,1.542,1.097,1.208,1.327,1.266,1.313,1.211,2.062,2.036,1.743,2.284,2.598,1.582,1.944,1.882,1.429,1.063,2.687,1.683,1.496,1.593,2.511,1.303,1.441,1.473,1.973,1.65,0.886,0.854,2.184,1.898,1.7,1.544,2.719,2.049,2.168,2.268,2.043,1.586,1.627,1.94,1.984,2.004,1.123,1.528,1.057,1.346,1.304,1.442,1.898,1.146,2.467,2.211,0.992,1.925,1.325,2.056,1.287,2.461,2.47,1.683,1.922,1.207,1.461,1.568,0.87,2.254,1.534,1.852,1.186,0.936,1.312,1.719,1.019,1.48,1.15,0.512,1.373,1.655,1.654,1.571,1.77,1.448,1.951,1.497,2.02,0.971,1.571,1.69,1.973,1.12,1.845,1.482,2.039,0.582,1.367,1.268,1.39,1.75,2.035,1.614,0.805,1.419,3.067,1.263,1.803,2.06,2.17,1.42,2.296,2.139,1.724,1.053,1.155,1.057,1.204,992.0,allday_low
D0551,0.0,0.251,0.456,0.673,0.516,0.136,0.351,0.0,0.0,0.916,0.617,0.0,0.0,0.983,0.0,0.0,0.0,4.089,4.187,0.544,0.0,0.137,0.299,0.495,0.0,0.291,0.803,0.095,0.223,0.435,0.0,0.0,0.338,0.422,0.124,0.0,0.0,0.278,0.0,0.632,0.865,2.989,3.376,0.517,0.553,0.0,0.015,0.0,0.087,0.0,0.973,0.393,0.0,0.0,0.827,0.151,0.772,0.5,0.0,0.0,0.0,0.406,1.054,0.274,0.148,5.923,4.805,0.044,0.283,0.538,0.0,0.0,0.584,0.0,0.0,0.161,0.557,0.248,0.0,0.521,0.0,0.457,0.0,0.0,0.477,0.867,0.0,0.605,0.0,2.866,2.527,0.077,0.366,0.0,0.0,0.512,0.0,0.772,0.0,0.671,0.514,0.185,0.247,0.206,0.657,0.0,0.0,0.234,0.692,0.0,0.0,0.0,0.181,3.239,3.159,0.0,0.0,1.028,0.72,0.142,0.052,0.0,0.428,0.015,0.782,0.228,0.247,0.0,0.0,1.015,0.0,0.062,0.072,0.289,0.347,0.0,0.561,5.094,4.833,0.0,0.0,0.0,0.287,0.306,0.0,0.288,0.0,0.724,0.571,0.0,0.0,0.0,0.271,0.221,0.0,0.0,0.317,0.0,0.215,0.616,0.0,5.945,4.698,0.117,0.0,0.527,1.062,0.0,312.3,intermittent
D0552,6.142,5.273,4.425,3.001,1.881,0.978,1.386,0.973,1.037,0.028,0.47,1.083,0.146,0.15,0.74,0.535,0.317,0.452,0.0,0.283,0.329,2.117,2.552,4.236,5.884,6.178,4.533,2.466,1.292,0.912,0.603,0.0,0.0,0.0,0.0,0.226,0.182,0.0,0.215,1.075,0.485,1.229,0.351,0.422,0.839,2.214,3.339,4.539,5.58,5.094,3.809,2.648,2.228,1.583,0.0,0.962,1.152,0.887,0.121,0.694,0.0,0.0,1.45,0.12,0.0,0.169,1.189,0.958,0.414,1.367,2.858,4.505,5.921,5.363,4.56,2.516,2.061,0.787,0.641,0.082,0.644,0.654,0.0,0.707,0.0,0.044,0.764,0.058,0.405,0.314,0.0,1.103,1.402,1.691,2.653,4.484,7.497,6.779,5.457,3.552,0.996,1.322,0.684,0.84,0.223,0.0,0.49,0.0,0.686,0.725,1.392,1.062,0.554,0.32,0.858,0.706,0.713,0.869,4.413,5.86,7.489,7.349,6.754,4.214,1.44,0.939,0.965,1.031,0.323,1.136,0.0,0.331,0.35,0.875,1.034,1.023,0.0,0.517,0.0,0.609,1.713,2.786,3.739,5.742,5.923,6.094,5.572,2.79,1.602,0.887,0.201,0.632,1.074,0.655,0.053,0.03,0.0,0.315,0.0,0.473,0.048,0.0,0.0,0.765,0.165,1.773,2.631,4.782,989.0,night
D0553,1.634,2.59,2.241,1.769,1.848,2.047,1.859,1.335,1.754,1.835,2.272,1.888,2.871,2.595,2.363,2.168,2.506,2.859,1.514,1.602,1.731,1.527,1.398,1.999,1.934,1.749,1.987,1.883,1.61,1.8,2.147,1.57,2.328,0.832,2.346,2.579,2.062,3.016,3.066,2.632,3.227,2.077,2.758,2.914,1.682,2.153,1.386,2.372,2.703,1.674,1.883,1.69,3.074,1.587,1.641,2.37,2.156,3.409,3.256,2.715,2.917,2.867,3.022,2.773,2.044,2.067,2.799,2.053,2.8,2.446,1.518,1.48,1.365,2.274,2.422,1.745,1.951,2.14,2.446,1.962,2.391,2.246,1.66,3.053,2.64,2.452,2.211,2.219,1.847,1.932,1.94,2.029,2.791,2.387,1.638,1.279,1.54,2.571,2.197,1.839,1.945,2.511,2.042,3.138,2.233,1.86,1.453,2.636,2.404,2.116,2.863,2.659,2.291,2.575,2.3,2.695,2.237,1.947,2.612,1.515,1.124,1.459,0.905,1.037,1.65,1.823,1.728,2.134,1.766,1.197,2.462,2.156,2.562,2.565,2.783,1.885,1.714,2.153,2.058,2.613,2.207,1.974,1.3,1.479,1.031,1.361,1.791,1.932,2.046,2.141,2.103,1.637,1.633,2.636,1.95,2.038,2.196,1.613,2.214,1.58,2.531,1.995,1.864,1.188,2.121,2.984,1.589,1.775,1283.4,allday_low
D0554,0.795,0.0,0.0,0.0,0.116,0.0,1.671,2.619,5.021,5.905,5.069,3.224,2.334,0.667,0.383,0.0,0.0,0.0,0.527,0.397,0.0,0.452,0.574,0.516,0.507,0.518,0.416,0.0,0.718,1.224,1.652,2.723,4.709,5.778,4.492,3.697,0.79,0.416,0.139,0.823,0.55,0.0,0.199,0.157,0.531,0.0,0.383,0.159,1.353,0.0,0.801,0.063,0.242,1.06,1.329,2.551,4.584,6.687,5.176,3.102,1.152,1.392,0.0,0.387,0.402,0.0,0.129,0.083,0.0,0.298,0.391,0.121,1.154,0.0,0.368,0.309,0.557,0.545,0.706,2.893,4.752,6.503,5.69,3.534,1.878,0.324,0.353,0.759,0.358,0.0,0.0,0.599,0.003,0.228,0.885,0.0,0.771,0.0,0.778,0.318,0.0,0.0,0.641,2.53,5.011,5.933,4.682,3.75,1.357,0.137,0.243,0.249,0.0,0.666,0.075,0.0,0.512,0.416,0.592,0.582,0.0,0.061,0.0,0.175,0.235,0.111,0.055,1.645,1.589,3.403,1.717,1.349,0.0,0.0,0.248,0.257,0.004,0.0,1.175,0.075,1.388,0.803,0.0,0.0,0.828,0.0,0.731,0.051,0.0,0.0,0.325,0.808,1.573,1.758,2.118,1.992,1.259,0.774,0.044,0.65,0.0,0.377,0.817,0.434,0.0,0.0,0.0,0.0,629.3,morning
D0555,4.868,1.616,0.703,0.987,0.383,0.0,0.433,0.384,0.0,0.0,0.0,1.384,1.309,0.921,0.0,0.0,0.0,1.679,0.587,1.248,0.716,1.186,1.704,2.451,3.811,1.243,1.268,0.302,0.148,0.281,0.0,0.0,0.292,0.0,0.255,0.0,0.359,0.0,0.0,0.955,0.402,2.268,0.305,0.0,0.489,1.13,1.819,3.13,4.246,1.253,0.883,0.849,0.0,0.767,0.899,0.0,0.472,0.661,0.0,0.046,0.111,0.402,0.891,0.115,0.0,1.186,0.0,0.327,1.355,0.637,2.024,3.201,4.814,1.415,1.32,0.666,0.953,0.601,0.362,0.479,0.243,0.0,0.548,0.0,0.385,0.537,0.0,0.121,0.925,2.722,0.486,0.378,0.719,1.176,2.171,3.236,5.813,1.796,1.927,0.653,0.017,0.334,0.127,0.292,0.486,0.425,0.466,0.322,0.0,0.296,0.0,0.0,0.0,3.275,0.0,0.457,0.966,2.128,2.702,3.451,6.133,3.224,1.339,1.886,0.215,0.67,0.963,0.183,0.233,0.0,1.792,0.174,0.912,0.0,0.0,0.0,0.365,2.975,0.077,0.381,1.133,1.519,2.579,2.875,6.269,1.496,1.184,0.983,0.707,0.0,0.629,0.481,0.569,0.22,0.473,0.542,1.389,0.0,0.459,0.602,0.411,3.663,0.782,0.688,0.884,0.673,3.341,1.803,612.9,intermittent
D0556,2.218,1.584,1.3,0.595,1.897,1.959,1.348,2.154,1.477,1.616,1.47,1.889,1.844,1.378,1.11,1.521,1.909,1.457,1.06,1.387,0.831,1.054,0.436,1.269,1.536,1.174,1.322,1.23,1.395,1.481,1.53,1.817,0.626,1.762,1.369,1.307,0.695,0.88,1.377,1.219,2.013,1.853,2.144,1.339,1.643,0.585,2.321,2.014,0.801,1.872,0.617,0.848,1.179,0.811,1.518,1.805,0.71,1.461,1.022,1.645,1.699,1.307,1.529,1.64,1.257,0.768,1.816,1.754,1.674,0.847,1.14,0.472,2.113,0.553,1.698,0.802,1.311,1.09,1.072,1.476,1.1,0.682,1.393,2.023,1.572,1.17,2.847,1.597,1.182,2.488,0.688,0.988,1.808,0.866,1.574,1.592,2.105,1.63,0.929,0.82,0.699,0.703,1.422,0.494,1.421,0.54,1.583,1.275,1.85,0.378,2.029,1.598,1.354,1.757,1.668,0.788,1.419,1.623,0.528,1.297,1.599,1.113,0.81,0.42,0.562,0.903,1.47,1.431,1.034,0.895,1.046,1.889,0.721,1.441,1.197,1.72,1.297,0.785,2.012,1.345,1.266,0.514,0.952,0.732,0.994,0.168,1.056,1.387,0.787,1.184,0.63,1.898,0.732,1.159,0.936,0.927,2.101,2.078,1.202,2.959,1.893,1.816,1.314,1.794,1.261,0.711,1.103,0.877,737.0,allday_low
D0557,1.865,2.656,1.925,2.427,1.425,1.584,1.989,2.092,2.251,2.642,3.893,1.606,2.11,2.601,3.312,2.319,2.376,2.147,2.503,2.177,2.485,2.6,1.817,2.369,1.563,1.971,1.549,1.125,2.314,1.478,1.655,1.886,2.972,2.922,1.508,1.775,3.23,3.405,2.649,2.483,2.358,2.233,1.703,2.564,1.694,2.343,2.005,2.433,1.593,1.299,1.398,1.864,1.832,1.363,1.75,2.085,2.436,2.181,2.581,2.351,2.408,2.646,1.897,3.27,2.421,2.292,2.377,2.704,2.305,2.336,2.03,1.454,0.734,2.247,2.307,1.334,1.309,1.414,1.701,1.62,2.152,2.241,2.26,2.067,1.946,1.723,2.141,2.67,1.62,2.264,1.752,1.569,2.516,2.568,2.179,1.37,2.243,2.173,2.719,1.6,2.038,1.507,1.102,1.192,2.112,1.826,2.468,2.592,2.364,1.694,1.961,2.499,2.509,2.461,2.627,2.055,2.184,2.272,2.397,1.906,1.662,1.796,1.661,1.535,1.398,0.945,2.003,2.025,1.997,2.129,1.936,2.913,2.518,3.026,1.865,2.126,2.095,2.725,1.082,2.223,1.978,2.315,1.539,0.965,2.564,1.681,2.098,1.548,2.224,2.095,2.341,1.697,2.516,2.211,1.223,2.714,2.409,2.047,2.133,1.728,2.216,2.35,2.092,2.078,1.662,1.432,1.807,1.865,1210.2,allday_low
D0558,0.782,0.125,0.0,0.621,0.665,2.015,4.26,8.039,8.086,7.299,3.882,1.941,0.553,0.012,0.663,0.498,0.116,0.662,0.607,0.0,0.621,0.777,0.0,1.222,0.973,0.0,0.191,0.023,0.26,2.145,4.543,6.893,7.915,6.46,3.716,1.096,0.642,0.634,0.759,0.475,0.414,0.234,0.158,0.422,0.385,0.528,0.0,0.63,0.0,0.65,0.257,0.0,0.287,2.25,4.532,7.396,8.187,6.272,3.584,1.452,0.267,0.0,0.031,0.411,0.714,0.0,0.115,0.436,0.396,0.364,0.104,0.0,0.542,0.444,0.317,1.324,1.34,2.224,4.891,7.593,8.148,5.954,3.964,1.46,1.015,0.753,0.0,0.624,1.122,0.261,0.498,0.81,0.0,0.0,0.272,0.0,0.931,0.713,0.92,0.384,1.259,1.945,4.433,7.902,7.294,6.914,2.509,1.387,0.832,0.144,0.459,0.491,0.604,0.235,0.019,0.41,0.18,0.338,0.186,0.415,0.0,0.0,0.0,0.262,0.0,1.041,2.473,3.991,3.673,4.153,1.866,0.718,1.149,0.0,0.149,0.02,0.0,0.599,0.287,0.454,0.447,0.0,0.691,0.0,0.577,0.0,0.305,0.0,0.42,0.732,1.921,2.82,3.094,3.146,1.976,1.444,0.268,0.119,0.188,0.0,0.0,0.0,0.0,0.408,0.508,0.0,0.0,0.333,864.4,morning
D0559,0.497,0.0,0.0,0.0,0.0,0.0,0.0,0.0,3.429,0.964,0.482,0.091,0.0,0.394,0.975,0.928,0.089,4.439,0.0,0.269,0.458,0.377,0.678,0.446,0.0,0.0,0.555,0.0,0.138,0.0,0.0,0.53,1.21,1.06,0.011,0.591,0.862,0.255,0.145,0.453,0.852,1.948,0.0,0.0,0.262,0.0,0.524,0.675,0.4,0.112,0.416,0.151,0.02,0.0,0.19,0.146,3.683,0.396,0.0,0.364,0.182,0.267,0.028,0.156,0.881,3.448,0.0,0.0,0.0,0.41,0.668,0.0,0.367,0.595,0.23,0.137,0.0,0.408,0.021,0.398,2.352,0.274,0.618,0.345,0.0,0.0,0.159,0.752,0.483,3.874,1.361,0.082,0.413,0.126,0.0,0.326,0.251,0.115,0.0,0.198,0.0,0.075,0.0,0.0,2.818,0.227,0.173,0.0,0.0,0.231,0.0,0.0,0.444,2.925,0.0,0.641,0.0,0.809,0.0,0.0,0.0,0.0,0.758,0.67,0.0,0.838,0.0,1.463,2.625,0.0,0.355,0.0,0.0,0.0,0.167,0.0,0.0,3.989,0.126,0.0,0.131,0.291,0.122,0.483,0.0,0.571,0.107,0.165,0.269,0.426,0.273,0.0,2.563,0.0,0.0,0.0,0.0,0.0,0.143,0.0,0.855,1.861,0.0,0.08,0.281,0.657,0.349,0.341,282.5,intermittent
D0560,0.394,1.225,1.636,1.25,1.587,2.281,1.518,1.782,1.637,1.282,1.619,1.285,2.205,2.272,1.823,2.65,1.721,2.167,1.604,1.851,0.957,1.3,1.5,1.809,1.413,1.981,1.186,0.95,2.233,0.744,1.139,1.519,1.452,1.706,1.759,2.763,1.715,2.016,1.888,0.76,1.283,0.779,1.211,1.56,1.959,2.113,2.589,1.451,1.392,0.7,0.883,1.715,2.246,2.039,1.178,0.988,0.752,1.598,2.579,1.528,1.521,1.724,1.723,1.873,0.672,1.313,1.522,1.754,1.31,1.601,1.17,1.787,1.519,1.435,1.698,1.613,1.122,1.049,2.064,2.389,2.103,2.157,1.247,1.697,1.686,1.702,1.498,2.005,1.979,1.361,1.379,1.737,1.567,1.25,1.376,0.833,1.69,1.187,1.153,1.58,1.862,1.427,1.187,1.703,1.61,1.79,2.079,1.695,2.282,1.594,1.556,2.257,2.021,1.703,1.708,1.515,1.494,0.969,1.121,1.357,0.547,0.258,0.487,1.759,2.115,1.408,1.243,1.887,0.931,1.622,1.683,1.482,0.805,2.168,1.42,1.352,0.96,1.863,1.709,1.728,1.219,1.234,1.008,1.389,1.246,1.085,0.655,1.084,0.584,0.998,0.95,1.262,1.544,1.41,1.272,1.475,1.707,1.858,2.282,2.738,2.293,1.593,1.123,1.318,1.515,1.18,1.174,1.574,891.0,allday_low
D0561,0.19,0.162,1.218,1.026,1.157,1.254,1.274,1.21,1.873,1.462,1.544,1.267,1.03,2.56,1.964,1.695,1.445,1.779,1.208,1.683,1.97,1.197,1.874,1.011,0.292,1.437,1.002,1.439,0.59,0.911,1.781,1.366,1.971,1.085,2.499,2.524,1.89,1.653,1.791,2.054,1.664,1.344,0.975,0.39,1.165,0.306,1.108,1.833,1.062,0.642,0.817,0.7,1.859,0.835,0.372,2.38,1.212,0.971,1.441,1.393,1.762,1.511,0.632,1.503,1.95,1.258,1.764,1.792,1.828,0.767,0.757,1.14,0.277,0.581,1.182,0.129,0.286,1.36,0.447,2.444,0.839,0.879,0.798,1.483,1.452,1.75,1.474,1.989,1.437,1.322,1.529,0.475,0.783,1.989,0.365,1.517,0.007,0.331,0.683,1.246,1.014,1.293,0.921,1.144,1.297,1.779,2.201,1.001,1.464,1.388,1.721,2.203,1.582,1.234,1.89,1.249,1.222,1.497,0.575,0.5,0.527,0.827,1.405,0.655,0.748,1.094,0.636,0.894,1.149,1.485,1.717,1.277,1.262,1.329,1.528,2.086,2.374,2.182,1.773,0.77,1.266,0.945,0.997,1.8,1.582,1.341,2.12,1.332,1.654,1.267,1.148,2.024,0.815,0.505,0.86,1.144,1.808,1.992,1.083,1.152,1.197,1.371,1.295,1.395,0.744,0.628,0.669,1.037,711.0,allday_low
D0562,0.986,0.508,0.0,1.042,1.58,4.776,7.04,7.477,6.268,2.808,1.517,0.474,1.314,0.423,0.351,0.0,0.609,0.85,0.853,0.268,0.047,0.883,0.285,0.308,0.176,0.0,0.028,0.774,2.108,4.13,7.089,7.088,5.784,4.475,1.757,1.203,0.246,0.793,0.771,1.294,0.525,0.0,0.0,0.461,0.0,0.51,0.577,0.991,0.0,0.0,0.45,0.71,1.847,4.583,7.002,8.55,6.755,3.136,1.574,0.85,1.225,0.434,0.59,0.116,0.572,0.0,0.032,0.898,0.714,0.94,1.345,0.752,0.44,0.086,0.159,0.742,1.816,4.539,6.454,7.609,6.378,2.777,2.101,0.985,0.463,0.0,0.264,0.647,0.043,0.0,0.536,0.467,0.107,1.38,0.0,0.952,0.612,0.483,1.427,1.218,1.45,3.685,6.164,7.61,5.59,2.324,1.156,0.986,0.97,0.697,0.26,0.792,1.196,0.554,0.336,1.102,0.032,0.664,0.0,0.149,0.0,0.504,0.0,0.638,0.579,1.655,2.791,3.801,2.962,1.16,0.622,0.0,0.0,0.0,0.0,0.471,0.465,0.0,0.054,1.333,0.743,1.142,0.0,0.0,0.0,0.162,0.296,0.541,0.549,1.379,2.354,3.089,2.777,1.728,1.166,0.417,0.52,0.0,0.607,0.658,0.946,1.098,0.0,0.566,0.0,0.0,0.0,0.0,839.5,morning
D0563,1.74,1.931,1.619,1.36,1.744,1.928,1.792,1.828,2.891,1.47,2.225,1.957,1.195,1.208,1.144,1.994,1.217,1.841,1.883,1.518,1.543,1.999,1.125,1.498,0.42,1.513,1.966,1.757,1.317,1.283,2.279,1.871,1.687,2.03,1.56,1.816,1.609,2.375,1.563,1.747,2.12,0.719,1.444,1.308,1.721,1.642,2.392,1.028,0.723,1.918,1.061,1.431,1.172,1.718,1.65,1.39,1.64,1.488,1.81,1.653,2.572,1.826,1.757,1.141,1.425,2.125,1.712,1.559,1.962,2.147,1.113,1.338,0.462,1.802,2.633,1.214,1.233,1.406,1.603,1.685,1.756,1.083,1.761,2.145,1.377,1.339,1.714,2.029,2.194,2.208,1.397,0.862,2.338,2.115,1.294,1.787,1.53,1.292,2.161,1.08,0.771,1.51,1.234,1.638,1.499,1.391,1.688,1.171,1.224,1.837,2.14,1.196,2.118,1.639,1.962,1.814,2.07,1.492,0.757,2.36,1.307,1.304,1.155,1.867,0.712,0.677,1.031,1.579,1.142,1.194,1.106,2.056,1.884,2.114,1.525,1.723,2.061,1.307,2.059,1.732,2.048,1.825,0.609,1.041,0.21,0.356,0.772,1.836,1.253,1.497,1.118,1.254,1.767,1.458,1.508,1.903,1.238,1.836,1.87,0.956,1.223,1.374,1.385,1.756,1.051,0.979,1.629,1.726,947.1,allday_low
D0564,0.307,0.742,0.876,0.0,0.0,0.117,0.387,0.207,1.521,0.457,6.021,0.0,0.0,0.427,0.353,5.395,0.779,0.0,0.403,0.0,1.492,0.0,6.749,0.105,0.0,0.161,0.0,0.0,0.914,0.383,0.594,0.0,0.491,0.241,3.477,1.608,0.0,0.215,0.429,3.666,0.0,0.0,0.334,0.0,0.699,0.284,3.74,0.233,0.426,0.783,0.369,0.28,0.599,0.0,0.0,0.119,0.0,0.515,4.306,0.0,0.0,0.184,0.484,4.029,1.357,0.101,0.0,0.776,0.334,0.789,4.96,0.029,0.0,0.497,0.0,0.0,0.0,0.101,0.833,0.183,0.0,1.099,3.043,0.19,0.319,0.558,0.381,3.036,0.162,0.0,0.0,0.031,0.865,0.0,2.757,0.248,0.618,0.0,0.0,0.323,0.233,0.841,0.7,0.0,0.0,0.0,2.882,0.0,1.05,0.0,0.008,2.283,0.198,0.765,0.0,0.661,0.0,0.025,2.322,0.0,0.0,0.373,0.0,0.437,0.493,0.072,0.491,0.229,0.0,0.608,5.57,0.762,0.0,0.225,0.783,4.004,0.154,0.0,0.318,1.511,0.193,0.121,5.935,0.286,0.0,0.0,0.633,0.0,0.055,0.338,0.43,0.0,0.0,0.243,1.397,0.451,0.0,0.011,0.0,2.319,0.0,0.462,0.66,0.124,0.252,0.0,1.622,0.0,433.4,intermittent
D0565,0.185,0.097,0.277,0.0,1.878,3.318,6.037,8.474,6.526,4.251,0.866,0.411,0.904,0.718,0.621,0.0,0.422,0.143,0.474,0.716,0.407,0.791,0.818,0.0,0.0,0.787,0.402,1.236,1.623,4.199,6.561,7.936,6.491,3.753,0.952,0.981,0.014,0.204,0.301,0.07,0.4,0.0,0.329,0.616,0.0,0.0,0.949,0.274,0.0,0.669,0.0,0.123,1.031,4.113,5.74,7.723,7.197,3.521,0.94,1.672,0.447,0.029,0.245,0.663,0.0,0.1,0.688,0.997,0.993,0.369,1.014,0.0,0.386,0.0,1.022,0.803,2.281,3.203,5.596,8.124,6.596,4.489,2.111,0.559,0.373,0.22,0.332,0.088,0.595,0.0,0.0,0.116,0.034,0.081,0.877,0.377,0.652,0.541,1.026,0.282,1.651,3.209,5.405,6.822,6.237,4.263,1.402,0.435,0.054,0.0,0.084,0.811,0.421,0.045,0.132,0.453,0.031,0.702,0.861,0.0,0.007,0.326,0.75,0.0,0.373,0.42,3.138,3.492,3.464,1.687,0.686,0.475,0.21,0.0,0.537,0.642,0.288,0.766,0.807,0.0,0.15,0.311,0.0,0.188,0.066,0.0,0.255,0.0,0.0,0.314,1.708,2.553,2.676,1.737,0.423,0.545,0.29,0.0,0.0,0.672,0.0,0.902,0.0,0.004,0.0,0.0,0.0,0.438,749.0,morning
D0566,1.75,0.745,1.762,1.14,0.675,0.786,1.388,0.754,1.448,1.059,0.959,1.122,0.844,1.635,1.677,1.232,1.187,0.822,1.15,1.576,0.995,1.361,1.463,0.62,2.111,1.512,0.923,0.31,0.664,2.037,1.404,1.006,1.109,2.006,1.631,1.317,0.801,1.485,1.85,1.797,1.085,1.49,1.694,2.023,1.154,2.067,1.437,0.907,0.681,0.129,0.644,1.79,0.936,0.437,0.833,1.282,1.166,1.553,1.296,1.235,1.519,1.068,1.667,1.13,1.464,1.644,1.279,1.37,1.629,0.935,1.966,0.598,1.687,1.303,1.304,1.565,1.144,1.259,1.249,1.651,1.79,1.39,1.294,1.042,1.646,1.37,0.797,1.529,1.58,1.87,1.442,0.925,1.785,0.332,0.523,1.053,0.996,0.999,0.715,1.531,1.036,0.54,1.365,0.894,0.876,1.326,2.15,0.507,0.787,1.144,2.311,1.047,1.984,1.86,1.916,0.939,1.328,1.544,1.354,2.413,1.849,1.497,1.279,1.33,1.494,1.831,0.721,1.659,1.3,1.712,1.336,1.148,1.197,1.474,1.669,1.236,0.74,1.657,1.254,0.314,0.473,1.27,1.391,1.561,0.797,0.72,1.241,0.623,0.66,1.146,1.22,1.389,1.246,0.801,1.147,1.395,1.971,1.738,1.513,1.72,1.982,0.779,1.325,0.523,1.205,0.93,1.709,1.585,810.3,allday_low
D0567,4.727,2.457,1.517,0.521,0.669,0.941,0.27,0.0,0.62,0.279,0.627,0.296,0.294,1.249,0.0,0.525,2.446,0.838,0.0,0.888,1.09,4.443,5.018,3.838,4.588,3.424,1.225,0.887,0.508,1.003,0.0,0.014,0.0,0.0,0.0,0.429,0.0,0.414,0.0,0.0,1.832,0.0,0.283,0.539,1.094,3.745,5.644,3.501,3.772,2.852,1.828,0.352,0.653,0.041,0.544,0.7,0.313,0.034,1.013,0.477,0.0,0.0,0.462,0.142,0.955,0.355,0.0,0.704,1.382,3.281,4.685,3.69,4.044,2.384,1.946,1.501,0.0,0.698,0.06,0.705,1.081,0.341,0.546,0.468,0.735,0.202,0.603,0.0,1.946,0.0,0.213,0.412,1.499,4.102,4.933,4.015,5.552,4.241,2.411,0.946,0.044,0.745,0.224,0.78,0.81,0.148,0.352,0.334,0.998,0.181,0.64,0.38,1.691,0.082,0.023,0.0,1.66,3.739,4.819,5.537,5.813,3.55,2.309,0.533,0.728,0.183,0.207,0.316,0.599,0.259,1.266,0.33,0.0,0.036,0.644,0.665,2.077,0.396,0.596,1.16,1.637,4.503,5.871,5.083,3.72,2.674,2.13,1.028,0.862,1.144,0.646,0.592,0.0,0.546,0.271,0.814,0.0,0.681,0.026,0.0,2.372,0.353,0.365,0.466,1.226,3.711,4.772,4.382,799.7,night
D0568,0.388,0.628,0.848,0.598,2.088,4.544,6.323,7.189,5.415,1.935,1.095,0.518,0.0,0.691,1.051,0.429,0.0,0.179,0.0,1.185,0.036,0.355,0.771,0.0,0.0,0.841,0.908,0.324,1.495,4.482,6.842,6.852,5.405,2.261,1.344,0.581,0.0,0.121,0.14,0.566,0.0,0.782,0.307,0.755,0.0,0.407,0.361,0.376,0.442,0.42,0.0,1.511,1.67,3.972,6.63,7.336,4.701,2.1,1.791,0.329,0.46,0.0,1.022,0.672,0.045,0.987,0.597,0.663,0.696,0.13,1.109,1.087,1.105,0.0,0.407,0.939,1.824,4.246,6.592,7.73,5.841,2.932,1.328,0.501,1.233,0.473,1.086,0.738,0.566,0.0,0.855,0.0,0.215,0.0,0.741,0.117,0.582,0.0,0.778,1.116,1.409,3.787,6.88,6.895,5.418,1.844,1.001,0.929,0.0,0.0,0.283,0.0,0.929,0.613,0.286,1.236,0.236,0.516,0.0,0.274,0.456,0.446,0.0,0.0,0.928,2.094,2.093,4.185,2.531,0.344,0.704,0.0,0.0,0.35,0.0,0.0,0.523,0.09,0.0,0.062,0.905,0.518,0.0,0.814,0.0,0.089,0.0,0.104,0.877,1.732,3.422,2.34,2.054,0.17,0.195,0.664,0.81,0.838,0.0,0.0,0.0,0.032,0.65,0.494,0.0,0.0,0.0,0.0,762.2,morning
D0569,0.138,0.0,0.467,0.0,0.341,0.0,0.0,0.27,3.538,0.47,0.25,4.874,0.637,0.44,0.0,0.478,0.44,0.012,5.183,0.949,0.396,4.545,0.269,0.0,0.479,0.0,0.038,0.0,0.099,0.354,0.0,0.0,6.441,0.109,0.138,6.841,0.0,0.189,0.572,0.214,0.111,0.0,7.128,0.005,0.285,7.106,1.293,0.084,0.603,0.616,0.524,0.244,1.38,0.0,0.46,0.568,5.407,0.0,0.797,6.995,0.0,0.788,0.161,0.665,1.005,0.154,6.176,0.0,0.0,6.391,0.863,0.0,0.0,0.878,0.092,0.282,0.0,0.732,0.195,0.532,2.458,0.761,0.322,3.135,0.0,0.0,0.292,0.23,0.893,0.0,3.83,0.0,1.312,4.109,0.158,0.367,0.187,0.0,0.0,0.139,0.0,0.748,0.926,0.04,2.696,0.0,0.0,2.366,0.392,0.0,0.308,0.285,0.0,0.032,2.233,0.0,0.0,2.473,0.0,0.645,0.179,0.795,0.0,0.674,0.485,0.0,0.155,1.379,6.431,0.0,0.027,7.124,0.392,0.0,0.0,0.559,0.112,0.72,7.089,0.0,0.221,6.5,0.369,0.0,0.0,0.09,0.0,0.587,0.054,0.28,0.0,0.234,2.389,0.27,0.0,2.151,1.081,0.329,0.0,0.0,0.793,0.4,1.845,1.061,0.289,2.448,0.828,0.235,613.4,intermittent
D0570,0.0,0.084,0.556,0.0,2.61,5.291,6.127,6.481,3.898,2.442,0.648,0.92,0.0,0.386,0.0,0.303,0.148,0.612,0.426,0.813,0.253,0.0,0.572,0.263,0.178,0.471,0.103,1.786,2.937,5.078,7.067,6.806,4.346,2.436,0.683,1.153,0.958,0.397,0.712,0.0,0.371,0.0,0.343,0.0,0.703,0.332,0.128,0.136,0.0,0.715,1.064,1.335,2.24,4.523,6.198,6.613,3.54,1.247,1.309,1.135,0.032,0.51,0.074,0.826,0.398,0.573,0.0,0.254,0.059,0.913,0.05,0.184,0.0,0.386,0.49,0.854,3.037,4.922,6.668,6.427,4.917,1.479,0.576,0.357,0.128,0.265,0.805,0.174,0.0,0.989,0.171,0.487,0.961,0.0,1.099,1.099,0.0,0.044,0.753,1.588,2.713,4.649,6.845,6.768,4.492,1.895,1.198,0.276,0.0,0.0,0.865,0.0,0.33,0.858,0.363,1.319,0.239,0.0,0.0,0.0,0.83,0.0,0.0,0.283,0.847,1.913,3.712,3.156,2.454,2.027,0.037,0.291,0.0,0.827,0.041,0.0,0.0,0.804,0.0,0.089,0.356,0.387,1.285,0.098,0.0,0.0,0.702,0.0,1.091,2.705,2.821,3.308,0.868,1.458,0.442,0.0,0.0,0.903,0.0,0.0,0.845,0.254,0.342,0.0,0.0,0.91,0.269,0.106,730.9,morning
D0571,1.674,1.172,1.265,1.68,2.132,2.084,1.278,1.527,0.918,2.026,2.14,1.868,2.482,1.671,1.992,1.416,1.847,1.646,2.075,1.569,2.213,0.852,1.82,0.281,1.438,1.997,1.399,2.013,1.041,1.604,1.196,2.282,1.294,1.3,2.374,1.296,1.535,2.187,2.05,1.622,1.856,2.667,1.347,1.74,1.544,2.067,1.01,1.216,1.338,1.154,1.639,1.777,1.677,0.725,1.413,1.503,1.158,1.34,2.598,2.222,1.36,2.229,2.208,1.584,2.126,1.65,0.982,1.536,1.188,1.34,1.795,1.753,1.662,1.605,0.972,1.113,2.018,2.332,1.57,1.761,2.642,1.558,1.888,1.574,0.964,1.682,2.128,1.238,2.143,1.289,1.535,1.662,1.27,1.64,1.524,1.564,2.161,1.105,1.671,1.137,1.505,1.966,2.021,1.42,2.097,1.879,1.87,1.998,1.91,1.559,1.899,2.595,1.641,3.33,1.477,2.145,1.032,1.816,0.829,1.934,1.365,1.776,0.772,1.418,1.627,1.653,1.019,1.532,1.289,1.667,0.883,2.353,1.456,1.974,1.242,1.008,2.03,1.978,2.017,1.738,2.05,1.62,1.004,2.463,0.975,1.708,1.537,1.806,1.308,1.532,1.137,1.727,0.941,2.148,2.692,2.182,0.795,1.516,2.207,1.253,1.122,1.749,1.419,1.336,0.891,2.228,0.979,1.187,973.8,allday_low
D0572,0.702,0.447,0.45,0.254,0.426,3.03,4.541,6.033,6.096,4.049,1.278,0.552,0.364,0.0,0.779,0.0,0.569,0.346,1.421,0.305,0.0,0.0,0.135,0.0,0.0,0.562,1.277,0.397,0.539,2.978,5.454,6.444,6.543,4.669,2.063,0.444,0.138,0.0,0.0,0.559,0.18,0.0,0.433,0.775,0.199,0.242,0.941,0.808,0.525,0.923,0.833,0.391,1.191,2.57,5.758,6.843,6.422,4.924,1.993,0.605,0.0,0.099,0.367,0.722,0.276,0.0,0.458,0.0,0.863,0.924,0.0,0.0,0.438,1.075,0.281,0.62,1.131,1.817,4.714,6.307,6.368,3.774,1.929,0.732,0.387,0.772,0.454,0.169,0.503,0.036,0.0,0.762,0.0,0.0,0.963,0.675,0.183,0.669,0.08,0.638,0.991,2.226,4.74,5.812,5.692,2.955,1.672,0.832,0.0,0.448,0.0,0.0,0.221,0.255,0.37,0.0,0.34,0.571,0.064,0.157,0.0,0.514,0.0,0.685,1.445,0.907,1.842,2.908,3.265,1.425,0.0,0.847,0.177,0.027,0.149,0.0,0.037,0.241,0.342,0.137,0.0,0.0,0.143,0.181,0.0,0.989,0.0,0.373,0.192,1.212,1.275,3.333,2.649,1.388,0.578,0.0,0.0,0.101,0.0,0.436,1.105,0.004,0.0,0.0,0.058,0.446,0.0,0.0,665.3,morning
D0573,1.352,0.641,1.14,1.586,0.901,1.857,1.05,0.739,1.287,1.684,1.945,1.806,2.469,1.79,1.474,1.678,1.092,2.013,0.964,1.066,1.416,0.999,1.55,1.476,1.643,1.556,1.382,1.26,1.634,1.347,2.014,1.831,1.357,2.069,2.266,2.594,2.191,1.226,1.285,1.234,2.133,2.784,1.755,1.555,1.707,1.686,1.955,1.085,1.526,1.667,1.398,0.596,0.473,0.728,1.884,2.139,0.986,1.902,0.675,1.362,1.847,2.085,1.412,1.66,1.65,1.04,2.064,1.623,1.122,1.401,1.88,0.987,0.803,0.801,2.365,1.699,0.88,1.399,1.5,1.456,1.224,0.908,1.264,1.41,2.054,1.784,1.967,1.201,1.568,2.115,1.017,2.297,1.532,1.722,0.528,1.674,0.929,1.333,0.745,1.751,0.845,1.562,1.549,1.553,1.401,1.784,1.565,1.522,2.014,2.631,1.704,1.109,1.558,1.928,1.432,0.889,1.596,1.34,1.103,1.474,1.593,0.983,1.521,1.218,0.736,0.343,1.35,1.262,1.012,1.116,0.906,1.597,1.039,1.413,1.331,0.861,1.788,1.4,2.504,0.994,2.138,1.312,1.034,0.77,0.588,0.88,0.823,0.98,0.858,1.616,0.759,0.951,1.217,1.01,1.853,1.058,1.364,1.354,1.366,2.491,2.068,1.692,1.549,2.199,1.239,1.138,1.199,1.139,854.0,allday_low
D0574,6.442,5.159,2.859,1.059,1.362,0.345,0.186,0.095,0.587,0.77,0.542,0.526,0.195,0.162,0.186,0.538,0.119,0.642,0.777,1.133,1.464,2.713,4.902,5.998,5.963,4.842,3.437,1.315,1.614,0.744,0.193,0.697,0.0,0.441,0.566,0.664,0.307,0.0,0.366,0.921,0.073,0.083,0.397,1.096,1.162,2.829,4.442,6.83,5.824,5.021,2.872,1.873,1.289,0.434,0.742,0.635,0.478,0.764,1.38,0.925,0.0,0.0,0.329,0.0,0.308,0.0,0.576,1.013,1.587,2.947,4.58,6.257,6.044,4.834,3.536,1.635,0.697,0.967,0.402,0.181,0.693,0.0,0.0,1.004,0.0,1.138,0.137,0.0,0.0,0.588,1.232,1.289,2.202,2.707,5.541,6.454,8.768,6.553,4.228,1.549,1.387,0.379,0.819,0.396,0.249,0.704,0.545,0.0,1.157,0.381,0.862,0.423,0.086,0.424,0.896,2.162,2.573,3.724,5.581,7.957,8.353,7.07,4.826,2.552,1.579,0.595,0.926,0.646,1.398,0.599,0.412,0.842,1.182,0.863,0.692,0.476,0.108,1.069,1.209,0.176,1.828,4.465,6.312,8.541,6.494,5.146,3.009,1.84,0.959,0.026,0.0,0.226,0.259,0.065,0.682,0.222,0.482,0.597,0.009,0.65,0.489,0.484,0.183,1.342,1.101,3.386,5.063,6.715,1031.2,night
D0575,0.271,1.159,0.581,0.827,1.105,1.102,0.949,0.755,0.944,1.267,1.716,0.252,1.52,0.837,1.149,1.275,1.292,1.014,1.759,1.436,0.915,1.774,0.694,0.624,0.987,0.656,1.079,0.783,1.089,0.568,1.825,0.837,1.762,0.57,2.048,1.237,1.232,0.229,0.78,0.932,0.832,1.569,1.034,1.171,1.198,0.0,0.868,1.889,1.411,1.118,0.95,1.546,1.196,0.891,1.164,1.417,1.675,0.538,1.289,1.723,1.068,1.273,2.109,1.465,0.994,0.645,1.181,0.906,1.678,0.722,1.407,0.955,0.727,0.779,1.458,1.265,1.034,0.692,1.339,1.11,0.925,0.761,0.98,0.808,0.966,2.581,0.551,1.766,1.562,0.583,1.612,2.119,1.118,1.485,0.952,1.166,0.103,0.927,0.914,0.727,1.608,0.959,0.952,0.904,0.932,1.123,1.12,1.503,1.598,2.034,1.188,0.928,1.422,1.389,1.673,0.566,1.095,1.592,1.422,1.513,0.696,0.0,0.931,1.045,0.558,1.044,0.973,0.3,1.48,0.39,1.443,0.772,1.295,1.284,1.292,1.73,1.595,0.825,1.149,1.341,1.26,1.207,0.948,1.272,1.207,0.994,0.724,1.577,0.718,0.486,0.784,1.042,0.878,0.696,1.075,1.68,0.603,1.306,0.744,0.744,0.467,1.176,0.334,1.129,0.951,1.166,0.0,0.117,623.5,allday_low
D0576,5.489,5.13,2.642,0.886,0.942,0.482,0.761,0.0,0.371,0.044,0.462,0.033,0.356,0.869,0.379,0.203,0.991,0.319,0.589,1.194,1.523,2.937,4.625,6.029,6.949,5.145,3.386,1.16,0.603,0.737,0.0,0.0,0.891,0.825,0.477,0.669,1.34,0.237,1.317,0.566,0.27,1.026,0.136,0.84,1.507,3.705,4.515,5.778,5.834,3.775,3.493,1.549,0.609,0.849,0.277,0.518,0.0,0.057,0.472,0.086,0.0,0.993,0.0,0.736,0.269,0.883,0.507,0.766,1.818,3.01,4.785,5.848,6.586,4.583,3.728,1.819,1.335,0.2,1.301,0.655,1.248,0.221,0.0,0.315,0.739,0.944,0.12,0.869,0.55,0.84,0.016,0.523,1.115,3.155,5.395,6.796,7.193,6.107,3.939,1.218,1.154,0.0,0.438,0.162,0.716,0.77,1.069,0.481,0.597,0.068,0.176,0.214,0.397,1.401,0.68,1.65,2.319,4.189,6.072,7.473,7.894,5.81,3.642,2.081,1.108,0.0,0.048,0.747,0.804,0.0,0.548,2.01,0.981,0.0,0.542,0.562,0.385,0.958,1.162,0.844,2.426,3.669,6.194,8.575,6.097,5.509,2.675,1.467,0.583,0.139,0.0,0.0,0.0,0.017,0.0,0.368,0.992,0.609,0.532,0.071,0.601,0.689,0.253,1.379,1.623,3.174,5.363,5.955,1023.2,night
D0577,1.581,0.974,1.05,1.741,1.35,1.713,1.687,2.28,1.338,1.043,0.944,1.467,2.263,2.108,1.747,2.791,1.208,2.185,1.435,2.409,1.375,1.981,1.353,2.537,1.469,1.344,1.476,1.655,2.09,2.065,0.552,1.377,1.277,1.967,1.429,2.65,1.416,1.162,1.921,2.169,1.35,2.32,1.407,1.467,1.612,1.241,2.328,0.815,0.698,1.014,0.805,0.625,1.483,0.871,1.383,1.275,2.175,1.056,1.885,1.72,1.489,1.781,2.019,1.143,1.873,1.758,2.055,1.819,2.299,1.998,1.345,2.033,1.459,1.824,1.295,1.516,0.575,1.496,1.715,1.771,0.789,1.457,1.332,1.729,0.829,1.498,1.873,1.619,2.556,1.582,1.656,0.855,1.107,1.876,1.175,1.349,1.121,1.65,0.783,1.075,1.558,1.252,0.571,1.458,0.793,1.593,2.064,1.472,2.245,2.12,2.202,1.061,1.661,2.024,1.431,0.809,1.997,1.893,2.038,0.531,1.12,0.994,0.725,1.264,1.352,1.115,2.022,0.432,1.58,0.854,1.554,1.755,2.196,1.499,1.713,0.615,2.12,1.827,1.58,1.523,1.095,1.131,0.961,0.852,1.304,1.838,0.975,1.261,1.144,1.169,1.166,2.053,1.355,1.865,1.496,2.348,2.197,2.005,1.978,1.929,1.4,1.686,2.575,1.658,1.134,0.691,1.085,0.742,903.5,allday_low
D0578,0.322,0.543,0.0,0.0,0.0,0.0,0.0,0.224,0.774,0.0,0.0,3.068,0.0,0.699,0.47,0.402,0.0,0.0,0.599,3.191,0.0,0.895,2.841,0.285,0.315,0.071,0.662,0.054,0.0,1.233,0.0,0.202,0.3,0.404,1.007,2.188,0.0,0.241,0.106,0.658,0.446,0.037,0.0,2.554,0.254,0.0,1.515,0.342,0.0,0.0,0.325,0.0,0.058,0.516,0.0,0.416,0.541,0.0,0.86,4.492,0.318,0.0,0.0,0.828,0.949,0.6,0.0,4.95,0.0,0.264,4.099,0.012,0.355,0.0,0.091,0.0,0.348,0.127,0.0,0.0,1.006,0.0,0.0,3.303,0.067,0.561,0.133,0.246,0.352,0.114,0.0,2.894,0.0,0.434,2.467,0.0,0.457,0.164,0.682,0.0,0.012,0.0,0.525,0.257,0.902,0.941,0.486,4.749,0.0,0.439,1.132,0.764,0.0,0.049,0.982,4.663,0.296,0.0,4.463,0.359,0.412,0.0,0.539,0.477,0.496,0.244,0.822,0.0,0.227,0.0,0.305,3.536,0.0,0.15,0.0,0.686,0.857,0.0,0.418,4.893,0.244,0.135,3.256,0.561,0.78,0.857,0.0,0.682,0.127,0.071,0.032,0.486,0.0,0.763,0.082,3.503,0.404,0.0,0.0,0.45,0.0,0.214,0.0,3.319,0.32,0.744,3.413,0.0,405.6,intermittent
D0579,1.781,2.45,1.343,0.66,0.512,0.871,1.097,0.795,0.191,0.979,0.916,0.283,0.879,0.0,0.0,0.039,0.284,0.0,0.696,2.193,1.566,1.409,1.297,5.148,2.324,2.008,1.447,0.998,0.332,0.0,0.301,0.0,0.0,0.961,0.062,0.092,1.615,0.466,0.365,0.0,0.107,0.076,0.0,1.342,2.701,1.36,1.848,4.196,3.474,2.692,2.285,1.092,0.854,0.254,0.835,1.038,0.361,0.0,0.332,0.235,3.314,0.117,0.323,0.546,0.0,0.429,0.427,2.613,3.802,0.674,2.748,5.228,2.852,2.922,0.658,0.465,1.118,0.315,0.0,0.0,0.0,0.0,0.08,1.041,1.094,0.0,0.121,0.266,0.101,0.234,1.028,1.471,2.18,2.008,2.983,4.379,2.886,3.456,2.481,1.364,0.467,0.092,0.753,0.504,0.809,0.193,0.525,0.0,3.102,1.118,0.302,0.0,0.863,1.256,0.217,2.788,3.143,1.538,3.172,5.819,3.377,3.11,2.324,0.968,0.88,0.485,0.847,0.662,0.117,0.338,0.0,1.248,2.761,0.0,0.213,0.0,0.13,0.366,0.766,3.466,2.768,1.812,2.928,5.823,2.527,2.317,1.729,1.381,0.139,0.096,0.158,0.0,0.078,0.426,0.0,0.037,0.796,0.541,0.0,0.002,0.94,0.767,0.774,1.986,1.265,2.005,1.364,3.593,726.2,intermittent
D0580,0.0,0.0,0.495,0.872,0.906,2.286,4.771,6.617,7.284,4.794,3.189,0.052,0.358,1.113,0.521,0.0,0.498,0.668,0.38,0.563,0.0,0.0,0.458,0.161,0.109,0.0,0.951,0.461,1.296,1.192,5.028,6.488,7.232,5.416,3.621,1.916,0.452,0.525,0.042,0.328,0.3,0.455,0.058,0.531,0.475,0.0,0.261,0.071,1.227,0.887,0.768,0.196,1.689,2.024,4.289,8.021,7.658,4.979,2.558,1.452,0.349,0.296,1.07,0.013,0.101,1.569,0.525,0.538,1.005,0.571,0.908,0.0,0.534,0.24,0.559,0.0,0.217,2.16,4.947,6.416,7.112,5.496,2.691,1.568,1.0,0.0,0.277,0.077,0.883,0.718,0.0,0.932,0.0,0.105,0.0,0.109,0.0,0.295,0.0,0.182,1.337,2.142,5.383,7.137,7.464,4.819,2.472,1.284,0.235,0.326,0.806,0.359,0.0,0.607,0.105,0.058,1.387,0.362,1.239,0.0,0.0,0.0,0.102,0.054,0.0,1.405,2.119,3.531,3.457,3.552,1.298,0.939,0.804,0.0,0.0,0.0,0.0,0.006,0.25,0.861,0.0,0.0,0.0,0.0,0.0,0.0,0.237,0.137,0.095,0.879,1.069,3.119,2.946,2.298,1.128,0.0,0.0,0.757,0.399,0.036,0.497,0.588,0.755,0.488,0.795,0.157,0.55,0.0,812.4,morning
D0581,0.899,0.0,1.003,0.753,1.037,1.745,4.579,7.834,7.838,6.246,3.32,0.858,0.512,0.319,0.742,0.372,0.313,0.54,0.22,0.705,0.417,0.9,0.694,0.432,1.001,0.085,0.434,0.515,1.097,2.047,4.919,7.158,7.208,5.658,3.076,0.737,0.373,0.612,0.645,0.682,0.0,1.352,0.0,0.252,0.0,0.0,0.0,0.902,1.092,0.439,0.133,0.0,0.539,1.458,4.545,7.262,7.928,5.626,2.737,0.962,0.457,0.849,0.639,0.031,0.18,1.212,0.06,0.623,0.773,0.34,0.038,0.0,0.602,0.434,0.019,0.687,0.962,1.932,4.204,7.213,8.476,6.017,3.116,1.381,0.139,0.142,0.362,0.302,0.0,0.0,0.293,0.108,0.205,0.241,0.959,0.125,0.532,0.0,0.95,1.211,0.678,1.602,3.825,7.118,7.306,6.058,2.928,0.822,0.904,0.0,0.304,0.35,0.536,0.07,0.245,0.079,0.541,0.648,0.0,0.639,0.0,0.036,0.556,0.0,0.187,1.113,0.809,3.015,3.349,2.47,1.419,0.516,0.784,0.948,0.102,0.0,0.71,0.031,0.0,0.512,0.156,0.53,0.0,0.021,0.512,0.0,0.0,0.632,0.247,1.394,1.606,3.073,3.0,1.548,1.027,0.267,0.0,0.0,0.764,0.0,0.279,0.075,0.506,0.912,0.828,0.0,0.384,0.663,793.5,morning
D0582,1.174,2.617,0.926,1.104,1.539,2.202,2.101,2.748,2.417,2.112,2.653,2.046,2.28,2.04,2.755,2.099,1.629,1.573,1.604,2.249,1.887,1.904,2.011,2.016,1.602,1.675,1.494,1.883,1.701,1.388,1.875,2.195,2.753,1.502,1.524,1.525,1.937,2.172,2.066,1.609,2.869,1.332,2.903,2.288,2.604,1.448,1.675,1.694,1.547,1.831,1.817,1.322,2.603,1.287,2.058,2.008,2.087,0.917,2.023,2.092,2.395,1.661,2.417,2.629,2.526,2.192,2.643,2.439,1.65,1.986,2.285,2.527,1.475,1.337,1.242,1.147,1.763,1.499,2.104,1.631,1.462,2.472,2.091,2.558,2.004,3.046,2.439,1.766,1.492,2.313,2.305,2.359,1.162,1.107,1.027,1.373,2.027,1.733,0.94,1.042,1.905,2.306,2.07,2.598,2.145,2.728,3.2,2.084,2.55,1.292,2.603,1.783,2.505,1.974,2.313,1.505,1.805,2.238,2.0,0.919,1.513,1.268,1.086,1.231,1.924,2.314,1.931,1.421,1.789,1.852,2.309,1.968,2.28,2.064,2.286,2.439,1.515,1.884,1.784,2.178,1.758,1.373,1.461,1.674,1.847,1.236,1.281,1.281,1.325,1.42,1.826,2.125,1.505,1.053,2.026,1.243,2.603,1.995,2.133,2.496,1.882,2.125,2.07,2.592,2.688,1.681,2.325,0.664,1114.0,allday_low
D0583,9.236,7.356,6.223,3.361,1.636,1.028,0.237,0.588,0.133,0.498,0.544,0.594,0.491,1.556,0.0,0.0,0.105,0.509,0.416,0.242,2.513,3.477,5.387,7.31,8.45,7.292,5.428,2.422,1.176,1.211,0.307,0.797,0.467,0.377,0.179,0.528,0.404,0.0,1.0,0.644,0.0,0.432,0.44,0.447,1.945,3.869,5.332,7.535,8.145,6.519,5.445,3.863,1.458,0.746,0.549,0.283,0.0,1.649,0.707,0.763,1.513,0.587,0.116,0.008,1.364,0.875,0.55,0.632,1.525,3.412,6.361,7.696,8.661,7.361,5.831,3.661,2.441,2.084,0.0,0.556,0.351,0.439,0.151,0.678,0.0,0.744,1.05,0.295,1.039,0.606,1.054,1.069,1.329,3.403,5.646,8.534,10.0,10.0,6.947,3.933,2.065,1.5,1.04,1.086,0.174,0.391,0.638,0.516,0.213,1.199,0.122,1.076,1.441,0.433,0.0,0.907,1.768,3.499,7.264,10.0,10.0,9.609,7.493,3.714,1.565,0.613,0.438,0.734,0.192,0.297,1.377,0.373,1.059,0.7,1.092,0.758,0.672,0.541,0.436,1.286,1.96,3.436,7.539,10.0,9.693,8.356,6.192,3.545,1.641,1.099,1.238,0.187,0.0,0.981,0.829,1.805,0.602,0.436,0.756,0.942,0.832,0.471,1.239,0.537,1.538,4.306,6.467,8.395,1439.4,night
D0584,0.0,0.324,0.695,0.471,0.825,0.238,1.001,4.016,5.463,6.55,5.428,2.861,1.108,0.0,0.968,0.0,1.318,0.665,1.526,0.0,0.112,0.917,0.0,0.673,0.261,0.734,0.927,0.075,0.011,0.043,0.882,3.286,5.989,6.827,5.892,3.619,1.159,0.381,0.895,0.48,0.226,0.007,0.703,0.184,0.0,0.0,0.0,0.0,0.323,0.0,0.32,0.0,0.819,0.276,1.932,3.486,5.758,6.492,5.393,3.89,1.347,0.177,0.476,0.078,0.0,0.098,0.72,0.272,0.602,0.092,0.009,0.947,0.0,0.145,0.791,0.087,1.18,0.209,1.814,4.284,6.059,7.249,6.127,2.122,2.035,0.719,0.364,0.366,0.0,0.698,0.459,0.0,0.475,0.536,0.041,0.865,0.22,0.151,0.578,0.0,0.12,0.065,1.374,3.192,5.734,7.172,5.774,3.168,1.902,0.257,0.543,0.693,1.128,0.342,0.102,0.283,0.306,0.0,0.285,1.074,0.0,0.0,0.0,0.0,0.0,0.0,0.224,1.785,2.263,2.66,1.71,1.921,1.229,0.369,0.209,0.429,0.497,0.0,0.019,0.571,0.0,0.202,0.676,1.207,0.56,0.0,0.0,0.664,0.0,0.637,1.387,1.887,3.197,2.314,1.43,0.955,0.559,0.0,0.0,0.054,0.0,0.491,0.123,0.0,0.546,1.402,0.323,0.0,667.1,morning
D0585,1.732,2.237,1.079,1.219,1.828,1.208,0.788,2.161,1.051,1.698,1.736,1.659,2.168,1.236,2.093,1.538,1.916,1.477,1.846,2.108,1.6,1.474,1.21,1.574,1.944,1.439,2.086,1.358,2.361,0.648,1.325,1.248,1.631,2.003,2.957,1.901,2.284,1.563,1.801,2.237,1.22,1.344,1.839,1.67,1.782,0.871,1.426,1.424,1.594,1.866,1.488,0.99,1.653,0.751,1.623,1.845,1.655,2.038,1.209,2.879,1.487,0.758,1.365,3.251,2.393,1.288,2.332,2.319,1.03,2.177,1.394,1.853,1.94,1.906,1.378,1.114,1.744,1.908,1.789,1.6,1.986,1.01,2.133,1.766,2.403,2.003,2.212,2.194,1.735,1.521,2.225,1.89,1.808,2.043,1.858,2.151,1.35,1.725,2.069,1.206,1.073,1.495,1.596,1.731,2.04,1.983,2.98,2.434,1.63,2.335,1.925,2.221,2.048,1.065,1.484,1.813,2.024,1.132,2.204,1.944,0.916,1.334,1.728,1.872,0.749,1.093,1.888,0.955,1.786,1.567,1.531,0.617,2.192,1.406,1.479,1.955,1.715,1.673,1.557,1.319,1.235,1.732,0.996,1.092,1.379,1.616,0.981,0.967,1.225,0.982,1.365,0.454,2.19,1.537,0.816,1.41,1.736,1.679,1.145,2.29,2.093,1.079,1.764,1.149,0.895,1.044,1.743,0.919,969.4,allday_low
D0586,0.0,0.0,0.465,0.0,0.504,0.14,0.0,3.088,0.791,0.0,0.36,0.104,0.046,0.0,0.0,1.211,0.657,0.618,4.049,4.141,0.818,4.156,1.232,0.744,0.326,0.46,0.141,0.952,0.0,0.466,0.225,2.921,0.359,0.0,0.571,0.868,0.0,0.007,0.084,0.63,0.858,0.758,3.981,3.891,0.0,3.658,0.584,0.577,0.09,0.0,0.576,0.0,0.0,0.642,0.251,4.259,0.0,0.137,0.0,0.638,0.543,0.0,0.067,0.45,0.0,0.0,4.035,4.721,0.0,5.012,0.354,0.756,0.0,0.0,0.0,0.819,0.192,0.073,0.777,2.696,0.279,0.116,0.885,0.587,0.0,0.929,0.243,0.423,0.34,0.929,2.33,3.927,1.181,3.146,0.0,0.267,0.713,0.299,0.05,0.142,0.0,0.0,0.0,3.47,0.226,0.0,0.652,0.0,0.0,0.282,0.125,0.401,0.0,0.0,2.556,2.482,0.0,3.576,0.0,0.029,0.0,0.0,0.0,0.0,0.0,0.0,0.264,3.381,0.243,0.0,0.0,0.0,0.936,0.468,0.285,0.39,0.0,0.299,2.458,3.265,0.074,2.421,0.281,0.0,0.453,0.199,0.631,0.0,0.891,0.368,0.203,5.315,0.504,0.483,0.394,0.512,0.081,0.456,0.0,0.0,0.0,0.0,4.572,5.388,0.0,5.402,0.566,0.044,493.4,intermittent
D0587,0.249,0.517,0.64,0.091,1.367,1.87,3.895,4.641,5.23,2.804,1.598,0.577,0.0,0.906,0.049,0.0,0.0,0.56,0.931,0.0,0.403,0.0,0.0,0.52,0.0,0.515,0.467,0.114,0.875,2.146,2.687,4.931,4.799,2.933,2.15,0.665,1.277,0.874,1.031,0.545,0.73,0.094,1.156,0.0,1.026,0.141,0.0,0.487,0.174,0.5,1.11,0.0,1.417,2.112,3.851,3.995,4.823,3.543,2.361,0.0,0.146,1.473,0.0,0.742,0.349,0.0,0.045,1.371,0.621,0.16,0.0,0.635,0.088,0.0,0.145,0.535,0.651,2.594,3.845,4.678,4.963,2.914,1.379,0.588,0.078,0.738,0.701,0.0,0.984,0.444,0.0,0.311,0.494,0.0,1.29,0.0,0.449,0.0,0.0,0.352,0.309,1.52,2.984,3.834,4.209,3.819,1.109,0.512,0.306,0.989,0.393,0.0,0.0,0.0,0.247,0.0,0.79,0.038,0.798,0.016,0.0,0.0,0.324,0.715,0.52,0.251,1.592,2.076,1.088,1.381,1.046,0.989,0.492,0.0,0.0,0.515,0.0,0.363,0.0,0.063,0.0,0.249,0.0,0.888,0.0,1.141,0.316,0.037,0.0,0.621,1.185,1.918,1.723,1.919,0.904,0.675,0.643,0.0,0.0,0.26,0.089,0.018,1.147,0.352,0.0,0.209,0.292,0.0,590.8,morning
D0588,0.436,0.0,0.0,0.0,0.0,0.007,0.0,0.313,0.0,0.055,0.0,0.114,0.043,0.0,0.186,0.519,2.253,2.454,0.677,0.0,0.853,0.0,0.0,0.222,0.399,1.03,0.531,0.723,0.712,0.0,0.385,0.0,0.194,0.176,0.299,0.882,0.751,0.15,0.0,0.693,3.472,3.739,0.0,0.162,0.726,0.0,0.0,0.0,0.183,0.0,0.305,0.562,0.0,0.363,0.164,0.0,0.0,0.36,0.397,0.0,0.065,0.0,0.114,0.395,1.463,1.573,0.0,0.205,0.471,0.871,0.0,0.106,0.568,0.249,0.0,0.035,0.572,0.125,0.423,0.542,0.0,0.0,0.0,0.069,0.083,0.519,0.0,0.784,2.412,2.062,0.885,0.036,0.0,0.0,0.204,0.0,0.0,0.503,0.078,0.0,0.0,0.588,0.0,0.0,0.659,0.479,0.799,0.512,0.41,0.252,0.258,0.626,2.598,2.67,0.0,0.237,0.447,0.356,0.0,0.645,0.0,0.06,0.617,0.207,0.077,1.311,0.324,0.196,0.066,0.007,0.208,0.0,0.0,0.0,0.493,0.637,4.492,5.065,0.102,1.327,0.067,0.0,0.526,0.511,0.028,0.33,0.638,0.711,0.378,0.0,0.0,0.0,0.568,0.379,0.0,0.0,0.0,0.338,0.0,0.0,2.391,2.062,0.0,0.771,0.495,0.552,0.825,0.629,249.3,intermittent
D0589,1.052,1.819,1.085,1.58,2.137,1.4,1.346,1.384,1.388,1.408,1.617,1.879,1.641,1.664,1.829,1.275,1.67,2.022,1.144,1.841,1.879,2.325,1.616,1.096,1.377,1.145,1.28,0.792,1.37,2.002,2.061,1.814,1.207,1.852,1.59,1.588,2.298,1.647,1.639,2.003,1.155,1.644,2.248,2.29,1.169,1.074,1.209,0.0,2.175,1.704,0.872,0.769,1.411,1.597,2.398,1.295,1.668,1.407,1.597,2.572,2.999,2.106,1.205,2.211,1.781,1.849,1.611,1.366,1.801,1.262,1.349,1.452,1.542,0.724,1.537,1.179,1.647,2.428,1.087,1.485,1.399,1.378,1.15,1.786,1.35,2.536,1.942,1.224,1.928,1.769,1.167,1.601,1.661,2.481,0.975,1.595,0.877,1.228,0.917,2.036,1.982,1.935,1.186,1.136,1.571,2.458,2.126,2.829,1.62,1.784,2.121,1.761,1.735,1.262,1.282,2.656,1.318,2.011,0.719,1.455,0.793,1.146,1.647,1.112,2.125,1.436,1.41,1.199,1.013,1.129,1.723,1.208,1.463,1.458,2.375,1.68,1.708,1.162,1.122,0.989,1.356,0.611,1.657,1.492,0.712,1.134,1.748,1.224,0.699,1.827,1.774,1.908,0.963,2.857,1.662,1.515,1.72,1.991,2.317,1.226,1.435,1.197,0.763,1.568,1.828,1.004,1.023,0.992,942.0,allday_low
D0590,1.268,1.016,0.718,1.218,1.313,1.121,1.216,0.568,0.943,1.564,1.808,1.182,2.4,1.495,1.277,1.667,1.724,1.551,1.466,1.68,1.985,0.895,0.921,1.296,1.613,0.383,1.26,1.957,1.345,1.514,1.34,1.466,1.692,1.079,0.886,1.794,1.591,2.439,0.973,2.011,1.129,1.627,1.784,1.435,1.429,1.276,1.312,0.707,0.816,1.197,1.224,1.166,0.747,1.697,1.432,1.458,1.399,0.968,0.748,1.561,1.276,1.332,1.912,1.511,1.864,1.238,1.336,1.373,0.57,0.982,1.903,0.958,1.302,0.877,0.87,1.309,0.696,1.612,1.617,1.6,0.428,1.445,2.33,0.693,2.292,0.465,1.858,0.852,1.654,2.034,0.905,2.39,0.874,1.492,0.819,1.815,2.006,1.035,1.896,1.332,1.099,0.767,0.947,1.745,1.035,1.74,1.339,2.241,1.269,0.855,1.031,1.81,1.548,1.54,1.787,0.895,1.083,1.139,1.361,0.867,0.898,0.849,0.376,0.857,1.292,0.611,0.502,1.039,0.929,0.433,0.468,1.803,1.06,1.817,1.71,2.171,1.523,1.085,1.623,0.312,1.658,2.016,0.623,1.015,1.148,0.916,1.02,0.725,0.823,2.441,1.216,0.037,0.982,1.092,2.067,2.036,1.458,0.918,1.541,1.034,1.546,1.82,1.068,1.375,1.582,1.426,0.417,1.103,674.5,allday_low
D0591,1.908,1.826,1.791,1.941,1.307,1.464,1.864,2.437,2.188,2.354,1.979,2.233,2.214,1.722,2.437,2.209,2.644,1.509,1.898,1.2,2.128,2.242,1.982,2.641,1.961,1.286,2.207,2.608,2.02,1.424,1.519,2.036,1.771,2.523,2.012,2.573,2.563,1.664,2.263,2.756,2.186,2.344,2.192,1.658,2.73,1.538,1.393,2.23,1.468,1.715,1.85,2.14,0.769,1.69,1.677,1.857,2.3,2.699,2.206,1.841,2.353,2.548,2.428,2.764,1.945,1.91,2.195,2.553,2.729,2.12,1.957,1.33,2.041,1.174,2.145,1.759,1.778,2.344,1.875,1.715,2.08,1.653,2.227,2.119,1.948,3.368,2.219,2.027,1.49,1.858,2.457,1.343,1.436,2.317,1.646,1.542,1.747,2.219,1.231,2.562,1.752,1.734,2.096,0.902,2.08,2.118,2.935,3.222,2.329,2.341,2.223,2.271,2.073,2.639,2.737,2.585,2.539,2.1,2.158,2.078,0.876,1.39,1.231,1.464,1.472,1.858,1.434,0.654,1.901,1.712,2.115,1.441,2.224,1.676,1.318,1.904,1.237,1.669,1.951,1.212,1.892,1.067,1.192,1.095,1.812,1.596,1.27,0.532,1.501,1.031,1.049,1.956,1.36,1.848,1.482,2.36,2.255,2.504,2.598,1.382,2.908,0.854,1.632,1.626,0.965,1.453,2.049,1.63,1076.5,allday_low
D0592,1.764,1.795,0.195,0.571,0.594,0.045,0.58,0.156,0.0,0.339,0.23,0.128,0.178,0.532,0.195,0.472,0.868,0.535,2.696,0.286,0.376,3.306,4.019,4.261,1.649,1.177,1.414,0.747,0.367,0.0,0.493,0.0,0.0,0.539,0.031,0.332,0.0,0.104,0.193,0.679,0.382,0.439,3.284,0.777,1.248,3.886,3.946,5.122,2.441,0.978,1.806,0.939,0.498,0.108,0.0,0.647,0.0,1.178,0.6,0.43,0.361,0.0,0.281,0.0,0.0,0.0,1.652,0.094,0.403,2.324,3.391,2.672,2.618,1.71,0.931,0.795,0.58,0.799,0.153,0.0,0.0,0.542,0.45,1.035,0.0,0.43,0.612,0.361,0.147,0.09,2.921,0.447,1.08,3.107,4.243,5.746,1.778,2.176,0.13,0.57,0.036,0.804,0.0,0.0,0.0,0.0,0.037,0.0,0.359,0.0,0.431,0.0,0.0,0.166,2.676,0.0,0.655,3.024,3.783,5.016,2.735,1.528,0.946,1.125,0.0,0.0,0.11,0.0,0.0,0.104,0.119,0.321,0.266,1.004,0.507,0.194,0.968,0.0,2.914,1.52,1.02,2.796,4.099,4.903,1.614,2.065,1.055,0.303,0.522,0.286,0.0,0.824,0.277,0.566,0.609,0.0,1.174,1.138,0.0,0.214,0.288,0.0,1.009,1.395,0.317,2.746,3.047,3.237,642.9,intermittent
D0593,2.268,1.551,1.668,1.149,2.14,1.566,1.236,2.238,1.921,2.862,2.595,2.897,2.293,2.507,2.812,1.254,1.619,2.241,1.438,1.757,2.307,2.128,2.211,1.355,2.214,1.413,2.014,2.098,2.765,2.633,2.226,1.824,2.106,2.29,1.926,2.573,2.677,2.714,1.882,2.35,2.759,2.612,2.124,2.094,1.853,2.23,1.16,1.412,1.543,2.02,2.402,1.936,1.266,1.743,1.47,1.839,1.611,1.94,1.81,3.177,2.496,1.959,2.345,3.142,2.702,2.182,1.931,2.252,1.79,2.473,3.034,1.921,1.842,1.233,2.444,2.014,1.021,2.0,1.886,2.022,1.849,2.16,1.707,2.307,2.686,2.273,2.052,3.001,2.834,1.796,2.006,2.128,2.165,2.244,1.762,1.418,1.925,1.442,2.014,2.019,2.608,2.445,2.207,1.799,1.662,2.6,2.38,1.911,2.394,2.289,2.237,2.424,2.04,1.727,3.033,2.022,2.306,1.261,1.291,1.429,1.198,1.14,1.15,1.946,1.284,0.678,1.755,1.54,2.508,1.861,2.531,1.915,1.809,2.38,1.566,2.619,1.905,1.326,2.194,1.794,1.276,1.936,1.47,1.967,1.549,1.786,1.432,0.9,1.998,1.311,0.79,1.571,1.51,2.295,1.663,1.973,2.322,2.135,2.579,2.586,1.657,2.189,2.692,1.505,1.301,2.061,1.355,2.541,1161.1,allday_low
D0594,1.915,0.67,1.071,1.13,0.119,1.089,1.264,1.013,1.791,1.889,1.662,1.137,1.301,2.223,2.794,2.156,1.917,1.219,1.642,0.944,1.718,1.235,0.817,1.101,1.447,1.334,1.249,1.394,0.778,0.846,0.948,0.8,1.46,0.86,1.698,0.945,2.033,1.851,1.065,1.944,1.653,2.166,1.537,0.777,1.264,1.314,1.108,1.539,1.729,1.458,0.765,1.402,1.234,0.95,1.996,1.44,1.103,1.473,1.695,2.41,1.94,1.446,2.048,1.805,1.006,1.054,1.241,1.085,0.974,1.607,1.774,0.722,1.206,1.785,1.622,1.102,1.054,1.988,1.968,2.08,1.369,1.433,1.1,1.775,1.515,1.741,0.712,1.554,2.302,1.729,0.361,1.839,2.03,0.718,1.454,1.17,1.489,1.56,1.152,1.277,2.082,3.126,1.711,1.54,1.219,1.512,1.642,1.74,0.743,1.484,1.655,1.595,1.889,2.481,1.879,1.759,1.828,2.055,2.663,1.458,1.284,1.304,1.3,0.826,1.211,0.875,1.692,2.716,1.49,1.795,2.021,1.05,1.919,1.784,0.926,1.512,0.379,0.733,0.878,0.735,1.966,0.732,1.347,1.128,1.086,0.913,0.785,1.46,0.035,1.638,1.02,1.361,1.622,1.967,1.104,1.3,0.828,1.738,2.492,1.326,1.428,1.708,1.399,1.741,1.299,1.705,1.007,1.219,815.2,allday_low
D0595,0.0,0.0,0.585,0.0,0.289,0.33,3.752,0.0,0.0,0.156,0.434,0.0,0.442,0.089,0.426,0.0,0.055,0.922,0.0,3.628,3.296,2.743,0.529,0.0,0.67,0.501,0.0,0.541,0.228,0.0,4.822,0.0,0.337,1.047,0.171,0.0,0.171,0.127,0.427,0.0,0.0,0.222,0.043,4.385,4.534,4.73,0.0,0.124,0.0,0.0,0.247,0.103,1.149,0.45,2.607,0.0,0.466,0.381,0.0,0.64,0.082,0.0,0.085,0.0,0.284,0.0,0.904,2.935,2.177,2.114,0.893,0.0,0.105,0.456,0.16,0.304,0.034,0.0,4.798,0.719,0.36,0.593,0.0,0.394,0.459,0.0,0.0,0.844,0.093,0.507,0.0,5.714,4.661,4.266,0.401,1.448,0.0,0.217,0.766,0.259,0.241,1.163,6.253,1.202,0.0,0.615,0.25,0.175,0.221,0.55,0.245,0.0,0.0,0.0,0.227,5.764,5.726,4.911,0.331,0.743,0.0,0.441,0.401,0.0,0.0,0.172,4.904,0.0,0.0,0.168,0.658,0.386,0.378,0.067,0.867,0.37,0.0,0.0,0.123,4.294,3.45,3.544,0.391,0.0,0.191,0.0,0.0,0.002,0.228,0.0,1.796,0.422,0.119,0.423,0.988,0.342,0.346,0.0,0.122,0.0,0.0,0.263,0.0,1.898,2.121,1.61,0.017,0.263,490.7,intermittent
D0596,2.893,3.137,0.501,1.067,0.2,0.0,0.0,0.218,3.819,1.128,0.052,0.033,0.126,0.398,1.174,0.735,0.608,3.07,2.071,0.0,1.117,1.837,2.464,6.797,2.867,1.676,0.619,0.982,0.373,0.0,0.087,1.131,2.594,0.311,0.454,0.084,0.163,0.0,0.0,0.506,0.936,2.338,2.639,0.0,1.66,2.517,2.844,5.479,3.572,2.251,1.052,1.479,0.413,0.998,0.119,0.306,3.018,0.0,1.354,0.0,0.591,0.53,0.0,0.0,0.0,2.312,2.719,0.664,1.203,2.081,3.103,5.599,2.929,1.713,0.892,1.061,0.112,0.698,0.36,1.164,2.611,0.564,0.0,0.0,1.159,0.714,0.0,0.596,0.646,3.321,2.216,0.764,1.298,2.597,3.195,6.463,3.143,2.681,0.875,1.332,0.367,0.302,0.719,0.434,2.282,0.071,0.247,0.0,0.0,0.495,0.0,0.245,0.456,2.499,1.358,0.684,2.191,3.259,4.076,6.312,3.828,2.871,1.385,1.051,0.916,0.221,0.598,0.104,1.469,0.603,1.211,0.242,1.409,0.093,0.814,0.807,0.913,1.531,2.021,1.091,1.817,3.081,3.597,5.97,3.103,2.172,0.772,0.575,0.561,0.0,0.457,0.358,2.008,0.567,0.742,0.106,0.0,0.586,0.036,0.0,0.632,1.98,2.483,0.269,1.702,2.621,3.901,5.112,782.1,night
D0597,0.0,0.477,0.07,0.001,1.21,0.854,1.733,4.96,6.664,5.587,4.658,2.616,0.964,0.314,0.098,0.201,0.675,0.0,0.275,0.759,0.0,0.701,1.011,0.027,0.0,0.009,0.448,1.433,0.109,0.727,2.574,5.167,7.015,5.902,3.808,2.417,1.387,0.0,0.855,0.0,0.412,0.143,0.452,0.0,0.655,0.15,0.0,0.084,0.621,0.26,0.438,0.626,0.134,0.77,3.789,4.505,6.059,6.295,4.213,2.378,0.503,0.736,0.083,0.518,0.784,0.004,0.668,0.0,0.316,0.372,0.345,0.396,0.377,0.0,0.368,0.0,0.187,1.412,2.847,5.763,7.19,6.291,3.761,2.577,0.309,0.0,0.32,0.818,0.309,0.136,0.0,0.449,0.0,0.0,0.0,0.0,0.0,0.695,0.851,0.0,0.302,0.642,2.213,5.08,7.165,6.865,4.146,1.113,0.141,0.0,0.735,0.0,0.322,0.945,0.0,0.125,0.298,0.0,0.63,0.805,0.423,0.43,0.163,0.291,0.738,0.954,1.356,1.904,1.98,3.589,2.71,0.65,0.871,0.0,0.453,0.308,0.0,1.014,0.012,0.55,0.971,0.078,0.528,0.111,0.262,0.0,0.178,0.205,0.237,0.944,1.176,1.582,3.051,2.395,1.827,0.88,0.643,0.247,0.394,0.184,1.153,0.0,0.0,0.397,0.0,0.478,0.0,0.194,732.2,morning
D0598,0.462,1.33,1.827,0.929,1.313,1.005,1.746,1.86,1.81,1.981,1.417,1.745,1.323,1.471,1.808,2.415,1.457,1.931,1.326,1.105,2.186,2.008,1.081,1.231,1.419,0.86,1.519,0.592,1.103,1.221,1.634,2.057,1.088,1.571,1.967,1.74,1.743,2.231,1.039,1.766,1.854,1.76,1.349,2.026,1.681,0.0,1.692,1.299,1.725,1.9,1.315,0.958,1.742,2.039,1.574,1.465,1.985,1.252,1.759,1.583,2.097,1.783,1.811,2.132,2.462,2.072,2.083,2.11,1.424,1.584,1.38,1.382,1.176,1.235,1.162,0.979,0.232,1.393,2.129,1.726,1.494,1.041,1.322,0.963,2.02,1.515,2.39,0.828,1.595,2.228,1.122,1.04,1.287,0.967,1.226,0.342,1.851,1.644,1.018,0.454,0.911,1.684,1.752,1.18,1.738,0.921,1.646,1.175,1.974,1.649,1.739,1.84,1.005,1.766,2.204,1.663,2.02,1.298,1.529,1.53,1.481,1.593,0.527,0.824,1.422,1.404,1.273,2.519,1.448,1.605,0.934,2.029,1.697,1.716,2.554,1.612,2.158,2.101,1.456,0.828,1.119,1.84,1.11,0.677,1.267,0.693,0.737,0.721,1.644,1.804,0.672,1.434,1.633,1.161,1.179,2.343,1.086,1.958,1.898,2.763,2.162,0.896,0.987,1.16,1.438,0.554,1.441,1.355,862.1,allday_low
D0599,1.797,2.409,0.801,1.464,1.002,1.624,1.175,1.256,1.02,1.805,2.42,1.254,0.863,2.125,2.41,2.979,1.724,1.664,1.923,1.18,1.171,1.829,0.742,0.851,0.599,0.905,1.055,1.114,1.162,1.646,1.279,1.056,0.96,1.403,2.515,1.838,2.546,0.88,1.403,0.995,1.719,1.929,2.067,1.904,1.923,1.317,1.104,0.884,1.964,1.584,1.036,1.256,1.724,0.989,1.476,1.334,2.065,1.432,1.962,1.277,1.284,1.265,2.269,2.107,2.379,2.006,1.709,1.448,1.955,1.701,0.996,1.05,1.337,1.24,1.568,1.538,0.919,0.818,0.615,1.42,2.307,1.478,1.64,1.837,1.786,1.268,1.519,1.703,2.487,2.262,1.135,2.174,2.278,1.62,1.085,1.334,1.969,0.724,1.025,1.414,1.105,0.546,0.837,0.804,1.293,2.382,2.273,1.737,2.07,1.895,1.742,1.833,1.634,1.149,1.663,1.212,1.26,1.627,0.639,0.803,1.132,0.576,0.8,1.494,1.01,0.833,1.573,0.497,0.687,0.794,1.178,0.84,2.428,0.464,1.831,1.449,1.626,1.29,1.379,0.965,1.875,0.684,1.147,2.247,1.489,0.552,1.663,1.25,0.931,1.531,1.815,0.945,1.134,1.187,1.736,1.946,1.887,1.198,2.497,1.261,1.72,1.468,1.01,1.524,1.378,1.594,1.204,1.278,908.1,allday_low
D0600,0.654,0.627,0.0,0.0,0.602,1.642,3.865,5.424,5.254,4.064,2.595,0.087,0.367,0.739,0.791,0.0,0.235,0.647,0.0,0.0,0.654,0.022,0.507,1.002,0.335,0.082,0.551,0.562,0.608,2.104,4.379,5.681,4.902,3.861,1.562,0.511,0.0,0.857,0.483,0.06,0.52,0.738,0.634,0.083,0.0,0.0,0.396,0.0,1.047,0.384,0.738,0.0,0.901,1.797,3.211,5.833,5.868,4.564,1.787,0.467,0.726,0.0,0.0,0.203,0.0,0.0,0.921,0.0,0.494,0.0,0.167,0.395,0.287,0.0,0.656,0.421,0.062,2.47,4.058,5.488,5.414,2.735,1.287,0.732,0.0,0.56,0.0,0.162,0.85,0.0,0.24,0.0,0.0,0.511,0.211,0.266,0.356,0.0,0.0,0.43,1.453,2.099,3.186,6.604,4.477,2.493,2.362,0.254,0.079,0.755,0.974,0.141,0.556,1.038,0.0,0.353,0.049,0.0,0.641,0.761,0.394,0.365,0.0,0.309,0.625,1.982,1.084,2.228,2.298,1.787,1.413,0.754,0.012,0.4,0.054,0.22,0.57,0.0,0.0,0.0,0.0,0.0,0.0,0.683,1.243,0.181,0.829,0.0,0.931,0.616,1.353,2.298,2.936,1.918,1.323,0.0,0.0,0.0,0.762,0.408,0.0,0.0,0.0,0.034,1.117,0.008,0.0,0.0,637.0,morning
D0601,3.202,2.441,1.13,1.238,0.475,0.322,0.015,1.466,0.345,0.0,0.066,0.011,0.159,0.376,0.0,1.011,0.239,0.526,0.746,1.317,0.968,1.178,3.326,3.159,2.737,3.002,1.124,0.35,0.0,1.36,0.983,1.019,0.099,0.073,0.0,0.197,0.55,0.283,0.134,0.072,0.066,0.355,0.967,0.326,0.55,1.174,4.53,3.787,2.889,2.332,1.347,0.314,0.451,0.0,0.0,1.923,0.744,0.29,0.0,0.753,0.204,0.0,0.541,0.335,0.0,0.348,0.022,0.131,0.761,0.77,4.276,3.085,2.67,2.248,1.535,1.047,0.739,0.032,0.141,0.525,0.0,0.844,0.0,0.779,0.0,0.567,0.358,0.998,0.0,0.0,1.076,0.552,1.176,1.278,3.048,3.647,3.679,4.362,1.922,1.384,1.055,0.618,0.706,3.688,0.311,0.07,0.768,1.057,0.004,1.088,0.0,0.351,0.0,0.0,0.313,0.859,1.098,2.871,5.427,3.778,3.518,2.814,1.624,0.868,0.517,0.0,0.798,2.773,0.376,0.232,0.194,0.747,0.0,0.565,0.15,0.115,0.262,0.408,0.0,0.21,0.892,2.216,4.356,4.335,3.902,2.144,1.604,1.331,0.452,0.198,0.686,2.269,0.017,0.0,0.479,0.0,0.0,0.002,0.0,0.0,0.995,0.0,0.371,0.0,1.695,1.777,4.845,2.914,706.3,night
D0602,0.884,1.755,1.909,1.962,1.773,2.216,1.849,2.8,2.436,1.699,2.559,2.423,1.462,3.228,2.099,2.594,2.678,2.456,2.73,2.691,2.307,1.719,2.131,2.562,1.933,1.303,2.454,1.753,2.388,1.785,2.316,2.03,1.941,2.52,2.021,1.665,2.83,2.282,2.684,2.653,2.812,2.853,2.596,2.578,2.631,1.905,1.807,2.301,1.225,1.391,1.189,2.46,2.48,2.404,2.106,1.945,2.119,2.471,2.69,1.948,2.827,3.029,2.923,1.874,2.839,2.413,3.08,2.242,2.718,2.808,2.451,1.786,2.21,1.6,1.689,2.485,2.014,1.971,2.829,2.78,1.737,2.349,2.202,2.341,2.979,2.85,1.844,3.051,2.301,2.647,2.689,2.64,1.969,2.349,2.473,1.976,1.789,1.512,2.754,1.425,1.577,2.14,1.641,2.961,1.677,2.386,2.796,1.91,2.148,2.599,2.263,2.735,2.409,2.499,2.686,1.908,2.225,2.047,1.678,2.399,1.049,1.156,2.054,1.133,2.565,1.17,2.561,2.344,1.281,2.086,1.503,1.833,2.044,1.359,1.978,2.179,2.148,1.565,1.918,2.149,2.324,3.06,2.376,1.412,1.55,1.931,2.317,2.549,1.014,2.275,1.296,1.806,2.438,1.694,1.924,3.068,2.981,2.495,1.467,1.549,2.313,2.414,2.257,1.604,1.973,2.398,1.803,1.419,1277.6,allday_low
D0603,4.852,0.347,0.447,0.096,0.0,0.0,0.0,0.324,0.314,0.0,1.006,0.321,4.129,0.0,4.515,0.722,0.548,4.315,0.641,0.537,0.098,0.68,0.763,0.714,4.55,0.408,0.0,0.0,0.294,0.069,0.0,0.0,0.508,0.091,0.0,0.0,3.218,0.03,4.007,0.389,0.0,3.777,0.0,0.0,0.361,0.069,0.0,0.0,6.428,0.661,1.297,0.228,0.0,0.017,0.271,0.062,0.515,0.442,0.0,0.59,5.005,0.911,5.797,0.7,0.164,4.352,0.792,0.538,0.963,0.0,0.358,0.226,4.767,0.0,0.042,0.0,0.756,0.352,0.0,0.729,0.596,0.267,0.193,0.0,4.46,0.129,5.262,0.405,0.058,4.963,0.0,0.01,0.254,0.492,0.395,1.029,3.969,0.0,0.282,0.226,0.0,0.102,0.0,0.308,0.13,0.0,0.0,0.721,3.241,0.042,3.131,0.448,0.547,3.527,0.466,0.649,0.026,0.0,0.338,0.228,3.245,0.196,1.069,0.328,0.507,0.0,0.704,0.196,0.237,0.061,0.0,0.0,2.534,1.745,3.815,0.232,0.341,3.574,0.263,0.0,0.737,0.189,0.263,0.149,5.544,0.562,0.27,0.305,0.0,1.249,0.797,0.661,0.924,0.272,0.666,0.588,4.928,0.174,5.262,0.295,0.0,5.168,0.743,0.0,0.0,0.0,0.049,0.0,567.7,intermittent
D0604,1.146,1.543,1.366,1.477,1.477,1.357,0.799,1.397,1.133,1.853,1.246,2.047,1.687,1.889,1.971,2.289,2.046,1.439,1.87,1.695,1.849,1.438,2.02,1.389,0.575,1.295,0.859,1.069,1.232,1.531,1.176,2.075,1.49,1.41,2.025,1.763,1.035,1.209,2.493,1.705,1.654,2.2,1.571,1.355,1.459,1.238,1.304,1.351,1.463,1.147,1.209,1.264,2.342,1.503,0.173,1.314,0.865,1.348,1.428,0.896,2.472,1.745,2.154,1.374,1.632,1.927,0.997,2.653,1.975,1.461,1.05,1.371,0.27,1.388,1.871,0.569,0.983,0.872,1.831,1.597,1.156,1.472,1.617,1.072,1.159,1.453,1.282,1.615,1.279,1.665,1.508,1.761,1.54,0.5,1.108,1.49,1.791,1.744,1.78,1.267,1.742,2.114,1.689,1.504,1.669,0.621,1.337,0.424,1.606,1.279,0.955,1.869,1.319,1.515,1.719,0.803,1.735,1.377,1.532,0.913,1.589,1.094,1.15,0.906,0.455,1.169,1.446,1.136,0.842,1.137,1.626,1.8,1.894,1.942,1.03,1.687,1.56,1.276,0.571,1.14,2.06,1.37,1.084,0.74,1.397,1.823,1.34,0.547,0.673,0.615,2.122,1.336,1.592,1.49,1.572,1.095,1.02,0.973,1.496,1.277,1.234,1.475,0.636,0.771,1.769,1.826,1.869,1.006,824.6,allday_low
D0605,0.141,0.429,0.116,0.754,0.438,0.368,2.069,3.856,6.155,5.587,3.667,1.87,1.012,1.353,0.134,0.245,0.243,0.364,0.386,0.937,0.93,0.349,0.64,0.0,0.513,1.103,0.0,0.644,0.839,0.88,2.601,4.105,6.508,5.702,3.52,0.963,0.318,0.0,0.258,0.41,0.139,0.127,0.083,0.0,0.138,0.38,0.0,0.944,0.083,0.0,0.66,0.799,1.218,1.56,1.674,4.465,6.133,5.623,2.68,1.214,0.321,0.684,0.053,0.52,0.182,0.62,0.381,0.435,0.0,0.0,0.596,0.147,0.0,0.0,0.0,0.496,1.327,0.174,2.463,4.155,5.648,5.355,2.671,1.599,1.428,0.466,0.336,0.335,0.196,0.629,0.805,0.147,0.0,0.71,0.219,0.17,0.688,0.169,0.767,0.862,0.91,1.107,2.18,3.9,4.972,5.586,3.224,1.248,0.869,0.978,0.339,0.717,0.769,0.303,0.131,0.679,0.383,0.371,0.22,0.364,0.0,0.0,1.115,0.11,0.535,0.291,1.645,2.101,2.511,1.527,1.245,1.067,0.0,0.0,0.0,0.0,0.236,0.0,0.255,0.61,0.0,0.1,0.0,0.238,0.1,0.0,0.0,0.706,0.76,0.428,0.0,2.109,1.682,1.836,1.355,1.297,0.13,0.408,0.0,0.206,0.555,0.0,0.03,0.755,0.0,0.294,0.0,0.065,597.1,morning
D0606,5.654,3.805,1.327,1.89,1.005,0.02,0.227,0.0,0.0,0.609,0.0,0.487,0.099,0.673,0.483,0.0,0.355,0.668,1.073,2.013,4.357,6.369,6.764,6.494,4.948,3.363,1.921,1.744,0.163,0.457,0.325,0.636,0.398,0.041,0.49,1.2,0.399,1.177,0.381,0.971,0.208,0.827,1.553,2.435,4.606,7.139,6.601,6.608,4.886,4.329,1.557,0.778,0.807,0.442,0.596,0.162,1.08,0.0,0.383,0.549,0.727,0.603,0.29,0.119,1.255,0.021,1.418,1.501,4.012,6.303,6.667,7.43,5.552,2.608,2.293,0.508,0.296,0.0,0.136,1.087,1.253,0.072,0.367,0.569,0.0,0.735,1.091,0.0,1.105,0.097,0.964,3.296,4.853,5.585,8.052,6.922,7.303,4.239,2.614,1.34,0.839,0.5,1.565,0.33,0.251,1.255,0.08,1.006,0.408,0.165,1.064,0.696,0.633,0.863,1.643,1.979,5.352,6.733,8.802,9.445,7.841,4.372,2.821,1.097,0.023,0.328,0.0,0.57,0.697,0.766,0.0,0.768,0.826,1.175,0.32,0.101,0.264,0.898,1.374,2.663,4.815,8.103,9.939,9.378,7.199,3.243,1.794,0.581,0.289,0.4,0.626,0.489,1.741,0.0,0.315,0.763,0.0,0.802,1.109,0.334,0.211,0.45,1.308,2.352,4.497,6.15,8.491,7.863,1320.7,night
D0607,0.05,0.0,0.458,0.359,2.415,5.428,7.802,8.574,7.321,3.253,0.833,1.045,0.499,0.353,0.0,0.667,0.71,0.0,1.675,0.0,0.07,0.155,0.0,0.0,0.097,0.209,0.106,1.408,2.397,5.4,7.868,9.252,6.969,4.055,1.059,1.175,0.498,0.391,0.994,0.243,0.206,0.965,0.195,0.279,0.0,0.0,0.824,0.481,0.0,0.117,0.046,1.052,2.462,4.71,7.541,8.195,7.532,3.589,1.782,0.166,0.249,0.0,0.658,0.717,0.733,0.008,0.416,0.0,0.426,0.718,0.193,0.301,0.0,0.007,0.099,0.567,2.685,4.661,8.008,9.315,7.019,4.875,1.837,0.5,0.0,0.909,0.166,0.013,0.0,0.0,0.265,0.135,0.456,1.365,0.398,1.155,0.207,0.26,0.0,1.393,1.751,5.083,6.505,8.19,6.591,3.429,1.073,0.696,0.725,0.0,0.571,0.832,0.789,0.359,0.212,0.635,0.273,0.91,1.394,0.0,0.32,0.131,0.0,0.577,0.95,2.614,4.011,4.104,3.517,1.109,0.66,0.816,0.564,0.091,0.36,0.0,0.86,0.589,0.223,0.34,0.38,0.445,0.043,0.472,1.037,0.549,0.037,0.203,1.005,2.675,3.411,2.774,2.3,1.035,0.901,0.0,0.65,0.914,0.542,0.0,0.0,0.031,0.0,0.0,0.0,0.189,0.0,0.006,917.8,morning
D0608,0.771,0.784,0.677,0.975,0.822,1.702,0.594,1.147,1.037,1.185,1.121,1.716,1.529,0.881,1.948,1.615,1.202,1.668,0.984,1.296,0.653,1.452,1.225,1.019,1.229,0.273,1.32,0.623,1.756,0.999,0.48,2.116,1.464,0.746,1.386,1.777,0.0,1.465,1.401,1.409,0.645,1.201,0.588,1.374,0.898,1.185,1.057,1.112,0.771,0.968,1.031,1.582,1.116,1.341,1.387,1.093,1.435,1.42,0.503,1.597,1.833,1.581,0.94,1.009,1.004,1.464,1.636,0.289,0.966,1.095,1.147,0.633,0.971,1.018,0.903,1.097,0.917,1.131,0.72,1.079,0.93,1.247,1.263,1.075,1.198,1.264,1.258,0.498,1.932,1.195,1.517,0.434,1.229,1.011,0.333,1.714,1.594,1.148,1.326,1.159,0.81,0.227,0.577,0.854,2.082,0.801,1.116,1.347,1.575,1.292,1.209,2.504,1.135,2.401,1.086,1.248,1.513,0.936,0.454,1.14,0.321,0.0,1.05,0.377,1.287,1.026,1.274,1.59,1.361,1.57,0.85,1.687,1.467,1.468,1.72,1.732,1.366,0.356,1.761,0.867,1.193,1.298,0.005,0.766,0.97,2.226,1.267,0.463,1.431,1.582,0.844,1.022,1.275,1.329,1.129,0.705,0.482,0.819,1.012,1.188,1.546,0.8,0.739,1.311,0.686,0.695,0.892,0.815,628.8,allday_low
D0609,0.154,1.342,0.034,0.424,0.138,1.578,4.991,7.34,8.657,6.772,3.496,2.328,0.894,0.047,0.0,0.602,0.809,0.0,0.332,0.462,0.403,0.296,0.0,0.386,0.708,0.0,0.437,0.609,0.221,1.516,3.778,7.201,8.138,6.385,4.321,2.245,0.577,0.0,0.0,0.125,0.436,0.002,0.456,0.0,0.876,0.0,0.248,0.086,0.427,0.0,0.413,0.167,0.809,1.531,4.665,7.17,8.473,7.005,3.996,2.048,0.736,0.288,0.688,1.293,0.049,0.459,0.0,0.584,0.937,0.0,0.502,0.0,0.09,0.312,0.635,0.0,0.17,1.456,4.241,6.515,9.714,6.827,3.725,1.17,0.939,0.17,0.611,0.507,1.205,0.0,0.325,0.238,0.0,0.553,0.216,0.68,0.407,0.301,0.934,0.063,1.049,1.856,4.683,6.714,9.212,6.582,4.109,1.404,1.052,0.152,1.54,0.422,0.296,0.0,0.0,0.483,0.0,0.661,0.0,0.0,0.192,0.786,0.124,0.262,0.0,0.798,1.683,3.967,2.962,3.542,1.532,0.704,0.228,0.0,0.0,0.0,1.275,0.089,0.0,0.477,0.548,0.171,0.0,0.58,0.0,0.0,0.0,0.0,0.614,0.473,2.758,2.987,3.514,2.969,1.387,1.087,0.0,0.0,0.537,0.753,1.075,0.0,0.387,0.0,0.851,0.067,0.46,0.431,870.2,morning
D0610,0.68,0.043,0.0,0.472,1.218,2.821,5.242,6.656,5.084,2.744,1.68,0.753,0.168,0.023,0.628,0.0,0.0,0.0,0.0,1.161,0.0,0.728,0.398,0.439,1.017,0.478,0.287,1.189,0.312,3.586,5.35,6.495,5.428,3.428,1.201,0.137,0.356,0.594,0.213,0.486,0.593,0.567,0.526,0.548,0.399,0.0,0.0,0.147,0.639,0.056,0.752,1.165,2.267,3.295,5.008,6.708,5.912,2.593,1.962,0.342,0.413,0.0,0.75,0.0,0.241,0.044,0.622,0.078,0.829,0.138,0.542,0.584,0.443,0.517,0.0,0.262,1.054,3.309,5.837,6.658,5.401,3.279,1.561,0.532,0.023,0.0,0.0,0.0,0.345,0.0,0.553,0.0,0.0,0.189,0.345,0.304,0.695,0.928,0.502,0.55,1.456,2.814,5.581,6.187,5.175,3.328,1.052,1.233,0.0,0.0,0.749,0.989,1.151,0.014,0.218,0.4,0.458,0.739,0.459,1.423,0.628,0.671,0.0,0.647,1.098,1.785,1.634,2.606,2.164,1.406,0.519,1.665,0.0,0.162,0.423,0.189,1.011,0.373,0.027,0.011,0.577,0.741,0.414,0.0,0.0,0.412,0.881,0.586,0.387,1.157,1.248,3.154,1.718,1.842,0.647,1.19,0.634,0.302,0.145,0.0,0.169,0.082,0.0,0.711,0.008,0.0,0.0,0.0,723.5,morning
D0611,5.416,4.253,2.768,1.094,0.02,0.166,0.825,0.0,0.65,1.411,0.783,0.518,0.962,0.546,0.183,0.45,0.0,0.0,0.541,0.803,1.871,3.315,5.229,5.693,5.359,3.481,1.87,1.022,0.0,0.014,0.917,0.657,0.355,0.0,0.0,0.234,0.524,0.068,0.602,0.278,0.752,0.602,0.996,1.122,1.955,4.171,5.422,6.099,5.558,4.304,2.375,1.589,0.0,0.642,1.001,0.828,0.0,0.053,1.131,1.434,0.57,1.94,0.258,0.916,0.0,0.634,0.05,1.407,1.92,3.366,6.027,6.276,5.291,3.696,1.624,0.892,0.326,0.614,0.473,0.0,0.0,1.181,0.763,0.787,0.353,0.0,0.541,0.095,1.607,0.092,1.267,1.057,2.311,4.648,5.153,6.912,6.623,5.135,3.227,1.782,0.208,0.314,0.537,0.002,0.622,0.919,0.222,0.859,0.449,0.567,0.753,0.984,0.019,0.946,1.168,1.502,2.333,5.079,7.035,7.598,7.476,4.742,3.203,1.513,1.155,0.0,0.0,0.0,0.498,1.37,0.631,1.132,0.821,0.0,0.513,0.184,0.077,0.573,0.971,0.706,2.54,4.787,7.072,8.351,5.619,4.417,3.345,1.251,0.824,0.349,0.066,0.151,0.731,0.0,0.085,0.113,0.598,0.246,0.226,0.242,0.496,1.042,1.295,0.712,2.485,4.571,6.783,6.178,1038.1,night
D0612,0.041,0.073,0.445,0.184,0.702,0.905,3.376,5.405,5.858,6.168,2.936,1.364,0.606,0.116,0.598,1.184,0.0,0.015,0.358,0.206,0.0,0.833,0.341,0.618,0.529,0.145,0.0,0.35,0.0,1.657,3.364,5.374,6.579,6.362,4.178,1.891,1.234,0.952,0.975,0.867,0.0,0.494,0.341,0.644,0.0,0.0,1.101,0.569,0.422,0.033,0.0,0.0,0.172,1.488,2.978,4.79,7.077,4.622,2.35,1.965,1.415,0.0,0.063,1.082,0.0,0.7,0.124,0.715,0.823,0.444,0.0,0.0,0.051,0.0,0.615,0.0,1.161,0.816,2.719,4.921,7.421,6.126,4.089,1.382,0.963,0.688,0.312,0.381,0.412,0.391,0.637,0.0,0.0,0.0,0.0,0.386,0.301,0.0,0.0,0.013,0.618,1.67,2.369,4.883,6.194,5.103,3.802,1.705,1.773,0.0,0.196,0.29,0.0,0.782,0.089,0.0,0.657,0.0,0.378,0.0,0.0,0.117,0.394,0.144,0.0,0.701,0.867,2.816,4.28,2.681,1.863,0.182,0.255,0.457,0.31,0.0,0.0,0.0,0.0,0.0,0.643,0.53,0.0,1.044,0.479,0.0,0.009,0.055,0.0,0.0,0.856,2.494,1.928,2.284,1.282,0.416,0.096,0.452,0.0,0.0,0.318,0.0,0.439,0.679,0.0,0.624,0.0,0.0,733.0,morning
D0613,3.103,1.984,1.529,1.922,0.633,0.392,0.025,0.48,0.21,0.0,0.401,0.0,0.041,0.12,0.079,0.928,0.646,0.0,0.0,0.527,1.441,1.704,1.688,3.006,3.523,3.241,1.133,0.371,0.234,0.0,0.389,0.096,0.662,1.365,0.078,0.0,0.0,0.0,0.516,0.462,0.468,0.176,0.126,0.851,1.298,3.041,2.782,3.002,2.978,2.777,1.505,0.948,0.44,0.0,0.62,0.0,0.35,0.401,0.024,0.614,1.101,0.102,0.04,0.193,0.457,0.0,0.032,0.393,0.48,1.637,2.525,2.569,3.543,2.002,1.641,0.501,0.408,0.902,0.0,0.0,0.328,0.068,1.518,0.0,0.211,1.373,0.345,0.342,0.0,0.066,0.312,0.0,1.251,1.421,2.972,2.197,4.347,3.38,1.403,1.405,0.456,0.0,0.0,0.196,0.313,0.554,0.192,0.556,0.345,0.257,0.0,0.0,0.297,0.532,0.883,0.786,1.334,2.662,2.824,4.128,5.082,3.445,2.1,1.321,0.662,0.0,0.941,0.731,0.367,0.621,0.038,0.0,0.094,0.198,0.289,0.0,0.0,0.0,0.0,1.124,0.196,3.13,2.584,3.686,4.365,2.619,1.971,0.0,1.401,0.716,0.0,0.563,0.814,1.686,0.635,0.158,0.133,0.0,0.759,0.464,0.51,0.409,0.0,0.039,0.0,2.857,2.24,3.19,571.7,night
D0614,0.079,0.0,0.0,0.119,0.128,0.777,0.91,3.13,6.069,6.103,5.124,2.913,1.067,0.351,0.377,0.0,1.12,0.0,0.708,0.607,0.0,0.0,0.436,1.254,0.625,0.87,0.164,1.006,0.888,0.0,1.444,3.374,5.455,6.778,5.881,2.732,0.846,0.608,0.487,0.43,0.0,0.849,0.0,0.0,0.624,0.855,0.058,0.0,0.0,0.0,0.01,0.0,0.0,0.502,1.694,4.004,5.914,6.673,5.05,2.404,1.105,0.715,0.52,0.0,0.219,0.63,0.42,0.0,0.0,0.0,0.87,1.309,0.609,0.0,0.135,0.0,0.202,0.794,1.855,3.239,6.089,5.476,5.827,2.194,1.191,0.713,0.407,0.511,0.864,0.0,0.378,0.0,0.788,0.209,0.218,0.175,0.414,0.22,0.22,0.094,0.209,0.662,2.021,3.642,5.428,6.167,5.63,1.98,0.497,0.12,0.58,0.0,0.0,0.691,0.0,0.573,0.818,0.59,0.359,0.582,1.304,0.141,0.143,1.087,0.0,0.181,1.568,2.082,2.113,3.06,2.658,1.232,0.472,0.0,0.432,1.07,0.308,0.558,0.0,0.0,0.0,0.261,0.179,0.0,0.0,0.132,0.266,0.146,0.536,0.0,1.487,0.561,2.866,3.281,1.632,1.99,0.403,0.119,0.532,0.173,0.0,0.0,0.206,0.0,0.357,0.0,0.0,0.0,620.3,morning
D0615,8.226,5.72,3.49,1.52,1.285,0.029,0.095,0.0,0.415,0.552,0.0,0.034,0.72,0.353,0.039,0.186,0.787,0.779,0.626,0.727,1.813,3.532,6.141,8.18,7.192,5.253,3.076,1.626,1.41,0.179,0.22,0.0,0.88,0.443,0.0,0.0,0.642,0.946,0.179,0.762,0.64,1.361,0.239,2.011,2.734,3.927,6.843,7.551,7.645,5.978,3.214,2.646,0.934,0.615,0.855,0.8,0.865,0.783,1.432,0.574,0.552,1.066,0.467,0.0,0.251,0.295,1.45,0.859,1.848,4.727,7.467,7.256,8.908,5.601,2.867,1.257,1.02,0.434,0.477,0.246,0.0,0.79,0.244,0.995,0.793,0.326,0.25,0.0,0.872,0.624,0.937,0.857,2.519,4.016,6.44,8.928,9.476,7.231,3.796,1.892,0.684,0.618,0.338,0.439,0.828,1.234,0.797,0.117,0.0,0.133,0.657,1.044,1.034,1.59,0.826,1.296,3.018,4.719,8.353,9.927,9.511,8.193,4.324,2.211,0.552,0.858,1.529,0.713,1.108,0.318,0.912,0.275,0.139,0.808,1.248,0.226,0.77,0.0,0.425,2.776,2.964,5.498,9.006,10.0,8.656,6.628,3.729,2.68,0.329,0.49,1.139,0.939,0.305,0.209,0.618,0.0,0.521,0.639,0.169,0.511,0.526,0.0,0.731,0.702,2.351,4.584,7.952,9.161,1352.5,night
D0616,0.406,0.335,0.833,0.852,1.756,3.049,5.977,6.764,7.038,3.4,1.614,0.965,1.428,0.778,0.0,0.769,0.0,0.052,0.0,0.098,0.636,0.782,0.851,0.06,0.0,0.511,0.431,0.0,1.181,2.713,4.672,7.053,5.669,3.258,1.582,0.0,0.0,0.401,0.533,0.895,0.38,0.546,0.328,0.68,0.0,0.0,0.238,0.281,0.0,0.0,0.0,0.214,1.491,2.241,6.665,6.583,5.223,2.926,1.479,0.188,0.255,0.107,0.328,0.229,0.466,1.026,0.102,0.0,0.696,0.457,0.231,0.365,0.034,0.892,0.75,0.661,1.193,2.38,5.982,7.021,6.398,2.897,1.475,0.509,0.0,0.0,0.406,1.454,0.865,0.0,0.372,0.0,0.579,0.338,0.001,0.66,0.3,0.39,0.312,0.524,1.319,3.612,5.754,7.164,4.746,3.557,0.999,0.67,0.86,0.0,0.379,0.024,0.724,0.37,0.131,0.162,0.402,1.051,0.392,0.499,0.565,0.054,0.0,0.297,1.016,1.396,2.067,3.447,3.481,1.62,0.335,0.753,0.573,0.398,0.239,0.213,0.829,0.459,0.105,0.316,0.057,0.04,0.028,0.45,0.027,0.101,0.234,0.574,1.107,0.993,2.501,3.062,2.466,0.645,0.61,0.339,0.725,0.669,0.409,1.199,0.367,0.0,0.546,0.059,0.311,0.0,0.0,0.0,721.5,morning
D0617,0.983,0.231,0.155,0.518,1.675,4.36,8.362,9.994,8.216,5.672,1.971,0.633,1.245,1.271,0.832,0.527,0.105,0.898,0.189,0.0,0.233,0.0,0.06,1.053,1.081,0.117,0.192,0.438,2.824,5.478,8.099,10.0,8.801,5.295,2.501,0.793,0.37,1.178,0.43,0.605,1.271,0.665,0.469,0.251,0.107,0.554,0.15,0.299,0.0,0.637,0.139,1.718,1.687,4.632,8.376,10.0,7.891,5.146,2.45,0.762,0.41,0.297,0.069,0.158,1.121,0.646,0.813,0.203,0.866,0.961,0.27,1.596,0.021,0.0,0.142,0.632,2.382,4.484,7.52,10.0,8.551,5.29,1.1,0.749,0.487,0.461,0.753,0.006,0.365,0.464,0.299,0.61,0.004,0.641,0.314,0.772,0.923,0.802,0.0,0.495,2.039,4.387,7.692,10.0,7.767,4.117,1.673,1.002,1.134,1.243,0.288,0.0,0.413,0.472,0.0,0.0,0.0,0.952,0.287,0.157,0.417,0.678,0.0,0.431,1.015,2.541,3.772,3.972,3.896,2.453,0.939,0.097,0.0,0.698,0.515,0.206,0.0,0.5,0.0,0.0,0.597,0.0,0.081,0.537,0.237,0.486,0.679,0.0,0.813,1.884,3.31,4.414,3.76,2.491,0.438,0.493,0.0,0.36,0.899,0.845,0.0,0.0,0.36,0.0,0.732,0.507,0.394,0.0,1039.8,morning
D0618,0.445,1.746,0.542,0.404,1.321,1.602,0.856,0.819,1.459,2.235,2.23,1.935,1.709,1.508,1.503,1.467,1.652,1.311,1.331,1.104,1.234,1.204,1.298,1.386,2.425,1.634,1.57,1.67,1.33,0.424,1.427,1.104,1.069,0.709,0.827,1.433,1.701,1.619,1.426,1.833,1.894,1.763,1.719,1.733,0.505,1.416,0.932,1.968,1.615,1.208,0.969,0.105,0.587,0.927,1.357,1.073,1.977,1.12,2.498,0.965,1.894,1.557,1.477,1.577,1.212,1.641,1.115,1.482,1.491,1.312,0.957,1.766,0.322,1.288,1.829,1.572,0.606,0.82,1.142,0.73,0.997,0.72,1.759,2.005,1.264,1.45,1.182,1.859,1.248,1.092,1.781,1.92,1.365,0.492,1.69,0.418,0.538,0.9,1.181,0.877,1.689,1.253,1.208,0.644,1.913,1.317,0.997,1.229,2.193,1.719,1.522,1.359,1.794,0.883,1.522,1.164,0.679,1.09,0.529,0.874,0.004,0.671,0.403,0.935,0.909,1.141,1.607,1.673,1.011,1.244,0.854,1.285,2.026,1.03,2.337,0.551,1.49,0.984,0.268,1.665,1.216,1.313,0.725,1.378,0.792,1.399,0.729,1.398,1.176,1.711,1.254,1.631,1.332,1.651,1.353,1.408,2.001,1.486,0.755,1.622,2.022,1.4,1.302,1.019,0.921,0.74,0.974,0.408,690.5,allday_low
D0619,0.873,2.549,1.927,1.648,2.286,1.435,1.689,1.025,1.865,2.162,1.855,1.949,1.586,2.833,1.347,2.917,1.755,1.293,1.879,1.81,1.863,1.44,2.376,1.914,1.611,1.411,2.674,1.41,1.531,1.44,2.206,1.777,1.409,2.123,2.273,1.762,2.363,3.116,2.864,2.68,2.181,2.099,2.492,1.105,1.743,1.411,1.389,1.786,1.827,1.18,0.771,2.035,1.705,1.527,1.237,1.889,1.443,1.661,2.373,2.307,2.314,2.609,1.663,2.558,2.517,2.585,2.147,1.932,2.084,2.247,1.693,2.03,0.122,0.771,1.98,1.702,1.774,1.419,0.902,2.281,2.14,2.462,1.047,2.52,2.541,2.406,2.201,1.86,2.365,1.856,2.299,1.692,1.702,1.357,1.663,1.636,2.143,1.604,0.262,2.671,1.315,0.874,2.163,2.129,1.669,1.348,2.095,1.871,2.131,2.18,1.302,1.894,1.903,2.011,1.988,1.157,1.536,1.619,1.564,2.089,1.738,2.64,0.889,1.805,1.572,1.314,1.665,2.097,1.503,2.17,1.914,1.881,2.964,1.53,2.261,2.435,2.106,1.722,1.891,1.094,1.243,1.953,1.255,0.97,1.592,1.173,1.598,2.241,1.368,1.266,1.04,1.21,1.45,1.038,2.216,1.708,2.148,2.122,2.167,1.83,2.293,2.285,1.89,1.167,2.203,1.315,1.955,1.664,1041.5,allday_low
D0620,0.043,0.898,0.0,0.406,1.131,1.791,3.452,6.355,6.491,4.948,1.801,1.564,0.764,0.613,0.0,0.0,0.5,0.365,1.148,0.564,0.0,0.0,0.407,0.586,0.787,0.453,0.008,0.163,0.144,2.296,3.859,4.696,6.978,5.082,2.485,1.232,0.583,0.623,0.469,0.424,0.102,0.708,0.0,0.402,0.0,0.171,0.533,0.119,0.18,0.65,0.0,0.695,0.598,2.361,3.473,6.337,6.916,4.279,2.857,1.401,0.241,0.91,0.0,0.0,0.005,0.0,0.424,0.614,0.0,0.041,0.126,0.467,0.0,0.0,0.278,0.468,1.067,2.854,3.548,5.742,6.919,5.172,3.184,0.939,0.099,0.66,0.314,0.757,0.301,0.345,0.0,0.0,0.654,1.231,0.94,1.063,0.19,0.475,0.429,0.114,0.674,1.776,3.261,5.982,6.605,4.475,2.202,1.044,0.535,0.02,0.902,1.51,1.843,0.085,0.048,0.0,0.669,0.0,0.534,0.527,0.655,0.536,0.297,0.025,0.707,1.475,1.834,2.885,2.41,1.973,0.924,0.281,0.979,0.0,0.234,0.098,0.407,0.0,0.0,0.607,0.284,0.569,0.633,0.0,0.239,0.0,0.0,0.0,0.0,1.044,1.435,2.735,2.973,1.511,0.615,0.646,0.0,0.0,0.611,0.044,0.0,0.0,0.657,0.408,0.0,0.212,0.525,0.0,716.3,morning
D0621,1.112,0.0,1.011,2.571,0.203,0.0,0.0,0.363,0.0,0.0,0.0,0.0,0.091,0.214,0.471,0.258,0.172,0.0,0.571,0.0,2.695,0.0,0.549,0.702,0.0,0.939,0.664,6.771,0.826,0.23,0.0,0.419,0.0,0.68,0.336,0.0,0.123,0.826,0.413,0.208,0.06,0.302,0.595,0.459,5.35,0.459,0.0,0.252,0.0,0.021,0.0,2.14,0.008,0.588,0.0,0.0,0.87,0.0,0.741,0.0,0.65,0.554,0.549,0.432,0.643,0.117,0.079,0.511,3.414,1.5,0.259,0.0,0.17,0.0,0.202,4.984,0.351,0.395,0.363,0.0,0.0,0.0,0.512,0.0,0.794,0.501,0.32,0.0,0.196,0.0,0.607,0.225,5.665,0.889,0.33,0.592,0.961,0.0,0.1,4.836,0.578,0.328,0.297,0.0,0.0,0.504,0.204,0.042,0.104,0.626,0.429,0.0,1.094,0.221,0.0,0.0,5.086,0.648,0.807,0.592,0.393,0.0,0.641,4.714,0.568,0.321,0.141,0.173,0.348,0.151,0.0,1.1,0.0,0.0,0.0,0.0,1.512,0.12,0.624,0.259,3.548,0.661,0.0,0.407,0.0,0.241,0.087,2.183,0.138,0.0,0.0,0.488,0.662,0.284,0.0,0.0,0.251,0.0,0.415,0.56,0.0,0.692,0.0,0.069,2.255,0.678,0.051,0.756,338.5,intermittent
D0622,5.667,5.709,6.363,4.746,3.103,1.138,0.772,0.834,0.326,0.154,0.474,1.104,0.151,0.298,0.0,0.452,0.858,0.0,0.283,0.908,0.415,0.874,2.028,4.328,5.912,7.257,5.975,4.519,2.605,1.551,0.008,0.495,0.614,0.0,0.148,0.386,0.617,0.994,1.411,0.473,0.688,0.313,0.75,0.405,1.538,1.828,2.372,3.888,5.944,6.569,6.268,3.963,3.294,1.108,1.021,0.0,0.051,1.212,0.584,1.15,0.387,0.26,0.846,0.478,0.344,1.191,1.178,1.112,0.456,0.0,1.999,3.961,5.807,6.91,6.873,4.182,2.344,1.263,0.74,1.359,0.238,1.053,0.415,0.66,0.847,1.507,0.072,0.618,0.774,0.0,0.0,0.0,0.0,0.911,2.744,4.003,7.365,8.449,8.28,6.03,3.532,2.422,0.803,0.879,0.339,0.0,0.739,0.513,0.41,0.628,0.588,0.435,0.0,0.152,0.455,0.683,0.919,1.03,2.783,3.741,7.956,9.417,8.799,5.457,3.037,2.269,1.49,0.501,0.614,0.787,0.0,0.781,0.968,0.421,1.305,0.379,0.0,0.481,0.0,0.808,1.33,1.027,3.403,5.661,6.167,7.419,6.915,5.038,2.764,1.205,0.246,0.104,0.187,0.816,0.0,0.388,1.076,0.0,0.58,0.258,0.444,0.4,1.003,0.304,0.578,1.112,2.752,4.333,1143.5,night
D0623,4.287,3.852,3.235,0.87,1.055,0.246,0.399,0.0,1.186,0.405,0.771,0.0,0.03,1.85,0.322,0.487,0.286,0.286,1.987,2.05,0.697,1.378,3.218,3.584,3.991,4.115,3.204,3.339,0.632,0.571,0.194,0.351,0.596,0.0,0.483,0.0,0.125,2.123,0.155,0.257,0.8,1.294,2.35,2.052,0.489,1.291,2.335,3.687,4.535,4.016,2.855,1.964,1.155,0.614,0.619,1.635,0.576,0.799,0.682,0.187,0.74,1.373,0.0,0.816,1.275,0.138,2.074,1.338,1.701,1.508,2.921,3.884,4.747,3.642,2.734,1.849,1.136,1.005,0.406,1.397,0.568,0.629,0.003,0.809,0.57,1.661,0.0,0.0,0.363,0.653,1.489,1.246,1.87,1.644,2.929,4.36,5.343,5.242,3.503,2.501,1.071,0.589,0.308,0.578,1.003,0.027,0.402,0.74,0.564,1.954,0.0,0.106,0.348,0.633,1.295,1.445,1.018,1.916,4.141,5.254,5.969,5.604,3.356,2.063,0.963,1.169,1.088,0.111,0.948,0.499,0.294,0.16,0.282,0.821,0.0,0.294,0.41,0.0,0.761,0.966,0.503,2.679,3.711,4.539,5.324,4.241,2.687,1.9,1.803,0.553,0.119,0.665,0.0,1.033,0.302,0.64,0.0,1.297,0.0,0.204,0.436,0.145,1.168,2.177,0.0,2.137,2.998,4.123,862.5,night
D0624,1.444,1.815,0.764,2.128,1.821,1.11,2.32,2.041,2.045,1.649,1.571,1.813,3.496,2.099,2.584,2.61,3.034,2.396,1.55,1.853,1.608,2.078,2.179,2.132,2.107,2.69,2.132,1.041,1.424,2.546,1.623,2.0,1.705,1.442,2.257,2.719,2.143,1.284,2.207,2.163,2.231,1.924,1.409,1.67,1.52,2.241,1.833,2.102,1.571,1.441,1.511,1.329,1.984,0.943,1.68,1.708,1.827,2.218,1.32,2.357,2.31,2.467,2.503,2.166,2.301,2.792,1.32,2.684,2.949,2.274,1.722,1.772,2.192,2.052,1.845,1.24,2.392,2.064,2.027,2.363,1.91,2.207,1.879,2.091,2.51,2.316,2.367,2.181,1.419,2.763,1.744,2.434,1.965,2.085,1.727,1.6,1.292,2.287,2.017,1.912,2.074,1.965,1.311,2.157,1.771,2.27,1.827,1.25,2.035,2.062,2.922,2.617,3.585,2.226,2.067,1.974,1.966,1.943,1.532,1.685,1.301,1.546,2.292,2.077,2.955,1.677,2.246,1.597,2.025,1.75,2.91,1.956,1.761,2.2,1.871,3.009,2.197,2.926,2.036,1.967,1.912,1.846,1.968,1.848,1.25,1.581,1.418,1.341,0.88,1.016,1.511,1.584,2.428,1.597,1.251,1.414,1.99,2.424,2.519,1.987,2.918,1.748,1.375,1.658,1.253,1.528,1.536,2.331,1126.4,allday_low
D0625,0.43,0.0,0.0,0.027,0.49,0.334,0.0,0.471,0.451,0.671,2.323,0.502,0.301,0.0,0.558,0.21,0.466,0.0,2.887,0.0,3.677,0.061,3.007,0.087,0.422,0.262,0.005,0.474,0.244,0.054,0.071,0.624,0.405,0.0,5.731,0.941,0.0,0.312,0.0,0.073,0.165,0.522,6.479,0.938,6.704,0.385,6.115,0.309,0.686,0.349,0.0,1.111,0.669,0.049,0.247,0.275,0.0,0.0,3.435,0.823,0.0,0.106,0.613,0.498,0.833,0.529,4.142,0.349,4.841,0.0,4.379,0.002,0.011,0.277,0.178,0.0,0.104,0.152,0.423,0.182,0.362,0.338,2.067,0.336,0.0,1.042,1.151,0.264,0.0,0.396,2.112,0.789,3.112,0.0,2.197,0.0,0.454,0.0,0.071,0.233,0.012,0.0,0.27,0.261,0.19,1.022,6.787,0.172,0.632,0.04,0.0,0.424,0.0,0.741,6.91,0.11,6.937,0.245,6.832,0.0,0.133,0.231,0.449,0.0,0.187,0.03,0.024,0.066,0.352,0.079,5.157,0.68,0.253,0.627,0.0,0.968,0.373,0.176,6.533,0.956,6.213,0.0,6.36,0.0,0.0,1.102,0.0,0.0,0.492,0.514,0.796,0.0,0.03,0.473,2.284,0.791,0.0,0.036,0.019,0.698,0.348,0.007,2.526,0.23,3.243,0.283,2.924,0.309,565.1,intermittent
D0626,3.664,2.621,1.146,2.252,0.355,0.0,0.238,0.421,0.007,0.53,0.0,0.763,0.0,0.0,0.718,0.636,0.065,0.0,1.481,1.058,1.175,1.731,1.716,2.405,3.057,3.523,1.651,2.838,0.0,0.609,0.56,0.0,0.0,0.9,0.0,0.789,0.0,0.717,0.173,1.531,0.571,0.919,1.972,1.647,0.722,0.782,2.434,3.123,4.028,3.339,1.859,2.752,1.346,0.017,0.394,0.0,0.589,0.032,0.0,0.801,0.225,0.888,0.821,1.635,0.0,0.464,1.58,2.71,1.128,2.264,2.646,3.894,3.828,2.743,2.439,1.752,1.246,1.069,0.55,0.047,0.0,0.658,0.551,0.0,0.088,0.0,0.239,1.172,0.287,0.0,2.28,0.859,1.331,2.174,2.076,3.225,4.285,2.673,2.193,2.305,0.589,0.14,0.425,0.14,0.461,0.0,0.0,0.179,0.0,0.736,0.0,2.186,0.571,0.394,2.563,0.834,1.034,1.991,3.005,4.142,4.339,3.002,2.609,2.994,0.832,0.459,0.783,1.134,0.0,0.825,0.63,0.488,0.761,1.116,0.06,3.404,0.0,0.203,2.529,1.93,1.099,2.355,3.45,5.104,4.333,2.806,2.148,3.21,0.0,0.474,0.131,0.265,1.135,0.669,0.49,0.0,0.814,0.0,0.225,1.853,0.409,0.13,1.64,2.676,0.403,2.191,2.683,3.194,748.5,night
D0627,7.455,5.138,3.113,0.987,1.069,0.41,0.0,0.011,0.162,0.056,1.593,0.891,0.0,0.721,0.364,0.529,0.285,0.783,1.255,1.193,1.817,4.123,6.601,8.011,7.199,4.947,3.965,1.733,1.111,1.468,0.736,0.758,0.379,0.77,0.0,0.0,0.539,0.0,1.21,0.918,1.195,0.329,0.794,1.098,2.1,3.648,6.108,7.242,7.543,5.339,4.025,1.437,0.811,0.747,0.447,0.188,0.798,0.297,0.939,0.407,0.721,0.643,0.0,1.281,0.0,0.97,0.471,1.119,1.96,4.539,5.901,7.094,8.337,6.526,3.594,1.375,0.773,0.423,0.943,1.2,0.731,0.391,0.0,0.721,0.792,0.0,0.397,0.799,0.323,0.542,1.104,1.22,1.34,4.85,6.792,7.316,9.77,6.762,4.806,1.704,1.452,0.851,0.157,0.602,1.27,1.444,0.439,1.034,0.0,1.174,1.033,1.329,0.351,0.398,1.362,1.605,2.876,5.613,8.286,9.735,10.0,7.679,4.6,1.772,1.055,0.905,0.0,0.013,0.0,0.566,0.56,0.0,0.149,1.127,0.855,0.843,0.013,0.871,0.67,0.845,2.418,5.929,7.542,10.0,7.273,6.691,3.958,2.351,1.325,1.108,0.493,0.659,0.644,0.746,0.569,0.985,0.0,0.795,0.285,0.526,1.52,1.136,0.0,1.073,2.166,4.853,7.473,7.99,1288.3,night
D0628,1.687,1.961,1.816,1.371,2.332,0.673,0.746,1.555,1.974,1.414,3.047,2.087,1.991,2.547,1.411,2.742,1.526,1.442,2.013,1.646,2.17,1.584,2.111,1.952,1.797,1.616,1.409,1.517,1.653,2.038,1.785,1.479,2.162,1.679,2.612,2.256,2.691,2.088,2.401,2.079,1.798,2.334,1.698,1.626,1.055,2.368,1.544,1.484,1.379,1.432,1.274,1.103,1.908,1.384,2.156,1.81,0.893,2.165,1.962,2.055,2.373,1.725,2.68,1.926,2.812,1.48,1.491,1.976,1.992,1.729,1.779,2.086,1.508,1.123,2.215,2.13,2.09,1.118,1.324,1.997,2.632,2.559,1.882,1.646,1.583,1.965,3.347,1.63,2.068,1.66,2.083,1.068,1.299,1.32,1.164,1.277,1.633,2.23,1.481,1.247,1.849,2.116,1.171,1.39,1.494,1.754,1.859,2.075,1.9,2.343,1.961,1.376,2.307,1.623,1.745,2.233,1.994,1.514,2.228,2.153,0.871,0.14,1.41,1.359,1.849,2.133,2.239,2.492,1.156,2.36,1.011,0.638,1.278,1.924,2.077,1.697,1.812,1.887,1.748,1.204,1.7,2.253,1.455,0.893,2.253,1.481,1.314,2.166,1.101,1.637,0.756,1.255,0.982,1.624,1.994,1.732,2.104,1.883,1.438,2.312,2.15,2.117,1.48,0.981,1.658,2.008,1.339,1.201,1043.9,allday_low
D0629,0.247,0.362,0.409,0.0,0.351,0.139,0.042,0.348,0.0,0.771,0.995,0.258,0.533,0.025,0.0,3.392,2.645,0.0,0.177,0.133,0.164,0.679,0.631,0.624,0.274,0.0,0.047,0.0,0.248,0.696,0.347,0.127,0.51,0.16,0.115,0.508,0.398,0.0,0.0,3.509,3.195,0.0,0.0,0.142,0.21,0.0,0.0,0.0,0.193,0.51,0.239,0.0,0.0,0.0,0.0,0.0,0.0,1.206,0.0,0.0,0.63,0.229,0.558,2.723,3.293,0.249,0.608,0.592,0.009,0.266,0.702,0.401,0.691,1.325,0.014,0.09,0.0,0.0,0.0,0.39,0.128,0.0,0.149,0.0,0.101,0.0,0.852,5.414,5.121,0.121,0.0,0.737,0.0,0.279,0.961,0.0,0.0,0.152,0.124,0.15,0.0,0.325,0.588,0.0,0.307,0.0,1.158,0.685,1.073,0.61,0.0,4.123,4.652,0.069,0.517,0.126,0.576,1.097,0.0,0.0,0.053,0.151,0.0,0.349,0.025,0.0,0.297,0.532,0.273,1.033,0.025,0.0,0.297,0.0,1.067,3.411,3.194,0.0,0.0,0.161,0.216,0.481,0.655,0.909,0.506,0.105,0.149,0.496,0.0,0.091,0.901,0.467,0.647,0.302,0.615,0.402,1.011,0.0,0.0,1.414,2.132,0.581,0.733,0.187,0.787,0.305,0.0,0.575,311.7,intermittent
D0630,0.958,0.562,0.078,0.152,1.746,3.813,6.664,9.064,7.943,4.642,1.722,0.849,0.301,0.225,0.328,0.369,0.125,0.65,0.219,0.512,0.0,0.143,0.607,0.0,0.941,0.629,0.428,0.872,0.983,3.851,6.048,9.241,7.465,5.242,1.762,0.89,0.497,0.401,0.629,0.0,0.0,0.045,0.844,0.191,0.08,1.179,0.0,0.78,0.0,0.0,0.797,0.929,1.151,2.761,6.748,8.749,8.744,4.318,2.09,0.82,0.427,0.095,0.137,0.288,0.502,0.766,0.503,0.116,0.864,0.501,0.491,0.002,0.896,0.403,0.803,0.462,1.186,3.002,6.856,8.374,7.427,5.27,2.422,0.475,0.0,0.0,1.318,0.418,0.039,0.714,0.048,0.0,0.469,0.406,0.0,0.217,0.0,0.494,0.317,1.074,0.895,3.641,6.188,8.704,6.491,5.177,2.491,0.9,1.153,0.135,0.977,0.662,0.259,1.065,0.504,0.217,0.723,0.179,0.0,0.51,0.3,0.203,0.169,0.061,0.324,2.129,3.139,4.011,2.915,2.549,0.685,0.162,0.468,0.0,0.163,0.216,0.256,0.231,0.306,0.587,0.288,0.853,0.058,0.172,1.167,0.0,0.0,0.108,1.351,1.718,3.113,3.415,2.774,1.519,0.745,0.816,0.119,0.331,0.0,0.0,0.0,0.257,0.909,0.6,0.0,0.0,0.338,0.215,882.0,morning
D0631,0.232,0.0,0.98,0.751,2.034,3.929,6.779,9.148,7.421,3.685,1.447,0.625,0.0,0.0,0.924,0.713,0.702,0.041,0.0,0.204,0.781,0.259,0.68,1.077,0.194,0.0,1.2,0.846,1.081,3.216,6.902,8.029,6.59,3.752,2.223,1.012,1.156,0.0,0.382,0.0,0.0,0.263,0.501,0.8,1.133,0.0,0.45,0.107,0.0,0.874,0.84,0.777,1.727,3.389,6.584,8.198,6.96,4.614,1.629,1.221,0.986,0.609,0.403,0.233,0.153,0.494,0.0,0.0,0.0,0.159,0.0,0.0,0.01,0.294,0.248,0.719,1.943,3.684,5.933,8.578,7.016,4.386,2.062,0.853,1.22,0.282,0.778,0.346,0.376,0.196,0.0,0.604,0.655,0.0,0.317,0.382,0.312,0.524,0.185,0.667,2.2,2.636,6.339,7.565,6.486,4.648,1.831,0.628,0.451,0.0,0.887,0.564,0.025,0.102,0.344,0.716,0.0,0.0,0.57,0.066,0.0,0.298,0.0,0.657,0.37,2.476,3.728,4.287,2.834,1.45,0.745,0.719,0.553,0.077,0.0,0.217,0.0,0.273,0.143,0.0,0.952,0.189,0.469,0.628,0.0,0.255,0.0,0.195,0.272,1.382,2.504,2.893,3.243,1.937,0.707,1.45,0.0,0.0,0.793,0.544,0.65,0.786,0.762,0.0,0.073,0.456,0.0,0.0,896.3,morning
D0632,2.57,2.021,3.556,1.074,0.735,0.97,0.671,0.292,0.428,0.412,0.616,0.0,0.043,2.729,0.704,0.736,1.254,0.912,0.58,0.216,1.305,1.83,3.485,5.346,2.664,2.964,3.167,1.075,0.293,0.345,0.275,0.737,0.732,0.36,0.0,0.921,0.36,1.419,1.421,0.474,2.062,0.0,0.877,0.266,2.415,1.543,3.704,5.899,3.01,2.015,3.59,0.0,0.16,0.466,0.708,0.711,0.0,0.663,0.633,0.0,0.0,3.231,0.315,0.827,3.41,0.946,0.296,0.712,1.571,2.824,3.885,4.97,3.132,2.498,4.961,1.25,0.0,0.0,0.57,1.132,0.468,0.337,0.0,0.029,0.0,3.647,0.061,0.616,3.949,0.276,0.328,0.7,2.513,2.215,3.606,6.27,2.834,2.298,4.803,0.379,0.061,0.0,0.272,0.305,1.037,0.784,0.362,0.0,0.0,4.201,1.407,0.286,2.789,0.764,1.174,1.284,2.02,2.912,3.836,7.875,3.434,2.736,4.338,1.235,0.337,0.374,0.603,0.931,0.741,0.438,0.419,0.0,0.281,4.507,0.453,0.061,3.812,0.552,0.0,0.791,1.589,2.924,4.131,8.031,2.758,1.543,3.265,0.612,0.808,0.403,1.999,0.25,0.0,0.431,0.174,0.47,0.177,2.699,0.886,0.053,2.275,0.783,1.019,0.349,1.953,2.347,3.448,5.542,886.5,night
D0633,6.108,5.095,3.293,1.969,0.44,0.394,0.416,1.095,0.026,0.5,0.153,0.0,0.561,0.117,0.825,0.015,0.34,0.525,0.511,0.226,1.095,3.385,5.547,5.743,5.259,5.2,3.453,2.083,1.046,0.829,1.286,0.096,0.901,1.203,0.424,0.283,0.114,0.0,0.0,0.891,0.177,0.335,0.069,0.788,2.183,2.876,5.834,6.208,6.368,5.468,3.59,2.115,2.022,0.91,0.479,0.78,0.009,0.465,1.377,0.2,0.715,0.123,0.0,0.149,1.149,0.595,0.4,0.744,1.585,3.23,4.596,6.536,7.155,5.251,2.781,1.922,0.362,0.0,0.751,0.0,0.472,0.788,1.369,0.0,0.232,0.033,0.621,0.0,1.402,0.0,0.588,1.189,2.029,3.235,4.509,6.538,7.369,6.369,4.221,1.953,0.907,0.151,1.721,0.74,0.0,0.0,0.688,0.0,0.116,0.868,0.916,0.611,0.482,1.236,0.157,0.79,2.917,3.999,6.604,8.107,9.687,6.452,4.701,1.488,1.287,1.215,0.948,0.752,0.867,0.21,0.872,1.4,0.218,1.252,0.565,0.697,0.0,0.002,0.67,1.674,2.015,3.895,6.429,9.342,7.485,5.468,3.558,0.922,0.515,0.13,0.345,0.992,0.279,0.0,0.241,0.28,0.337,0.379,0.639,0.0,1.074,0.068,0.751,0.479,1.424,4.023,5.892,7.553,1134.7,night
D0634,2.715,1.469,0.621,0.588,0.0,0.303,0.079,0.0,0.0,0.015,0.07,0.435,0.073,0.0,0.0,0.181,0.223,1.584,0.179,0.501,2.421,3.402,3.804,2.078,1.992,1.619,0.437,1.018,0.0,1.097,0.062,0.431,0.0,0.077,1.034,0.0,0.228,0.859,0.0,0.636,0.136,1.157,1.034,2.296,2.594,4.539,3.149,3.248,2.674,0.816,0.0,0.0,0.0,0.089,0.031,0.208,0.0,0.318,0.081,0.0,0.234,0.0,0.883,0.023,0.216,2.477,0.296,1.602,1.812,5.245,3.182,2.602,2.909,2.444,1.015,0.275,0.0,0.379,1.03,0.557,0.102,0.059,0.388,0.0,0.376,0.736,0.461,0.321,0.0,1.528,0.228,1.584,2.498,3.372,3.188,3.205,2.625,1.492,1.266,0.808,0.676,0.615,1.103,0.195,0.604,0.0,0.0,0.595,0.32,0.293,0.231,0.0,0.0,1.809,1.368,1.59,2.517,5.024,4.006,4.642,2.908,2.546,0.805,0.481,0.305,0.431,0.0,0.311,0.017,0.266,0.128,0.0,0.131,0.708,0.22,0.057,0.0,1.084,0.939,2.103,1.289,5.255,4.78,4.067,2.178,1.92,0.852,0.0,0.692,0.421,0.895,0.429,1.02,0.938,0.064,0.89,0.0,0.0,0.048,0.941,0.472,1.113,1.071,0.834,2.086,3.956,3.866,3.456,603.0,night
D0635,0.597,0.582,1.254,0.385,0.515,0.851,1.874,1.801,0.561,1.172,1.85,2.217,1.182,1.784,1.215,2.046,1.389,1.433,0.81,1.77,1.499,1.369,1.001,0.926,1.373,0.817,1.449,1.636,0.926,1.168,0.366,1.166,1.247,1.527,1.78,1.683,2.07,1.621,1.159,2.149,1.059,1.117,1.422,0.875,1.179,0.554,0.953,0.487,1.356,1.162,0.549,0.5,0.866,1.011,1.544,0.62,1.751,1.177,1.229,0.952,1.421,1.043,1.638,2.096,2.527,1.489,1.564,1.493,2.11,1.263,0.806,1.061,0.547,1.854,1.281,1.545,0.794,1.374,1.146,0.434,0.786,1.532,2.538,1.93,1.867,2.287,1.349,1.872,1.057,1.525,1.154,1.794,0.405,0.814,1.867,1.596,1.162,1.326,1.214,2.15,1.236,1.358,0.977,1.297,0.698,1.501,1.674,1.654,2.14,2.23,2.277,1.098,1.965,1.792,1.892,1.309,1.369,0.931,1.817,1.197,1.776,0.474,1.047,1.025,0.248,1.369,1.595,0.803,1.206,0.895,1.912,0.605,0.518,1.801,1.686,1.73,1.543,1.818,1.337,1.093,2.07,1.322,0.916,0.988,0.521,1.633,0.512,0.991,1.188,0.207,0.944,1.153,0.875,1.079,1.593,1.903,1.556,0.725,1.199,1.154,0.863,0.715,1.413,0.975,1.502,1.64,0.1,1.892,776.2,allday_low
D0636,0.257,0.0,0.273,0.0,1.495,1.483,4.213,6.233,8.492,6.366,4.065,2.0,0.0,0.267,0.143,0.0,0.691,0.31,0.431,0.239,0.39,0.118,0.834,0.476,0.0,0.438,0.261,0.618,0.692,1.906,4.357,7.406,7.97,6.455,4.328,1.761,0.0,0.0,0.309,0.642,0.925,0.0,0.0,0.459,0.167,0.335,0.213,0.501,1.073,0.204,0.165,0.539,0.762,2.908,3.967,7.126,7.677,6.191,3.111,1.618,0.031,0.391,0.85,0.617,0.27,1.209,0.0,1.046,0.022,0.558,0.0,0.473,0.898,0.112,1.004,0.339,0.409,2.479,3.788,5.995,7.176,6.625,3.14,1.364,0.458,0.942,0.613,0.609,0.548,0.171,0.0,0.0,0.502,0.136,0.711,0.234,0.559,1.053,1.259,0.312,0.979,0.96,3.42,6.556,7.898,5.775,2.987,1.062,0.939,0.409,0.464,0.443,0.555,0.306,0.469,0.462,0.0,0.577,0.399,0.341,0.0,0.0,0.091,0.0,0.307,0.74,2.037,2.951,3.457,2.838,0.802,0.363,0.325,0.0,0.076,0.0,0.0,0.389,0.0,0.0,0.0,0.0,0.0,0.182,0.591,0.0,0.184,0.0,0.0,0.924,1.232,2.304,2.228,2.04,1.133,0.0,0.164,0.246,0.0,0.1,0.0,0.758,0.0,0.472,0.253,0.0,0.072,0.198,813.0,morning
D0637,3.537,1.226,0.208,1.323,1.208,0.036,1.806,0.0,0.709,0.573,0.0,0.0,0.0,0.0,0.446,0.016,0.0,0.0,0.856,0.262,1.13,1.653,2.179,2.162,5.562,1.799,0.882,2.456,0.0,0.788,3.054,1.056,0.341,0.473,0.0,0.485,0.648,0.875,0.0,0.0,0.487,0.34,0.0,0.71,0.791,1.144,1.701,2.063,2.841,0.817,1.718,2.035,0.793,0.156,0.736,0.0,0.505,0.028,0.976,0.223,0.204,0.0,1.009,0.0,0.197,0.0,0.685,0.483,0.513,1.611,2.685,2.551,3.686,2.11,0.815,2.189,0.298,0.199,2.088,0.102,0.515,0.0,0.0,0.662,0.0,0.531,0.839,0.0,1.317,0.0,0.481,1.022,1.102,1.901,1.955,2.381,4.885,2.306,0.618,2.462,0.152,0.0,2.567,0.171,0.246,0.481,0.528,0.242,0.256,0.0,0.344,0.396,0.715,0.81,0.084,1.093,0.669,2.051,3.249,3.663,5.763,2.616,1.445,2.59,0.965,0.0,2.856,0.084,0.286,1.328,0.567,0.008,0.0,0.0,0.699,0.064,0.227,0.174,0.0,1.473,1.298,2.217,3.669,3.136,4.709,1.786,0.453,2.693,0.333,0.177,2.938,0.334,0.387,0.405,0.436,0.131,0.0,0.0,0.109,0.545,0.431,0.873,0.372,1.743,1.564,1.383,2.323,2.477,636.3,intermittent
D0638,0.447,0.0,0.669,5.962,0.41,0.572,0.139,0.272,0.0,0.0,0.23,0.0,0.97,0.154,0.376,0.0,0.0,0.072,0.0,0.371,6.611,0.213,0.263,6.183,0.0,0.17,0.206,2.952,0.0,0.148,0.0,0.005,0.297,0.0,0.609,0.292,0.747,0.0,0.541,0.0,0.536,0.519,0.97,0.336,1.736,0.0,0.343,2.78,0.0,0.495,1.333,4.28,0.678,0.331,0.0,0.0,0.286,0.284,0.017,0.205,0.0,0.154,0.196,0.0,0.0,0.0,1.128,0.0,4.233,0.547,0.695,5.222,0.0,0.148,0.0,3.987,0.0,0.206,0.0,0.0,0.0,0.0,0.329,0.022,0.239,0.0,0.262,0.0,0.763,1.076,0.376,0.514,3.678,0.321,0.02,3.987,0.066,0.348,0.427,5.961,0.318,1.007,0.187,0.567,0.131,0.566,0.652,0.682,0.594,0.76,0.0,0.0,0.8,0.0,0.31,0.768,5.724,0.0,0.0,6.16,0.259,0.909,0.387,4.703,0.702,0.571,0.0,0.851,0.0,0.062,0.0,0.325,0.0,0.0,1.501,0.0,0.803,0.674,0.472,0.112,3.369,0.306,0.762,4.407,0.261,0.957,0.572,4.44,0.555,0.188,0.0,1.267,0.488,0.0,0.643,0.821,0.605,0.827,0.482,0.0,0.421,0.886,0.805,0.0,5.103,0.049,0.153,4.614,568.6,intermittent
D0639,2.015,1.736,1.708,2.182,1.108,1.529,3.082,1.45,2.041,1.838,1.247,1.694,1.752,2.662,1.843,2.784,1.868,2.365,2.229,2.02,2.324,1.958,2.156,1.068,1.177,1.424,1.166,1.83,1.737,2.479,2.15,1.59,1.997,2.386,2.382,2.194,1.763,2.212,1.758,2.556,2.533,1.861,2.151,2.095,1.971,1.504,1.479,2.08,1.906,2.0,1.735,1.046,1.77,1.728,1.505,1.021,1.272,1.599,2.023,2.461,2.819,1.967,2.455,2.317,2.66,2.768,2.639,2.321,1.863,1.895,1.815,1.589,1.186,0.756,0.925,1.547,1.684,1.917,1.808,2.164,1.826,2.409,2.296,1.804,2.696,2.041,2.137,2.166,2.414,2.867,1.65,2.42,2.649,2.432,1.458,2.264,1.807,1.115,1.155,1.052,1.734,1.837,1.811,1.409,1.398,2.107,2.334,2.103,1.739,1.941,2.469,1.819,2.387,1.946,1.929,2.45,1.912,1.479,1.135,0.851,1.565,1.461,2.204,1.672,1.754,1.307,1.277,1.975,1.553,1.361,2.428,1.751,1.531,2.85,1.674,1.756,2.522,2.775,1.871,2.51,1.64,1.237,1.116,2.182,1.773,1.632,1.146,1.321,1.712,1.098,1.037,1.436,1.733,1.641,2.541,2.613,2.053,1.515,2.146,1.755,0.663,2.675,1.295,2.66,1.684,2.221,2.279,1.96,1116.9,allday_low
D0640,1.276,1.532,0.95,1.653,1.208,2.179,0.968,1.89,2.183,2.275,1.52,2.914,2.347,2.176,1.9,2.324,1.645,2.34,1.433,1.904,1.911,1.665,1.682,1.635,1.86,2.283,2.441,2.283,2.484,2.384,1.921,1.869,2.887,2.168,1.727,2.538,3.101,2.775,2.312,2.916,1.879,2.488,2.103,1.852,1.729,2.101,1.949,2.359,1.411,3.101,1.929,2.004,2.227,1.214,2.88,1.715,2.519,2.384,2.078,2.643,2.285,2.567,2.709,2.402,2.49,2.041,1.826,2.566,1.723,2.695,1.544,1.914,2.15,2.353,1.897,2.772,1.134,0.923,1.267,1.312,1.508,1.899,1.989,2.101,1.803,2.385,2.748,2.165,2.22,2.731,2.594,1.936,2.619,1.866,2.226,1.364,1.505,1.277,1.787,1.6,1.506,2.01,2.368,1.935,2.175,2.114,1.79,2.085,2.972,2.21,3.287,2.161,2.026,3.234,2.848,1.891,2.007,1.037,2.252,1.643,1.624,1.109,2.162,1.322,1.844,1.649,2.425,2.177,1.915,1.84,1.509,1.306,1.51,2.28,2.518,2.659,2.097,2.087,1.789,1.763,2.169,1.483,1.847,1.768,1.659,1.613,2.13,1.888,1.828,2.023,1.557,2.296,2.358,1.725,2.046,1.965,2.422,2.322,1.701,2.09,2.735,1.931,2.442,2.663,1.867,2.404,1.268,1.804,1210.2,allday_low
D0641,6.254,4.726,3.942,1.297,0.142,0.134,0.377,0.0,0.498,1.047,1.132,0.405,0.648,0.824,1.641,0.428,0.007,0.303,0.272,1.308,2.587,3.992,5.442,6.443,6.596,4.276,3.829,0.941,0.262,0.057,0.964,0.269,0.223,1.215,0.0,0.53,0.272,1.517,0.17,0.044,0.709,0.598,0.887,0.958,1.969,3.553,5.907,6.802,6.339,5.612,3.372,1.359,0.518,1.037,0.752,0.541,0.702,0.0,0.765,0.15,0.335,0.728,0.809,0.0,1.127,0.881,0.261,0.959,2.35,3.811,5.208,6.335,6.832,4.294,2.805,1.665,0.893,0.354,0.166,0.0,0.578,0.017,1.346,0.31,0.533,0.12,0.711,0.0,0.616,0.368,1.9,1.178,2.011,4.622,6.192,6.459,8.652,5.201,3.237,1.906,0.975,1.005,0.0,0.421,0.129,0.788,0.929,0.358,0.446,0.271,0.021,0.784,0.082,0.566,1.077,0.779,2.938,4.597,7.563,8.619,7.916,6.144,3.798,1.289,1.014,0.325,0.875,0.0,0.717,0.0,0.314,1.137,0.0,0.622,0.054,1.128,0.703,1.785,0.899,1.914,2.928,6.146,7.758,9.559,6.069,5.048,2.766,1.863,1.357,1.389,0.0,0.972,0.299,1.025,0.46,1.146,0.143,0.871,0.0,0.0,0.0,0.423,0.599,1.478,2.623,4.337,6.588,7.354,1171.4,night
D0642,0.0,1.047,0.0,0.231,2.532,3.961,7.5,7.876,5.429,3.283,0.362,0.791,0.76,0.59,0.0,0.412,0.0,0.561,0.597,0.038,0.0,0.0,1.015,0.0,0.862,0.26,0.0,0.426,1.783,3.917,7.206,7.627,6.196,3.247,1.263,0.325,0.205,0.909,0.261,0.544,0.616,0.0,0.0,0.0,0.0,0.608,0.0,0.5,0.0,0.572,0.13,0.949,2.155,3.832,6.704,7.571,6.07,3.308,1.626,1.598,0.934,0.0,0.0,0.54,0.0,0.009,0.0,0.236,0.0,0.816,0.666,0.0,0.598,0.572,0.581,0.801,1.882,4.372,6.395,7.61,6.813,3.399,1.533,1.325,0.715,1.292,0.223,0.176,0.234,0.525,0.753,0.541,0.674,0.0,0.252,0.767,0.246,0.0,0.933,0.308,1.717,4.011,5.738,6.998,5.638,3.636,1.448,1.742,1.22,0.205,0.392,0.0,0.0,0.0,0.0,0.0,0.972,0.572,0.0,0.094,0.488,0.0,0.322,0.0,0.081,1.6,3.135,3.671,1.913,1.488,1.051,0.0,0.146,0.2,0.466,0.285,0.125,0.0,0.126,0.949,0.0,0.0,0.241,0.0,0.0,1.217,0.222,0.521,0.69,2.076,2.877,2.689,2.643,1.058,0.405,0.0,0.0,0.437,0.0,0.145,0.0,0.579,0.171,0.018,0.105,0.264,0.37,0.49,813.2,morning
D0643,1.585,1.916,0.837,1.311,2.008,1.706,2.252,1.981,2.181,2.035,2.466,2.086,1.795,2.895,2.686,2.679,3.205,1.828,2.691,2.293,1.414,2.169,2.289,1.474,1.66,1.7,1.428,2.256,2.626,1.72,1.924,2.182,2.625,1.513,2.366,2.034,2.393,2.36,2.784,2.571,2.19,2.225,2.469,1.768,2.497,1.317,3.047,2.609,1.956,2.11,1.695,1.807,2.092,1.878,1.793,2.427,2.005,2.228,2.189,2.363,2.408,1.913,1.434,2.245,2.722,2.687,2.319,1.745,1.383,2.265,2.565,1.986,2.651,2.209,1.756,1.353,1.62,0.938,2.168,2.177,2.506,2.108,2.004,2.368,2.238,2.774,3.047,2.163,3.053,2.895,2.111,2.299,1.946,1.93,1.579,1.502,1.998,1.478,1.44,2.335,2.342,2.011,1.819,2.68,1.608,2.294,1.602,2.014,2.101,2.705,2.151,2.289,2.183,2.27,2.339,2.091,2.402,2.792,2.57,2.833,1.51,1.948,1.718,2.56,2.004,2.028,1.943,1.75,2.937,1.452,1.989,2.52,1.856,2.078,2.649,2.103,1.649,2.92,2.056,1.825,2.477,1.443,1.18,1.673,1.814,1.0,1.456,1.747,1.522,1.398,1.385,1.782,2.101,1.892,1.456,1.844,2.427,2.201,1.489,3.097,2.491,2.458,1.831,2.05,1.701,2.106,2.031,0.881,1258.0,allday_low
D0644,1.296,1.726,0.751,1.835,1.562,1.944,1.117,1.439,1.696,1.973,2.164,2.755,1.984,1.904,2.788,1.907,2.438,1.641,1.666,2.648,2.234,1.997,2.221,1.769,1.46,1.383,1.753,1.515,1.463,2.417,1.999,1.371,2.544,1.596,1.951,2.089,2.519,2.551,1.68,2.456,1.825,2.209,1.455,2.265,1.479,2.039,1.668,2.045,1.663,1.718,1.258,1.646,0.795,2.014,2.662,1.843,2.283,1.569,2.318,2.258,2.407,2.372,2.199,2.073,1.913,2.782,2.087,1.825,2.434,2.064,2.015,1.785,2.327,1.398,1.299,1.187,1.707,1.897,1.326,2.096,1.999,2.533,2.788,1.801,1.904,1.667,2.1,1.288,1.66,2.449,2.33,2.31,1.968,1.994,2.136,1.47,1.875,1.996,1.71,1.56,2.103,0.637,0.485,1.627,1.14,2.714,2.824,2.167,1.311,1.657,1.801,2.09,1.199,2.767,1.88,1.725,2.021,1.688,1.015,2.256,1.118,1.235,1.907,0.772,1.238,2.029,1.568,1.113,1.482,1.407,1.065,1.166,1.821,1.039,1.533,1.317,1.766,2.073,1.535,1.654,2.091,1.12,1.518,1.998,2.17,1.943,1.024,1.067,1.754,1.888,1.908,0.667,0.908,2.244,1.917,1.929,1.719,1.551,1.896,1.597,1.799,2.88,1.902,1.42,1.381,1.531,0.7,1.731,1109.0,allday_low
D0645,1.362,1.524,1.635,1.576,1.774,1.556,2.171,0.855,1.266,2.354,1.776,2.024,1.857,1.445,2.238,2.142,3.332,2.063,2.55,1.858,2.426,1.449,1.191,1.108,1.338,1.403,1.095,1.988,0.246,1.921,1.571,2.48,1.756,1.818,2.439,1.541,2.036,2.485,2.174,2.598,1.782,1.734,2.288,1.523,1.5,1.756,1.922,2.089,1.615,1.86,2.275,2.039,1.538,1.876,2.54,2.08,1.748,2.82,2.574,2.57,1.904,1.737,2.665,1.745,1.369,2.305,2.69,1.265,2.561,1.432,1.916,2.201,1.619,1.926,1.455,2.068,2.306,1.571,1.447,1.558,2.047,1.389,2.221,2.092,2.249,2.106,2.429,1.704,0.889,2.325,1.375,1.992,1.335,2.176,1.394,1.345,2.002,1.877,1.912,1.155,1.159,1.963,1.581,1.224,1.892,2.999,1.775,1.641,1.828,1.747,2.577,2.874,2.291,2.17,1.953,2.727,2.28,2.516,1.053,2.325,1.785,2.023,2.206,1.08,1.629,1.03,2.238,1.188,0.872,1.242,1.475,1.428,1.927,2.274,1.304,2.449,2.009,2.355,1.865,2.21,1.137,1.627,1.22,1.793,1.726,1.831,1.744,1.827,1.588,1.314,2.038,1.246,1.453,2.029,1.708,1.659,2.47,0.694,2.297,0.939,1.852,2.244,2.013,1.413,1.857,1.241,0.957,1.082,1044.4,allday_low
D0646,1.827,1.392,1.01,1.32,1.149,1.242,1.495,1.816,1.558,2.614,2.764,2.248,1.481,2.565,2.778,1.973,1.754,3.013,1.853,1.813,1.584,1.547,1.555,1.656,1.128,0.505,1.722,1.321,1.05,1.723,1.756,2.335,0.823,2.036,1.967,1.819,2.736,2.534,2.4,2.027,2.765,1.451,2.634,1.69,1.817,2.468,2.358,1.86,1.809,1.494,2.014,1.859,1.965,1.262,1.868,1.818,1.621,2.081,2.852,2.524,2.316,2.247,2.254,2.496,2.352,2.789,2.0,2.553,1.767,2.363,2.791,2.743,2.217,2.595,1.162,1.215,1.735,2.003,1.769,1.943,2.414,2.011,1.945,2.528,2.527,2.231,2.247,2.702,2.07,1.655,1.592,1.541,1.442,2.067,1.646,1.998,1.732,1.605,1.679,1.96,1.345,1.955,1.956,2.339,1.069,2.362,2.42,1.974,2.138,2.092,2.279,2.75,2.138,3.004,1.733,1.223,1.504,1.794,1.9,1.879,0.975,1.415,1.262,2.045,1.271,1.741,1.697,2.311,2.006,1.401,2.899,2.159,2.775,2.347,2.225,2.274,1.314,1.585,2.14,2.658,1.344,1.984,2.071,1.817,1.266,1.586,0.595,2.377,2.54,1.64,1.554,1.84,2.502,1.954,1.654,2.327,2.246,2.26,2.383,1.868,1.8,1.204,1.828,1.681,1.538,2.101,2.381,0.984,1171.0,allday_low
D0647,1.137,0.154,0.0,2.749,0.014,0.092,0.246,0.024,0.0,0.0,0.178,0.0,0.977,0.022,0.508,0.036,0.749,0.0,1.03,0.155,0.0,0.0,2.789,0.0,0.654,0.0,0.0,2.617,0.224,0.376,0.0,0.484,0.468,0.148,0.0,0.279,0.0,0.296,0.0,0.0,0.0,0.321,0.037,0.5,0.858,0.0,2.281,0.348,0.774,0.0,0.0,3.945,0.881,0.0,0.422,0.097,0.738,0.345,0.493,0.086,0.0,0.424,0.462,0.0,0.07,0.401,0.0,0.0,0.2,0.11,4.06,0.0,0.175,0.0,0.503,3.723,0.0,0.0,0.433,0.155,0.415,0.033,0.0,0.783,0.393,0.57,0.0,1.379,0.521,1.263,0.187,0.322,0.354,0.0,3.814,0.269,0.214,0.091,0.143,4.935,0.0,0.065,0.469,0.353,0.335,0.131,0.0,0.0,0.3,0.0,0.295,0.196,0.836,0.004,0.474,0.0,0.423,0.522,4.451,0.0,0.556,0.837,0.0,4.011,0.379,0.0,0.052,0.0,0.276,0.0,0.0,1.023,0.402,0.0,0.0,0.0,0.0,0.0,0.15,0.061,0.0,0.53,3.057,0.509,0.0,0.535,0.0,1.272,0.687,0.0,0.642,0.0,0.0,0.169,0.314,0.0,0.101,0.247,0.0,0.466,0.453,0.247,0.247,0.171,0.0,0.178,2.259,0.0,262.5,intermittent
D0648,4.646,3.754,1.674,1.658,1.342,0.725,0.125,0.0,0.391,0.613,0.509,1.037,1.35,0.794,0.33,0.025,0.0,0.86,0.303,0.794,1.741,3.513,4.397,5.881,3.998,3.849,1.447,0.349,0.673,0.635,0.417,0.407,0.499,0.279,0.0,0.0,0.475,0.534,0.691,0.005,0.806,1.205,0.51,0.328,1.442,3.107,3.793,5.269,4.767,3.359,1.198,0.051,0.814,1.332,0.951,0.292,0.0,0.046,0.529,0.045,0.144,0.275,0.831,0.898,0.969,0.0,0.409,1.184,1.714,3.098,5.397,6.289,4.436,3.011,1.441,0.849,1.307,0.066,0.419,1.419,0.503,0.752,0.077,0.206,0.607,0.797,0.0,0.448,0.161,0.0,0.344,1.242,2.14,3.991,5.206,5.099,5.536,4.56,2.66,1.593,0.511,1.184,0.403,1.617,0.462,0.563,1.03,0.0,0.409,0.0,0.447,0.0,1.028,0.838,0.568,1.524,2.729,4.63,5.595,6.933,5.698,4.749,2.669,1.036,1.329,1.111,0.13,0.0,0.001,0.483,0.149,0.495,0.895,1.192,0.0,0.0,0.296,0.0,0.418,1.261,2.983,4.522,6.0,7.066,5.074,3.421,1.596,0.861,0.818,0.657,0.0,0.184,0.0,0.716,0.366,0.0,0.139,0.0,0.147,0.517,0.549,0.139,0.559,1.332,2.608,3.628,5.554,5.353,916.5,night
D0649,0.179,0.809,0.0,0.417,0.936,1.975,3.44,4.922,5.868,4.025,1.542,0.781,0.0,0.309,0.185,0.0,1.288,0.0,0.381,0.19,0.0,0.063,0.0,0.397,0.924,1.063,0.522,0.0,0.814,1.606,3.498,4.506,4.736,4.597,2.059,0.68,0.456,0.0,0.926,0.0,0.0,0.81,1.5,0.0,0.428,1.607,0.0,0.279,0.704,0.0,0.834,0.585,0.125,0.969,3.021,4.912,5.502,4.915,1.86,0.907,1.181,0.693,0.252,0.119,0.0,0.12,1.271,0.0,0.706,0.0,0.602,0.693,0.0,0.0,0.524,0.63,1.001,1.558,2.831,5.078,4.988,4.296,1.618,0.492,0.291,0.863,0.0,0.0,0.002,0.425,0.0,0.0,0.0,0.387,0.0,0.699,0.543,0.518,0.415,0.327,0.211,1.263,2.927,4.205,5.853,3.281,1.778,0.661,0.493,0.037,0.0,0.651,1.691,1.172,0.253,0.0,0.0,0.651,0.239,0.289,0.236,0.0,0.101,0.377,1.002,1.442,1.816,2.094,2.557,2.372,1.791,0.972,0.0,0.642,0.0,0.591,0.686,0.476,0.0,0.0,0.0,0.376,0.0,0.0,0.744,0.0,0.19,0.291,0.0,0.538,2.03,1.273,2.685,1.634,0.477,0.512,0.0,0.164,0.446,0.482,0.0,0.448,0.997,0.0,0.0,0.0,0.886,0.1,600.7,morning
D0650,1.708,2.207,1.508,1.045,2.287,1.571,0.961,0.437,1.18,1.643,2.024,2.228,1.468,2.042,1.909,2.372,2.526,2.805,2.634,1.32,1.93,1.657,1.635,1.617,2.332,1.897,1.581,1.647,1.064,1.944,1.595,1.421,1.269,2.799,1.8,2.492,2.304,2.756,1.484,2.785,2.838,1.659,2.375,1.51,1.705,1.324,1.955,1.513,1.605,1.119,1.965,1.47,1.662,1.407,0.934,1.357,1.747,1.857,2.694,2.789,2.462,3.084,1.99,2.503,2.314,2.288,1.601,1.975,1.668,1.29,1.944,0.884,2.175,1.612,1.048,1.438,1.603,2.142,2.324,1.698,1.821,2.79,1.305,1.441,2.807,2.1,2.515,2.838,1.298,2.682,2.36,1.275,1.622,1.799,2.008,1.193,1.966,1.624,1.182,1.343,1.836,1.382,1.562,1.619,1.12,1.7,1.915,2.102,2.473,1.782,2.629,2.023,2.122,1.37,1.546,2.355,1.427,1.317,1.74,1.962,1.387,0.546,0.779,2.027,1.74,0.764,1.415,2.412,1.669,1.42,1.171,1.691,2.298,2.911,2.575,2.181,1.895,1.388,1.708,0.947,2.059,1.686,1.491,0.854,1.6,1.311,1.604,1.407,1.91,0.472,1.651,1.993,1.764,1.734,2.435,1.355,1.384,1.977,2.339,2.111,2.502,2.635,1.613,2.035,1.985,1.884,1.316,1.281,1056.3,allday_low
D0651,0.0,0.0,0.665,0.0,0.0,0.122,0.355,0.0,0.0,0.115,0.1,0.0,0.165,0.573,0.142,0.313,0.315,2.327,0.0,0.252,0.638,1.951,0.0,2.851,0.0,0.466,0.0,0.0,0.341,0.05,0.404,0.561,0.126,0.124,0.069,0.067,0.595,0.41,0.0,0.843,0.925,5.2,0.0,0.0,0.116,5.413,0.926,6.677,0.348,0.0,0.0,0.0,0.777,0.0,0.0,1.022,0.008,0.282,0.357,0.523,0.0,0.0,0.868,0.0,0.145,5.933,0.951,0.453,0.0,5.386,0.0,6.236,0.466,0.0,1.497,0.472,0.0,0.857,0.19,0.124,0.0,0.582,0.845,0.093,0.238,0.0,0.029,0.473,0.614,2.408,0.082,0.153,0.0,2.88,0.303,3.064,0.0,0.632,0.0,0.014,0.0,0.0,0.121,0.07,0.0,0.824,0.56,0.46,0.716,0.009,0.301,0.191,0.0,3.73,0.028,0.237,0.0,3.429,1.317,2.79,0.637,1.14,0.0,0.0,0.478,0.038,0.0,0.535,0.0,0.564,0.584,0.722,0.455,0.615,0.227,0.0,0.008,5.048,0.109,0.0,0.0,5.531,0.336,5.537,0.464,0.259,0.0,0.237,0.428,0.0,0.24,0.0,0.0,0.323,0.819,0.401,0.0,0.43,0.115,0.65,0.292,2.552,0.181,0.163,0.0,3.261,1.246,3.279,355.9,intermittent
D0652,2.133,3.116,2.211,2.71,2.583,2.242,2.301,3.319,3.511,3.168,2.718,3.165,3.189,3.538,3.307,3.093,3.052,3.142,3.781,3.819,3.129,2.932,2.372,2.54,2.628,3.01,2.446,2.263,2.56,3.115,3.042,2.965,2.924,2.735,3.027,2.993,2.93,3.036,3.276,3.543,3.318,3.159,3.28,2.51,2.003,2.186,2.982,3.445,2.474,2.821,1.874,1.928,2.606,3.335,2.759,2.121,2.698,2.429,3.262,2.785,3.766,2.899,2.935,4.075,2.642,3.747,2.711,2.553,3.311,2.833,2.256,2.408,1.892,1.899,2.673,2.207,3.238,2.304,2.21,2.715,2.653,2.804,2.681,3.27,3.16,3.831,4.281,3.029,3.208,4.294,2.341,3.694,3.22,2.025,2.475,3.519,2.8,2.289,2.074,1.788,2.73,3.177,2.991,2.779,3.066,2.89,3.365,2.486,2.698,3.007,2.684,4.042,3.098,3.168,3.509,2.696,2.21,2.428,2.479,2.769,1.91,2.242,2.311,2.194,3.059,2.558,2.528,3.047,2.826,1.631,3.387,2.409,2.975,2.541,3.14,2.562,2.953,3.268,2.257,2.278,1.953,3.227,2.35,2.277,1.915,2.008,1.376,2.555,1.911,2.384,2.606,3.547,2.005,2.744,2.604,1.961,4.085,2.525,3.035,2.974,3.081,4.598,2.913,2.599,2.779,2.554,2.907,2.87,1648.5,allday_low
D0653,1.622,2.029,1.428,1.781,1.089,1.235,2.422,1.886,1.84,2.562,2.36,2.094,2.02,2.53,2.545,2.395,3.176,1.802,2.244,1.862,1.64,1.636,1.877,1.34,1.284,0.622,2.048,1.743,1.994,1.211,1.859,1.914,1.983,1.78,1.668,2.33,2.118,2.159,1.84,2.145,2.773,2.519,2.139,2.165,1.214,2.676,2.7,1.201,1.495,1.75,1.773,1.335,1.706,1.898,1.255,1.667,2.301,2.512,2.37,2.456,2.118,2.151,2.346,1.889,2.114,2.185,2.74,2.872,2.761,1.292,2.376,1.781,1.377,1.472,0.966,1.59,1.994,1.161,1.365,1.692,2.604,0.978,2.325,2.298,2.454,1.282,1.916,2.015,1.513,2.999,2.367,2.411,2.229,1.088,1.011,2.172,1.112,1.767,1.095,1.202,1.581,1.135,0.674,1.839,2.999,2.289,1.523,1.852,2.125,2.273,1.856,2.805,1.922,2.196,2.831,1.891,2.85,1.995,1.495,1.548,1.189,0.741,0.0,1.021,0.498,1.043,2.085,1.418,2.434,1.524,2.255,1.867,1.794,2.681,3.035,1.838,1.49,1.913,2.01,2.048,1.754,1.228,2.479,1.109,1.385,1.955,0.944,1.428,1.733,1.6,1.773,1.51,1.83,1.449,1.1,1.625,2.002,2.283,2.604,2.738,1.316,1.472,1.65,1.924,1.664,1.944,1.722,1.826,1047.1,allday_low
D0654,0.401,0.293,1.055,0.437,0.39,1.775,4.508,6.545,8.031,5.802,2.326,1.221,0.317,0.226,0.009,0.565,0.228,0.132,0.121,0.788,0.0,0.036,0.005,0.636,1.043,0.0,0.976,0.951,0.453,2.388,4.255,6.906,6.6,4.938,2.454,0.594,0.646,0.841,0.542,0.0,0.861,0.39,0.0,0.221,0.878,0.296,0.051,0.25,0.0,0.0,0.599,0.352,0.735,2.272,5.087,8.247,5.926,5.099,2.419,1.593,0.394,0.104,0.174,0.942,0.0,0.418,0.482,1.039,0.0,0.042,0.511,0.128,0.0,0.717,0.334,0.045,0.422,2.43,4.177,7.237,8.583,4.585,3.342,1.585,0.201,0.18,0.082,0.462,0.334,0.135,0.0,0.0,0.684,0.0,0.021,0.649,0.102,0.0,0.127,1.236,0.41,2.716,4.238,6.878,6.639,5.271,1.847,0.598,0.146,0.442,0.301,0.0,0.0,1.06,0.296,0.0,0.563,0.315,0.438,0.529,0.0,0.324,0.547,0.051,0.954,0.249,2.432,2.681,2.256,1.721,0.326,1.1,0.0,0.344,0.0,0.881,0.0,0.258,0.0,0.453,0.051,0.386,0.0,0.335,0.154,0.0,0.0,0.769,0.58,1.14,2.6,3.199,3.498,1.543,1.03,1.595,0.473,0.0,0.22,0.0,0.0,0.651,0.0,0.25,0.0,0.251,0.413,0.267,735.8,morning
D0655,0.515,0.446,0.386,0.658,5.433,0.0,0.316,1.025,0.083,0.508,1.055,0.0,0.0,0.175,0.0,0.215,0.0,3.815,0.111,0.0,0.909,0.0,0.01,0.405,1.352,0.051,0.591,0.0,2.282,0.0,0.012,0.926,0.537,0.494,0.0,0.0,0.0,0.489,0.601,0.569,0.0,2.037,1.077,0.477,0.643,0.088,0.539,0.0,0.427,0.091,0.093,0.146,1.311,0.0,0.658,0.418,0.388,0.0,0.0,0.643,0.0,0.0,0.0,0.409,0.0,2.505,0.207,0.315,0.361,0.814,0.431,0.651,0.0,0.0,0.0,0.394,3.331,0.106,0.168,0.376,0.0,0.309,0.0,0.701,0.0,0.0,0.459,0.425,0.435,2.369,0.0,0.774,0.165,0.43,0.0,0.143,0.0,0.008,0.528,0.0,3.397,0.0,0.0,0.0,1.107,0.033,0.413,0.0,0.0,0.16,0.0,0.0,0.0,2.256,0.121,0.449,0.0,0.715,0.445,0.0,0.0,0.0,0.0,0.0,1.954,0.232,0.514,0.222,0.0,0.065,0.444,0.974,0.106,0.109,0.065,0.239,0.0,2.115,0.244,1.16,0.105,0.497,0.0,0.266,0.456,1.019,0.021,0.004,5.534,0.0,0.576,0.167,0.397,0.0,0.146,0.475,0.404,0.0,0.58,0.289,0.073,4.446,0.456,0.0,0.0,0.684,0.32,0.412,289.0,intermittent
D0656,0.0,0.431,0.889,0.321,0.764,0.0,1.188,0.164,0.0,0.0,0.508,0.723,0.0,0.442,0.096,0.682,0.0,0.508,1.065,5.064,0.0,5.506,0.245,0.121,0.0,0.673,0.041,0.057,0.0,0.158,0.296,0.695,0.0,0.0,0.937,0.186,0.422,0.0,0.005,0.52,0.001,0.444,0.612,1.21,0.17,1.633,0.387,0.682,0.0,0.577,0.56,0.222,0.275,0.064,0.0,0.479,0.29,0.283,0.716,0.0,0.033,0.0,0.366,0.0,0.228,0.0,0.217,2.806,0.086,2.265,0.0,0.799,0.0,0.98,0.084,0.874,0.246,0.572,0.0,0.0,0.805,0.888,0.0,1.007,0.0,0.196,0.0,0.145,0.78,0.0,0.308,4.697,0.0,4.932,0.213,0.28,0.0,0.692,0.0,0.585,0.095,0.567,0.966,0.083,1.022,0.454,0.277,0.0,0.0,0.323,0.023,0.332,0.307,0.0,0.0,3.406,0.0,1.882,0.0,0.506,0.0,0.0,0.0,0.396,0.0,0.358,0.288,0.227,0.0,0.0,0.65,0.442,0.29,0.302,0.466,0.0,0.577,0.005,0.045,2.768,0.433,1.496,0.373,0.0,0.193,0.321,0.0,0.0,0.042,0.261,0.0,0.0,0.261,0.72,0.319,1.344,0.118,0.149,0.0,0.82,0.0,0.236,0.0,5.46,0.546,4.155,0.115,0.332,380.6,intermittent
D0657,1.242,2.227,2.312,1.399,1.672,2.439,2.005,1.305,2.531,1.945,1.699,2.57,3.35,2.4,2.278,1.619,1.715,1.305,1.79,1.756,1.659,1.845,1.875,1.358,1.758,2.063,2.217,1.989,2.423,1.181,0.566,2.206,2.735,1.431,2.073,2.049,3.074,2.573,2.281,2.85,2.391,1.902,2.7,1.417,1.915,1.814,2.994,1.132,1.335,2.165,1.399,1.929,1.68,1.522,1.956,2.231,1.637,1.565,2.052,1.995,2.564,2.399,2.524,2.325,2.042,2.927,2.309,1.382,2.225,1.335,2.08,2.452,1.885,2.752,1.138,2.168,1.678,1.369,2.596,1.861,2.04,2.095,3.341,2.571,2.84,1.963,1.936,2.027,2.122,1.783,2.049,2.682,2.065,1.087,2.55,1.138,2.358,1.742,2.948,2.543,2.109,1.835,2.571,2.029,2.291,2.198,1.882,2.413,1.955,2.688,2.36,2.103,2.005,3.028,1.695,2.254,1.506,2.164,1.753,1.892,1.443,0.668,1.745,1.729,1.15,1.695,1.842,1.943,1.861,1.581,2.325,2.18,1.206,1.91,2.418,2.881,2.174,1.453,1.213,1.936,1.756,1.932,1.212,1.77,1.591,1.183,2.301,1.993,1.573,1.061,1.933,1.461,2.131,2.084,1.506,2.017,2.519,1.404,2.277,2.865,1.591,1.247,3.183,0.854,1.797,2.304,2.319,1.802,1211.0,allday_low
D0658,1.36,1.456,1.459,0.842,1.339,0.858,1.306,1.7,1.737,2.442,1.397,2.165,2.648,2.811,2.256,1.143,1.294,1.301,1.691,2.425,1.432,1.092,1.932,1.118,1.758,1.111,1.666,1.395,1.167,0.692,1.401,0.859,1.663,1.986,1.886,1.67,1.714,2.098,1.509,1.857,1.117,1.361,1.743,0.96,1.585,1.725,1.063,1.487,0.69,1.476,1.048,0.838,1.136,0.798,1.724,1.49,1.962,0.749,2.031,0.953,1.714,2.848,1.065,1.771,1.264,1.424,1.178,0.364,1.726,1.441,0.954,1.896,1.54,1.275,1.495,1.517,1.281,1.534,1.486,1.263,1.174,1.253,1.219,1.618,1.969,2.178,1.876,2.265,1.22,2.166,2.07,0.928,0.968,1.13,1.594,0.311,1.415,1.524,2.08,1.938,1.109,1.054,1.886,2.002,1.737,1.013,1.612,1.437,1.185,1.898,1.377,2.797,1.269,0.616,1.715,2.249,1.568,1.194,0.897,0.683,0.902,0.683,1.21,1.076,1.201,0.797,1.155,1.722,0.541,1.023,1.323,1.316,2.242,0.853,0.288,2.117,0.897,1.162,1.606,1.972,1.023,1.005,0.685,1.211,1.846,0.857,0.72,1.083,1.42,1.567,1.157,1.999,1.62,1.411,1.453,0.572,1.292,1.125,1.484,1.197,0.925,1.909,0.69,2.489,0.851,1.251,0.604,0.758,853.8,allday_low
D0659,1.723,2.122,1.056,0.391,1.125,1.198,1.344,1.692,1.843,1.17,1.651,1.734,2.509,2.145,1.461,1.183,1.499,1.688,1.483,1.129,1.082,1.828,0.512,1.875,1.3,0.886,1.255,1.69,1.402,1.054,1.154,1.311,1.68,0.817,1.362,1.63,1.7,1.564,1.799,0.838,0.906,2.304,1.582,1.462,0.675,0.477,1.529,1.902,0.856,1.382,1.729,1.112,1.842,1.151,1.476,2.204,1.798,1.476,1.322,2.152,1.978,2.043,1.819,2.124,1.298,1.337,1.194,1.816,1.173,1.058,1.424,0.863,1.505,1.005,1.871,1.87,2.035,0.82,1.241,1.891,2.239,0.848,1.905,1.753,1.852,1.273,1.573,2.19,2.147,1.776,2.172,1.956,2.213,1.69,2.655,1.187,2.207,0.817,1.2,1.586,0.093,1.075,2.371,2.09,0.808,0.823,0.928,1.285,1.706,2.135,2.241,2.578,2.337,0.616,1.395,0.922,2.55,1.252,1.038,1.675,1.052,1.644,0.854,1.577,0.028,2.344,1.571,1.44,1.114,1.38,1.429,1.418,1.68,1.52,1.559,1.393,1.486,1.615,1.518,1.359,1.215,1.538,0.945,0.413,1.123,1.547,1.352,1.506,0.982,1.392,2.168,0.748,1.556,1.229,2.037,1.501,1.421,0.945,1.162,1.408,1.965,2.197,1.39,1.239,1.494,1.374,1.154,1.177,876.6,allday_low
D0660,0.0,0.357,0.0,0.938,0.599,0.936,2.435,4.916,6.727,7.177,3.464,2.285,1.745,0.538,0.32,0.114,0.24,0.26,0.807,0.847,0.048,0.863,0.362,0.385,0.702,0.185,0.344,0.462,1.104,0.154,2.543,4.293,7.012,5.551,4.449,1.608,1.646,0.0,0.375,0.494,0.199,0.0,0.441,0.0,0.419,0.357,0.031,0.0,0.0,0.0,0.162,0.504,0.498,0.381,3.123,5.259,6.383,6.459,3.556,1.702,0.0,0.026,0.124,0.619,0.644,0.0,0.0,0.107,0.868,0.693,0.417,0.465,0.321,0.45,0.0,0.03,0.048,1.515,3.224,4.725,7.163,6.387,3.891,0.96,1.746,0.794,0.25,0.304,0.937,0.126,0.0,0.904,0.01,0.07,0.0,0.917,0.667,0.0,0.689,0.609,0.978,0.683,1.524,4.25,5.45,6.253,2.631,1.625,0.247,0.06,0.134,0.444,0.267,0.232,0.129,0.836,0.583,0.0,0.0,0.332,0.173,0.0,0.0,0.315,1.186,1.053,0.742,2.161,3.076,2.986,2.535,0.71,0.0,0.237,0.0,0.151,0.0,0.44,0.725,0.0,0.0,0.0,0.0,0.534,0.0,0.241,0.861,0.0,0.0,0.115,1.637,1.949,2.97,2.151,1.978,0.682,1.055,0.531,0.863,0.604,0.0,0.857,0.854,0.0,0.079,0.0,0.279,0.192,712.1,morning
D0661,2.115,1.805,1.306,2.054,0.355,0.797,0.0,2.12,2.428,0.0,0.727,1.017,0.504,0.21,0.252,0.385,3.192,0.685,1.13,2.401,0.711,1.437,1.463,2.531,1.688,0.882,1.915,1.109,0.56,0.637,0.572,1.598,2.503,0.835,0.58,0.0,0.0,0.45,0.802,0.0,2.074,0.0,0.48,1.658,0.578,1.198,2.072,2.761,1.704,1.306,1.16,0.751,0.0,0.0,0.0,1.34,1.635,0.604,0.0,0.11,0.896,0.0,0.731,0.605,2.104,0.0,0.276,1.466,1.321,1.27,1.818,1.003,1.326,1.99,1.36,0.62,1.567,0.12,0.549,1.578,1.834,0.576,0.0,0.0,0.173,0.527,1.06,0.542,1.085,0.153,0.68,1.295,1.115,0.45,1.399,2.45,3.474,1.6,1.422,1.298,0.612,0.309,0.916,2.826,2.589,0.0,0.0,0.0,0.206,0.019,0.0,0.153,3.149,0.599,0.858,3.627,0.0,1.306,2.095,2.188,3.303,1.734,0.738,0.894,0.0,0.0,0.45,2.46,3.794,0.537,0.305,0.39,0.0,0.246,0.0,0.818,3.684,0.0,0.129,3.0,1.536,2.596,2.41,3.461,2.249,1.463,0.34,0.281,0.365,0.089,1.486,3.78,3.717,0.0,0.079,0.0,0.215,1.113,0.558,0.408,3.337,0.11,0.474,3.817,1.154,1.832,2.454,1.763,673.2,intermittent
D0662,0.762,0.307,0.674,1.009,1.639,0.51,1.736,1.304,0.656,1.685,1.759,1.625,1.759,1.935,1.692,2.023,1.017,1.687,1.632,1.887,1.643,1.088,1.483,0.795,0.718,1.072,0.64,0.996,1.43,1.583,0.734,0.334,0.896,1.237,2.496,1.2,2.355,1.939,1.589,1.532,2.103,1.268,2.323,1.665,1.195,1.341,1.724,1.975,1.317,0.902,1.21,0.61,1.478,0.885,1.013,1.687,1.731,1.016,1.581,1.571,1.298,1.713,1.616,1.499,1.988,0.943,1.288,1.133,0.746,1.35,0.825,0.904,1.436,0.402,1.344,1.758,1.277,1.529,2.4,1.382,1.517,1.874,1.245,1.2,1.566,1.476,1.071,1.027,0.956,1.295,0.979,1.652,1.975,1.491,0.892,2.135,0.87,0.92,0.97,1.54,0.769,1.935,0.362,0.957,1.737,2.496,2.175,1.801,1.215,1.33,1.973,1.969,1.396,1.346,1.963,1.763,1.512,0.956,1.418,0.98,1.019,1.101,1.252,0.119,1.494,1.495,1.429,1.32,0.621,1.694,1.077,1.072,2.306,1.574,1.348,1.236,1.501,1.045,0.219,0.748,1.195,1.488,1.383,1.346,0.622,1.099,1.287,1.318,0.778,1.334,1.15,0.986,0.717,1.151,1.027,0.919,1.263,1.245,2.458,1.845,1.126,1.87,1.509,0.648,1.234,1.249,0.968,0.241,714.3,allday_low
D0663,3.178,3.37,2.389,1.566,1.1,0.453,0.377,0.0,0.0,0.207,0.0,0.197,0.517,2.372,0.943,2.889,0.249,0.485,2.468,0.207,0.0,0.443,5.004,2.84,4.357,3.503,2.332,1.208,0.0,0.685,0.583,0.0,0.528,0.0,0.0,0.89,0.0,1.139,0.0,1.988,0.11,0.774,2.384,0.429,0.571,1.896,4.6,3.031,4.479,3.397,2.54,1.964,0.458,0.966,0.0,0.332,0.0,0.115,0.769,0.0,0.0,2.462,0.067,1.671,0.641,0.618,1.303,0.429,0.837,1.429,3.831,3.751,3.998,3.868,2.705,1.798,0.083,0.568,1.027,0.831,0.033,0.473,0.095,0.0,0.397,1.705,0.0,2.043,0.501,0.706,1.961,0.993,1.061,1.082,3.575,3.585,4.758,3.57,2.83,2.451,0.547,0.696,0.048,0.395,0.212,0.028,0.552,0.142,0.0,2.406,1.041,1.857,0.331,0.72,2.299,0.0,0.456,1.051,5.087,3.959,5.037,4.928,3.352,1.259,1.006,0.573,1.1,0.463,0.796,1.236,0.942,0.0,0.298,4.385,0.01,2.724,0.821,0.587,2.662,1.046,0.439,1.814,6.129,4.305,5.057,4.302,3.433,2.567,1.011,0.0,0.535,0.465,0.822,0.0,0.0,0.172,0.96,1.358,0.222,1.081,0.331,0.842,1.29,1.333,0.878,1.634,4.086,3.989,934.2,night
D0664,0.504,1.836,2.081,1.417,1.947,0.668,1.732,1.683,2.384,1.853,1.911,1.55,2.185,1.177,1.616,1.664,0.877,1.972,0.93,2.069,1.035,1.388,1.73,2.298,1.048,0.962,1.732,1.366,1.562,1.5,1.347,1.333,2.248,0.968,0.981,1.272,2.519,2.701,2.203,0.943,2.046,1.66,1.212,2.22,2.132,1.146,1.838,1.072,1.339,0.662,0.905,0.625,1.095,0.549,2.592,1.172,1.653,1.813,0.921,1.93,1.422,1.876,1.766,1.643,1.394,2.269,2.29,1.838,1.66,1.012,1.582,1.137,0.483,1.025,1.165,1.689,1.375,1.259,1.315,1.847,1.032,1.617,2.137,1.736,1.654,1.683,0.933,1.851,1.177,1.725,1.361,2.437,1.343,0.426,1.33,0.685,1.466,1.659,0.803,1.397,1.39,0.843,1.141,2.046,1.405,1.399,1.692,1.54,1.659,1.976,1.847,2.961,2.47,1.705,1.75,1.06,1.207,1.411,1.828,1.478,1.263,0.962,0.55,0.817,0.904,1.45,1.923,0.891,1.399,2.183,1.378,1.904,0.964,2.506,1.305,1.227,2.367,1.936,1.093,1.597,1.592,0.74,0.734,1.614,1.447,0.617,1.063,1.456,1.221,1.043,0.882,1.505,1.296,1.344,1.505,1.921,0.667,1.358,1.747,1.676,2.44,1.663,2.022,1.773,1.841,1.188,0.725,2.064,880.4,allday_low
D0665,0.559,0.0,0.0,0.0,0.362,2.079,4.681,5.964,6.252,4.866,1.946,1.193,0.716,0.457,0.0,0.259,0.0,0.451,0.431,0.058,0.578,0.104,0.425,0.0,0.0,0.934,0.772,0.628,0.517,1.81,3.781,6.016,6.012,3.649,2.523,0.0,0.719,0.215,0.29,0.0,0.0,0.0,0.841,0.0,0.0,0.401,0.698,0.559,0.238,0.597,0.0,0.528,1.104,2.229,4.197,5.648,5.541,4.343,1.501,0.558,0.646,0.0,0.0,0.0,1.203,0.105,0.529,1.241,0.0,0.203,0.0,0.105,0.274,0.892,0.538,1.14,0.935,1.973,4.877,5.806,5.856,4.11,2.231,0.692,0.683,0.0,0.107,0.491,0.264,0.0,0.647,0.351,0.0,0.448,0.49,0.236,0.357,0.779,0.0,0.769,0.0,1.789,3.344,6.417,5.388,3.653,1.603,0.617,0.272,0.656,0.364,0.0,0.0,0.785,0.456,0.11,0.704,1.226,0.263,0.848,0.135,0.921,0.182,0.0,1.011,1.065,1.988,3.119,2.583,0.95,0.672,0.051,0.0,0.596,0.0,0.0,0.083,0.267,0.332,0.19,0.186,0.0,0.338,0.0,0.618,0.0,0.0,0.261,0.707,0.74,2.04,3.07,2.477,0.962,0.722,0.07,0.0,0.0,0.918,0.0,0.014,0.0,1.006,0.283,0.0,0.458,0.686,0.0,685.8,morning
D0666,1.155,0.395,0.0,1.364,1.106,2.525,5.338,4.973,4.529,1.857,0.547,0.696,0.0,0.6,0.0,0.135,0.0,0.123,0.038,0.401,0.421,0.052,0.0,0.418,0.473,0.0,0.0,0.0,1.107,2.096,5.138,5.237,4.824,2.193,1.437,0.262,0.164,0.53,0.005,0.0,0.0,0.661,0.0,0.03,0.856,0.0,0.0,0.327,0.823,0.976,0.0,0.765,1.254,2.933,5.133,5.825,4.029,2.025,1.771,0.176,0.517,0.901,0.142,0.857,0.0,0.699,0.276,0.116,0.583,0.124,0.0,0.0,0.49,0.538,1.087,0.718,0.948,3.028,4.864,6.197,5.038,3.579,0.974,0.965,0.936,0.577,0.012,0.059,0.591,0.499,0.0,0.0,0.463,0.0,0.319,0.0,0.0,0.0,0.356,0.48,0.676,2.019,4.759,5.606,4.602,1.614,1.104,0.665,0.002,0.033,0.0,0.0,0.771,0.0,0.0,0.0,0.492,0.0,0.0,0.889,0.0,0.0,0.0,0.0,0.235,1.264,2.037,2.913,2.193,1.187,0.591,0.423,0.017,0.797,0.0,0.0,0.0,0.0,0.0,0.0,0.0,0.0,0.0,0.0,0.644,0.745,0.395,0.314,1.177,1.302,1.328,1.803,1.815,1.271,0.99,0.732,0.495,0.538,0.0,0.0,0.0,0.112,0.432,1.526,0.0,0.0,0.384,0.0,618.3,morning
D0667,2.145,2.61,1.296,2.49,2.303,2.097,1.969,0.838,2.542,2.07,2.257,2.603,2.723,2.262,2.253,2.182,2.606,3.03,2.487,2.452,2.117,1.916,1.758,1.806,1.295,2.489,1.992,1.991,2.106,1.796,2.19,1.833,1.979,2.296,2.434,3.158,2.147,2.171,2.424,3.071,2.691,3.505,2.372,2.476,2.251,2.248,1.703,2.02,1.424,2.05,2.067,1.804,1.634,1.643,1.62,1.795,3.335,2.436,2.29,2.162,2.491,2.869,2.859,3.038,3.014,2.48,2.086,2.198,2.565,1.827,2.991,1.671,2.159,2.025,2.226,0.969,2.359,1.816,1.662,2.557,1.395,3.17,2.495,2.422,1.99,2.483,3.147,2.721,2.811,2.943,2.019,1.577,1.76,2.109,1.937,1.866,2.162,1.7,1.39,1.45,2.207,2.463,2.676,1.908,2.29,2.519,2.532,2.741,2.872,2.26,2.34,2.796,2.112,2.208,2.471,2.085,2.37,1.806,0.972,2.112,1.705,2.27,1.513,1.741,1.556,1.464,1.622,1.467,2.045,2.122,1.727,2.617,1.974,2.332,2.73,2.923,1.237,2.626,2.267,2.29,1.767,2.224,2.311,2.034,2.112,2.545,2.302,1.4,2.047,2.273,1.973,2.194,1.291,2.042,2.032,1.8,2.73,1.799,2.769,2.269,2.811,2.408,2.221,2.053,1.776,2.007,0.908,1.641,1295.6,allday_low
D0668,9.466,7.37,6.08,8.762,6.966,8.011,6.949,7.471,4.912,6.907,7.189,5.234,6.959,7.002,6.387,8.933,6.624,8.783,7.144,8.367,8.196,4.978,6.006,6.082,10.0,8.9,8.75,6.315,8.901,6.334,9.222,7.836,7.309,6.509,8.132,7.174,6.935,6.006,7.893,7.92,6.258,7.532,8.583,7.321,8.473,7.145,9.406,5.866,8.544,7.129,5.474,6.473,9.425,6.574,6.11,6.508,8.415,8.48,6.628,7.704,6.885,7.376,5.008,6.51,7.27,6.996,7.633,7.019,9.226,7.371,8.084,6.629,4.587,6.571,5.87,5.851,9.132,7.587,8.687,6.5,7.796,9.241,9.592,6.452,7.818,5.743,5.977,8.381,8.84,7.77,7.716,8.734,8.319,7.369,8.73,6.4,8.119,7.774,6.474,6.655,7.621,8.0,7.603,7.909,7.79,8.657,5.196,7.367,6.582,4.461,9.138,7.171,7.371,5.845,8.873,8.043,9.176,7.706,8.049,6.643,8.371,7.434,5.549,5.324,6.785,8.891,7.263,5.193,7.451,7.12,7.035,8.933,7.937,8.754,6.13,7.52,8.791,7.218,5.327,6.063,9.797,7.72,8.116,6.652,7.106,7.852,8.828,5.837,6.19,7.707,8.005,5.057,6.699,9.325,7.889,7.078,7.986,9.041,8.352,7.496,8.484,7.751,6.413,8.23,7.922,5.624,8.42,4.512,4320.5,noise
D0669,2.653,3.428,1.374,0.0,2.26,0.602,0.293,0.239,0.667,1.267,0.093,0.0,0.164,0.0,0.199,0.829,0.352,0.486,0.81,1.486,1.472,1.808,3.677,3.818,3.683,1.653,0.915,1.404,1.64,0.797,0.0,1.084,0.303,0.797,0.357,0.966,0.945,0.229,0.0,0.0,0.0,0.0,1.059,2.036,2.746,1.231,4.163,3.485,3.322,1.982,1.908,1.245,1.281,0.0,0.559,0.394,0.88,0.0,1.057,0.027,1.271,0.0,0.446,0.0,0.16,0.201,0.535,1.337,1.806,2.392,3.334,3.256,3.711,2.755,1.638,0.961,1.714,1.231,0.062,0.0,0.388,0.0,0.112,0.837,0.298,0.0,0.0,0.44,0.0,0.0,0.533,2.815,2.418,1.308,4.404,3.926,4.401,2.956,2.212,0.794,1.861,1.057,0.873,0.0,0.559,0.0,0.981,0.619,0.426,0.0,0.818,0.479,0.567,0.886,0.716,1.922,3.425,2.058,4.996,4.248,3.818,3.044,1.623,0.67,1.539,0.765,1.19,0.581,1.086,0.0,1.121,0.185,1.327,0.0,0.81,0.0,0.0,1.36,0.063,1.829,1.737,2.509,5.523,4.705,3.471,2.68,1.739,1.002,2.723,0.727,0.033,0.574,0.0,0.391,0.0,0.225,0.534,0.921,0.178,0.46,0.396,0.0,0.521,3.575,3.408,1.929,4.71,3.589,791.4,night
D0670,1.582,1.504,1.238,1.35,0.895,1.984,0.688,1.368,1.453,1.329,1.588,1.166,1.401,1.245,1.609,2.32,1.889,1.041,1.443,1.488,1.144,1.185,1.925,0.541,1.465,0.435,1.368,0.864,1.563,2.188,1.318,1.99,1.755,1.708,1.087,2.11,1.845,1.212,1.277,1.431,1.263,1.548,1.818,1.4,1.541,0.83,1.812,1.7,2.217,0.784,0.716,0.659,1.827,0.673,1.144,0.679,1.478,1.601,1.767,1.567,1.138,1.909,1.718,1.702,1.257,1.791,1.933,1.125,0.836,1.726,0.534,0.852,0.93,0.866,1.566,1.771,1.725,0.882,2.014,0.812,1.553,1.584,2.24,1.837,2.414,1.289,2.075,2.193,1.898,1.241,1.436,1.784,1.79,0.959,0.832,1.877,1.719,1.829,2.062,1.324,0.577,1.959,1.283,2.167,1.073,1.939,1.089,2.284,0.961,1.714,1.643,1.391,1.649,1.278,1.427,1.567,1.059,1.342,1.665,0.903,1.188,0.636,1.845,1.312,0.547,2.001,1.371,0.857,2.399,1.281,0.677,2.008,1.623,2.126,1.579,1.196,0.95,1.1,1.089,0.624,0.953,1.169,1.073,0.0,0.646,1.05,0.804,1.358,0.882,1.12,1.379,1.685,1.323,0.564,2.022,1.896,1.025,1.628,1.099,1.277,1.804,1.536,1.548,1.545,1.929,1.549,1.219,1.022,819.4,allday_low
D0671,0.0,0.317,0.895,0.519,1.16,2.127,4.849,6.71,6.529,4.068,1.724,0.791,0.911,0.599,1.045,0.0,0.403,0.176,0.585,0.0,0.358,0.089,0.492,0.861,0.0,0.124,1.105,0.949,1.438,2.511,5.146,7.354,6.631,3.727,1.737,1.853,0.577,0.0,1.062,0.035,1.131,0.729,0.0,0.0,0.292,0.509,0.578,0.757,0.223,0.0,0.16,0.0,1.025,3.443,6.162,7.075,6.87,3.623,2.375,0.422,0.206,0.611,0.108,0.514,0.14,0.491,0.299,0.813,0.0,0.641,0.289,0.493,0.0,1.005,0.563,0.0,1.591,3.777,5.047,6.861,7.336,3.955,2.386,0.879,0.187,0.338,0.807,0.501,0.0,0.138,0.745,1.102,0.635,1.387,0.205,0.632,0.432,1.149,0.344,0.998,1.091,2.445,6.003,6.875,6.441,3.635,2.289,0.164,0.0,0.835,0.322,0.128,0.0,0.537,0.691,0.491,0.0,0.809,0.447,0.081,0.195,0.0,0.432,0.132,0.915,1.509,2.603,3.546,3.394,1.37,1.338,0.0,0.118,0.773,0.238,0.027,0.0,0.0,0.941,0.0,0.0,0.0,0.857,0.024,0.424,0.404,0.387,0.269,0.566,1.74,2.209,2.628,3.246,1.926,0.0,0.104,0.068,0.784,0.151,0.0,0.0,0.137,0.567,0.916,0.0,0.215,0.0,0.075,751.1,morning
D0672,1.055,1.553,1.226,1.934,1.801,2.181,0.918,1.959,1.508,1.79,1.612,1.753,1.564,2.346,1.426,1.782,2.047,1.525,2.057,1.38,1.374,1.948,1.111,1.744,1.542,2.12,0.94,1.073,1.364,1.146,1.529,1.465,0.924,1.191,2.388,1.495,1.929,1.494,1.448,2.259,1.855,1.264,1.704,1.716,2.227,0.474,1.818,1.104,2.116,1.946,2.006,1.022,0.666,1.281,0.932,1.362,0.869,1.353,2.25,1.789,1.257,2.034,1.495,2.3,2.169,1.973,2.391,1.442,2.344,1.606,1.68,0.298,1.165,1.086,0.669,0.778,1.774,1.562,1.634,2.327,1.685,2.159,1.744,1.402,1.738,2.075,1.073,1.883,1.952,1.352,1.003,1.772,1.503,1.918,1.394,0.289,1.238,1.545,0.581,0.474,1.53,1.766,1.206,1.548,1.025,1.273,1.808,1.756,1.9,1.978,2.829,0.466,2.015,1.421,1.229,1.714,1.563,1.735,1.368,0.883,0.545,0.813,1.374,1.518,0.314,1.024,1.04,1.374,0.995,0.694,1.268,2.052,0.593,1.053,1.54,1.312,1.032,1.181,1.581,1.478,1.689,1.522,0.561,1.378,1.404,0.848,1.611,0.79,1.578,1.404,1.103,0.791,1.044,1.069,2.253,1.987,2.002,1.73,1.373,1.914,1.135,2.186,0.753,0.889,1.586,1.102,1.732,1.693,792.2,allday_low
D0673,1.742,0.691,0.213,0.854,1.587,2.249,0.666,1.073,1.588,2.072,2.583,1.863,2.096,1.822,2.453,1.537,1.763,0.723,1.988,2.311,1.829,1.129,0.784,2.139,0.9,1.169,0.647,1.527,2.154,1.432,2.022,1.06,1.488,1.677,1.294,1.283,1.468,1.674,1.565,2.371,0.79,1.758,0.948,2.05,1.18,1.447,2.016,0.628,1.952,1.543,1.098,0.254,2.188,1.222,1.703,1.541,2.462,1.104,2.127,2.544,1.223,1.698,1.954,2.118,2.017,2.191,1.662,1.773,0.982,1.011,1.377,1.219,1.649,0.483,1.513,1.662,0.347,2.13,2.303,1.967,1.429,1.466,1.393,1.71,1.555,1.943,1.816,2.059,1.588,1.254,2.188,1.142,1.45,1.398,1.464,1.322,1.185,1.409,0.881,1.222,1.382,0.575,1.997,2.407,1.807,1.42,1.504,1.245,2.461,1.187,2.221,1.579,2.363,2.011,2.054,1.67,2.277,0.741,0.639,0.685,1.0,0.863,0.93,1.933,0.934,1.653,1.314,1.817,1.544,1.596,1.364,1.127,0.873,1.889,2.466,1.365,1.575,1.079,1.431,1.28,1.072,0.867,1.735,1.699,1.844,1.565,0.77,0.908,1.363,0.881,1.949,1.316,0.968,1.725,1.846,1.742,1.963,1.783,2.34,2.088,1.291,1.231,1.436,1.427,1.07,0.878,1.177,0.94,888.3,allday_low
D0674,0.212,0.571,0.0,1.996,4.379,7.376,8.656,6.581,3.98,0.395,0.78,0.485,1.052,0.479,0.0,0.141,0.146,0.308,0.199,0.384,0.0,1.07,0.299,1.333,0.0,0.24,1.112,1.291,4.99,7.468,8.63,7.425,3.605,1.348,0.474,0.263,0.0,0.526,0.194,0.266,0.276,0.715,0.493,0.564,0.277,0.574,1.239,0.884,0.0,0.944,0.988,1.971,4.811,7.702,8.663,6.674,3.477,1.977,0.816,0.285,0.35,0.188,0.0,0.908,0.414,0.0,0.694,0.492,0.604,0.836,0.285,0.421,0.0,0.194,1.203,1.944,4.276,7.524,8.166,6.585,4.169,0.833,0.427,0.453,0.538,0.0,0.577,0.372,0.914,0.645,0.245,0.848,0.372,0.542,0.1,0.0,0.0,0.163,0.742,1.593,4.337,6.951,8.143,7.032,4.279,0.861,0.121,0.459,0.167,0.0,0.51,0.0,0.633,0.77,0.846,0.013,0.347,0.834,0.0,0.0,0.403,0.878,0.0,0.362,1.845,3.382,4.709,3.519,1.921,0.084,0.299,0.552,0.0,0.0,0.094,0.0,0.48,0.551,0.0,0.0,0.127,0.315,1.01,0.168,0.0,0.0,0.39,0.664,2.129,3.056,3.385,2.313,1.721,0.572,0.573,0.0,0.28,0.485,0.163,0.518,0.328,0.0,0.0,0.584,0.0,0.085,0.0,0.618,791.1,morning
D0675,0.189,0.187,0.469,0.0,0.887,0.194,0.299,0.0,0.618,1.219,0.0,0.229,0.386,0.75,2.9,2.801,0.377,0.512,2.97,3.23,0.0,1.371,0.257,0.364,0.546,0.369,0.53,0.0,0.137,0.116,0.54,0.154,0.209,0.229,0.73,0.0,0.301,0.0,1.174,1.595,0.0,0.0,1.652,2.247,0.457,0.177,0.0,0.192,0.406,0.658,0.0,0.894,0.202,0.19,0.0,0.0,0.0,0.931,0.771,0.407,0.0,0.079,2.506,3.061,0.0,0.0,3.098,3.285,0.0,0.054,0.364,0.701,0.0,0.387,0.379,0.28,0.515,0.187,0.108,0.385,0.971,0.0,0.196,0.0,0.0,0.356,2.784,2.864,0.266,0.474,2.52,3.4,0.753,0.193,0.071,0.037,0.0,0.0,0.552,1.012,0.839,0.98,0.0,0.059,0.0,0.0,0.464,0.0,0.0,0.0,3.287,3.029,0.0,0.128,3.357,2.97,0.0,0.0,1.007,0.0,0.096,0.0,1.129,0.0,0.307,0.046,0.0,0.396,0.0,0.522,1.264,0.48,0.0,0.0,0.495,0.281,0.0,0.114,1.434,1.547,0.306,0.158,0.449,0.17,0.0,0.481,0.0,0.0,1.023,0.0,0.485,0.355,0.0,1.316,0.0,0.0,0.0,0.306,1.434,1.2,0.399,0.0,1.138,1.679,1.16,0.0,0.848,0.043,370.1,intermittent
D0676,1.829,2.094,1.113,0.72,0.665,0.14,0.699,1.395,0.0,0.046,0.016,0.225,0.0,1.001,0.567,0.303,0.241,1.763,0.893,0.476,0.041,2.551,1.238,2.204,2.979,2.213,0.674,0.75,0.4,0.226,0.965,1.573,1.233,0.0,0.237,0.209,0.331,0.565,0.791,0.159,0.118,1.613,2.375,0.0,0.396,3.267,0.685,2.479,2.66,2.158,0.921,1.131,0.662,0.527,0.0,2.279,0.261,1.368,0.0,0.181,0.396,0.233,0.292,0.0,0.346,1.979,2.906,0.328,1.221,2.183,0.701,1.802,2.619,1.939,1.184,1.293,0.017,0.003,0.463,1.663,0.0,0.0,0.0,0.0,0.0,0.0,0.14,0.122,0.255,2.107,1.782,0.0,0.507,1.948,1.929,2.537,3.034,2.75,0.704,0.582,1.635,0.75,0.473,1.304,0.788,0.085,0.0,0.343,0.181,0.0,0.0,0.691,0.927,1.625,1.409,0.35,0.293,1.913,2.16,2.567,3.342,2.642,0.687,1.533,0.294,0.094,0.183,2.719,0.0,0.512,0.033,0.0,0.724,0.0,0.427,0.058,0.833,3.126,3.835,0.0,0.532,3.807,2.319,3.317,1.586,2.027,0.873,0.618,0.0,1.494,0.572,2.42,0.0,0.547,0.135,0.402,0.375,0.018,0.508,0.0,0.0,2.696,3.534,0.0,1.695,2.986,1.959,3.381,565.3,intermittent
D0677,1.082,0.0,0.147,0.744,2.161,5.406,8.219,8.138,7.213,2.846,1.674,0.0,0.0,0.0,1.325,0.085,0.554,0.719,0.658,0.143,0.219,0.671,0.452,1.115,0.0,0.882,0.596,1.772,3.485,5.2,8.368,8.656,7.052,3.939,1.261,0.956,0.38,0.0,0.51,0.628,0.657,0.0,0.28,0.0,0.44,0.417,0.0,0.0,0.636,0.968,0.111,0.899,1.752,5.637,8.836,8.314,5.941,3.362,1.498,0.028,0.0,0.842,0.0,0.0,0.297,1.206,0.138,0.0,0.608,0.875,0.983,0.54,0.638,0.66,0.575,1.779,2.452,5.197,8.557,8.92,7.447,4.347,0.978,0.971,0.425,0.525,0.897,0.246,0.003,0.109,0.303,0.0,0.207,0.36,0.771,0.094,0.535,0.395,0.838,1.43,2.109,5.493,8.194,8.23,6.723,3.394,1.655,0.832,0.149,0.078,0.943,0.144,0.0,0.03,0.903,1.009,0.863,0.174,0.199,0.525,0.433,0.0,0.0,0.478,0.962,1.999,3.873,3.72,2.116,2.0,0.586,0.423,0.0,0.0,0.0,0.339,0.071,0.701,0.0,0.0,0.0,0.504,1.208,0.002,0.419,0.0,0.011,0.0,1.017,1.805,2.847,4.053,3.021,1.918,0.674,0.0,0.319,0.271,0.0,0.992,0.147,0.225,0.226,0.367,0.031,0.717,0.8,0.0,914.1,morning
D0678,1.398,1.679,2.515,1.14,1.941,1.882,1.801,1.897,2.394,2.5,2.409,2.615,2.329,3.051,2.765,2.171,2.617,2.806,2.359,1.756,1.292,2.333,1.489,1.551,1.526,1.416,1.682,1.891,1.555,1.538,1.813,1.936,2.232,2.286,1.71,2.72,1.773,2.539,2.379,3.184,2.185,2.355,2.296,2.457,2.642,2.159,3.016,1.809,2.425,1.962,1.897,1.31,2.149,1.825,1.964,2.033,2.355,2.715,2.18,2.187,2.502,1.955,2.054,2.663,2.136,2.692,2.218,2.031,2.624,1.742,1.977,1.64,1.878,2.143,1.902,1.837,1.825,2.045,2.178,2.233,2.189,1.925,2.203,2.136,2.562,2.31,2.335,3.076,2.35,1.521,3.012,2.187,1.97,1.896,1.826,2.478,1.63,1.599,1.757,1.157,1.698,2.363,2.114,2.282,1.844,1.471,2.553,1.901,1.706,2.089,2.149,1.933,2.403,3.293,2.244,1.906,2.138,2.456,1.012,1.739,1.81,1.826,1.439,1.077,1.783,1.39,0.585,1.885,2.007,1.872,2.793,2.307,2.211,2.846,3.023,2.58,1.95,2.292,2.399,0.895,1.369,2.086,1.731,1.966,1.999,1.267,1.559,1.73,2.076,2.112,1.05,0.877,1.644,2.48,1.786,3.073,1.566,1.728,1.891,1.75,1.764,2.206,2.05,1.515,1.931,1.537,2.104,1.861,1213.2,allday_low
D0679,0.378,1.485,0.08,0.707,1.174,3.301,5.147,5.979,6.725,3.849,2.561,1.072,0.293,0.444,0.621,0.048,0.0,0.037,0.511,0.292,0.68,0.0,0.69,0.866,1.162,0.429,0.38,0.765,0.87,1.865,3.958,6.442,7.531,4.961,1.767,0.982,0.663,0.74,0.0,0.245,0.0,0.525,0.0,0.165,0.031,1.062,0.892,0.0,0.162,0.0,0.0,0.0,1.034,2.511,4.126,7.363,7.746,4.522,2.063,1.373,0.358,0.306,0.364,0.499,1.415,0.127,0.505,0.0,0.0,0.788,0.061,0.583,0.522,0.633,0.086,0.685,1.644,2.311,5.093,6.605,6.778,5.412,2.171,0.763,0.207,0.0,0.553,0.244,0.453,0.0,0.037,0.59,0.054,0.601,0.247,0.437,1.287,0.659,0.918,0.0,1.039,2.809,4.64,6.373,6.455,4.203,2.133,0.624,0.101,0.56,0.098,0.54,0.316,1.229,0.191,0.558,0.0,0.125,0.249,0.384,0.092,0.0,0.516,0.41,0.859,1.019,2.689,2.983,2.436,2.228,0.08,0.535,0.319,0.0,0.0,0.0,0.1,0.0,0.703,0.0,0.517,0.0,0.748,0.487,0.0,0.16,0.371,0.83,0.0,1.657,1.734,3.727,3.489,0.409,1.26,0.298,0.583,0.384,0.258,0.441,0.0,0.0,0.402,0.252,0.657,0.38,0.0,0.261,790.6,morning
D0680,1.452,0.311,0.503,0.315,0.892,0.658,1.162,1.31,0.241,0.022,0.79,1.527,1.313,1.511,0.627,0.62,1.48,0.594,1.207,0.292,0.857,0.577,1.134,0.084,1.212,0.832,1.156,0.433,1.168,0.572,1.508,0.174,0.231,0.976,1.132,1.195,1.416,0.542,1.962,1.13,1.49,1.143,1.499,2.65,0.503,0.95,0.783,1.415,1.114,1.245,0.578,1.127,0.404,0.583,1.37,1.329,1.426,0.623,1.395,0.667,1.177,1.543,1.344,1.719,0.453,0.917,0.475,0.834,0.952,0.925,1.26,1.254,0.579,0.989,1.521,1.51,0.82,1.087,0.855,0.0,0.391,0.785,0.868,0.938,0.818,1.157,1.078,0.852,0.865,0.806,1.571,1.251,0.768,1.245,0.659,0.728,0.68,1.3,0.892,0.601,1.41,0.751,0.391,0.605,0.248,0.693,0.865,0.607,0.821,0.704,1.605,0.444,0.583,1.135,0.336,1.072,0.434,1.106,0.587,0.62,1.032,0.721,0.0,0.737,0.608,0.593,0.564,0.413,0.961,0.614,1.761,1.77,1.006,1.43,0.949,0.857,1.04,0.579,0.564,1.809,0.833,1.051,1.103,0.352,0.095,1.419,0.787,0.711,0.906,0.933,1.233,1.207,0.86,0.914,1.568,0.306,1.08,0.533,0.318,0.725,0.528,1.257,0.093,1.446,0.691,1.181,0.486,0.413,520.3,allday_low
D0681,5.051,3.88,2.465,1.716,0.658,0.676,0.972,0.0,0.599,0.0,0.01,0.349,0.0,0.192,0.0,0.0,0.627,0.03,0.72,1.225,2.131,4.192,4.352,4.931,6.058,3.644,2.173,1.563,0.591,0.298,0.738,0.0,0.0,0.31,0.0,0.0,1.065,0.0,0.079,0.672,0.758,0.541,0.257,0.494,1.616,3.26,4.015,5.724,5.1,3.475,2.53,1.77,0.676,0.438,0.153,0.0,0.0,0.297,0.0,0.018,0.0,0.349,0.601,0.618,0.97,0.0,0.894,0.998,1.921,3.81,3.844,5.393,5.166,3.55,2.3,1.413,0.631,0.0,0.24,0.0,0.0,0.0,1.116,0.123,0.113,0.325,0.049,0.779,0.617,0.549,0.484,1.214,1.778,3.68,5.003,5.493,6.483,5.167,2.948,1.116,1.679,0.307,0.448,0.388,1.335,0.351,0.789,0.799,0.0,1.132,0.484,0.417,0.569,1.433,0.636,1.231,2.608,4.135,6.444,7.181,7.318,5.329,3.1,2.052,1.179,0.467,0.138,0.525,0.979,0.0,0.361,0.402,0.892,0.0,0.892,0.132,0.458,0.869,1.35,1.713,2.095,3.773,7.037,6.725,6.445,4.639,2.922,1.647,0.281,0.302,1.226,0.0,1.057,1.17,0.0,0.79,1.207,1.242,0.0,0.846,0.513,1.024,0.789,1.049,2.928,3.613,6.062,6.427,947.5,night
D0682,0.0,0.529,0.0,0.085,0.295,1.659,5.501,7.952,9.157,7.084,4.422,2.493,1.001,0.81,0.893,0.485,0.0,0.922,0.274,0.0,0.637,1.321,0.972,0.0,0.348,0.098,0.0,0.417,0.793,1.661,4.734,8.019,8.922,6.6,3.745,0.984,0.854,0.434,0.958,0.0,0.98,0.0,0.349,0.233,0.0,0.503,0.41,1.267,0.444,0.24,0.053,0.166,0.0,1.894,5.132,7.768,9.802,7.402,4.439,1.583,0.361,1.014,0.371,0.897,0.193,0.0,1.163,0.0,0.0,0.735,0.0,0.823,0.414,0.504,0.596,0.0,0.371,2.585,4.632,8.01,9.422,7.726,3.355,1.934,1.184,0.644,1.008,0.251,0.0,0.629,0.394,1.224,0.508,0.78,0.241,0.406,0.922,0.661,1.652,0.878,0.859,2.196,4.985,8.359,8.823,6.278,4.284,2.133,0.498,1.072,0.774,0.515,0.166,0.0,0.652,0.539,0.245,0.0,0.657,0.677,0.289,0.139,0.0,0.538,1.23,0.597,1.866,3.499,4.795,4.006,1.828,0.777,0.346,0.0,0.0,0.359,1.096,1.334,0.071,0.0,0.0,1.17,0.0,0.18,0.629,0.157,0.84,0.0,0.019,0.648,1.908,3.727,2.781,2.886,1.827,1.091,0.024,0.133,0.241,0.436,0.908,0.137,0.431,0.0,0.051,0.476,0.666,0.0,950.3,morning
D0683,0.0,0.642,0.584,0.994,1.624,3.997,7.181,8.442,7.611,5.087,2.205,0.0,0.0,1.027,0.162,0.0,0.122,0.729,0.115,0.992,0.0,0.582,0.744,0.495,0.665,1.167,0.672,0.0,1.54,3.975,7.383,8.899,7.808,5.017,2.252,0.426,0.975,0.043,0.0,0.504,0.038,0.431,0.0,0.419,0.197,0.295,0.422,0.261,0.038,0.0,0.612,0.331,0.865,3.524,6.516,8.469,8.101,4.269,2.877,0.825,0.256,0.933,0.29,0.143,0.27,2.03,0.0,0.365,0.861,0.554,0.551,0.737,0.706,0.26,0.773,0.694,1.695,3.317,6.519,8.475,7.3,4.191,2.495,0.508,0.0,0.456,0.0,0.629,0.502,0.557,0.0,0.125,0.59,0.0,0.511,0.37,0.918,0.0,0.161,0.672,2.056,3.9,6.196,8.367,7.691,4.829,2.535,0.293,1.275,0.0,0.447,0.09,0.312,0.196,1.115,0.0,0.0,0.0,0.0,0.576,0.076,0.321,0.309,0.0,0.394,1.178,3.389,3.331,2.514,1.763,1.589,0.0,0.099,0.0,0.0,0.0,0.369,0.0,0.86,0.0,0.0,0.0,0.0,0.871,0.0,0.0,0.427,0.0,0.638,2.13,3.028,3.622,3.186,1.607,0.23,0.623,0.135,0.445,0.861,0.775,0.138,0.232,0.0,0.0,0.0,0.309,0.0,0.222,858.5,morning
D0684,5.374,4.152,2.068,1.558,1.327,0.207,0.505,0.603,0.309,0.0,0.414,0.663,0.0,0.246,0.829,0.798,0.0,0.0,1.147,0.381,2.068,4.514,6.379,5.988,5.813,4.508,2.12,0.944,1.383,0.364,0.0,0.438,0.62,0.856,0.693,0.557,0.0,1.074,0.315,0.746,0.779,0.719,0.485,1.872,2.458,4.272,6.167,6.425,6.169,4.148,2.122,1.416,0.183,0.515,0.29,0.705,0.719,0.106,0.013,0.999,1.117,1.546,0.2,0.117,0.0,0.365,0.0,1.035,2.461,3.393,5.858,6.947,6.172,4.575,2.056,0.523,1.153,0.6,0.335,0.381,0.0,0.537,0.523,0.515,0.193,0.58,0.538,0.527,0.389,0.434,0.568,1.342,1.884,4.386,6.028,7.549,6.786,4.513,2.625,1.607,0.691,0.0,0.0,0.983,1.364,0.724,0.403,0.574,0.129,1.061,1.185,0.149,0.714,0.365,1.093,1.434,2.743,5.398,6.791,8.245,7.482,5.603,3.15,1.567,1.241,0.939,0.898,0.033,0.801,1.191,0.0,0.0,1.322,0.688,0.223,0.0,0.224,0.0,1.022,2.047,3.833,4.696,7.987,8.651,6.662,3.348,2.533,0.805,0.211,1.302,1.179,0.505,0.0,0.112,1.234,0.327,0.0,0.479,0.376,0.0,0.138,0.0,1.827,0.995,2.451,4.447,6.763,6.303,1084.5,night
D0685,0.39,0.0,0.288,0.682,0.945,2.289,5.51,7.664,7.263,5.27,2.918,0.599,0.491,0.533,0.0,0.695,0.693,0.0,0.537,0.999,0.32,0.0,0.594,0.08,0.569,0.624,0.0,0.545,0.473,1.751,5.207,7.342,6.414,5.699,2.208,1.103,0.302,0.777,0.554,0.436,0.576,0.269,0.707,0.449,0.747,0.968,0.811,0.35,1.036,0.006,0.309,0.68,0.794,2.726,4.881,6.552,6.986,5.818,2.304,1.119,0.282,0.563,0.303,0.0,0.0,0.698,0.227,0.0,0.421,0.468,0.158,0.276,0.789,0.348,0.0,0.465,1.358,1.727,5.19,7.258,6.888,5.81,2.377,1.092,0.625,0.387,0.0,0.853,0.0,0.149,0.696,0.258,0.149,0.165,0.0,0.743,0.0,0.282,0.0,0.445,0.27,1.418,4.159,6.156,7.088,5.124,2.513,0.702,0.807,0.178,0.782,0.0,0.366,0.357,0.0,0.758,0.237,0.31,0.424,1.082,0.0,0.167,0.632,0.084,0.84,0.99,2.297,3.159,3.21,2.384,0.813,0.089,0.103,0.121,0.38,0.0,0.761,0.0,0.0,0.266,0.675,0.0,0.774,0.439,0.305,0.297,0.29,0.0,0.103,0.665,1.695,3.172,3.534,1.661,0.649,1.003,0.121,0.388,0.0,0.938,0.131,0.444,0.497,0.0,0.0,0.0,0.108,0.09,795.3,morning
D0686,4.931,3.309,1.053,1.139,0.189,0.0,0.261,0.226,0.621,0.226,0.785,0.838,0.022,0.192,0.716,0.295,0.746,0.825,0.0,1.378,2.397,3.884,5.113,5.427,5.256,3.167,1.449,0.65,0.344,0.903,0.0,0.979,0.388,0.0,0.891,0.664,0.141,0.393,0.718,0.835,0.258,0.993,0.519,1.699,1.524,4.398,4.192,4.945,4.926,3.049,1.989,0.309,0.094,0.217,0.0,0.82,0.278,0.0,0.282,0.305,0.529,0.254,0.0,0.214,1.271,0.541,0.166,1.614,3.29,3.95,4.953,4.636,4.671,2.617,1.895,0.0,0.758,0.0,0.373,1.029,0.0,0.028,0.491,0.081,0.863,0.202,0.763,0.545,0.367,0.474,0.797,1.056,2.893,3.34,5.981,5.02,6.171,4.714,2.912,0.157,0.626,0.457,1.133,0.0,0.38,0.0,0.492,0.15,0.472,0.23,0.0,0.841,0.0,0.563,0.629,1.783,3.838,3.914,6.082,6.676,5.615,4.322,2.213,0.794,0.172,0.0,0.701,0.127,1.256,0.972,0.281,0.352,0.017,0.334,0.204,0.378,0.798,1.393,0.496,0.826,2.842,4.975,6.872,7.556,4.306,3.463,2.701,1.092,0.017,0.0,0.263,1.041,0.288,0.0,0.0,1.253,0.0,0.158,0.0,0.269,0.309,0.813,0.0,1.279,1.72,3.339,5.383,6.09,922.1,night
D0687,4.213,0.06,0.04,0.086,0.185,0.061,2.789,0.0,0.247,0.0,0.0,0.48,0.0,0.0,0.426,0.0,3.771,0.0,0.589,0.585,0.148,0.0,0.851,1.18,2.939,0.51,0.19,0.0,0.723,0.065,0.557,0.131,0.043,0.0,0.503,0.0,0.224,0.0,0.0,0.0,1.086,0.0,0.459,0.0,0.767,0.272,0.0,0.733,3.341,0.268,0.596,0.0,0.256,0.0,2.968,0.0,0.209,0.641,0.015,0.735,0.0,0.0,0.268,0.094,3.31,0.0,0.582,0.18,0.586,0.0,0.0,0.179,3.279,0.369,0.0,0.0,0.092,0.0,3.143,0.0,0.0,0.0,0.417,0.002,0.858,0.0,0.033,1.317,2.767,0.0,0.0,0.0,0.147,0.654,0.0,0.0,2.527,0.934,0.658,0.0,0.081,0.341,2.214,0.0,0.569,0.446,0.777,0.224,0.0,0.345,0.0,0.537,3.132,0.0,0.0,0.862,0.517,0.151,0.0,0.029,1.817,0.0,0.206,0.0,0.188,0.261,1.483,0.682,0.0,0.355,0.736,0.417,0.0,0.941,0.087,0.542,1.875,0.674,0.547,0.0,0.0,0.382,0.0,0.565,6.385,0.391,0.039,0.598,0.765,0.058,4.56,0.0,0.0,0.29,0.631,0.0,0.552,0.601,0.98,0.027,5.939,0.293,0.054,0.0,0.14,0.0,0.072,0.0,298.4,intermittent
D0688,1.331,1.687,1.647,0.871,1.65,1.671,1.458,0.848,3.14,1.588,1.631,2.056,1.816,1.673,2.555,1.357,1.594,1.637,2.03,2.412,1.202,1.643,0.801,1.138,1.417,1.572,0.412,0.866,1.738,1.851,1.289,1.395,1.398,2.37,2.182,2.64,2.57,1.985,1.935,2.093,1.965,2.225,2.075,2.295,1.366,1.828,1.38,1.977,0.59,1.764,0.985,1.439,1.567,1.192,1.37,1.767,1.611,1.937,2.31,1.849,2.427,1.582,2.99,1.451,1.658,2.439,2.176,1.987,1.701,1.293,0.962,1.785,1.814,1.688,1.356,2.236,1.729,1.606,1.742,2.548,1.367,1.459,1.943,1.92,2.341,2.076,2.384,2.564,1.936,2.708,1.852,2.094,1.693,1.168,1.45,2.292,0.843,2.019,0.651,1.574,2.046,0.845,1.242,2.244,1.47,1.702,1.738,1.367,2.11,2.638,2.136,2.6,1.874,2.066,2.309,1.881,1.251,1.318,1.623,1.915,1.273,1.766,2.142,1.835,1.151,1.248,2.04,1.609,1.566,1.536,1.303,1.316,1.596,1.626,2.112,1.679,1.804,1.555,1.535,1.746,0.32,2.086,1.358,0.942,0.832,1.351,0.0,1.889,0.981,1.966,1.691,1.441,1.892,1.329,1.55,2.563,2.078,2.208,1.827,1.423,1.724,1.212,1.011,1.637,1.205,1.683,1.151,0.575,1010.9,allday_low
D0689,0.901,0.053,0.0,0.0,0.691,0.0,0.046,0.655,0.292,1.187,4.062,0.0,0.0,0.612,0.046,0.508,1.002,0.0,0.0,0.0,0.0,3.349,0.057,0.0,0.284,0.076,0.62,1.586,0.13,0.0,0.0,0.0,0.0,0.255,3.989,0.979,0.409,0.74,0.011,0.0,0.561,0.598,0.0,0.0,0.0,4.52,0.253,0.144,0.495,0.055,0.0,0.0,1.453,0.727,0.332,0.0,0.377,0.656,2.769,0.173,0.012,0.682,0.183,0.081,0.094,0.0,0.26,0.0,0.0,2.269,0.499,0.346,1.31,0.109,0.555,0.0,0.207,0.0,0.0,0.313,0.998,0.379,4.205,0.0,0.301,0.0,0.0,0.506,0.802,0.0,0.662,0.0,0.169,5.37,0.0,0.169,0.0,0.347,0.402,0.0,0.0,0.834,0.468,0.286,0.642,0.0,3.852,0.0,0.0,0.0,0.172,0.456,0.745,0.239,0.474,0.607,0.631,3.778,0.0,0.209,1.108,0.593,0.0,0.186,0.304,0.0,0.0,0.383,0.504,0.114,2.749,0.346,0.0,0.0,1.488,0.0,0.571,0.006,0.456,0.601,0.0,2.943,0.0,0.0,0.774,0.0,0.0,0.443,1.462,0.0,0.0,0.079,0.478,0.623,1.367,0.952,0.417,0.0,0.053,0.369,0.16,0.091,1.092,0.397,0.0,1.803,0.934,0.319,298.5,intermittent
D0690,1.346,2.52,1.199,2.523,1.279,1.981,2.454,1.888,1.649,2.159,2.341,2.837,1.742,1.9,3.249,2.413,2.466,2.558,2.217,2.652,2.317,1.979,1.22,2.307,2.654,2.327,0.766,2.341,2.113,1.873,1.303,1.609,2.226,1.894,3.088,1.508,2.237,1.585,1.587,1.803,1.479,2.476,1.801,1.598,2.003,1.858,1.781,1.66,1.976,2.058,1.297,2.52,1.802,2.368,1.939,2.324,1.341,1.571,1.888,1.649,2.402,2.303,1.872,2.555,2.633,1.284,2.623,2.374,1.305,1.636,1.592,1.41,2.494,1.548,0.722,1.64,1.533,1.522,2.037,1.314,2.818,2.033,2.176,2.027,2.979,2.002,2.42,2.472,2.178,2.482,2.553,2.419,1.972,1.835,1.954,1.664,1.335,1.852,2.424,2.009,1.211,1.885,2.307,1.875,2.099,3.69,3.003,2.233,2.613,2.22,2.2,2.759,2.715,2.541,2.079,2.935,1.542,2.015,1.394,1.916,1.515,2.237,1.604,2.251,1.565,1.463,1.917,0.832,1.685,2.001,2.99,2.315,1.262,1.8,1.609,2.311,2.493,1.354,2.489,1.498,1.443,1.234,1.467,1.692,2.185,1.045,1.048,2.027,1.5,1.375,1.827,1.528,1.415,1.763,2.068,1.518,2.52,2.024,2.023,1.83,1.877,1.672,2.463,1.959,1.604,1.38,1.499,1.884,1145.2,allday_low
D0691,0.974,1.151,2.102,1.281,1.325,0.933,1.703,1.082,1.588,0.581,1.228,1.402,1.568,1.555,2.299,1.711,2.256,1.231,1.039,2.186,1.033,1.499,1.196,0.753,0.609,0.826,0.98,1.382,1.257,1.11,1.777,1.967,1.511,1.297,1.579,1.768,1.051,1.711,1.769,1.291,1.456,1.315,2.13,0.961,1.61,2.104,1.27,1.888,1.271,1.415,0.555,1.774,1.09,1.231,1.153,1.03,1.806,1.345,1.228,1.32,1.278,2.415,1.811,1.382,1.337,2.118,1.707,0.841,0.093,1.435,1.928,0.912,1.5,1.997,0.588,0.761,1.067,1.435,1.466,1.316,2.599,1.883,1.434,1.568,1.539,2.304,1.071,1.635,0.857,1.791,1.816,0.87,0.72,1.382,1.47,0.61,1.103,1.494,1.393,1.009,0.913,0.148,0.967,1.519,1.42,1.851,2.431,1.653,0.783,1.515,2.272,2.289,0.961,1.263,1.491,1.923,1.036,1.635,0.078,1.192,0.564,0.946,0.365,1.087,1.351,1.233,1.683,1.289,1.368,1.095,1.613,1.25,1.39,2.05,2.346,1.416,1.714,1.145,1.134,0.252,1.549,1.029,1.931,0.805,1.097,1.408,2.184,0.688,0.888,1.209,1.038,1.546,1.37,1.926,1.314,1.872,1.523,1.823,1.681,1.537,1.205,1.869,0.957,1.65,1.572,2.227,1.563,0.295,782.7,allday_low
D0692,1.649,0.899,0.639,1.036,2.455,2.013,1.317,1.704,1.241,2.136,1.348,1.708,1.59,1.857,2.106,1.956,2.379,1.435,0.701,1.832,2.417,1.166,1.83,1.319,1.134,1.107,1.669,2.07,2.025,1.912,1.632,1.335,2.107,2.356,1.631,1.684,2.124,1.51,2.079,1.071,2.397,1.939,1.881,1.992,1.472,2.057,2.103,1.861,1.831,2.898,2.167,1.184,1.571,0.763,1.895,1.378,2.486,2.066,1.608,1.924,2.425,2.326,1.663,2.599,0.934,1.26,1.796,1.572,1.815,1.111,1.24,1.038,0.968,1.42,0.968,1.247,1.29,1.516,0.803,1.807,1.396,1.889,1.749,2.025,2.024,2.751,1.309,2.74,2.483,1.727,2.169,2.741,1.055,1.725,1.062,1.691,1.931,1.018,1.195,1.447,1.911,2.014,1.807,1.77,1.711,2.186,2.079,2.24,2.047,1.409,1.474,2.202,1.735,2.112,1.637,1.417,2.019,1.042,1.84,1.367,1.008,1.143,1.37,2.116,1.566,1.873,1.742,1.558,1.341,1.401,1.56,2.173,2.791,1.626,1.883,1.812,1.563,0.813,2.283,1.83,1.79,1.238,1.715,0.864,1.486,0.864,0.866,1.298,1.203,2.104,0.65,1.704,2.003,1.279,1.516,2.023,1.329,1.781,1.723,1.942,1.815,1.653,1.624,1.383,1.878,1.555,1.473,2.066,1011.3,allday_low
D0693,3.816,2.426,1.186,1.462,0.0,0.226,0.0,0.289,0.153,0.221,0.436,1.181,0.798,0.174,0.071,0.504,0.0,0.0,0.501,0.664,4.51,4.838,6.101,6.356,3.375,1.987,1.478,0.283,0.144,0.0,0.839,0.231,0.0,0.0,0.727,0.623,0.0,0.542,0.001,0.632,0.0,0.314,0.559,1.371,2.108,2.958,3.771,4.364,3.964,2.032,1.62,0.918,0.0,0.56,0.697,0.031,0.188,0.105,0.0,0.463,0.256,0.369,0.0,0.436,0.862,0.037,0.004,1.002,1.92,2.346,4.439,4.548,3.873,2.673,1.901,0.932,0.88,1.778,0.137,0.232,0.0,0.202,0.317,0.134,0.356,0.371,0.424,0.129,0.0,0.654,0.301,1.083,3.77,4.392,5.769,5.487,3.87,3.022,1.35,0.911,0.137,0.654,0.0,0.459,0.28,0.014,0.255,0.504,0.0,0.609,1.062,0.0,1.147,0.789,0.164,0.902,2.858,4.439,6.295,6.364,4.345,3.468,1.35,1.769,0.485,0.305,0.46,0.13,0.0,0.499,0.195,0.0,0.796,0.0,0.0,0.711,0.227,0.942,1.03,1.312,3.51,4.003,5.294,5.991,4.2,2.498,2.067,0.923,0.95,0.761,0.248,1.043,0.722,0.0,0.0,0.0,0.289,0.811,0.148,0.155,0.435,1.001,0.606,0.635,1.851,2.854,3.783,5.198,810.9,night
D0694,5.938,5.251,3.908,2.022,0.29,0.286,1.06,0.48,0.421,0.006,0.0,0.398,0.535,0.0,0.753,0.15,0.528,0.404,0.404,1.855,1.502,2.455,4.445,5.591,6.728,5.673,3.791,2.07,1.045,0.611,0.97,0.573,0.0,1.114,0.617,1.498,0.344,0.89,0.712,0.456,0.974,0.304,0.506,0.174,1.154,2.04,4.182,6.051,6.544,5.651,4.186,3.301,0.918,1.703,0.0,0.0,0.921,0.408,0.0,0.392,0.185,0.551,0.258,0.956,0.449,0.512,0.362,0.975,1.201,2.896,3.536,5.827,6.456,5.416,3.476,1.933,1.341,0.845,0.814,0.201,0.854,0.363,0.691,0.441,0.06,0.0,0.0,0.0,0.171,0.697,0.917,1.178,0.0,2.368,4.272,5.904,7.359,7.553,5.747,2.654,2.421,0.0,0.05,0.367,0.766,0.509,0.0,0.804,0.734,0.229,0.303,0.0,0.715,0.0,0.0,1.576,1.64,2.795,4.449,7.425,8.492,7.9,4.083,2.591,1.735,0.735,0.892,0.628,0.592,0.768,0.0,0.645,0.667,1.439,0.0,0.315,0.74,0.911,0.497,0.73,1.566,3.892,5.526,7.374,6.796,5.832,4.661,2.933,0.475,0.445,0.73,0.538,0.278,0.789,1.041,0.09,0.0,0.369,0.0,0.733,0.0,1.313,0.0,0.682,1.481,2.42,4.542,6.502,1124.6,night
D0695,0.183,0.195,5.492,0.0,1.308,0.516,0.561,0.235,0.307,0.399,0.348,0.0,0.0,0.631,0.824,0.0,0.084,5.594,0.588,0.129,0.042,4.906,5.687,0.161,0.042,0.15,5.886,0.313,0.866,0.0,0.253,0.14,1.39,0.195,0.0,0.349,0.437,0.89,0.017,0.792,0.269,5.676,0.502,0.166,0.0,5.113,4.794,0.0,0.249,0.0,3.521,0.19,0.086,0.0,0.0,0.251,0.726,0.517,0.0,0.0,0.043,0.0,0.0,0.0,0.869,3.706,0.824,0.282,0.804,2.707,3.908,0.114,0.079,0.591,1.953,0.355,0.0,0.994,0.0,0.0,0.0,0.0,0.0,0.168,0.0,0.0,0.0,0.836,0.356,1.139,0.046,0.04,0.055,2.079,1.235,0.0,0.0,0.382,3.068,0.24,0.0,0.0,0.466,0.389,0.281,0.499,0.41,0.0,0.398,0.204,0.029,0.0,0.623,3.733,0.0,0.0,0.0,3.469,2.688,0.1,0.459,0.36,4.639,0.0,0.347,0.0,0.0,0.0,0.613,0.419,0.0,0.349,0.525,0.735,0.417,0.0,0.0,5.635,0.017,0.161,0.36,4.697,4.222,0.612,1.306,0.033,3.201,0.0,0.0,0.0,0.0,0.0,0.779,0.933,0.742,0.111,0.54,0.0,0.0,0.012,0.249,2.975,0.255,0.19,0.0,2.657,3.023,0.964,495.8,intermittent
D0696,1.378,2.072,2.375,1.23,0.84,1.562,2.353,2.0,1.132,1.681,2.136,2.585,1.997,2.453,2.502,2.212,2.025,2.391,1.831,1.686,1.226,0.727,1.156,1.705,2.266,1.847,2.222,1.572,1.833,1.496,0.804,1.261,1.607,2.066,1.349,2.228,2.295,1.477,2.462,2.058,1.47,2.056,1.473,2.454,1.052,2.241,2.492,2.351,2.228,1.456,1.622,1.728,1.116,2.064,2.051,1.968,1.158,2.283,2.19,1.691,2.131,2.849,2.441,2.732,2.884,1.928,1.859,1.954,0.915,2.245,1.941,1.372,1.572,1.041,2.126,1.663,1.936,1.74,2.521,1.344,1.441,1.361,2.387,1.168,1.298,1.852,2.583,2.503,1.61,1.203,2.778,1.702,2.259,2.202,1.283,1.522,2.056,1.569,0.989,1.614,1.473,2.152,2.094,1.354,1.938,1.134,1.578,2.792,2.154,2.773,2.301,2.431,2.154,1.162,2.2,2.513,2.242,0.915,2.148,1.658,1.322,1.339,1.495,1.13,1.516,1.838,1.756,1.885,2.354,1.757,2.073,1.644,2.071,2.097,1.524,1.711,1.444,1.928,1.779,2.23,2.018,1.752,1.926,1.795,1.955,1.96,2.371,1.898,1.042,2.172,1.337,2.503,1.573,2.507,1.365,2.584,2.734,2.85,2.643,2.123,1.992,2.037,1.395,1.729,2.2,2.48,1.506,1.476,1151.2,allday_low
D0697,0.868,0.344,0.526,0.361,1.149,1.698,4.302,6.387,6.084,4.688,2.941,1.181,0.371,0.113,0.0,0.0,0.128,0.631,0.0,0.549,0.854,0.022,0.421,0.85,0.297,0.283,0.116,0.136,0.314,1.895,4.324,6.483,6.823,3.752,1.599,1.456,0.232,0.572,0.733,0.509,0.282,0.622,0.352,0.085,0.281,0.167,0.383,0.0,0.768,0.256,0.0,0.116,0.492,1.713,5.104,6.879,5.812,3.909,1.701,1.062,0.481,0.466,0.0,0.0,0.031,0.614,1.312,0.0,0.832,0.561,0.0,0.487,0.357,0.383,0.625,1.211,1.179,2.229,4.134,6.285,6.415,4.193,2.481,1.635,0.0,0.035,1.054,0.326,0.809,0.0,0.475,0.157,0.259,0.13,1.008,0.055,0.772,0.291,1.08,0.663,0.23,2.118,4.092,6.286,6.054,3.425,1.861,0.597,0.372,0.421,0.589,0.516,0.0,0.501,0.875,0.335,0.0,0.0,0.661,0.414,0.0,0.201,0.0,0.0,0.406,1.061,1.639,2.685,3.602,1.531,1.05,0.646,0.0,0.0,0.0,0.0,0.77,0.0,0.118,0.0,0.293,0.0,0.456,0.0,0.834,0.0,0.259,0.314,0.738,0.213,1.337,2.36,3.018,1.639,1.606,1.254,0.14,1.074,0.0,0.218,0.27,0.734,0.598,0.088,0.0,0.285,0.396,0.673,745.2,morning
D0698,0.494,0.0,1.007,0.081,1.082,1.934,4.56,6.898,5.745,3.821,2.625,0.95,0.201,0.0,0.837,1.042,0.0,0.0,0.662,0.0,0.708,0.028,0.887,0.0,0.156,0.156,0.614,0.45,0.909,2.372,4.007,6.41,5.815,4.215,1.573,1.053,0.147,0.21,0.273,0.0,0.323,0.0,0.484,0.346,0.499,0.801,1.153,0.145,0.0,0.089,0.973,0.002,2.179,2.596,5.037,7.311,6.018,4.175,2.419,0.301,0.0,0.386,0.0,0.468,0.198,0.733,0.69,0.0,0.098,0.0,0.458,0.0,0.752,0.0,0.256,0.097,0.829,2.307,4.883,6.115,5.963,4.774,1.89,1.456,0.329,0.052,0.0,0.501,0.972,0.767,0.574,0.874,0.617,0.709,0.654,0.684,0.0,0.017,1.113,0.156,0.503,2.659,4.558,6.976,5.245,3.266,2.653,0.295,0.084,0.141,0.0,0.494,0.0,0.533,0.0,0.586,0.169,0.188,0.541,0.664,0.165,0.12,0.0,0.38,1.094,1.379,1.685,2.982,2.487,1.302,0.714,0.512,0.461,0.349,0.0,0.0,0.0,0.068,0.377,0.334,0.0,0.86,0.227,0.462,0.353,0.0,0.451,0.843,0.0,0.591,2.141,2.68,2.703,1.135,1.059,0.0,0.0,0.257,0.0,0.143,0.59,0.0,0.0,0.0,0.185,0.696,0.0,0.0,718.4,morning
D0699,0.0,0.1,0.541,0.015,0.21,0.593,2.74,4.804,6.639,6.962,5.007,1.639,1.136,1.009,0.0,0.0,0.793,0.0,1.314,0.0,0.083,0.0,0.0,0.457,0.52,0.0,0.0,0.102,0.638,0.912,2.434,4.585,5.866,6.193,5.278,2.474,0.46,0.388,1.12,0.031,0.301,0.58,0.01,1.452,0.231,0.824,0.646,0.657,0.603,0.0,0.0,1.021,0.0,1.755,1.697,4.564,6.969,6.756,5.15,3.256,0.612,0.0,0.505,0.516,0.0,1.068,0.0,0.625,0.316,0.77,0.0,0.576,0.0,0.243,0.014,0.51,1.267,0.559,2.444,4.517,7.522,7.097,4.626,2.728,0.464,0.553,0.226,0.614,0.0,0.0,0.171,0.0,0.0,0.813,0.222,0.915,0.274,0.815,0.0,0.605,0.0,1.065,3.226,4.346,6.686,6.454,4.73,2.222,1.97,0.579,0.0,0.005,0.906,0.15,0.85,0.721,0.125,0.013,0.522,0.0,0.668,0.0,0.071,0.305,0.377,0.0,0.157,1.857,3.239,3.55,1.517,1.035,0.0,0.0,1.131,0.0,0.208,0.482,0.938,0.036,0.0,0.0,0.018,0.128,0.119,0.0,0.0,0.87,0.153,0.0,0.052,1.986,2.637,2.365,2.266,0.395,0.419,0.393,0.0,0.169,0.0,0.379,0.448,0.0,0.315,0.316,0.916,0.434,735.8,morning
D0700,1.267,0.792,0.729,0.991,1.254,1.586,1.259,1.333,1.099,1.121,1.269,1.532,0.946,1.077,1.963,1.547,0.243,1.664,1.413,1.414,1.258,1.971,1.151,0.075,1.726,1.532,0.748,0.83,1.519,2.335,1.407,0.888,1.561,1.01,1.038,1.363,1.846,1.975,0.916,1.225,0.734,1.924,1.557,1.5,1.271,1.329,1.291,1.277,0.714,1.467,1.602,1.179,0.989,1.979,1.495,0.484,1.564,1.843,1.314,0.864,2.047,1.655,2.084,1.619,0.727,1.777,1.702,0.898,2.41,0.801,0.838,1.831,0.491,1.026,0.744,1.061,0.643,2.027,0.761,1.547,0.62,1.25,1.99,1.513,2.088,1.433,1.825,1.609,1.055,1.971,1.022,1.542,1.193,1.357,1.183,2.056,1.416,0.905,0.963,1.071,0.91,0.551,2.093,1.633,0.974,1.426,1.959,1.249,0.678,1.145,0.997,1.494,0.903,1.827,1.477,1.636,1.538,0.721,0.161,1.502,0.664,1.275,0.888,1.051,1.406,0.659,0.719,1.697,1.559,1.383,0.643,1.204,0.872,1.08,1.007,0.891,1.332,0.9,1.038,0.814,1.73,1.196,1.272,0.95,0.967,1.066,1.628,1.458,1.029,0.588,1.352,0.877,0.943,1.112,1.316,1.737,0.894,1.61,1.238,2.74,1.279,1.783,2.034,0.744,1.134,1.317,0.647,0.829,738.4,allday_low
D0701,5.606,6.419,4.157,2.635,0.412,0.0,0.256,0.627,0.365,0.073,0.0,0.732,0.583,0.062,0.314,0.0,0.0,0.453,1.321,0.718,1.339,1.998,3.596,5.567,6.143,5.684,3.371,2.225,1.161,0.886,0.584,0.047,0.862,0.962,0.092,0.0,0.04,0.05,0.346,0.824,0.31,0.901,1.156,1.043,1.518,2.521,3.73,4.804,6.553,5.828,3.268,2.191,1.163,0.44,0.851,0.73,0.674,0.263,0.015,0.917,0.0,0.0,0.269,0.28,0.456,0.734,0.831,0.889,0.84,2.156,3.688,5.996,5.935,5.513,4.969,3.024,1.25,0.572,0.86,0.868,0.371,1.248,0.308,0.456,1.049,0.309,1.187,0.724,0.1,1.051,0.212,0.102,1.148,1.965,3.792,5.388,7.329,6.218,5.35,3.191,1.765,0.915,0.145,0.652,0.181,0.12,0.0,0.894,0.104,0.723,0.0,0.118,0.969,0.856,1.088,0.539,0.903,2.907,4.022,6.494,7.709,7.938,4.908,3.114,0.968,1.302,0.883,0.298,0.923,1.105,0.268,0.972,0.463,0.0,0.636,0.234,0.0,0.582,0.721,1.671,1.374,2.266,4.731,7.535,7.563,6.445,4.529,2.339,1.069,0.917,0.564,0.0,0.0,0.282,0.415,0.111,0.547,0.509,0.567,0.785,0.0,0.458,0.547,0.962,1.192,1.971,4.083,5.871,1037.2,night
D0702,5.429,5.901,4.752,3.017,2.164,1.321,0.0,0.307,0.83,0.487,0.313,0.166,0.0,0.381,0.0,0.274,0.949,0.654,0.0,0.563,1.438,1.556,3.337,5.134,6.324,6.121,5.997,3.871,1.755,0.722,0.73,1.3,0.535,0.86,0.009,0.604,1.089,0.845,0.972,0.296,0.158,0.853,0.099,1.195,1.318,2.558,2.936,4.526,6.58,6.406,4.564,3.546,2.5,1.675,0.485,0.0,0.102,0.0,0.032,0.484,0.008,0.0,0.0,1.043,0.711,0.0,0.647,0.519,0.732,1.544,3.754,4.549,6.7,6.419,4.696,3.82,2.373,0.954,0.952,0.208,0.741,0.384,0.068,0.34,0.396,0.613,0.0,0.21,0.944,0.354,0.0,0.996,1.165,1.419,2.713,5.543,7.836,6.701,5.822,3.891,2.983,1.427,0.0,0.195,1.132,0.0,0.802,0.09,0.304,0.0,0.35,0.342,0.306,1.379,0.894,0.267,0.652,2.515,3.516,6.117,8.811,8.176,6.331,3.92,1.872,1.627,0.768,0.412,0.429,0.817,0.27,0.495,0.076,1.202,0.686,0.0,0.237,0.213,0.448,1.504,0.925,2.148,3.852,6.654,6.64,6.627,5.306,3.559,1.8,0.925,0.942,0.0,0.485,0.932,0.904,0.48,0.698,0.961,0.06,0.239,0.144,0.312,0.063,0.361,1.178,1.681,3.548,5.148,1104.6,night
D0703,4.805,2.701,1.141,0.747,0.433,0.839,0.832,0.586,0.0,0.346,0.363,0.0,0.157,0.917,0.0,0.38,0.249,0.0,0.598,0.132,2.789,2.244,2.01,5.419,3.892,1.531,1.6,0.977,1.328,0.371,0.0,0.422,0.269,0.141,0.22,0.741,0.294,0.309,0.0,0.0,0.309,0.0,0.327,0.0,1.611,1.166,1.998,3.889,4.81,2.77,1.665,1.442,0.516,0.0,0.578,0.154,0.072,0.903,0.139,0.369,0.707,0.001,0.571,0.316,0.827,0.0,0.0,0.509,1.873,1.77,1.858,5.457,3.377,3.106,1.712,0.782,0.76,0.395,0.506,0.0,0.0,0.521,0.0,0.252,0.505,0.299,0.139,0.0,0.722,0.582,0.786,0.0,1.136,1.078,2.227,4.484,4.591,2.988,2.311,0.651,0.0,0.0,0.111,0.466,0.77,0.864,0.673,0.0,0.17,0.905,0.0,0.272,0.279,0.636,0.0,0.72,1.118,1.896,1.932,4.488,4.682,2.869,2.523,1.028,0.981,0.56,0.253,0.0,0.365,0.608,0.52,0.0,0.396,0.201,0.354,0.836,0.416,0.064,0.578,0.519,2.973,1.082,2.089,5.467,3.316,2.579,2.001,1.595,0.417,0.732,0.358,0.179,0.0,0.0,0.0,0.092,0.0,0.614,0.169,0.967,0.0,0.599,0.0,0.276,1.46,1.213,2.654,4.047,673.3,intermittent
D0704,2.469,3.875,2.703,1.64,0.86,0.405,0.452,0.342,0.043,0.312,0.303,0.0,0.681,0.0,0.0,0.021,0.0,0.158,0.055,1.031,0.458,0.271,1.57,2.569,3.706,3.625,2.612,1.829,0.859,0.551,0.019,0.084,0.543,0.0,0.286,0.0,0.0,0.688,0.446,0.338,0.0,0.233,0.116,0.659,0.739,1.175,0.932,3.503,3.975,3.268,3.14,1.667,1.038,0.342,0.0,0.0,0.665,0.12,0.004,0.976,1.08,0.3,0.0,0.171,0.0,0.0,0.797,0.058,0.22,0.891,1.289,2.715,3.008,2.832,2.533,1.593,0.291,0.0,0.0,0.0,0.177,0.342,0.031,0.764,0.797,0.0,0.274,0.0,0.274,0.663,0.398,0.59,1.019,0.695,1.955,3.079,4.314,3.925,2.353,1.767,1.337,1.074,0.176,0.751,0.04,1.201,0.0,0.301,0.0,0.178,0.543,1.542,0.0,0.0,0.825,1.005,1.245,0.736,3.157,3.777,4.275,4.274,2.744,1.867,0.311,0.845,0.157,0.0,0.114,0.413,0.425,1.055,0.365,0.171,0.222,1.018,0.0,0.092,0.639,0.928,0.176,1.4,3.144,3.986,3.45,3.529,2.63,2.682,1.301,0.0,0.904,0.045,0.354,0.678,0.903,0.431,0.262,0.075,0.249,1.073,0.0,0.17,0.6,1.903,1.423,1.238,2.324,4.048,609.3,night
D0705,3.127,2.873,2.259,1.671,0.0,0.0,0.089,0.189,0.0,0.117,0.101,0.531,0.402,0.245,0.813,0.662,0.159,0.891,0.216,0.0,2.113,2.11,3.538,3.477,3.125,3.342,2.319,1.059,0.716,0.0,0.72,0.079,0.0,0.371,0.603,0.738,0.0,0.285,0.76,0.0,0.319,2.126,0.0,0.912,2.319,1.832,3.504,1.975,3.306,3.455,2.176,1.502,0.779,0.056,1.593,0.25,0.001,1.489,0.0,0.349,0.039,0.0,0.722,0.313,0.0,3.484,0.349,1.02,3.57,0.575,4.825,3.583,3.837,3.939,2.342,2.28,0.632,1.221,0.588,0.523,0.0,1.008,0.0,1.114,0.499,0.532,0.102,0.156,0.0,2.977,0.538,1.194,2.858,2.283,4.143,3.418,4.87,4.415,2.906,1.257,1.037,0.354,1.295,0.639,0.443,1.039,0.73,0.0,0.835,0.591,0.569,0.376,0.151,2.098,0.788,0.318,2.725,2.992,4.765,3.654,5.013,4.201,3.854,2.167,1.11,0.948,0.615,0.036,0.534,0.0,0.0,0.09,0.255,0.408,0.0,0.164,0.0,2.483,0.189,0.415,2.224,1.904,4.069,3.933,3.686,4.375,1.782,2.297,0.708,0.38,0.9,0.717,0.391,0.556,0.0,0.0,0.54,0.0,0.32,0.128,0.0,2.163,0.665,0.373,2.839,0.698,3.376,3.071,781.8,night
D0706,1.368,0.634,0.399,1.208,1.289,3.014,5.998,8.278,8.208,4.209,2.702,1.073,0.384,0.8,0.716,0.099,0.382,0.623,0.284,0.0,0.411,1.004,0.254,0.592,1.43,0.0,0.763,0.175,0.911,2.85,5.509,8.394,7.221,5.52,2.936,0.248,0.0,0.117,0.83,0.016,0.43,0.0,0.0,0.0,0.0,0.296,0.42,0.484,0.0,0.977,0.244,1.064,1.549,3.258,6.467,7.781,8.027,4.018,2.581,1.192,0.113,0.419,0.0,0.0,0.336,0.0,1.232,0.593,0.305,0.449,0.528,0.0,0.574,0.527,0.103,0.75,1.085,3.21,6.387,8.106,8.621,4.965,1.98,1.07,0.006,0.554,0.0,0.668,0.242,1.145,1.056,0.833,0.0,0.0,0.4,0.609,0.325,0.242,0.607,1.156,1.971,3.617,4.756,6.364,7.681,5.374,2.778,1.358,0.925,0.352,0.508,0.642,0.665,0.206,0.0,0.0,0.152,0.0,0.317,0.702,0.304,0.136,0.421,0.0,0.903,1.45,2.374,4.028,2.116,2.335,0.91,0.108,0.0,0.404,0.0,0.721,0.0,0.221,0.0,0.805,0.417,0.0,0.453,0.709,0.059,0.131,0.313,0.208,1.026,1.304,2.545,3.527,3.258,2.101,0.84,0.544,0.373,0.33,0.0,0.387,0.292,0.44,0.0,0.107,0.312,0.215,0.467,0.11,813.8,morning
D0707,0.019,0.081,0.591,0.0,0.264,0.0,0.044,0.451,0.507,0.358,0.09,0.425,0.978,0.411,0.0,3.971,0.669,0.254,0.0,0.736,0.123,0.0,0.173,4.453,0.156,0.0,0.418,0.443,0.0,0.0,0.0,0.232,0.901,0.797,0.17,0.0,0.164,0.042,0.0,2.803,0.571,0.168,0.06,0.0,0.3,0.463,0.41,2.588,0.965,0.354,0.041,0.0,0.0,1.135,0.535,0.757,0.242,0.292,0.0,0.04,0.029,0.0,0.397,5.119,0.0,0.412,0.0,0.295,0.922,0.0,0.0,3.55,0.188,0.0,0.055,0.587,0.0,0.0,0.0,0.705,0.012,0.0,0.06,0.191,0.752,0.374,1.043,3.611,0.573,0.815,0.0,0.0,0.0,0.992,0.256,4.211,0.032,0.358,0.206,0.0,0.0,0.713,0.0,0.0,0.0,0.038,0.11,0.757,0.292,0.732,0.0,2.087,0.0,0.0,0.34,0.0,0.289,0.0,0.0,2.758,0.0,0.0,0.48,0.188,0.0,0.0,0.0,0.13,0.192,0.0,1.505,0.0,0.315,0.0,0.0,1.994,0.0,0.0,0.231,0.0,0.0,0.145,0.429,2.386,0.19,0.116,0.818,0.972,0.976,0.286,0.081,0.228,0.0,0.0,0.056,0.345,0.535,0.836,0.937,4.472,0.265,0.763,0.269,0.0,0.644,0.0,0.0,4.557,325.7,intermittent
D0708,1.386,0.0,0.021,0.245,0.142,1.74,3.357,6.535,6.742,4.96,3.097,1.001,0.0,0.125,0.63,0.0,0.341,0.0,0.0,0.303,0.749,0.022,0.859,0.212,0.067,0.0,0.325,0.39,0.572,1.452,3.08,6.103,6.631,5.512,2.528,1.501,0.16,0.0,0.0,0.132,0.743,0.0,0.233,0.585,0.0,0.518,0.0,1.018,0.0,0.697,0.0,0.769,0.652,2.091,3.344,6.042,6.978,4.824,2.193,1.658,0.46,0.677,0.0,0.157,0.0,0.034,1.315,0.624,0.232,0.124,0.0,0.0,0.572,0.181,0.077,0.0,0.652,3.089,4.351,6.036,6.721,4.568,3.35,1.434,0.564,0.002,0.6,0.476,0.522,0.531,0.238,0.0,0.339,0.047,0.0,0.0,0.163,0.0,0.0,0.755,1.218,2.161,4.388,5.366,6.23,4.623,2.55,0.995,0.0,0.009,0.304,0.071,0.565,0.464,1.047,0.509,0.797,0.0,0.929,0.843,0.016,0.0,0.0,0.0,0.0,1.079,2.38,3.193,2.544,2.735,1.578,0.578,0.772,1.217,0.035,0.0,0.0,0.0,0.508,0.0,0.0,0.312,0.05,0.614,0.0,0.0,0.018,0.472,0.237,0.38,1.811,2.503,2.425,1.38,1.429,0.263,0.174,0.379,0.0,0.396,0.44,0.0,0.0,0.0,0.0,0.363,0.0,0.111,691.6,morning
D0709,5.641,4.498,2.6,2.385,0.791,0.398,0.389,0.907,0.736,0.475,0.0,1.097,0.328,0.0,0.731,0.0,0.001,0.0,0.0,0.447,1.62,2.273,3.607,4.95,5.496,4.305,3.509,2.231,1.339,0.829,0.586,0.196,0.582,0.462,0.0,0.082,0.519,0.46,0.043,0.201,0.175,0.36,0.848,1.372,1.368,1.316,3.401,5.214,6.254,5.509,3.88,1.617,0.833,0.964,0.0,0.046,1.026,0.505,0.287,0.438,1.254,0.509,0.762,0.82,1.562,0.341,0.612,0.948,0.755,3.102,3.731,4.844,6.113,4.541,3.343,2.147,0.24,0.644,0.0,0.421,0.437,0.334,0.329,0.896,0.0,0.286,0.601,1.155,0.092,0.369,1.074,0.568,1.735,2.809,4.678,5.27,7.015,5.423,3.987,2.514,1.742,0.782,0.709,0.0,0.0,0.996,0.727,0.824,0.0,0.104,0.003,0.255,0.721,0.843,0.791,0.49,1.48,3.128,4.348,6.511,7.522,6.597,4.596,1.759,0.677,0.14,0.828,0.033,0.154,0.0,0.75,0.411,1.285,0.0,0.0,0.613,1.244,0.0,0.0,0.778,1.249,3.173,5.903,6.754,6.19,5.257,3.933,2.014,0.619,1.055,0.0,0.161,0.24,0.0,0.858,0.062,0.0,1.042,0.465,0.045,0.305,0.442,0.489,0.848,1.353,3.305,4.454,6.012,927.6,night
D0710,6.793,5.364,3.765,2.341,0.153,0.323,0.474,0.0,0.614,0.681,0.228,0.701,0.392,0.0,0.329,0.0,0.398,0.725,0.842,0.812,1.698,3.796,5.038,6.287,7.426,4.995,2.825,1.977,0.454,1.025,0.219,0.222,0.606,1.138,0.551,0.53,0.39,1.266,0.632,0.0,0.0,0.676,0.715,0.808,1.17,3.541,5.06,6.34,7.158,5.128,3.034,1.749,0.799,0.831,0.37,0.255,0.997,0.606,0.772,0.77,0.241,0.368,0.418,1.186,0.0,0.367,0.623,0.34,1.037,3.134,5.479,7.05,7.616,5.739,3.32,1.885,0.731,0.735,0.29,0.364,0.691,0.06,0.893,0.0,0.539,0.06,0.978,0.338,0.448,0.361,0.761,0.898,1.244,3.483,6.046,7.125,7.721,6.814,4.282,2.571,1.543,0.35,0.452,0.114,0.456,0.294,0.422,0.335,0.761,1.316,0.367,0.794,0.267,0.0,0.781,1.264,3.143,4.604,6.657,7.8,9.044,7.456,5.633,2.434,1.557,0.751,0.873,0.681,0.0,0.551,0.417,0.612,0.921,0.896,0.354,0.615,0.227,0.033,0.458,1.132,2.615,5.822,7.301,8.46,7.525,5.788,4.289,1.72,1.172,1.1,0.452,0.168,0.85,0.34,1.178,0.388,0.391,0.716,0.547,0.0,0.17,0.215,0.01,0.678,2.134,4.078,5.875,7.854,1134.4,night
D0711,2.482,2.28,1.333,2.781,1.822,2.136,2.038,2.248,2.405,3.487,2.506,2.596,2.991,2.89,3.097,3.45,2.563,3.26,2.593,2.231,2.049,2.591,2.449,2.121,2.364,1.891,2.839,1.827,2.172,1.373,2.89,2.978,2.327,2.485,1.997,2.457,2.727,2.703,1.919,2.763,2.496,2.093,2.058,1.967,2.69,3.156,3.778,1.934,1.43,1.833,1.58,0.975,2.369,1.9,2.242,2.272,2.135,1.333,2.099,2.042,2.274,2.467,2.912,2.631,2.39,2.615,2.53,3.009,3.651,1.517,2.505,1.411,2.378,1.268,1.891,1.634,2.129,1.81,2.182,2.166,2.742,2.367,3.4,2.43,2.889,2.141,2.704,2.452,3.058,2.818,2.587,2.139,2.721,2.49,2.886,0.623,2.424,2.307,2.027,2.544,2.439,1.908,1.666,2.525,2.735,1.865,2.505,2.217,3.127,3.082,2.642,2.565,2.937,2.664,2.378,1.597,1.968,2.85,2.994,2.026,2.029,1.789,1.626,1.621,1.177,1.966,2.164,1.927,2.658,1.798,1.948,1.812,3.141,2.117,2.452,2.078,2.815,2.713,2.337,2.246,2.294,2.211,2.389,1.49,2.331,1.493,1.886,1.533,1.915,2.073,2.359,2.68,2.26,1.732,2.003,2.018,2.861,1.533,2.457,2.44,2.897,2.237,2.091,2.568,2.341,2.72,1.906,1.749,1334.4,allday_low
D0712,1.521,2.486,2.19,2.29,2.891,2.774,2.883,2.665,2.682,2.951,3.868,2.874,3.016,2.634,2.178,3.489,2.797,3.115,2.884,3.312,2.428,1.868,3.018,2.48,2.359,1.308,2.506,1.473,2.704,2.208,2.644,2.49,2.414,2.302,1.819,2.733,3.01,3.113,3.301,3.112,3.779,2.595,3.537,2.736,2.851,2.916,0.883,3.1,2.54,1.948,2.034,2.64,2.149,2.051,2.322,2.077,2.001,2.626,1.554,3.022,2.41,3.84,3.189,3.321,2.213,3.266,1.971,2.505,1.81,2.368,2.551,2.221,1.955,2.572,2.239,2.203,2.441,1.844,2.79,2.867,2.386,2.785,2.821,3.306,4.035,3.556,2.41,3.328,4.135,2.378,3.392,2.96,2.667,2.609,2.257,1.684,2.76,1.499,2.152,2.282,2.153,2.444,3.283,2.587,2.694,3.108,2.978,2.886,2.745,2.985,3.2,3.183,2.457,2.194,2.984,2.301,2.615,2.376,2.197,2.597,2.116,2.597,2.376,1.647,1.88,2.004,1.879,2.763,2.093,2.383,2.642,2.035,2.615,3.373,2.683,2.496,2.973,2.903,1.427,2.328,2.48,2.616,2.695,1.996,2.089,1.744,2.569,1.08,1.441,2.831,2.148,2.037,2.761,1.63,2.575,2.87,2.635,1.123,2.484,2.199,3.421,3.036,2.341,1.579,2.31,1.705,2.399,2.258,1473.6,allday_low
D0713,1.756,1.94,2.546,2.083,2.675,1.97,2.65,2.702,3.101,2.826,3.476,2.667,3.342,2.449,2.243,2.626,4.114,3.778,3.186,2.54,3.211,1.982,1.718,2.489,2.475,2.667,2.13,2.181,3.303,2.477,2.376,2.882,2.586,3.719,3.171,2.953,2.828,2.353,3.365,2.873,2.388,2.573,3.596,2.816,2.897,2.808,3.471,2.241,2.442,2.895,2.429,2.602,2.425,2.193,3.13,2.592,3.016,3.044,1.365,3.073,3.221,2.205,2.666,3.132,2.972,3.524,3.704,2.639,2.41,2.681,3.096,2.548,2.976,2.942,2.695,2.432,2.012,2.634,2.354,3.49,3.304,2.848,2.974,2.469,2.979,4.17,3.439,3.197,3.384,2.992,3.003,2.907,3.592,1.706,2.3,1.52,2.296,2.407,2.703,1.931,2.107,2.85,2.843,2.573,1.748,2.899,3.111,3.166,2.453,2.725,3.651,3.947,3.565,2.89,2.867,2.467,3.019,3.249,2.972,2.836,1.918,2.076,1.962,2.577,2.261,2.735,2.542,2.051,1.852,3.509,2.528,2.856,3.66,3.149,2.471,2.947,3.539,2.964,4.236,1.715,2.354,1.828,2.688,1.72,1.896,1.938,2.267,2.127,2.688,1.818,2.543,2.344,1.659,3.123,2.387,2.872,2.462,4.187,3.665,2.702,2.998,2.935,2.086,2.91,2.547,2.925,2.292,1.782,1573.4,allday_low
D0714,1.71,0.718,1.51,1.684,1.589,0.813,2.238,1.691,0.881,1.417,1.477,1.708,2.528,2.015,1.851,2.613,2.089,2.766,1.798,2.402,0.668,1.87,1.395,1.551,1.581,1.656,2.077,1.615,1.392,1.655,1.076,2.401,1.311,2.038,2.318,2.088,1.595,1.591,2.439,2.089,1.674,1.457,1.459,1.764,2.691,0.989,0.427,1.441,1.107,1.197,0.828,1.935,1.171,1.644,2.18,1.432,1.233,1.615,1.704,2.053,1.871,1.947,1.709,1.997,2.018,2.064,0.999,1.142,0.964,1.963,0.952,1.23,1.378,0.704,1.111,2.496,1.41,2.23,1.251,1.82,1.394,1.787,2.107,1.612,2.106,1.76,2.033,2.361,2.499,2.288,1.733,2.255,2.014,1.313,1.002,0.659,2.179,0.659,1.238,1.533,0.847,2.178,2.55,1.595,1.511,1.351,1.922,0.874,1.905,2.233,1.641,2.016,2.093,1.966,1.565,1.979,1.229,1.074,1.176,1.542,0.434,0.694,0.7,1.287,0.878,0.784,0.738,0.949,1.183,0.976,1.653,1.549,2.217,2.477,1.646,1.931,1.967,1.675,1.229,1.668,0.867,1.555,1.258,1.36,1.293,1.841,0.862,1.596,1.285,1.932,0.74,1.332,1.602,1.501,0.878,1.342,1.304,2.545,1.771,1.255,2.02,1.445,2.156,1.147,0.962,1.137,1.549,1.504,970.2,allday_low
D0715,0.199,0.0,0.423,1.299,0.643,0.0,5.021,0.087,0.473,0.0,0.45,0.0,0.0,0.211,0.0,0.0,4.076,0.0,0.023,0.27,0.0,3.587,3.938,0.217,0.169,0.26,0.0,0.0,0.464,0.375,5.354,0.278,0.114,0.0,0.986,0.0,0.613,0.0,0.0,0.237,5.808,0.755,0.708,0.041,0.318,5.591,5.001,0.839,0.0,0.163,0.12,0.0,0.0,0.384,6.985,0.0,0.159,0.0,0.0,0.967,0.098,0.0,0.394,0.01,6.84,0.0,0.206,0.594,0.608,6.281,5.827,0.0,0.17,0.126,0.039,0.0,1.057,0.289,3.513,0.175,0.584,1.317,0.254,0.547,0.372,0.0,0.35,0.092,3.987,0.275,0.29,0.52,0.599,2.836,3.401,0.826,0.0,0.0,0.0,0.715,0.072,0.0,3.563,0.0,1.051,0.485,0.389,0.407,0.794,1.187,0.26,0.041,4.811,0.0,0.661,0.0,0.321,3.334,3.386,0.288,0.0,0.0,0.576,0.054,0.149,0.931,4.714,0.365,0.0,1.207,0.0,0.0,0.0,0.484,0.411,0.092,4.752,0.011,0.953,0.0,0.093,3.205,4.512,0.178,0.42,0.368,0.292,0.0,0.0,0.426,2.949,0.436,0.238,0.488,0.0,0.0,0.174,0.0,0.0,0.0,3.361,0.284,0.195,0.0,0.0,2.373,3.505,0.0,526.5,intermittent
D0716,0.0,0.0,0.0,0.378,0.12,3.011,3.944,5.813,5.501,4.039,2.085,0.0,0.493,0.399,0.0,0.429,0.0,0.015,0.0,0.0,0.0,1.23,0.0,0.642,0.173,0.96,0.785,0.0,0.505,2.475,4.173,5.535,5.546,5.003,1.93,0.762,0.663,0.0,0.945,0.0,0.864,0.486,0.616,0.0,0.0,0.982,1.502,0.341,0.838,0.382,0.0,1.205,0.716,2.387,4.264,6.217,5.721,4.144,1.538,1.577,0.512,0.248,0.53,0.568,0.0,0.0,0.042,0.644,0.139,0.0,0.329,1.012,0.225,0.0,0.0,0.134,0.828,2.314,4.537,5.934,5.493,3.268,2.056,0.003,1.131,0.767,0.899,0.145,0.278,0.0,0.627,0.0,0.142,0.0,0.909,0.427,0.357,0.093,0.576,1.037,1.483,3.137,3.517,5.413,5.959,3.834,2.0,0.06,0.709,0.036,0.431,0.156,0.0,1.006,0.515,0.235,0.0,0.578,0.454,0.0,0.321,0.065,0.312,0.406,0.074,1.141,2.539,3.005,2.666,1.84,1.575,1.02,0.0,0.349,0.0,0.0,0.489,0.366,0.0,0.0,0.643,0.0,0.0,0.0,0.358,0.0,0.0,0.044,0.05,0.219,1.179,1.645,2.434,1.022,0.224,0.24,0.041,0.152,0.973,0.0,0.0,0.491,0.0,0.421,0.0,0.112,0.0,0.0,588.1,morning
D0717,0.394,1.17,0.248,1.234,0.343,2.824,4.712,5.774,4.321,3.329,1.75,0.582,0.0,0.0,0.034,0.757,0.0,0.543,0.817,0.202,0.357,0.148,0.0,0.268,0.0,0.665,0.691,0.482,0.941,2.992,4.571,4.919,4.794,2.927,0.851,1.118,0.0,0.404,0.253,0.0,0.233,0.0,0.269,0.254,0.0,0.0,0.896,0.411,0.0,0.086,0.064,0.887,0.945,2.073,4.661,5.726,5.144,3.735,0.726,0.027,0.572,0.0,0.722,0.675,0.547,0.777,0.644,0.0,1.315,0.0,0.233,0.111,0.955,0.531,0.603,0.747,0.807,2.392,5.752,6.775,5.185,2.801,1.492,1.139,0.496,0.036,0.256,0.289,0.979,0.0,0.311,0.603,0.0,0.013,0.642,0.404,0.536,0.814,0.227,1.272,1.804,2.564,4.95,5.934,4.286,3.691,0.875,0.918,0.265,0.0,0.726,0.537,0.0,0.0,0.29,0.348,0.56,0.0,0.841,0.146,0.38,0.06,0.492,0.0,0.0,1.489,2.787,2.938,1.925,1.979,0.654,0.097,0.341,0.11,0.0,0.29,0.0,0.467,0.091,0.102,0.494,0.0,0.015,0.506,0.0,0.0,0.191,0.505,0.689,1.323,1.775,2.086,2.348,1.265,0.398,0.024,0.174,0.219,0.0,0.106,0.0,0.366,0.226,0.181,0.0,0.777,0.0,0.0,616.0,morning
D0718,1.288,1.826,0.52,0.365,0.283,0.004,0.715,0.0,1.268,0.507,0.284,0.535,0.0,0.0,0.221,0.1,0.184,0.175,0.316,0.294,1.64,1.414,1.284,1.137,2.424,1.776,1.679,0.517,0.0,0.0,0.0,0.203,2.261,0.0,0.0,0.468,0.0,0.505,0.685,0.914,0.252,0.175,0.384,0.626,2.199,1.932,0.742,0.926,1.6,1.422,0.573,0.498,1.38,0.847,1.085,0.529,2.494,0.0,0.677,0.372,0.654,0.209,0.0,0.0,0.875,0.0,0.333,0.124,2.409,1.399,0.706,0.631,1.222,1.653,0.126,0.117,0.0,0.066,0.0,0.215,1.63,0.0,0.336,0.048,0.285,0.0,0.658,0.034,0.792,0.851,0.065,0.43,1.539,1.747,0.088,0.038,1.867,2.035,1.299,0.935,0.524,0.294,0.671,0.008,3.338,0.097,0.186,0.806,0.279,0.418,0.625,0.0,0.383,0.26,0.0,0.11,3.199,2.757,1.355,1.311,1.52,1.343,1.483,1.296,0.643,0.006,0.425,0.531,1.498,0.0,0.975,0.046,0.153,0.0,0.954,0.772,0.348,0.644,0.142,0.734,1.732,2.098,0.98,0.836,1.239,1.361,0.633,1.688,0.734,0.372,0.219,0.294,1.842,0.17,0.0,0.0,0.0,0.0,0.532,0.502,0.535,0.0,0.645,0.057,1.315,1.27,0.443,0.986,395.3,intermittent
D0719,5.024,3.412,2.421,2.248,0.247,0.0,0.93,0.318,0.0,0.351,0.011,0.0,0.699,0.134,0.0,0.418,0.23,0.621,3.259,0.643,2.215,5.41,4.599,4.794,4.855,3.278,2.137,1.245,1.256,0.598,0.0,0.483,0.869,0.907,0.21,0.116,0.0,0.77,0.73,1.053,0.108,0.512,2.203,0.64,1.609,4.211,4.411,5.197,4.727,3.278,2.396,0.917,0.003,0.316,0.136,1.471,0.744,0.4,0.914,0.691,0.435,0.329,0.022,0.564,0.816,0.0,2.977,1.08,1.287,5.263,3.436,4.861,4.891,3.792,2.314,1.648,0.372,0.813,0.28,0.062,0.184,0.0,0.573,0.0,0.813,0.596,0.635,0.321,0.0,0.31,3.832,0.75,2.112,6.371,4.589,4.711,6.012,4.689,2.212,1.774,0.866,0.092,0.535,0.655,0.0,0.132,0.566,0.0,0.0,0.911,1.347,0.744,0.388,0.264,2.397,0.868,2.675,5.216,5.513,6.319,5.576,4.904,2.908,0.878,0.334,0.0,0.484,0.434,0.935,1.284,0.761,0.0,0.788,0.284,0.59,1.147,0.171,0.0,4.307,0.495,2.138,7.744,4.663,6.046,5.362,4.289,2.8,1.728,0.815,0.0,0.803,0.345,0.0,0.59,0.376,0.47,0.07,0.059,0.513,0.314,0.32,0.034,3.034,0.663,2.169,6.712,3.759,5.293,975.8,night
D0720,3.649,4.194,2.953,2.094,0.868,1.014,1.204,0.326,0.196,0.208,0.306,0.0,0.0,0.871,1.069,0.069,0.0,1.73,1.52,0.711,0.0,0.046,0.772,2.193,3.091,3.826,3.705,1.676,1.653,1.175,1.586,0.359,0.252,0.143,0.318,1.239,0.613,0.337,0.0,0.426,0.0,1.564,0.75,0.0,0.0,0.443,1.397,2.284,3.131,4.428,2.949,1.916,1.291,0.478,0.458,0.0,0.316,0.0,0.0,0.039,0.013,0.244,0.0,0.227,0.407,0.72,0.831,0.091,0.35,0.577,2.639,2.406,3.029,3.733,2.78,1.315,1.383,1.163,0.624,0.343,0.661,0.052,0.0,0.48,0.101,0.479,0.475,0.266,0.329,1.404,0.904,0.635,1.461,0.887,1.679,3.139,4.747,4.611,3.284,2.408,1.721,0.656,0.112,0.498,0.006,0.895,0.0,0.309,0.142,0.125,0.431,0.0,0.299,1.176,1.152,0.566,0.755,1.181,2.423,3.186,4.361,4.538,4.134,3.23,2.056,0.669,0.281,0.599,0.875,1.326,0.569,0.079,0.0,1.063,0.488,0.187,0.081,1.908,1.001,0.933,0.898,0.872,2.694,3.213,3.505,4.717,3.924,2.29,1.816,1.253,0.734,0.083,0.434,0.0,0.119,0.138,0.653,0.704,0.0,0.482,0.26,1.582,1.984,0.149,0.349,1.168,1.643,2.01,754.0,night
D0721,0.165,0.0,0.334,0.575,1.457,2.118,5.435,7.149,8.182,6.301,2.755,2.035,0.48,0.066,0.0,0.0,0.687,0.005,0.52,0.174,0.778,0.526,0.677,1.5,0.164,0.432,0.459,0.651,0.735,2.623,5.945,7.713,8.341,5.763,2.52,0.89,0.0,0.0,0.069,0.0,0.0,0.0,0.0,1.402,0.0,0.099,0.528,0.0,0.0,0.0,0.295,0.506,1.197,2.499,5.713,7.759,8.343,5.772,3.234,0.974,0.023,1.2,0.0,1.172,0.873,0.311,0.0,0.274,0.0,1.074,0.633,0.807,0.225,0.318,0.629,0.29,1.591,2.052,5.586,7.325,8.083,6.056,3.053,0.971,0.0,0.442,0.019,0.153,0.632,0.012,0.315,0.009,1.098,0.722,0.329,0.369,0.0,0.034,1.021,0.166,0.795,1.428,4.936,7.281,7.412,5.257,3.988,1.019,0.222,0.687,0.0,1.006,0.097,0.188,0.0,0.323,0.0,0.234,0.0,0.362,0.0,0.194,0.0,0.907,0.304,1.317,2.172,3.823,3.46,2.599,1.441,0.0,0.387,0.0,0.0,0.522,0.131,0.0,0.242,0.0,0.127,0.0,0.566,0.0,0.317,0.0,0.099,0.342,0.0,1.111,1.974,2.902,3.384,3.048,1.399,0.0,0.0,0.0,0.0,0.313,0.414,0.338,0.0,0.295,0.0,0.405,0.637,0.0,815.3,morning
D0722,2.293,2.288,1.625,1.418,1.43,2.244,2.189,2.08,2.012,2.323,2.23,2.062,2.848,1.804,2.731,1.825,2.437,2.757,2.53,2.148,1.227,1.488,2.077,1.71,1.548,0.538,1.595,1.787,1.536,1.832,1.696,2.244,1.943,1.979,2.107,1.991,2.738,2.038,2.65,1.95,3.023,3.321,2.36,2.341,1.989,1.985,1.529,1.385,2.006,1.384,2.014,2.15,2.356,1.444,1.392,2.239,2.33,2.383,2.509,1.83,2.283,2.217,2.689,2.571,2.533,2.356,2.22,1.947,2.104,2.197,2.333,2.38,2.058,2.328,2.056,1.086,2.179,1.385,2.541,1.053,1.101,2.867,3.032,2.775,2.94,1.771,2.826,1.949,2.811,2.054,2.136,2.561,2.012,2.185,1.589,1.52,1.687,1.293,2.061,1.926,1.203,2.504,2.564,1.938,1.796,2.671,1.781,2.971,2.303,2.947,2.697,3.554,2.659,3.128,1.969,1.68,1.936,2.017,1.948,1.856,1.784,1.964,1.009,1.538,1.439,1.767,1.678,2.377,2.042,2.379,1.856,2.429,1.841,1.674,2.726,2.083,2.061,1.671,1.535,2.625,2.292,1.369,1.376,1.757,1.443,1.254,1.247,1.511,0.995,1.303,2.198,1.276,1.787,2.017,2.424,1.44,1.69,2.077,2.556,2.394,2.799,1.738,1.625,1.591,1.515,1.356,1.894,0.887,1226.1,allday_low
D0723,0.541,0.0,1.07,5.657,0.0,0.0,0.323,0.0,0.0,0.039,0.445,0.066,0.0,0.917,0.442,0.0,0.316,5.902,0.217,0.238,0.147,0.426,5.748,5.553,0.356,0.133,0.487,2.724,0.04,0.0,0.0,0.472,0.09,0.0,0.0,0.359,0.513,0.407,0.136,0.485,0.207,2.338,0.0,0.646,0.466,0.0,2.713,1.538,0.0,0.0,0.025,4.22,0.633,0.264,0.083,0.399,0.56,0.792,0.17,0.204,0.0,0.293,0.324,0.0,0.229,4.702,0.371,0.109,0.299,0.0,5.086,4.713,0.675,0.24,0.161,3.106,0.575,0.221,0.078,0.553,0.528,0.013,0.336,0.206,0.697,0.0,0.78,0.657,0.009,3.716,0.363,0.0,0.29,0.263,4.128,3.4,1.316,0.309,0.757,6.056,0.612,0.0,1.02,0.462,0.432,0.493,0.437,0.311,0.125,0.0,0.991,0.0,0.684,6.413,0.0,0.552,0.046,1.069,6.093,6.184,0.0,0.0,0.141,3.226,0.0,0.0,0.143,0.0,0.0,0.573,0.0,0.0,0.0,0.08,0.373,0.0,0.068,2.409,0.0,0.0,0.535,0.293,2.938,1.508,0.0,0.403,0.035,4.928,0.227,0.0,0.015,0.0,0.331,0.033,0.0,0.16,0.837,0.0,0.635,0.0,0.191,4.48,0.311,0.342,0.975,0.397,4.316,4.904,556.1,intermittent
D0724,0.677,0.0,0.0,0.0,0.785,0.889,0.065,0.306,0.1,0.381,0.0,0.652,0.12,0.0,0.0,0.299,0.769,3.142,0.0,0.444,2.289,0.0,2.5,0.326,0.375,0.242,0.0,0.41,1.101,0.42,0.676,0.446,0.535,0.0,0.0,0.687,0.54,0.016,0.242,0.583,0.295,3.859,0.002,0.647,3.708,0.0,4.31,1.081,0.0,0.0,0.449,0.065,0.114,0.746,0.0,0.0,0.126,0.186,0.772,0.569,0.0,0.307,0.0,0.763,0.0,1.624,0.619,0.0,1.909,0.0,2.318,0.0,0.734,0.656,0.0,1.137,0.0,0.0,0.0,0.214,0.473,0.858,0.213,0.0,0.123,0.477,0.0,0.0,0.994,2.968,0.0,0.904,3.665,0.709,2.658,0.814,0.0,0.151,0.943,0.773,0.56,0.905,0.118,0.0,0.0,0.0,0.065,0.0,0.571,0.0,0.0,0.0,0.007,4.249,0.872,0.0,4.037,0.366,4.339,0.102,0.008,0.0,0.215,0.0,0.494,1.229,0.0,0.107,0.39,0.537,0.408,0.0,0.0,0.0,0.499,0.0,0.0,3.874,0.416,0.885,3.912,0.0,4.23,0.302,0.0,0.456,0.296,0.0,0.038,0.633,0.572,0.232,1.28,0.297,0.29,0.009,0.06,0.368,0.0,0.465,0.473,2.374,0.0,0.013,3.938,0.977,1.276,0.252,392.8,intermittent
D0725,0.0,0.203,0.285,0.18,1.608,3.711,6.563,7.167,5.891,3.243,1.886,0.387,0.744,0.331,0.98,0.458,0.0,0.266,0.204,0.0,0.083,0.0,0.028,0.6,0.544,0.071,0.528,1.249,1.382,3.175,6.264,7.692,6.111,2.943,1.595,0.515,1.223,0.544,0.0,0.118,0.327,0.0,0.402,0.065,0.588,0.0,0.174,0.837,0.337,0.405,0.0,0.539,1.473,3.769,7.31,7.406,5.669,2.846,1.019,0.581,0.593,0.348,0.0,0.36,0.622,0.847,0.789,0.112,0.0,0.0,0.0,0.375,0.0,0.0,0.195,2.101,2.416,3.661,7.082,7.148,5.206,3.23,0.832,0.0,0.0,0.801,0.224,0.0,0.455,0.0,0.0,0.491,1.138,0.0,0.0,0.205,0.563,0.427,0.136,0.574,1.725,4.422,6.339,6.36,4.575,3.167,0.624,0.683,0.646,0.747,0.0,0.641,0.769,0.166,0.0,0.27,0.319,0.701,0.307,0.415,0.436,0.057,0.214,0.0,0.775,1.629,2.757,2.69,2.475,1.055,0.522,0.274,0.934,0.0,0.0,0.044,0.0,0.0,0.0,0.077,0.195,0.014,0.0,0.271,0.0,0.0,0.415,0.214,1.275,1.06,3.294,3.049,1.739,1.106,0.238,0.461,0.0,0.0,0.332,0.029,0.0,0.632,0.039,0.043,0.559,0.363,1.11,0.0,747.2,morning
D0726,7.481,7.81,5.635,9.752,7.812,6.282,4.24,6.555,9.087,6.758,7.817,6.725,7.199,6.982,6.568,6.747,6.986,6.878,5.673,8.879,8.51,7.19,8.458,8.259,6.873,8.412,7.514,7.384,4.243,7.736,7.74,6.493,7.479,7.658,6.8,8.269,7.117,9.205,7.361,6.402,7.175,5.493,8.113,5.468,7.076,6.919,8.274,5.636,7.595,5.186,8.998,6.212,6.461,7.042,7.182,5.712,8.319,7.423,4.362,6.779,7.607,4.152,6.722,5.895,6.165,6.067,7.696,7.101,4.243,6.628,4.617,5.858,8.508,7.028,4.061,7.499,9.652,5.944,4.404,7.097,9.758,6.071,8.352,6.538,9.907,6.522,6.826,7.71,5.931,5.798,7.155,8.835,4.803,5.483,8.089,6.736,5.731,7.192,6.902,6.106,5.146,5.578,4.488,5.837,7.854,7.188,6.8,4.657,6.621,3.534,7.539,7.329,7.719,8.102,7.634,7.19,6.04,5.629,6.502,7.455,5.816,6.571,6.061,7.912,5.865,9.195,7.375,7.112,4.783,7.23,7.672,5.947,7.235,4.922,7.185,7.954,9.418,7.852,5.127,6.922,8.128,3.888,7.686,6.803,9.841,7.306,8.927,6.012,7.349,7.277,9.148,7.769,5.809,5.139,7.346,8.607,5.05,7.921,5.99,8.311,6.092,8.003,7.655,7.895,6.447,5.404,7.213,8.733,4081.8,noise
D0727,0.281,0.312,1.356,0.0,1.074,1.564,5.108,7.197,7.295,6.285,3.717,1.482,0.957,1.005,0.685,0.133,0.938,0.537,0.107,0.526,0.51,0.389,0.0,0.866,0.668,0.064,0.569,0.572,0.105,2.005,4.632,7.909,7.976,6.818,3.125,1.24,0.0,0.345,0.162,0.085,0.1,0.0,0.0,0.339,0.614,0.952,0.504,0.0,0.472,0.931,0.471,0.972,0.661,1.784,4.25,7.401,7.526,5.92,3.423,1.94,0.189,1.009,1.006,0.0,0.118,0.077,0.0,0.446,0.72,0.363,0.307,1.053,0.1,0.393,0.298,0.103,0.453,2.185,5.213,7.368,7.478,5.742,3.334,1.041,0.715,0.615,0.175,0.0,0.313,0.779,0.515,1.034,0.679,0.109,0.081,0.21,0.138,0.405,0.0,0.07,0.627,1.948,4.62,6.603,6.578,6.198,2.964,1.167,0.883,0.843,0.505,0.324,0.202,0.0,0.429,0.0,0.296,1.168,0.0,0.502,0.0,0.0,0.0,0.238,1.404,1.289,2.3,2.989,3.094,2.391,2.021,0.371,0.365,0.186,0.218,0.102,0.378,0.0,0.436,1.061,0.167,0.004,0.083,0.493,0.0,0.687,0.191,0.337,0.283,0.822,1.393,2.462,2.616,1.787,1.855,0.468,0.4,0.331,0.196,0.461,0.739,0.192,0.0,0.674,0.0,0.429,0.2,0.423,787.0,morning
D0728,6.423,5.533,3.785,2.191,0.683,0.226,0.634,0.0,0.833,0.895,0.811,0.611,0.0,0.0,0.924,0.508,0.669,0.916,1.319,0.214,1.65,1.371,3.494,4.581,5.962,5.876,3.256,1.294,0.611,0.023,0.0,0.577,0.492,0.067,0.545,0.629,1.041,0.47,0.0,0.667,0.0,0.501,1.138,0.684,1.402,1.432,4.24,3.906,6.509,6.011,3.447,1.856,0.989,1.093,0.0,0.251,0.49,1.053,0.0,0.601,0.455,0.79,0.759,0.048,1.718,1.028,0.0,0.256,1.414,1.892,3.572,5.89,6.561,5.2,3.674,1.254,1.314,0.0,0.0,0.0,0.819,0.504,0.624,0.0,0.935,0.368,0.0,0.165,1.147,0.034,0.573,0.636,0.83,2.48,4.051,5.341,7.241,6.041,3.848,3.017,1.04,0.932,0.648,0.489,1.33,0.0,0.309,0.408,0.668,0.371,0.082,0.0,0.283,0.0,0.854,0.107,1.47,3.383,5.189,6.659,7.564,7.145,5.531,2.308,0.768,0.279,0.294,0.349,1.232,0.529,0.24,1.197,0.377,0.844,0.026,1.007,0.351,0.33,0.0,0.499,0.832,2.891,4.394,6.059,6.625,5.296,3.611,3.435,0.874,1.071,0.0,0.513,0.639,0.0,0.0,0.904,0.177,0.4,0.85,0.953,0.087,0.37,0.199,0.545,0.907,2.146,4.925,5.441,895.6,night
D0729,1.535,1.279,2.3,1.814,0.417,0.822,1.308,1.606,1.962,1.857,1.89,1.477,1.584,1.92,1.927,1.979,1.348,1.678,2.092,1.33,1.771,1.094,1.422,1.693,1.753,0.971,0.0,1.977,1.959,0.535,1.674,1.541,2.167,2.178,2.079,1.564,0.667,1.973,1.275,0.963,3.052,1.387,1.898,1.997,1.747,0.215,2.126,1.397,1.59,1.038,0.944,0.983,1.028,1.141,2.003,1.304,1.791,1.339,1.84,1.691,1.471,1.144,1.958,1.331,1.972,0.999,1.336,0.619,1.087,1.284,2.046,2.059,1.841,1.621,1.429,1.083,1.277,1.102,1.929,1.304,2.046,0.971,2.342,1.371,1.548,1.89,1.155,1.764,1.539,2.241,1.365,2.233,1.601,1.135,1.574,1.481,0.907,1.158,1.385,1.919,1.991,1.267,1.848,2.254,1.343,1.336,1.583,2.13,2.042,1.724,2.04,1.125,1.235,2.035,0.761,1.273,2.08,1.633,1.855,1.379,2.372,2.047,0.968,0.093,1.015,2.495,1.333,0.735,1.527,1.262,1.003,0.726,1.318,1.53,2.07,1.586,1.651,1.013,1.27,1.465,1.293,1.504,0.94,1.595,1.877,0.379,1.137,2.033,0.434,0.913,1.786,1.431,1.375,0.834,1.724,2.074,1.735,1.34,1.528,1.191,1.403,0.833,1.277,1.788,1.411,1.264,0.909,1.329,885.2,allday_low
D0730,0.0,0.644,1.076,0.341,1.72,3.774,5.622,6.951,5.143,3.514,1.071,0.67,0.58,0.392,0.656,0.0,0.515,0.195,0.277,0.236,0.194,0.916,0.552,0.0,0.614,0.52,0.003,0.734,1.43,3.415,5.316,6.098,6.106,2.93,1.043,0.771,0.119,0.391,0.0,0.494,0.719,0.364,0.0,0.455,0.0,0.377,0.0,0.696,0.402,0.374,0.782,0.0,1.076,3.15,4.645,6.848,5.031,3.706,0.947,1.045,0.0,0.811,0.166,0.0,1.083,0.705,0.203,0.0,0.0,0.331,0.015,0.0,0.209,0.68,1.142,0.169,1.15,3.799,5.201,6.499,5.577,3.658,0.643,0.462,0.0,0.812,0.452,0.183,0.173,0.498,0.0,0.153,0.075,0.251,0.744,0.0,0.56,0.365,0.216,0.862,1.371,3.327,5.896,6.207,5.025,3.221,1.238,0.958,1.219,0.947,0.0,0.561,0.0,0.406,0.15,0.465,0.243,0.052,0.336,0.771,1.127,0.702,0.501,0.657,0.573,1.46,2.869,2.285,2.663,1.352,0.498,0.0,0.232,0.0,0.216,0.158,0.0,0.611,0.022,0.358,0.0,0.008,0.0,0.136,0.256,0.254,0.879,0.635,0.0,1.691,1.948,3.042,1.447,1.176,0.692,0.0,0.722,1.011,0.076,0.463,0.51,0.0,0.0,0.269,0.772,0.566,0.0,0.651,732.7,morning
D0731,3.661,2.094,1.091,0.58,0.562,0.0,0.0,0.64,0.419,0.658,0.162,0.04,0.147,0.006,0.845,0.712,0.745,1.468,1.284,2.465,4.695,6.251,5.763,4.333,2.699,2.014,1.099,1.13,1.041,0.502,0.0,0.484,0.399,0.488,0.073,0.0,0.48,0.0,0.808,0.0,0.0,1.015,1.471,2.184,4.476,6.371,6.181,4.642,3.061,1.547,0.316,0.0,0.308,0.655,0.212,0.506,0.856,0.0,0.686,0.0,1.338,0.125,0.86,0.434,0.053,0.0,1.751,3.088,4.914,5.783,6.087,5.043,3.654,1.729,0.039,0.459,0.13,0.489,0.451,0.672,0.063,0.059,0.831,0.0,0.319,0.384,0.0,0.429,0.524,0.904,1.296,2.682,4.459,6.911,6.502,4.771,3.383,1.506,1.07,0.59,0.0,0.0,0.09,0.829,0.056,0.407,0.883,0.869,0.729,1.098,0.555,0.133,1.352,1.266,1.719,4.12,5.256,7.804,6.769,5.785,3.81,1.661,1.092,0.29,0.514,1.001,0.024,0.778,1.465,0.496,0.0,0.632,0.361,1.092,0.0,0.413,0.522,1.013,1.875,4.043,6.726,8.065,8.375,6.877,3.234,1.03,0.727,0.0,0.895,0.397,0.657,0.655,0.896,0.815,0.0,0.009,0.367,1.085,0.0,0.42,0.845,0.748,2.568,3.05,5.148,7.007,6.585,5.578,1060.7,night
D0732,1.69,1.605,1.052,0.316,1.098,0.0,0.364,0.209,3.249,0.365,0.0,0.24,0.0,0.0,0.291,2.812,0.0,0.028,0.621,4.026,0.0,0.255,2.155,1.722,2.283,1.898,1.476,0.35,0.463,0.157,0.58,0.902,1.894,0.356,0.248,0.384,0.363,0.616,0.0,1.226,0.0,0.0,0.746,2.468,1.197,0.764,1.692,1.801,1.59,1.354,0.0,1.0,1.127,0.578,0.364,0.679,0.966,0.24,0.068,0.433,0.0,0.992,0.837,0.599,1.141,0.293,0.262,1.667,0.819,0.16,1.684,1.61,3.102,0.92,1.272,0.527,0.564,0.188,0.016,0.0,2.141,0.555,0.385,0.137,0.0,0.0,0.0,1.932,0.355,0.32,0.0,1.682,1.136,0.609,0.932,1.954,2.37,2.831,1.321,0.493,0.532,0.27,0.0,0.036,2.626,0.763,0.0,0.115,0.521,0.663,0.788,1.586,0.125,0.404,0.0,2.359,0.0,0.513,0.846,1.926,1.408,2.721,1.808,0.959,0.083,0.0,0.411,0.0,1.899,0.556,0.0,0.268,0.217,1.813,0.0,0.887,0.0,0.0,0.871,2.699,0.428,1.232,1.759,2.263,1.634,2.275,1.515,1.974,0.452,0.5,0.314,0.0,2.002,0.118,0.0,0.678,0.0,0.574,0.209,1.934,0.278,0.847,0.809,1.926,0.889,0.893,1.56,2.86,514.6,intermittent
D0733,0.295,0.432,0.437,0.478,0.729,1.398,3.368,6.424,8.272,7.313,5.167,1.851,0.295,0.455,0.036,0.913,0.0,0.09,0.0,0.41,0.0,0.347,1.022,0.279,0.799,0.811,0.733,0.0,1.203,1.193,3.486,6.057,7.451,6.607,5.42,1.518,0.8,1.256,0.1,0.996,0.591,0.976,1.133,0.334,0.0,0.0,0.396,0.019,0.184,0.721,0.0,0.198,0.0,0.504,3.612,6.137,7.026,7.284,3.132,1.655,1.356,0.0,0.478,0.569,0.046,0.102,0.0,0.72,0.0,0.011,0.0,1.507,1.057,0.516,0.432,1.004,0.228,0.861,3.737,6.842,7.52,7.183,4.661,2.075,0.996,0.356,0.0,0.286,0.679,0.559,0.126,0.785,0.333,0.507,0.055,0.148,0.431,0.333,0.171,0.123,0.0,0.704,2.993,5.618,7.58,7.244,3.943,1.333,1.414,0.589,0.064,0.0,1.378,0.2,0.484,0.0,0.0,0.869,0.098,0.05,0.165,0.162,0.624,0.107,0.521,0.29,1.02,2.269,3.173,3.909,1.724,0.645,0.689,0.502,0.0,0.047,0.0,0.378,0.448,0.434,1.051,0.352,0.186,0.225,0.0,1.068,0.937,0.0,0.0,0.56,1.265,2.421,3.214,2.034,1.649,0.859,0.0,0.72,0.0,0.012,0.903,0.0,0.086,0.0,0.298,0.336,0.149,0.0,774.4,morning
D0734,2.98,2.506,2.141,0.914,0.0,0.034,0.102,0.0,0.0,0.0,0.22,0.446,0.0,1.168,0.696,0.441,0.511,0.616,0.316,1.186,0.921,3.072,2.352,4.068,3.968,2.481,1.982,0.583,0.512,0.728,0.0,0.506,0.042,0.587,0.0,0.733,0.0,0.0,2.564,0.541,0.0,1.272,0.207,0.687,1.33,3.024,4.506,4.021,3.844,2.54,1.158,1.158,0.499,0.884,0.0,0.266,0.0,0.277,0.418,0.0,0.32,0.413,0.148,0.0,0.23,0.786,0.893,0.936,1.501,2.764,3.859,3.773,4.175,3.624,2.041,0.743,0.0,0.0,0.376,0.0,0.0,0.655,0.817,0.0,0.986,0.032,1.257,0.0,0.69,0.532,0.0,0.868,0.787,2.54,3.128,4.733,5.098,3.054,2.345,0.726,0.954,0.468,0.929,0.06,0.306,0.536,1.048,0.384,0.0,0.0,1.287,0.343,0.0,1.527,0.893,0.32,1.511,2.123,4.292,4.896,5.32,3.517,2.345,1.484,1.619,0.492,0.0,0.0,0.536,0.609,0.496,0.053,1.013,0.332,1.247,0.967,1.212,2.494,0.0,1.811,1.669,2.986,4.88,5.289,3.853,2.789,1.841,0.751,0.858,0.288,0.0,0.0,0.503,0.366,0.501,0.349,0.509,0.0,1.277,1.045,0.444,1.943,0.0,0.602,1.232,2.209,3.922,4.317,738.3,night
D0735,0.484,0.695,0.0,0.19,1.207,1.806,5.088,7.206,6.16,4.474,2.494,1.645,0.633,0.435,0.392,0.49,0.296,0.293,0.203,0.262,0.189,0.914,0.6,0.287,1.158,0.0,0.135,0.415,0.808,2.378,4.673,6.643,6.114,5.094,2.082,0.929,0.622,0.0,0.16,0.0,0.205,0.0,0.797,0.033,0.0,1.247,0.185,0.647,0.0,0.0,0.22,0.09,0.552,2.033,4.027,5.739,6.774,4.601,2.055,1.671,0.718,0.076,0.139,0.0,0.0,0.39,0.941,0.0,0.097,0.266,0.366,0.0,0.0,1.412,0.0,0.971,1.005,2.071,4.495,7.244,6.646,4.882,3.081,1.364,0.0,0.0,0.381,0.0,0.358,0.433,1.061,0.118,0.188,0.0,0.229,0.0,0.49,0.074,0.131,0.721,0.784,2.37,3.853,6.498,5.788,4.812,1.897,0.367,0.464,1.008,0.269,0.276,0.0,1.431,0.0,0.387,0.399,0.199,0.507,0.624,0.0,0.874,0.0,0.0,0.016,0.436,2.542,2.775,3.357,2.497,1.721,0.0,0.0,0.338,0.582,0.0,0.0,0.418,0.149,0.0,0.0,0.0,0.39,0.62,0.58,0.0,0.613,0.734,0.504,0.907,2.025,1.89,1.846,1.827,0.868,0.0,0.262,0.554,0.719,0.259,0.0,0.655,0.646,0.194,0.429,0.439,1.061,0.0,741.4,morning
D0736,0.661,0.312,0.447,0.386,1.317,2.862,4.789,7.404,7.165,4.608,2.661,0.787,0.0,0.376,0.286,0.0,0.619,1.201,0.282,0.024,0.0,0.478,0.73,0.153,0.24,0.0,0.447,0.0,1.336,2.736,5.122,7.712,6.318,5.303,2.329,0.828,0.16,0.737,0.095,0.849,0.921,0.0,0.525,0.0,0.791,0.482,0.231,0.0,0.578,0.304,0.0,0.599,1.725,3.371,5.108,6.657,7.286,3.866,1.69,1.167,0.958,0.621,0.208,0.605,0.828,0.538,0.0,0.036,0.739,0.008,0.731,0.502,0.466,0.862,0.228,0.815,1.013,2.859,5.649,6.812,6.938,4.019,1.955,0.636,0.107,0.739,0.314,1.47,0.335,0.055,0.675,0.534,0.761,0.112,0.151,0.428,0.232,0.822,0.0,0.861,1.941,2.948,5.394,6.865,5.99,3.318,2.233,0.755,0.0,1.075,0.089,0.349,0.373,0.63,0.518,0.0,0.0,0.257,0.129,0.634,0.0,0.264,0.583,0.0,0.67,1.278,2.11,2.505,2.03,1.866,1.046,0.567,0.0,0.679,0.621,0.0,0.04,0.072,0.196,0.338,0.873,0.0,0.0,0.231,0.0,0.0,0.979,0.692,0.628,1.01,1.69,3.233,3.127,1.465,1.106,0.0,0.571,0.0,0.55,0.526,0.928,0.489,0.98,0.0,0.0,0.201,0.0,1.296,816.2,morning
D0737,3.404,3.431,1.367,0.0,0.935,1.083,0.23,0.284,0.109,1.152,0.235,0.0,0.628,0.678,0.814,0.679,0.134,0.501,0.0,0.72,1.931,4.513,3.65,4.712,4.479,3.173,1.338,1.821,0.239,0.234,1.124,0.548,0.339,0.341,0.0,0.0,1.302,0.176,0.0,0.52,0.0,0.355,0.18,1.225,2.303,4.028,3.715,3.936,3.911,3.228,1.152,0.371,0.102,1.108,0.003,0.846,0.219,0.065,0.63,0.283,2.151,0.0,0.415,0.0,0.0,0.102,0.384,0.69,2.497,4.078,3.764,5.065,4.322,2.088,1.396,1.146,0.272,0.006,0.0,0.338,1.119,0.0,0.837,0.506,0.876,0.535,0.0,0.614,0.241,0.328,0.522,1.32,2.231,2.791,3.031,4.444,5.969,3.343,2.706,0.753,0.946,0.158,0.0,0.391,0.478,0.481,0.868,0.626,2.388,0.96,0.365,0.0,0.191,0.661,0.669,1.872,4.213,5.349,5.108,5.45,5.5,3.638,1.628,1.63,0.0,0.126,0.211,0.0,0.0,0.46,0.166,0.604,1.196,0.413,0.657,0.0,0.0,0.769,0.538,1.342,1.784,4.247,5.106,5.877,4.775,2.774,0.841,0.511,0.371,0.562,0.496,0.0,0.779,0.0,1.452,0.231,0.802,0.126,0.0,0.0,0.668,0.851,0.366,0.859,2.337,4.629,4.092,5.289,828.9,night
D0738,3.15,2.172,2.112,1.817,0.58,0.0,1.329,0.145,0.001,1.198,0.16,1.48,0.508,0.18,0.24,0.613,0.0,0.983,0.541,1.31,2.6,1.285,2.61,3.294,2.538,2.27,0.882,2.286,0.037,0.218,2.577,0.0,0.356,0.0,0.503,1.682,0.447,0.0,0.0,0.489,0.832,0.728,0.488,0.352,2.351,2.017,2.526,3.269,3.392,2.07,1.206,1.897,0.614,0.144,2.129,0.602,0.802,0.422,0.953,1.621,0.482,0.0,0.425,0.529,0.443,0.667,0.521,0.59,3.068,1.592,3.352,3.463,3.56,2.234,1.757,1.736,0.268,0.432,1.388,0.751,0.735,0.004,0.586,1.456,0.956,0.0,0.633,0.66,0.0,0.491,0.123,0.387,3.14,2.877,2.786,4.142,4.513,2.321,1.524,2.86,0.595,0.066,2.821,0.754,0.56,0.048,0.753,3.145,0.781,0.731,0.0,0.712,0.201,0.222,0.491,0.854,3.105,2.896,3.908,4.547,3.604,2.747,1.698,2.632,0.933,0.084,2.269,0.048,0.121,0.267,0.104,1.995,0.021,0.554,0.37,0.0,0.74,0.549,0.596,0.594,2.423,2.932,5.201,3.469,3.967,2.11,1.839,1.487,0.755,0.87,1.506,0.506,0.394,0.0,0.23,1.67,0.87,0.027,0.499,0.131,0.572,0.641,0.366,0.901,1.813,2.573,3.512,4.334,719.0,night
D0739,0.0,0.0,0.383,0.109,0.888,2.155,4.361,6.163,6.311,3.823,1.694,0.212,0.571,0.0,0.336,1.147,0.0,0.0,0.293,0.0,0.792,0.0,0.216,0.444,0.0,0.271,0.878,0.601,0.664,2.405,3.13,5.622,5.043,3.951,1.882,0.321,0.806,0.0,0.978,0.695,0.29,0.003,0.124,0.382,0.0,0.175,0.385,0.502,0.847,0.903,0.222,0.0,0.822,2.683,4.114,6.593,5.164,4.033,2.034,1.502,0.369,0.455,0.555,0.0,0.0,0.395,0.326,0.117,0.426,0.319,0.677,0.006,0.384,0.077,0.033,0.95,1.266,2.142,3.923,6.47,6.54,3.202,1.574,0.485,0.245,0.083,0.183,0.543,0.11,0.055,0.196,0.355,0.293,0.387,0.229,0.0,0.377,0.0,0.506,0.759,0.306,2.407,4.618,5.196,5.556,3.484,1.68,0.457,0.0,0.889,0.211,0.287,0.552,0.473,0.016,0.029,0.122,0.716,0.053,0.0,0.0,0.131,0.269,1.378,0.0,0.445,2.579,1.657,3.016,1.406,0.771,0.264,0.821,0.0,0.478,0.0,0.0,0.0,0.0,0.0,0.0,0.709,0.448,0.094,0.278,0.0,0.144,0.318,0.0,1.054,1.876,2.057,2.058,1.979,1.255,0.118,0.423,0.78,0.193,0.0,0.0,0.0,0.665,1.021,0.278,0.0,0.504,0.0,685.2,morning
D0740,0.715,0.391,0.0,0.871,1.283,3.881,5.815,7.585,6.34,3.896,1.831,1.27,0.643,0.192,0.371,0.645,0.0,0.0,0.449,1.271,0.81,0.175,0.759,0.184,0.0,0.0,0.317,0.308,2.041,3.079,6.673,7.105,6.141,3.128,1.888,0.478,0.702,0.433,0.739,0.085,0.956,0.078,0.355,0.271,0.647,0.972,0.286,0.745,0.0,0.445,1.104,0.699,1.823,4.275,6.135,8.429,5.948,3.59,0.724,1.091,0.49,0.257,0.0,1.199,0.55,1.085,0.444,0.455,0.441,0.04,0.104,0.351,1.124,0.0,0.937,0.237,1.61,3.544,6.674,8.144,6.385,3.059,1.561,0.983,0.519,0.661,0.807,0.083,0.32,0.493,0.675,0.38,0.0,0.335,0.229,0.042,0.0,0.0,0.154,0.342,1.44,3.449,5.531,6.102,6.34,3.391,1.063,0.564,1.047,0.931,0.0,0.216,0.422,0.923,0.0,0.274,0.0,0.127,0.322,0.0,0.0,0.183,0.567,0.0,0.91,1.65,3.211,2.648,2.288,1.214,0.058,0.321,0.143,0.291,0.198,1.016,0.462,0.391,0.061,0.879,0.011,0.402,0.0,0.245,0.351,0.538,0.0,0.333,0.226,1.352,2.592,3.122,2.405,0.94,0.932,0.0,0.283,0.18,0.151,0.729,0.218,0.923,0.784,0.0,0.137,0.0,0.707,0.371,745.8,morning
D0741,2.09,1.085,1.598,1.845,1.435,1.94,1.545,1.919,2.267,2.134,1.41,2.762,2.552,2.349,3.055,2.18,2.522,1.276,2.73,2.312,2.602,1.567,2.737,2.082,2.075,1.273,1.879,1.809,1.753,1.937,1.073,2.278,1.534,1.972,1.946,2.119,1.556,1.536,2.053,1.457,1.715,2.362,1.891,1.855,2.559,0.708,1.555,1.791,1.872,1.042,1.794,1.469,2.306,2.109,1.652,1.818,2.026,2.054,2.022,2.009,3.046,2.589,2.351,2.473,1.842,2.015,1.541,1.955,1.443,1.686,1.665,1.448,2.065,2.703,0.956,2.009,1.646,1.207,1.429,1.891,1.926,2.126,1.675,1.293,2.209,2.674,1.679,2.52,2.244,2.725,2.259,2.796,2.431,1.007,1.516,0.945,2.265,1.551,1.799,0.867,0.932,1.514,1.713,1.446,1.814,2.034,2.225,1.971,2.54,2.539,2.907,2.919,1.994,1.569,1.91,2.17,1.784,1.732,1.816,1.535,1.201,1.044,1.894,1.42,1.757,1.544,1.279,1.46,1.012,1.894,2.628,2.007,2.334,1.432,1.115,1.808,3.092,1.116,2.341,1.907,1.959,1.741,1.334,1.38,1.855,1.888,0.785,1.521,1.373,0.981,2.152,1.483,1.768,2.316,2.231,2.493,1.461,2.685,1.732,1.577,2.189,1.711,2.181,1.43,1.761,2.395,1.819,1.508,1109.9,allday_low
D0742,0.853,1.253,0.848,1.504,0.516,1.411,2.084,1.98,1.576,2.134,1.71,1.831,1.454,1.808,2.379,2.197,2.662,2.21,1.304,0.772,1.858,1.845,1.51,2.163,1.509,1.825,1.502,1.479,1.948,2.41,1.471,1.843,1.83,1.585,1.409,2.313,2.553,1.93,1.737,2.393,1.475,2.012,1.946,1.744,2.114,1.727,1.511,1.225,1.354,1.219,1.269,1.72,1.135,1.816,1.931,2.259,1.905,1.856,2.132,2.114,2.261,1.345,1.498,1.572,2.555,0.827,2.281,1.652,1.661,1.674,0.591,1.192,1.631,1.77,1.756,1.431,2.031,1.426,1.658,1.828,1.38,1.894,1.664,1.734,2.072,2.187,1.967,1.896,2.088,1.915,1.405,2.139,1.311,2.043,1.77,1.702,1.951,1.566,2.423,1.39,0.543,1.312,2.175,2.563,2.603,2.385,1.813,1.764,2.789,2.2,1.812,2.359,1.355,1.463,1.17,1.786,2.05,1.754,0.924,1.601,1.03,0.765,0.738,1.749,1.438,1.766,2.327,1.49,2.038,1.384,1.547,1.81,1.752,1.917,1.157,2.215,1.442,1.677,1.718,2.149,1.84,1.252,0.471,1.631,1.898,0.885,1.461,1.484,1.822,1.095,1.757,1.286,1.048,1.223,1.601,1.912,1.807,1.58,1.608,1.164,0.876,1.131,0.97,2.251,1.661,1.772,1.5,1.064,976.6,allday_low
D0743,3.004,2.571,1.079,1.151,0.914,1.185,0.844,0.466,0.277,0.084,0.875,0.0,0.309,0.365,0.336,0.0,0.352,0.391,1.413,2.268,2.795,5.162,5.21,4.932,3.857,2.562,0.668,0.85,0.279,0.063,0.0,0.48,0.709,0.0,0.0,0.0,0.519,0.537,0.387,0.0,0.312,0.0,0.988,2.131,2.177,3.948,5.183,4.87,3.814,3.013,1.23,0.141,0.0,0.857,0.155,0.738,0.378,0.205,0.045,0.518,0.728,0.756,0.523,0.301,0.718,0.158,1.315,1.285,3.5,5.091,5.603,5.264,4.135,2.277,0.963,0.817,0.415,0.464,0.605,0.766,0.193,0.016,0.318,0.253,0.0,0.184,0.014,0.201,0.512,0.0,1.025,2.217,3.531,4.589,6.654,4.965,4.968,3.729,1.307,0.686,0.569,0.69,1.569,0.545,0.415,0.607,0.0,0.946,1.422,1.464,0.583,0.021,0.224,0.612,1.007,2.013,3.747,5.633,6.457,6.76,5.649,3.273,2.325,1.289,0.94,0.0,0.027,0.229,0.307,0.0,1.072,1.085,0.049,0.306,0.023,0.075,0.99,0.253,1.289,1.065,5.004,6.28,7.758,7.011,4.391,2.191,0.833,0.0,1.268,0.981,0.933,0.209,0.687,0.054,0.901,0.305,0.169,0.0,0.283,0.0,0.0,0.349,1.151,1.811,3.121,6.603,5.945,6.306,880.4,night
D0744,3.662,2.016,0.179,0.641,0.901,0.0,0.187,0.648,0.0,0.831,0.0,0.0,0.546,0.853,1.016,1.202,0.0,0.828,2.162,3.378,4.742,6.981,6.619,5.617,2.675,1.58,0.572,0.498,0.254,0.974,0.063,0.268,0.73,0.0,0.308,0.46,0.181,0.156,0.514,0.01,0.617,0.621,1.747,3.393,5.091,6.122,7.393,5.313,2.832,2.093,0.728,0.792,0.57,0.472,0.585,0.0,0.052,0.097,0.164,1.048,0.602,0.519,0.355,1.443,0.217,1.22,2.038,3.443,4.723,5.782,6.514,5.108,3.335,1.667,1.317,0.478,0.022,1.555,1.045,0.215,1.207,0.0,0.0,0.178,1.014,0.103,0.797,0.009,0.62,0.978,1.438,3.479,4.76,6.055,6.43,4.828,3.597,3.005,1.045,0.599,0.402,0.266,0.0,0.916,1.419,0.258,0.537,0.61,0.282,0.222,0.655,0.0,1.04,0.85,1.094,3.446,6.099,8.372,8.686,6.833,4.533,2.703,0.901,0.959,1.059,0.13,0.157,0.287,0.0,1.064,0.267,0.0,0.0,1.196,0.976,0.171,0.981,0.589,2.151,3.765,5.996,8.732,8.594,6.594,3.936,2.007,0.64,0.156,0.818,0.477,0.3,0.312,0.921,0.738,0.389,1.451,0.41,0.657,0.763,0.0,0.452,0.875,0.725,3.564,4.618,8.177,7.384,5.228,1162.8,night
D0745,0.155,0.707,0.0,0.11,0.793,0.245,0.083,0.397,5.135,0.0,1.168,0.301,0.638,0.706,0.0,0.0,0.649,0.659,0.0,0.855,4.871,0.0,0.153,0.0,0.0,0.323,0.651,0.201,0.0,0.0,0.096,0.0,1.465,0.0,0.255,0.312,0.05,0.645,0.581,0.0,0.822,0.0,0.54,0.231,1.892,0.0,0.275,0.0,0.441,0.0,0.0,0.314,0.115,0.0,0.117,0.351,2.656,0.005,0.41,0.0,0.0,0.53,0.0,0.177,0.0,0.548,0.265,0.725,3.36,0.174,0.0,0.0,0.0,1.054,0.371,0.509,0.887,0.462,0.316,0.633,3.858,0.0,0.268,0.632,0.209,0.245,0.0,0.71,0.953,0.0,0.0,0.543,5.6,0.0,0.407,0.049,0.0,0.0,0.283,0.0,0.021,1.077,0.979,0.637,3.41,0.0,0.105,0.649,0.0,0.0,0.237,0.02,0.0,0.252,0.0,0.073,3.46,0.486,0.0,0.0,0.0,0.0,0.016,0.0,0.329,0.0,0.319,0.048,4.848,0.0,0.0,0.149,0.0,0.051,0.679,0.301,0.482,0.0,0.0,0.533,3.423,0.251,0.0,0.0,0.0,0.0,0.32,0.186,0.0,0.662,0.762,0.233,2.24,0.1,0.0,0.406,0.096,0.18,0.071,0.529,0.055,0.13,0.485,0.971,1.856,1.056,0.622,0.322,332.8,intermittent
D0746,3.566,3.579,2.79,2.667,1.479,0.567,0.084,0.0,0.628,0.0,0.898,2.263,0.197,0.0,0.464,0.163,0.079,0.015,0.403,0.022,0.534,2.81,1.363,3.775,4.348,3.567,3.405,2.002,1.015,1.017,0.935,0.0,0.0,0.567,0.877,2.174,0.14,0.299,0.675,0.535,0.0,0.0,0.0,0.387,1.189,1.422,1.21,4.838,3.113,3.947,2.734,1.572,1.401,0.057,0.317,0.23,1.098,0.0,0.007,2.302,0.426,0.0,0.0,0.0,0.146,0.468,0.0,0.042,1.148,2.265,1.979,4.359,3.632,4.274,3.072,2.226,0.636,0.094,0.0,0.0,0.87,0.0,0.167,1.753,0.939,0.192,0.199,0.0,0.0,0.728,0.249,0.59,0.674,1.417,1.314,4.024,4.578,5.121,3.529,2.184,1.525,1.372,1.12,0.0,0.355,0.907,0.636,0.912,0.732,0.0,0.48,0.527,0.671,0.298,0.489,0.4,0.665,2.81,2.224,4.128,4.72,4.681,4.435,3.025,1.743,0.212,0.574,0.0,0.0,0.246,0.578,1.246,0.098,0.355,1.028,0.042,0.0,0.309,0.0,0.531,0.0,0.901,1.816,4.694,3.608,4.405,3.377,1.496,1.272,1.232,0.544,0.844,0.367,0.855,0.422,0.821,0.0,0.788,0.0,0.299,0.447,0.225,0.109,0.564,0.496,2.413,1.311,3.854,787.3,night
D0747,0.0,0.0,0.762,0.523,0.458,4.222,0.829,0.0,0.296,0.0,0.0,0.0,1.123,0.0,0.238,0.931,0.13,0.0,1.165,4.02,0.0,0.656,3.42,0.0,0.615,0.0,0.18,0.464,0.38,2.841,0.0,0.0,0.0,0.54,0.0,0.09,0.268,0.097,0.742,0.0,0.082,0.253,0.213,1.458,0.799,0.601,1.842,0.39,0.0,0.547,0.83,0.0,0.964,4.081,0.0,0.0,0.175,0.307,0.0,0.0,0.452,0.15,0.0,0.492,0.187,1.053,1.173,2.883,0.1,0.185,2.585,0.353,0.0,0.261,0.0,0.0,0.0,3.069,0.314,0.336,0.17,0.263,0.379,0.0,0.201,0.042,0.0,0.568,1.006,0.683,0.538,2.869,0.262,0.315,3.052,0.674,0.048,0.225,0.669,0.0,0.0,3.651,0.003,0.61,1.032,0.0,0.0,0.0,0.207,0.0,0.35,0.114,0.599,0.346,0.0,2.726,0.033,0.0,3.58,0.562,0.265,0.042,0.068,0.0,0.109,2.623,0.0,0.0,0.0,1.126,0.022,0.333,0.104,0.0,0.266,0.0,0.251,0.275,0.062,2.095,0.447,0.806,1.736,0.0,0.0,0.0,0.0,0.045,0.959,2.274,0.355,0.248,0.155,0.53,0.01,0.54,0.918,0.0,0.565,0.269,0.285,0.05,0.531,1.337,0.072,0.0,1.263,0.614,302.6,intermittent
D0748,0.0,0.721,0.487,0.52,0.137,0.0,0.392,0.0,0.319,0.142,0.5,0.563,0.652,0.184,0.648,0.79,0.0,0.393,0.0,0.744,7.322,0.345,5.276,0.264,0.008,0.0,0.0,0.0,0.077,0.0,0.219,0.251,0.0,0.204,0.245,0.1,0.546,1.403,0.604,0.145,0.0,1.381,0.515,0.216,6.51,0.367,5.689,0.301,0.0,0.1,0.0,0.479,0.456,0.568,0.669,0.0,0.075,0.092,0.0,0.213,0.0,0.747,0.0,0.0,0.0,0.458,0.0,0.689,3.933,0.156,4.026,0.371,0.0,0.246,0.0,1.388,0.686,0.635,0.091,0.158,0.504,0.105,0.471,0.875,0.0,0.663,0.0,0.0,0.204,0.424,0.0,0.775,4.976,0.0,4.472,0.0,0.225,0.31,0.0,0.117,0.681,1.163,0.081,0.348,0.0,0.111,0.739,0.02,0.0,0.152,0.0,0.0,0.304,0.0,0.0,0.0,5.067,0.226,4.872,0.237,0.0,0.263,0.466,0.0,0.047,0.982,0.464,0.78,0.259,0.0,0.48,0.0,0.0,0.0,0.336,0.121,0.009,0.0,0.132,0.723,1.536,0.278,2.561,0.265,0.432,0.706,0.0,0.286,0.0,0.565,0.94,0.51,0.0,1.363,0.702,0.0,0.298,0.014,0.237,0.608,0.047,0.0,0.0,0.212,5.723,0.0,4.605,0.225,366.5,intermittent
D0749,5.154,3.361,1.667,0.839,1.367,0.517,0.739,0.0,0.0,0.434,0.062,0.0,0.011,0.14,1.372,1.252,0.948,1.028,1.187,0.953,3.384,4.098,6.952,6.63,4.823,3.547,1.366,0.846,0.505,0.266,1.192,0.661,0.64,0.159,0.264,0.831,0.144,0.145,0.437,0.507,0.268,0.332,0.219,1.933,2.715,4.824,5.131,6.716,5.666,3.69,2.165,0.808,1.372,0.311,1.051,0.158,1.205,0.407,0.0,0.0,0.158,0.81,0.024,0.0,0.321,1.253,1.563,0.124,3.287,5.06,5.606,6.384,6.288,3.716,2.501,0.384,0.97,0.399,0.251,0.03,0.129,0.411,0.149,0.796,0.0,0.828,0.0,0.012,0.832,0.95,1.046,2.12,3.32,5.031,6.437,6.703,6.652,4.178,1.953,0.482,0.268,0.985,0.386,0.246,0.905,0.443,0.674,0.311,0.345,0.0,0.474,0.145,0.106,0.703,1.079,1.691,3.729,6.132,8.514,7.469,7.462,4.929,2.438,1.43,0.949,0.0,0.626,0.323,0.0,0.147,0.996,0.415,0.913,0.622,0.0,0.86,0.915,0.441,0.42,2.053,3.754,6.408,8.898,9.011,6.127,3.982,1.955,1.572,0.198,0.159,0.65,1.395,0.348,0.922,0.0,0.539,0.711,0.799,0.307,0.152,0.0,0.488,1.665,1.646,4.481,5.398,7.333,8.098,1110.9,night
D0750,1.717,1.835,1.079,1.386,1.331,1.842,2.156,1.697,3.14,1.379,1.619,2.555,2.117,1.405,2.534,2.468,2.376,2.205,2.15,2.839,2.479,2.281,2.38,1.807,1.948,0.343,2.895,1.791,2.331,2.248,2.248,1.806,2.608,2.46,1.645,2.308,2.332,2.12,1.826,1.886,2.573,2.053,2.391,2.024,1.963,1.533,1.616,1.803,1.061,1.878,1.716,1.08,1.752,0.601,1.677,1.983,2.424,3.275,2.243,2.358,1.559,2.231,2.116,1.547,3.058,2.424,2.403,2.838,1.378,1.37,2.517,1.395,2.109,1.903,2.655,2.446,2.494,1.085,2.193,2.42,2.008,1.812,2.1,2.617,1.713,3.112,1.486,2.007,1.731,2.235,1.931,2.675,1.914,2.085,1.83,1.696,1.889,1.181,1.321,1.272,1.939,1.901,1.984,1.961,2.197,1.894,2.095,2.398,1.944,2.533,2.846,2.404,2.931,2.177,2.655,1.723,2.157,2.202,2.334,2.071,2.325,1.936,1.617,1.648,1.343,1.543,1.632,1.859,1.75,1.262,2.5,1.042,1.664,2.658,1.735,2.535,2.164,2.245,1.761,1.76,2.111,1.787,1.49,1.642,1.489,1.025,1.617,1.909,1.615,1.592,1.844,1.292,0.925,2.304,2.215,1.101,1.976,2.077,1.894,1.687,2.023,1.655,1.919,1.258,2.043,2.472,1.715,1.975,1149.0,allday_low
D0751,0.0,0.0,0.0,0.361,0.237,1.684,2.095,4.187,6.251,6.982,3.8,2.587,0.505,0.558,0.14,0.316,0.496,0.674,0.495,0.335,0.494,0.25,0.521,0.799,1.088,0.801,0.923,0.0,0.794,0.89,1.617,3.856,6.684,6.836,4.06,2.248,0.338,0.242,0.0,0.261,0.624,0.0,0.0,0.275,0.268,0.0,0.52,0.0,0.884,0.61,0.836,0.184,1.067,1.015,2.408,4.62,6.549,5.876,4.419,2.404,0.579,0.62,0.0,0.557,0.79,1.22,0.196,0.4,0.159,0.633,0.27,0.12,1.187,0.673,0.0,0.093,0.497,0.943,1.227,4.053,6.906,6.803,4.926,1.366,0.074,0.352,0.0,0.06,0.014,0.33,0.055,0.955,0.0,0.485,0.171,0.425,0.428,0.0,0.205,0.52,0.064,1.021,2.303,3.291,5.456,5.003,4.925,1.854,1.717,0.248,1.2,0.184,0.0,0.273,0.039,0.124,0.733,0.595,0.375,0.109,0.0,0.397,0.898,0.622,0.0,0.777,0.661,1.805,3.225,2.921,2.461,0.928,0.0,0.0,0.0,0.311,0.0,0.0,0.0,0.521,0.335,0.0,0.0,0.587,0.233,0.016,0.123,0.176,0.168,0.637,0.311,1.507,2.443,2.635,1.738,0.842,0.601,0.629,0.222,0.0,0.0,0.0,0.375,0.0,0.559,0.251,0.313,0.0,654.0,morning
D0752,5.158,4.507,2.527,1.815,0.054,1.098,0.306,0.0,0.225,0.0,0.221,0.813,0.197,0.394,0.167,0.238,0.169,0.0,1.317,1.038,2.559,3.489,4.043,6.027,5.602,4.151,2.469,1.956,0.199,0.32,0.578,0.056,0.427,0.832,0.619,0.0,0.0,0.0,0.631,0.118,0.369,0.131,0.441,1.695,2.803,3.322,4.39,5.962,6.301,4.379,1.862,1.293,0.111,0.013,0.308,0.0,0.559,0.773,0.0,0.778,0.725,0.382,0.49,0.618,0.818,0.0,0.918,1.393,1.858,3.585,3.954,6.247,5.385,4.945,3.65,2.199,1.452,0.366,0.893,0.269,1.016,0.586,0.0,0.742,0.0,1.212,0.739,0.306,1.171,0.51,0.135,1.063,2.639,3.596,4.257,6.327,7.387,5.512,2.178,1.399,1.13,1.272,0.055,0.081,0.047,0.705,0.707,0.709,0.244,0.158,0.703,1.078,0.563,0.682,0.272,0.636,2.514,3.912,6.195,7.867,7.713,5.431,3.819,2.269,1.587,0.473,0.417,0.049,0.827,0.87,0.518,1.183,0.636,0.123,0.535,0.384,0.711,1.679,1.364,1.714,1.744,4.909,6.808,8.467,5.482,4.424,3.223,0.81,1.478,0.779,0.486,0.003,0.093,0.0,0.284,0.791,0.231,0.795,0.0,0.0,0.921,0.128,0.494,0.601,2.075,4.326,5.036,5.807,989.7,night
D0753,0.469,0.0,0.196,0.035,0.0,7.157,0.055,0.0,0.198,0.013,0.823,0.735,0.206,0.628,0.228,0.0,0.225,6.454,5.894,0.479,1.154,0.0,0.327,5.952,1.038,0.0,0.932,0.0,0.0,3.601,0.0,0.036,0.0,0.0,0.934,0.613,0.237,0.733,0.38,0.598,0.291,3.159,2.779,0.057,0.0,0.214,0.845,2.566,0.119,0.0,0.212,1.5,0.251,4.251,0.0,0.443,0.0,0.267,0.0,0.678,0.396,0.496,0.0,0.389,0.834,3.613,4.012,0.168,0.874,0.0,0.0,3.932,0.111,0.407,0.526,0.28,0.0,4.739,0.0,0.0,0.966,0.708,0.0,0.0,0.078,0.938,0.0,0.0,0.0,4.756,4.231,0.0,0.0,0.291,0.571,3.81,0.504,0.186,1.12,0.832,0.412,6.332,0.267,0.221,0.171,0.0,1.0,0.0,0.815,0.0,0.023,0.26,0.262,5.852,6.447,0.0,0.472,1.081,0.201,5.863,0.0,0.159,0.0,0.063,0.295,1.543,0.0,0.43,0.03,0.032,0.751,0.0,0.0,0.273,1.101,0.395,0.108,2.308,1.842,0.683,0.0,0.0,0.844,1.987,0.557,0.0,0.0,0.233,0.297,6.419,0.0,0.373,0.271,0.685,0.0,0.0,0.0,0.0,0.446,0.0,0.0,6.809,5.779,0.031,0.602,0.0,0.0,6.168,644.1,intermittent
D0754,3.906,1.291,1.208,0.642,0.578,0.352,0.816,1.311,0.205,0.277,0.01,0.205,0.062,0.874,0.526,0.423,1.187,0.1,0.537,0.0,0.329,0.475,1.096,1.896,3.444,1.909,1.051,0.325,0.39,0.0,0.656,1.765,0.031,0.245,0.163,0.0,0.062,0.103,0.525,0.0,0.0,0.67,0.031,0.617,0.545,0.977,0.948,0.905,3.399,1.99,1.852,0.453,0.328,0.109,0.949,1.59,0.312,0.267,0.0,0.305,0.114,0.0,1.143,0.846,0.316,0.248,0.873,0.736,0.216,0.683,1.357,1.254,3.948,2.218,1.2,2.938,0.267,0.751,0.0,0.753,0.371,0.233,0.197,0.28,0.594,0.739,1.664,0.702,0.064,0.0,0.592,0.121,0.008,0.07,1.016,0.951,4.723,1.698,2.097,1.683,0.52,0.0,1.077,2.121,0.598,0.0,0.919,0.0,0.0,0.837,0.0,0.621,0.495,0.564,0.797,0.0,1.238,0.73,1.699,2.815,4.007,3.481,0.864,1.943,0.41,0.0,1.534,1.007,0.0,0.676,0.635,0.114,0.0,0.088,0.071,0.0,0.0,0.791,0.528,0.642,0.232,0.371,2.15,1.748,3.084,2.104,1.476,0.627,0.032,0.0,0.389,1.235,0.819,0.612,0.281,0.233,0.876,0.832,0.826,0.686,0.068,1.106,0.259,0.279,0.213,0.381,1.243,1.399,469.1,intermittent
D0755,1.867,0.927,2.646,1.26,1.555,1.694,1.861,1.823,1.64,1.562,1.775,0.893,2.844,3.295,3.013,2.55,2.472,2.224,2.131,1.794,1.59,0.798,1.719,1.586,1.678,1.827,1.672,1.677,1.339,1.686,1.854,1.498,1.711,1.087,2.923,1.508,2.473,2.466,1.82,2.6,2.36,1.54,1.826,1.723,2.086,2.062,1.448,1.895,1.503,1.699,1.805,1.912,1.398,0.985,1.631,1.809,0.94,1.777,1.693,1.756,1.717,2.415,1.6,2.415,2.571,2.659,2.093,2.487,1.69,1.748,2.083,1.691,1.29,1.074,1.9,1.641,1.611,1.888,1.238,1.945,1.804,1.435,1.775,2.657,1.864,2.275,2.546,1.934,3.076,2.479,1.787,1.966,0.0,1.937,2.827,1.709,1.377,1.761,0.772,2.145,1.523,1.291,1.403,1.938,2.23,1.893,2.308,2.275,1.573,2.513,2.356,2.081,2.65,2.042,2.289,1.313,2.437,2.45,1.148,1.129,1.529,2.17,1.888,1.428,1.482,1.11,1.832,1.144,2.29,1.914,1.155,2.014,1.909,1.325,1.76,2.315,2.117,1.883,1.727,1.227,1.55,1.776,1.366,1.869,0.981,1.466,1.503,1.855,1.718,1.127,1.968,1.392,1.369,1.594,1.819,2.418,2.128,2.463,2.307,2.463,1.836,0.672,2.532,1.912,2.17,0.484,2.175,2.317,1135.7,allday_low
D0756,0.0,0.275,0.594,0.348,1.838,3.041,4.878,5.26,3.299,1.864,0.785,0.103,0.0,0.318,0.0,0.704,0.864,0.091,0.427,0.542,0.719,0.218,0.652,0.525,0.0,0.0,0.0,0.0,1.342,3.277,4.604,5.011,3.408,2.413,0.92,0.58,0.085,0.075,0.228,0.0,0.225,0.088,0.0,0.0,0.028,0.0,0.83,0.694,0.13,0.394,0.147,0.563,1.821,2.746,4.735,5.318,3.431,2.175,1.341,0.684,0.584,0.0,0.208,0.685,0.0,0.0,0.229,0.142,0.765,0.708,0.243,0.12,0.085,0.0,0.033,0.018,1.396,2.951,5.165,5.728,4.108,2.225,1.203,0.374,1.233,0.525,0.0,0.0,0.0,0.232,0.0,0.125,0.0,0.79,0.178,1.341,0.204,0.156,0.0,0.473,2.278,3.146,5.195,5.042,4.39,2.298,0.444,0.605,0.726,0.0,0.0,0.0,0.624,0.495,0.144,0.168,0.32,0.357,1.292,0.11,0.157,0.384,0.559,0.327,0.824,1.43,2.109,3.687,1.819,1.635,0.251,0.0,0.0,0.0,0.0,0.704,0.021,0.178,0.0,0.0,0.0,0.631,0.522,0.054,0.0,0.136,0.66,1.093,1.631,1.443,1.636,2.239,1.237,1.369,0.969,0.065,0.432,0.631,0.0,0.587,0.182,0.0,0.0,0.263,0.399,1.081,0.0,0.628,623.6,morning
D0757,4.676,3.345,2.269,1.235,1.024,0.618,0.0,1.826,0.149,0.0,0.0,0.013,0.0,0.212,0.878,0.344,0.0,0.0,1.544,0.929,2.793,2.867,3.39,4.215,4.202,3.214,1.716,1.084,1.073,1.0,0.123,1.524,0.507,0.441,0.375,0.631,0.693,0.753,0.366,0.724,0.0,0.441,0.791,0.349,3.199,1.872,3.38,5.016,3.549,3.536,2.734,1.134,0.288,0.862,0.0,1.636,0.324,0.0,0.145,0.347,0.457,1.149,0.226,0.193,0.068,0.057,1.322,1.306,1.862,2.939,3.982,5.065,3.807,2.953,2.175,1.506,0.578,0.0,0.572,0.721,0.213,0.0,1.012,0.22,0.827,0.213,0.0,0.507,0.6,0.0,0.971,0.669,2.649,3.09,4.102,5.025,6.748,4.834,2.857,1.844,1.187,1.024,1.17,2.027,1.343,0.226,0.159,1.333,0.578,0.284,0.185,0.633,0.119,0.069,0.69,1.159,3.013,3.208,5.035,6.77,6.256,5.477,2.91,1.397,0.074,0.116,0.035,1.198,0.0,0.465,0.507,0.0,0.321,0.037,0.508,0.256,0.979,0.0,1.192,0.402,3.02,3.141,5.767,7.043,5.011,4.124,2.038,1.753,0.261,0.068,0.403,1.557,0.032,0.277,0.206,0.856,0.769,0.0,0.0,0.0,0.992,1.141,0.351,0.79,2.485,3.138,5.211,6.067,860.8,night
D0758,2.663,1.952,1.834,1.579,1.318,1.431,1.512,2.434,2.55,2.511,1.891,2.18,3.58,2.614,2.158,1.828,2.6,2.355,1.793,2.345,1.533,2.706,1.72,2.181,2.391,1.448,1.94,2.726,2.492,0.885,2.096,2.585,2.482,2.321,2.832,2.275,3.565,1.927,2.479,2.063,2.875,2.269,1.352,1.262,1.258,1.099,2.224,1.598,1.869,2.038,1.035,1.546,2.799,2.391,2.147,2.15,1.985,1.618,2.936,1.416,1.587,2.351,2.359,3.009,1.34,2.416,2.243,2.046,1.365,1.727,1.747,2.909,2.065,1.218,2.473,2.095,1.73,1.786,1.632,2.005,2.237,2.109,2.053,2.327,2.567,2.47,2.622,1.911,2.553,1.668,2.542,1.353,2.514,2.426,2.029,1.513,1.743,2.174,2.038,1.476,1.599,2.96,1.291,0.917,1.071,2.059,1.821,2.131,2.68,3.154,2.388,2.365,3.065,2.485,2.377,2.688,1.919,1.267,1.881,1.428,1.427,1.277,1.56,1.672,0.964,2.27,2.074,1.25,1.929,2.946,2.006,2.0,1.399,1.72,2.142,2.346,1.787,2.041,2.643,1.932,2.31,1.677,2.169,1.876,1.241,1.115,2.151,1.858,1.162,1.622,1.953,0.842,1.9,2.175,1.956,2.331,1.584,2.915,0.748,1.364,2.394,2.07,1.149,2.392,1.286,2.014,0.47,0.938,1199.3,allday_low
D0759,0.365,0.0,0.0,0.0,0.041,0.009,2.094,3.734,7.167,7.046,5.796,3.309,1.135,0.0,0.47,0.674,0.449,0.79,0.0,1.309,0.226,0.233,0.565,1.186,0.169,0.899,0.386,0.0,0.495,0.629,2.465,3.5,6.257,6.946,6.275,3.246,1.544,0.8,0.0,0.0,0.826,0.0,0.593,0.328,1.127,0.255,0.687,0.332,0.406,0.136,0.362,0.116,0.0,0.488,1.611,4.187,5.951,6.821,6.144,3.216,2.079,0.0,0.134,0.99,0.0,0.54,0.33,0.664,0.682,0.0,0.976,0.369,0.427,0.517,0.616,0.0,0.515,0.848,1.448,4.151,6.588,6.869,6.099,2.985,2.011,0.598,0.0,0.688,0.0,0.549,0.0,0.46,0.0,0.0,0.834,0.742,0.572,0.774,0.079,0.0,0.031,0.456,2.201,3.596,5.804,7.324,5.332,3.125,1.727,0.492,0.439,0.657,0.629,0.0,0.0,0.0,0.383,0.206,0.504,0.0,0.0,0.563,0.029,0.06,0.0,0.703,1.165,1.921,2.408,3.757,1.785,1.443,0.485,0.871,0.618,1.14,0.0,0.523,0.306,0.0,0.0,0.809,0.104,0.0,0.645,0.491,0.237,0.0,0.0,1.306,0.568,2.507,2.798,3.31,1.775,2.197,0.526,0.259,0.512,0.0,0.854,0.0,0.252,0.197,0.779,0.0,0.0,0.264,709.5,morning
D0760,1.319,0.636,1.492,1.685,0.633,1.757,1.715,1.586,2.201,1.975,1.749,1.725,2.06,1.779,2.189,2.312,1.92,1.585,1.268,1.788,2.194,1.833,0.568,1.881,1.125,1.497,0.933,1.236,0.336,1.238,0.959,0.697,2.34,1.458,2.483,1.635,1.942,1.942,1.518,2.028,2.632,1.92,1.517,1.726,1.868,1.337,1.293,1.233,1.515,1.891,1.367,1.598,1.538,0.391,1.312,0.527,1.083,0.812,1.594,1.4,1.841,2.078,1.608,1.497,1.765,1.921,1.224,1.194,1.959,1.825,1.891,1.653,1.173,0.461,1.334,2.084,1.465,1.157,0.642,0.745,1.391,1.531,1.36,2.033,1.511,1.28,2.266,1.851,1.683,1.336,1.143,1.014,1.574,1.626,0.995,1.117,1.168,1.057,0.933,1.486,1.072,1.468,1.319,1.399,1.248,0.833,1.396,1.594,1.644,1.342,1.404,2.113,1.126,2.094,1.139,1.805,1.578,0.194,2.325,2.113,0.516,1.486,0.895,0.543,0.715,1.252,1.201,1.593,1.589,1.653,2.024,1.596,1.416,1.671,2.469,1.649,1.122,1.359,1.25,1.827,1.002,1.386,1.534,1.829,1.077,1.577,1.522,0.63,1.203,1.258,2.468,1.744,1.683,0.783,1.312,0.643,0.703,1.589,1.199,1.493,1.894,1.054,1.644,1.652,1.583,1.648,1.49,1.313,836.4,allday_low
D0761,3.605,2.012,1.53,0.0,0.582,0.0,0.0,0.408,0.867,0.582,0.0,0.536,1.915,0.899,0.423,0.759,0.603,0.0,0.035,0.518,1.153,3.143,2.32,2.962,2.607,2.164,1.68,0.557,0.0,0.577,0.24,0.453,0.0,0.2,0.285,0.076,0.918,1.292,0.203,0.598,0.544,0.0,0.842,0.543,1.539,2.902,2.557,1.88,4.093,1.73,1.945,0.052,0.0,0.165,0.0,0.0,0.129,0.609,0.37,0.0,1.64,0.783,0.0,0.294,0.0,0.0,0.15,1.08,1.244,2.426,3.136,3.538,3.158,2.937,3.083,1.01,0.0,0.469,0.254,0.065,0.12,0.0,0.33,0.156,0.683,1.072,0.0,0.753,1.194,0.326,0.407,0.082,1.658,2.996,2.749,2.53,3.75,2.221,2.165,0.188,1.273,0.73,0.67,0.0,0.392,0.549,0.682,0.233,1.944,1.999,0.789,0.027,0.38,1.244,0.547,0.795,2.414,4.371,4.246,4.838,3.697,2.951,2.368,0.339,0.0,0.634,0.588,0.547,0.242,0.0,1.216,0.0,1.28,0.761,0.069,0.048,0.306,0.55,0.813,0.164,0.944,3.389,3.84,3.991,3.364,2.235,1.608,1.087,0.59,0.412,0.089,0.0,0.74,0.261,0.0,0.585,1.838,0.547,0.263,0.193,0.564,0.267,0.139,1.009,1.534,3.604,3.836,3.55,692.1,night
D0762,4.642,4.238,2.6,1.857,1.208,0.0,1.238,0.605,0.918,0.877,0.0,0.033,0.304,0.231,0.511,0.815,0.0,3.392,4.071,3.094,1.144,2.08,5.377,3.931,4.637,4.13,3.185,1.893,1.084,0.691,0.89,0.138,0.724,0.0,0.0,0.0,0.131,0.0,0.292,0.438,0.048,4.4,4.397,3.826,0.0,1.568,5.875,4.262,4.565,3.656,3.007,1.786,1.404,0.229,1.617,0.633,0.451,0.615,0.176,0.306,0.0,0.822,0.283,0.344,0.252,3.545,3.444,3.861,0.0,2.144,5.823,3.531,4.972,4.887,2.351,2.34,0.386,0.599,1.058,0.0,0.0,0.925,0.0,0.989,0.0,0.496,0.0,0.305,0.059,1.284,1.168,1.842,0.66,1.901,4.049,3.932,5.658,4.959,2.675,2.288,0.898,0.198,0.0,0.036,0.671,0.0,0.666,0.0,0.399,1.236,0.568,0.164,0.0,2.183,1.782,1.998,2.015,1.925,4.566,4.651,5.3,5.03,3.49,2.348,1.027,1.357,1.002,0.085,0.2,0.051,0.5,0.812,0.356,1.063,0.772,0.766,1.079,4.076,4.311,4.49,1.087,1.773,7.476,4.754,4.725,4.844,3.996,2.709,1.342,0.725,0.899,0.141,0.42,1.195,0.477,0.437,0.384,1.078,0.533,0.041,0.224,4.038,3.577,4.246,0.713,1.146,6.639,4.546,1098.8,night
D0763,0.189,1.047,0.0,0.381,0.567,2.667,4.306,5.83,6.337,4.59,2.603,1.36,0.006,0.105,0.237,0.23,0.0,0.222,0.0,0.575,1.024,0.539,0.096,0.221,1.005,0.0,0.391,0.737,1.441,1.37,4.155,6.358,6.432,4.254,2.063,0.788,0.355,0.207,0.517,0.808,1.017,0.201,0.808,0.373,0.0,0.0,0.722,0.65,0.829,0.393,0.0,1.23,0.913,2.044,4.016,6.198,6.827,4.458,1.361,0.578,0.0,0.0,0.347,0.0,0.311,1.356,0.0,0.863,0.037,0.0,0.0,0.762,0.416,0.0,0.309,0.0,1.881,2.226,4.36,6.372,6.699,4.324,1.704,1.108,0.0,0.705,0.851,0.115,0.0,0.141,0.261,0.0,0.0,0.0,0.8,0.641,0.0,0.739,0.369,0.55,0.0,1.781,4.797,5.206,6.949,4.583,1.982,0.363,0.73,0.41,0.107,0.508,0.0,0.0,0.097,0.0,0.293,0.178,0.529,0.422,0.606,0.0,0.612,0.0,0.037,0.637,1.616,2.634,3.08,2.675,1.151,0.008,0.0,0.0,0.042,0.0,0.023,0.0,0.745,0.0,0.14,0.027,0.303,0.316,0.689,0.075,0.0,0.312,0.0,0.897,1.941,2.653,2.398,1.928,0.969,0.609,0.373,0.219,0.149,0.0,0.33,0.983,0.556,0.0,0.0,0.262,0.528,0.0,674.4,morning
D0764,2.748,2.39,1.889,0.0,0.856,0.151,0.192,0.065,0.0,0.0,0.0,0.0,0.531,0.921,0.074,0.002,0.199,1.175,0.501,0.475,1.526,2.014,2.062,4.41,2.979,2.756,1.31,1.457,0.955,0.269,1.18,0.06,0.0,1.062,0.608,0.65,0.589,0.602,0.356,0.0,0.0,0.821,0.442,1.025,1.604,0.963,3.285,4.489,3.006,2.614,1.372,0.345,0.412,0.0,0.362,0.422,0.0,0.659,0.0,0.0,0.6,0.446,0.019,0.311,0.029,1.605,0.463,0.431,2.487,1.593,3.751,4.983,3.104,2.141,1.596,0.126,1.087,0.032,0.242,0.698,0.966,0.0,0.577,1.177,0.0,0.0,0.409,0.0,0.03,2.183,0.986,1.134,2.434,1.782,2.328,5.631,4.215,3.06,1.958,0.986,0.332,0.254,0.066,0.53,0.0,0.424,0.0,0.594,0.0,0.046,0.165,0.105,1.436,0.708,0.325,0.092,2.878,2.146,2.811,5.5,4.509,3.262,2.061,1.152,1.11,0.987,0.0,0.062,0.358,0.0,0.0,0.565,1.033,0.345,0.186,0.0,1.015,2.878,0.562,0.816,4.265,2.19,3.844,6.287,3.223,2.336,1.273,0.2,1.251,0.855,0.171,0.287,0.335,0.57,0.74,0.565,0.0,0.14,0.1,0.0,0.356,1.171,1.084,0.0,3.207,2.545,2.534,5.528,664.3,intermittent
D0765,1.621,1.456,1.515,1.345,1.038,1.628,1.556,0.908,1.905,1.92,2.097,1.918,1.36,1.814,1.201,2.085,2.339,2.651,1.482,0.789,1.181,1.125,1.145,2.162,1.442,1.959,1.721,1.693,1.589,1.169,1.671,2.436,1.583,1.768,1.266,1.593,1.581,2.575,1.744,1.912,2.506,2.057,1.743,1.734,1.606,1.976,1.243,1.288,1.135,1.833,1.864,1.365,1.474,2.12,1.721,1.141,1.245,1.738,2.319,1.981,1.542,2.357,1.603,1.804,2.885,1.522,1.739,1.771,1.01,1.948,1.461,1.565,1.35,0.826,1.68,1.923,0.871,1.443,1.92,1.375,1.515,1.778,1.557,1.906,1.518,1.939,1.706,1.898,2.013,1.422,1.418,1.633,1.006,1.251,0.973,1.359,1.652,1.76,1.93,1.411,0.837,0.854,1.62,1.323,1.158,2.027,2.382,1.939,2.186,1.596,1.634,0.448,2.268,2.057,1.68,2.196,1.747,1.52,1.955,1.186,1.016,1.008,0.668,2.021,0.797,1.134,1.44,1.58,1.669,0.769,0.922,1.738,2.302,2.309,2.156,1.546,1.406,1.032,1.75,1.84,1.506,1.831,1.603,1.453,1.215,0.454,1.186,0.6,1.215,0.061,1.178,1.592,0.68,1.686,1.118,1.695,1.513,1.536,2.186,1.94,0.754,1.174,1.266,2.05,1.193,0.837,1.129,0.999,898.5,allday_low
D0766,1.693,2.104,1.592,1.663,1.535,1.205,1.295,1.123,0.881,2.002,1.953,1.371,2.105,2.131,2.326,1.83,1.648,1.615,2.191,2.148,1.289,1.607,1.363,1.226,1.619,1.47,0.308,1.502,2.094,1.489,2.167,1.732,2.566,2.653,2.733,2.213,2.074,1.445,1.404,2.631,1.583,2.596,1.499,0.824,1.287,0.963,2.187,1.356,1.3,1.169,1.374,1.535,1.183,0.747,0.825,1.171,1.002,2.335,1.625,1.126,2.153,1.663,2.464,1.692,1.779,2.916,1.877,1.761,1.729,1.311,2.473,1.078,2.004,1.243,1.179,1.132,0.522,1.295,1.903,1.578,1.155,2.028,1.783,1.781,1.246,1.718,1.961,1.939,2.345,1.031,1.432,1.599,1.869,1.622,1.438,1.929,3.106,1.316,2.036,2.213,1.161,1.558,0.654,1.446,1.953,1.598,1.905,2.13,2.093,2.117,2.14,2.169,2.045,1.599,1.311,1.762,1.38,2.239,0.779,1.254,1.616,0.647,0.907,1.103,2.093,1.131,1.579,1.352,1.311,2.171,1.157,1.743,1.843,2.376,1.72,1.154,1.197,1.279,2.034,1.399,1.762,2.21,1.713,1.717,1.425,0.836,2.164,0.972,1.709,1.765,0.782,0.766,1.751,1.13,2.283,1.458,2.286,2.293,1.95,1.77,2.001,1.641,1.524,1.013,1.889,1.251,1.649,1.559,922.7,allday_low
D0767,6.394,5.398,4.306,2.009,1.449,0.0,0.286,0.635,0.256,0.602,0.612,0.592,0.0,0.572,0.054,0.198,1.15,0.787,0.484,0.677,1.729,3.136,4.514,6.326,6.189,5.493,3.277,1.991,0.24,0.27,0.17,0.333,0.186,0.0,0.876,0.396,0.633,0.63,0.0,0.24,0.478,0.579,0.95,1.271,2.019,2.54,3.55,6.215,6.356,4.762,3.136,1.794,0.926,0.203,0.733,0.652,0.428,0.0,0.518,0.229,0.0,0.607,0.0,0.143,0.254,0.0,0.643,0.709,1.406,2.296,4.442,5.953,6.535,5.775,3.694,1.343,0.824,0.399,0.578,0.158,0.251,0.596,0.697,0.56,0.494,0.529,1.39,0.557,0.286,0.324,1.109,0.415,1.409,3.016,4.942,5.349,8.063,6.141,5.804,2.39,1.107,1.655,0.351,0.096,1.089,1.549,0.471,0.475,0.0,1.138,0.308,0.127,0.982,0.0,0.843,0.0,2.047,3.305,5.913,6.838,8.213,6.539,4.128,2.849,1.744,0.0,1.056,1.157,1.429,0.0,1.107,0.572,0.357,1.312,0.441,0.488,0.0,0.0,0.652,1.827,2.285,3.899,5.102,8.007,7.396,5.999,3.126,3.019,1.284,0.0,1.215,0.324,0.722,0.143,0.012,0.786,0.0,1.205,0.368,0.411,0.399,0.65,0.106,0.75,2.426,3.239,4.586,6.031,1024.6,night
D0768,1.647,1.252,1.285,1.098,0.956,0.949,1.533,0.944,1.183,1.112,2.252,0.708,1.929,2.638,0.763,1.915,1.251,1.982,0.985,1.933,1.166,0.805,1.282,0.941,0.17,0.625,1.826,1.11,1.522,0.842,1.566,1.428,2.028,1.526,1.448,1.482,1.566,1.894,1.902,1.144,2.283,1.106,1.45,1.433,1.345,1.408,0.9,1.322,1.087,1.873,1.086,1.914,1.384,1.117,1.991,2.16,1.233,1.582,1.885,1.664,1.495,1.492,2.372,2.314,1.456,1.503,1.289,2.182,1.281,1.528,1.831,0.398,1.259,0.471,1.92,0.441,0.315,2.061,1.036,0.786,0.759,1.661,1.696,1.868,1.569,2.596,1.748,1.577,1.127,0.952,2.514,0.824,0.904,1.363,2.03,0.803,1.161,1.398,1.308,1.82,1.481,2.352,1.582,1.55,0.854,1.659,1.168,1.524,1.797,1.941,1.771,1.211,1.174,1.074,1.804,1.404,1.559,0.854,1.025,1.846,0.967,1.823,1.378,0.884,1.644,1.273,0.69,1.251,1.311,1.004,1.161,0.604,1.541,1.304,1.285,1.849,2.799,1.256,1.563,1.813,1.472,1.252,1.373,1.291,0.881,1.432,1.135,1.082,1.002,1.421,1.124,1.865,0.921,1.441,2.376,1.395,0.91,1.839,1.03,2.247,1.388,1.363,1.31,1.143,1.201,1.094,1.144,1.333,820.1,allday_low
D0769,1.96,1.458,1.177,1.192,1.093,0.441,0.123,0.0,0.0,0.0,0.465,0.401,0.123,0.09,0.708,2.705,0.373,0.0,0.095,3.399,3.161,0.0,1.035,1.799,1.554,1.824,2.349,0.152,0.0,0.0,0.0,0.389,0.343,0.17,0.131,0.232,0.214,0.0,0.25,2.814,0.397,0.0,0.217,1.727,1.809,0.497,1.27,1.759,0.391,2.822,1.16,0.878,0.386,0.611,0.0,0.0,1.222,0.288,0.0,0.267,1.055,0.772,0.622,2.19,0.0,0.3,0.478,3.882,3.033,0.74,1.33,1.522,2.278,2.964,1.709,0.01,0.865,0.775,0.0,0.28,0.0,0.868,0.746,0.054,0.443,0.0,0.0,1.64,0.0,0.0,0.11,1.287,0.69,0.427,0.79,1.822,2.806,2.448,1.206,1.316,0.929,0.233,0.0,0.0,0.0,0.248,0.493,0.308,0.624,0.0,0.0,1.839,0.554,0.0,0.0,2.594,2.026,1.213,1.498,1.591,1.952,2.167,0.572,1.846,0.684,0.701,0.0,0.968,0.0,0.117,0.207,0.0,0.0,0.72,0.613,2.015,0.0,0.002,0.334,2.324,2.782,0.183,1.318,2.532,1.95,2.215,0.966,1.223,0.442,0.0,1.38,0.366,0.834,0.564,0.0,0.0,0.2,1.542,0.332,0.645,0.0,0.829,0.019,1.072,1.584,1.72,1.124,2.093,529.4,intermittent
D0770,3.395,2.223,0.696,0.436,0.638,2.896,0.703,0.0,0.61,1.288,0.725,0.56,0.099,3.193,0.0,0.344,0.0,2.172,0.718,0.0,0.503,1.603,1.518,3.152,2.556,2.373,1.365,0.564,0.033,3.101,0.534,0.789,0.173,0.049,0.029,1.086,1.113,2.87,0.0,0.363,0.426,2.84,0.0,0.806,2.649,1.338,3.019,3.423,2.315,2.397,1.249,0.986,0.328,2.876,0.431,0.159,0.164,0.233,0.105,0.118,0.0,2.593,0.0,0.741,0.486,2.768,0.154,0.209,0.912,1.557,1.925,3.076,2.677,2.194,0.874,0.098,0.417,1.738,0.777,0.327,0.074,0.202,0.884,0.205,0.298,2.53,0.905,0.449,0.868,1.585,0.0,0.656,1.523,2.465,2.841,2.866,3.196,3.228,1.828,1.31,1.355,1.426,0.0,0.0,0.0,0.527,0.0,0.008,0.304,2.993,1.001,0.507,0.0,2.309,0.076,1.623,2.056,2.356,3.08,4.116,3.929,2.65,0.492,0.65,0.235,1.599,0.0,0.689,0.296,0.0,0.0,0.0,0.43,2.532,0.837,0.0,1.447,2.838,0.0,0.269,1.37,2.99,4.164,4.273,3.456,2.336,1.559,0.958,0.164,3.656,0.801,0.674,0.179,0.015,0.0,0.162,0.395,2.284,0.11,0.121,0.635,2.792,0.046,0.508,1.018,1.634,2.756,3.526,677.9,night
D0771,0.0,0.0,0.188,0.52,0.313,1.719,3.471,6.065,6.169,4.651,3.876,1.561,0.118,0.738,1.173,0.335,0.331,0.0,0.766,0.472,0.0,0.191,0.217,0.133,0.146,0.0,1.222,0.217,1.294,1.307,2.741,5.574,6.711,4.597,3.208,0.892,0.0,0.433,0.892,1.193,0.0,0.0,0.0,0.051,0.335,1.266,1.277,1.472,0.72,0.225,0.0,0.0,1.045,1.56,4.235,5.44,6.922,5.423,1.534,1.247,0.407,0.0,1.191,0.514,1.175,0.381,0.396,0.422,0.346,0.737,0.361,0.0,1.136,0.0,0.119,0.287,0.0,1.425,3.113,5.735,6.774,4.222,2.398,0.98,1.399,0.118,0.0,0.288,0.627,0.0,0.0,0.114,0.379,0.03,0.775,0.149,0.714,0.0,0.778,0.0,0.814,1.355,2.516,5.514,6.261,4.572,2.935,1.474,0.321,0.146,0.803,0.0,1.334,0.0,0.983,0.0,0.0,0.606,0.064,0.0,0.56,0.38,0.0,0.0,0.216,0.489,2.016,2.736,2.652,1.716,0.58,0.901,0.0,0.034,0.094,0.0,0.247,0.536,0.099,0.0,0.463,0.0,0.0,1.088,0.0,0.0,0.268,0.06,0.34,0.697,1.291,2.699,2.891,1.871,0.969,0.59,0.106,0.707,0.54,0.351,0.728,0.353,0.171,0.103,0.198,0.803,0.249,0.0,659.7,morning
D0772,0.377,0.544,0.366,0.255,0.062,1.442,2.267,5.237,5.603,5.455,3.62,1.573,0.973,0.0,0.0,0.0,0.742,0.0,0.181,0.354,0.005,0.502,0.0,0.0,0.0,0.0,0.337,0.243,0.347,1.358,2.985,4.575,6.648,5.321,2.864,2.145,0.578,0.563,0.0,0.428,0.159,0.239,1.0,0.0,0.517,0.793,0.493,0.743,0.0,0.255,0.652,0.033,0.0,2.183,3.023,5.363,6.521,6.074,3.374,1.67,0.724,0.52,0.099,0.143,0.574,0.416,0.666,0.0,0.562,0.0,0.915,0.3,0.251,0.358,0.444,0.717,1.024,0.357,2.622,4.816,6.194,5.232,3.614,1.062,1.071,0.009,0.459,0.0,0.0,0.094,0.0,0.76,0.411,0.606,0.116,0.748,0.509,0.0,0.323,0.624,0.238,1.393,1.942,4.716,5.999,6.167,3.004,1.576,1.237,0.438,0.0,0.595,1.097,0.294,0.997,0.517,1.146,0.512,1.229,0.084,0.207,0.0,0.483,0.245,0.535,0.764,1.457,2.66,3.382,2.815,1.755,0.377,0.784,0.0,0.049,0.162,0.0,0.0,0.0,0.356,0.287,0.0,0.742,0.0,0.811,0.0,0.0,1.322,0.0,0.602,0.759,1.469,2.59,3.046,1.699,0.0,0.0,0.0,0.0,0.74,0.365,0.0,0.086,0.0,0.0,0.0,0.158,0.0,673.4,morning
D0773,0.065,1.919,1.212,0.574,1.086,1.607,1.086,1.265,1.28,2.167,2.601,1.997,2.383,0.984,1.497,1.273,1.927,2.109,1.41,1.306,1.406,0.961,0.487,1.632,0.926,1.013,1.414,0.649,1.993,1.41,0.925,1.808,2.094,0.631,0.03,1.472,1.627,1.768,2.348,1.783,1.517,1.964,2.167,0.653,1.925,1.15,1.736,0.819,0.76,1.48,1.629,1.791,0.477,1.368,1.628,0.598,0.636,1.563,1.589,1.694,1.419,1.409,2.506,1.477,1.708,1.078,1.964,1.436,1.62,1.967,1.225,2.335,1.824,1.109,0.819,0.673,0.876,0.533,1.68,1.613,1.402,1.813,1.474,1.385,1.96,1.438,2.177,1.73,2.62,1.723,1.087,1.532,1.526,1.252,1.612,1.765,1.252,1.55,1.175,0.835,0.32,1.948,1.987,0.888,0.61,1.311,1.455,1.045,1.447,2.275,1.713,1.316,1.841,1.417,1.075,0.709,1.645,0.685,1.385,2.13,1.42,1.093,1.642,1.571,1.856,0.805,0.691,0.505,1.637,1.8,0.247,1.929,1.649,1.162,1.969,1.642,1.735,0.971,0.922,1.281,1.115,1.063,1.747,1.26,0.74,1.062,1.876,0.713,0.447,0.994,0.827,1.303,1.202,1.499,1.191,1.166,1.431,0.906,1.887,2.781,1.337,2.078,1.916,1.465,0.559,0.548,0.567,0.401,778.9,allday_low
D0774,0.741,1.193,2.049,0.788,1.147,1.255,1.163,1.321,1.865,1.313,1.334,1.896,2.049,1.944,1.544,1.155,1.115,1.311,1.909,1.895,1.641,1.347,1.091,0.936,1.284,1.372,1.366,1.11,1.234,1.467,1.471,1.313,1.548,2.421,1.042,2.132,1.859,1.702,1.81,1.196,1.218,1.705,2.536,1.227,1.494,1.896,0.934,1.137,1.317,1.2,1.673,2.02,0.905,1.263,1.88,2.47,2.005,1.637,2.083,1.669,2.281,1.786,1.671,2.029,1.57,2.283,2.271,1.761,1.829,1.636,0.854,1.773,0.589,1.878,1.225,0.886,1.381,1.816,1.963,1.995,1.217,1.183,1.552,1.697,1.784,1.198,1.841,2.116,1.589,1.763,2.186,1.029,1.73,0.673,0.885,2.159,1.03,1.426,0.652,1.203,1.542,1.713,1.689,1.406,1.922,1.725,0.948,1.638,1.334,1.346,1.83,1.393,2.032,2.037,0.552,2.073,1.539,1.699,1.874,0.855,1.236,1.485,1.234,1.93,0.849,1.267,1.284,2.108,1.599,1.471,2.485,1.957,1.378,1.61,2.045,1.28,2.01,2.15,1.792,1.211,1.262,1.65,1.493,2.359,0.883,1.502,1.082,0.154,1.816,1.161,1.903,1.734,1.782,1.316,1.29,2.551,1.807,2.607,1.691,1.875,1.925,2.125,0.531,1.305,1.693,2.071,1.746,1.111,929.4,allday_low
D0775,3.328,5.136,4.286,4.179,3.193,2.581,0.0,2.378,0.804,0.505,0.156,2.614,0.0,0.487,0.09,0.776,0.0,0.442,0.27,0.904,2.063,0.0,1.767,2.108,4.05,5.294,4.059,3.492,3.043,3.255,0.705,1.794,1.595,0.539,0.771,1.826,0.0,0.855,0.297,0.488,0.304,1.038,0.299,0.648,2.123,0.129,1.089,2.789,3.909,4.991,5.725,3.845,3.524,2.57,0.476,2.787,0.529,1.004,0.0,1.016,0.0,0.0,0.0,0.613,0.277,0.22,0.0,0.791,2.206,0.046,1.284,2.278,5.081,5.458,5.306,4.275,2.744,2.166,0.0,1.239,1.71,0.0,0.786,1.376,0.322,0.0,0.61,0.196,0.321,0.565,0.0,0.227,1.471,0.776,0.691,2.947,5.453,6.791,6.331,4.627,2.661,2.522,1.241,1.468,1.283,0.18,1.071,1.79,0.201,0.0,0.67,0.381,0.105,0.466,0.551,0.074,1.688,0.0,1.217,3.763,5.236,7.052,6.938,5.7,3.648,2.982,0.274,2.311,0.747,1.575,0.378,1.023,0.96,0.833,0.0,0.417,0.167,0.221,0.49,0.071,1.954,0.629,1.54,2.918,4.651,5.108,5.842,4.896,2.566,2.814,0.668,1.84,0.779,0.101,0.432,1.28,0.0,0.0,0.125,0.062,0.0,1.356,0.172,0.995,1.491,0.492,1.962,2.53,1064.8,night
D0776,1.565,0.969,1.7,0.601,1.964,0.534,1.338,0.837,1.189,1.854,0.985,2.192,1.783,0.633,1.331,1.531,1.529,0.951,1.063,0.717,1.903,0.362,0.32,0.674,0.76,0.707,0.873,1.514,0.637,0.788,1.41,1.869,1.57,0.29,1.369,1.983,0.524,1.481,1.343,2.421,1.604,1.662,1.86,0.025,1.463,0.809,0.593,0.871,0.919,1.147,1.37,1.685,0.668,1.046,0.0,0.751,1.4,1.621,2.563,1.301,1.082,1.418,1.391,1.004,1.659,0.787,1.55,1.343,1.353,1.462,1.774,1.082,1.047,1.154,0.826,1.522,0.423,1.255,0.972,1.416,0.851,2.259,1.633,1.269,1.549,1.537,1.714,1.492,1.972,0.161,1.051,1.306,0.58,1.353,1.513,1.921,1.455,1.229,1.273,0.816,0.779,1.089,1.382,0.765,1.641,1.448,1.513,1.068,1.558,2.105,1.945,1.65,1.145,1.242,1.345,1.139,1.625,0.371,0.757,1.141,0.47,0.437,1.218,0.688,0.416,0.695,0.692,1.779,0.553,1.419,1.727,1.184,0.715,1.909,1.355,1.406,0.844,1.26,0.798,0.15,0.463,0.223,1.071,0.655,1.566,1.157,1.008,1.672,0.266,1.917,0.573,1.604,0.441,1.251,1.83,1.518,1.341,2.207,0.797,1.36,0.756,1.205,0.782,1.087,0.74,0.719,0.881,1.208,680.2,allday_low
D0777,0.159,0.0,0.049,0.689,0.42,2.886,5.714,6.601,5.728,4.039,1.668,1.165,0.109,1.008,0.256,0.587,0.337,0.768,1.063,0.159,0.0,0.0,0.297,0.281,0.931,0.468,0.0,0.232,0.998,2.742,5.336,6.304,6.171,4.213,1.196,1.761,0.701,0.093,0.0,0.654,0.909,0.357,0.853,1.057,0.92,0.914,0.217,0.101,0.098,0.089,0.05,0.0,2.085,2.465,4.972,6.507,5.746,3.441,1.78,0.802,0.524,0.05,0.022,0.902,0.542,0.572,0.32,0.115,0.919,0.622,0.97,0.0,0.408,0.396,0.402,0.994,0.489,1.623,5.584,6.555,6.272,3.53,1.126,0.619,0.243,0.104,1.042,0.534,0.0,0.107,0.785,0.14,0.462,0.761,1.232,0.02,0.697,0.308,0.399,0.58,1.33,3.546,4.933,6.721,5.345,3.516,0.644,0.0,1.42,0.765,0.0,0.491,0.643,0.564,0.0,0.0,0.118,0.0,0.077,0.0,0.496,0.206,0.0,0.084,0.573,1.924,2.053,3.106,2.22,0.966,1.567,0.0,0.0,0.247,0.0,0.291,0.0,0.735,0.0,0.023,0.594,0.511,0.293,0.924,0.293,0.0,0.13,0.159,0.0,1.41,1.408,2.5,1.901,1.817,0.0,0.397,0.712,0.0,0.199,0.0,0.0,0.0,1.048,0.0,0.0,0.191,0.0,0.58,701.1,morning
D0778,0.0,0.829,0.591,1.269,1.462,2.29,4.656,7.507,6.361,4.246,1.896,0.778,0.507,0.891,1.525,0.223,0.207,0.299,0.578,0.173,0.0,0.0,1.009,0.032,0.0,1.352,0.581,0.235,0.468,3.123,4.289,6.129,6.62,3.698,1.48,0.987,0.543,0.0,0.557,0.0,0.364,0.0,0.484,0.306,0.025,0.0,0.309,0.0,0.0,0.162,0.635,0.0,0.719,3.053,4.695,7.853,6.97,3.967,1.582,1.097,1.359,0.0,1.004,0.742,0.0,0.961,0.29,0.537,0.274,0.0,0.0,0.527,0.805,0.082,0.057,1.037,1.956,2.891,4.832,7.067,6.661,4.534,2.466,1.048,1.272,0.44,0.0,0.736,0.33,0.519,0.667,0.771,0.0,0.535,0.015,0.271,0.0,0.638,0.669,0.897,1.07,1.949,3.911,6.882,6.489,4.048,1.864,1.202,0.0,0.106,0.892,0.0,0.637,0.0,0.025,0.193,0.413,0.305,0.497,0.584,0.0,0.006,0.022,0.654,0.307,0.554,2.003,3.513,3.067,2.122,0.403,0.982,0.416,0.318,0.0,0.798,0.0,0.0,0.0,0.0,0.13,0.291,0.593,0.151,0.0,0.01,0.475,0.0,0.365,0.775,2.224,2.986,3.02,1.644,0.785,0.0,0.0,0.0,0.015,0.04,0.574,0.0,0.0,0.0,0.0,0.826,0.661,0.586,714.6,morning
D0779,6.468,3.951,2.153,1.027,1.485,0.477,0.992,0.769,0.732,1.011,1.047,0.356,0.0,0.365,0.284,1.091,0.696,0.0,0.604,1.627,3.919,5.549,8.094,7.419,5.675,4.408,1.555,1.088,0.774,0.992,0.823,0.0,0.0,0.0,0.202,1.066,1.791,0.583,0.4,0.326,0.163,0.0,1.54,2.07,3.414,5.984,7.774,8.406,6.702,4.264,2.406,0.847,0.237,0.884,1.336,0.061,0.0,0.0,0.219,0.141,0.866,0.989,1.238,1.089,0.759,0.12,1.08,1.551,2.552,5.77,7.371,7.395,6.686,5.431,2.961,2.105,0.785,0.0,0.0,0.0,1.517,0.577,0.625,0.49,0.686,0.0,0.323,0.0,0.686,0.864,0.664,1.037,3.593,6.519,7.434,7.932,8.329,5.558,3.273,2.191,0.488,0.142,0.382,0.102,0.192,0.528,0.29,1.086,0.029,0.54,0.0,0.728,0.752,1.646,1.674,1.634,4.77,7.302,9.967,9.79,9.11,5.745,2.903,1.118,0.326,0.298,0.443,1.025,1.185,0.107,0.4,0.197,0.0,0.682,1.108,0.994,0.712,0.902,1.033,2.501,4.274,8.46,10.0,10.0,7.556,4.943,2.868,1.061,0.076,1.102,1.029,0.403,0.0,0.0,0.774,0.49,0.198,0.411,0.273,1.237,0.0,0.988,0.933,2.264,3.911,6.717,8.777,8.208,1325.7,night
D0780,0.676,1.044,0.192,0.0,1.659,2.317,3.929,5.014,5.48,3.122,1.481,0.25,0.0,0.0,0.313,0.953,0.156,0.272,0.0,0.0,0.0,0.0,0.368,1.386,0.839,0.472,0.68,0.538,1.467,3.148,4.722,4.687,4.972,2.225,0.737,0.316,0.285,0.639,0.826,0.402,0.613,0.248,0.0,0.894,0.0,0.0,0.194,0.159,0.287,1.01,0.158,0.034,1.397,3.558,5.124,5.613,4.471,2.986,0.511,0.242,0.0,0.996,1.208,0.874,0.122,0.0,0.304,0.0,0.221,0.288,0.863,0.285,0.394,0.862,0.424,0.24,0.696,2.967,5.057,5.746,4.737,3.403,1.192,0.389,0.856,0.248,0.148,0.599,0.0,0.0,0.627,1.083,1.136,0.0,0.17,0.0,0.134,1.592,0.016,1.355,0.526,2.736,4.538,5.743,4.111,1.593,1.737,0.002,0.0,0.0,0.0,0.0,0.178,0.645,0.104,0.0,0.0,0.693,0.0,0.449,0.0,0.319,0.436,0.383,0.303,1.258,1.932,3.009,2.273,0.426,0.889,0.369,0.0,0.0,0.603,0.212,0.689,0.361,0.253,0.362,0.0,0.574,0.161,0.209,0.707,0.503,0.321,0.0,0.293,1.113,1.106,2.526,1.642,1.181,0.157,0.874,0.0,0.0,0.552,0.0,0.0,0.0,0.587,0.449,0.502,0.645,0.45,0.0,614.4,morning
D0781,2.295,1.87,1.188,0.0,0.939,0.037,0.946,0.443,0.0,0.0,0.363,0.0,0.706,0.475,2.383,0.438,0.0,0.564,0.33,1.606,1.035,1.042,2.353,2.846,2.637,1.05,1.259,0.036,0.0,0.0,0.139,0.101,0.917,0.62,0.781,0.622,0.0,0.0,0.611,0.222,0.895,0.268,0.0,1.662,1.033,1.212,2.564,2.948,2.377,1.414,1.466,0.374,0.612,0.547,0.0,0.945,0.106,0.661,0.588,0.096,0.0,0.239,2.073,0.139,0.072,0.448,0.415,1.6,0.169,1.699,1.791,2.363,3.128,3.236,2.227,0.742,1.097,0.0,0.153,0.073,0.0,0.349,0.433,0.097,0.337,0.0,1.933,0.317,0.453,0.692,0.0,2.792,0.0,1.693,1.935,2.447,3.42,3.07,1.29,1.22,0.685,1.0,0.441,0.0,0.0,0.939,1.139,0.0,0.0,0.445,0.994,0.0,0.0,0.021,0.0,2.18,0.909,2.004,2.395,3.328,3.256,2.78,1.099,1.287,0.478,0.02,0.389,0.799,0.628,0.695,0.318,0.0,0.211,0.311,3.379,0.0,0.792,0.757,0.975,3.564,1.069,1.644,3.467,3.67,2.066,2.67,1.347,0.889,1.259,0.205,0.0,0.338,0.0,0.111,0.0,0.0,0.533,0.914,1.55,0.0,0.214,1.416,0.618,1.614,0.349,1.625,2.17,3.192,578.6,intermittent
D0782,0.552,0.0,0.0,0.0,0.0,0.422,0.097,0.0,0.631,0.25,0.0,0.912,0.381,0.206,0.423,0.0,6.063,0.0,0.622,0.0,6.494,1.128,4.886,0.632,0.0,0.6,0.0,0.11,0.0,0.0,0.0,0.101,0.0,0.0,0.354,0.0,0.239,0.0,0.412,0.803,3.192,0.013,0.419,0.194,3.771,0.0,3.141,0.238,0.376,0.021,0.073,0.0,0.471,0.245,0.246,0.0,0.452,0.0,0.507,0.0,1.081,1.487,0.63,0.205,6.342,0.0,0.118,0.529,6.617,1.639,5.402,0.073,0.131,0.32,0.0,0.581,0.0,0.818,0.28,0.0,0.769,0.393,0.0,0.0,0.0,0.427,0.445,0.023,4.693,1.638,0.0,0.084,4.848,0.8,3.828,0.0,0.904,0.766,0.127,0.435,1.007,0.278,0.407,0.357,0.0,0.07,0.742,0.0,0.675,0.163,0.078,1.049,6.589,0.0,0.288,0.0,6.998,0.0,5.149,1.045,0.123,0.577,0.08,0.449,0.0,0.13,0.0,0.329,0.596,0.27,0.349,0.0,0.697,0.628,0.524,0.0,6.89,0.451,0.079,0.257,6.088,0.244,5.575,0.301,1.092,0.073,0.127,0.0,0.207,0.0,0.0,0.555,0.577,0.258,0.042,0.422,0.759,0.67,0.136,0.516,2.727,0.936,1.001,0.03,2.769,0.0,2.179,0.289,528.9,intermittent
D0783,0.245,0.0,0.0,0.705,0.305,1.66,3.625,5.586,7.955,6.385,3.622,1.561,0.0,0.0,0.835,0.0,0.0,0.0,0.643,0.347,0.41,0.465,0.495,0.259,0.236,0.135,0.0,0.0,1.398,2.196,2.427,6.248,6.825,7.21,3.112,1.785,0.639,0.631,0.788,0.0,0.981,0.0,0.0,0.088,0.234,0.837,0.585,0.543,0.0,0.826,0.511,0.59,1.204,1.263,4.267,6.351,7.786,6.308,3.461,2.577,0.613,0.057,0.0,1.148,0.628,0.0,0.221,0.271,0.0,0.628,0.248,0.322,0.0,0.054,0.0,1.56,0.0,1.194,3.47,5.829,7.488,5.798,3.755,2.127,0.0,0.123,0.107,1.0,0.436,0.0,0.355,0.0,1.005,0.485,0.265,0.447,0.167,0.0,0.073,0.824,0.582,1.568,3.805,6.127,6.761,6.23,3.501,1.089,0.914,0.769,0.0,0.0,0.0,1.186,0.0,0.0,0.0,0.642,0.0,0.0,0.0,0.533,0.533,0.26,0.0,0.405,1.292,2.607,2.964,2.317,1.61,1.349,0.0,0.251,0.653,0.202,0.195,0.0,0.499,0.615,0.74,0.408,0.0,0.111,0.0,0.192,0.264,0.346,0.839,0.618,1.061,2.345,3.09,2.815,1.269,0.441,0.533,0.0,0.328,0.522,0.129,0.419,0.0,0.01,0.0,0.359,0.0,0.481,731.3,morning
D0784,5.125,3.868,2.217,1.027,1.064,0.0,0.0,0.0,1.07,0.967,0.414,0.328,0.197,0.818,0.0,0.755,1.106,0.514,0.752,1.234,2.088,3.167,5.522,5.78,4.937,3.642,2.464,1.279,0.751,0.708,0.541,0.752,0.839,0.752,0.035,0.722,0.151,0.0,0.066,0.0,0.751,0.534,1.102,1.648,2.217,4.209,4.821,5.676,4.677,3.325,1.789,0.851,0.381,0.091,0.0,0.789,0.279,0.596,0.02,0.0,0.813,0.877,0.464,0.31,1.085,0.912,0.512,0.724,2.922,2.798,5.411,5.86,5.321,3.579,2.209,1.629,0.245,1.125,0.239,0.0,0.008,0.124,0.141,0.0,0.648,0.641,0.293,0.0,0.093,0.45,0.057,0.641,2.261,3.42,6.057,6.461,7.41,4.206,2.42,1.734,1.093,0.0,1.146,0.093,1.074,0.335,0.841,0.0,2.24,0.442,1.04,0.488,0.636,0.99,1.579,1.486,3.629,4.998,7.245,7.855,7.205,4.884,2.714,1.378,1.221,1.09,0.0,0.287,0.0,0.554,0.0,0.0,0.324,0.0,0.723,0.562,0.158,0.77,0.633,1.587,4.208,5.088,7.318,8.423,7.222,3.87,2.201,1.46,0.447,0.568,1.282,0.28,0.187,1.202,0.179,0.529,0.0,0.685,0.506,0.0,0.387,0.896,0.439,1.058,3.052,4.305,6.37,7.3,1004.5,night
D0785,1.064,1.393,1.534,1.736,1.283,2.264,2.691,1.209,2.855,1.467,1.133,1.909,2.143,1.712,1.865,2.291,1.152,1.817,1.253,1.503,2.372,1.715,2.581,1.227,1.981,1.809,0.611,1.126,2.067,1.666,1.161,0.831,0.794,2.12,1.279,2.613,2.377,0.776,2.183,1.642,1.864,1.908,1.693,1.876,1.094,1.963,0.794,1.32,1.283,2.076,0.875,1.547,1.753,1.809,1.39,1.836,2.288,1.372,1.638,1.897,1.548,2.679,1.861,1.863,1.471,2.077,2.133,1.179,1.938,1.954,1.652,1.057,1.284,0.675,0.748,1.767,2.07,1.306,1.774,1.31,1.606,1.91,2.03,1.671,2.292,1.421,2.639,1.567,2.177,1.183,1.261,0.964,1.054,2.109,1.364,1.739,1.681,1.683,1.911,1.293,1.239,0.803,1.556,1.553,1.184,1.417,1.436,1.293,2.612,2.231,2.668,2.364,2.429,1.082,1.498,2.246,2.03,1.974,1.09,1.734,0.717,1.195,1.469,0.801,1.329,1.192,1.246,1.241,1.018,1.162,1.745,1.102,1.488,1.892,1.786,1.424,1.945,1.922,1.964,1.479,2.025,1.228,0.768,0.805,1.333,0.749,1.656,1.667,1.952,1.547,0.63,1.378,1.424,1.751,1.575,2.144,1.609,1.841,1.859,1.802,1.74,1.525,1.644,1.285,1.184,1.059,1.324,1.031,890.8,allday_low
D0786,4.797,4.816,3.985,4.968,0.82,0.85,1.031,0.486,0.407,0.0,0.435,0.647,0.439,0.454,0.675,0.451,0.072,0.52,0.016,0.577,2.53,2.524,3.189,4.392,5.159,5.011,3.26,3.603,0.956,0.508,0.0,0.0,0.0,0.384,0.0,0.359,1.194,0.133,0.717,0.0,1.584,0.502,0.332,0.038,1.48,1.291,2.391,3.304,4.646,5.407,3.644,5.481,2.179,0.26,0.0,0.0,1.516,0.317,0.246,0.341,0.602,0.0,0.629,0.936,0.485,0.478,0.0,1.09,3.048,1.012,2.755,4.505,4.635,5.858,4.203,3.809,1.063,0.0,0.648,0.0,0.0,0.0,0.764,0.879,1.01,0.926,0.004,0.0,0.67,0.589,0.775,0.813,1.751,1.941,2.738,4.753,6.023,5.661,4.992,3.952,1.575,0.377,0.471,0.021,0.026,0.064,0.0,0.32,0.647,0.0,0.987,0.052,0.409,0.101,0.0,0.333,1.351,1.692,3.358,5.933,6.803,6.73,5.202,4.251,1.998,0.662,0.612,0.316,0.0,0.323,0.283,0.751,0.847,0.684,0.252,0.665,0.261,0.515,1.026,0.724,3.38,2.276,2.981,5.125,5.381,5.446,4.566,3.725,1.378,0.591,0.417,1.138,0.15,0.0,0.913,0.547,1.109,0.032,0.394,0.476,0.674,0.916,0.124,0.382,1.59,1.347,4.452,4.175,945.1,night
D0787,1.526,1.958,2.527,2.699,2.232,1.488,1.919,1.879,2.815,1.73,1.757,1.78,1.722,2.398,2.139,1.66,1.994,2.389,2.439,1.729,1.477,2.526,1.643,2.722,1.907,0.899,1.419,1.759,2.128,1.317,1.839,1.591,2.368,1.548,2.22,2.099,2.435,2.228,1.873,2.245,1.738,1.79,2.141,1.267,2.434,2.081,2.759,2.786,1.285,2.081,1.82,2.251,1.641,1.697,1.845,2.056,1.992,2.363,1.94,1.579,2.121,2.14,3.395,2.364,2.697,2.208,1.68,1.67,2.193,2.351,2.208,1.979,2.075,1.998,1.929,2.021,1.945,1.636,1.931,2.95,2.266,2.67,2.016,2.233,1.919,2.114,2.712,1.893,3.177,2.382,3.01,2.71,2.162,1.59,1.736,1.867,1.776,1.897,2.645,1.571,1.392,2.089,2.074,1.551,2.56,1.367,2.696,2.835,3.301,2.258,2.47,2.479,2.097,2.397,2.406,2.317,2.469,2.315,1.897,1.193,2.369,1.097,1.75,0.972,1.433,1.758,1.856,1.31,2.574,1.731,2.509,1.883,1.993,3.124,2.249,1.335,2.176,2.048,1.813,1.374,1.559,2.563,1.468,1.812,1.391,1.089,1.357,1.99,2.129,1.492,1.533,2.818,2.092,2.414,2.309,2.761,2.113,2.29,2.039,1.625,1.955,1.151,1.635,2.13,2.464,1.279,2.09,1.579,1189.7,allday_low
D0788,0.084,5.455,0.584,1.003,0.0,0.58,0.737,0.0,0.351,0.224,0.137,0.0,0.039,0.0,0.626,0.874,0.0,0.562,5.088,0.363,0.035,0.0,0.87,0.0,0.557,3.842,0.117,0.458,0.003,0.385,0.0,0.0,0.21,0.0,0.0,0.0,0.439,0.0,0.0,0.0,0.542,0.0,3.408,0.662,0.0,0.31,0.411,0.0,0.033,3.497,0.253,0.418,0.312,0.444,0.0,0.05,0.493,0.398,0.0,0.305,0.0,0.0,0.642,0.535,0.0,0.229,4.106,0.0,0.0,0.306,0.84,0.0,0.168,4.992,0.824,0.368,0.0,0.252,0.036,0.026,0.453,0.373,0.383,0.068,0.848,0.0,0.0,0.0,0.364,0.103,4.196,0.781,0.0,0.119,0.156,1.243,0.575,3.291,1.159,0.477,0.569,0.0,0.762,0.0,0.0,0.903,0.147,0.248,0.99,0.0,0.193,0.0,0.531,0.535,3.314,0.0,0.377,0.0,0.0,0.614,0.223,1.914,0.424,0.0,0.571,0.423,0.0,0.695,1.22,0.795,0.735,0.106,0.0,0.094,0.076,0.047,0.0,0.294,1.867,0.0,0.05,0.098,0.0,0.747,0.37,2.867,0.583,0.0,0.948,0.496,0.392,0.0,0.0,0.396,0.0,0.0,0.229,0.002,0.501,0.586,0.0,0.0,2.486,0.055,0.31,0.0,0.141,0.0,341.6,intermittent
D0789,1.139,1.646,0.883,1.105,1.523,2.232,1.006,1.904,0.918,1.202,2.351,1.77,1.751,1.601,1.534,1.552,2.276,1.236,1.1,1.154,1.315,0.507,0.864,1.434,1.415,1.803,1.32,1.509,1.819,1.123,1.812,1.647,1.383,1.909,0.97,1.644,1.686,2.196,1.811,1.966,2.158,1.669,0.851,1.59,0.974,1.464,1.422,1.877,1.269,1.134,0.932,1.314,1.767,0.797,1.587,1.214,1.375,1.193,1.155,1.778,1.805,1.703,1.97,1.18,1.843,1.93,1.293,1.608,1.838,1.042,1.611,1.238,1.493,1.232,0.682,1.048,1.227,0.605,2.337,1.273,1.483,1.406,1.216,1.8,1.803,0.729,1.673,1.87,1.357,1.013,2.077,1.468,0.664,1.59,0.826,1.998,1.03,0.328,1.77,1.218,0.964,1.355,1.568,2.259,1.2,1.144,2.879,1.13,1.667,1.492,1.374,1.573,1.344,1.855,1.606,1.39,1.659,0.55,1.334,1.128,1.084,1.313,1.186,1.606,1.005,1.13,1.349,0.532,1.93,1.627,1.217,1.381,1.981,1.302,2.042,2.095,1.331,1.108,1.935,1.687,1.348,1.356,1.068,1.224,1.555,1.57,1.504,1.027,0.609,2.177,0.691,1.374,1.335,2.218,2.081,0.521,0.787,2.216,1.978,1.268,1.698,1.389,1.339,1.612,1.555,1.141,1.013,0.94,826.3,allday_low
D0790,1.579,0.315,0.422,2.24,1.649,4.752,7.947,8.259,5.838,4.123,1.726,0.774,0.835,0.509,0.745,0.707,0.0,0.341,0.342,0.0,0.065,0.245,0.304,1.065,0.787,0.246,0.982,0.784,1.394,4.938,8.328,9.15,6.222,3.112,1.275,0.346,0.318,0.0,0.0,0.256,0.244,0.0,0.376,0.467,0.656,0.0,0.49,0.785,0.632,0.606,0.369,0.604,2.383,5.268,8.027,8.991,5.891,3.19,1.319,0.072,0.11,0.231,0.262,0.075,0.854,0.457,0.648,0.168,0.0,0.578,0.0,0.471,0.0,0.757,0.0,0.507,2.689,4.431,7.794,9.013,6.746,3.361,1.928,0.725,0.02,0.0,0.357,0.364,1.047,0.435,0.771,0.573,0.381,0.0,0.0,0.532,0.43,0.0,0.153,0.168,2.732,4.818,7.742,7.344,5.673,2.772,1.017,1.23,0.639,0.576,0.166,0.123,0.548,1.273,0.224,0.0,0.188,0.425,0.835,0.596,0.271,0.0,0.346,0.0,1.362,1.646,3.523,3.634,3.233,1.087,0.0,0.257,0.494,0.781,0.012,0.614,0.243,0.38,0.327,0.0,0.0,0.0,0.0,0.0,0.047,0.08,0.035,0.989,1.361,1.844,3.629,4.489,2.535,0.851,0.313,0.54,0.0,0.0,0.064,0.566,0.38,0.754,0.0,0.0,0.0,0.0,0.069,0.325,844.7,morning
D0791,0.0,0.032,0.617,0.0,0.238,0.226,0.15,0.159,0.0,0.0,0.07,1.027,0.0,0.0,0.942,0.424,0.219,5.405,0.0,0.879,0.088,4.608,6.097,0.2,0.5,1.084,0.228,0.111,0.0,0.123,0.65,0.0,0.519,0.0,0.43,0.657,0.036,0.987,0.715,0.094,0.0,1.745,0.588,0.463,0.074,1.478,1.838,0.0,0.321,0.021,0.437,0.0,0.091,0.288,0.815,0.064,0.273,0.0,0.0,0.222,0.671,0.0,0.0,0.0,0.0,1.13,0.513,0.0,0.262,1.768,2.342,0.421,0.14,0.0,0.834,0.0,0.0,0.173,0.0,0.535,0.177,0.449,0.0,0.696,0.258,0.552,0.502,0.0,0.785,5.335,0.245,0.65,0.0,5.171,5.472,0.0,0.422,1.093,0.08,0.395,0.0,0.546,0.501,0.724,0.0,0.488,0.787,0.479,0.244,0.0,0.0,0.0,0.761,5.755,1.269,0.0,0.378,5.968,5.62,0.07,0.0,0.639,0.48,0.0,0.563,0.161,0.0,0.67,0.261,0.555,0.217,0.012,0.091,0.0,0.382,0.274,0.118,2.462,0.0,0.551,0.0,2.864,1.646,0.0,0.415,0.568,0.01,0.477,0.0,0.0,0.356,0.0,0.0,0.045,0.0,0.047,0.842,0.672,0.566,0.165,0.295,2.025,1.017,0.0,0.795,2.129,2.866,0.0,426.9,intermittent
D0792,2.162,2.023,2.236,2.534,2.421,2.256,2.729,1.65,2.578,2.096,3.306,2.98,1.988,2.09,2.075,2.914,3.01,1.71,2.226,2.197,2.456,2.089,2.263,1.601,1.417,1.668,1.964,2.058,1.29,1.715,2.33,2.857,1.874,2.8,1.949,3.3,1.954,1.828,2.607,2.026,2.695,2.149,2.797,2.313,1.919,2.369,1.754,2.059,1.768,2.345,1.427,1.29,2.317,1.479,2.218,2.704,2.632,2.294,2.939,2.56,2.121,3.555,2.388,2.799,2.659,1.957,2.899,2.246,2.711,1.767,1.794,2.27,2.54,2.296,1.191,2.417,1.825,1.513,2.646,1.971,2.76,2.507,2.549,3.03,2.214,3.179,1.967,2.766,3.361,2.99,2.5,3.105,1.992,2.382,2.063,2.14,2.428,2.096,1.633,0.879,2.603,2.447,2.409,2.413,2.244,1.875,2.609,2.572,3.212,2.63,3.062,2.591,2.778,2.064,1.749,2.27,2.673,2.304,1.982,1.781,1.092,2.051,1.514,0.728,1.799,2.214,3.062,2.595,2.248,2.092,2.435,2.183,1.996,1.904,1.446,2.496,2.475,2.879,1.162,2.634,2.2,2.567,2.63,1.068,2.067,1.926,2.134,2.544,1.776,1.602,1.774,1.268,3.072,2.908,2.135,2.413,1.902,2.114,2.819,2.584,2.531,2.258,2.568,1.285,2.222,2.85,2.32,1.218,1330.8,allday_low
D0793,6.785,5.281,2.795,1.416,1.305,0.138,0.557,0.249,0.126,0.769,0.402,1.312,0.088,0.0,0.35,0.603,0.293,0.705,0.176,1.37,1.561,2.904,4.493,6.887,6.087,4.569,2.431,1.698,0.346,0.075,0.444,0.556,0.006,0.83,0.0,0.375,0.653,0.0,0.272,0.655,0.503,0.569,0.133,0.808,2.412,4.314,4.763,6.106,5.047,4.345,2.699,1.305,1.026,0.0,0.326,0.654,1.203,0.432,0.585,0.0,0.0,1.109,0.488,0.37,0.24,0.537,0.0,1.54,2.083,2.817,5.402,5.86,6.762,4.212,2.658,1.412,1.06,1.234,0.464,0.683,0.034,0.313,0.528,0.314,0.768,0.078,0.332,0.0,0.768,0.584,1.094,0.853,3.319,3.921,5.876,7.009,7.427,5.512,3.256,2.075,0.72,0.698,0.866,0.76,0.0,0.495,0.108,0.364,0.909,1.529,0.064,0.151,0.548,0.627,0.287,1.627,2.169,3.889,6.267,8.325,7.659,4.764,3.646,1.831,1.451,0.66,0.614,0.345,0.259,0.043,0.0,0.65,0.033,0.378,1.218,0.848,0.659,0.732,0.467,0.975,3.041,5.117,6.247,8.297,6.123,4.547,2.415,1.905,0.189,0.0,0.18,1.274,0.883,1.075,0.909,0.288,0.372,0.274,0.0,0.0,0.729,0.138,0.659,0.646,2.061,4.219,5.125,6.911,1071.5,night
D0794,3.854,3.537,2.771,1.494,0.709,0.0,0.118,1.383,0.404,0.0,0.363,0.459,0.319,0.422,0.0,1.11,0.228,1.784,0.256,1.361,2.813,1.914,3.852,3.987,3.745,3.325,2.117,1.807,0.078,0.3,0.095,0.0,0.0,0.528,1.069,0.617,0.934,0.0,0.198,0.26,0.783,2.015,0.598,0.533,1.704,2.167,2.902,3.749,4.507,3.346,1.964,1.763,2.098,0.168,0.0,0.861,0.0,0.0,0.562,0.612,0.285,0.274,1.13,0.211,0.863,1.332,1.127,0.239,2.154,1.927,3.005,5.082,4.644,3.23,2.259,0.454,0.613,0.743,1.061,0.0,0.064,0.568,0.528,0.049,0.384,0.151,0.352,0.963,0.732,1.24,0.02,0.99,2.289,2.546,4.048,4.428,5.554,4.838,3.97,1.823,0.876,0.0,0.0,0.228,0.862,0.571,0.748,0.533,0.638,0.251,0.803,0.9,0.55,1.812,0.0,0.775,3.106,2.984,5.143,5.586,7.076,4.612,3.322,1.591,0.17,0.553,0.069,0.905,0.309,0.0,0.9,0.77,1.118,0.806,0.557,0.522,0.615,0.904,0.059,0.797,3.0,2.514,3.403,5.867,4.751,3.324,1.993,1.079,0.0,1.46,0.388,0.0,1.12,0.383,0.0,0.0,0.894,0.135,0.0,0.0,0.0,1.511,0.36,0.577,2.68,2.107,3.861,5.417,841.2,night
D0795,0.078,0.863,0.0,0.532,0.46,3.469,4.758,6.11,4.702,2.078,0.691,0.525,0.0,0.145,1.246,0.0,1.206,0.741,0.097,0.0,0.0,1.256,0.0,0.0,0.006,0.0,0.261,0.444,1.135,2.935,5.159,6.288,3.957,2.868,1.583,0.7,0.982,0.747,0.0,0.0,0.0,0.474,0.223,0.287,0.572,0.0,0.0,0.0,1.076,0.376,0.669,0.411,1.854,2.575,5.363,5.676,4.596,2.372,1.169,0.0,0.0,0.531,1.058,0.0,0.532,0.498,0.355,0.913,0.009,0.646,0.156,0.926,0.0,0.339,0.0,0.242,2.142,2.98,5.002,6.187,4.095,2.403,0.846,0.56,0.551,0.301,0.0,0.19,0.0,0.0,0.0,0.0,0.886,0.397,0.606,0.271,0.85,0.313,0.486,0.44,1.359,2.912,5.247,5.896,4.346,2.599,0.912,0.604,0.449,0.0,0.0,0.706,0.216,0.16,0.042,0.109,0.601,0.0,0.16,0.0,0.737,0.477,1.158,0.253,0.6,1.746,1.905,3.024,2.079,1.499,0.16,0.085,0.264,0.266,0.0,0.553,0.245,0.357,0.0,0.0,0.0,0.391,0.276,0.8,0.0,0.181,0.0,0.747,0.345,1.668,2.111,2.079,1.322,1.219,0.235,0.0,1.06,0.317,0.444,0.0,0.0,0.0,0.677,0.0,0.164,0.0,0.0,0.689,641.9,morning
D0796,0.0,0.0,0.542,0.471,0.191,1.393,0.732,0.0,0.058,0.985,0.0,1.42,0.253,0.501,0.163,0.0,0.545,1.963,0.295,2.708,0.296,0.0,0.0,1.247,0.0,0.214,0.201,0.195,0.053,0.22,0.0,0.0,0.0,1.574,0.51,1.082,0.0,0.0,0.0,0.0,0.0,1.985,0.0,2.294,0.46,0.456,1.416,1.985,1.03,0.618,0.633,0.321,0.212,1.009,1.137,0.254,0.092,0.025,0.311,0.0,0.0,0.0,0.0,0.0,0.251,3.929,0.355,3.701,0.086,0.271,0.722,2.871,0.246,0.261,0.006,0.242,0.569,0.0,0.584,0.503,0.0,0.0,0.523,0.917,0.281,0.187,0.099,0.519,0.0,4.057,0.007,2.94,0.0,0.0,0.0,4.412,0.028,0.0,0.695,0.0,0.0,0.844,0.0,0.566,0.914,0.0,0.0,0.14,0.714,0.451,0.285,0.419,0.0,4.484,0.097,4.291,0.0,0.184,0.0,4.048,0.002,0.0,0.153,0.0,0.597,0.0,0.0,0.0,0.0,0.515,0.15,0.152,0.986,0.0,0.0,0.335,0.403,0.757,0.0,1.969,0.053,0.494,0.158,1.812,0.381,0.22,0.049,0.0,0.615,1.05,0.576,0.0,0.0,0.0,0.119,0.218,0.0,0.623,0.089,0.156,0.0,4.795,0.0,3.123,0.634,0.0,0.0,3.558,375.7,intermittent
D0797,5.071,3.961,2.382,0.893,1.508,0.249,0.0,0.0,0.587,0.0,0.528,0.698,0.445,0.369,0.383,0.166,0.88,0.697,0.275,0.318,3.348,4.693,6.11,5.377,4.496,3.58,1.676,0.844,1.108,0.428,0.454,0.778,0.0,0.473,1.225,0.874,0.166,0.436,0.023,0.291,0.133,0.378,1.096,1.007,3.142,5.073,4.995,6.029,5.021,3.59,1.864,0.875,1.285,0.999,0.222,0.426,0.622,0.0,0.718,0.0,0.751,0.167,0.0,0.486,0.454,0.0,0.0,1.283,1.772,4.055,6.05,6.16,4.982,3.284,2.123,0.678,0.0,0.11,0.563,0.0,0.805,0.04,1.276,0.167,0.933,0.374,0.0,0.472,0.0,0.0,1.098,1.606,2.458,4.461,5.842,6.004,6.056,4.128,2.184,1.038,0.758,1.024,1.049,0.775,0.695,0.228,0.006,0.374,0.558,0.177,0.0,0.987,0.401,1.07,0.838,2.185,3.549,5.968,7.566,7.546,6.599,5.158,2.289,1.42,0.927,0.828,0.388,0.933,0.489,0.0,0.5,0.625,0.325,0.474,0.524,0.966,0.682,1.317,0.526,1.52,3.782,6.012,7.997,7.802,5.134,3.514,0.971,1.424,0.318,0.05,0.456,0.986,0.661,0.26,0.664,0.591,1.115,0.876,0.246,0.411,0.506,0.0,0.0,1.579,3.259,6.017,6.245,6.507,1067.7,night
D0798,6.149,4.237,2.679,0.93,2.248,0.0,0.571,1.647,0.765,0.0,0.181,0.792,0.6,0.39,1.848,0.0,0.0,3.11,0.97,2.048,3.052,6.685,6.441,6.752,5.259,3.612,1.463,0.618,1.358,0.3,0.425,0.996,0.77,0.558,0.0,0.0,0.152,0.11,0.185,1.141,0.578,1.538,0.665,1.686,2.902,5.969,6.817,6.786,5.197,3.402,1.99,1.199,1.535,0.382,0.919,0.855,0.302,0.459,1.003,1.093,0.606,0.852,2.215,0.366,0.224,2.424,1.457,1.298,2.651,5.983,5.696,6.156,5.488,4.063,2.091,0.922,2.018,1.149,0.599,0.443,0.73,0.137,0.466,0.103,0.0,0.356,1.817,0.269,1.011,2.106,1.147,1.055,3.64,6.704,7.588,7.808,6.571,4.486,2.322,1.515,2.151,0.516,0.712,0.149,0.259,0.754,0.981,0.802,0.259,0.226,1.113,0.644,1.328,1.532,1.087,2.434,4.011,7.341,8.288,8.993,7.838,4.564,2.489,1.328,1.796,0.349,1.518,0.741,1.137,0.0,1.378,0.105,1.313,0.332,1.277,0.866,0.013,1.923,0.421,3.159,3.51,7.953,8.776,9.466,6.278,4.537,3.389,1.245,1.752,0.165,0.619,0.33,0.27,0.515,0.148,0.495,0.105,0.994,1.144,0.232,1.332,1.674,0.669,1.62,3.637,5.908,7.391,6.984,1337.4,night
D0799,0.0,0.534,0.0,0.0,0.5,0.047,0.0,0.298,1.95,0.54,0.0,0.668,0.591,1.082,0.0,0.246,1.771,0.786,0.049,0.793,0.639,0.064,0.147,2.188,0.15,0.162,0.0,0.243,0.324,0.0,0.84,0.0,3.394,0.0,0.0,0.006,0.0,0.64,0.0,0.0,3.056,0.0,0.077,0.371,0.0,0.0,0.0,2.315,0.485,0.061,0.0,0.0,0.0,0.0,0.0,0.269,3.87,0.0,0.073,0.373,0.0,0.0,0.0,0.0,4.432,0.429,0.0,0.0,0.79,0.0,0.0,4.045,0.0,0.196,0.0,0.0,0.063,0.0,0.784,0.275,3.465,0.0,0.0,0.54,0.127,0.0,0.33,0.234,4.344,1.267,0.304,0.885,0.394,0.221,0.0,3.653,0.202,0.097,0.404,0.004,0.0,0.0,0.021,0.076,3.104,0.052,0.435,0.386,0.544,0.0,0.319,0.811,2.896,0.0,0.532,0.819,0.516,0.0,0.475,2.733,0.0,0.805,0.0,0.416,0.418,0.014,0.332,1.03,3.006,0.1,0.068,0.0,0.201,0.0,0.032,0.416,2.861,0.0,0.07,0.466,0.0,0.402,0.0,3.316,0.148,0.603,0.435,0.964,0.667,0.314,0.084,0.0,3.607,0.0,0.0,0.0,0.0,0.523,0.556,0.0,3.141,0.0,0.314,0.0,1.138,0.344,0.072,3.167,377.3,intermittent
