company_id,employees,firm_age,size_class,product,hiring_rate,attrition_rate,headcount_growth,hiring_growth,attrition_growth,truth_renew_p
1,392,27,MEDIUM,both,0.006,0.0031,-0.01,0.007,0.275,0.7617
2,633,18,MEDIUM,posting,0.011,0.0144,0.071,-0.275,0.339,0.6329
3,158,49,SMALL,diag,0.0055,0.009,0.049,0.352,-0.079,0.3199
4,110,26,SMALL,diag,0.0109,0.0209,-0.224,-0.589,-0.468,0.2479
5,34,39,SMALL,posting,0.0312,0.0295,-0.014,0.23,-0.004,0.3775
6,874,29,MEDIUM,diag,0.0259,0.0325,-0.025,-0.61,-0.258,0.429
7,306,15,MEDIUM,diag,0.0463,0.0435,-0.156,-0.521,0.113,0.267
8,376,28,MEDIUM,diag,0.0336,0.0226,0.048,0.131,0.264,0.7491
9,127,14,SMALL,both,0.0216,0.0104,-0.142,-0.552,0.169,0.6141
10,1156,15,LARGE,diag,0.0235,0.0178,0.001,-0.022,-0.156,0.678
11,847,13,MEDIUM,posting,0.0256,0.0141,0.042,0.227,-0.355,0.7383
12,262,35,SMALL,both,0.0641,0.0665,0.165,0.346,-0.262,0.7367
13,163,26,SMALL,diag,0.0273,0.0329,0.287,0.444,0.102,0.9008
14,203,36,SMALL,diag,0.0183,0.0185,0.041,0.329,0.433,0.4541
15,125,26,SMALL,diag,0.0185,0.0161,0.21,0.588,-0.136,0.8875
16,309,6,MEDIUM,both,0.069,0.0967,-0.003,0.284,0.072,0.8671
17,152,17,SMALL,both,0.0127,0.0073,-0.027,-0.163,-0.317,0.7788
18,571,17,MEDIUM,diag,0.0129,0.0116,0.034,0.226,0.338,0.6369
19,202,18,SMALL,diag,0.0272,0.0253,-0.059,0.061,0.283,0.6488
20,203,27,SMALL,diag,0.0331,0.0365,-0.041,0.171,0.285,0.5765
21,1627,35,LARGE,diag,0.0503,0.063,0.093,0.192,-0.097,0.8872
22,135,47,ETC,diag,0.0531,0.034,-0.08,-0.841,-0.097,0.308
23,53,21,SMALL,diag,0.0109,0.0143,0.07,0.251,0.154,0.531
24,449,10,MEDIUM,diag,0.0495,0.1089,0.114,-0.058,0.223,0.6904
25,31,83,SMALL,both,0.0437,0.0576,0.06,0.636,0.34,0.4457
26,401,12,MEDIUM,diag,0.0159,0.014,-0.001,0.208,0.108,0.674
27,883,8,MEDIUM,posting,0.0277,0.0177,-0.102,-0.11,-0.127,0.6308
28,324,27,MEDIUM,diag,0.0179,0.014,0.068,0.58,0.075,0.7889
29,303,17,MEDIUM,diag,0.0242,0.0314,0.004,-0.027,0.144,0.6776
30,31,67,SMALL,posting,0.0865,0.0637,0.094,-0.384,-0.087,0.6283
31,553,10,MEDIUM,both,0.0204,0.0647,0.068,0.567,0.263,0.7693
32,464,57,MEDIUM,diag,0.0347,0.0366,-0.019,-0.104,0.135,0.6358
33,83,23,SMALL,posting,0.0424,0.0587,0.15,0.067,-0.068,0.635
34,2461,9,LARGE,diag,0.075,0.0549,0.186,0.35,0.339,0.9422
35,78,8,SMALL,both,0.041,0.0509,0.156,0.559,0.185,0.8954
36,47,55,SMALL,diag,0.0065,0.0082,0.047,0.222,-0.116,0.2629
37,41,34,SMALL,posting,0.0263,0.0179,-0.012,-0.19,-0.052,0.3791
38,309,29,ETC,diag,0.0132,0.0323,0.088,0.211,0.161,0.6904
39,435,1,MEDIUM,diag,0.058,0.0386,-0.003,0.105,0.295,0.7936
40,487,34,MEDIUM,diag,0.0283,0.0261,0.168,-0.097,0.028,0.7379
41,207,13,SMALL,diag,0.0103,0.0067,0.085,-0.082,0.128,0.7319
42,123,31,SMALL,both,0.0461,0.1118,0.037,0.224,0.028,0.6088
43,758,41,MEDIUM,both,0.002,0.0027,0.085,0.172,0.178,0.5102
44,112,12,SMALL,posting,0.019,0.0108,0.121,0.299,0.031,0.6564
45,79,1,SMALL,diag,0.0421,0.0296,0.139,0.297,0.065,0.817
46,1401,26,LARGE,diag,0.072,0.0221,0.007,0.033,0.197,0.6867
47,365,0,MEDIUM,both,0.0133,0.0085,0.063,-0.169,0.161,0.898
48,504,6,MEDIUM,diag,0.0796,0.1574,-0.078,-0.157,-0.0,0.2655
49,597,12,MEDIUM,diag,0.0116,0.0088,0.002,-0.014,-0.155,0.6663
50,160,52,SMALL,diag,0.0665,0.0901,0.053,-0.094,0.26,0.4751
51,167,24,SMALL,diag,0.017,0.0264,-0.034,-0.096,-0.251,0.408
52,607,23,MEDIUM,diag,0.0172,0.0152,0.107,-0.348,-0.089,0.8125
53,152,36,SMALL,both,0.0301,0.0173,-0.05,-0.058,-0.377,0.6588
54,434,9,MEDIUM,both,0.0263,0.0178,-0.06,-0.341,-0.331,0.5984
55,272,13,SMALL,diag,0.0399,0.0447,0.133,0.183,0.217,0.7115
56,81,34,SMALL,posting,0.0257,0.0207,-0.061,-0.243,0.17,0.3337
57,869,23,MEDIUM,posting,0.0378,0.0518,-0.005,-0.142,0.246,0.7104
58,73,41,SMALL,posting,0.0411,0.0633,-0.055,0.071,0.057,0.1947
59,388,10,MEDIUM,diag,0.1231,0.0796,-0.108,-0.763,0.031,0.593
60,323,55,MEDIUM,posting,0.0309,0.0288,-0.198,-0.788,-0.234,0.1205
61,1208,34,LARGE,diag,0.0216,0.0263,0.047,0.014,0.015,0.672
62,88,1,SMALL,both,0.0175,0.0177,0.198,0.553,-0.053,0.8922
63,165,15,SMALL,diag,0.0762,0.086,0.039,0.002,0.119,0.5072
64,269,27,SMALL,both,0.051,0.0895,0.004,0.062,-0.016,0.6639
65,366,41,MEDIUM,diag,0.1104,0.3313,0.103,0.007,0.009,0.6785
66,780,9,MEDIUM,diag,0.0198,0.0144,-0.032,-0.043,0.253,0.5581
67,422,24,MEDIUM,diag,0.0653,0.0603,0.108,0.296,0.194,0.6119
68,308,35,MEDIUM,posting,0.0114,0.0136,0.222,0.277,0.187,0.8298
69,930,3,MEDIUM,diag,0.0132,0.0118,-0.153,0.087,0.006,0.7005
70,3009,55,LARGE,diag,0.0145,0.0079,0.001,-0.107,0.168,0.6166
71,68,8,SMALL,both,0.0297,0.0315,0.061,0.168,0.12,0.8251
72,298,5,SMALL,posting,0.0299,0.0149,0.041,-0.332,0.349,0.7654
73,692,41,MEDIUM,diag,0.0195,0.0118,-0.026,-0.074,-0.18,0.6946
74,330,59,MEDIUM,diag,0.0578,0.0461,0.122,-0.04,-0.259,0.7418
75,1454,17,LARGE,both,0.0366,0.0394,-0.195,-0.661,0.456,0.448
76,208,21,SMALL,both,0.0264,0.0197,0.127,-0.066,-0.226,0.7918
77,98,34,SMALL,posting,0.0074,0.0082,-0.123,0.169,-0.202,0.4407
78,782,59,MEDIUM,posting,0.0052,0.0031,0.061,0.358,0.293,0.511
79,14,86,SMALL,both,0.0032,0.0046,-0.074,0.012,-0.141,0.074
80,178,38,SMALL,diag,0.0516,0.0418,0.131,0.25,-0.241,0.7392
81,4050,26,LARGE,diag,0.0344,0.0216,0.114,-0.065,0.475,0.8998
82,309,17,MEDIUM,diag,0.0499,0.0678,0.166,0.059,-0.155,0.7751
83,445,26,MEDIUM,diag,0.0222,0.0134,0.055,0.383,0.216,0.683
84,105,21,SMALL,posting,0.0537,0.0625,0.153,-0.289,0.117,0.7232
85,292,35,SMALL,posting,0.035,0.0359,-0.204,-0.711,0.123,0.1954
86,257,9,SMALL,diag,0.0711,0.1107,-0.015,0.013,0.105,0.7032
87,2317,13,ETC,both,0.0235,0.0285,0.074,0.34,0.308,0.7792
88,99,36,SMALL,posting,0.0343,0.0285,-0.159,-0.106,0.054,0.1612
89,14,25,SMALL,diag,0.042,0.0665,-0.15,-0.467,-0.047,0.0959
90,469,13,MEDIUM,diag,0.0042,0.0038,0.129,-0.396,0.14,0.8569
91,1650,48,LARGE,both,0.0359,0.0322,0.056,0.006,-0.199,0.907
92,141,20,ETC,diag,0.2139,0.1534,0.186,0.332,0.102,0.8763
93,40,30,SMALL,diag,0.0241,0.0274,0.033,0.328,0.11,0.4745
94,92,9,SMALL,diag,0.0164,0.0069,-0.08,-0.238,-0.07,0.4524
95,483,31,MEDIUM,posting,0.0149,0.0116,-0.17,-0.263,-0.054,0.2469
96,162,17,SMALL,both,0.011,0.0102,-0.138,-0.009,0.14,0.4833
97,314,5,MEDIUM,diag,0.0466,0.0591,0.031,0.202,-0.079,0.7105
98,22,59,SMALL,diag,0.0088,0.011,-0.002,-0.022,-0.407,0.1797
99,169,26,SMALL,both,0.0085,0.0087,0.007,-0.036,0.043,0.5316
100,714,23,MEDIUM,both,0.0131,0.0307,-0.046,0.481,0.082,0.4306
101,224,3,SMALL,diag,0.0565,0.0249,0.076,0.518,-0.087,0.7388
102,97,9,SMALL,diag,0.0539,0.0733,0.035,-0.273,0.468,0.6503
103,954,21,MEDIUM,posting,0.1025,0.1876,0.065,-0.093,-0.074,0.818
104,888,21,MEDIUM,posting,0.0534,0.0218,0.295,0.329,0.228,0.9591
105,180,25,SMALL,diag,0.0749,0.0795,0.107,0.002,-0.262,0.6813
106,133,40,SMALL,both,0.0722,0.0569,0.123,0.232,0.367,0.9248
107,1224,28,LARGE,diag,0.0398,0.0287,-0.168,-0.148,-0.352,0.4067
108,164,3,SMALL,both,0.0805,0.0873,0.034,0.484,-0.409,0.8526
109,251,15,SMALL,both,0.0256,0.0169,-0.042,-0.686,0.056,0.6788
110,2175,31,LARGE,diag,0.0553,0.0427,0.023,0.164,0.082,0.6817
111,368,70,MEDIUM,both,0.0143,0.0049,0.058,0.235,0.057,0.7291
112,174,8,SMALL,diag,0.0201,0.0256,0.069,-0.361,0.094,0.8183
113,34,61,SMALL,diag,0.0078,0.0059,0.107,0.61,0.191,0.4314
114,312,4,MEDIUM,diag,0.0088,0.0091,-0.036,0.332,-0.135,0.5108
115,273,29,SMALL,diag,0.0865,0.0605,0.046,-0.492,0.293,0.693
116,151,40,SMALL,posting,0.0108,0.0122,0.343,0.661,-0.077,0.9057
117,830,28,MEDIUM,both,0.0165,0.011,-0.011,0.083,-0.274,0.8779
118,72,26,SMALL,posting,0.0027,0.002,0.079,-0.205,0.058,0.3511
119,53,4,SMALL,posting,0.0235,0.0321,0.09,0.233,-0.093,0.6521
120,126,29,SMALL,both,0.0396,0.0218,0.202,0.186,0.059,0.9625
121,283,23,SMALL,posting,0.0247,0.0123,0.204,0.371,0.454,0.8762
122,56,5,SMALL,diag,0.0484,0.0486,0.062,0.002,0.086,0.7294
123,79,8,SMALL,both,0.064,0.0346,0.061,0.289,0.005,0.8164
124,114,18,SMALL,both,0.037,0.0599,-0.072,-0.022,0.099,0.4915
125,271,39,SMALL,diag,0.1004,0.0656,0.022,0.076,0.138,0.4777
126,129,43,SMALL,diag,0.0369,0.0709,-0.062,-0.171,-0.11,0.2562
127,813,74,MEDIUM,both,0.0439,0.0763,-0.112,-0.743,-0.094,0.5546
128,24,39,SMALL,posting,0.0435,0.0498,0.055,-0.293,0.296,0.2243
129,427,7,MEDIUM,both,0.0521,0.0317,-0.009,0.022,0.464,0.8235
130,142,16,SMALL,diag,0.0165,0.018,-0.081,-0.025,-0.051,0.1994
131,452,53,MEDIUM,posting,0.0627,0.0908,0.04,-0.05,-0.555,0.5505
132,2382,45,LARGE,diag,0.0466,0.0491,-0.01,-0.103,0.076,0.5255
133,251,14,SMALL,diag,0.0625,0.0354,-0.085,-0.276,-0.006,0.2614
134,336,46,MEDIUM,diag,0.015,0.0197,-0.044,-0.38,0.291,0.4951
135,679,13,MEDIUM,diag,0.0334,0.0207,0.094,-0.049,0.214,0.7769
136,63,24,SMALL,both,0.0041,0.0113,0.145,0.491,0.314,0.5215
137,561,10,MEDIUM,both,0.0343,0.0514,-0.031,-0.253,0.016,0.7369
138,664,13,MEDIUM,posting,0.0351,0.0473,-0.041,0.139,-0.229,0.5899
139,233,55,SMALL,both,0.0228,0.0167,0.028,0.051,-0.158,0.62
140,556,11,MEDIUM,both,0.0441,0.0148,0.047,-0.027,-0.029,0.9161
141,312,33,MEDIUM,both,0.0419,0.0695,0.2,0.704,0.277,0.768
142,117,7,ETC,both,0.0344,0.0163,0.122,0.438,-0.148,0.9366
143,64,21,SMALL,posting,0.0133,0.011,0.03,-0.539,0.515,0.5429
144,798,7,MEDIUM,diag,0.0212,0.0418,-0.049,-0.06,0.167,0.5266
145,1924,43,LARGE,both,0.0197,0.0276,0.036,-0.132,-0.44,0.6996
146,114,25,SMALL,diag,0.0043,0.0029,0.039,0.155,0.518,0.6149
147,407,30,MEDIUM,posting,0.0241,0.0323,-0.056,-0.3,0.119,0.444
148,72,33,ETC,diag,0.013,0.0149,-0.02,0.547,0.301,0.352
149,162,22,SMALL,diag,0.0218,0.0434,-0.018,0.265,-0.071,0.2564
150,158,58,ETC,posting,0.0558,0.0608,-0.053,-0.545,-0.209,0.3153
151,78,37,SMALL,posting,0.0216,0.0407,-0.071,0.281,0.006,0.1905
152,251,16,SMALL,both,0.0066,0.0051,0.089,0.273,0.349,0.9135
153,813,27,MEDIUM,both,0.0475,0.0334,0.174,-0.105,-0.351,0.9573
154,506,17,MEDIUM,posting,0.0488,0.0564,-0.182,-0.146,-0.123,0.6029
155,155,43,SMALL,diag,0.0208,0.0049,-0.109,-0.277,-0.165,0.4257
156,1310,35,LARGE,posting,0.0369,0.0691,0.027,0.435,0.196,0.4664
157,349,30,ETC,diag,0.044,0.0223,-0.062,-0.404,0.296,0.4635
158,1993,13,LARGE,posting,0.0595,0.0569,-0.065,-0.432,-0.073,0.3692
159,65,17,SMALL,posting,0.0276,0.0157,0.1,-0.22,0.071,0.7418
160,7610,30,LARGE,both,0.0264,0.014,-0.091,-0.798,-0.244,0.8983
161,227,16,SMALL,posting,0.0429,0.0388,-0.005,-0.186,0.241,0.5487
162,75,60,SMALL,diag,0.0222,0.0167,0.021,-0.14,-0.374,0.3239
163,85,12,SMALL,posting,0.0171,0.0237,0.132,0.771,-0.123,0.4513
164,771,43,MEDIUM,diag,0.0258,0.0564,0.177,0.018,-0.014,0.6754
165,748,57,MEDIUM,both,0.1662,0.0528,-0.039,0.327,0.046,0.8163
166,676,5,MEDIUM,diag,0.0048,0.007,-0.067,-0.19,0.553,0.3601
167,540,24,MEDIUM,diag,0.043,0.0715,0.002,-0.401,0.176,0.6857
168,80,22,SMALL,both,0.041,0.0514,-0.079,-0.387,-0.021,0.5762
169,236,6,SMALL,posting,0.0086,0.0057,0.029,-0.016,0.357,0.4647
170,22,11,SMALL,diag,0.0056,0.0079,0.097,0.093,0.33,0.3591
171,106,7,SMALL,diag,0.0082,0.0133,0.116,0.41,0.11,0.4935
172,581,39,MEDIUM,posting,0.098,0.1077,-0.01,-0.095,-0.008,0.6447
173,35,23,SMALL,diag,0.0247,0.0186,-0.258,-0.337,0.574,0.1049
174,3800,1,LARGE,posting,0.0814,0.067,-0.134,-0.512,-0.231,0.7321
175,1125,39,LARGE,diag,0.0198,0.0378,0.005,-0.058,0.137,0.6087
176,79,3,SMALL,diag,0.0218,0.0257,-0.046,0.008,0.061,0.4746
177,622,24,MEDIUM,both,0.0397,0.0246,0.038,-0.126,-0.017,0.8119
178,517,30,MEDIUM,diag,0.0722,0.0547,-0.046,0.098,0.053,0.6982
179,241,9,SMALL,diag,0.002,0.002,0.016,0.129,-0.135,0.4173
180,538,7,ETC,diag,0.0361,0.0112,-0.038,-0.397,-0.088,0.6352
181,210,36,SMALL,posting,0.0709,0.0897,0.153,0.243,0.016,0.444
182,276,29,SMALL,posting,0.0111,0.0147,-0.054,-0.198,-0.172,0.4899
183,517,23,MEDIUM,diag,0.0395,0.0154,0.216,0.234,0.217,0.9621
184,481,4,MEDIUM,both,0.0534,0.0715,-0.024,-0.063,0.168,0.6418
185,413,51,MEDIUM,diag,0.0154,0.0146,0.197,0.502,-0.095,0.8664
186,423,13,MEDIUM,posting,0.0085,0.0132,0.001,0.192,-0.144,0.5541
187,842,6,MEDIUM,both,0.0745,0.0719,0.001,0.511,-0.015,0.8279
188,695,15,MEDIUM,diag,0.0936,0.0875,0.009,0.096,-0.278,0.5915
189,80,10,SMALL,diag,0.0251,0.0178,0.095,0.424,-0.048,0.3894
190,128,18,SMALL,diag,0.0157,0.0094,-0.077,-0.514,-0.085,0.474
191,1475,19,LARGE,diag,0.0609,0.0384,-0.0,0.186,0.11,0.6166
192,1653,36,LARGE,diag,0.076,0.0988,-0.107,-0.541,0.25,0.366
193,548,28,MEDIUM,diag,0.0365,0.0301,-0.014,0.241,0.153,0.4464
194,220,5,SMALL,diag,0.0217,0.0243,-0.029,-0.289,0.222,0.2563
195,735,21,MEDIUM,diag,0.0058,0.0086,0.053,-0.169,-0.155,0.5787
196,632,20,MEDIUM,diag,0.0422,0.0524,0.06,0.167,0.147,0.7861
197,55,32,SMALL,diag,0.0339,0.0222,-0.065,0.234,-0.349,0.5211
198,323,12,MEDIUM,diag,0.0299,0.0098,0.157,0.269,-0.199,0.8265
199,64,24,SMALL,diag,0.0188,0.009,0.152,0.386,0.209,0.7819
200,181,10,SMALL,diag,0.002,0.0027,-0.01,-0.141,-0.074,0.2191
201,311,12,MEDIUM,diag,0.0226,0.0364,0.104,-0.315,-0.175,0.6769
202,1991,24,LARGE,posting,0.0338,0.0242,-0.059,0.132,-0.204,0.5462
203,29,25,SMALL,diag,0.139,0.1385,-0.187,-0.358,-0.098,0.1158
204,203,13,SMALL,diag,0.0198,0.0117,0.04,0.497,0.031,0.3772
205,636,15,MEDIUM,both,0.0737,0.0496,0.043,-0.115,0.375,0.927
206,625,28,MEDIUM,diag,0.06,0.0684,-0.008,-0.045,-0.156,0.6375
207,765,57,MEDIUM,diag,0.0082,0.0082,-0.01,0.527,-0.128,0.3651
208,101,20,ETC,diag,0.0193,0.0128,-0.029,0.02,0.224,0.4895
209,260,45,SMALL,diag,0.0153,0.0079,0.068,-0.4,-0.029,0.4669
210,180,22,SMALL,both,0.0188,0.0302,0.073,0.201,-0.248,0.7633
211,1268,17,LARGE,diag,0.0105,0.0047,0.037,0.026,0.144,0.7234
212,258,18,SMALL,diag,0.063,0.0873,-0.042,-0.249,-0.442,0.3427
213,306,34,MEDIUM,diag,0.031,0.0254,0.102,0.182,0.029,0.6508
214,370,8,MEDIUM,diag,0.0599,0.0682,0.14,-0.214,-0.097,0.7483
215,71,27,ETC,posting,0.0596,0.0431,0.164,0.023,0.384,0.7574
216,530,5,MEDIUM,both,0.0224,0.0324,0.082,-0.252,0.357,0.9258
217,89,27,SMALL,both,0.043,0.0172,-0.184,-0.441,-0.045,0.5505
218,367,43,MEDIUM,both,0.0035,0.0043,-0.035,-0.187,-0.264,0.4602
219,135,5,SMALL,diag,0.0062,0.0143,-0.015,0.172,0.248,0.3301
220,1121,13,LARGE,both,0.0396,0.0288,0.081,0.098,-0.037,0.862
221,313,57,MEDIUM,both,0.0102,0.005,0.198,0.646,0.058,0.9024
222,2509,49,LARGE,both,0.0445,0.0653,-0.205,-0.559,0.07,0.6352
223,26,24,SMALL,diag,0.0364,0.0335,0.142,0.545,-0.291,0.4879
224,1357,15,LARGE,both,0.0185,0.0118,-0.071,-0.106,0.268,0.781
225,773,16,MEDIUM,diag,0.0611,0.0546,0.083,0.013,0.362,0.7472
226,414,34,MEDIUM,both,0.0401,0.0461,-0.052,-0.388,-0.218,0.561
227,3401,58,LARGE,posting,0.0478,0.0306,-0.094,0.203,-0.008,0.6655
228,62,64,SMALL,diag,0.0337,0.0176,0.011,-0.185,-0.078,0.421
229,379,32,MEDIUM,posting,0.0423,0.0392,0.208,0.388,0.174,0.8032
230,1183,7,LARGE,posting,0.0237,0.0243,-0.049,-0.349,-0.14,0.7471
231,585,22,MEDIUM,posting,0.0258,0.0426,-0.061,0.029,0.065,0.521
232,198,8,ETC,both,0.0186,0.0139,0.029,0.01,0.04,0.8198
233,612,27,MEDIUM,posting,0.0206,0.0143,0.016,0.223,0.119,0.7083
234,190,2,SMALL,diag,0.0443,0.038,0.11,-0.041,0.206,0.933
235,206,32,SMALL,posting,0.0087,0.0075,0.105,0.016,-0.081,0.4302
236,145,14,SMALL,diag,0.1027,0.0448,0.196,0.452,-0.095,0.8022
237,957,45,MEDIUM,both,0.0313,0.0422,0.128,0.335,-0.084,0.8239
238,423,16,ETC,diag,0.0485,0.1075,0.016,0.317,0.118,0.4561
239,4778,68,LARGE,posting,0.0064,0.0066,0.044,0.19,0.407,0.5636
240,762,40,MEDIUM,diag,0.0168,0.0196,-0.058,0.352,-0.159,0.4848
241,59,18,SMALL,posting,0.0312,0.0186,-0.035,-0.508,0.19,0.5214
242,725,22,MEDIUM,both,0.0328,0.0238,-0.095,-0.109,0.422,0.5074
243,91,12,SMALL,both,0.0274,0.0416,-0.103,-0.335,-0.129,0.5168
244,221,49,SMALL,diag,0.08,0.1218,0.108,0.577,-0.36,0.6497
245,350,24,MEDIUM,diag,0.0387,0.0351,0.171,0.228,0.174,0.8693
246,90,45,SMALL,both,0.02,0.019,0.138,0.031,0.369,0.8344
247,172,18,SMALL,posting,0.0175,0.024,-0.02,-0.254,-0.131,0.4824
248,143,53,SMALL,posting,0.0061,0.0054,0.001,0.002,0.123,0.3041
249,350,19,MEDIUM,diag,0.0298,0.0448,0.106,0.442,0.233,0.5745
250,277,6,SMALL,diag,0.0055,0.0097,0.001,0.37,-0.054,0.6192
251,268,19,SMALL,diag,0.0751,0.1371,-0.001,-0.313,-0.202,0.6134
252,1960,21,LARGE,diag,0.0102,0.0085,-0.073,-0.28,0.737,0.6095
253,545,17,MEDIUM,posting,0.0253,0.0247,-0.006,0.179,-0.5,0.571
254,483,8,MEDIUM,diag,0.0399,0.045,-0.027,-0.347,0.231,0.5998
255,1003,22,LARGE,diag,0.0091,0.0168,-0.029,-0.54,0.036,0.6448
256,2327,34,LARGE,posting,0.0105,0.0141,0.064,0.432,-0.128,0.6634
257,1397,19,LARGE,both,0.0427,0.0459,0.196,0.583,0.085,0.9459
258,94,34,SMALL,both,0.0261,0.0162,-0.083,-0.074,-0.132,0.6078
259,536,36,MEDIUM,diag,0.0141,0.0309,0.127,0.248,0.09,0.6936
260,703,33,MEDIUM,posting,0.065,0.0877,0.021,0.298,0.221,0.4508
261,866,8,MEDIUM,both,0.0478,0.0299,0.033,0.238,0.3,0.898
262,257,9,SMALL,both,0.0198,0.0614,0.066,0.019,-0.1,0.804
263,325,38,MEDIUM,diag,0.0331,0.0314,-0.015,0.093,0.231,0.4822
264,113,14,ETC,both,0.0732,0.0505,0.023,0.483,-0.096,0.7231
265,200,30,SMALL,both,0.0196,0.0056,-0.025,-0.556,0.061,0.8174
266,83,4,SMALL,diag,0.1371,0.1424,0.056,0.326,-0.228,0.6564
267,1218,45,LARGE,both,0.0611,0.0614,0.055,0.396,0.052,0.9449
268,169,29,SMALL,diag,0.002,0.002,-0.074,-0.368,-0.341,0.2458
269,108,29,SMALL,posting,0.033,0.0366,-0.083,-0.052,-0.008,0.2826
270,415,30,MEDIUM,diag,0.0394,0.0232,-0.103,-0.47,-0.148,0.6229
271,337,45,MEDIUM,diag,0.0266,0.0487,-0.06,-0.137,0.05,0.2065
272,141,13,ETC,both,0.0292,0.0303,0.06,0.322,-0.183,0.8174
273,454,23,MEDIUM,diag,0.0539,0.0462,0.016,0.387,0.196,0.8295
274,151,22,SMALL,both,0.0405,0.0364,0.086,-0.155,0.382,0.8663
275,526,45,MEDIUM,both,0.0234,0.0249,-0.094,-0.494,0.309,0.6715
276,291,70,SMALL,both,0.1112,0.0848,0.115,-0.272,0.046,0.7504
277,381,36,MEDIUM,diag,0.0271,0.0205,0.066,0.451,-0.16,0.7178
278,197,23,SMALL,posting,0.0164,0.0229,-0.101,-0.152,0.088,0.4171
279,144,62,SMALL,both,0.0368,0.0508,-0.123,-0.057,-0.006,0.5669
280,397,53,ETC,diag,0.1029,0.1089,-0.001,-0.254,0.186,0.5149
281,53,23,SMALL,posting,0.0116,0.0131,0.162,0.383,-0.146,0.7183
282,1376,58,LARGE,posting,0.0508,0.1023,0.129,0.282,0.341,0.7247
283,182,38,SMALL,both,0.0235,0.0046,0.06,0.314,0.594,0.9192
284,2946,3,LARGE,posting,0.0264,0.0244,-0.041,0.169,0.043,0.5775
285,628,28,MEDIUM,diag,0.1358,0.1846,0.088,-0.007,0.555,0.6086
286,271,4,SMALL,posting,0.032,0.0209,0.041,0.243,0.05,0.4799
287,155,20,SMALL,diag,0.0745,0.1019,0.167,0.684,-0.117,0.7631
288,531,17,MEDIUM,both,0.0609,0.0932,-0.048,0.435,0.122,0.6815
289,499,23,MEDIUM,both,0.0233,0.017,-0.057,-0.456,0.361,0.7848
290,482,39,MEDIUM,both,0.0685,0.0449,-0.107,0.136,0.427,0.6768
291,755,21,MEDIUM,both,0.0039,0.0026,0.047,0.236,-0.573,0.7009
292,343,9,MEDIUM,posting,0.0193,0.0168,0.007,0.21,-0.159,0.4564
293,1057,68,LARGE,diag,0.0321,0.0624,0.17,0.724,-0.193,0.7632
294,129,8,SMALL,posting,0.0642,0.0686,0.208,0.557,-0.328,0.8708
295,240,7,SMALL,both,0.0285,0.0219,-0.233,-0.468,-0.144,0.3624
296,593,8,MEDIUM,posting,0.0275,0.0225,0.219,0.309,-0.015,0.8485
297,127,72,SMALL,posting,0.032,0.0675,0.031,-0.09,-0.221,0.1957
298,315,15,MEDIUM,both,0.038,0.0438,-0.07,-0.113,-0.135,0.7082
299,1623,16,LARGE,posting,0.0058,0.0054,0.009,0.142,-0.121,0.7844
300,337,3,MEDIUM,diag,0.0329,0.0221,0.135,0.185,0.331,0.8395
301,179,59,SMALL,both,0.0321,0.0289,-0.048,0.133,0.051,0.4499
302,1039,34,LARGE,diag,0.0395,0.0589,-0.045,0.26,-0.074,0.4288
303,86,6,SMALL,both,0.0452,0.0582,0.103,0.188,0.002,0.7769
304,208,15,SMALL,both,0.0509,0.0436,0.05,0.439,0.374,0.8086
305,969,10,MEDIUM,both,0.0056,0.0066,-0.055,-0.198,0.087,0.694
306,129,13,SMALL,diag,0.0078,0.0052,0.065,0.04,0.375,0.5737
307,398,34,MEDIUM,diag,0.0039,0.0042,-0.232,-0.67,0.27,0.0764
308,278,46,SMALL,both,0.0639,0.1222,-0.071,0.103,-0.584,0.7051
309,1682,40,LARGE,posting,0.0255,0.0128,0.233,0.659,-0.191,0.8892
310,63,18,SMALL,both,0.0172,0.0243,0.124,0.223,-0.22,0.6546
311,165,20,SMALL,both,0.0551,0.0482,-0.106,-0.193,0.5,0.4518
312,210,2,SMALL,both,0.0832,0.0396,0.021,-0.087,-0.098,0.7618
313,453,49,MEDIUM,posting,0.0481,0.0458,0.103,0.552,0.176,0.729
314,551,11,MEDIUM,posting,0.0851,0.0383,0.085,0.548,-0.333,0.8216
315,478,3,MEDIUM,diag,0.0363,0.0412,-0.035,-0.197,0.053,0.6158
316,1429,68,LARGE,diag,0.037,0.0418,-0.04,-0.09,0.437,0.5419
317,628,14,MEDIUM,diag,0.0365,0.025,-0.041,-0.266,-0.428,0.7163
318,73,11,SMALL,diag,0.0187,0.0241,-0.017,-0.163,0.464,0.2883
319,61,37,SMALL,both,0.0075,0.0054,0.039,-0.166,-0.102,0.7555
320,166,35,SMALL,diag,0.0368,0.0484,-0.147,-0.242,0.08,0.4243
321,168,11,SMALL,diag,0.0542,0.0547,0.019,-0.221,0.218,0.7045
322,186,8,SMALL,diag,0.008,0.0086,0.029,-0.173,-0.218,0.644
323,951,20,MEDIUM,diag,0.0264,0.0202,0.081,0.047,0.341,0.5018
324,150,54,SMALL,both,0.0468,0.0644,0.033,0.275,-0.305,0.8008
325,1016,29,LARGE,posting,0.0043,0.0043,0.081,0.406,-0.127,0.7451
326,1061,31,LARGE,diag,0.0356,0.0186,-0.049,-0.502,0.169,0.4178
327,310,15,MEDIUM,diag,0.0395,0.0372,0.02,-0.301,-0.13,0.5983
328,169,49,SMALL,diag,0.0398,0.0263,-0.065,-0.507,0.526,0.3275
329,1237,8,LARGE,diag,0.0215,0.0129,-0.06,-0.753,-0.057,0.6262
330,118,45,SMALL,both,0.0088,0.0064,-0.009,0.48,-0.252,0.6972
331,508,26,MEDIUM,both,0.1142,0.1113,0.003,-0.055,-0.148,0.8472
332,405,40,MEDIUM,posting,0.0092,0.0041,0.021,0.105,0.084,0.5231
333,1250,82,LARGE,posting,0.0075,0.0039,0.035,-0.002,-0.156,0.4096
334,445,13,MEDIUM,diag,0.0208,0.0403,0.098,0.042,-0.091,0.6708
335,307,16,MEDIUM,posting,0.0687,0.062,0.165,0.078,0.306,0.8922
336,958,41,MEDIUM,diag,0.0157,0.0102,0.064,0.213,-0.026,0.6816
337,197,6,SMALL,posting,0.1817,0.214,-0.002,-0.253,-0.311,0.5377
338,557,47,MEDIUM,diag,0.0319,0.0201,-0.088,0.031,0.028,0.4069
339,347,25,MEDIUM,posting,0.0386,0.045,0.044,0.277,0.067,0.4113
340,312,14,MEDIUM,both,0.0272,0.015,0.115,-0.464,-0.25,0.8106
341,59,31,SMALL,both,0.1256,0.0928,0.134,0.13,-0.087,0.7875
342,299,44,SMALL,both,0.0042,0.0047,-0.028,-0.245,-0.372,0.4979
343,99,57,SMALL,diag,0.0386,0.0395,0.019,-0.025,-0.054,0.334
344,537,15,MEDIUM,diag,0.0107,0.0114,0.04,-0.15,-0.375,0.795
345,4066,14,LARGE,both,0.055,0.0289,0.245,0.335,0.007,0.9815
346,234,16,SMALL,diag,0.0193,0.0291,-0.081,-0.047,-0.422,0.328
347,822,20,MEDIUM,diag,0.0465,0.0544,-0.034,-0.101,-0.406,0.39
348,910,13,MEDIUM,diag,0.0249,0.0216,-0.08,0.143,-0.181,0.4769
349,84,12,SMALL,posting,0.0277,0.0567,0.012,0.039,0.01,0.5121
350,654,34,MEDIUM,diag,0.0029,0.0021,0.142,0.726,-0.06,0.7759
351,212,27,SMALL,posting,0.1074,0.0744,0.134,0.169,0.048,0.6033
352,185,20,SMALL,diag,0.0203,0.0197,0.141,0.041,-0.068,0.679
353,740,11,MEDIUM,posting,0.0351,0.0578,-0.021,0.132,-0.028,0.6022
354,163,54,SMALL,diag,0.087,0.066,-0.063,0.015,-0.04,0.4616
355,171,30,SMALL,diag,0.0284,0.045,0.048,0.083,0.003,0.6528
356,691,11,MEDIUM,diag,0.0143,0.0233,0.096,0.236,0.079,0.753
357,1240,16,LARGE,posting,0.0335,0.0206,-0.051,-0.355,-0.208,0.5973
358,323,6,MEDIUM,posting,0.0351,0.0447,-0.044,0.006,0.19,0.4862
359,625,47,MEDIUM,diag,0.0359,0.0691,0.005,0.232,-0.047,0.5466
360,63,9,SMALL,diag,0.016,0.0119,0.164,0.607,0.208,0.6192
361,268,15,SMALL,diag,0.0271,0.0607,0.04,-0.092,-0.297,0.5817
362,490,34,MEDIUM,posting,0.062,0.1094,0.151,-0.012,-0.328,0.6285
363,119,67,SMALL,diag,0.0643,0.0878,-0.065,0.229,-0.329,0.2734
364,610,51,MEDIUM,diag,0.006,0.0119,-0.058,0.046,0.403,0.2876
365,409,33,MEDIUM,both,0.0489,0.0896,-0.087,-0.153,0.5,0.4944
366,411,30,MEDIUM,diag,0.002,0.002,0.186,-0.055,-0.521,0.8242
367,1105,51,LARGE,diag,0.0331,0.0504,0.144,0.467,-0.089,0.8327
368,1207,14,LARGE,diag,0.101,0.3328,-0.003,0.462,0.067,0.7333
369,79,20,SMALL,posting,0.016,0.0119,-0.098,-0.141,0.272,0.3512
370,146,23,SMALL,diag,0.0377,0.0373,0.052,0.598,0.353,0.5395
371,542,14,MEDIUM,both,0.0743,0.0515,0.007,-0.184,0.073,0.8335
372,215,18,SMALL,both,0.0714,0.0299,0.124,0.14,0.151,0.8977
373,2678,6,LARGE,diag,0.0646,0.0765,0.161,0.471,-0.137,0.8886
374,1013,6,LARGE,posting,0.0098,0.0164,0.063,0.197,0.345,0.6529
375,122,29,SMALL,diag,0.0115,0.0093,0.122,0.126,0.035,0.5708
376,131,3,SMALL,diag,0.0648,0.0604,0.04,0.168,0.344,0.4261
377,75,47,SMALL,both,0.0091,0.009,-0.093,-0.349,-0.025,0.6047
378,451,10,MEDIUM,diag,0.0055,0.0056,0.084,0.043,0.12,0.7841
379,154,19,SMALL,both,0.1183,0.1248,-0.069,0.177,-0.056,0.5763
380,143,6,SMALL,diag,0.0415,0.0359,-0.054,-0.154,0.162,0.6724
381,75,28,SMALL,both,0.0074,0.0109,-0.201,-0.018,0.173,0.2237
382,798,39,MEDIUM,diag,0.0278,0.0326,0.09,-0.285,-0.095,0.9324
383,132,35,SMALL,diag,0.0109,0.0137,0.11,0.1,-0.228,0.3896
384,111,16,SMALL,diag,0.0364,0.0913,0.175,-0.013,0.082,0.6024
385,38,4,SMALL,diag,0.0603,0.0543,0.173,0.817,0.213,0.6221
386,468,13,MEDIUM,both,0.0412,0.0337,0.058,-0.078,-0.025,0.9264
387,387,30,MEDIUM,diag,0.0574,0.0308,0.162,0.425,-0.341,0.737
388,671,25,MEDIUM,both,0.1526,0.0852,-0.017,-0.064,-0.124,0.919
389,1455,50,LARGE,posting,0.054,0.108,0.121,0.228,0.136,0.7094
390,377,16,MEDIUM,both,0.0656,0.0697,-0.054,-0.102,0.112,0.5417
391,205,47,SMALL,diag,0.0132,0.0059,-0.112,-0.136,-0.122,0.2726
392,51,17,SMALL,diag,0.0343,0.0344,-0.046,-0.133,0.145,0.3924
393,338,61,MEDIUM,diag,0.0597,0.0946,0.083,0.718,0.226,0.5057
394,442,6,MEDIUM,diag,0.0491,0.0648,0.156,0.288,-0.033,0.8332
395,398,37,MEDIUM,diag,0.0943,0.125,0.058,-0.236,-0.085,0.7212
396,35,10,SMALL,both,0.0899,0.0877,-0.029,-0.316,-0.026,0.7788
397,1168,11,LARGE,diag,0.0795,0.0357,-0.103,-0.22,-0.006,0.5993
398,594,26,MEDIUM,posting,0.0229,0.0144,0.116,0.441,0.46,0.7995
399,195,18,SMALL,both,0.0105,0.0154,0.095,0.176,0.131,0.7424
400,219,45,SMALL,both,0.0116,0.0098,0.013,0.316,-0.058,0.676
401,36,49,SMALL,diag,0.0489,0.0494,-0.113,-0.098,-0.126,0.1156
402,428,45,MEDIUM,posting,0.0558,0.0341,0.168,0.02,-0.076,0.7296
403,206,22,SMALL,posting,0.039,0.0544,0.014,-0.093,0.319,0.5756
404,87,7,SMALL,diag,0.02,0.0794,0.013,0.102,0.063,0.3634
405,2632,20,LARGE,diag,0.0282,0.0365,0.037,-0.33,0.288,0.6834
406,1641,49,LARGE,posting,0.0325,0.0419,-0.005,0.554,0.149,0.6194
407,665,14,ETC,posting,0.0515,0.0474,-0.098,-0.113,-0.036,0.4464
408,293,19,SMALL,both,0.0244,0.0211,-0.139,-0.349,-0.055,0.5943
409,77,19,SMALL,both,0.1233,0.0751,-0.16,-0.794,0.419,0.2516
410,294,21,SMALL,both,0.0318,0.0626,0.09,0.562,-0.039,0.8028
411,503,16,MEDIUM,both,0.0262,0.0415,-0.078,0.053,0.121,0.7082
412,266,12,SMALL,diag,0.0176,0.0195,-0.108,0.088,-0.082,0.3685
413,289,31,ETC,both,0.041,0.0298,0.137,0.52,0.446,0.9117
414,368,16,MEDIUM,diag,0.0569,0.1503,0.036,-0.117,0.525,0.4332
415,85,24,SMALL,posting,0.0539,0.0412,-0.042,-0.188,-0.042,0.2983
416,740,51,MEDIUM,posting,0.0384,0.037,-0.011,0.13,0.37,0.6209
417,908,39,MEDIUM,posting,0.0156,0.01,-0.018,-0.334,-0.288,0.5423
418,187,23,SMALL,both,0.0106,0.008,-0.057,0.058,0.277,0.6725
419,140,18,SMALL,diag,0.0518,0.0917,0.011,0.253,0.464,0.5436
420,3092,38,LARGE,posting,0.0576,0.035,0.01,0.054,-0.065,0.8435
421,1053,10,LARGE,posting,0.0352,0.0856,-0.048,-0.023,0.273,0.4251
422,23,21,SMALL,posting,0.126,0.1498,-0.03,0.32,-0.005,0.3916
423,268,42,SMALL,posting,0.0149,0.0117,0.099,0.162,0.167,0.5199
424,98,53,SMALL,both,0.036,0.0429,0.134,0.112,0.322,0.5838
425,110,13,SMALL,diag,0.0184,0.021,-0.051,-0.271,0.094,0.4095
426,140,33,SMALL,diag,0.0628,0.0357,-0.027,0.043,0.085,0.6636
427,315,19,MEDIUM,diag,0.023,0.0139,0.039,-0.025,-0.212,0.5466
428,259,6,SMALL,both,0.0425,0.0646,-0.138,0.101,0.36,0.3817
429,72,22,SMALL,posting,0.0172,0.0231,0.363,0.873,0.325,0.842
430,91,20,SMALL,posting,0.0103,0.0106,0.023,0.24,-0.013,0.3725
431,31,30,SMALL,diag,0.002,0.0029,-0.081,0.192,0.095,0.2143
432,272,11,SMALL,diag,0.0206,0.031,-0.077,0.329,0.087,0.4198
433,403,17,MEDIUM,both,0.0652,0.0842,0.109,0.324,0.256,0.7827
434,774,12,MEDIUM,diag,0.0039,0.002,-0.111,-0.077,-0.14,0.5199
435,883,31,MEDIUM,posting,0.0326,0.0192,0.019,-0.265,-0.082,0.6062
436,334,19,MEDIUM,diag,0.0065,0.0055,0.062,-0.089,-0.217,0.8106
437,192,17,SMALL,diag,0.0336,0.0512,0.05,-0.226,-0.066,0.5103
438,3159,20,LARGE,diag,0.018,0.0445,0.178,0.566,0.123,0.8792
439,108,7,SMALL,both,0.0037,0.0037,-0.092,0.154,-0.225,0.1927
440,67,23,SMALL,diag,0.0029,0.002,0.14,-0.101,0.472,0.6699
441,181,49,SMALL,diag,0.0469,0.0651,0.158,0.228,-0.113,0.6673
442,372,24,MEDIUM,both,0.0096,0.0133,-0.064,0.343,0.277,0.5298
443,1325,25,LARGE,diag,0.0242,0.0207,-0.127,-0.1,0.009,0.4719
444,178,34,SMALL,both,0.0093,0.0146,-0.109,-0.567,0.36,0.3432
445,50,47,SMALL,both,0.007,0.0041,0.088,0.469,0.29,0.7526
446,672,16,MEDIUM,posting,0.0107,0.0115,0.019,0.118,0.01,0.6306
447,183,17,SMALL,diag,0.0052,0.0104,-0.186,-0.524,0.006,0.1118
448,93,32,SMALL,both,0.0193,0.0135,-0.025,0.118,0.241,0.5381
449,110,17,SMALL,posting,0.0186,0.016,0.071,0.165,0.03,0.4574
450,346,21,MEDIUM,both,0.0152,0.0139,-0.028,-0.371,-0.057,0.682
451,43,27,SMALL,diag,0.0159,0.0081,0.164,0.223,0.119,0.7948
452,1519,15,LARGE,posting,0.004,0.0026,-0.01,-0.29,0.03,0.6789
453,249,17,SMALL,diag,0.0142,0.0051,0.066,-0.36,0.327,0.7416
454,315,37,MEDIUM,diag,0.0256,0.0186,0.212,-0.04,0.288,0.8972
455,948,41,MEDIUM,diag,0.0282,0.0342,0.047,0.136,0.278,0.7296
456,131,16,SMALL,both,0.0263,0.0338,-0.018,-0.143,0.123,0.5516
457,320,17,MEDIUM,posting,0.0611,0.0578,0.099,-0.013,0.07,0.7494
458,272,18,SMALL,diag,0.102,0.1854,-0.055,-0.042,0.161,0.5277
459,507,41,MEDIUM,diag,0.0728,0.0672,-0.137,0.183,0.072,0.2941
460,4404,24,LARGE,diag,0.0602,0.0601,-0.002,0.414,0.175,0.8547
461,89,42,SMALL,both,0.002,0.005,-0.055,-0.212,-0.179,0.4119
462,277,19,SMALL,both,0.0054,0.0037,-0.279,-0.599,-0.276,0.1767
463,3065,13,LARGE,posting,0.0059,0.0047,0.076,-0.362,0.133,0.8323
464,111,40,SMALL,diag,0.0283,0.0264,-0.023,-0.024,-0.194,0.3949
465,1767,43,LARGE,both,0.0912,0.1266,0.054,0.087,-0.128,0.8647
466,327,27,MEDIUM,diag,0.0097,0.0077,0.011,0.2,-0.056,0.5145
467,930,15,MEDIUM,both,0.066,0.1599,0.081,-0.173,0.388,0.8366
468,555,8,MEDIUM,diag,0.0156,0.014,0.098,0.098,-0.065,0.8276
469,425,24,MEDIUM,diag,0.1084,0.1186,0.187,0.326,0.089,0.844
470,112,21,SMALL,posting,0.0234,0.0376,-0.016,0.505,0.087,0.3816
471,255,36,SMALL,diag,0.0294,0.0797,-0.038,-0.209,0.065,0.312
472,636,26,MEDIUM,posting,0.0062,0.0069,0.218,0.433,-0.154,0.89
473,196,40,SMALL,posting,0.0181,0.0184,0.054,0.187,-0.058,0.5934
474,91,6,SMALL,diag,0.0238,0.0325,0.063,-0.418,-0.273,0.4533
475,102,49,SMALL,both,0.0389,0.0262,0.103,0.009,-0.194,0.6093
476,1420,19,LARGE,diag,0.0526,0.0789,-0.019,0.284,-0.191,0.7463
477,1735,12,ETC,both,0.0299,0.0226,0.032,0.048,0.093,0.8921
478,136,10,SMALL,diag,0.0467,0.0506,-0.042,0.157,-0.335,0.5851
479,293,37,SMALL,diag,0.0445,0.0613,0.158,0.322,0.247,0.6446
480,1175,57,LARGE,diag,0.0226,0.0293,0.11,0.085,0.211,0.5918
481,414,8,MEDIUM,diag,0.002,0.0026,0.029,0.272,-0.232,0.6834
482,323,5,MEDIUM,diag,0.0208,0.0123,0.248,0.598,0.083,0.7685
483,591,18,MEDIUM,both,0.0289,0.0162,0.177,0.691,-0.268,0.9515
484,89,52,SMALL,diag,0.0127,0.009,-0.051,-0.231,0.191,0.294
485,141,13,SMALL,posting,0.0571,0.0404,-0.054,0.292,0.18,0.2538
486,696,11,MEDIUM,diag,0.0654,0.1003,0.057,0.12,0.206,0.6624
487,374,14,MEDIUM,diag,0.045,0.059,0.028,-0.422,-0.031,0.6127
488,499,3,MEDIUM,both,0.0246,0.0309,-0.083,0.213,0.154,0.6623
489,332,36,MEDIUM,diag,0.0528,0.0385,-0.058,-0.362,0.043,0.6001
490,73,23,SMALL,posting,0.0159,0.0143,-0.086,-0.256,0.444,0.2698
491,478,50,MEDIUM,diag,0.0494,0.0201,0.168,0.448,0.063,0.6986
492,1252,61,LARGE,diag,0.0196,0.0274,0.041,0.312,0.008,0.6896
493,530,4,MEDIUM,both,0.0157,0.0259,0.114,-0.037,-0.437,0.8892
494,672,17,MEDIUM,posting,0.0299,0.0397,-0.005,-0.338,0.217,0.4986
495,107,30,SMALL,diag,0.0037,0.0028,0.011,0.406,-0.102,0.3122
496,228,4,SMALL,both,0.0339,0.0129,-0.037,-0.113,0.208,0.8366
497,182,6,SMALL,diag,0.0399,0.0461,0.164,0.294,-0.171,0.7155
498,172,28,SMALL,diag,0.0401,0.0269,0.005,0.177,-0.066,0.585
499,152,7,SMALL,posting,0.002,0.002,-0.102,0.095,0.451,0.2672
500,576,34,MEDIUM,both,0.0578,0.0443,0.035,0.104,0.007,0.8243
501,552,23,MEDIUM,both,0.0059,0.0038,0.014,0.058,0.311,0.5343
502,761,49,MEDIUM,posting,0.0393,0.0256,0.163,0.201,-0.297,0.7688
503,2181,21,LARGE,both,0.0445,0.0699,0.17,0.327,-0.102,0.8956
504,364,14,MEDIUM,posting,0.0716,0.0636,0.009,-0.266,0.053,0.4015
505,503,21,MEDIUM,both,0.0537,0.0845,-0.043,-0.231,-0.078,0.7131
506,366,14,MEDIUM,both,0.014,0.016,0.051,-0.072,0.578,0.7923
507,51,26,SMALL,posting,0.0284,0.032,0.081,-0.177,0.176,0.582
508,94,13,ETC,diag,0.0239,0.0371,-0.022,-0.261,0.083,0.5737
509,503,19,MEDIUM,diag,0.0269,0.0275,0.032,0.098,0.194,0.6196
510,185,13,SMALL,diag,0.0284,0.0132,-0.024,0.142,-0.056,0.4555
511,284,46,SMALL,posting,0.0083,0.0054,-0.063,-0.44,0.04,0.2669
512,63,38,SMALL,both,0.0318,0.021,0.069,0.293,0.237,0.762
513,412,19,MEDIUM,diag,0.052,0.0685,0.214,0.254,-0.146,0.8763
514,217,13,SMALL,both,0.0915,0.1326,-0.039,0.127,0.135,0.6688
515,369,18,MEDIUM,diag,0.0427,0.0632,-0.022,-0.042,0.288,0.2531
516,371,11,MEDIUM,both,0.1704,0.1333,0.034,-0.022,0.148,0.9204
517,50,52,SMALL,posting,0.0155,0.0207,0.088,0.544,-0.258,0.4075
518,1010,36,LARGE,posting,0.039,0.0373,-0.021,0.005,0.251,0.5306
519,75,69,SMALL,diag,0.0037,0.0057,-0.082,-0.101,0.165,0.2736
520,216,45,SMALL,both,0.0264,0.0437,-0.042,-0.175,0.215,0.7678
521,181,12,SMALL,posting,0.021,0.0149,-0.065,-0.36,-0.288,0.3184
522,936,20,MEDIUM,posting,0.0695,0.0502,0.13,0.238,-0.03,0.893
523,339,31,MEDIUM,diag,0.0812,0.032,0.07,0.724,0.034,0.7647
524,866,8,MEDIUM,both,0.0089,0.0103,0.068,0.265,0.273,0.9365
525,376,16,MEDIUM,posting,0.0116,0.0083,-0.092,-0.035,0.198,0.4114
526,293,5,SMALL,diag,0.014,0.014,0.073,-0.353,-0.167,0.7791
527,124,31,SMALL,diag,0.0045,0.0091,0.097,0.11,-0.086,0.4672
528,179,25,SMALL,both,0.0229,0.0425,0.127,0.359,0.164,0.8224
529,313,27,MEDIUM,diag,0.0857,0.124,-0.154,-0.311,0.161,0.2202
530,399,17,MEDIUM,both,0.0191,0.0098,0.101,0.198,-0.328,0.8238
531,148,30,SMALL,diag,0.012,0.0109,0.282,0.719,0.122,0.7894
532,1416,29,LARGE,posting,0.0627,0.0756,-0.021,-0.264,0.226,0.6792
533,419,14,MEDIUM,posting,0.0515,0.0439,0.228,0.453,0.11,0.9721
534,89,21,SMALL,both,0.0347,0.018,0.2,0.516,-0.057,0.923
535,1545,12,LARGE,diag,0.0148,0.0264,0.019,0.273,0.04,0.6724
536,47,21,SMALL,both,0.1171,0.068,-0.038,-0.054,0.324,0.687
537,465,20,MEDIUM,posting,0.0385,0.066,-0.035,-0.156,0.187,0.3814
538,165,43,SMALL,diag,0.0319,0.0372,-0.106,-0.543,0.057,0.253
539,1699,17,LARGE,diag,0.0095,0.005,0.047,0.137,-0.181,0.7969
540,755,11,MEDIUM,diag,0.0555,0.0935,0.093,-0.179,-0.198,0.7248
541,84,19,SMALL,diag,0.0416,0.0345,-0.089,-0.067,-0.183,0.3074
542,910,6,MEDIUM,diag,0.1424,0.2714,0.074,-0.4,-0.007,0.6347
543,33,45,SMALL,both,0.0249,0.0246,-0.017,0.305,0.106,0.3986
544,754,5,MEDIUM,diag,0.0643,0.1961,0.099,0.104,0.009,0.8119
545,286,74,SMALL,both,0.0073,0.0064,-0.04,0.224,-0.037,0.5154
546,111,17,SMALL,diag,0.0082,0.0106,0.158,0.025,0.266,0.7943
547,887,41,MEDIUM,both,0.0127,0.018,0.058,0.361,0.118,0.8262
548,707,6,MEDIUM,posting,0.0317,0.0232,0.024,0.052,-0.146,0.6356
549,373,12,MEDIUM,diag,0.011,0.0061,0.051,-0.287,-0.365,0.5348
550,413,16,MEDIUM,diag,0.0241,0.0325,-0.07,-0.248,0.274,0.6467
551,470,30,MEDIUM,both,0.008,0.0098,-0.036,0.115,0.076,0.724
552,204,8,SMALL,both,0.0294,0.0388,-0.01,-0.208,0.361,0.8192
553,558,8,MEDIUM,diag,0.0526,0.027,-0.002,0.026,0.316,0.7486
554,39,53,SMALL,posting,0.028,0.0239,-0.035,-0.346,0.043,0.2889
555,7,43,SMALL,diag,0.0391,0.0616,0.131,0.185,0.372,0.27
556,502,40,MEDIUM,diag,0.0345,0.0317,0.048,-0.368,-0.52,0.4442
557,462,38,MEDIUM,diag,0.021,0.0344,0.07,0.084,-0.072,0.5412
558,144,13,SMALL,posting,0.053,0.085,0.08,0.26,-0.244,0.8191
559,92,14,SMALL,diag,0.0372,0.1185,-0.043,-0.099,-0.104,0.2319
560,1285,32,LARGE,diag,0.0469,0.0908,0.089,1.022,0.082,0.7505
561,171,51,SMALL,both,0.0305,0.0416,0.061,-0.104,0.133,0.6181
562,155,17,SMALL,both,0.013,0.0125,-0.043,0.074,0.341,0.8069
563,104,10,SMALL,posting,0.0306,0.0467,-0.047,0.064,0.026,0.3974
564,723,32,MEDIUM,posting,0.2051,0.3242,0.048,0.197,0.306,0.7672
565,26,25,ETC,both,0.0402,0.0416,0.115,0.125,-0.269,0.6166
566,244,22,SMALL,diag,0.0284,0.0588,-0.064,-0.35,0.107,0.4002
567,137,16,SMALL,both,0.0152,0.0295,-0.026,0.129,0.222,0.6535
568,256,27,SMALL,diag,0.05,0.0409,-0.011,-0.3,0.004,0.2431
569,626,26,MEDIUM,diag,0.0281,0.0341,-0.087,-0.456,0.078,0.4988
570,176,21,SMALL,diag,0.0306,0.0459,0.228,0.487,-0.012,0.7924
571,221,65,SMALL,diag,0.0398,0.0497,0.025,0.101,-0.242,0.3251
572,38,17,SMALL,posting,0.0285,0.0162,-0.088,-0.482,0.288,0.6132
573,164,6,SMALL,both,0.0388,0.0232,0.013,0.086,0.06,0.7826
574,94,47,SMALL,diag,0.0392,0.0479,-0.077,0.194,-0.228,0.2491
575,387,50,MEDIUM,both,0.0306,0.0223,0.07,0.461,0.036,0.8787
576,231,6,SMALL,diag,0.0317,0.0284,-0.044,-0.588,0.238,0.4073
577,185,40,SMALL,both,0.0885,0.0733,0.133,0.428,0.038,0.8368
578,356,31,MEDIUM,posting,0.0219,0.0127,-0.052,-0.098,-0.104,0.5515
579,111,37,SMALL,diag,0.0523,0.0516,0.037,0.25,-0.137,0.5584
580,86,19,SMALL,posting,0.0042,0.0021,-0.077,-0.597,-0.158,0.2542
581,17,31,SMALL,diag,0.1089,0.2667,-0.009,0.242,0.381,0.4131
582,276,12,SMALL,diag,0.0237,0.012,-0.114,-0.075,-0.31,0.2349
583,297,11,SMALL,posting,0.0466,0.0582,-0.082,0.022,0.132,0.3649
584,280,65,SMALL,diag,0.0469,0.0527,0.134,0.325,0.068,0.7627
585,157,19,SMALL,posting,0.0193,0.0228,0.155,0.045,0.105,0.8371
586,937,12,MEDIUM,both,0.0859,0.0571,-0.102,-0.079,-0.087,0.7923
587,130,6,SMALL,both,0.0357,0.0814,0.019,-0.225,0.282,0.8534
588,2113,35,LARGE,both,0.0336,0.0295,0.102,0.147,0.364,0.9471
589,216,57,SMALL,both,0.0403,0.0485,-0.122,-0.178,-0.079,0.5403
590,120,29,SMALL,posting,0.0176,0.0072,0.126,0.219,0.248,0.6605
591,192,30,SMALL,diag,0.185,0.3462,0.131,0.481,0.106,0.6765
592,272,15,SMALL,both,0.0481,0.0396,-0.051,0.059,0.207,0.7977
593,448,15,MEDIUM,both,0.0168,0.0215,0.168,0.608,-0.046,0.9159
594,2319,10,LARGE,posting,0.072,0.1151,0.087,-0.184,0.029,0.8493
595,343,25,MEDIUM,posting,0.0788,0.0604,-0.111,-0.767,0.014,0.5044
596,645,7,MEDIUM,both,0.0022,0.0028,0.072,0.19,0.049,0.8218
597,809,25,MEDIUM,posting,0.0418,0.0314,0.076,0.043,0.233,0.8273
598,477,24,MEDIUM,both,0.0512,0.0567,0.09,0.039,0.042,0.9116
599,2433,26,LARGE,posting,0.0345,0.0544,0.145,-0.091,0.206,0.7134
600,204,35,ETC,both,0.0229,0.0088,0.097,0.575,0.292,0.9187
601,148,10,SMALL,posting,0.0175,0.0235,-0.087,-0.322,0.157,0.2648
602,77,38,SMALL,diag,0.0062,0.002,-0.095,0.026,-0.108,0.3745
603,218,76,SMALL,posting,0.0212,0.0125,0.137,0.266,-0.124,0.6508
604,29,22,SMALL,diag,0.0048,0.0052,0.176,0.466,0.082,0.5099
605,584,13,MEDIUM,posting,0.0283,0.0278,-0.017,-0.292,0.131,0.5575
606,137,29,SMALL,both,0.0142,0.0162,0.04,0.022,0.152,0.5428
607,600,25,MEDIUM,diag,0.0253,0.0152,-0.079,-0.673,0.009,0.3331
608,436,15,MEDIUM,posting,0.0529,0.0624,0.055,0.353,-0.123,0.6714
609,79,32,SMALL,both,0.0794,0.084,0.185,0.289,0.043,0.8877
610,2966,6,LARGE,diag,0.0388,0.0189,0.067,0.313,-0.057,0.8611
611,127,77,SMALL,diag,0.002,0.002,0.205,0.32,-0.111,0.5089
612,116,30,SMALL,diag,0.0215,0.0216,0.251,-0.082,-0.292,0.7719
613,187,38,SMALL,diag,0.017,0.0113,0.144,0.458,0.058,0.7579
614,497,21,MEDIUM,both,0.0484,0.0947,0.282,0.504,0.505,0.9277
615,90,12,SMALL,posting,0.0349,0.016,0.07,-0.091,0.211,0.824
616,714,22,MEDIUM,both,0.0117,0.0138,0.036,0.163,0.15,0.882
617,343,38,ETC,posting,0.0379,0.0543,0.011,0.36,0.037,0.5418
618,241,45,SMALL,both,0.1075,0.1519,0.14,0.248,-0.214,0.9051
619,93,31,SMALL,posting,0.0503,0.0563,0.065,-0.2,0.25,0.3553
620,330,14,MEDIUM,posting,0.0203,0.0157,0.033,0.005,-0.442,0.6801
621,219,25,SMALL,diag,0.002,0.002,0.022,-0.279,0.263,0.3496
622,32,15,SMALL,both,0.0203,0.0154,-0.036,-0.177,-0.565,0.3723
623,414,6,MEDIUM,both,0.0507,0.0553,0.091,0.054,0.177,0.8348
624,105,15,SMALL,posting,0.0282,0.041,-0.047,-0.073,-0.059,0.3116
625,207,46,SMALL,both,0.0433,0.0501,-0.172,-0.385,0.515,0.451
626,111,24,SMALL,diag,0.045,0.0329,0.161,0.302,-0.173,0.8409
627,199,21,SMALL,posting,0.067,0.0276,-0.098,-0.096,-0.216,0.3807
628,176,43,SMALL,diag,0.0496,0.057,0.057,0.165,-0.14,0.2432
629,192,18,ETC,diag,0.0124,0.013,0.021,-0.015,0.241,0.5484
630,177,23,SMALL,diag,0.0142,0.0063,0.066,0.129,0.179,0.6578
631,138,18,SMALL,diag,0.0228,0.0238,-0.009,-0.256,-0.122,0.4214
632,883,17,MEDIUM,both,0.0955,0.0831,-0.008,-0.286,0.393,0.8431
633,474,13,MEDIUM,diag,0.0077,0.005,-0.029,0.075,-0.021,0.6664
634,521,17,MEDIUM,diag,0.005,0.0035,0.095,0.084,-0.238,0.5516
635,1225,14,LARGE,posting,0.0382,0.0377,0.054,-0.079,-0.022,0.829
636,160,68,SMALL,diag,0.0253,0.0167,0.252,0.459,0.265,0.8614
637,465,61,MEDIUM,both,0.0233,0.0391,-0.074,-0.283,-0.118,0.5397
638,159,22,SMALL,posting,0.087,0.1335,0.067,0.135,0.405,0.6755
639,113,26,SMALL,posting,0.0065,0.0065,0.256,0.97,0.193,0.8332
640,1215,25,LARGE,diag,0.011,0.015,0.097,0.374,0.069,0.701
641,112,11,SMALL,diag,0.1175,0.1115,-0.05,-0.233,-0.052,0.5807
642,4377,13,LARGE,both,0.0131,0.0215,0.064,0.198,0.268,0.8327
643,3933,10,LARGE,both,0.0205,0.0506,0.153,0.159,0.142,0.9316
644,27,14,SMALL,posting,0.0122,0.0118,0.124,0.394,0.565,0.4411
645,790,24,MEDIUM,diag,0.0414,0.0468,0.085,0.355,0.16,0.5274
646,114,9,SMALL,posting,0.1253,0.0989,-0.028,0.11,-0.332,0.6206
647,540,48,MEDIUM,both,0.0637,0.0289,0.039,0.369,-0.483,0.874
648,356,51,MEDIUM,posting,0.0506,0.0452,-0.082,-0.162,0.088,0.1768
649,18,12,SMALL,posting,0.0289,0.057,0.088,0.297,0.038,0.3302
650,327,30,MEDIUM,diag,0.0174,0.0391,-0.022,-0.161,-0.057,0.3639
651,1240,23,LARGE,diag,0.0774,0.0351,0.067,-0.202,-0.538,0.8393
652,383,86,MEDIUM,both,0.0505,0.0765,0.046,0.233,0.066,0.5929
653,2331,26,LARGE,posting,0.0149,0.0316,0.152,-0.121,-0.269,0.7915
654,132,36,SMALL,both,0.0581,0.0533,0.027,0.198,-0.447,0.8216
655,2379,16,LARGE,diag,0.0289,0.0333,0.047,0.156,-0.231,0.8371
656,289,26,SMALL,diag,0.0273,0.0146,0.048,0.245,0.161,0.7382
657,69,16,SMALL,diag,0.0502,0.0686,0.131,0.216,-0.017,0.7786
658,541,16,MEDIUM,diag,0.0158,0.0113,-0.048,-0.349,-0.018,0.3751
659,1948,32,LARGE,diag,0.1147,0.1937,-0.019,-0.069,-0.098,0.5809
660,365,38,MEDIUM,posting,0.0159,0.0172,0.233,0.515,-0.152,0.8119
661,382,35,MEDIUM,both,0.0657,0.0391,-0.041,-0.194,0.382,0.6963
662,336,32,MEDIUM,posting,0.0329,0.026,0.07,0.373,0.181,0.678
663,27,67,SMALL,posting,0.0331,0.0377,-0.036,0.57,-0.021,0.1362
664,2802,23,LARGE,both,0.0207,0.0123,-0.216,-0.138,-0.248,0.5275
665,2435,46,LARGE,diag,0.0077,0.0056,0.006,0.293,-0.184,0.3964
666,1560,5,LARGE,both,0.0372,0.0542,0.057,-0.312,-0.116,0.9148
667,482,10,MEDIUM,both,0.0114,0.0086,0.062,0.088,0.213,0.9254
668,336,9,MEDIUM,diag,0.0294,0.0482,0.019,-0.441,0.375,0.6768
669,212,27,SMALL,diag,0.0199,0.0335,-0.214,-0.588,-0.135,0.1221
670,1715,24,LARGE,diag,0.0242,0.0183,-0.001,-0.378,0.179,0.5724
671,745,38,MEDIUM,both,0.0908,0.1091,0.051,0.199,0.092,0.671
672,84,18,SMALL,both,0.0404,0.0259,0.229,0.275,0.13,0.8663
673,180,48,SMALL,diag,0.0629,0.0475,-0.046,-0.22,0.123,0.3485
674,444,48,MEDIUM,both,0.0377,0.0839,-0.04,-0.209,-0.249,0.7059
675,164,37,SMALL,both,0.0172,0.0339,-0.038,-0.095,0.085,0.6632
676,652,26,MEDIUM,both,0.024,0.0216,-0.039,-0.31,-0.144,0.608
677,2770,3,LARGE,both,0.0021,0.002,0.138,0.287,0.218,0.9196
678,2729,42,LARGE,posting,0.0136,0.0119,0.024,-0.033,0.065,0.6648
679,651,18,MEDIUM,diag,0.0277,0.0265,0.151,-0.009,-0.044,0.8359
680,113,43,SMALL,diag,0.0219,0.0156,-0.048,-0.062,0.273,0.3837
681,889,24,MEDIUM,diag,0.0203,0.0186,0.05,-0.358,-0.175,0.7646
682,79,12,ETC,diag,0.0794,0.0644,-0.085,-0.032,-0.16,0.3855
683,176,16,SMALL,posting,0.0568,0.0646,0.041,-0.148,0.164,0.7598
684,142,33,SMALL,both,0.0467,0.0652,0.155,0.626,-0.062,0.8907
685,235,15,SMALL,diag,0.0277,0.0259,0.105,-0.205,-0.434,0.6907
686,433,17,MEDIUM,posting,0.0402,0.0181,-0.043,0.102,-0.13,0.8582
687,995,9,MEDIUM,posting,0.0412,0.0571,0.09,0.255,0.12,0.7346
688,428,16,MEDIUM,diag,0.0376,0.032,0.022,0.141,0.168,0.5853
689,50,49,SMALL,posting,0.0253,0.0196,0.084,-0.119,0.186,0.4365
690,603,129,MEDIUM,posting,0.0598,0.0508,-0.024,-0.103,-0.053,0.2405
691,736,22,MEDIUM,both,0.0162,0.0116,-0.127,-0.32,-0.232,0.8004
692,766,62,MEDIUM,diag,0.0174,0.0214,-0.055,-0.317,-0.372,0.3238
693,145,12,SMALL,diag,0.0337,0.0145,-0.07,-0.229,-0.031,0.7253
694,252,24,SMALL,posting,0.0109,0.0089,-0.165,-0.271,0.191,0.3402
695,186,30,SMALL,diag,0.0317,0.0308,-0.003,-0.02,0.25,0.3074
696,794,26,MEDIUM,both,0.0061,0.0064,0.02,-0.036,-0.317,0.478
697,39,50,SMALL,both,0.0185,0.0302,-0.029,-0.234,0.36,0.2621
698,180,22,SMALL,both,0.0199,0.01,0.247,-0.079,0.293,0.8928
699,1340,5,LARGE,diag,0.005,0.0121,0.026,-0.099,0.074,0.5938
700,179,28,SMALL,both,0.0175,0.013,0.141,0.342,0.001,0.8038
701,1350,36,LARGE,posting,0.0254,0.0088,-0.057,-0.402,0.246,0.5453
702,744,12,MEDIUM,both,0.0628,0.0963,-0.039,-0.202,-0.08,0.7019
703,37,21,SMALL,posting,0.0226,0.0346,-0.096,-0.339,0.415,0.2237
704,115,39,SMALL,diag,0.1191,0.1598,-0.061,0.029,0.181,0.2451
705,2526,17,LARGE,both,0.055,0.0308,0.006,0.183,0.31,0.9207
706,45,22,SMALL,both,0.002,0.002,-0.007,-0.041,-0.123,0.4331
707,153,6,SMALL,both,0.077,0.0688,-0.057,-0.336,0.135,0.6303
708,337,8,MEDIUM,diag,0.0308,0.0373,-0.079,0.157,0.526,0.1812
709,401,11,ETC,diag,0.0121,0.0116,0.064,0.188,-0.237,0.7863
710,1839,22,ETC,posting,0.0316,0.0172,0.007,-0.648,0.038,0.6873
711,102,22,SMALL,posting,0.0154,0.0188,0.069,0.15,0.379,0.4573
712,345,36,MEDIUM,posting,0.0098,0.0093,0.052,-0.055,0.143,0.5634
713,696,21,MEDIUM,diag,0.0042,0.003,0.141,-0.065,0.076,0.6493
714,212,53,SMALL,both,0.0168,0.0208,-0.176,-0.451,-0.047,0.3562
715,110,34,SMALL,posting,0.0195,0.0116,0.062,0.131,0.238,0.4201
716,179,13,SMALL,diag,0.0337,0.0273,-0.171,-0.181,0.342,0.2839
717,78,23,SMALL,diag,0.0806,0.0618,0.13,0.145,0.276,0.6551
718,294,4,SMALL,both,0.0685,0.0766,0.047,0.193,0.129,0.8437
719,988,39,MEDIUM,diag,0.0664,0.0786,0.025,-0.331,0.273,0.7016
720,169,17,SMALL,diag,0.0464,0.0249,0.005,-0.099,-0.013,0.453
721,624,14,MEDIUM,both,0.0111,0.0097,0.03,0.385,0.165,0.8696
722,32,27,SMALL,diag,0.017,0.0109,-0.196,-0.727,0.088,0.084
723,38,28,SMALL,diag,0.0557,0.0505,-0.027,-0.203,0.744,0.4512
724,1177,23,LARGE,posting,0.0299,0.054,-0.077,0.085,0.385,0.3499
725,244,9,SMALL,both,0.0389,0.0709,0.047,-0.162,-0.019,0.8948
726,476,29,MEDIUM,both,0.1269,0.2869,-0.081,0.019,0.287,0.3981
727,57,25,SMALL,diag,0.0492,0.0628,-0.097,-0.285,-0.044,0.3438
728,103,14,SMALL,posting,0.1087,0.129,0.049,0.278,0.323,0.4607
729,1084,7,LARGE,both,0.031,0.0431,0.044,0.353,0.181,0.8741
730,281,15,SMALL,diag,0.0352,0.0711,-0.004,0.009,0.059,0.5643
731,598,14,MEDIUM,posting,0.0818,0.0772,0.011,0.007,0.071,0.8496
732,303,24,ETC,both,0.0128,0.0093,0.134,0.165,0.197,0.6634
733,1075,9,LARGE,both,0.0216,0.0169,0.022,-0.122,0.307,0.8412
734,160,14,SMALL,both,0.0061,0.0069,-0.001,-0.006,-0.291,0.8128
735,23,28,ETC,both,0.0456,0.101,0.035,-0.165,-0.287,0.5743
736,102,42,SMALL,diag,0.0309,0.0284,0.128,0.457,-0.202,0.5927
737,541,30,MEDIUM,diag,0.0331,0.0462,-0.056,-0.038,-0.099,0.5178
738,394,23,MEDIUM,diag,0.0096,0.0239,0.224,0.25,-0.138,0.8266
739,220,11,SMALL,both,0.0335,0.0593,0.165,0.063,0.22,0.8255
740,1085,19,LARGE,both,0.0354,0.0444,-0.044,0.362,0.016,0.8435
741,151,80,SMALL,both,0.0061,0.0168,0.1,0.595,0.323,0.6802
742,81,34,SMALL,diag,0.0398,0.0403,0.195,0.287,0.167,0.792
743,773,42,MEDIUM,both,0.002,0.0022,0.07,0.328,-0.178,0.7532
744,137,31,SMALL,both,0.003,0.0025,-0.083,-0.207,-0.096,0.5718
745,382,17,MEDIUM,diag,0.0356,0.0416,-0.033,-0.051,-0.351,0.3758
746,59,20,SMALL,both,0.0435,0.0761,0.009,0.229,-0.065,0.6783
747,57,55,SMALL,posting,0.0416,0.0456,0.153,0.079,0.002,0.6569
748,142,9,ETC,both,0.0791,0.0963,-0.09,-0.372,0.429,0.5897
749,3414,75,LARGE,both,0.0325,0.021,-0.014,0.284,0.158,0.779
750,498,20,MEDIUM,diag,0.0177,0.0307,-0.124,-0.663,0.125,0.2692
751,217,30,SMALL,posting,0.0175,0.0138,0.06,0.151,-0.022,0.6851
752,188,29,SMALL,both,0.0612,0.1194,-0.1,-0.085,0.042,0.5308
753,384,20,MEDIUM,both,0.1013,0.0696,-0.071,-0.301,0.067,0.5834
754,346,3,MEDIUM,posting,0.0288,0.0071,0.176,0.719,0.21,0.9114
755,657,26,MEDIUM,diag,0.0128,0.0102,-0.12,0.057,0.006,0.3039
756,2824,50,LARGE,diag,0.0745,0.0861,0.067,0.786,-0.028,0.7942
757,208,15,SMALL,posting,0.0741,0.0314,0.067,0.392,0.255,0.659
758,5564,26,LARGE,diag,0.0195,0.0117,-0.046,0.453,0.002,0.8077
759,36,46,SMALL,both,0.0109,0.0097,0.01,-0.255,0.332,0.4182
760,382,36,MEDIUM,posting,0.002,0.002,0.113,0.4,0.585,0.7359
761,134,68,SMALL,posting,0.0299,0.0386,-0.146,-0.099,0.361,0.0682
762,534,29,MEDIUM,diag,0.084,0.1098,-0.095,0.254,0.144,0.3955
763,68,7,SMALL,posting,0.075,0.0454,-0.038,0.05,0.206,0.6196
764,120,5,SMALL,both,0.0232,0.0273,0.165,0.66,-0.508,0.8395
765,310,4,MEDIUM,both,0.0065,0.0072,-0.144,-0.093,-0.057,0.4166
766,66,20,SMALL,diag,0.0127,0.0106,0.051,0.458,0.035,0.6088
767,9570,24,LARGE,posting,0.0552,0.1274,0.109,-0.021,0.209,0.8992
768,1085,3,LARGE,both,0.0217,0.0422,0.173,0.21,-0.137,0.9575
769,746,18,MEDIUM,posting,0.0532,0.0384,0.042,-0.186,-0.028,0.718
770,463,9,MEDIUM,both,0.0221,0.0195,0.077,-0.169,0.318,0.7347
771,525,7,MEDIUM,diag,0.0987,0.1215,-0.064,-0.235,0.193,0.5641
772,255,10,SMALL,diag,0.0621,0.0695,-0.072,0.03,0.107,0.8019
773,396,20,MEDIUM,diag,0.054,0.0614,0.027,0.048,0.025,0.8005
774,231,20,SMALL,posting,0.0199,0.0408,-0.055,-0.209,0.185,0.1785
775,94,61,SMALL,posting,0.0298,0.0363,-0.008,-0.143,0.516,0.252
776,244,29,SMALL,diag,0.0887,0.1334,0.113,0.124,0.034,0.7208
777,1496,9,LARGE,diag,0.0088,0.0138,0.074,0.086,0.141,0.8182
778,431,13,MEDIUM,both,0.0896,0.056,-0.128,-0.087,0.395,0.6103
779,1830,25,LARGE,posting,0.0282,0.0471,-0.014,0.131,-0.012,0.5979
780,923,12,MEDIUM,diag,0.0765,0.075,0.175,-0.14,0.057,0.8713
781,3743,27,LARGE,both,0.0622,0.0544,-0.018,0.154,-0.04,0.8471
782,388,9,MEDIUM,diag,0.0152,0.0086,0.021,0.203,-0.32,0.5559
783,365,68,MEDIUM,both,0.0844,0.3752,0.018,0.123,0.167,0.5177
784,192,31,ETC,both,0.0726,0.103,0.164,0.347,0.513,0.9104
785,1170,19,LARGE,posting,0.0209,0.0133,0.175,0.612,-0.103,0.9035
786,189,23,SMALL,posting,0.0115,0.0108,0.032,0.069,0.184,0.7143
787,622,28,MEDIUM,diag,0.0134,0.0106,-0.071,-0.223,0.076,0.196
788,46,21,SMALL,both,0.021,0.0389,0.054,-0.1,0.033,0.5832
789,182,47,SMALL,both,0.0588,0.0429,0.044,-0.02,0.077,0.6785
790,1491,42,LARGE,diag,0.0388,0.0885,0.091,0.257,0.187,0.7016
791,541,17,MEDIUM,diag,0.0042,0.0042,-0.054,-0.067,-0.262,0.3689
792,1356,35,LARGE,diag,0.0221,0.0289,-0.023,-0.148,0.252,0.6844
793,172,19,SMALL,diag,0.0076,0.0026,-0.179,-0.606,0.257,0.1043
794,237,31,SMALL,both,0.0316,0.0173,0.022,0.187,0.129,0.8212
795,47,24,ETC,diag,0.0372,0.0484,-0.065,0.101,0.206,0.3112
796,300,21,MEDIUM,both,0.0099,0.0111,0.025,0.115,-0.014,0.7791
797,757,16,MEDIUM,posting,0.0251,0.0254,-0.076,-0.606,0.168,0.5819
798,236,18,SMALL,both,0.074,0.0864,0.21,0.418,-0.063,0.9279
799,337,10,MEDIUM,diag,0.0536,0.0473,-0.089,0.06,0.064,0.4965
800,106,21,SMALL,diag,0.0268,0.0257,0.164,0.109,-0.016,0.6866
801,118,49,SMALL,diag,0.0239,0.0269,0.157,0.021,-0.005,0.6802
802,305,7,MEDIUM,posting,0.0076,0.0061,0.133,0.375,0.014,0.6768
803,715,18,MEDIUM,diag,0.0538,0.0335,0.141,0.285,0.022,0.7912
804,202,31,SMALL,both,0.0897,0.07,0.057,0.457,0.277,0.828
805,660,31,MEDIUM,diag,0.0281,0.0273,-0.175,-0.014,-0.297,0.2323
806,1089,17,LARGE,posting,0.1072,0.0511,0.005,0.025,-0.268,0.8784
807,178,43,SMALL,posting,0.023,0.0215,0.026,0.237,0.105,0.629
808,84,26,ETC,diag,0.0217,0.0362,-0.111,-0.329,0.268,0.253
809,25,18,SMALL,both,0.0648,0.053,0.057,0.454,0.087,0.8453
810,396,8,MEDIUM,both,0.0782,0.0799,0.075,0.135,-0.003,0.8898
811,134,4,SMALL,both,0.098,0.129,-0.026,-0.134,0.505,0.7442
812,332,96,MEDIUM,posting,0.0313,0.025,-0.053,0.213,0.075,0.1523
813,143,26,SMALL,both,0.0227,0.0259,0.09,0.021,-0.136,0.8363
814,228,7,SMALL,both,0.027,0.0144,0.032,-0.458,0.009,0.8086
815,459,14,MEDIUM,both,0.016,0.0174,-0.028,0.003,0.231,0.6407
816,201,15,SMALL,posting,0.0865,0.0627,-0.14,-0.329,0.042,0.4246
817,930,5,MEDIUM,diag,0.0928,0.0688,-0.016,-0.297,-0.136,0.6466
818,126,24,SMALL,posting,0.0215,0.0173,0.105,0.188,0.247,0.6985
819,149,13,SMALL,posting,0.0233,0.0185,-0.031,0.252,0.11,0.5349
820,191,6,SMALL,both,0.0289,0.0504,0.11,0.589,0.264,0.8961
821,483,51,MEDIUM,both,0.0111,0.0132,0.156,0.114,0.042,0.8539
822,90,67,SMALL,both,0.0607,0.0456,0.052,0.249,-0.133,0.5877
823,1065,3,LARGE,posting,0.0449,0.0739,0.021,0.008,0.161,0.6351
824,42,27,SMALL,both,0.0665,0.0843,0.054,-0.188,0.237,0.6612
825,247,4,SMALL,posting,0.0366,0.0344,0.015,-0.348,0.543,0.6263
826,439,19,MEDIUM,posting,0.0326,0.0238,-0.082,-0.017,0.448,0.4559
827,57,43,SMALL,posting,0.0212,0.0164,0.112,-0.127,0.185,0.6424
828,449,64,MEDIUM,both,0.0156,0.0093,-0.07,-0.022,0.03,0.5867
829,747,31,MEDIUM,both,0.0171,0.0197,0.034,0.455,-0.377,0.8741
830,388,15,MEDIUM,posting,0.0821,0.1096,0.122,0.403,0.089,0.8444
831,278,19,SMALL,both,0.0134,0.0102,-0.065,-0.005,-0.006,0.5395
832,272,16,SMALL,both,0.0701,0.0892,0.103,0.519,0.036,0.8329
833,293,13,SMALL,both,0.0218,0.028,-0.015,-0.151,-0.09,0.7311
834,857,43,MEDIUM,both,0.0336,0.0429,0.063,0.131,-0.143,0.7865
835,224,39,SMALL,posting,0.0383,0.0731,0.129,0.4,-0.366,0.5111
836,174,19,SMALL,diag,0.0121,0.0149,0.128,0.22,-0.033,0.7511
837,781,44,MEDIUM,posting,0.0067,0.0093,-0.162,-0.073,-0.097,0.1278
838,576,42,MEDIUM,posting,0.0164,0.0165,0.018,-0.182,0.231,0.4514
839,957,44,MEDIUM,diag,0.0147,0.0075,0.154,-0.052,-0.036,0.7886
840,86,18,SMALL,both,0.0084,0.0122,0.168,0.269,-0.046,0.7404
841,1025,27,LARGE,both,0.1098,0.1064,0.08,-0.047,-0.02,0.904
842,248,58,SMALL,both,0.0307,0.0503,-0.159,-0.417,0.087,0.326
843,108,25,SMALL,diag,0.0273,0.0146,0.002,-0.113,0.083,0.4203
844,698,32,ETC,both,0.0209,0.0356,0.002,-0.254,0.282,0.7312
845,433,39,MEDIUM,both,0.0313,0.0254,0.153,0.186,-0.079,0.8201
846,91,7,SMALL,posting,0.1191,0.1374,0.059,0.309,0.558,0.744
847,232,30,SMALL,diag,0.0733,0.0891,0.026,-0.317,-0.09,0.5297
848,606,20,MEDIUM,both,0.0089,0.0203,-0.047,0.06,-0.071,0.6177
849,43,59,SMALL,posting,0.1405,0.2764,-0.032,-0.186,0.493,0.2791
850,547,8,MEDIUM,both,0.0028,0.0057,0.148,0.405,0.181,0.7846
851,238,30,SMALL,both,0.0153,0.014,0.035,0.112,-0.156,0.6233
852,529,9,MEDIUM,diag,0.0282,0.0221,-0.082,0.131,-0.049,0.5725
853,26,14,SMALL,posting,0.0107,0.0214,0.073,0.518,0.042,0.4314
854,1740,2,LARGE,diag,0.0709,0.1227,0.062,0.281,0.029,0.8185
855,153,16,SMALL,diag,0.0297,0.0262,0.149,0.08,0.223,0.7578
856,158,25,SMALL,diag,0.1346,0.256,0.271,0.195,-0.085,0.9132
857,230,9,SMALL,posting,0.0305,0.0398,-0.057,-0.602,0.021,0.5236
858,549,12,MEDIUM,both,0.0201,0.0299,0.09,0.022,-0.03,0.9307
859,257,20,SMALL,diag,0.0172,0.0097,0.054,-0.169,0.152,0.7126
860,1658,43,LARGE,both,0.016,0.012,0.098,0.008,0.278,0.8884
861,232,6,SMALL,posting,0.0811,0.1526,0.128,0.552,0.124,0.8059
862,1832,37,LARGE,diag,0.0174,0.0579,-0.136,0.224,-0.075,0.0741
863,240,20,ETC,diag,0.0042,0.0032,-0.088,-0.077,-0.021,0.223
864,302,23,MEDIUM,posting,0.0852,0.06,0.077,0.082,0.293,0.6705
865,52,47,SMALL,diag,0.0716,0.0428,0.103,0.039,0.172,0.6671
866,124,66,SMALL,both,0.0124,0.012,0.081,0.749,-0.257,0.7673
867,415,10,MEDIUM,both,0.0442,0.0351,0.197,0.775,-0.217,0.9516
868,61,70,SMALL,diag,0.0577,0.0863,0.265,0.766,-0.308,0.7587
869,1924,10,LARGE,both,0.0475,0.038,0.076,0.07,0.079,0.9491
870,380,29,MEDIUM,diag,0.0482,0.0644,-0.018,0.462,0.032,0.4807
871,203,54,SMALL,diag,0.0481,0.0414,0.052,-0.208,-0.002,0.5477
872,272,37,SMALL,diag,0.0188,0.0188,0.288,0.222,-0.004,0.9388
873,1892,18,LARGE,diag,0.0463,0.1032,0.048,0.291,0.384,0.6952
874,709,21,MEDIUM,diag,0.0325,0.0452,0.119,0.178,-0.045,0.691
875,37,14,SMALL,both,0.0254,0.0337,-0.075,-0.122,0.228,0.4587
876,189,12,SMALL,diag,0.0198,0.0103,-0.069,-0.082,0.282,0.4594
877,824,24,MEDIUM,diag,0.0225,0.0132,0.088,0.039,0.166,0.8127
878,118,7,SMALL,posting,0.0431,0.0652,-0.051,-0.258,0.118,0.4474
879,445,51,MEDIUM,posting,0.022,0.0209,0.098,0.437,-0.331,0.6699
880,25,32,SMALL,both,0.0202,0.0199,-0.029,0.293,-0.001,0.2674
881,157,27,SMALL,both,0.0094,0.009,0.017,0.041,0.082,0.7643
882,339,30,MEDIUM,both,0.0118,0.0183,-0.021,-0.37,0.156,0.7272
883,667,36,MEDIUM,posting,0.0105,0.0212,0.115,0.177,0.061,0.5004
884,176,99,SMALL,diag,0.0349,0.1296,0.123,0.557,0.359,0.31
885,831,56,MEDIUM,diag,0.0126,0.0137,-0.018,0.029,-0.141,0.4269
886,58,7,SMALL,diag,0.0602,0.0919,-0.082,-0.004,-0.035,0.1246
887,244,16,SMALL,both,0.0097,0.0084,0.052,0.392,0.004,0.8515
888,367,25,MEDIUM,posting,0.0369,0.0523,0.004,-0.12,0.368,0.5007
889,53,30,SMALL,both,0.0714,0.1317,0.08,0.277,-0.006,0.6698
890,1244,10,ETC,diag,0.0203,0.0233,0.083,0.01,0.303,0.6905
891,414,49,MEDIUM,posting,0.0285,0.0529,0.069,0.379,0.389,0.5744
892,89,26,SMALL,both,0.0428,0.0545,0.115,0.47,0.328,0.7095
893,551,6,MEDIUM,posting,0.0123,0.0229,-0.011,-0.265,0.205,0.4466
894,119,32,SMALL,posting,0.0188,0.0157,0.043,0.166,-0.002,0.5903
895,146,41,SMALL,both,0.0335,0.0455,-0.005,0.03,0.06,0.3472
896,66,22,SMALL,diag,0.0514,0.0411,-0.234,-0.9,0.168,0.1122
897,202,20,SMALL,both,0.083,0.0684,-0.081,-0.698,-0.131,0.5433
898,27,2,SMALL,diag,0.0974,0.1052,0.056,0.42,0.302,0.5408
899,380,49,MEDIUM,posting,0.0106,0.0058,-0.013,-0.009,0.097,0.5478
900,2301,8,LARGE,both,0.0124,0.0119,0.081,0.515,0.381,0.9006
901,184,53,SMALL,posting,0.0183,0.0155,0.06,-0.037,-0.098,0.4336
902,24,14,SMALL,diag,0.0774,0.0633,-0.043,-0.32,-0.222,0.3281
903,177,19,SMALL,both,0.0347,0.0319,-0.013,0.004,-0.229,0.7673
904,278,82,SMALL,posting,0.0217,0.0112,0.063,0.123,0.059,0.423
905,355,5,MEDIUM,posting,0.0734,0.0618,-0.108,-0.458,0.282,0.6376
906,279,22,SMALL,posting,0.0048,0.0054,0.047,-0.22,-0.593,0.4278
907,1601,6,LARGE,diag,0.0393,0.0258,-0.038,-0.233,-0.074,0.7245
908,244,28,SMALL,diag,0.0637,0.0546,-0.164,-0.899,0.285,0.1367
909,194,52,SMALL,diag,0.0191,0.0153,-0.022,0.28,0.353,0.5582
910,440,18,MEDIUM,both,0.0479,0.0495,-0.244,-0.391,-0.097,0.3161
911,489,9,MEDIUM,posting,0.0546,0.1654,0.154,0.183,0.112,0.794
912,237,17,SMALL,both,0.0378,0.0422,-0.048,0.144,0.16,0.5388
913,229,6,SMALL,posting,0.0122,0.012,0.026,0.221,-0.208,0.4998
914,146,16,SMALL,posting,0.042,0.0421,-0.081,-0.522,0.174,0.4448
915,669,43,MEDIUM,both,0.0653,0.0374,-0.076,-0.048,-0.477,0.6357
916,54,12,SMALL,diag,0.0201,0.0089,-0.055,-0.168,0.243,0.356
917,341,23,MEDIUM,posting,0.0561,0.0892,0.118,0.246,0.445,0.645
918,796,17,MEDIUM,posting,0.0349,0.0243,0.061,0.356,0.225,0.814
919,282,16,SMALL,posting,0.0432,0.0196,-0.093,-0.203,0.211,0.3532
920,44,13,SMALL,diag,0.0113,0.0086,-0.039,-0.355,0.205,0.31
921,250,41,SMALL,both,0.0114,0.009,0.152,0.148,-0.097,0.8172
922,667,48,MEDIUM,diag,0.1163,0.117,0.168,0.536,0.012,0.8269
923,385,25,MEDIUM,diag,0.0062,0.0039,0.008,0.628,0.197,0.4475
924,91,45,SMALL,posting,0.0619,0.0591,-0.034,-0.117,0.123,0.2419
925,3706,2,LARGE,posting,0.0096,0.0152,-0.012,0.258,0.101,0.5616
926,835,11,MEDIUM,diag,0.0039,0.002,0.156,0.114,-0.098,0.8417
927,355,12,MEDIUM,diag,0.0093,0.0046,0.094,-0.02,0.176,0.7007
928,6336,17,LARGE,both,0.0319,0.0424,-0.1,-0.012,-0.262,0.6336
929,217,27,SMALL,both,0.0726,0.0312,0.029,-0.052,0.334,0.914
930,57,12,SMALL,diag,0.0281,0.0368,0.046,-0.098,-0.145,0.2665
931,250,10,SMALL,diag,0.0487,0.0266,-0.086,-0.691,0.39,0.8112
932,323,19,MEDIUM,diag,0.0391,0.0803,0.136,0.264,-0.044,0.8081
933,53,12,SMALL,diag,0.0501,0.0503,0.113,0.014,0.231,0.5396
934,642,51,MEDIUM,diag,0.0066,0.007,-0.063,0.019,0.066,0.4068
935,887,11,MEDIUM,diag,0.1453,0.1035,0.119,0.028,0.33,0.877
936,63,39,SMALL,diag,0.0392,0.0977,0.077,-0.095,-0.158,0.4479
937,147,9,SMALL,posting,0.0774,0.039,0.027,0.058,0.37,0.7425
938,78,9,SMALL,posting,0.0231,0.0334,0.022,-0.048,0.137,0.3193
939,71,60,SMALL,diag,0.009,0.0099,-0.055,-0.31,0.056,0.2465
940,487,15,MEDIUM,posting,0.027,0.0115,0.14,0.254,0.136,0.9584
941,331,10,MEDIUM,both,0.0345,0.0427,0.122,0.271,0.107,0.9047
942,235,33,SMALL,both,0.0352,0.0582,0.213,0.578,0.344,0.8758
943,421,17,MEDIUM,both,0.0127,0.0077,-0.041,0.16,0.332,0.4276
944,196,11,SMALL,diag,0.0459,0.0482,-0.01,-0.181,0.158,0.4897
945,146,81,SMALL,both,0.1013,0.1465,0.082,0.01,0.252,0.4668
946,193,9,SMALL,posting,0.0115,0.0095,-0.089,-0.271,0.021,0.2533
947,228,12,SMALL,both,0.0213,0.0129,-0.059,-0.662,0.195,0.731
948,306,11,MEDIUM,diag,0.0028,0.0028,-0.082,0.072,0.486,0.236
949,526,7,ETC,diag,0.016,0.0127,0.023,0.299,0.149,0.7582
950,134,35,SMALL,posting,0.0719,0.0812,0.046,0.042,0.151,0.6335
951,217,3,SMALL,both,0.0053,0.0023,-0.136,-0.303,-0.017,0.6065
952,159,12,SMALL,posting,0.031,0.0356,0.016,0.218,-0.331,0.5182
953,151,9,SMALL,both,0.0282,0.0373,0.106,0.074,-0.057,0.5956
954,715,24,MEDIUM,posting,0.0109,0.0081,0.026,0.208,0.179,0.616
955,137,39,SMALL,both,0.0473,0.0511,0.071,0.194,-0.041,0.7087
956,253,12,SMALL,diag,0.0271,0.0166,0.177,0.483,0.098,0.8751
957,97,13,SMALL,diag,0.0362,0.0278,0.009,-0.067,0.197,0.7441
958,650,34,MEDIUM,diag,0.0211,0.0189,0.075,0.349,-0.341,0.7447
959,1007,40,LARGE,posting,0.0274,0.0187,-0.066,-0.665,-0.014,0.589
960,362,20,MEDIUM,posting,0.0134,0.01,0.146,-0.089,0.137,0.9005
961,2525,37,LARGE,posting,0.0435,0.0436,0.124,0.553,0.252,0.844
962,29,12,SMALL,diag,0.1625,0.0872,-0.002,-0.036,0.308,0.5382
963,140,15,SMALL,both,0.0196,0.0239,-0.082,-0.473,0.159,0.5225
964,617,27,MEDIUM,posting,0.0287,0.0412,0.003,-0.18,0.186,0.5722
965,54,77,SMALL,posting,0.0293,0.0431,0.005,0.08,0.117,0.2617
966,249,16,SMALL,both,0.0258,0.0341,0.015,-0.033,0.17,0.5732
967,324,22,MEDIUM,diag,0.115,0.1719,0.097,0.328,0.12,0.6106
968,228,28,SMALL,posting,0.0189,0.0539,0.132,0.043,0.871,0.5927
969,285,26,SMALL,diag,0.018,0.0503,-0.011,0.425,0.057,0.3026
970,764,5,MEDIUM,diag,0.0109,0.0055,-0.11,-0.247,-0.04,0.5588
971,988,32,MEDIUM,posting,0.0367,0.0426,-0.101,-0.551,0.198,0.504
972,64,12,SMALL,posting,0.0185,0.0392,0.156,0.124,-0.117,0.6216
973,70,32,ETC,posting,0.0397,0.0343,0.098,0.197,0.187,0.6613
974,489,23,MEDIUM,diag,0.0428,0.0419,0.078,0.41,-0.092,0.7757
975,82,12,SMALL,both,0.0747,0.0936,-0.157,0.049,-0.347,0.2918
976,2454,48,LARGE,diag,0.039,0.0819,-0.047,-0.315,-0.082,0.6306
977,268,28,SMALL,both,0.0431,0.0879,0.016,0.095,0.24,0.8275
978,387,33,MEDIUM,diag,0.1154,0.0889,-0.02,-0.333,0.069,0.6286
979,247,18,SMALL,diag,0.0883,0.2312,0.077,0.095,0.177,0.3996
980,200,72,SMALL,both,0.0245,0.0154,0.09,-0.055,-0.06,0.6771
981,134,32,SMALL,diag,0.02,0.017,0.04,-0.232,0.105,0.6722
982,1921,74,LARGE,posting,0.0303,0.0146,-0.054,-0.398,-0.193,0.5337
983,448,21,MEDIUM,posting,0.0596,0.0528,0.169,0.509,-0.265,0.8683
984,33,21,SMALL,both,0.0342,0.0726,0.059,-0.012,0.018,0.8623
985,149,35,SMALL,diag,0.1063,0.1587,0.163,0.166,-0.073,0.6679
986,538,15,ETC,diag,0.0609,0.0404,0.187,0.521,0.33,0.7276
987,476,26,MEDIUM,diag,0.0396,0.0372,0.086,0.143,0.121,0.7761
988,1158,3,LARGE,both,0.0173,0.0374,0.175,0.713,0.101,0.9169
989,403,17,MEDIUM,both,0.0275,0.0463,-0.037,-0.312,-0.131,0.6469
990,227,46,SMALL,both,0.0352,0.0331,-0.038,0.277,0.104,0.5357
991,248,15,SMALL,diag,0.0048,0.0059,0.07,0.045,0.483,0.443
992,413,37,MEDIUM,both,0.1005,0.0887,-0.231,-0.438,0.217,0.4361
993,546,44,MEDIUM,both,0.0094,0.0087,-0.01,-0.425,0.255,0.7064
994,148,14,SMALL,both,0.0292,0.0161,-0.036,-0.136,-0.003,0.7082
995,210,37,SMALL,diag,0.0181,0.015,-0.005,0.023,0.062,0.4757
996,561,13,MEDIUM,diag,0.0567,0.0792,0.161,0.393,0.114,0.8378
997,351,6,MEDIUM,diag,0.002,0.0028,0.247,-0.048,-0.159,0.8314
998,267,37,ETC,diag,0.0663,0.1105,0.032,0.305,0.036,0.4389
999,755,29,MEDIUM,diag,0.0551,0.0634,-0.021,-0.226,-0.041,0.4599
1000,133,29,SMALL,both,0.0571,0.0767,0.183,-0.083,-0.069,0.856
1001,583,7,MEDIUM,diag,0.0378,0.0765,0.046,0.041,0.123,0.8
1002,1152,25,LARGE,both,0.0386,0.023,0.037,-0.368,-0.055,0.8546
1003,298,15,ETC,posting,0.0536,0.0737,0.164,-0.233,-0.119,0.7625
1004,272,10,SMALL,both,0.0392,0.0349,0.061,0.602,0.139,0.7138
1005,94,28,SMALL,both,0.0392,0.0395,-0.137,0.15,0.163,0.2993
1006,200,51,SMALL,diag,0.0057,0.0084,0.208,0.608,0.146,0.8255
1007,145,14,SMALL,posting,0.0879,0.1096,0.154,0.394,0.079,0.6586
1008,901,32,MEDIUM,posting,0.0481,0.0504,-0.002,0.243,-0.056,0.7307
1009,225,35,SMALL,posting,0.0206,0.0334,0.089,-0.085,-0.158,0.7233
1010,219,12,SMALL,posting,0.137,0.0919,0.138,0.552,0.104,0.7381
1011,985,59,MEDIUM,both,0.027,0.0183,-0.02,0.043,-0.159,0.754
1012,276,18,SMALL,diag,0.0169,0.0203,0.002,-0.475,0.125,0.3707
1013,550,16,MEDIUM,diag,0.0214,0.0374,-0.112,-0.53,-0.184,0.3439
1014,202,7,SMALL,diag,0.0732,0.1347,0.074,0.469,-0.211,0.6693
1015,459,24,MEDIUM,diag,0.0416,0.1175,0.042,0.459,0.256,0.5669
1016,247,46,SMALL,diag,0.0279,0.0172,0.115,0.317,0.3,0.571
1017,1235,28,ETC,diag,0.0162,0.0185,0.077,0.411,-0.269,0.7252
1018,387,6,MEDIUM,both,0.0454,0.0508,-0.034,-0.076,0.022,0.667
1019,64,44,SMALL,diag,0.0725,0.1437,0.063,0.232,-0.084,0.2629
1020,176,18,SMALL,both,0.0317,0.0188,0.141,0.235,-0.055,0.8501
1021,75,21,SMALL,diag,0.0752,0.0759,0.138,0.133,0.105,0.7925
1022,543,18,MEDIUM,diag,0.1026,0.2778,0.002,0.115,0.136,0.477
1023,712,30,MEDIUM,both,0.0705,0.0777,-0.106,-0.21,-0.045,0.7975
1024,398,12,MEDIUM,posting,0.0143,0.0211,-0.11,0.366,0.274,0.3979
1025,172,70,SMALL,diag,0.0241,0.0356,0.02,0.271,0.143,0.4445
1026,86,44,ETC,both,0.0153,0.0216,0.166,0.66,-0.21,0.7732
1027,285,9,SMALL,both,0.0055,0.0085,-0.155,-0.289,0.1,0.2683
1028,144,30,SMALL,diag,0.0627,0.0413,-0.058,-0.018,0.172,0.2789
1029,834,19,MEDIUM,posting,0.0371,0.0293,-0.125,0.207,-0.025,0.4842
1030,195,32,SMALL,diag,0.0297,0.0441,0.066,0.308,-0.157,0.5391
1031,496,20,MEDIUM,diag,0.0354,0.0748,0.01,-0.027,-0.1,0.718
1032,177,25,SMALL,diag,0.0049,0.0115,0.071,0.337,-0.051,0.4076
1033,999,14,MEDIUM,diag,0.0061,0.0036,0.187,0.492,0.038,0.8417
1034,98,29,SMALL,both,0.0332,0.0285,-0.054,0.229,0.022,0.6443
1035,203,28,SMALL,diag,0.0271,0.0136,-0.088,-0.374,-0.257,0.5665
1036,568,18,MEDIUM,diag,0.0166,0.0178,0.074,0.281,0.142,0.553
1037,1896,18,LARGE,posting,0.0345,0.0478,0.063,0.196,-0.059,0.777
1038,62,22,SMALL,posting,0.098,0.1407,0.093,0.263,-0.074,0.6523
1039,74,16,SMALL,diag,0.0728,0.0424,-0.202,-0.271,-0.15,0.1317
1040,503,30,MEDIUM,both,0.0309,0.0337,0.04,0.309,0.03,0.8414
1041,1705,31,LARGE,diag,0.0087,0.0079,0.059,0.141,0.182,0.8841
1042,756,36,MEDIUM,both,0.0171,0.0175,0.047,0.191,0.344,0.8112
1043,660,17,MEDIUM,both,0.0421,0.027,-0.001,0.07,0.364,0.857
1044,93,31,SMALL,posting,0.041,0.0396,-0.016,-0.063,0.173,0.1682
1045,400,18,MEDIUM,both,0.1304,0.1014,0.08,0.284,-0.018,0.7223
1046,526,12,MEDIUM,both,0.0022,0.0025,-0.207,-0.265,0.185,0.4917
1047,379,28,MEDIUM,diag,0.0661,0.0807,0.182,0.53,-0.278,0.7687
1048,419,12,MEDIUM,diag,0.0237,0.0247,0.056,0.094,0.029,0.694
1049,687,17,MEDIUM,both,0.0211,0.0231,0.02,0.28,0.214,0.8345
1050,21,9,SMALL,diag,0.0177,0.0221,0.075,0.074,0.074,0.4022
1051,32,41,SMALL,posting,0.0505,0.0401,-0.017,0.365,0.469,0.4376
1052,81,9,SMALL,posting,0.0289,0.0178,-0.003,0.286,0.253,0.5769
1053,330,22,ETC,both,0.1319,0.1263,0.085,-0.101,0.556,0.927
1054,195,21,SMALL,posting,0.0884,0.1157,-0.026,0.336,0.02,0.6138
1055,69,33,SMALL,diag,0.0197,0.0288,0.01,0.115,0.131,0.2909
1056,1783,7,LARGE,posting,0.0124,0.0207,0.223,0.58,-0.034,0.892
1057,239,44,SMALL,posting,0.002,0.0023,0.074,0.238,-0.462,0.4642
1058,372,28,MEDIUM,both,0.0108,0.0129,-0.057,-0.356,-0.311,0.5797
1059,838,48,MEDIUM,diag,0.0616,0.022,-0.001,0.251,0.001,0.573
1060,3124,14,LARGE,diag,0.029,0.0118,0.042,-0.31,-0.155,0.6197
1061,281,6,SMALL,diag,0.0203,0.0105,0.137,0.591,-0.199,0.7597
1062,368,22,MEDIUM,both,0.0902,0.047,0.179,0.282,-0.218,0.9035
1063,76,3,SMALL,diag,0.0327,0.0468,0.107,0.409,-0.041,0.5425
1064,285,12,SMALL,posting,0.0209,0.014,-0.004,-0.023,0.219,0.7244
1065,75,43,SMALL,both,0.0048,0.0031,0.151,0.427,0.126,0.8035
1066,182,20,SMALL,posting,0.0038,0.0086,0.165,0.498,0.099,0.6508
1067,694,40,MEDIUM,diag,0.0129,0.0137,-0.104,0.15,0.004,0.3406
1068,445,15,MEDIUM,diag,0.0551,0.0736,0.037,0.076,0.133,0.6459
1069,851,69,MEDIUM,diag,0.036,0.0187,0.139,0.097,0.318,0.8117
1070,396,64,MEDIUM,posting,0.0204,0.014,-0.12,-0.286,-0.189,0.1405
1071,1081,34,LARGE,posting,0.0311,0.0237,0.293,0.834,0.269,0.9163
1072,102,28,SMALL,both,0.0463,0.0323,0.012,0.514,0.159,0.8683
1073,1144,13,LARGE,both,0.0166,0.0256,-0.088,0.119,-0.004,0.5768
1074,160,4,SMALL,diag,0.0531,0.0647,-0.089,-0.385,-0.174,0.5166
1075,198,34,SMALL,both,0.0443,0.053,0.062,-0.043,0.32,0.5974
1076,213,33,SMALL,diag,0.0288,0.0408,0.067,0.058,0.198,0.4516
1077,2250,27,ETC,both,0.0128,0.014,0.037,0.28,0.376,0.8238
1078,131,23,SMALL,posting,0.0511,0.0546,0.095,-0.016,0.02,0.6552
1079,509,30,MEDIUM,posting,0.1031,0.1853,0.151,0.407,-0.16,0.7502
1080,475,5,MEDIUM,diag,0.002,0.0036,0.124,0.327,0.136,0.7306
1081,334,20,MEDIUM,posting,0.0115,0.0106,-0.074,-0.339,0.03,0.4478
1082,126,25,SMALL,diag,0.015,0.0128,-0.031,-0.071,0.081,0.3511
1083,85,39,SMALL,diag,0.0269,0.0483,0.121,0.512,0.166,0.5755
1084,84,20,SMALL,both,0.0133,0.0166,-0.05,-0.144,-0.068,0.3913
1085,992,10,MEDIUM,both,0.072,0.0792,-0.122,0.081,0.145,0.6964
1086,126,29,SMALL,diag,0.0485,0.054,-0.022,-0.319,-0.087,0.5346
1087,79,25,SMALL,posting,0.0184,0.009,-0.045,-0.388,0.311,0.3046
1088,857,4,MEDIUM,both,0.0269,0.0554,0.149,0.139,0.17,0.9151
1089,589,4,ETC,diag,0.0425,0.0187,0.065,0.127,0.192,0.8342
1090,288,24,SMALL,diag,0.0659,0.0366,0.082,0.109,-0.116,0.6935
1091,167,3,SMALL,posting,0.0355,0.0283,-0.041,-0.323,-0.173,0.4425
1092,15,23,SMALL,diag,0.0425,0.031,0.161,0.38,0.476,0.7646
1093,126,5,SMALL,both,0.0184,0.0266,-0.096,-0.006,-0.12,0.4233
1094,246,32,SMALL,both,0.0142,0.0218,0.082,0.296,0.11,0.802
1095,91,7,SMALL,diag,0.0113,0.0064,0.15,0.065,-0.285,0.6632
1096,91,18,SMALL,diag,0.007,0.0073,-0.144,-0.547,-0.15,0.2927
1097,2844,16,LARGE,diag,0.0205,0.0343,0.196,0.445,0.35,0.9101
1098,45,25,SMALL,diag,0.0058,0.008,-0.04,0.03,-0.106,0.1952
1099,409,34,MEDIUM,diag,0.0548,0.0805,-0.083,-0.408,0.01,0.4784
1100,122,7,SMALL,both,0.0151,0.0225,0.296,0.649,0.304,0.9563
1101,363,7,MEDIUM,diag,0.0879,0.0866,0.103,0.107,0.129,0.7747
1102,77,7,SMALL,both,0.0236,0.0237,0.003,-0.071,0.192,0.7128
1103,1094,11,LARGE,both,0.0614,0.0657,0.068,-0.245,0.241,0.862
1104,202,17,SMALL,diag,0.0697,0.0528,-0.238,-0.9,0.507,0.1942
1105,1918,34,LARGE,diag,0.043,0.0306,-0.004,-0.357,-0.212,0.7229
1106,1317,5,LARGE,both,0.0309,0.0696,-0.04,0.146,-0.059,0.7797
1107,107,55,SMALL,both,0.0193,0.0311,0.083,0.193,0.1,0.6187
1108,96,7,SMALL,diag,0.0278,0.0515,0.081,-0.181,-0.187,0.7523
1109,69,13,SMALL,diag,0.0426,0.056,0.052,0.159,-0.022,0.3976
1110,98,43,SMALL,both,0.0118,0.0198,0.038,0.127,0.167,0.5962
1111,1133,5,LARGE,diag,0.0344,0.0277,0.085,0.353,0.018,0.687
1112,1757,15,LARGE,posting,0.0226,0.0257,0.133,0.454,0.376,0.7789
1113,152,47,SMALL,diag,0.0838,0.0839,0.225,0.228,-0.158,0.7834
1114,974,44,MEDIUM,posting,0.0445,0.0186,0.002,-0.202,-0.181,0.7729
1115,277,7,SMALL,both,0.0381,0.0277,-0.013,-0.501,0.511,0.6063
1116,217,13,SMALL,both,0.005,0.0055,0.013,-0.349,0.107,0.3397
1117,250,31,SMALL,posting,0.0137,0.0166,0.017,0.192,-0.082,0.6222
1118,703,40,MEDIUM,diag,0.0608,0.1482,0.026,-0.074,0.394,0.4481
1119,32,14,SMALL,diag,0.073,0.0644,0.048,-0.115,-0.021,0.5752
1120,196,37,SMALL,posting,0.0334,0.0443,-0.079,-0.366,0.229,0.3731
1121,149,39,SMALL,diag,0.0797,0.0462,0.196,0.814,0.321,0.746
1122,726,28,MEDIUM,both,0.0207,0.0155,0.127,0.273,-0.057,0.8669
1123,673,35,MEDIUM,both,0.0787,0.0459,0.192,0.141,0.004,0.9065
1124,903,49,MEDIUM,posting,0.0428,0.0533,0.156,0.269,0.005,0.8516
1125,602,25,MEDIUM,diag,0.0441,0.0326,-0.114,-0.534,0.099,0.3515
1126,441,1,MEDIUM,both,0.0159,0.0092,0.022,0.391,-0.211,0.8223
1127,121,21,SMALL,both,0.1322,0.0879,-0.046,-0.121,-0.052,0.6342
1128,398,31,MEDIUM,both,0.021,0.0104,0.248,0.366,-0.034,0.9489
1129,198,27,SMALL,both,0.0327,0.0227,-0.077,-0.068,-0.041,0.4954
1130,167,53,SMALL,both,0.0582,0.0713,-0.083,-0.037,0.299,0.5053
1131,26,39,SMALL,both,0.0173,0.0207,-0.012,-0.245,0.098,0.4198
1132,985,3,MEDIUM,diag,0.0235,0.0245,0.128,0.363,0.136,0.7963
1133,102,17,SMALL,diag,0.0542,0.0345,-0.144,-0.107,0.055,0.2292
1134,288,25,SMALL,both,0.0175,0.0291,0.061,0.352,0.194,0.6934
1135,2422,31,LARGE,diag,0.0025,0.003,0.047,0.091,0.362,0.6423
1136,814,72,MEDIUM,both,0.0858,0.1217,-0.142,0.197,-0.107,0.362
1137,178,21,SMALL,posting,0.0392,0.0282,-0.031,-0.066,0.001,0.5446
1138,4760,27,LARGE,diag,0.0091,0.005,0.072,0.049,-0.317,0.7678
1139,953,16,MEDIUM,both,0.069,0.095,-0.016,-0.054,0.049,0.7105
1140,119,78,SMALL,both,0.0078,0.003,0.007,-0.015,0.142,0.5757
1141,182,30,SMALL,diag,0.0438,0.0282,0.116,0.299,0.152,0.8648
1142,953,7,MEDIUM,both,0.0461,0.0486,0.205,-0.02,0.155,0.9644
1143,765,4,MEDIUM,diag,0.002,0.002,-0.119,-0.183,0.196,0.6903
1144,474,27,ETC,diag,0.0473,0.0688,0.204,0.414,0.152,0.8418
1145,80,3,SMALL,posting,0.0554,0.0557,-0.056,0.1,0.129,0.3811
1146,272,53,SMALL,diag,0.0175,0.0263,0.224,0.371,-0.088,0.7225
1147,773,17,MEDIUM,both,0.0392,0.0651,0.325,0.2,-0.059,0.9838
1148,2469,41,LARGE,diag,0.0259,0.012,0.055,-0.077,-0.053,0.7777
1149,363,21,MEDIUM,both,0.0367,0.0953,0.002,-0.291,0.044,0.5627
1150,244,19,SMALL,posting,0.0136,0.0059,-0.017,0.257,0.233,0.5827
1151,238,22,SMALL,diag,0.0466,0.0141,-0.068,0.043,-0.453,0.702
1152,533,15,MEDIUM,posting,0.0132,0.0102,0.014,0.215,-0.176,0.4432
1153,41,31,SMALL,both,0.0252,0.0266,0.064,0.529,0.026,0.7895
1154,194,18,SMALL,posting,0.0135,0.0099,0.108,0.083,0.376,0.5824
1155,263,11,SMALL,diag,0.007,0.0083,0.088,0.309,0.242,0.3852
1156,449,17,MEDIUM,diag,0.0093,0.007,-0.075,0.176,0.078,0.3546
1157,281,8,SMALL,diag,0.0115,0.0171,0.159,0.488,0.064,0.848
1158,230,30,SMALL,both,0.0189,0.0128,-0.082,-0.16,0.147,0.7513
1159,174,5,SMALL,diag,0.0184,0.0144,-0.137,-0.602,-0.106,0.2556
1160,328,5,MEDIUM,diag,0.0488,0.0348,0.168,0.392,-0.17,0.8225
1161,540,10,MEDIUM,diag,0.0357,0.0271,0.04,0.159,0.045,0.7604
1162,462,25,MEDIUM,posting,0.0337,0.0484,0.27,0.639,0.322,0.8916
1163,901,19,MEDIUM,diag,0.0188,0.0168,-0.05,0.059,-0.082,0.6948
1164,190,19,SMALL,posting,0.0107,0.0135,0.071,-0.235,0.164,0.5164
1165,595,43,MEDIUM,both,0.0795,0.0991,-0.008,-0.08,0.162,0.7761
1166,56,35,SMALL,posting,0.0138,0.0124,0.03,0.033,0.069,0.4683
1167,211,7,SMALL,both,0.0851,0.1614,0.141,0.602,-0.267,0.9158
1168,1455,13,LARGE,posting,0.0433,0.0714,0.092,0.581,-0.341,0.6716
1169,114,23,SMALL,posting,0.0532,0.0147,0.047,0.266,-0.082,0.7215
1170,659,5,MEDIUM,diag,0.006,0.0087,0.114,0.105,0.272,0.7523
1171,151,21,SMALL,both,0.0344,0.0399,0.082,0.039,0.095,0.6468
1172,350,16,MEDIUM,both,0.002,0.0028,0.203,-0.009,-0.162,0.9176
1173,56,22,SMALL,posting,0.0734,0.0662,0.092,0.094,0.206,0.496
1174,2117,50,LARGE,both,0.0777,0.0625,0.142,0.544,-0.303,0.9518
1175,1607,32,LARGE,both,0.0529,0.0917,0.065,0.614,0.117,0.9516
1176,138,26,SMALL,both,0.0388,0.0581,-0.047,0.267,-0.621,0.6999
1177,99,22,SMALL,diag,0.0296,0.0404,0.185,0.381,-0.019,0.5263
1178,52,24,SMALL,posting,0.0795,0.2356,-0.042,0.021,-0.351,0.1761
1179,393,29,MEDIUM,posting,0.0275,0.0393,0.062,0.352,0.126,0.8272
1180,385,43,MEDIUM,diag,0.0413,0.0412,0.153,0.207,-0.222,0.7963
1181,582,28,MEDIUM,both,0.0514,0.0303,-0.134,-0.33,-0.114,0.5994
1182,502,54,ETC,both,0.0206,0.0144,-0.025,-0.074,0.009,0.7612
1183,105,42,SMALL,diag,0.0346,0.0296,0.034,0.091,0.194,0.4655
1184,1013,27,LARGE,diag,0.0825,0.0681,-0.096,-0.527,0.019,0.5422
1185,1741,52,LARGE,both,0.0168,0.0278,-0.065,-0.036,-0.223,0.7126
1186,220,55,SMALL,both,0.079,0.0911,-0.009,-0.328,-0.36,0.6024
1187,162,9,SMALL,diag,0.0272,0.0234,0.081,0.592,-0.225,0.7009
1188,243,4,SMALL,diag,0.0181,0.0294,-0.055,-0.455,-0.506,0.2602
1189,202,57,SMALL,posting,0.0234,0.0376,0.062,-0.126,0.237,0.3664
1190,811,12,MEDIUM,both,0.0055,0.0052,-0.074,-0.375,0.011,0.7649
1191,841,17,MEDIUM,posting,0.004,0.0034,0.097,0.084,0.15,0.7341
1192,614,50,MEDIUM,diag,0.0795,0.0635,-0.05,-0.304,-0.035,0.5547
1193,220,49,SMALL,both,0.0403,0.0199,-0.022,-0.09,-0.02,0.729
1194,327,22,MEDIUM,both,0.003,0.0026,-0.052,0.114,0.3,0.508
1195,952,6,MEDIUM,diag,0.0385,0.02,-0.162,-0.237,-0.274,0.4041
1196,618,7,MEDIUM,both,0.042,0.0215,0.039,-0.387,0.044,0.8896
1197,392,19,MEDIUM,diag,0.0092,0.0116,-0.128,-0.368,-0.381,0.2853
1198,455,41,MEDIUM,diag,0.0568,0.064,0.068,-0.06,0.299,0.7005
1199,1094,30,LARGE,both,0.0431,0.0572,0.218,0.414,0.15,0.9351
1200,207,33,SMALL,diag,0.0238,0.014,0.089,0.323,0.082,0.6807
1201,101,23,SMALL,diag,0.0503,0.0891,-0.114,0.013,-0.135,0.1269
1202,211,15,SMALL,diag,0.0674,0.0738,-0.061,0.173,0.172,0.6252
1203,2496,41,LARGE,diag,0.0325,0.026,0.191,0.371,-0.036,0.9431
1204,129,20,SMALL,both,0.0335,0.0429,0.013,0.328,0.177,0.7683
1205,1192,87,LARGE,both,0.0458,0.0347,0.121,0.491,0.099,0.7783
1206,92,4,SMALL,both,0.0466,0.0517,-0.123,-0.052,-0.019,0.6867
1207,321,41,MEDIUM,both,0.0611,0.0834,-0.039,-0.176,0.179,0.648
1208,646,39,MEDIUM,both,0.0494,0.0283,0.007,-0.07,-0.182,0.9321
1209,205,11,SMALL,diag,0.0346,0.0311,-0.012,-0.14,0.295,0.4741
1210,154,66,SMALL,posting,0.0401,0.0565,-0.048,0.249,0.107,0.3723
1211,488,51,MEDIUM,diag,0.0157,0.026,0.031,-0.496,0.102,0.2435
1212,99,16,SMALL,posting,0.0314,0.0188,-0.011,0.509,-0.099,0.5278
1213,1025,14,LARGE,diag,0.0579,0.1492,0.065,-0.047,-0.284,0.6667
1214,162,16,SMALL,diag,0.0692,0.0766,0.11,0.51,-0.061,0.6312
1215,531,12,MEDIUM,both,0.0025,0.0056,0.258,0.604,0.109,0.9003
1216,162,21,SMALL,both,0.0109,0.0179,-0.026,0.159,-0.095,0.4521
1217,271,25,SMALL,posting,0.0764,0.0532,-0.013,-0.257,0.291,0.4559
1218,265,17,SMALL,both,0.0409,0.048,0.077,0.046,-0.12,0.9018
1219,911,35,MEDIUM,both,0.0351,0.0347,0.099,0.397,-0.303,0.8951
1220,589,24,MEDIUM,posting,0.0464,0.0501,0.198,0.59,0.153,0.9282
1221,87,27,SMALL,diag,0.0474,0.0525,0.086,-0.01,0.069,0.583
1222,63,30,SMALL,both,0.0262,0.0121,0.154,-0.184,0.012,0.8589
1223,84,23,SMALL,both,0.0547,0.0991,0.187,0.151,0.314,0.8955
1224,122,21,SMALL,posting,0.0259,0.0102,0.182,0.224,-0.121,0.854
1225,975,27,MEDIUM,both,0.0252,0.0399,-0.029,0.117,-0.333,0.6564
1226,366,39,ETC,diag,0.0369,0.047,0.182,0.576,0.108,0.7649
1227,1023,14,LARGE,both,0.0281,0.0397,0.085,0.651,0.063,0.8889
1228,128,41,SMALL,posting,0.0381,0.0353,0.075,0.237,-0.145,0.6428
1229,224,6,SMALL,posting,0.0078,0.0104,-0.055,0.226,0.365,0.6123
1230,187,15,SMALL,posting,0.0023,0.0041,-0.123,-0.623,0.249,0.1391
1231,56,6,SMALL,both,0.0796,0.0483,0.09,0.504,0.322,0.8219
1232,1148,14,LARGE,both,0.0195,0.0076,-0.103,-0.276,-0.008,0.6879
1233,92,4,SMALL,diag,0.0622,0.1212,0.028,0.068,0.18,0.5377
1234,78,27,SMALL,both,0.0125,0.0129,0.136,0.401,-0.293,0.8669
1235,421,17,MEDIUM,posting,0.058,0.0315,-0.188,-0.613,-0.169,0.2335
1236,945,56,MEDIUM,diag,0.0233,0.0733,0.022,-0.178,0.077,0.6601
1237,737,13,MEDIUM,diag,0.0029,0.0027,-0.164,-0.496,-0.238,0.3967
1238,534,14,MEDIUM,diag,0.0457,0.0449,0.08,-0.143,0.213,0.7409
1239,1622,2,LARGE,both,0.002,0.002,-0.119,-0.291,0.211,0.4615
1240,157,13,SMALL,posting,0.0497,0.0332,0.021,0.127,0.082,0.4407
1241,48,11,SMALL,both,0.0288,0.0228,0.04,-0.308,0.173,0.6391
1242,556,37,MEDIUM,diag,0.0386,0.0235,-0.058,0.175,0.065,0.6077
1243,206,15,SMALL,diag,0.0416,0.1123,0.013,-0.043,-0.006,0.323
1244,606,56,ETC,diag,0.0265,0.0119,-0.05,-0.122,-0.002,0.4368
1245,2489,31,LARGE,diag,0.0397,0.0462,0.029,-0.041,-0.441,0.6164
1246,990,72,MEDIUM,posting,0.0188,0.0101,0.071,0.236,-0.053,0.6482
1247,443,12,MEDIUM,diag,0.0071,0.0096,0.012,-0.032,-0.154,0.476
1248,165,11,SMALL,both,0.0174,0.0117,-0.005,0.356,0.206,0.6441
1249,1035,36,LARGE,diag,0.098,0.175,0.002,-0.322,-0.027,0.6084
1250,996,9,MEDIUM,both,0.0675,0.025,0.087,0.19,-0.038,0.9741
1251,753,20,MEDIUM,both,0.0855,0.0498,0.121,0.302,0.289,0.9415
1252,412,35,MEDIUM,both,0.062,0.0462,0.234,0.523,0.113,0.9637
1253,115,32,SMALL,both,0.0093,0.0121,0.029,0.033,0.141,0.6585
1254,421,16,MEDIUM,diag,0.0575,0.0419,0.186,0.837,0.246,0.8661
1255,1265,32,LARGE,posting,0.0212,0.0414,0.11,0.066,-0.026,0.842
1256,146,17,SMALL,both,0.0279,0.0166,-0.051,0.219,0.41,0.6584
1257,629,43,MEDIUM,both,0.0723,0.0855,0.13,0.087,-0.18,0.9097
1258,2870,4,LARGE,diag,0.0085,0.0081,0.106,0.234,0.321,0.8684
1259,667,23,MEDIUM,diag,0.003,0.0033,-0.129,-0.146,0.395,0.2884
1260,620,23,MEDIUM,diag,0.0168,0.0432,-0.054,0.056,0.298,0.6529
1261,383,16,MEDIUM,posting,0.0266,0.0339,-0.016,-0.143,0.121,0.4642
1262,726,49,MEDIUM,posting,0.0043,0.0037,0.14,0.506,-0.169,0.7518
1263,9526,21,LARGE,posting,0.0617,0.0658,-0.235,-0.727,-0.253,0.4324
1264,142,40,SMALL,posting,0.0102,0.0082,0.107,0.074,0.227,0.4018
1265,150,41,SMALL,diag,0.1704,0.0967,-0.077,-0.445,0.131,0.3314
1266,455,13,MEDIUM,both,0.0205,0.0146,0.065,0.071,0.131,0.8844
1267,106,29,SMALL,diag,0.024,0.0222,-0.041,0.211,0.006,0.37
1268,129,34,SMALL,diag,0.0109,0.0073,-0.197,-0.533,-0.08,0.2922
1269,108,21,SMALL,diag,0.1088,0.1124,-0.138,-0.022,-0.147,0.2531
1270,319,13,MEDIUM,diag,0.0115,0.0078,0.036,0.209,0.213,0.6059
1271,33,4,SMALL,diag,0.0496,0.0786,0.102,0.448,0.289,0.6485
1272,145,11,SMALL,diag,0.0742,0.0477,-0.209,-0.528,0.204,0.2162
1273,87,40,ETC,posting,0.022,0.0184,0.001,-0.103,0.221,0.4989
1274,194,45,SMALL,both,0.0352,0.048,0.039,0.194,0.512,0.7485
1275,504,34,MEDIUM,posting,0.0302,0.0391,-0.044,0.278,-0.05,0.5576
1276,501,21,MEDIUM,both,0.0229,0.0138,-0.005,-0.205,0.166,0.6759
1277,337,18,MEDIUM,diag,0.0402,0.0457,-0.037,0.256,-0.261,0.201
1278,553,31,MEDIUM,diag,0.0176,0.0301,0.136,0.258,0.243,0.7165
1279,217,4,SMALL,both,0.0817,0.0463,-0.053,0.231,-0.125,0.7784
1280,276,26,SMALL,both,0.0654,0.0383,0.006,0.115,-0.3,0.9239
1281,130,22,SMALL,posting,0.028,0.0364,-0.11,-0.648,0.078,0.2138
1282,355,28,MEDIUM,both,0.0675,0.0638,0.021,0.301,0.336,0.4936
1283,207,30,ETC,both,0.0765,0.1576,-0.029,-0.117,-0.245,0.6549
1284,48,20,SMALL,diag,0.0313,0.0542,0.096,0.219,0.13,0.6564
1285,308,10,MEDIUM,posting,0.0686,0.0432,0.237,0.468,0.056,0.8898
1286,3556,20,LARGE,both,0.0103,0.0184,0.134,0.587,-0.279,0.9454
1287,54,17,ETC,diag,0.0585,0.0518,0.141,0.252,-0.251,0.7538
1288,322,16,MEDIUM,posting,0.0076,0.0142,0.078,0.53,0.067,0.5001
1289,42,25,ETC,diag,0.0054,0.0061,-0.048,-0.139,0.062,0.0627
1290,1667,2,LARGE,both,0.0113,0.0251,-0.0,0.158,0.008,0.5869
1291,2345,66,LARGE,diag,0.06,0.0759,0.142,-0.016,0.248,0.8105
1292,981,6,MEDIUM,diag,0.0676,0.0602,-0.02,-0.108,-0.063,0.8019
1293,1536,14,LARGE,diag,0.0314,0.0474,-0.202,-0.509,0.549,0.1629
1294,246,2,SMALL,both,0.069,0.0574,-0.129,0.013,0.216,0.7381
1295,140,20,ETC,diag,0.0198,0.0223,0.126,0.279,-0.099,0.5411
1296,67,13,SMALL,both,0.0554,0.1095,0.044,0.065,-0.041,0.7862
1297,281,29,SMALL,diag,0.0093,0.0104,0.102,0.167,0.231,0.6741
1298,803,15,MEDIUM,posting,0.0086,0.0105,-0.003,0.357,-0.064,0.6539
1299,486,46,MEDIUM,both,0.0292,0.047,0.019,-0.254,0.007,0.4081
1300,231,42,ETC,both,0.0117,0.0085,-0.091,0.149,-0.146,0.4388
1301,1918,46,LARGE,posting,0.0411,0.0395,-0.002,-0.054,0.074,0.5892
1302,73,10,SMALL,diag,0.0025,0.0021,-0.094,-0.158,0.072,0.2929
1303,120,32,SMALL,diag,0.0082,0.0044,-0.014,0.296,0.489,0.4086
1304,840,37,MEDIUM,both,0.013,0.0164,0.026,0.303,-0.021,0.6927
1305,37,7,ETC,both,0.0117,0.0079,0.032,-0.055,-0.123,0.6187
1306,73,39,SMALL,diag,0.062,0.1237,-0.139,-0.045,0.163,0.2377
1307,258,38,SMALL,both,0.0415,0.0462,0.007,-0.31,0.16,0.6213
1308,581,33,MEDIUM,diag,0.0474,0.0226,0.127,0.164,0.061,0.8124
1309,585,34,MEDIUM,diag,0.1138,0.0634,-0.019,-0.164,0.209,0.6799
1310,1107,44,LARGE,diag,0.0417,0.0881,0.082,-0.086,-0.141,0.8324
1311,536,15,MEDIUM,posting,0.0161,0.0291,0.142,-0.065,-0.401,0.6343
1312,105,64,ETC,both,0.0496,0.0239,-0.077,-0.137,-0.183,0.4454
1313,192,36,SMALL,posting,0.0402,0.0357,0.253,0.426,0.234,0.8155
1314,180,15,SMALL,both,0.0326,0.0219,0.026,-0.134,0.333,0.7292
1315,730,20,MEDIUM,posting,0.0265,0.019,0.109,-0.213,-0.023,0.7348
1316,646,29,MEDIUM,both,0.189,0.2572,-0.156,-0.231,-0.104,0.7116
1317,183,15,SMALL,diag,0.0146,0.0204,-0.023,0.26,-0.067,0.6228
1318,47,8,SMALL,diag,0.0577,0.0276,0.002,0.13,-0.331,0.3664
1319,365,12,MEDIUM,diag,0.0916,0.0789,0.098,0.547,0.003,0.5406
1320,57,38,SMALL,both,0.0166,0.0108,0.02,-0.081,0.044,0.6516
1321,91,21,ETC,diag,0.0104,0.0094,-0.029,0.211,0.28,0.4513
1322,352,22,MEDIUM,diag,0.0203,0.0246,-0.138,-0.175,0.219,0.1804
1323,390,24,MEDIUM,diag,0.0272,0.0454,0.044,0.248,-0.295,0.4685
1324,128,4,SMALL,diag,0.0269,0.0292,0.104,0.541,0.276,0.6605
1325,300,29,MEDIUM,diag,0.0133,0.032,0.114,0.559,0.129,0.664
1326,429,3,MEDIUM,posting,0.0155,0.0277,0.174,0.336,-0.21,0.7094
1327,2022,14,LARGE,diag,0.036,0.0313,0.081,0.235,0.363,0.7975
1328,666,29,ETC,posting,0.0484,0.0431,-0.132,-0.344,0.126,0.3279
1329,131,51,SMALL,both,0.063,0.0406,0.027,-0.25,0.066,0.7208
1330,178,11,SMALL,diag,0.0084,0.0059,-0.166,-0.672,0.406,0.1591
1331,413,7,MEDIUM,posting,0.0089,0.0112,-0.005,0.244,-0.029,0.4416
1332,726,20,MEDIUM,diag,0.0668,0.112,-0.03,-0.324,-0.326,0.5232
1333,289,37,SMALL,both,0.0051,0.004,-0.106,-0.9,0.028,0.553
1334,261,55,SMALL,both,0.0287,0.0244,0.101,0.218,0.639,0.8597
1335,1423,8,LARGE,posting,0.0024,0.0038,-0.039,-0.047,0.204,0.5852
1336,306,17,MEDIUM,diag,0.0539,0.048,0.127,0.087,-0.005,0.7788
1337,33,3,SMALL,both,0.0203,0.0065,0.136,-0.02,0.171,0.8296
1338,6073,27,LARGE,both,0.0194,0.0498,0.21,0.602,-0.034,0.9786
1339,204,51,SMALL,diag,0.015,0.0131,0.207,0.068,0.083,0.8576
1340,176,24,SMALL,diag,0.0514,0.0411,0.054,0.127,-0.026,0.5351
1341,438,48,MEDIUM,diag,0.0109,0.0143,0.031,0.401,0.441,0.5699
1342,335,10,MEDIUM,diag,0.0349,0.0357,0.084,0.122,-0.07,0.9052
1343,738,23,MEDIUM,posting,0.0684,0.0419,-0.109,0.003,0.074,0.5795
1344,328,8,MEDIUM,diag,0.1078,0.1439,-0.027,-0.045,-0.173,0.3822
1345,616,22,MEDIUM,both,0.0298,0.0344,-0.234,-0.877,0.247,0.3753
1346,127,53,SMALL,diag,0.1,0.1359,-0.112,0.356,0.11,0.0743
1347,23,15,SMALL,posting,0.0671,0.0722,0.092,0.007,0.205,0.563
1348,448,6,MEDIUM,posting,0.0423,0.0238,0.129,0.057,-0.261,0.872
1349,94,34,SMALL,both,0.0134,0.0189,0.04,0.095,0.143,0.4288
1350,53,15,SMALL,both,0.0497,0.0546,-0.12,-0.088,0.09,0.3175
1351,350,44,MEDIUM,diag,0.1281,0.1187,-0.041,-0.134,-0.067,0.508
1352,340,19,MEDIUM,diag,0.0805,0.1182,0.034,0.18,0.149,0.6927
1353,505,8,MEDIUM,diag,0.0102,0.0192,-0.129,0.151,-0.341,0.5555
1354,950,11,MEDIUM,both,0.0708,0.053,0.188,0.739,0.107,0.9573
1355,241,15,SMALL,posting,0.0198,0.0181,-0.059,-0.283,0.194,0.6518
1356,50,12,SMALL,diag,0.0503,0.0784,0.024,-0.264,-0.053,0.5486
1357,695,51,MEDIUM,diag,0.0394,0.0279,0.15,0.267,-0.034,0.7783
1358,580,20,MEDIUM,posting,0.1215,0.1088,0.115,0.065,0.089,0.7551
1359,91,25,SMALL,posting,0.0132,0.0161,0.132,0.569,0.362,0.6947
1360,2353,11,LARGE,diag,0.0131,0.0161,-0.027,-0.06,0.018,0.5936
1361,121,13,SMALL,posting,0.0533,0.0759,-0.12,-0.018,-0.069,0.1794
1362,899,32,MEDIUM,both,0.0191,0.0119,-0.038,-0.155,-0.342,0.7383
1363,641,25,MEDIUM,posting,0.0024,0.002,-0.053,-0.061,-0.09,0.5685
1364,98,7,SMALL,diag,0.0047,0.0045,-0.114,0.005,-0.052,0.2195
1365,175,42,SMALL,both,0.0523,0.0339,0.24,0.24,0.247,0.9527
1366,581,18,MEDIUM,posting,0.0684,0.0928,0.115,0.468,-0.229,0.7907
1367,940,10,MEDIUM,diag,0.0893,0.1529,0.079,0.066,-0.506,0.8801
1368,138,40,SMALL,diag,0.0091,0.0142,0.075,0.236,-0.125,0.3947
1369,146,18,SMALL,diag,0.0239,0.0413,-0.002,-0.003,0.28,0.4018
1370,73,43,SMALL,posting,0.047,0.0231,0.142,0.41,0.234,0.7292
1371,1226,42,LARGE,both,0.1444,0.0887,-0.02,-0.162,0.244,0.8758
1372,794,18,MEDIUM,posting,0.0825,0.0683,0.008,0.32,-0.52,0.7711
1373,262,18,SMALL,diag,0.0454,0.035,0.113,0.17,0.676,0.7764
1374,72,28,SMALL,diag,0.009,0.0047,0.178,0.115,0.01,0.7555
1375,246,15,SMALL,both,0.0155,0.013,0.089,0.74,0.543,0.8491
1376,296,41,SMALL,diag,0.0393,0.032,-0.009,0.058,0.034,0.3677
1377,503,17,MEDIUM,both,0.0255,0.0217,0.186,0.155,0.179,0.9127
1378,41,20,SMALL,posting,0.0295,0.0817,0.073,0.014,0.367,0.3513
1379,648,20,MEDIUM,diag,0.0216,0.0451,0.019,-0.06,-0.202,0.5508
1380,219,5,SMALL,diag,0.0416,0.0552,0.254,0.578,-0.38,0.9217
1381,873,24,MEDIUM,both,0.0265,0.0262,0.09,0.119,0.002,0.8773
1382,548,31,MEDIUM,both,0.0176,0.0161,0.102,0.12,0.531,0.9244
1383,96,7,SMALL,both,0.0271,0.0499,0.073,-0.079,-0.081,0.8818
1384,297,25,SMALL,diag,0.0206,0.0153,-0.196,-0.459,0.174,0.5457
1385,174,21,SMALL,both,0.0101,0.0155,0.129,-0.254,0.074,0.772
1386,365,13,MEDIUM,diag,0.0582,0.0546,0.145,0.474,0.019,0.8823
1387,120,9,SMALL,diag,0.0472,0.0426,0.245,0.233,0.129,0.7817
1388,179,19,SMALL,both,0.0552,0.0459,0.072,0.585,-0.105,0.7091
1389,174,9,SMALL,diag,0.0098,0.0157,0.103,0.387,-0.023,0.6766
1390,41,16,SMALL,both,0.0231,0.0353,0.153,0.529,-0.227,0.8984
1391,491,17,MEDIUM,both,0.0288,0.0521,-0.045,0.097,-0.145,0.6782
1392,2340,27,ETC,posting,0.047,0.0229,0.058,0.183,-0.022,0.8401
1393,187,5,SMALL,diag,0.0638,0.0281,0.129,0.177,-0.206,0.7609
1394,476,10,MEDIUM,posting,0.0171,0.0147,-0.156,-0.464,0.23,0.3757
1395,191,38,ETC,diag,0.0077,0.0061,0.013,-0.426,0.114,0.4199
1396,20,30,SMALL,both,0.0297,0.0181,-0.019,0.544,0.532,0.5091
1397,102,16,SMALL,diag,0.0572,0.0371,0.131,0.213,0.464,0.7958
1398,1752,16,LARGE,posting,0.0185,0.0227,-0.032,0.011,0.241,0.5658
1399,3337,15,LARGE,diag,0.0192,0.0158,0.019,-0.098,-0.181,0.715
1400,296,47,SMALL,posting,0.0151,0.0167,-0.041,-0.503,-0.302,0.5969
1401,119,9,SMALL,diag,0.0093,0.0123,-0.165,-0.125,0.237,0.1835
1402,717,21,MEDIUM,both,0.0398,0.0305,-0.141,-0.08,0.229,0.6013
1403,107,15,SMALL,posting,0.0067,0.007,0.263,0.804,0.21,0.8201
1404,409,48,MEDIUM,posting,0.0576,0.0951,0.215,0.683,-0.026,0.8475
1405,303,48,ETC,diag,0.0317,0.0245,-0.135,-0.029,0.447,0.1721
1406,127,25,SMALL,both,0.0836,0.0416,0.003,0.152,-0.18,0.8679
1407,575,46,MEDIUM,both,0.0195,0.0195,0.102,-0.187,-0.189,0.8362
1408,279,48,SMALL,diag,0.0623,0.0286,0.168,0.427,-0.299,0.7485
1409,2038,24,LARGE,both,0.0111,0.0068,-0.123,-0.501,0.039,0.6939
1410,1035,49,LARGE,diag,0.0038,0.015,0.088,0.635,0.302,0.3869
1411,327,21,MEDIUM,diag,0.0377,0.0891,-0.081,-0.133,-0.282,0.3637
1412,72,34,SMALL,diag,0.0611,0.0573,-0.025,-0.057,0.177,0.4763
1413,101,40,SMALL,posting,0.0128,0.0073,0.186,0.026,0.349,0.8215
1414,959,8,MEDIUM,both,0.0221,0.0094,0.202,0.361,0.13,0.9668
1415,723,28,MEDIUM,both,0.0231,0.0101,0.025,0.26,0.237,0.8695
1416,87,25,SMALL,posting,0.0555,0.035,0.123,0.091,0.442,0.7418
1417,317,5,MEDIUM,diag,0.0265,0.0314,0.087,-0.152,0.272,0.6493
1418,128,20,SMALL,posting,0.0143,0.0246,-0.012,-0.244,0.246,0.4158
1419,85,7,SMALL,posting,0.0223,0.0256,0.142,-0.009,0.004,0.6043
1420,46,31,SMALL,both,0.0427,0.0409,-0.106,-0.041,-0.116,0.5145
1421,257,10,SMALL,posting,0.0275,0.0197,-0.01,0.458,0.407,0.5735
1422,282,21,SMALL,diag,0.0159,0.0194,0.128,0.241,0.173,0.6797
1423,193,6,SMALL,diag,0.0303,0.0176,0.05,-0.188,0.184,0.6619
1424,75,52,SMALL,posting,0.0398,0.0694,0.046,0.381,-0.158,0.4472
1425,407,23,MEDIUM,diag,0.0347,0.0279,-0.048,-0.454,0.317,0.5385
1426,159,33,ETC,posting,0.0243,0.0255,0.199,0.649,0.118,0.8376
1427,635,15,MEDIUM,diag,0.026,0.0202,-0.003,-0.107,-0.157,0.6109
1428,379,60,MEDIUM,diag,0.0258,0.0239,0.038,0.095,0.144,0.3965
1429,181,8,SMALL,posting,0.0207,0.0184,-0.015,-0.332,-0.114,0.4828
1430,808,9,MEDIUM,posting,0.0706,0.0545,0.103,-0.237,0.091,0.6595
1431,131,31,SMALL,both,0.0117,0.0125,0.045,-0.083,0.189,0.6688
1432,139,34,SMALL,diag,0.0122,0.0081,0.022,-0.298,-0.25,0.5111
1433,318,11,MEDIUM,posting,0.0241,0.0245,0.203,0.113,0.315,0.7633
1434,672,16,MEDIUM,both,0.0837,0.0841,0.084,-0.019,0.136,0.8564
1435,244,67,SMALL,both,0.0742,0.0562,0.156,0.485,-0.386,0.8499
1436,339,32,MEDIUM,diag,0.0534,0.1055,0.041,0.327,-0.129,0.4503
1437,402,24,MEDIUM,diag,0.0279,0.0212,-0.006,0.16,-0.136,0.6701
1438,210,19,SMALL,diag,0.0164,0.0408,-0.117,-0.343,0.071,0.1424
1439,397,18,MEDIUM,both,0.1689,0.1696,0.03,-0.219,-0.048,0.7935
1440,381,13,MEDIUM,both,0.0582,0.0944,0.078,0.031,0.355,0.9291
1441,47,56,SMALL,both,0.0089,0.01,-0.02,0.495,-0.193,0.5123
1442,1253,34,LARGE,both,0.029,0.0267,-0.083,0.487,-0.058,0.6802
1443,1475,58,LARGE,diag,0.0067,0.0085,-0.102,-0.128,-0.066,0.3355
1444,354,11,MEDIUM,diag,0.0906,0.15,0.017,-0.174,-0.041,0.5753
1445,938,3,MEDIUM,posting,0.0059,0.0051,0.077,0.222,-0.144,0.6349
1446,352,36,MEDIUM,diag,0.017,0.0101,0.235,0.696,0.433,0.9517
1447,722,23,MEDIUM,both,0.0399,0.0567,-0.056,-0.5,0.092,0.6543
1448,909,25,MEDIUM,posting,0.0269,0.0257,-0.021,-0.207,0.13,0.4398
1449,193,23,SMALL,diag,0.0198,0.0103,0.178,0.522,-0.034,0.9144
1450,509,28,MEDIUM,diag,0.0255,0.0125,-0.015,0.14,0.106,0.5554
1451,1391,3,LARGE,diag,0.0315,0.0183,-0.123,-0.201,0.312,0.595
1452,1012,12,LARGE,diag,0.0669,0.0941,0.033,-0.015,-0.071,0.7009
1453,1652,19,LARGE,diag,0.0845,0.0942,-0.001,-0.477,0.626,0.7167
1454,1522,21,LARGE,posting,0.0041,0.0033,0.086,0.436,0.108,0.7837
1455,597,10,MEDIUM,posting,0.042,0.0477,0.152,-0.015,-0.266,0.789
1456,111,32,SMALL,diag,0.0775,0.0852,-0.019,0.066,0.1,0.3949
1457,610,37,MEDIUM,diag,0.0969,0.0782,0.051,0.03,-0.123,0.7188
1458,856,17,MEDIUM,diag,0.0442,0.0647,0.032,-0.11,0.016,0.3974
1459,801,19,MEDIUM,posting,0.0428,0.0681,-0.089,-0.016,0.016,0.426
1460,164,39,SMALL,posting,0.0067,0.0053,0.133,0.461,0.061,0.4927
1461,714,10,MEDIUM,diag,0.0202,0.0153,0.04,0.306,-0.03,0.4358
1462,171,38,SMALL,posting,0.0304,0.0327,0.147,0.488,0.135,0.7479
1463,697,17,MEDIUM,both,0.0087,0.0099,0.069,0.345,-0.296,0.8892
1464,2605,19,LARGE,diag,0.0816,0.0578,0.088,-0.001,0.634,0.9079
1465,110,31,SMALL,posting,0.0742,0.251,0.04,0.365,0.016,0.2908
1466,201,17,SMALL,both,0.0048,0.003,0.056,0.293,-0.142,0.8123
1467,337,7,MEDIUM,both,0.0334,0.0207,-0.148,-0.272,0.497,0.6711
1468,1291,25,LARGE,posting,0.0788,0.1512,0.061,0.188,-0.242,0.7434
1469,11457,15,LARGE,diag,0.0353,0.032,-0.109,-0.468,-0.148,0.587
1470,530,24,MEDIUM,diag,0.0233,0.0138,0.137,0.373,-0.337,0.7546
1471,350,19,MEDIUM,diag,0.0091,0.0063,0.221,0.452,-0.315,0.9031
1472,262,31,SMALL,posting,0.0349,0.0254,0.011,0.357,-0.09,0.5818
1473,40,8,SMALL,posting,0.0056,0.0044,0.002,-0.455,0.089,0.3012
1474,307,34,MEDIUM,diag,0.0225,0.012,0.012,0.33,0.572,0.653
1475,364,57,MEDIUM,diag,0.009,0.0045,0.013,0.052,-0.171,0.5102
1476,1396,5,LARGE,posting,0.0177,0.009,0.129,-0.038,-0.243,0.861
1477,31,32,SMALL,diag,0.0329,0.0252,-0.014,-0.029,-0.024,0.5565
1478,280,41,SMALL,diag,0.0166,0.0122,0.112,-0.138,0.046,0.7712
1479,389,11,MEDIUM,both,0.059,0.0325,0.001,-0.019,0.034,0.8491
1480,77,20,SMALL,posting,0.048,0.038,-0.016,0.231,-0.122,0.4564
1481,1188,14,LARGE,diag,0.1246,0.0952,0.022,0.351,0.314,0.8567
1482,365,35,MEDIUM,posting,0.0056,0.0068,-0.004,-0.013,-0.124,0.2105
1483,588,54,MEDIUM,both,0.0311,0.0168,0.09,-0.255,0.011,0.829
1484,256,19,SMALL,diag,0.0458,0.0748,0.093,0.055,0.127,0.7032
1485,209,51,SMALL,both,0.0034,0.0043,0.152,0.158,0.112,0.7682
1486,51,16,SMALL,posting,0.0507,0.0404,0.084,-0.311,0.039,0.6382
1487,652,12,MEDIUM,diag,0.0069,0.0049,0.077,-0.067,-0.285,0.6709
1488,943,70,MEDIUM,diag,0.0962,0.1661,-0.052,-0.026,0.283,0.1779
1489,585,62,MEDIUM,diag,0.0364,0.0269,-0.055,0.072,-0.046,0.4338
1490,123,11,SMALL,posting,0.0414,0.0484,-0.062,0.095,-0.327,0.5374
1491,147,24,SMALL,both,0.0324,0.0453,-0.183,-0.118,0.166,0.3357
1492,75,18,SMALL,diag,0.0244,0.0269,0.145,0.304,0.239,0.7111
1493,234,50,SMALL,diag,0.019,0.0276,0.015,0.126,-0.181,0.2672
1494,1411,16,LARGE,both,0.0462,0.0722,0.339,0.506,-0.009,0.9825
1495,618,13,MEDIUM,diag,0.021,0.0096,0.029,-0.015,0.256,0.7734
1496,139,64,SMALL,posting,0.0527,0.0534,0.072,0.213,-0.327,0.7368
1497,59,15,SMALL,diag,0.002,0.002,-0.192,-0.341,-0.279,0.1143
1498,397,20,MEDIUM,both,0.0322,0.0259,-0.048,-0.269,0.208,0.8326
1499,498,32,MEDIUM,diag,0.0439,0.0459,-0.102,-0.142,0.313,0.2857
1500,233,25,SMALL,diag,0.0313,0.0664,0.081,-0.221,-0.426,0.4287
1501,202,12,SMALL,diag,0.021,0.0198,0.066,0.172,-0.063,0.7172
1502,166,13,SMALL,diag,0.0271,0.0129,0.059,0.045,-0.021,0.6151
1503,232,30,SMALL,posting,0.0232,0.0262,0.105,0.271,-0.008,0.6756
1504,102,59,SMALL,diag,0.0187,0.0228,0.144,0.527,-0.019,0.6247
1505,388,22,MEDIUM,both,0.0234,0.0357,0.086,0.074,-0.02,0.739
1506,472,26,MEDIUM,both,0.0434,0.0176,0.098,0.236,0.031,0.948
1507,397,21,MEDIUM,posting,0.0052,0.0035,0.103,0.255,0.095,0.6803
1508,343,22,MEDIUM,both,0.0767,0.1196,0.09,0.026,0.198,0.71
1509,1250,21,LARGE,both,0.0305,0.0332,0.106,-0.061,0.16,0.9341
1510,221,25,SMALL,diag,0.1131,0.0483,-0.049,-0.306,-0.027,0.5247
1511,306,7,MEDIUM,posting,0.014,0.0099,0.199,0.084,-0.066,0.9086
1512,2086,15,LARGE,diag,0.0331,0.0376,0.252,0.495,-0.357,0.8765
1513,63,20,SMALL,posting,0.0191,0.0188,0.003,0.444,-0.014,0.3284
1514,32,35,SMALL,diag,0.0538,0.0445,0.031,-0.378,0.186,0.5995
1515,522,9,MEDIUM,posting,0.042,0.0523,-0.172,-0.472,-0.413,0.1935
1516,235,13,ETC,diag,0.0176,0.0199,0.106,0.247,0.154,0.736
1517,2447,16,LARGE,both,0.0115,0.0147,0.105,0.223,-0.092,0.904
1518,865,20,MEDIUM,both,0.0102,0.0064,0.093,-0.139,-0.156,0.9571
1519,689,20,MEDIUM,diag,0.0143,0.0267,0.124,-0.013,-0.132,0.7785
1520,733,25,MEDIUM,diag,0.0567,0.1101,-0.152,-0.404,0.045,0.6413
1521,97,93,SMALL,diag,0.0407,0.0682,-0.12,-0.458,0.007,0.0946
1522,334,16,MEDIUM,both,0.0274,0.0143,0.236,0.704,0.175,0.9343
1523,2862,10,LARGE,diag,0.0771,0.0783,0.157,0.266,0.207,0.8685
1524,76,54,SMALL,both,0.0542,0.0754,0.051,-0.004,0.203,0.6259
1525,286,20,SMALL,both,0.022,0.0413,0.052,-0.029,0.286,0.6984
1526,95,28,SMALL,posting,0.0028,0.0034,-0.112,-0.262,-0.081,0.2343
1527,581,7,MEDIUM,diag,0.0804,0.0929,-0.126,-0.188,0.107,0.2881
1528,819,7,MEDIUM,diag,0.0232,0.0134,-0.128,0.079,0.022,0.4954
1529,107,13,SMALL,diag,0.0149,0.015,0.081,0.082,-0.247,0.3939
1530,295,15,SMALL,diag,0.0522,0.0406,0.033,-0.222,-0.068,0.3452
1531,1323,39,LARGE,diag,0.012,0.0126,-0.004,0.394,0.253,0.6182
1532,328,33,ETC,both,0.0098,0.0077,0.052,0.053,-0.15,0.7834
1533,95,25,SMALL,diag,0.0204,0.0404,-0.018,0.047,-0.119,0.1675
1534,492,27,MEDIUM,both,0.0302,0.0448,-0.043,-0.203,0.001,0.7932
1535,2573,4,LARGE,both,0.0588,0.0427,-0.018,0.069,0.215,0.9029
1536,66,119,SMALL,both,0.046,0.0997,-0.131,-0.047,0.345,0.2356
1537,183,28,SMALL,diag,0.0306,0.021,0.052,0.071,-0.195,0.4962
1538,217,43,SMALL,posting,0.0254,0.0243,0.005,-0.021,-0.254,0.471
1539,522,28,MEDIUM,both,0.0479,0.054,-0.058,-0.457,-0.043,0.8005
1540,413,30,MEDIUM,posting,0.0477,0.0255,0.024,0.098,0.161,0.4946
1541,568,42,MEDIUM,both,0.0077,0.0105,-0.092,0.083,-0.073,0.4475
1542,2307,12,ETC,diag,0.0031,0.0023,0.051,0.408,0.126,0.8596
1543,284,9,SMALL,both,0.0051,0.0104,-0.001,0.379,0.192,0.8555
1544,119,42,SMALL,diag,0.0285,0.0208,0.037,-0.017,0.178,0.4697
1545,329,22,MEDIUM,diag,0.0042,0.0047,-0.013,0.202,0.127,0.5358
1546,1566,31,LARGE,posting,0.0255,0.0574,0.046,-0.157,-0.19,0.6156
1547,246,33,SMALL,diag,0.0437,0.0295,0.048,-0.218,0.343,0.6313
1548,628,37,MEDIUM,diag,0.0254,0.017,-0.0,-0.339,-0.056,0.5784
1549,350,41,MEDIUM,posting,0.0596,0.0362,0.093,0.031,-0.353,0.714
1550,244,9,SMALL,both,0.0309,0.0431,-0.035,-0.483,-0.057,0.5367
1551,191,24,SMALL,both,0.0249,0.0324,-0.038,0.151,0.522,0.6419
1552,811,16,MEDIUM,posting,0.0403,0.0193,0.011,-0.01,0.036,0.7754
1553,171,43,SMALL,diag,0.0191,0.022,-0.049,-0.198,-0.032,0.13
1554,239,36,SMALL,diag,0.0196,0.0349,0.053,0.371,0.097,0.396
1555,47,24,SMALL,diag,0.0596,0.0518,0.042,0.138,0.096,0.6487
1556,233,3,SMALL,diag,0.0572,0.0259,-0.04,-0.054,-0.257,0.5986
1557,242,10,SMALL,diag,0.0644,0.0738,-0.188,-0.374,0.138,0.2096
1558,343,30,MEDIUM,both,0.0142,0.0099,0.071,-0.125,-0.172,0.8634
1559,163,28,SMALL,diag,0.0794,0.0421,0.035,-0.685,0.317,0.5304
1560,70,43,SMALL,both,0.0444,0.0359,0.081,-0.24,0.505,0.7672
1561,429,27,MEDIUM,both,0.0405,0.0659,0.039,0.334,-0.015,0.8202
1562,539,7,MEDIUM,posting,0.0397,0.049,-0.08,-0.226,-0.231,0.4526
1563,136,17,SMALL,both,0.032,0.0243,-0.02,0.35,-0.122,0.5993
1564,373,52,MEDIUM,posting,0.0353,0.0605,-0.054,-0.085,0.155,0.4196
1565,172,2,SMALL,diag,0.0135,0.0217,-0.062,0.016,-0.031,0.5861
1566,234,14,SMALL,diag,0.0074,0.0089,0.069,0.46,0.166,0.7572
1567,331,43,MEDIUM,both,0.0365,0.0593,-0.034,-0.068,-0.027,0.5491
1568,156,9,SMALL,diag,0.0404,0.0301,0.064,-0.034,0.456,0.587
1569,94,23,ETC,diag,0.0339,0.0495,0.035,0.032,-0.091,0.2778
1570,2319,38,LARGE,both,0.0507,0.0537,-0.105,0.09,0.035,0.8325
1571,237,31,SMALL,posting,0.0371,0.0207,0.084,0.109,-0.301,0.5378
1572,363,8,MEDIUM,diag,0.0593,0.0569,0.048,-0.121,0.041,0.5453
1573,1200,55,LARGE,diag,0.0053,0.0052,-0.054,-0.398,0.133,0.3085
1574,970,9,MEDIUM,posting,0.0685,0.0691,-0.058,-0.231,-0.317,0.5143
1575,99,22,SMALL,diag,0.002,0.002,0.17,0.134,0.027,0.7568
1576,167,18,SMALL,diag,0.0145,0.0207,0.019,0.148,0.039,0.3416
1577,7284,19,LARGE,diag,0.0444,0.0988,0.177,0.511,0.384,0.9581
1578,319,4,MEDIUM,diag,0.0737,0.1457,0.083,0.219,0.014,0.786
1579,720,17,MEDIUM,both,0.0206,0.0109,-0.047,0.274,-0.161,0.7694
1580,404,6,MEDIUM,both,0.0216,0.0332,-0.02,-0.118,0.133,0.8057
1581,228,4,SMALL,diag,0.0158,0.0249,0.028,0.478,0.151,0.5965
1582,310,52,MEDIUM,both,0.0395,0.0441,0.154,0.212,-0.448,0.8148
1583,394,12,MEDIUM,both,0.0796,0.0431,0.138,0.482,0.085,0.9577
1584,425,93,MEDIUM,diag,0.0564,0.0514,-0.201,-0.83,0.269,0.0868
1585,17,22,SMALL,diag,0.0079,0.0091,-0.131,-0.319,0.424,0.0856
1586,166,19,SMALL,diag,0.0264,0.0156,0.145,0.112,0.043,0.8916
1587,123,51,SMALL,diag,0.0082,0.0055,0.195,0.193,0.237,0.8051
1588,38,23,SMALL,posting,0.0522,0.0281,-0.107,-0.201,-0.139,0.2421
1589,107,24,SMALL,posting,0.1434,0.125,-0.058,0.018,-0.137,0.4484
1590,26,15,SMALL,diag,0.0023,0.0029,0.028,-0.489,0.232,0.3583
1591,2060,6,LARGE,both,0.0344,0.0261,0.041,0.407,-0.294,0.8397
1592,167,30,SMALL,diag,0.0451,0.0272,-0.035,-0.024,-0.209,0.4886
1593,166,9,SMALL,diag,0.0063,0.008,0.089,-0.014,0.099,0.7104
1594,654,17,MEDIUM,posting,0.0476,0.0482,-0.015,0.442,-0.071,0.7162
1595,221,23,SMALL,posting,0.021,0.0304,0.035,0.22,-0.07,0.3952
1596,592,10,MEDIUM,diag,0.0296,0.056,-0.011,0.261,-0.015,0.4699
1597,197,21,SMALL,diag,0.0324,0.0954,0.107,0.127,0.145,0.6028
1598,260,46,SMALL,diag,0.0152,0.017,0.069,0.367,-0.12,0.7382
1599,195,28,SMALL,diag,0.0159,0.0076,-0.055,-0.101,-0.202,0.6543
1600,751,37,ETC,diag,0.016,0.0168,0.047,-0.055,-0.207,0.9083
1601,156,33,SMALL,diag,0.0957,0.0825,0.044,0.144,0.534,0.4771
1602,18,56,SMALL,both,0.0299,0.0246,0.094,-0.289,-0.038,0.7485
1603,307,22,MEDIUM,posting,0.0993,0.0734,0.125,-0.02,0.621,0.7552
1604,840,94,MEDIUM,diag,0.0135,0.0087,0.203,0.642,0.031,0.6405
1605,129,21,SMALL,posting,0.0046,0.0024,0.098,0.449,0.016,0.5012
1606,89,29,SMALL,diag,0.0532,0.0493,-0.132,0.097,0.181,0.1851
1607,146,53,SMALL,diag,0.0067,0.0104,-0.023,-0.211,-0.242,0.3623
1608,22,65,SMALL,posting,0.0351,0.027,-0.146,-0.07,-0.083,0.0499
1609,91,55,SMALL,both,0.023,0.0313,-0.032,0.138,0.063,0.503
1610,124,22,SMALL,both,0.0904,0.0945,0.021,0.079,-0.114,0.7781
1611,618,0,MEDIUM,diag,0.0219,0.0304,-0.138,-0.439,0.172,0.1152
1612,170,11,SMALL,both,0.1117,0.3561,0.11,0.257,0.095,0.8377
1613,630,15,MEDIUM,posting,0.0116,0.0142,-0.008,0.125,0.156,0.6292
1614,64,26,SMALL,posting,0.0146,0.015,0.098,-0.148,-0.026,0.6895
1615,4376,18,LARGE,diag,0.0611,0.0484,0.079,-0.315,0.343,0.8398
1616,109,33,SMALL,both,0.0866,0.0755,-0.114,-0.442,-0.119,0.5908
1617,91,28,SMALL,posting,0.0448,0.024,0.108,0.318,0.125,0.6926
1618,1214,4,LARGE,both,0.083,0.1704,0.023,0.464,0.111,0.8883
1619,83,18,SMALL,diag,0.002,0.002,-0.018,-0.116,-0.178,0.326
1620,387,65,MEDIUM,diag,0.0085,0.0111,-0.124,0.341,0.016,0.1601
1621,6406,7,ETC,posting,0.0547,0.0523,-0.037,-0.126,-0.245,0.6054
1622,160,12,SMALL,diag,0.0191,0.023,0.136,-0.099,-0.055,0.3837
1623,34,11,SMALL,diag,0.0404,0.097,0.018,0.165,-0.062,0.3698
1624,300,14,MEDIUM,diag,0.0499,0.0644,-0.055,-0.596,-0.122,0.4902
1625,136,23,SMALL,diag,0.0213,0.0159,-0.003,-0.139,0.09,0.6879
1626,102,19,SMALL,posting,0.0722,0.0982,-0.036,-0.229,0.387,0.3953
1627,501,30,MEDIUM,posting,0.0739,0.157,-0.025,-0.127,-0.164,0.5591
1628,872,18,MEDIUM,both,0.0048,0.0032,0.004,-0.649,0.056,0.7639
1629,448,47,MEDIUM,diag,0.0251,0.0212,0.09,0.121,0.181,0.7952
1630,418,5,MEDIUM,posting,0.0603,0.0606,0.078,-0.091,0.097,0.7778
1631,54,37,SMALL,diag,0.0301,0.0164,-0.038,-0.106,-0.064,0.5565
1632,158,15,SMALL,both,0.0055,0.006,0.033,0.104,0.187,0.6797
1633,690,16,MEDIUM,both,0.1144,0.0763,0.2,0.637,-0.038,0.9672
1634,83,51,SMALL,diag,0.0213,0.0301,-0.0,-0.082,0.301,0.0992
1635,464,13,MEDIUM,both,0.1059,0.0654,-0.046,0.259,-0.003,0.8788
1636,103,35,SMALL,diag,0.0141,0.0076,-0.024,0.082,0.112,0.5014
1637,759,42,MEDIUM,posting,0.0129,0.0185,0.08,0.053,0.342,0.7051
1638,103,23,SMALL,diag,0.0431,0.0236,-0.053,0.094,0.05,0.3411
1639,660,3,MEDIUM,diag,0.0125,0.0095,0.196,0.636,-0.113,0.8377
1640,658,61,MEDIUM,diag,0.0141,0.0067,-0.022,0.258,0.188,0.5214
1641,293,3,SMALL,posting,0.015,0.0255,-0.092,-0.145,-0.089,0.378
1642,233,8,SMALL,posting,0.0199,0.0155,0.031,-0.057,0.14,0.6044
1643,71,9,SMALL,diag,0.0155,0.0214,-0.085,-0.083,-0.306,0.3662
1644,63,19,SMALL,posting,0.0499,0.0577,0.185,0.463,0.115,0.4412
1645,2922,31,LARGE,diag,0.0038,0.0044,0.263,0.037,0.11,0.8764
1646,112,28,SMALL,both,0.1193,0.1822,-0.113,-0.117,-0.32,0.5691
1647,34,23,SMALL,posting,0.0242,0.0172,0.103,0.207,-0.394,0.5927
1648,388,30,MEDIUM,diag,0.0248,0.0258,0.025,0.198,-0.153,0.6581
1649,158,30,SMALL,diag,0.0756,0.0602,0.102,0.393,-0.232,0.7321
1650,311,59,MEDIUM,posting,0.0279,0.0153,0.059,-0.203,-0.218,0.5896
1651,273,24,SMALL,both,0.0279,0.0203,-0.105,-0.648,0.015,0.6656
1652,73,3,SMALL,both,0.0195,0.0236,-0.029,-0.313,-0.111,0.4911
1653,29,56,SMALL,both,0.0461,0.0322,-0.018,0.024,-0.069,0.4595
1654,261,39,SMALL,both,0.002,0.002,-0.076,-0.851,0.214,0.3683
1655,1021,101,LARGE,posting,0.0178,0.0098,0.041,0.066,0.096,0.4966
1656,182,80,SMALL,diag,0.0637,0.1006,-0.018,-0.298,0.022,0.203
1657,355,71,MEDIUM,diag,0.0323,0.0381,0.022,0.147,0.054,0.4788
1658,637,23,MEDIUM,diag,0.0079,0.0059,-0.14,0.045,-0.146,0.2092
1659,144,36,SMALL,both,0.0509,0.0192,-0.004,-0.044,0.05,0.8242
1660,117,13,SMALL,diag,0.023,0.0144,-0.086,-0.129,0.085,0.4176
1661,147,18,ETC,posting,0.0351,0.0892,0.074,0.553,-0.184,0.5323
1662,720,34,MEDIUM,both,0.0059,0.0047,0.175,0.703,-0.039,0.8872
1663,476,44,MEDIUM,posting,0.0104,0.0143,0.233,0.906,-0.403,0.7866
1664,368,9,MEDIUM,posting,0.0132,0.0179,0.022,-0.414,0.102,0.7874
1665,69,20,SMALL,both,0.067,0.0752,-0.059,-0.179,-0.082,0.4851
1666,2219,14,LARGE,both,0.0289,0.0277,0.044,-0.236,0.108,0.89
1667,297,8,SMALL,posting,0.0246,0.0271,-0.07,0.179,0.251,0.454
1668,210,23,SMALL,diag,0.0803,0.0886,0.012,0.043,0.132,0.7127
1669,582,39,MEDIUM,posting,0.0181,0.0164,0.16,0.093,0.28,0.8135
1670,582,26,MEDIUM,diag,0.0388,0.031,0.092,0.314,-0.161,0.7245
1671,246,16,SMALL,both,0.029,0.029,0.104,0.385,0.525,0.8453
1672,577,17,MEDIUM,both,0.0341,0.0269,0.082,0.581,-0.099,0.8858
1673,2387,45,LARGE,both,0.0194,0.0053,-0.055,0.206,-0.144,0.7276
1674,531,50,MEDIUM,posting,0.0825,0.0305,-0.006,-0.061,0.143,0.505
1675,219,44,SMALL,diag,0.02,0.016,0.088,0.015,0.166,0.3344
1676,87,5,SMALL,diag,0.0972,0.0441,-0.131,0.197,-0.109,0.2015
1677,86,29,SMALL,diag,0.0138,0.0228,0.053,-0.273,0.244,0.3474
1678,117,9,SMALL,both,0.0302,0.0281,0.198,-0.022,0.136,0.8537
1679,142,109,SMALL,diag,0.0177,0.0173,0.059,-0.219,0.126,0.2435
1680,71,43,SMALL,diag,0.0108,0.0216,0.067,0.418,-0.287,0.4385
1681,203,10,SMALL,posting,0.0348,0.0522,0.005,0.015,-0.224,0.6469
1682,237,26,SMALL,both,0.024,0.0176,0.031,-0.029,0.323,0.9048
1683,89,14,SMALL,diag,0.0168,0.0091,0.186,0.363,0.243,0.6152
1684,42,7,ETC,both,0.0163,0.0231,0.107,0.28,0.187,0.7502
1685,765,13,MEDIUM,posting,0.0456,0.0415,-0.145,-0.386,0.063,0.5162
1686,629,6,MEDIUM,posting,0.0065,0.0072,0.13,0.049,-0.057,0.8896
1687,196,35,SMALL,diag,0.0155,0.0067,0.202,0.044,-0.341,0.8136
1688,291,5,SMALL,both,0.0048,0.0064,0.061,0.095,-0.262,0.75
1689,329,26,MEDIUM,diag,0.0684,0.0672,0.052,0.082,-0.306,0.6486
1690,614,12,MEDIUM,posting,0.04,0.0177,-0.095,-0.03,0.151,0.3572
1691,520,1,ETC,diag,0.0206,0.0101,0.017,-0.021,0.156,0.5802
1692,241,41,SMALL,diag,0.0302,0.0163,0.036,0.093,-0.15,0.6814
1693,172,46,SMALL,diag,0.0232,0.0477,-0.041,-0.304,0.081,0.4125
1694,121,46,SMALL,posting,0.0117,0.0176,0.005,-0.263,-0.053,0.3542
1695,506,17,MEDIUM,diag,0.0405,0.0222,0.13,0.318,0.117,0.7225
1696,2029,24,LARGE,posting,0.0139,0.0177,0.047,-0.259,0.01,0.5919
1697,314,32,MEDIUM,posting,0.0136,0.0129,-0.018,0.261,0.272,0.3304
1698,677,75,MEDIUM,posting,0.0354,0.0402,0.269,0.624,0.238,0.7844
1699,990,37,MEDIUM,diag,0.032,0.0346,-0.083,-0.145,-0.056,0.4536
1700,269,24,SMALL,both,0.0361,0.0603,0.072,-0.165,0.538,0.8549
1701,37,8,SMALL,posting,0.0232,0.0225,0.168,0.529,0.097,0.6505
1702,138,32,SMALL,both,0.037,0.0552,-0.155,-0.361,-0.134,0.5069
1703,870,6,MEDIUM,diag,0.0829,0.0632,0.014,-0.136,0.069,0.6896
1704,233,28,SMALL,both,0.0099,0.0087,0.049,-0.36,0.026,0.7657
1705,986,7,MEDIUM,posting,0.0527,0.0351,0.257,0.905,0.068,0.9531
1706,112,18,SMALL,both,0.0448,0.0727,-0.1,0.367,0.274,0.4611
1707,528,17,MEDIUM,posting,0.0196,0.0283,0.019,0.456,-0.095,0.6429
1708,126,45,SMALL,diag,0.0398,0.0604,-0.034,-0.189,-0.111,0.2891
1709,134,29,SMALL,diag,0.1013,0.196,0.279,0.525,-0.361,0.8237
1710,609,27,ETC,posting,0.002,0.002,0.072,0.346,-0.087,0.5717
1711,580,93,MEDIUM,diag,0.0425,0.0464,0.121,0.361,-0.117,0.7295
1712,64,64,SMALL,diag,0.0688,0.0437,-0.056,-0.173,0.365,0.5836
1713,655,20,MEDIUM,both,0.0531,0.0511,0.092,0.385,0.185,0.9182
1714,322,28,ETC,posting,0.047,0.0752,0.023,0.178,0.404,0.5458
1715,619,16,MEDIUM,diag,0.0828,0.0657,0.167,-0.102,-0.042,0.8673
1716,676,48,MEDIUM,posting,0.0299,0.0397,0.079,0.101,0.48,0.7355
1717,377,11,MEDIUM,both,0.0607,0.0557,-0.004,0.018,-0.254,0.883
1718,890,23,MEDIUM,both,0.0504,0.0454,0.099,0.115,0.01,0.9285
1719,184,3,SMALL,diag,0.0306,0.0379,0.025,0.1,0.201,0.5267
1720,825,18,MEDIUM,diag,0.0508,0.0686,-0.053,-0.207,-0.297,0.6533
1721,27,27,SMALL,both,0.0168,0.0351,0.091,0.27,-0.159,0.7446
1722,251,35,SMALL,diag,0.0295,0.0329,0.056,0.586,0.443,0.4469
1723,149,5,SMALL,diag,0.0388,0.0184,0.148,0.382,0.142,0.8734
1724,313,26,MEDIUM,posting,0.0803,0.082,0.062,0.282,-0.122,0.7759
1725,1408,17,LARGE,both,0.005,0.008,0.078,-0.506,0.481,0.8409
1726,1356,13,LARGE,diag,0.0524,0.0849,-0.019,0.174,-0.162,0.3545
1727,914,16,MEDIUM,diag,0.0071,0.0084,0.082,0.304,0.108,0.6123
1728,341,38,MEDIUM,both,0.0309,0.0276,-0.152,-0.21,0.009,0.542
1729,38,12,ETC,diag,0.0266,0.0191,-0.017,0.078,-0.054,0.3453
1730,423,16,MEDIUM,diag,0.0364,0.0259,0.076,-0.171,-0.066,0.8706
1731,387,15,MEDIUM,diag,0.0477,0.0551,0.175,0.362,0.445,0.775
1732,173,7,SMALL,diag,0.0262,0.0165,0.027,0.217,0.662,0.6714
1733,172,47,SMALL,both,0.007,0.0088,-0.021,-0.1,-0.074,0.4123
1734,1951,32,LARGE,diag,0.0751,0.1352,-0.029,0.471,0.27,0.5692
1735,1062,23,LARGE,posting,0.1208,0.0892,-0.045,0.076,0.504,0.5323
1736,182,119,SMALL,both,0.0102,0.0077,0.204,0.453,0.247,0.8122
1737,763,54,MEDIUM,both,0.0159,0.0154,-0.134,0.153,-0.004,0.4497
1738,511,16,MEDIUM,diag,0.0575,0.0358,0.084,-0.38,0.06,0.698
1739,274,19,SMALL,both,0.0233,0.0237,0.008,0.544,0.065,0.7357
1740,136,16,SMALL,diag,0.0304,0.0318,-0.064,-0.448,0.554,0.2173
1741,336,27,MEDIUM,posting,0.0074,0.0111,0.099,0.063,0.222,0.6642
1742,236,31,ETC,diag,0.0309,0.0259,0.206,0.312,-0.096,0.8242
1743,38,28,SMALL,diag,0.0392,0.1172,0.183,0.585,-0.016,0.4945
1744,282,13,SMALL,diag,0.0332,0.0672,0.124,0.314,-0.244,0.7985
1745,1868,19,LARGE,posting,0.0587,0.0669,-0.122,0.094,0.475,0.4188
1746,79,26,SMALL,diag,0.004,0.0035,-0.134,-0.356,0.22,0.109
1747,547,14,MEDIUM,diag,0.0448,0.0397,0.139,0.268,0.277,0.7297
1748,727,38,MEDIUM,both,0.0898,0.0924,0.038,-0.142,-0.183,0.7918
1749,164,35,SMALL,posting,0.0194,0.016,0.03,0.052,0.382,0.6435
1750,615,39,MEDIUM,both,0.0079,0.0135,0.024,0.351,0.158,0.8733
1751,2895,8,LARGE,diag,0.025,0.0145,0.111,0.184,0.173,0.8778
1752,483,4,MEDIUM,posting,0.0195,0.0222,0.063,0.092,0.406,0.5625
1753,358,6,MEDIUM,posting,0.0363,0.0354,-0.059,0.091,0.091,0.4454
1754,310,19,MEDIUM,posting,0.065,0.0419,0.171,-0.099,0.289,0.8689
1755,937,11,MEDIUM,posting,0.0504,0.0706,0.149,0.191,-0.073,0.8893
1756,492,50,MEDIUM,diag,0.1006,0.0921,0.035,0.488,0.023,0.4102
1757,568,52,MEDIUM,diag,0.0301,0.0329,-0.188,-0.459,-0.351,0.3017
1758,153,57,SMALL,diag,0.0588,0.042,-0.027,0.139,-0.08,0.6308
1759,188,11,SMALL,posting,0.0442,0.031,0.125,0.276,0.155,0.7677
1760,804,31,MEDIUM,both,0.0136,0.0139,-0.082,0.251,0.198,0.7894
1761,3541,12,LARGE,diag,0.1065,0.0661,0.055,0.272,0.343,0.8591
1762,1197,35,LARGE,posting,0.0251,0.0303,0.009,0.129,0.163,0.5071
1763,725,19,MEDIUM,diag,0.0651,0.1977,0.044,-0.152,-0.095,0.4018
1764,127,16,SMALL,diag,0.0999,0.0751,0.127,0.146,-0.058,0.8162
1765,562,13,MEDIUM,posting,0.016,0.0244,0.196,0.554,0.133,0.7405
1766,160,49,SMALL,diag,0.0082,0.005,-0.019,0.241,0.089,0.4709
1767,1244,54,LARGE,diag,0.0273,0.0187,-0.038,-0.021,0.31,0.3911
1768,180,24,SMALL,both,0.0301,0.0288,0.115,0.28,-0.312,0.8794
1769,30,69,SMALL,diag,0.0285,0.0174,-0.079,-0.485,0.411,0.137
1770,5287,50,LARGE,both,0.0283,0.033,0.108,0.185,0.522,0.9017
1771,477,57,MEDIUM,diag,0.0695,0.1204,0.075,0.108,0.384,0.5307
1772,247,38,ETC,both,0.0244,0.033,-0.109,0.232,-0.085,0.5105
1773,522,32,MEDIUM,both,0.1153,0.1486,0.094,0.224,0.012,0.8201
1774,48,22,SMALL,both,0.0289,0.0352,-0.088,-0.116,-0.186,0.2604
1775,204,3,SMALL,diag,0.0237,0.0184,-0.019,0.135,-0.13,0.519
1776,106,79,SMALL,both,0.0595,0.0647,-0.033,0.04,0.042,0.5522
1777,106,70,SMALL,both,0.0184,0.0346,-0.056,-0.236,0.318,0.3308
1778,128,16,SMALL,posting,0.0228,0.0094,0.323,0.563,0.407,0.8928
1779,689,10,MEDIUM,both,0.0084,0.0097,0.1,0.183,-0.425,0.8245
1780,366,17,MEDIUM,diag,0.0054,0.0065,0.147,0.295,-0.374,0.6623
1781,286,43,SMALL,both,0.0453,0.0584,-0.113,-0.246,-0.047,0.4557
1782,149,12,SMALL,both,0.1109,0.234,-0.005,0.224,-0.118,0.8297
1783,181,60,SMALL,diag,0.0593,0.1094,-0.095,-0.342,0.211,0.249
1784,176,11,ETC,diag,0.009,0.0079,0.006,-0.114,0.106,0.4528
1785,430,12,MEDIUM,posting,0.0087,0.0102,0.05,0.72,0.22,0.6588
1786,604,51,MEDIUM,diag,0.0038,0.0039,-0.048,-0.265,-0.007,0.1744
1787,328,88,MEDIUM,both,0.0368,0.0321,-0.222,-0.531,0.169,0.1528
1788,272,14,SMALL,diag,0.0257,0.0225,-0.038,0.22,-0.471,0.3153
1789,742,5,MEDIUM,posting,0.0673,0.0503,0.019,-0.237,0.021,0.794
1790,840,11,MEDIUM,posting,0.0279,0.0371,-0.202,-0.21,-0.051,0.2999
1791,201,36,SMALL,both,0.0117,0.014,0.06,-0.49,0.222,0.8093
1792,234,17,SMALL,diag,0.0166,0.0159,0.094,-0.004,0.328,0.7881
1793,677,27,MEDIUM,both,0.0323,0.0206,0.045,0.014,0.091,0.9362
1794,1451,19,LARGE,posting,0.0314,0.1191,0.174,1.174,0.046,0.5217
1795,853,53,MEDIUM,posting,0.0575,0.0437,-0.088,-0.235,0.075,0.5555
1796,607,30,MEDIUM,posting,0.0363,0.059,0.08,0.169,-0.11,0.8002
1797,467,30,ETC,diag,0.0136,0.0121,0.073,0.27,-0.205,0.6101
1798,92,17,SMALL,both,0.0337,0.039,0.236,0.351,0.118,0.9246
1799,115,4,SMALL,diag,0.0877,0.0826,0.177,0.223,0.28,0.9198
1800,378,12,MEDIUM,diag,0.0329,0.0442,-0.032,-0.247,-0.264,0.57
1801,214,19,SMALL,posting,0.0547,0.0698,0.073,0.575,0.195,0.6583
1802,507,30,MEDIUM,both,0.0241,0.022,-0.159,-0.458,-0.201,0.5146
1803,475,7,MEDIUM,both,0.098,0.0357,-0.0,-0.114,0.129,0.8905
1804,817,10,MEDIUM,diag,0.0057,0.0057,0.067,0.724,0.465,0.7549
1805,109,19,SMALL,both,0.0521,0.0498,0.144,0.249,-0.064,0.8867
1806,383,41,MEDIUM,both,0.0344,0.0204,-0.05,0.183,-0.176,0.6839
1807,50,45,SMALL,posting,0.048,0.0323,0.168,0.768,-0.128,0.7433
1808,206,2,SMALL,diag,0.0425,0.1044,0.01,-0.187,0.102,0.5557
1809,915,13,MEDIUM,both,0.0221,0.0362,0.007,0.012,0.136,0.7449
1810,107,20,SMALL,posting,0.004,0.0052,0.068,0.436,0.275,0.4475
1811,249,14,SMALL,both,0.0052,0.0056,0.083,0.18,0.039,0.7642
1812,85,62,SMALL,posting,0.0087,0.0098,0.07,0.123,0.169,0.4344
1813,395,28,ETC,diag,0.0026,0.0098,0.149,0.333,0.291,0.6003
1814,2890,2,LARGE,both,0.0035,0.0036,0.106,0.561,0.332,0.9043
1815,74,58,SMALL,diag,0.0646,0.0411,-0.048,-0.279,0.05,0.5284
1816,199,65,SMALL,posting,0.0345,0.0324,0.038,0.087,-0.202,0.3399
1817,608,17,MEDIUM,diag,0.0177,0.0203,0.188,0.4,0.445,0.9011
1818,1003,14,LARGE,both,0.0776,0.0734,0.01,-0.307,-0.054,0.8623
1819,483,33,MEDIUM,both,0.0423,0.058,0.151,0.139,-0.182,0.866
1820,773,24,MEDIUM,diag,0.0766,0.0992,0.171,0.485,0.101,0.7783
1821,119,7,SMALL,diag,0.0748,0.062,0.064,0.288,-0.352,0.8349
1822,369,35,MEDIUM,diag,0.0355,0.0303,0.016,0.106,0.084,0.5382
1823,229,20,SMALL,posting,0.0565,0.0389,0.081,0.385,-0.245,0.8444
1824,108,64,SMALL,diag,0.0155,0.0142,0.077,0.148,0.429,0.3505
1825,262,40,SMALL,diag,0.109,0.1098,-0.234,-0.341,0.069,0.2691
1826,128,27,SMALL,both,0.0714,0.0656,0.166,0.523,-0.127,0.9413
1827,95,15,SMALL,both,0.0129,0.008,0.086,0.307,0.038,0.8534
1828,366,16,MEDIUM,posting,0.0155,0.0167,0.142,0.007,-0.316,0.7449
1829,2452,6,LARGE,both,0.0371,0.0243,0.016,-0.221,-0.002,0.9153
1830,72,36,SMALL,posting,0.0687,0.0918,0.016,0.058,-0.225,0.6002
1831,81,16,SMALL,both,0.011,0.0089,0.067,-0.067,-0.018,0.7381
1832,398,21,MEDIUM,posting,0.0052,0.003,-0.177,-0.087,0.075,0.2289
1833,53,36,SMALL,diag,0.0525,0.1468,0.033,0.252,0.105,0.3259
1834,128,3,SMALL,posting,0.0256,0.0362,-0.053,-0.245,-0.119,0.5386
1835,523,6,MEDIUM,diag,0.1367,0.1084,-0.147,0.044,0.093,0.4235
1836,150,19,SMALL,diag,0.019,0.0589,0.024,-0.174,-0.139,0.6466
1837,290,36,SMALL,diag,0.0445,0.0497,-0.048,0.158,0.026,0.6531
1838,1798,20,LARGE,posting,0.0116,0.0243,0.138,0.274,-0.257,0.8517
1839,580,53,MEDIUM,both,0.0302,0.0306,-0.004,-0.087,0.112,0.7474
1840,64,10,SMALL,both,0.0781,0.0624,0.03,0.341,0.122,0.7972
1841,154,31,SMALL,diag,0.0088,0.013,-0.009,0.012,0.163,0.2176
1842,2026,21,LARGE,diag,0.1137,0.0708,-0.028,-0.061,0.084,0.4704
1843,269,18,SMALL,posting,0.0535,0.0569,0.064,0.49,0.15,0.6998
1844,69,54,SMALL,posting,0.0887,0.129,-0.001,-0.303,0.589,0.32
1845,519,11,MEDIUM,both,0.0605,0.0748,-0.051,-0.023,0.065,0.7656
1846,532,15,MEDIUM,posting,0.0236,0.0109,-0.023,0.215,0.56,0.7267
1847,2276,7,ETC,both,0.0038,0.0037,0.078,0.555,0.348,0.8415
1848,490,22,MEDIUM,diag,0.0317,0.0353,0.032,-0.036,0.278,0.7677
1849,753,37,MEDIUM,posting,0.0569,0.0672,0.061,0.18,0.15,0.7589
1850,1276,33,LARGE,posting,0.0185,0.015,0.063,-0.032,0.122,0.6155
1851,53,22,SMALL,posting,0.0327,0.0214,0.002,0.061,-0.047,0.4523
1852,263,54,SMALL,diag,0.1185,0.1071,0.07,-0.382,0.134,0.4621
1853,230,22,SMALL,posting,0.0385,0.0305,0.06,-0.198,-0.236,0.7886
1854,269,6,SMALL,both,0.0596,0.0352,0.083,0.412,-0.263,0.7567
1855,245,33,ETC,diag,0.0258,0.0403,-0.07,-0.16,0.304,0.2434
1856,184,10,SMALL,both,0.0464,0.0444,0.178,0.406,0.304,0.9414
1857,820,3,MEDIUM,diag,0.028,0.0204,0.038,0.437,0.3,0.822
1858,176,13,SMALL,diag,0.0207,0.0344,-0.011,-0.074,0.352,0.2033
1859,1301,10,LARGE,posting,0.0074,0.0063,0.015,0.039,-0.335,0.7793
1860,103,9,SMALL,both,0.0163,0.0093,0.11,0.216,-0.067,0.8311
1861,152,30,ETC,both,0.0436,0.0376,-0.133,-0.14,0.218,0.5842
1862,26,20,SMALL,diag,0.0302,0.0234,0.04,0.152,-0.203,0.3415
1863,56,32,SMALL,diag,0.0738,0.0488,0.308,0.34,0.176,0.9123
1864,2462,45,LARGE,diag,0.0301,0.0397,0.08,0.043,0.508,0.7185
1865,78,44,SMALL,diag,0.0661,0.1152,-0.161,-0.681,0.195,0.086
1866,333,66,MEDIUM,diag,0.0182,0.0082,0.023,0.148,0.009,0.459
1867,633,17,MEDIUM,diag,0.0701,0.1763,0.203,0.393,-0.167,0.8067
1868,474,43,MEDIUM,diag,0.0769,0.0459,0.018,-0.464,0.53,0.6822
1869,1406,7,LARGE,both,0.046,0.0521,-0.009,-0.344,-0.319,0.8412
1870,4090,34,LARGE,diag,0.0764,0.0966,-0.086,-0.322,0.124,0.582
1871,234,8,SMALL,diag,0.0693,0.0477,-0.134,-0.134,0.1,0.4348
1872,213,34,SMALL,posting,0.1428,0.2062,-0.05,-0.099,-0.113,0.4203
1873,953,85,MEDIUM,both,0.0269,0.0169,0.157,0.32,0.035,0.9621
1874,144,27,SMALL,posting,0.0248,0.0139,-0.003,-0.271,0.404,0.6263
1875,48,48,SMALL,posting,0.0516,0.0463,0.085,0.879,0.052,0.7028
1876,423,6,MEDIUM,posting,0.0338,0.0366,0.005,0.206,-0.152,0.4422
1877,142,18,ETC,posting,0.0322,0.0436,-0.061,-0.35,-0.086,0.4394
1878,177,41,SMALL,diag,0.0483,0.0812,0.016,-0.114,0.073,0.4871
1879,146,30,SMALL,diag,0.026,0.0851,-0.083,-0.294,-0.017,0.1588
1880,225,16,ETC,diag,0.0285,0.0368,0.063,0.056,-0.145,0.6134
1881,401,83,MEDIUM,diag,0.0108,0.0056,0.032,0.164,-0.222,0.399
1882,106,37,SMALL,posting,0.0766,0.0603,0.025,0.469,0.326,0.5706
1883,8250,40,LARGE,both,0.0066,0.014,0.011,0.398,-0.164,0.8973
1884,24,19,SMALL,posting,0.0291,0.023,0.126,0.108,-0.005,0.5256
1885,1291,7,LARGE,diag,0.0221,0.0192,0.135,-0.012,0.428,0.916
1886,213,24,SMALL,diag,0.0654,0.0773,-0.284,-0.405,0.183,0.0676
1887,134,11,SMALL,diag,0.0763,0.08,0.012,-0.017,0.189,0.4599
1888,230,29,SMALL,diag,0.1157,0.1585,0.052,0.328,0.44,0.6399
1889,885,32,MEDIUM,diag,0.0131,0.0224,0.039,0.452,0.298,0.4205
1890,194,80,SMALL,diag,0.0128,0.0094,0.178,0.323,0.061,0.5503
1891,259,21,ETC,diag,0.0694,0.0574,0.039,0.128,0.228,0.6747
1892,227,35,SMALL,posting,0.012,0.0143,-0.07,-0.028,0.042,0.1969
1893,114,14,SMALL,diag,0.0482,0.024,0.176,0.43,-0.217,0.8979
1894,1006,23,LARGE,diag,0.0122,0.0234,-0.016,-0.374,-0.1,0.6241
1895,614,22,MEDIUM,posting,0.0077,0.0186,0.012,0.376,-0.057,0.3932
1896,373,21,ETC,posting,0.0918,0.0439,-0.031,-0.155,0.154,0.6319
1897,916,8,MEDIUM,both,0.0211,0.0168,0.07,-0.011,-0.188,0.8835
1898,835,28,MEDIUM,both,0.0441,0.0328,0.105,-0.082,-0.01,0.9379
1899,417,11,ETC,diag,0.0095,0.0096,-0.089,-0.229,-0.039,0.4592
1900,231,54,SMALL,diag,0.0596,0.0526,0.152,0.554,0.287,0.7583
1901,295,17,SMALL,posting,0.0375,0.0344,0.021,0.437,-0.237,0.8001
1902,547,36,MEDIUM,both,0.0262,0.0389,0.104,-0.081,0.098,0.9034
1903,1121,11,LARGE,posting,0.0135,0.0172,0.065,0.476,-0.037,0.7692
1904,305,22,MEDIUM,diag,0.0425,0.0116,-0.028,-0.132,0.246,0.7161
1905,663,35,MEDIUM,posting,0.0141,0.0202,0.06,0.136,0.23,0.6592
1906,593,39,MEDIUM,posting,0.0459,0.073,0.14,0.052,0.203,0.795
1907,58,57,SMALL,posting,0.0794,0.0747,0.012,0.138,0.195,0.3338
1908,71,17,SMALL,diag,0.029,0.0322,0.071,0.265,-0.029,0.5935
1909,1364,8,LARGE,posting,0.0465,0.0178,0.081,0.074,-0.107,0.9079
1910,203,25,SMALL,both,0.102,0.0898,0.054,0.164,0.344,0.677
1911,111,37,SMALL,diag,0.0733,0.0291,-0.037,-0.398,-0.057,0.6409
1912,1517,22,LARGE,posting,0.0162,0.0149,0.04,0.068,-0.13,0.7561
1913,66,25,SMALL,diag,0.0281,0.0381,-0.005,0.257,0.259,0.3102
1914,1171,19,LARGE,posting,0.0093,0.0057,0.028,0.034,-0.083,0.6071
1915,635,40,MEDIUM,diag,0.0172,0.0178,0.124,0.415,0.315,0.8163
1916,407,38,MEDIUM,diag,0.1099,0.1892,0.109,0.076,0.096,0.626
1917,109,25,SMALL,posting,0.0148,0.014,-0.019,-0.273,0.301,0.2523
1918,692,59,MEDIUM,diag,0.0281,0.0886,-0.081,-0.054,0.206,0.3779
1919,129,12,SMALL,both,0.0232,0.0298,-0.266,-0.62,-0.05,0.2361
1920,544,23,MEDIUM,posting,0.0273,0.0268,-0.173,-0.231,0.208,0.1438
1921,371,22,MEDIUM,posting,0.0544,0.0324,-0.021,0.131,0.066,0.5241
1922,380,36,MEDIUM,both,0.0459,0.0387,0.183,0.605,0.182,0.8879
1923,106,19,SMALL,diag,0.0318,0.0409,-0.099,-0.477,-0.178,0.183
1924,70,43,SMALL,both,0.0481,0.0615,0.081,-0.166,0.137,0.5928
1925,228,23,SMALL,posting,0.0382,0.0366,0.031,0.261,0.222,0.6468
1926,572,7,MEDIUM,diag,0.058,0.0458,0.177,0.208,0.423,0.8735
1927,197,19,SMALL,diag,0.0075,0.0062,0.129,0.328,0.157,0.6894
1928,59,16,SMALL,diag,0.007,0.0049,0.113,0.242,0.355,0.5573
1929,468,20,MEDIUM,posting,0.0093,0.0083,-0.047,0.368,0.043,0.4506
1930,337,18,MEDIUM,diag,0.0288,0.0249,0.24,0.342,-0.134,0.8851
1931,322,11,MEDIUM,diag,0.0549,0.1006,-0.023,-0.067,-0.228,0.4155
1932,271,18,SMALL,posting,0.136,0.1483,-0.09,-0.344,-0.022,0.4438
1933,72,14,SMALL,diag,0.0175,0.0203,0.045,0.267,-0.079,0.4116
1934,137,25,SMALL,diag,0.0252,0.0373,-0.08,-0.39,0.317,0.306
1935,256,11,SMALL,both,0.0159,0.008,0.077,-0.063,-0.276,0.9
1936,698,25,MEDIUM,both,0.0454,0.0658,0.25,0.593,0.028,0.9666
1937,390,10,MEDIUM,posting,0.0161,0.0132,-0.002,0.11,0.213,0.5147
1938,363,16,MEDIUM,both,0.0297,0.0272,-0.129,-0.209,-0.021,0.5606
1939,3051,15,LARGE,diag,0.0296,0.0214,0.184,0.526,0.291,0.9456
1940,415,38,MEDIUM,both,0.0499,0.0858,0.161,0.558,-0.343,0.9164
1941,127,44,SMALL,diag,0.0077,0.0049,0.023,-0.173,0.317,0.5341
1942,375,12,MEDIUM,posting,0.0248,0.0063,0.065,0.157,-0.068,0.7143
1943,17,38,ETC,diag,0.0107,0.0091,0.197,0.579,-0.061,0.4948
1944,279,19,SMALL,posting,0.0227,0.019,0.107,0.324,0.404,0.7931
1945,240,4,SMALL,both,0.0197,0.0104,0.179,0.257,-0.168,0.944
1946,53,18,SMALL,posting,0.0041,0.0046,0.209,0.056,0.099,0.7688
1947,55,13,SMALL,diag,0.025,0.0398,-0.054,-0.101,0.024,0.3424
1948,670,31,MEDIUM,both,0.0217,0.0289,0.099,0.029,-0.447,0.8547
1949,217,8,SMALL,diag,0.074,0.0776,0.112,-0.1,0.253,0.7922
1950,163,45,SMALL,diag,0.0633,0.0531,0.025,0.383,0.27,0.4552
1951,563,19,MEDIUM,diag,0.0347,0.0283,-0.045,-0.326,-0.186,0.7128
1952,406,21,MEDIUM,diag,0.029,0.0282,0.084,-0.037,0.019,0.5829
1953,687,34,MEDIUM,both,0.0307,0.0318,0.077,-0.008,-0.047,0.7795
1954,157,25,SMALL,diag,0.0126,0.0166,0.184,0.26,-0.085,0.5715
1955,343,31,MEDIUM,posting,0.0263,0.0178,-0.12,-0.616,-0.165,0.1487
1956,2904,6,LARGE,posting,0.0196,0.0298,0.213,0.119,0.219,0.9162
1957,471,31,MEDIUM,diag,0.0744,0.0421,-0.012,-0.274,0.038,0.4803
1958,211,8,SMALL,diag,0.0164,0.0147,-0.167,-0.376,0.129,0.2826
1959,717,38,ETC,diag,0.0054,0.0026,0.058,0.417,0.047,0.6601
1960,618,14,MEDIUM,diag,0.1069,0.0463,-0.113,0.096,0.057,0.4445
1961,2514,26,LARGE,diag,0.0758,0.1814,-0.006,0.103,-0.22,0.5511
1962,244,56,SMALL,both,0.0556,0.05,0.022,0.004,-0.041,0.7162
1963,404,41,MEDIUM,posting,0.0431,0.0685,0.106,0.001,0.247,0.5978
1964,813,16,MEDIUM,both,0.02,0.0315,0.127,-0.061,0.444,0.8572
1965,491,24,MEDIUM,diag,0.0085,0.0135,0.099,0.052,0.106,0.5013
1966,211,37,SMALL,posting,0.0917,0.1225,0.025,0.319,0.231,0.5812
1967,1238,27,LARGE,posting,0.037,0.047,0.178,0.761,-0.11,0.8897
1968,31,35,SMALL,posting,0.0286,0.0163,0.074,0.094,-0.036,0.6712
1969,334,10,MEDIUM,diag,0.0181,0.0232,0.039,0.205,-0.015,0.7999
1970,426,43,MEDIUM,posting,0.0357,0.0404,0.09,0.167,-0.209,0.5239
1971,76,62,SMALL,both,0.0888,0.1782,-0.076,0.026,-0.002,0.5237
1972,481,17,MEDIUM,both,0.0418,0.0409,-0.085,0.002,-0.076,0.6494
1973,211,44,SMALL,posting,0.0547,0.0525,0.099,0.425,0.162,0.6324
1974,133,23,SMALL,diag,0.0219,0.0201,0.045,0.429,-0.003,0.6535
1975,192,27,SMALL,both,0.0114,0.0138,-0.006,0.052,-0.204,0.7063
1976,2090,22,LARGE,both,0.0322,0.0476,0.229,0.193,0.1,0.9519
1977,540,10,MEDIUM,diag,0.0943,0.1078,0.202,0.058,0.092,0.8517
1978,29,7,SMALL,posting,0.0253,0.0356,0.07,0.371,0.264,0.4816
1979,478,53,MEDIUM,diag,0.0485,0.0358,-0.061,-0.352,-0.026,0.5491
1980,329,15,MEDIUM,both,0.0021,0.0027,0.134,0.022,0.262,0.7664
1981,168,32,SMALL,diag,0.026,0.0192,0.026,-0.093,-0.17,0.491
1982,251,10,SMALL,diag,0.0367,0.0186,0.028,0.033,0.138,0.6495
1983,107,25,SMALL,both,0.0463,0.0451,0.156,0.48,0.054,0.8819
1984,463,17,MEDIUM,diag,0.0576,0.0912,0.217,0.379,0.001,0.8477
1985,161,22,SMALL,diag,0.0141,0.0133,0.275,0.638,-0.017,0.9187
1986,218,57,SMALL,diag,0.0383,0.0428,-0.134,-0.195,0.127,0.2693
1987,96,4,SMALL,diag,0.0194,0.0207,-0.022,-0.212,-0.017,0.5041
1988,1529,23,LARGE,posting,0.0429,0.0425,0.092,0.326,-0.025,0.8282
1989,21,40,SMALL,diag,0.0276,0.0176,-0.1,0.253,-0.467,0.235
1990,209,99,SMALL,diag,0.0466,0.0673,0.18,0.071,0.005,0.4954
1991,10,27,SMALL,diag,0.189,0.4522,0.039,0.28,0.357,0.3719
1992,385,90,MEDIUM,both,0.0277,0.0183,-0.058,-0.357,-0.126,0.5858
1993,89,27,SMALL,diag,0.0338,0.0412,0.101,-0.117,-0.013,0.6953
1994,457,23,MEDIUM,diag,0.048,0.0382,0.096,0.086,0.096,0.6947
1995,131,38,SMALL,diag,0.0502,0.0815,0.055,-0.204,0.016,0.4868
1996,2386,2,LARGE,posting,0.0241,0.0087,-0.058,-0.03,0.003,0.7088
1997,1700,8,LARGE,posting,0.0318,0.0303,-0.007,0.227,0.026,0.7758
1998,127,20,SMALL,both,0.0423,0.0289,-0.057,-0.279,0.181,0.6955
1999,1187,20,LARGE,both,0.0182,0.0254,-0.14,-0.391,0.368,0.7151
2000,578,30,MEDIUM,diag,0.0162,0.0229,-0.022,0.065,0.197,0.6341
