contract_id,company_id,contract_date,start_date,end_date,term_months,invoice_seq,amount,product
0,1,2022-01-14,2022-01-16,2023-01-15,12,1,61164000.0,both
1,2,2021-02-24,2021-03-05,2024-03-04,36,1,42372000.0,posting
1,2,2021-02-24,2022-03-05,2024-03-04,36,2,42372000.0,posting
1,2,2021-02-24,2023-03-05,2024-03-04,36,3,42372000.0,posting
2,2,2024-02-23,2024-03-05,2025-03-04,12,1,70100000.0,posting
3,2,2025-02-24,2025-03-05,2026-03-04,12,1,31893000.0,posting
4,2,2026-02-22,2026-03-05,2028-03-04,24,1,81292000.0,posting
4,2,2026-02-22,2027-03-05,2028-03-04,24,2,81292000.0,posting
5,3,2023-02-18,2023-03-02,2024-03-01,12,1,44208000.0,diag
6,4,2021-06-08,2021-06-26,2022-06-25,12,1,31007000.0,diag
7,5,2023-03-08,2023-03-14,2024-03-13,12,1,14435000.0,posting
8,6,2018-10-12,2018-10-23,2019-10-22,12,1,74757000.0,diag
9,7,2021-02-04,2021-02-13,2022-02-12,12,1,28115000.0,diag
10,7,2022-02-08,2022-02-13,2024-02-12,24,1,29672000.0,diag
10,7,2022-02-08,2023-02-13,2024-02-12,24,2,29672000.0,diag
11,8,2022-08-13,2022-08-20,2023-08-19,12,1,56189000.0,diag
12,8,2023-08-10,2023-08-20,2026-08-19,36,1,57990000.0,diag
12,8,2023-08-10,2024-08-20,2026-08-19,36,2,57990000.0,diag
12,8,2023-08-10,2025-08-20,2026-08-19,36,3,57990000.0,diag
13,9,2022-08-22,2022-09-03,2023-09-02,12,1,48581000.0,both
14,10,2020-11-25,2020-11-27,2021-11-26,12,1,50811000.0,diag
15,10,2021-11-09,2021-11-27,2022-11-26,12,1,119297000.0,diag
16,10,2022-11-13,2022-11-27,2024-11-26,24,1,105672000.0,diag
16,10,2022-11-13,2023-11-27,2024-11-26,24,2,105672000.0,diag
17,10,2022-11-16,2022-12-02,2024-11-26,24,1,25752000.0,diag
18,10,2024-11-11,2024-11-27,2025-11-26,12,1,107153000.0,diag
19,10,2025-11-10,2025-11-27,2026-11-26,12,1,92839000.0,diag
20,11,2019-08-06,2019-08-19,2020-08-18,12,1,82896000.0,posting
21,12,2021-01-24,2021-02-10,2022-02-09,12,1,48364000.0,both
22,13,2020-02-07,2020-02-12,2021-02-11,12,1,23829000.0,diag
23,13,2021-02-20,2021-03-05,2024-03-04,36,1,33425000.0,diag
23,13,2021-02-20,2022-03-05,2024-03-04,36,2,33425000.0,diag
23,13,2021-02-20,2023-03-05,2024-03-04,36,3,33425000.0,diag
24,13,2024-02-28,2024-03-05,2026-03-04,24,1,44569000.0,diag
24,13,2024-02-28,2025-03-05,2026-03-04,24,2,44569000.0,diag
25,13,2026-02-27,2026-03-05,2027-03-04,12,1,20013000.0,diag
26,14,2022-06-11,2022-06-11,2023-06-10,12,1,37008000.0,diag
27,15,2022-07-09,2022-07-26,2023-07-25,12,1,23083000.0,diag
28,15,2023-07-24,2023-07-31,2024-07-30,12,1,20615000.0,diag
29,15,2024-08-16,2024-09-04,2025-09-03,12,1,33696000.0,diag
30,15,2025-09-03,2025-09-04,2026-09-03,12,1,23404000.0,diag
31,16,2018-12-11,2018-12-26,2019-12-25,12,1,59773000.0,both
32,16,2019-12-24,2019-12-26,2020-12-25,12,1,50057000.0,both
33,16,2021-01-07,2021-01-24,2022-01-23,12,1,68963000.0,both
34,16,2022-01-07,2022-01-24,2023-01-23,12,1,95265000.0,both
35,16,2023-01-07,2023-01-24,2024-01-23,12,1,74677000.0,both
36,16,2023-01-10,2023-01-29,2024-01-23,12,1,25796000.0,both
37,16,2024-02-11,2024-02-13,2025-02-12,12,1,80573000.0,both
38,16,2025-01-28,2025-02-13,2026-02-12,12,1,59385000.0,both
39,16,2025-01-31,2025-02-18,2026-02-12,12,1,19960000.0,both
40,17,2023-08-08,2023-08-16,2024-08-15,12,1,49873000.0,both
41,17,2024-09-06,2024-09-21,2025-09-20,12,1,55483000.0,both
42,17,2025-09-06,2025-09-21,2028-09-20,36,1,40968000.0,both
42,17,2025-09-06,2026-09-21,2028-09-20,36,2,40968000.0,both
42,17,2025-09-06,2027-09-21,2028-09-20,36,3,40968000.0,both
43,18,2018-11-10,2018-11-25,2019-11-24,12,1,67213000.0,diag
44,19,2022-08-09,2022-08-13,2023-08-12,12,1,30519000.0,diag
45,19,2023-08-17,2023-09-04,2024-09-03,12,1,37221000.0,diag
46,19,2024-08-23,2024-09-04,2025-09-03,12,1,30741000.0,diag
47,19,2025-08-18,2025-09-04,2026-09-03,12,1,36944000.0,diag
48,20,2023-11-23,2023-12-11,2024-12-10,12,1,50312000.0,diag
49,20,2024-12-09,2024-12-12,2025-12-11,12,1,33603000.0,diag
50,20,2025-12-02,2025-12-12,2026-12-11,12,1,23995000.0,diag
51,21,2022-03-16,2022-04-04,2023-04-03,12,1,52364000.0,diag
52,21,2023-04-02,2023-04-04,2025-04-03,24,1,91570000.0,diag
52,21,2023-04-02,2024-04-04,2025-04-03,24,2,91570000.0,diag
53,21,2025-04-05,2025-04-17,2026-04-16,12,1,84107000.0,diag
54,21,2026-04-06,2026-04-17,2027-04-16,12,1,56781000.0,diag
55,22,2021-11-02,2021-11-07,2022-11-06,12,1,33490000.0,diag
56,23,2022-02-17,2022-03-08,2023-03-07,12,1,25408000.0,diag
57,23,2023-03-08,2023-03-08,2024-03-07,12,1,25631000.0,diag
58,24,2023-04-09,2023-04-22,2024-04-21,12,1,61406000.0,diag
59,24,2024-04-03,2024-04-22,2025-04-21,12,1,57047000.0,diag
60,24,2025-04-09,2025-04-22,2026-04-21,12,1,67231000.0,diag
61,24,2025-04-12,2025-04-27,2026-04-21,12,1,20443000.0,diag
62,24,2026-04-07,2026-04-22,2028-04-21,24,1,35136000.0,diag
62,24,2026-04-07,2027-04-22,2028-04-21,24,2,35136000.0,diag
63,24,2026-04-10,2026-04-27,2028-04-21,24,1,11007000.0,diag
64,25,2019-04-11,2019-04-23,2020-04-22,12,1,29291000.0,both
65,25,2020-04-19,2020-04-29,2021-04-28,12,1,40087000.0,both
66,25,2021-04-23,2021-04-29,2022-04-28,12,1,19195000.0,both
67,26,2023-05-09,2023-05-09,2024-05-08,12,1,46931000.0,diag
68,26,2024-04-21,2024-05-09,2026-05-08,24,1,43264000.0,diag
68,26,2024-04-21,2025-05-09,2026-05-08,24,2,43264000.0,diag
69,26,2026-05-08,2026-05-09,2027-05-08,12,1,66994000.0,diag
70,27,2022-09-12,2022-09-23,2023-09-22,12,1,73831000.0,posting
71,28,2020-04-24,2020-05-07,2021-05-06,12,1,37916000.0,diag
72,28,2021-04-21,2021-05-07,2022-05-06,12,1,51624000.0,diag
73,28,2022-04-21,2022-05-07,2023-05-06,12,1,69930000.0,diag
74,29,2023-10-06,2023-10-20,2024-10-19,12,1,42007000.0,diag
75,29,2024-10-10,2024-10-20,2025-10-19,12,1,58164000.0,diag
76,30,2021-01-26,2021-02-03,2022-02-02,12,1,17183000.0,posting
77,30,2022-01-28,2022-02-03,2023-02-02,12,1,9731000.0,posting
78,30,2023-02-02,2023-02-03,2024-02-02,12,1,9819000.0,posting
79,31,2021-09-01,2021-09-14,2022-09-13,12,1,99320000.0,both
80,32,2022-03-09,2022-03-14,2023-03-13,12,1,37041000.0,diag
81,32,2022-03-12,2022-03-19,2023-03-13,12,1,23758000.0,diag
82,32,2023-02-28,2023-03-14,2024-03-13,12,1,49361000.0,diag
83,32,2023-03-03,2023-03-19,2024-03-13,12,1,13678000.0,diag
84,33,2021-02-27,2021-03-15,2022-03-14,12,1,27535000.0,posting
85,34,2015-08-28,2015-09-13,2017-09-12,24,1,128870000.0,diag
85,34,2015-08-28,2016-09-13,2017-09-12,24,2,128870000.0,diag
86,34,2017-09-08,2017-09-13,2018-09-12,12,1,84630000.0,diag
87,34,2018-08-31,2018-09-13,2020-09-12,24,1,92591000.0,diag
87,34,2018-08-31,2019-09-13,2020-09-12,24,2,92591000.0,diag
88,34,2020-08-25,2020-09-13,2021-09-12,12,1,132996000.0,diag
89,35,2019-09-28,2019-10-10,2020-10-09,12,1,38176000.0,both
90,35,2020-11-03,2020-11-16,2021-11-15,12,1,54831000.0,both
91,35,2021-11-08,2021-11-16,2023-11-15,24,1,32789000.0,both
91,35,2021-11-08,2022-11-16,2023-11-15,24,2,32789000.0,both
92,35,2023-10-29,2023-11-16,2025-11-15,24,1,40102000.0,both
92,35,2023-10-29,2024-11-16,2025-11-15,24,2,40102000.0,both
93,35,2025-11-07,2025-11-16,2026-11-15,12,1,47871000.0,both
94,36,2022-10-12,2022-10-23,2023-10-22,12,1,27171000.0,diag
95,36,2022-10-15,2022-10-28,2023-10-22,12,1,5541000.0,diag
96,36,2023-10-04,2023-10-23,2024-10-22,12,1,19094000.0,diag
97,36,2023-10-07,2023-10-28,2024-10-22,12,1,5367000.0,diag
98,36,2024-10-04,2024-10-23,2025-10-22,12,1,12666000.0,diag
99,37,2023-10-08,2023-10-10,2025-10-09,24,1,20540000.0,posting
99,37,2023-10-08,2024-10-10,2025-10-09,24,2,20540000.0,posting
100,37,2025-10-29,2025-11-13,2026-11-12,12,1,24922000.0,posting
101,37,2025-11-01,2025-11-18,2026-11-12,12,1,3397000.0,posting
102,38,2018-01-30,2018-02-16,2021-02-15,36,1,42923000.0,diag
102,38,2018-01-30,2019-02-16,2021-02-15,36,2,42923000.0,diag
102,38,2018-01-30,2020-02-16,2021-02-15,36,3,42923000.0,diag
103,38,2018-02-02,2018-02-21,2021-02-15,36,1,7534000.0,diag
104,39,2023-09-05,2023-09-18,2025-09-17,24,1,65434000.0,diag
104,39,2023-09-05,2024-09-18,2025-09-17,24,2,65434000.0,diag
105,39,2025-09-06,2025-09-24,2026-09-23,12,1,53710000.0,diag
106,40,2019-12-19,2020-01-07,2021-01-06,12,1,77450000.0,diag
107,40,2020-12-27,2021-01-07,2022-01-06,12,1,33653000.0,diag
108,40,2021-12-19,2022-01-07,2023-01-06,12,1,46026000.0,diag
109,40,2022-12-19,2023-01-07,2024-01-06,12,1,40529000.0,diag
110,40,2023-12-29,2024-01-07,2025-01-06,12,1,107283000.0,diag
111,40,2024-01-01,2024-01-12,2025-01-06,12,1,17508000.0,diag
112,40,2024-12-28,2025-01-07,2026-01-06,12,1,26670000.0,diag
113,40,2026-01-08,2026-01-16,2029-01-15,36,1,59870000.0,diag
113,40,2026-01-08,2027-01-16,2029-01-15,36,2,59870000.0,diag
113,40,2026-01-08,2028-01-16,2029-01-15,36,3,59870000.0,diag
114,41,2020-10-10,2020-10-26,2021-10-25,12,1,24975000.0,diag
115,42,2022-01-29,2022-02-13,2023-02-12,12,1,85859000.0,both
116,43,2023-10-12,2023-10-15,2026-10-14,36,1,100738000.0,both
116,43,2023-10-12,2024-10-15,2026-10-14,36,2,100738000.0,both
116,43,2023-10-12,2025-10-15,2026-10-14,36,3,100738000.0,both
117,43,2023-10-15,2023-10-20,2026-10-14,36,1,48764000.0,both
118,44,2021-08-27,2021-09-13,2022-09-12,12,1,20871000.0,posting
119,45,2023-05-04,2023-05-04,2024-05-03,12,1,31240000.0,diag
120,45,2024-04-15,2024-05-04,2027-05-03,36,1,38209000.0,diag
120,45,2024-04-15,2025-05-04,2027-05-03,36,2,38209000.0,diag
120,45,2024-04-15,2026-05-04,2027-05-03,36,3,38209000.0,diag
121,46,2022-01-27,2022-02-07,2023-02-06,12,1,91264000.0,diag
122,46,2023-02-05,2023-02-07,2024-02-06,12,1,104184000.0,diag
123,46,2024-01-22,2024-02-07,2025-02-06,12,1,122037000.0,diag
124,47,2019-05-15,2019-06-02,2020-06-01,12,1,58214000.0,both
125,47,2020-05-30,2020-06-02,2023-06-01,36,1,55282000.0,both
125,47,2020-05-30,2021-06-02,2023-06-01,36,2,55282000.0,both
125,47,2020-05-30,2022-06-02,2023-06-01,36,3,55282000.0,both
126,47,2023-05-30,2023-06-02,2024-06-01,12,1,67372000.0,both
127,47,2024-05-27,2024-06-02,2027-06-01,36,1,54050000.0,both
127,47,2024-05-27,2025-06-02,2027-06-01,36,2,54050000.0,both
127,47,2024-05-27,2026-06-02,2027-06-01,36,3,54050000.0,both
128,48,2018-11-22,2018-12-08,2019-12-07,12,1,47788000.0,diag
129,48,2019-11-29,2019-12-08,2020-12-07,12,1,44419000.0,diag
130,49,2020-05-17,2020-05-27,2022-05-26,24,1,114219000.0,diag
130,49,2020-05-17,2021-05-27,2022-05-26,24,2,114219000.0,diag
131,49,2022-05-19,2022-05-27,2023-05-26,12,1,65101000.0,diag
132,49,2023-06-30,2023-07-02,2024-07-01,12,1,117642000.0,diag
133,50,2019-11-19,2019-12-08,2020-12-07,12,1,42292000.0,diag
134,50,2020-11-25,2020-12-08,2021-12-07,12,1,51095000.0,diag
135,51,2018-02-16,2018-02-22,2019-02-21,12,1,32443000.0,diag
136,52,2021-07-09,2021-07-11,2022-07-10,12,1,35692000.0,diag
137,52,2022-06-24,2022-07-11,2023-07-10,12,1,35944000.0,diag
138,53,2023-11-09,2023-11-12,2024-11-11,12,1,40138000.0,both
139,53,2023-11-12,2023-11-17,2024-11-11,12,1,11734000.0,both
140,53,2024-12-05,2024-12-06,2025-12-05,12,1,41219000.0,both
141,53,2025-11-25,2025-12-07,2026-12-06,12,1,37272000.0,both
142,54,2021-09-07,2021-09-16,2022-09-15,12,1,75476000.0,both
143,54,2022-09-02,2022-09-16,2024-09-15,24,1,84569000.0,both
143,54,2022-09-02,2023-09-16,2024-09-15,24,2,84569000.0,both
144,54,2024-09-12,2024-09-16,2025-09-15,12,1,61851000.0,both
145,54,2025-10-01,2025-10-05,2028-10-04,36,1,71831000.0,both
145,54,2025-10-01,2026-10-05,2028-10-04,36,2,71831000.0,both
145,54,2025-10-01,2027-10-05,2028-10-04,36,3,71831000.0,both
146,55,2019-08-18,2019-09-03,2020-09-02,12,1,39149000.0,diag
147,56,2021-03-20,2021-03-26,2022-03-25,12,1,23560000.0,posting
148,57,2021-11-02,2021-11-13,2023-11-12,24,1,67099000.0,posting
148,57,2021-11-02,2022-11-13,2023-11-12,24,2,67099000.0,posting
149,57,2021-11-05,2021-11-18,2023-11-12,24,1,23156000.0,posting
150,57,2023-11-08,2023-11-13,2024-11-12,12,1,58283000.0,posting
151,58,2020-10-27,2020-11-08,2021-11-07,12,1,27395000.0,posting
152,59,2020-03-31,2020-04-07,2021-04-06,12,1,40234000.0,diag
153,60,2019-08-28,2019-09-12,2020-09-11,12,1,40798000.0,posting
154,61,2022-12-06,2022-12-13,2023-12-12,12,1,83480000.0,diag
155,61,2022-12-09,2022-12-18,2023-12-12,12,1,21205000.0,diag
156,61,2024-01-15,2024-01-26,2025-01-25,12,1,73681000.0,diag
157,61,2025-01-13,2025-01-26,2026-01-25,12,1,55343000.0,diag
158,62,2021-11-30,2021-12-01,2022-11-30,12,1,48020000.0,both
159,62,2022-12-01,2022-12-01,2023-11-30,12,1,39552000.0,both
160,62,2022-12-04,2022-12-06,2023-11-30,12,1,6919000.0,both
161,62,2023-12-01,2023-12-01,2024-11-30,12,1,35788000.0,both
162,62,2024-11-15,2024-12-01,2025-11-30,12,1,35559000.0,both
163,63,2020-08-30,2020-09-16,2021-09-15,12,1,32637000.0,diag
164,64,2018-12-04,2018-12-19,2019-12-18,12,1,101379000.0,both
165,65,2023-08-19,2023-09-02,2024-09-01,12,1,70948000.0,diag
166,65,2024-08-20,2024-09-02,2025-09-01,12,1,48206000.0,diag
167,66,2020-07-01,2020-07-05,2023-07-04,36,1,64198000.0,diag
167,66,2020-07-01,2021-07-05,2023-07-04,36,2,64198000.0,diag
167,66,2020-07-01,2022-07-05,2023-07-04,36,3,64198000.0,diag
168,67,2021-06-18,2021-06-21,2023-06-20,24,1,74599000.0,diag
168,67,2021-06-18,2022-06-21,2023-06-20,24,2,74599000.0,diag
169,67,2023-06-12,2023-06-21,2025-06-20,24,1,41966000.0,diag
169,67,2023-06-12,2024-06-21,2025-06-20,24,2,41966000.0,diag
170,67,2025-06-13,2025-06-21,2026-06-20,12,1,80715000.0,diag
171,68,2022-01-19,2022-01-25,2023-01-24,12,1,29226000.0,posting
172,68,2023-01-30,2023-02-15,2024-02-14,12,1,57047000.0,posting
173,69,2021-05-07,2021-05-21,2022-05-20,12,1,57239000.0,diag
174,69,2022-05-09,2022-05-21,2023-05-20,12,1,65775000.0,diag
175,69,2023-05-15,2023-05-21,2024-05-20,12,1,115714000.0,diag
176,69,2023-05-18,2023-05-26,2024-05-20,12,1,23603000.0,diag
177,69,2024-05-17,2024-05-21,2025-05-20,12,1,60181000.0,diag
178,69,2025-05-09,2025-05-21,2026-05-20,12,1,96131000.0,diag
179,69,2026-05-08,2026-05-21,2027-05-20,12,1,87993000.0,diag
180,70,2021-09-09,2021-09-17,2022-09-16,12,1,61758000.0,diag
181,70,2022-09-16,2022-09-17,2023-09-16,12,1,122514000.0,diag
182,70,2023-09-15,2023-09-20,2026-09-19,36,1,89613000.0,diag
182,70,2023-09-15,2024-09-20,2026-09-19,36,2,89613000.0,diag
182,70,2023-09-15,2025-09-20,2026-09-19,36,3,89613000.0,diag
183,71,2021-02-20,2021-02-24,2022-02-23,12,1,46036000.0,both
184,71,2022-02-19,2022-02-24,2025-02-23,36,1,24985000.0,both
184,71,2022-02-19,2023-02-24,2025-02-23,36,2,24985000.0,both
184,71,2022-02-19,2024-02-24,2025-02-23,36,3,24985000.0,both
185,71,2025-02-22,2025-02-24,2026-02-23,12,1,24604000.0,both
186,72,2021-08-08,2021-08-26,2022-08-25,12,1,33134000.0,posting
187,72,2022-09-09,2022-09-10,2023-09-09,12,1,71409000.0,posting
188,72,2023-08-25,2023-09-10,2025-09-09,24,1,34695000.0,posting
188,72,2023-08-25,2024-09-10,2025-09-09,24,2,34695000.0,posting
189,72,2025-10-03,2025-10-11,2026-10-10,12,1,37553000.0,posting
190,72,2025-10-06,2025-10-16,2026-10-10,12,1,9306000.0,posting
191,73,2021-05-04,2021-05-10,2022-05-09,12,1,79007000.0,diag
192,73,2022-05-25,2022-06-10,2023-06-09,12,1,69774000.0,diag
193,74,2022-02-23,2022-03-12,2023-03-11,12,1,41071000.0,diag
194,74,2023-02-25,2023-03-12,2024-03-11,12,1,45656000.0,diag
195,75,2021-12-25,2021-12-25,2022-12-24,12,1,147212000.0,both
196,75,2022-12-08,2022-12-25,2023-12-24,12,1,90053000.0,both
197,75,2023-12-14,2023-12-29,2025-12-28,24,1,188246000.0,both
197,75,2023-12-14,2024-12-29,2025-12-28,24,2,188246000.0,both
198,76,2022-09-17,2022-09-22,2023-09-21,12,1,44223000.0,both
199,76,2023-09-25,2023-10-05,2024-10-04,12,1,65940000.0,both
200,76,2024-10-02,2024-10-05,2025-10-04,12,1,74007000.0,both
201,76,2025-10-15,2025-10-28,2026-10-27,12,1,42138000.0,both
202,77,2023-04-26,2023-05-12,2024-05-11,12,1,26858000.0,posting
203,78,2020-01-02,2020-01-02,2023-01-01,36,1,71930000.0,posting
203,78,2020-01-02,2021-01-02,2023-01-01,36,2,71930000.0,posting
203,78,2020-01-02,2022-01-02,2023-01-01,36,3,71930000.0,posting
204,78,2022-12-29,2023-01-02,2025-01-01,24,1,64839000.0,posting
204,78,2022-12-29,2024-01-02,2025-01-01,24,2,64839000.0,posting
205,79,2021-01-10,2021-01-21,2022-01-20,12,1,24879000.0,both
206,80,2022-09-17,2022-09-19,2023-09-18,12,1,36859000.0,diag
207,80,2023-09-02,2023-09-19,2026-09-18,36,1,32948000.0,diag
207,80,2023-09-02,2024-09-19,2026-09-18,36,2,32948000.0,diag
207,80,2023-09-02,2025-09-19,2026-09-18,36,3,32948000.0,diag
208,81,2023-02-23,2023-02-26,2025-02-25,24,1,86984000.0,diag
208,81,2023-02-23,2024-02-26,2025-02-25,24,2,86984000.0,diag
209,81,2025-02-14,2025-02-26,2027-02-25,24,1,105200000.0,diag
209,81,2025-02-14,2026-02-26,2027-02-25,24,2,105200000.0,diag
210,82,2021-07-21,2021-07-25,2023-07-24,24,1,31392000.0,diag
210,82,2021-07-21,2022-07-25,2023-07-24,24,2,31392000.0,diag
211,82,2023-07-14,2023-07-25,2024-07-24,12,1,55514000.0,diag
212,82,2024-07-10,2024-07-28,2025-07-27,12,1,63029000.0,diag
213,82,2025-07-15,2025-07-28,2027-07-27,24,1,27116000.0,diag
213,82,2025-07-15,2026-07-28,2027-07-27,24,2,27116000.0,diag
214,83,2020-12-16,2020-12-22,2021-12-21,12,1,52738000.0,diag
215,84,2021-02-22,2021-03-03,2022-03-02,12,1,49262000.0,posting
216,85,2023-08-15,2023-09-01,2025-08-31,24,1,61717000.0,posting
216,85,2023-08-15,2024-09-01,2025-08-31,24,2,61717000.0,posting
217,86,2020-09-20,2020-09-23,2021-09-22,12,1,39610000.0,diag
218,86,2021-09-14,2021-09-23,2022-09-22,12,1,24472000.0,diag
219,86,2022-09-14,2022-09-23,2023-09-22,12,1,40384000.0,diag
220,86,2023-09-15,2023-09-23,2024-09-22,12,1,25467000.0,diag
221,86,2024-10-18,2024-10-27,2026-10-26,24,1,38083000.0,diag
221,86,2024-10-18,2025-10-27,2026-10-26,24,2,38083000.0,diag
222,87,2022-02-20,2022-02-23,2024-02-22,24,1,181408000.0,both
222,87,2022-02-20,2023-02-23,2024-02-22,24,2,181408000.0,both
223,88,2018-03-24,2018-04-09,2019-04-08,12,1,28580000.0,posting
224,89,2022-04-22,2022-05-05,2023-05-04,12,1,7921000.0,diag
225,89,2023-05-01,2023-05-05,2024-05-04,12,1,8838000.0,diag
226,90,2021-02-14,2021-03-03,2022-03-02,12,1,61283000.0,diag
227,90,2022-02-24,2022-03-03,2023-03-02,12,1,29907000.0,diag
228,90,2023-02-14,2023-03-03,2024-03-02,12,1,77509000.0,diag
229,90,2024-02-21,2024-03-03,2025-03-02,12,1,38014000.0,diag
230,90,2025-02-21,2025-03-03,2026-03-02,12,1,48323000.0,diag
231,90,2026-02-16,2026-03-03,2027-03-02,12,1,44618000.0,diag
232,91,2022-09-17,2022-10-04,2023-10-03,12,1,148064000.0,both
233,91,2023-09-24,2023-10-04,2026-10-03,36,1,146012000.0,both
233,91,2023-09-24,2024-10-04,2026-10-03,36,2,146012000.0,both
233,91,2023-09-24,2025-10-04,2026-10-03,36,3,146012000.0,both
234,92,2020-01-04,2020-01-15,2021-01-14,12,1,33230000.0,diag
235,92,2020-01-07,2020-01-20,2021-01-14,12,1,5541000.0,diag
236,92,2021-01-22,2021-01-23,2022-01-22,12,1,32773000.0,diag
237,92,2021-01-25,2021-01-28,2022-01-22,12,1,7134000.0,diag
238,92,2022-02-20,2022-02-20,2023-02-19,12,1,35187000.0,diag
239,92,2023-03-02,2023-03-03,2024-03-02,12,1,48308000.0,diag
240,92,2023-03-05,2023-03-08,2024-03-02,12,1,14371000.0,diag
241,92,2024-02-18,2024-03-03,2025-03-02,12,1,25244000.0,diag
242,92,2025-02-22,2025-03-03,2026-03-02,12,1,21444000.0,diag
243,92,2026-02-12,2026-03-03,2027-03-02,12,1,82292000.0,diag
244,93,2023-09-06,2023-09-25,2024-09-24,12,1,15652000.0,diag
245,93,2024-09-15,2024-09-25,2025-09-24,12,1,18389000.0,diag
246,94,2020-07-20,2020-08-06,2021-08-05,12,1,30517000.0,diag
247,94,2021-08-02,2021-08-06,2023-08-05,24,1,27091000.0,diag
247,94,2021-08-02,2022-08-06,2023-08-05,24,2,27091000.0,diag
248,95,2018-08-08,2018-08-10,2019-08-09,12,1,45190000.0,posting
249,96,2022-03-01,2022-03-15,2023-03-14,12,1,37147000.0,both
250,97,2020-10-14,2020-11-02,2022-11-01,24,1,38976000.0,diag
250,97,2020-10-14,2021-11-02,2022-11-01,24,2,38976000.0,diag
251,97,2022-10-29,2022-11-02,2023-11-01,12,1,41616000.0,diag
252,97,2023-10-29,2023-11-17,2024-11-16,12,1,47170000.0,diag
253,97,2024-11-09,2024-11-17,2025-11-16,12,1,36084000.0,diag
254,97,2025-11-07,2025-11-17,2026-11-16,12,1,38951000.0,diag
255,98,2022-06-01,2022-06-18,2024-06-17,24,1,13438000.0,diag
255,98,2022-06-01,2023-06-18,2024-06-17,24,2,13438000.0,diag
256,99,2022-04-04,2022-04-21,2023-04-20,12,1,89908000.0,both
257,99,2022-04-07,2022-04-26,2023-04-20,12,1,12029000.0,both
258,99,2023-04-11,2023-04-28,2024-04-27,12,1,47591000.0,both
259,99,2024-05-08,2024-05-21,2026-05-20,24,1,58660000.0,both
259,99,2024-05-08,2025-05-21,2026-05-20,24,2,58660000.0,both
260,100,2015-12-14,2015-12-25,2018-12-24,36,1,117958000.0,both
260,100,2015-12-14,2016-12-25,2018-12-24,36,2,117958000.0,both
260,100,2015-12-14,2017-12-25,2018-12-24,36,3,117958000.0,both
261,101,2019-01-29,2019-02-14,2021-02-13,24,1,38084000.0,diag
261,101,2019-01-29,2020-02-14,2021-02-13,24,2,38084000.0,diag
262,101,2021-02-13,2021-02-14,2022-02-13,12,1,18545000.0,diag
263,101,2022-01-29,2022-02-14,2023-02-13,12,1,51415000.0,diag
264,101,2023-03-18,2023-03-22,2024-03-21,12,1,46551000.0,diag
265,101,2024-03-16,2024-03-22,2027-03-21,36,1,37916000.0,diag
265,101,2024-03-16,2025-03-22,2027-03-21,36,2,37916000.0,diag
265,101,2024-03-16,2026-03-22,2027-03-21,36,3,37916000.0,diag
266,102,2015-08-15,2015-08-18,2016-08-17,12,1,20088000.0,diag
267,103,2020-11-17,2020-12-06,2021-12-05,12,1,68147000.0,posting
268,103,2021-12-16,2021-12-24,2022-12-23,12,1,69479000.0,posting
269,104,2021-11-09,2021-11-17,2022-11-16,12,1,59806000.0,posting
270,104,2022-11-08,2022-11-17,2023-11-16,12,1,49518000.0,posting
271,104,2023-11-02,2023-11-17,2024-11-16,12,1,52544000.0,posting
272,104,2024-11-10,2024-11-17,2025-11-16,12,1,61149000.0,posting
273,105,2019-10-10,2019-10-26,2020-10-25,12,1,29198000.0,diag
274,105,2019-10-13,2019-10-31,2020-10-25,12,1,8586000.0,diag
275,105,2020-11-21,2020-11-26,2021-11-25,12,1,31927000.0,diag
276,105,2020-11-24,2020-12-01,2021-11-25,12,1,16210000.0,diag
277,106,2021-11-29,2021-12-09,2022-12-08,12,1,68697000.0,both
278,106,2022-11-23,2022-12-09,2024-12-08,24,1,48387000.0,both
278,106,2022-11-23,2023-12-09,2024-12-08,24,2,48387000.0,both
279,106,2024-12-02,2024-12-09,2025-12-08,12,1,36207000.0,both
280,106,2025-11-27,2025-12-09,2028-12-08,36,1,53656000.0,both
280,106,2025-11-27,2026-12-09,2028-12-08,36,2,53656000.0,both
280,106,2025-11-27,2027-12-09,2028-12-08,36,3,53656000.0,both
281,107,2022-07-28,2022-08-09,2023-08-08,12,1,84657000.0,diag
282,108,2020-09-05,2020-09-12,2021-09-11,12,1,48400000.0,both
283,108,2021-08-29,2021-09-12,2022-09-11,12,1,56050000.0,both
284,108,2022-08-27,2022-09-12,2023-09-11,12,1,47043000.0,both
285,108,2023-08-28,2023-09-12,2024-09-11,12,1,32663000.0,both
286,109,2022-11-17,2022-12-06,2023-12-05,12,1,31597000.0,both
287,110,2019-11-24,2019-12-12,2021-12-11,24,1,87392000.0,diag
287,110,2019-11-24,2020-12-12,2021-12-11,24,2,87392000.0,diag
288,111,2023-12-20,2023-12-27,2024-12-26,12,1,55368000.0,both
289,111,2023-12-23,2024-01-01,2024-12-26,12,1,23696000.0,both
290,111,2024-12-11,2024-12-27,2026-12-26,24,1,121073000.0,both
290,111,2024-12-11,2025-12-27,2026-12-26,24,2,121073000.0,both
291,112,2020-11-29,2020-12-16,2021-12-15,12,1,28790000.0,diag
292,112,2021-12-13,2021-12-16,2022-12-15,12,1,31983000.0,diag
293,112,2022-12-04,2022-12-16,2023-12-15,12,1,27521000.0,diag
294,112,2024-01-15,2024-01-27,2025-01-26,12,1,24539000.0,diag
295,112,2025-01-17,2025-01-27,2026-01-26,12,1,31497000.0,diag
296,112,2026-01-15,2026-02-01,2028-01-31,24,1,29796000.0,diag
296,112,2026-01-15,2027-02-01,2028-01-31,24,2,29796000.0,diag
297,113,2015-01-01,2015-01-17,2016-01-16,12,1,31119000.0,diag
298,113,2016-01-09,2016-01-17,2017-01-16,12,1,11378000.0,diag
299,113,2016-12-29,2017-01-17,2018-01-16,12,1,28232000.0,diag
300,114,2020-08-31,2020-09-05,2021-09-04,12,1,76896000.0,diag
301,115,2022-07-07,2022-07-11,2023-07-10,12,1,33431000.0,diag
302,115,2023-06-28,2023-07-11,2026-07-10,36,1,43815000.0,diag
302,115,2023-06-28,2024-07-11,2026-07-10,36,2,43815000.0,diag
302,115,2023-06-28,2025-07-11,2026-07-10,36,3,43815000.0,diag
303,116,2022-07-31,2022-08-02,2023-08-01,12,1,39800000.0,posting
304,116,2023-07-31,2023-08-12,2024-08-11,12,1,27802000.0,posting
305,116,2024-08-03,2024-08-14,2025-08-13,12,1,21017000.0,posting
306,116,2025-08-10,2025-08-15,2026-08-14,12,1,22161000.0,posting
307,117,2020-02-11,2020-02-22,2021-02-21,12,1,115015000.0,both
308,117,2021-03-18,2021-03-21,2022-03-20,12,1,87930000.0,both
309,117,2022-03-08,2022-03-21,2024-03-20,24,1,84173000.0,both
309,117,2022-03-08,2023-03-21,2024-03-20,24,2,84173000.0,both
310,117,2022-03-11,2022-03-26,2024-03-20,24,1,19918000.0,both
311,117,2024-03-09,2024-03-21,2026-03-20,24,1,104613000.0,both
311,117,2024-03-09,2025-03-21,2026-03-20,24,2,104613000.0,both
312,117,2026-03-31,2026-04-03,2027-04-02,12,1,211873000.0,both
313,118,2021-04-17,2021-05-05,2022-05-04,12,1,20622000.0,posting
314,119,2021-05-26,2021-06-08,2024-06-07,36,1,16416000.0,posting
314,119,2021-05-26,2022-06-08,2024-06-07,36,2,16416000.0,posting
314,119,2021-05-26,2023-06-08,2024-06-07,36,3,16416000.0,posting
315,120,2020-06-14,2020-06-25,2021-06-24,12,1,64567000.0,both
316,120,2021-07-10,2021-07-17,2022-07-16,12,1,60478000.0,both
317,120,2022-08-02,2022-08-07,2025-08-06,36,1,46710000.0,both
317,120,2022-08-02,2023-08-07,2025-08-06,36,2,46710000.0,both
317,120,2022-08-02,2024-08-07,2025-08-06,36,3,46710000.0,both
318,120,2025-08-08,2025-08-22,2026-08-21,12,1,36866000.0,both
319,120,2025-08-11,2025-08-27,2026-08-21,12,1,12126000.0,both
320,121,2022-05-03,2022-05-19,2023-05-18,12,1,44493000.0,posting
321,122,2019-10-30,2019-11-07,2021-11-06,24,1,16400000.0,diag
321,122,2019-10-30,2020-11-07,2021-11-06,24,2,16400000.0,diag
322,123,2021-11-09,2021-11-24,2022-11-23,12,1,29418000.0,both
323,123,2022-11-18,2022-11-24,2023-11-23,12,1,24037000.0,both
324,123,2023-11-18,2023-11-24,2024-11-23,12,1,46617000.0,both
325,124,2021-08-04,2021-08-09,2022-08-08,12,1,49451000.0,both
326,124,2022-07-31,2022-08-09,2023-08-08,12,1,39715000.0,both
327,125,2023-04-29,2023-05-01,2024-04-30,12,1,48320000.0,diag
328,125,2024-04-12,2024-05-01,2026-04-30,24,1,50739000.0,diag
328,125,2024-04-12,2025-05-01,2026-04-30,24,2,50739000.0,diag
329,125,2026-05-07,2026-05-07,2027-05-06,12,1,37564000.0,diag
330,126,2021-10-17,2021-11-03,2022-11-02,12,1,36090000.0,diag
331,126,2022-11-01,2022-11-16,2023-11-15,12,1,24090000.0,diag
332,127,2020-08-13,2020-09-01,2021-08-31,12,1,85197000.0,both
333,128,2023-03-19,2023-03-21,2026-03-20,36,1,14271000.0,posting
333,128,2023-03-19,2024-03-21,2026-03-20,36,2,14271000.0,posting
333,128,2023-03-19,2025-03-21,2026-03-20,36,3,14271000.0,posting
334,129,2019-09-28,2019-10-07,2020-10-06,12,1,73292000.0,both
335,129,2019-10-01,2019-10-12,2020-10-06,12,1,15451000.0,both
336,129,2020-10-10,2020-10-26,2021-10-25,12,1,113249000.0,both
337,130,2021-01-08,2021-01-19,2023-01-18,24,1,23928000.0,diag
337,130,2021-01-08,2022-01-19,2023-01-18,24,2,23928000.0,diag
338,130,2023-01-11,2023-01-26,2026-01-25,36,1,46280000.0,diag
338,130,2023-01-11,2024-01-26,2026-01-25,36,2,46280000.0,diag
338,130,2023-01-11,2025-01-26,2026-01-25,36,3,46280000.0,diag
339,131,2021-08-04,2021-08-12,2022-08-11,12,1,66657000.0,posting
340,131,2022-08-04,2022-08-12,2023-08-11,12,1,46757000.0,posting
341,131,2023-08-28,2023-09-14,2024-09-13,12,1,48770000.0,posting
342,131,2024-09-07,2024-09-14,2025-09-13,12,1,40131000.0,posting
343,132,2021-02-18,2021-02-25,2022-02-24,12,1,125459000.0,diag
344,132,2022-02-16,2022-02-25,2023-02-24,12,1,86483000.0,diag
345,132,2023-02-07,2023-02-25,2024-02-24,12,1,63138000.0,diag
346,133,2022-08-06,2022-08-12,2023-08-11,12,1,34648000.0,diag
347,134,2021-03-01,2021-03-07,2024-03-06,36,1,37511000.0,diag
347,134,2021-03-01,2022-03-07,2024-03-06,36,2,37511000.0,diag
347,134,2021-03-01,2023-03-07,2024-03-06,36,3,37511000.0,diag
348,134,2024-02-24,2024-03-07,2025-03-06,12,1,32497000.0,diag
349,135,2020-03-30,2020-04-15,2022-04-14,24,1,52739000.0,diag
349,135,2020-03-30,2021-04-15,2022-04-14,24,2,52739000.0,diag
350,135,2022-04-01,2022-04-19,2024-04-18,24,1,45207000.0,diag
350,135,2022-04-01,2023-04-19,2024-04-18,24,2,45207000.0,diag
351,136,2022-06-15,2022-06-15,2025-06-14,36,1,32638000.0,both
351,136,2022-06-15,2023-06-15,2025-06-14,36,2,32638000.0,both
351,136,2022-06-15,2024-06-15,2025-06-14,36,3,32638000.0,both
352,137,2015-09-05,2015-09-07,2017-09-06,24,1,69700000.0,both
352,137,2015-09-05,2016-09-07,2017-09-06,24,2,69700000.0,both
353,137,2017-09-03,2017-09-07,2018-09-06,12,1,81605000.0,both
354,137,2018-09-05,2018-09-07,2019-09-06,12,1,84349000.0,both
355,137,2019-09-09,2019-09-10,2020-09-09,12,1,123538000.0,both
356,138,2022-11-16,2022-11-18,2025-11-17,36,1,58410000.0,posting
356,138,2022-11-16,2023-11-18,2025-11-17,36,2,58410000.0,posting
356,138,2022-11-16,2024-11-18,2025-11-17,36,3,58410000.0,posting
357,138,2025-11-17,2025-11-18,2026-11-17,12,1,48002000.0,posting
358,139,2019-07-01,2019-07-01,2020-06-30,12,1,92843000.0,both
359,140,2021-09-18,2021-09-24,2022-09-23,12,1,101227000.0,both
360,140,2022-09-17,2022-09-24,2024-09-23,24,1,52866000.0,both
360,140,2022-09-17,2023-09-24,2024-09-23,24,2,52866000.0,both
361,140,2024-09-22,2024-09-24,2026-09-23,24,1,99668000.0,both
361,140,2024-09-22,2025-09-24,2026-09-23,24,2,99668000.0,both
362,141,2021-03-25,2021-03-26,2024-03-25,36,1,91963000.0,both
362,141,2021-03-25,2022-03-26,2024-03-25,36,2,91963000.0,both
362,141,2021-03-25,2023-03-26,2024-03-25,36,3,91963000.0,both
363,141,2021-03-28,2021-03-31,2024-03-25,36,1,28583000.0,both
364,141,2024-04-01,2024-04-12,2025-04-11,12,1,50685000.0,both
365,141,2025-04-05,2025-04-12,2028-04-11,36,1,48398000.0,both
365,141,2025-04-05,2026-04-12,2028-04-11,36,2,48398000.0,both
365,141,2025-04-05,2027-04-12,2028-04-11,36,3,48398000.0,both
366,142,2022-10-12,2022-10-14,2023-10-13,12,1,45216000.0,both
367,142,2023-10-03,2023-10-14,2024-10-13,12,1,63460000.0,both
368,142,2023-10-06,2023-10-19,2024-10-13,12,1,11006000.0,both
369,142,2024-10-10,2024-10-18,2025-10-17,12,1,55217000.0,both
370,142,2025-10-22,2025-11-09,2026-11-08,12,1,25158000.0,both
371,142,2025-10-25,2025-11-14,2026-11-08,12,1,16564000.0,both
372,143,2020-08-11,2020-08-15,2021-08-14,12,1,25197000.0,posting
373,144,2020-06-04,2020-06-07,2021-06-06,12,1,133332000.0,diag
374,145,2022-11-24,2022-11-26,2023-11-25,12,1,104670000.0,both
375,145,2023-11-11,2023-11-26,2024-11-25,12,1,65646000.0,both
376,146,2022-10-18,2022-10-24,2023-10-23,12,1,36790000.0,diag
377,146,2023-11-01,2023-11-18,2024-11-17,12,1,42743000.0,diag
378,147,2022-08-29,2022-09-05,2023-09-04,12,1,63601000.0,posting
379,148,2022-01-05,2022-01-10,2023-01-09,12,1,25167000.0,diag
380,148,2023-01-09,2023-01-10,2024-01-09,12,1,23330000.0,diag
381,148,2023-12-29,2024-01-10,2025-01-09,12,1,30650000.0,diag
382,149,2018-07-31,2018-08-04,2019-08-03,12,1,26178000.0,diag
383,150,2023-06-03,2023-06-08,2024-06-07,12,1,38125000.0,posting
384,151,2022-08-17,2022-09-02,2023-09-01,12,1,20351000.0,posting
385,152,2023-11-27,2023-12-01,2024-11-30,12,1,63324000.0,both
386,152,2025-01-11,2025-01-14,2026-01-13,12,1,101563000.0,both
387,152,2025-12-31,2026-01-14,2027-01-13,12,1,54223000.0,both
388,153,2023-10-08,2023-10-23,2024-10-22,12,1,125635000.0,both
389,153,2024-10-23,2024-10-23,2025-10-22,12,1,57713000.0,both
390,153,2025-10-17,2025-10-23,2026-10-22,12,1,121164000.0,both
391,154,2015-11-06,2015-11-14,2016-11-13,12,1,43156000.0,posting
392,154,2016-12-01,2016-12-03,2017-12-02,12,1,47316000.0,posting
393,154,2017-12-19,2017-12-30,2018-12-29,12,1,56834000.0,posting
394,155,2018-11-28,2018-12-10,2019-12-09,12,1,26453000.0,diag
395,156,2021-02-19,2021-02-21,2022-02-20,12,1,110028000.0,posting
396,157,2018-12-13,2019-01-01,2020-12-31,24,1,44918000.0,diag
396,157,2018-12-13,2020-01-01,2020-12-31,24,2,44918000.0,diag
397,157,2021-01-30,2021-02-11,2022-02-10,12,1,36858000.0,diag
398,158,2023-04-03,2023-04-06,2024-04-05,12,1,68902000.0,posting
399,159,2021-11-16,2021-12-04,2022-12-03,12,1,17784000.0,posting
400,160,2015-02-05,2015-02-20,2016-02-19,12,1,400143000.0,both
401,160,2016-02-13,2016-02-20,2018-02-19,24,1,227132000.0,both
401,160,2016-02-13,2017-02-20,2018-02-19,24,2,227132000.0,both
402,160,2018-02-02,2018-02-20,2019-02-19,12,1,359323000.0,both
403,160,2019-03-08,2019-03-16,2021-03-15,24,1,309187000.0,both
403,160,2019-03-08,2020-03-16,2021-03-15,24,2,309187000.0,both
404,160,2021-04-07,2021-04-20,2024-04-19,36,1,457518000.0,both
404,160,2021-04-07,2022-04-20,2024-04-19,36,2,457518000.0,both
404,160,2021-04-07,2023-04-20,2024-04-19,36,3,457518000.0,both
405,160,2021-04-10,2021-04-25,2024-04-19,36,1,100625000.0,both
406,160,2024-04-09,2024-04-20,2025-04-19,12,1,286686000.0,both
407,160,2025-04-10,2025-04-20,2027-04-19,24,1,246190000.0,both
407,160,2025-04-10,2026-04-20,2027-04-19,24,2,246190000.0,both
408,161,2022-01-01,2022-01-13,2023-01-12,12,1,33120000.0,posting
409,162,2020-11-13,2020-11-14,2021-11-13,12,1,9444000.0,diag
410,163,2021-03-14,2021-03-20,2022-03-19,12,1,22188000.0,posting
411,163,2022-04-22,2022-04-29,2023-04-28,12,1,13131000.0,posting
412,163,2022-04-25,2022-05-04,2023-04-28,12,1,5817000.0,posting
413,164,2022-06-03,2022-06-07,2025-06-06,36,1,100917000.0,diag
413,164,2022-06-03,2023-06-07,2025-06-06,36,2,100917000.0,diag
413,164,2022-06-03,2024-06-07,2025-06-06,36,3,100917000.0,diag
414,165,2020-02-04,2020-02-05,2021-02-04,12,1,124705000.0,both
415,165,2021-01-20,2021-02-05,2022-02-04,12,1,93416000.0,both
416,165,2022-02-20,2022-03-11,2023-03-10,12,1,85193000.0,both
417,165,2023-03-01,2023-03-11,2025-03-10,24,1,98822000.0,both
417,165,2023-03-01,2024-03-11,2025-03-10,24,2,98822000.0,both
418,165,2025-03-02,2025-03-11,2027-03-10,24,1,125164000.0,both
418,165,2025-03-02,2026-03-11,2027-03-10,24,2,125164000.0,both
419,166,2021-04-20,2021-05-06,2022-05-05,12,1,55093000.0,diag
420,166,2021-04-23,2021-05-11,2022-05-05,12,1,20315000.0,diag
421,167,2020-02-08,2020-02-23,2021-02-22,12,1,59365000.0,diag
422,168,2021-08-25,2021-09-04,2023-09-03,24,1,22644000.0,both
422,168,2021-08-25,2022-09-04,2023-09-03,24,2,22644000.0,both
423,169,2021-07-08,2021-07-15,2022-07-14,12,1,48209000.0,posting
424,170,2022-12-10,2022-12-16,2024-12-15,24,1,18347000.0,diag
424,170,2022-12-10,2023-12-16,2024-12-15,24,2,18347000.0,diag
425,171,2020-03-10,2020-03-13,2021-03-12,12,1,29349000.0,diag
426,172,2021-07-31,2021-08-10,2022-08-09,12,1,75341000.0,posting
427,172,2022-08-27,2022-08-27,2023-08-26,12,1,50974000.0,posting
428,173,2018-09-10,2018-09-24,2019-09-23,12,1,22332000.0,diag
429,174,2021-01-22,2021-02-08,2024-02-07,36,1,134060000.0,posting
429,174,2021-01-22,2022-02-08,2024-02-07,36,2,134060000.0,posting
429,174,2021-01-22,2023-02-08,2024-02-07,36,3,134060000.0,posting
430,174,2024-03-21,2024-03-22,2025-03-21,12,1,143497000.0,posting
431,174,2024-03-24,2024-03-27,2025-03-21,12,1,31751000.0,posting
432,174,2025-03-28,2025-04-12,2026-04-11,12,1,79610000.0,posting
433,174,2025-03-31,2025-04-17,2026-04-11,12,1,59706000.0,posting
434,175,2022-09-22,2022-09-22,2024-09-21,24,1,115807000.0,diag
434,175,2022-09-22,2023-09-22,2024-09-21,24,2,115807000.0,diag
435,176,2022-04-01,2022-04-03,2023-04-02,12,1,24921000.0,diag
436,177,2018-03-05,2018-03-21,2019-03-20,12,1,92329000.0,both
437,178,2021-02-03,2021-02-17,2022-02-16,12,1,42685000.0,diag
438,179,2023-06-17,2023-06-25,2024-06-24,12,1,42723000.0,diag
439,180,2019-08-21,2019-08-26,2020-08-25,12,1,35666000.0,diag
440,180,2019-08-24,2019-08-31,2020-08-25,12,1,10938000.0,diag
441,181,2021-02-28,2021-03-01,2022-02-28,12,1,37281000.0,posting
442,182,2018-04-16,2018-04-18,2019-04-17,12,1,63590000.0,posting
443,182,2018-04-19,2018-04-23,2019-04-17,12,1,11847000.0,posting
444,183,2018-10-01,2018-10-05,2019-10-04,12,1,65557000.0,diag
445,183,2019-09-28,2019-10-05,2020-10-04,12,1,60303000.0,diag
446,183,2019-10-01,2019-10-10,2020-10-04,12,1,12756000.0,diag
447,183,2020-10-02,2020-10-05,2021-10-04,12,1,39271000.0,diag
448,183,2021-09-28,2021-10-05,2023-10-04,24,1,49708000.0,diag
448,183,2021-09-28,2022-10-05,2023-10-04,24,2,49708000.0,diag
449,183,2023-11-01,2023-11-04,2024-11-03,12,1,80144000.0,diag
450,183,2024-10-24,2024-11-04,2025-11-03,12,1,32393000.0,diag
451,183,2025-10-22,2025-11-04,2027-11-03,24,1,69372000.0,diag
451,183,2025-10-22,2026-11-04,2027-11-03,24,2,69372000.0,diag
452,184,2020-08-11,2020-08-19,2021-08-18,12,1,84042000.0,both
453,184,2021-08-07,2021-08-19,2022-08-18,12,1,61197000.0,both
454,184,2022-09-09,2022-09-14,2023-09-13,12,1,54349000.0,both
455,185,2018-10-12,2018-10-12,2019-10-11,12,1,30741000.0,diag
456,185,2019-10-31,2019-11-12,2021-11-11,24,1,100753000.0,diag
456,185,2019-10-31,2020-11-12,2021-11-11,24,2,100753000.0,diag
457,185,2019-11-03,2019-11-17,2021-11-11,24,1,15815000.0,diag
458,185,2021-11-10,2021-11-12,2022-11-11,12,1,53740000.0,diag
459,185,2022-11-10,2022-11-12,2025-11-11,36,1,59717000.0,diag
459,185,2022-11-10,2023-11-12,2025-11-11,36,2,59717000.0,diag
459,185,2022-11-10,2024-11-12,2025-11-11,36,3,59717000.0,diag
460,185,2022-11-13,2022-11-17,2025-11-11,36,1,13357000.0,diag
461,185,2025-11-08,2025-11-12,2028-11-11,36,1,56740000.0,diag
461,185,2025-11-08,2026-11-12,2028-11-11,36,2,56740000.0,diag
461,185,2025-11-08,2027-11-12,2028-11-11,36,3,56740000.0,diag
462,186,2018-07-03,2018-07-14,2019-07-13,12,1,52735000.0,posting
463,186,2019-06-25,2019-07-14,2020-07-13,12,1,37989000.0,posting
464,186,2020-07-07,2020-07-14,2021-07-13,12,1,56600000.0,posting
465,187,2020-05-13,2020-05-17,2021-05-16,12,1,76330000.0,both
466,187,2021-05-01,2021-05-17,2024-05-16,36,1,99604000.0,both
466,187,2021-05-01,2022-05-17,2024-05-16,36,2,99604000.0,both
466,187,2021-05-01,2023-05-17,2024-05-16,36,3,99604000.0,both
467,188,2021-04-15,2021-05-03,2022-05-02,12,1,43022000.0,diag
468,189,2020-10-10,2020-10-26,2021-10-25,12,1,19380000.0,diag
469,190,2022-09-03,2022-09-21,2023-09-20,12,1,24760000.0,diag
470,190,2023-09-10,2023-09-21,2024-09-20,12,1,36715000.0,diag
471,191,2021-02-06,2021-02-20,2022-02-19,12,1,73932000.0,diag
472,192,2022-07-23,2022-07-26,2025-07-25,36,1,101034000.0,diag
472,192,2022-07-23,2023-07-26,2025-07-25,36,2,101034000.0,diag
472,192,2022-07-23,2024-07-26,2025-07-25,36,3,101034000.0,diag
473,192,2022-07-26,2022-07-31,2025-07-25,36,1,30556000.0,diag
474,192,2025-07-24,2025-07-26,2026-07-25,12,1,72416000.0,diag
475,192,2025-07-27,2025-07-31,2026-07-25,12,1,22740000.0,diag
476,193,2019-03-19,2019-03-27,2022-03-26,36,1,43850000.0,diag
476,193,2019-03-19,2020-03-27,2022-03-26,36,2,43850000.0,diag
476,193,2019-03-19,2021-03-27,2022-03-26,36,3,43850000.0,diag
477,193,2022-03-23,2022-03-27,2025-03-26,36,1,27809000.0,diag
477,193,2022-03-23,2023-03-27,2025-03-26,36,2,27809000.0,diag
477,193,2022-03-23,2024-03-27,2025-03-26,36,3,27809000.0,diag
478,194,2022-01-10,2022-01-22,2023-01-21,12,1,34039000.0,diag
479,195,2022-03-10,2022-03-18,2023-03-17,12,1,56967000.0,diag
480,195,2023-03-18,2023-03-18,2024-03-17,12,1,39608000.0,diag
481,195,2024-04-05,2024-04-20,2025-04-19,12,1,45098000.0,diag
482,196,2015-02-09,2015-02-23,2016-02-22,12,1,55059000.0,diag
483,196,2016-02-21,2016-02-23,2017-02-22,12,1,57421000.0,diag
484,196,2017-02-20,2017-02-23,2018-02-22,12,1,36860000.0,diag
485,196,2018-02-23,2018-02-23,2019-02-22,12,1,59645000.0,diag
486,196,2019-03-13,2019-03-23,2020-03-22,12,1,77559000.0,diag
487,196,2019-03-16,2019-03-28,2020-03-22,12,1,14651000.0,diag
488,196,2020-03-19,2020-03-23,2021-03-22,12,1,90221000.0,diag
489,196,2021-03-09,2021-03-23,2022-03-22,12,1,56229000.0,diag
490,196,2022-04-11,2022-04-28,2023-04-27,12,1,44770000.0,diag
491,196,2023-04-20,2023-04-28,2024-04-27,12,1,102892000.0,diag
492,196,2024-04-17,2024-04-28,2025-04-27,12,1,68024000.0,diag
493,196,2025-04-11,2025-04-28,2026-04-27,12,1,51909000.0,diag
494,196,2026-04-25,2026-04-28,2027-04-27,12,1,90932000.0,diag
495,197,2020-04-17,2020-04-19,2021-04-18,12,1,24264000.0,diag
496,197,2021-04-19,2021-05-06,2022-05-05,12,1,18865000.0,diag
497,198,2019-05-17,2019-06-01,2020-05-31,12,1,40395000.0,diag
498,198,2020-07-12,2020-07-14,2021-07-13,12,1,39183000.0,diag
499,198,2021-07-05,2021-07-14,2022-07-13,12,1,48919000.0,diag
500,198,2022-07-04,2022-07-22,2023-07-21,12,1,45047000.0,diag
501,199,2022-07-22,2022-07-25,2023-07-24,12,1,17822000.0,diag
502,199,2022-07-25,2022-07-30,2023-07-24,12,1,6845000.0,diag
503,199,2023-07-21,2023-07-25,2026-07-24,36,1,19244000.0,diag
503,199,2023-07-21,2024-07-25,2026-07-24,36,2,19244000.0,diag
503,199,2023-07-21,2025-07-25,2026-07-24,36,3,19244000.0,diag
504,200,2022-10-20,2022-11-03,2023-11-02,12,1,59869000.0,diag
505,200,2023-11-12,2023-11-18,2026-11-17,36,1,48808000.0,diag
505,200,2023-11-12,2024-11-18,2026-11-17,36,2,48808000.0,diag
505,200,2023-11-12,2025-11-18,2026-11-17,36,3,48808000.0,diag
506,201,2019-04-05,2019-04-07,2021-04-06,24,1,37437000.0,diag
506,201,2019-04-05,2020-04-07,2021-04-06,24,2,37437000.0,diag
507,201,2021-03-22,2021-04-07,2022-04-06,12,1,71167000.0,diag
508,201,2022-05-05,2022-05-07,2023-05-06,12,1,37927000.0,diag
509,202,2021-05-31,2021-06-05,2022-06-04,12,1,100106000.0,posting
510,203,2019-05-17,2019-05-26,2020-05-25,12,1,15596000.0,diag
511,204,2018-03-20,2018-04-05,2020-04-04,24,1,23267000.0,diag
511,204,2018-03-20,2019-04-05,2020-04-04,24,2,23267000.0,diag
512,204,2020-04-29,2020-05-14,2021-05-13,12,1,39673000.0,diag
513,204,2021-05-10,2021-05-14,2022-05-13,12,1,42203000.0,diag
514,204,2022-04-27,2022-05-14,2023-05-13,12,1,30365000.0,diag
515,204,2022-04-30,2022-05-19,2023-05-13,12,1,10739000.0,diag
516,204,2023-05-08,2023-05-14,2024-05-13,12,1,29220000.0,diag
517,205,2018-01-31,2018-02-09,2019-02-08,12,1,89300000.0,both
518,205,2019-02-09,2019-02-20,2020-02-19,12,1,99332000.0,both
519,205,2020-02-13,2020-02-20,2021-02-19,12,1,98800000.0,both
520,205,2021-02-13,2021-02-20,2022-02-19,12,1,85356000.0,both
521,205,2022-02-08,2022-02-20,2024-02-19,24,1,173727000.0,both
521,205,2022-02-08,2023-02-20,2024-02-19,24,2,173727000.0,both
522,205,2024-02-12,2024-02-20,2027-02-19,36,1,75530000.0,both
522,205,2024-02-12,2025-02-20,2027-02-19,36,2,75530000.0,both
522,205,2024-02-12,2026-02-20,2027-02-19,36,3,75530000.0,both
523,205,2024-02-15,2024-02-25,2027-02-19,36,1,31966000.0,both
524,206,2019-08-06,2019-08-19,2020-08-18,12,1,65505000.0,diag
525,206,2020-08-04,2020-08-19,2021-08-18,12,1,80547000.0,diag
526,206,2021-08-02,2021-08-19,2022-08-18,12,1,62335000.0,diag
527,206,2022-09-17,2022-10-02,2023-10-01,12,1,40233000.0,diag
528,206,2022-09-20,2022-10-07,2023-10-01,12,1,14334000.0,diag
529,206,2023-10-20,2023-11-01,2024-10-31,12,1,43299000.0,diag
530,206,2024-10-21,2024-11-01,2025-10-31,12,1,50551000.0,diag
531,207,2022-11-26,2022-12-14,2023-12-13,12,1,51241000.0,diag
532,207,2023-12-07,2023-12-14,2026-12-13,36,1,45409000.0,diag
532,207,2023-12-07,2024-12-14,2026-12-13,36,2,45409000.0,diag
532,207,2023-12-07,2025-12-14,2026-12-13,36,3,45409000.0,diag
533,207,2023-12-10,2023-12-19,2026-12-13,36,1,18605000.0,diag
534,208,2023-03-05,2023-03-11,2024-03-10,12,1,16036000.0,diag
535,208,2024-03-06,2024-03-11,2025-03-10,12,1,15377000.0,diag
536,209,2021-12-17,2022-01-05,2023-01-04,12,1,31306000.0,diag
537,210,2022-08-23,2022-08-27,2024-08-26,24,1,57939000.0,both
537,210,2022-08-23,2023-08-27,2024-08-26,24,2,57939000.0,both
538,210,2024-08-08,2024-08-27,2025-08-26,12,1,25986000.0,both
539,210,2025-08-18,2025-08-27,2026-08-26,12,1,36701000.0,both
540,211,2020-09-01,2020-09-17,2022-09-16,24,1,85278000.0,diag
540,211,2020-09-01,2021-09-17,2022-09-16,24,2,85278000.0,diag
541,212,2022-03-05,2022-03-06,2023-03-05,12,1,30010000.0,diag
542,213,2023-07-04,2023-07-20,2024-07-19,12,1,58606000.0,diag
543,214,2023-04-06,2023-04-13,2024-04-12,12,1,28280000.0,diag
544,215,2022-09-29,2022-10-09,2023-10-08,12,1,20203000.0,posting
545,215,2023-09-26,2023-10-09,2026-10-08,36,1,20985000.0,posting
545,215,2023-09-26,2024-10-09,2026-10-08,36,2,20985000.0,posting
545,215,2023-09-26,2025-10-09,2026-10-08,36,3,20985000.0,posting
546,216,2021-12-11,2021-12-13,2022-12-12,12,1,66516000.0,both
547,216,2021-12-14,2021-12-18,2022-12-12,12,1,19943000.0,both
548,216,2022-11-30,2022-12-13,2025-12-12,36,1,93887000.0,both
548,216,2022-11-30,2023-12-13,2025-12-12,36,2,93887000.0,both
548,216,2022-11-30,2024-12-13,2025-12-12,36,3,93887000.0,both
549,216,2025-12-14,2025-12-27,2026-12-26,12,1,116936000.0,both
550,217,2021-07-24,2021-08-05,2023-08-04,24,1,25615000.0,both
550,217,2021-07-24,2022-08-05,2023-08-04,24,2,25615000.0,both
551,217,2023-07-31,2023-08-05,2024-08-04,12,1,56252000.0,both
552,217,2024-07-23,2024-08-05,2025-08-04,12,1,32194000.0,both
553,218,2021-10-16,2021-10-20,2022-10-19,12,1,110518000.0,both
554,219,2020-02-25,2020-03-13,2021-03-12,12,1,19352000.0,diag
555,220,2022-03-08,2022-03-15,2023-03-14,12,1,92960000.0,both
556,220,2023-02-24,2023-03-15,2024-03-14,12,1,102993000.0,both
557,220,2024-03-08,2024-03-15,2025-03-14,12,1,177316000.0,both
558,220,2025-03-11,2025-03-15,2026-03-14,12,1,95974000.0,both
559,220,2026-03-01,2026-03-15,2027-03-14,12,1,81911000.0,both
560,221,2023-03-07,2023-03-26,2025-03-25,24,1,72025000.0,both
560,221,2023-03-07,2024-03-26,2025-03-25,24,2,72025000.0,both
561,222,2019-07-20,2019-08-06,2020-08-05,12,1,260679000.0,both
562,222,2020-08-05,2020-08-09,2021-08-08,12,1,106528000.0,both
563,223,2022-08-25,2022-09-08,2023-09-07,12,1,10243000.0,diag
564,223,2023-08-28,2023-09-08,2024-09-07,12,1,22120000.0,diag
565,224,2023-06-21,2023-06-23,2026-06-22,36,1,120129000.0,both
565,224,2023-06-21,2024-06-23,2026-06-22,36,2,120129000.0,both
565,224,2023-06-21,2025-06-23,2026-06-22,36,3,120129000.0,both
566,225,2022-07-30,2022-08-01,2023-07-31,12,1,67800000.0,diag
567,225,2023-08-05,2023-08-21,2024-08-20,12,1,47955000.0,diag
568,225,2024-08-26,2024-09-03,2027-09-02,36,1,58428000.0,diag
568,225,2024-08-26,2025-09-03,2027-09-02,36,2,58428000.0,diag
568,225,2024-08-26,2026-09-03,2027-09-02,36,3,58428000.0,diag
569,226,2022-05-05,2022-05-07,2023-05-06,12,1,75494000.0,both
570,226,2023-05-04,2023-05-07,2024-05-06,12,1,77781000.0,both
571,226,2024-04-24,2024-05-07,2026-05-06,24,1,92721000.0,both
571,226,2024-04-24,2025-05-07,2026-05-06,24,2,92721000.0,both
572,226,2026-04-28,2026-05-13,2027-05-12,12,1,106945000.0,both
573,226,2026-05-01,2026-05-18,2027-05-12,12,1,29524000.0,both
574,227,2020-01-15,2020-01-22,2021-01-21,12,1,211122000.0,posting
575,228,2021-10-07,2021-10-17,2022-10-16,12,1,12874000.0,diag
576,228,2022-10-31,2022-11-17,2024-11-16,24,1,28705000.0,diag
576,228,2022-10-31,2023-11-17,2024-11-16,24,2,28705000.0,diag
577,228,2024-11-28,2024-12-09,2025-12-08,12,1,23417000.0,diag
578,228,2025-11-26,2025-12-09,2026-12-08,12,1,20794000.0,diag
579,229,2015-09-01,2015-09-02,2017-09-01,24,1,39612000.0,posting
579,229,2015-09-01,2016-09-02,2017-09-01,24,2,39612000.0,posting
580,229,2017-08-20,2017-09-02,2018-09-01,12,1,74792000.0,posting
581,230,2023-09-21,2023-09-27,2026-09-26,36,1,75129000.0,posting
581,230,2023-09-21,2024-09-27,2026-09-26,36,2,75129000.0,posting
581,230,2023-09-21,2025-09-27,2026-09-26,36,3,75129000.0,posting
582,230,2023-09-24,2023-10-02,2026-09-26,36,1,19806000.0,posting
583,231,2023-09-09,2023-09-18,2024-09-17,12,1,85746000.0,posting
584,231,2024-09-03,2024-09-19,2025-09-18,12,1,41744000.0,posting
585,231,2025-09-02,2025-09-19,2026-09-18,12,1,86204000.0,posting
586,232,2019-02-04,2019-02-06,2020-02-05,12,1,68505000.0,both
587,232,2020-01-29,2020-02-06,2021-02-05,12,1,74239000.0,both
588,233,2023-11-21,2023-12-03,2024-12-02,12,1,46946000.0,posting
589,233,2023-11-24,2023-12-08,2024-12-02,12,1,14409000.0,posting
590,234,2022-05-02,2022-05-13,2023-05-12,12,1,63600000.0,diag
591,234,2023-04-28,2023-05-13,2024-05-12,12,1,23961000.0,diag
592,234,2023-05-01,2023-05-18,2024-05-12,12,1,10531000.0,diag
593,234,2024-05-10,2024-05-13,2025-05-12,12,1,34115000.0,diag
594,234,2025-05-14,2025-05-26,2026-05-25,12,1,33710000.0,diag
595,234,2026-05-21,2026-06-04,2027-06-03,12,1,34985000.0,diag
596,235,2021-11-19,2021-12-08,2022-12-07,12,1,32048000.0,posting
597,236,2023-04-10,2023-04-11,2024-04-10,12,1,44951000.0,diag
598,236,2024-05-02,2024-05-02,2027-05-01,36,1,29043000.0,diag
598,236,2024-05-02,2025-05-02,2027-05-01,36,2,29043000.0,diag
598,236,2024-05-02,2026-05-02,2027-05-01,36,3,29043000.0,diag
599,237,2019-03-25,2019-04-03,2020-04-02,12,1,101209000.0,both
600,237,2020-03-23,2020-04-03,2021-04-02,12,1,69241000.0,both
601,237,2021-04-14,2021-05-02,2022-05-01,12,1,136622000.0,both
602,238,2019-03-06,2019-03-12,2020-03-11,12,1,44851000.0,diag
603,239,2021-06-20,2021-06-26,2022-06-25,12,1,137849000.0,posting
604,240,2017-12-18,2018-01-04,2020-01-03,24,1,65561000.0,diag
604,240,2017-12-18,2019-01-04,2020-01-03,24,2,65561000.0,diag
605,241,2019-07-27,2019-08-10,2020-08-09,12,1,33779000.0,posting
606,242,2019-08-07,2019-08-25,2020-08-24,12,1,143365000.0,both
607,242,2020-09-19,2020-10-08,2021-10-07,12,1,109192000.0,both
608,242,2021-10-12,2021-10-21,2022-10-20,12,1,111629000.0,both
609,242,2022-10-18,2022-10-21,2023-10-20,12,1,57901000.0,both
610,242,2023-10-11,2023-10-21,2024-10-20,12,1,63258000.0,both
611,242,2024-10-14,2024-10-21,2025-10-20,12,1,88209000.0,both
612,243,2021-11-06,2021-11-19,2022-11-18,12,1,32871000.0,both
613,243,2022-11-04,2022-11-19,2023-11-18,12,1,53397000.0,both
614,244,2020-02-26,2020-03-11,2021-03-10,12,1,44057000.0,diag
615,244,2021-03-13,2021-03-15,2022-03-14,12,1,38923000.0,diag
616,245,2022-12-30,2023-01-05,2024-01-04,12,1,52243000.0,diag
617,246,2019-03-06,2019-03-18,2020-03-17,12,1,26610000.0,both
618,246,2020-03-06,2020-03-24,2021-03-23,12,1,35718000.0,both
619,246,2021-04-04,2021-04-17,2022-04-16,12,1,41152000.0,both
620,246,2022-04-14,2022-04-17,2023-04-16,12,1,61523000.0,both
621,246,2023-04-30,2023-05-11,2024-05-10,12,1,32563000.0,both
622,246,2023-05-03,2023-05-16,2024-05-10,12,1,10550000.0,both
623,246,2024-05-21,2024-06-09,2025-06-08,12,1,63402000.0,both
624,246,2025-05-30,2025-06-15,2026-06-14,12,1,42387000.0,both
625,246,2026-06-06,2026-06-15,2027-06-14,12,1,25144000.0,both
626,247,2023-08-29,2023-09-06,2026-09-05,36,1,19510000.0,posting
626,247,2023-08-29,2024-09-06,2026-09-05,36,2,19510000.0,posting
626,247,2023-08-29,2025-09-06,2026-09-05,36,3,19510000.0,posting
627,248,2020-12-07,2020-12-10,2021-12-09,12,1,17534000.0,posting
628,248,2022-01-03,2022-01-20,2023-01-19,12,1,28528000.0,posting
629,249,2021-01-19,2021-01-24,2022-01-23,12,1,69822000.0,diag
630,249,2022-02-21,2022-03-03,2024-03-02,24,1,55874000.0,diag
630,249,2022-02-21,2023-03-03,2024-03-02,24,2,55874000.0,diag
631,249,2024-02-15,2024-03-03,2026-03-02,24,1,40525000.0,diag
631,249,2024-02-15,2025-03-03,2026-03-02,24,2,40525000.0,diag
632,249,2026-02-22,2026-03-03,2029-03-02,36,1,48878000.0,diag
632,249,2026-02-22,2027-03-03,2029-03-02,36,2,48878000.0,diag
632,249,2026-02-22,2028-03-03,2029-03-02,36,3,48878000.0,diag
633,250,2019-01-21,2019-01-26,2020-01-25,12,1,49603000.0,diag
634,251,2021-05-13,2021-05-22,2022-05-21,12,1,37361000.0,diag
635,252,2023-04-23,2023-04-26,2024-04-25,12,1,120807000.0,diag
636,252,2024-04-08,2024-04-26,2025-04-25,12,1,112414000.0,diag
637,252,2025-04-17,2025-04-26,2026-04-25,12,1,92308000.0,diag
638,253,2021-01-24,2021-01-27,2022-01-26,12,1,49867000.0,posting
639,254,2022-12-05,2022-12-15,2023-12-14,12,1,71961000.0,diag
640,254,2023-12-09,2023-12-15,2024-12-14,12,1,53841000.0,diag
641,254,2024-12-03,2024-12-15,2025-12-14,12,1,41339000.0,diag
642,254,2025-11-26,2025-12-15,2026-12-14,12,1,32799000.0,diag
643,255,2021-10-15,2021-10-24,2022-10-23,12,1,51769000.0,diag
644,255,2022-10-14,2022-10-24,2023-10-23,12,1,63169000.0,diag
645,255,2023-11-05,2023-11-06,2024-11-05,12,1,56446000.0,diag
646,255,2024-11-03,2024-11-06,2026-11-05,24,1,86674000.0,diag
646,255,2024-11-03,2025-11-06,2026-11-05,24,2,86674000.0,diag
647,256,2021-05-08,2021-05-15,2022-05-14,12,1,104906000.0,posting
648,256,2022-04-27,2022-05-15,2023-05-14,12,1,101292000.0,posting
649,256,2023-05-08,2023-05-24,2024-05-23,12,1,77669000.0,posting
650,256,2024-05-22,2024-06-07,2025-06-06,12,1,90493000.0,posting
651,257,2022-11-04,2022-11-05,2023-11-04,12,1,115441000.0,both
652,257,2022-11-07,2022-11-10,2023-11-04,12,1,35593000.0,both
653,257,2023-10-26,2023-11-05,2024-11-04,12,1,160256000.0,both
654,257,2024-11-21,2024-11-22,2025-11-21,12,1,231733000.0,both
655,257,2024-11-24,2024-11-27,2025-11-21,12,1,42185000.0,both
656,257,2025-11-27,2025-12-11,2026-12-10,12,1,169528000.0,both
657,258,2019-05-03,2019-05-16,2021-05-15,24,1,58124000.0,both
657,258,2019-05-03,2020-05-16,2021-05-15,24,2,58124000.0,both
658,259,2015-11-28,2015-12-17,2016-12-16,12,1,56791000.0,diag
659,259,2016-12-09,2016-12-20,2017-12-19,12,1,116963000.0,diag
660,259,2017-12-17,2017-12-20,2019-12-19,24,1,46662000.0,diag
660,259,2017-12-17,2018-12-20,2019-12-19,24,2,46662000.0,diag
661,260,2022-08-14,2022-08-20,2023-08-19,12,1,70578000.0,posting
662,261,2020-09-29,2020-10-05,2021-10-04,12,1,117033000.0,both
663,261,2021-10-03,2021-10-05,2022-10-04,12,1,185064000.0,both
664,261,2022-10-22,2022-10-25,2023-10-24,12,1,109657000.0,both
665,261,2022-10-25,2022-10-30,2023-10-24,12,1,49765000.0,both
666,261,2023-10-09,2023-10-25,2024-10-24,12,1,131108000.0,both
667,261,2024-10-12,2024-10-25,2026-10-24,24,1,114476000.0,both
667,261,2024-10-12,2025-10-25,2026-10-24,24,2,114476000.0,both
668,262,2020-07-03,2020-07-21,2021-07-20,12,1,46798000.0,both
669,262,2021-07-05,2021-07-21,2022-07-20,12,1,25420000.0,both
670,263,2022-02-13,2022-02-16,2023-02-15,12,1,40066000.0,diag
671,263,2022-02-16,2022-02-21,2023-02-15,12,1,12546000.0,diag
672,263,2023-02-04,2023-02-16,2024-02-15,12,1,36874000.0,diag
673,263,2024-03-14,2024-03-29,2027-03-28,36,1,29463000.0,diag
673,263,2024-03-14,2025-03-29,2027-03-28,36,2,29463000.0,diag
673,263,2024-03-14,2026-03-29,2027-03-28,36,3,29463000.0,diag
674,264,2023-07-14,2023-08-01,2024-07-31,12,1,30366000.0,both
675,264,2024-07-17,2024-08-01,2026-07-31,24,1,40495000.0,both
675,264,2024-07-17,2025-08-01,2026-07-31,24,2,40495000.0,both
676,265,2019-11-17,2019-12-01,2022-11-30,36,1,50060000.0,both
676,265,2019-11-17,2020-12-01,2022-11-30,36,2,50060000.0,both
676,265,2019-11-17,2021-12-01,2022-11-30,36,3,50060000.0,both
677,265,2022-11-20,2022-12-01,2023-11-30,12,1,67851000.0,both
678,265,2023-12-20,2024-01-05,2025-01-04,12,1,79661000.0,both
679,265,2024-12-28,2025-01-15,2026-01-14,12,1,34313000.0,both
680,265,2026-01-10,2026-01-15,2027-01-14,12,1,52197000.0,both
681,266,2015-09-07,2015-09-10,2016-09-09,12,1,16814000.0,diag
682,267,2022-07-30,2022-08-05,2023-08-04,12,1,75243000.0,both
683,267,2023-08-01,2023-08-05,2024-08-04,12,1,173952000.0,both
684,267,2024-07-21,2024-08-05,2025-08-04,12,1,169658000.0,both
685,267,2025-08-01,2025-08-05,2026-08-04,12,1,133775000.0,both
686,268,2020-10-24,2020-11-05,2021-11-04,12,1,34955000.0,diag
687,269,2020-10-31,2020-11-08,2022-11-07,24,1,15788000.0,posting
687,269,2020-10-31,2021-11-08,2022-11-07,24,2,15788000.0,posting
688,270,2019-04-20,2019-05-05,2020-05-04,12,1,48137000.0,diag
689,271,2021-06-22,2021-07-05,2022-07-04,12,1,41945000.0,diag
690,272,2020-10-11,2020-10-21,2021-10-20,12,1,68451000.0,both
691,272,2021-10-06,2021-10-21,2022-10-20,12,1,39961000.0,both
692,272,2022-10-11,2022-10-21,2023-10-20,12,1,51084000.0,both
693,272,2023-11-05,2023-11-17,2024-11-16,12,1,43953000.0,both
694,272,2024-11-15,2024-11-17,2025-11-16,12,1,42598000.0,both
695,272,2025-11-15,2025-11-17,2026-11-16,12,1,56451000.0,both
696,273,2022-10-25,2022-11-01,2023-10-31,12,1,65988000.0,diag
697,273,2023-10-13,2023-11-01,2024-10-31,12,1,52580000.0,diag
698,273,2024-10-19,2024-11-01,2027-10-31,36,1,47312000.0,diag
698,273,2024-10-19,2025-11-01,2027-10-31,36,2,47312000.0,diag
698,273,2024-10-19,2026-11-01,2027-10-31,36,3,47312000.0,diag
699,273,2024-10-22,2024-11-06,2027-10-31,36,1,11877000.0,diag
700,274,2022-07-05,2022-07-19,2023-07-18,12,1,43163000.0,both
701,274,2023-07-07,2023-07-19,2025-07-18,24,1,80007000.0,both
701,274,2023-07-07,2024-07-19,2025-07-18,24,2,80007000.0,both
702,274,2023-07-10,2023-07-24,2025-07-18,24,1,14970000.0,both
703,274,2025-07-02,2025-07-19,2026-07-18,12,1,30120000.0,both
704,275,2019-07-23,2019-07-23,2020-07-22,12,1,128280000.0,both
705,275,2020-07-14,2020-07-23,2021-07-22,12,1,63111000.0,both
706,276,2022-01-12,2022-01-20,2023-01-19,12,1,58927000.0,both
707,277,2023-06-03,2023-06-12,2024-06-11,12,1,48833000.0,diag
708,277,2024-06-24,2024-07-06,2025-07-05,12,1,38734000.0,diag
709,278,2019-01-05,2019-01-06,2020-01-05,12,1,36028000.0,posting
710,278,2019-12-18,2020-01-06,2023-01-05,36,1,31562000.0,posting
710,278,2019-12-18,2021-01-06,2023-01-05,36,2,31562000.0,posting
710,278,2019-12-18,2022-01-06,2023-01-05,36,3,31562000.0,posting
711,279,2022-05-16,2022-05-19,2023-05-18,12,1,31276000.0,both
712,280,2020-10-30,2020-11-13,2021-11-12,12,1,44488000.0,diag
713,281,2020-12-12,2020-12-14,2021-12-13,12,1,14252000.0,posting
714,281,2020-12-15,2020-12-19,2021-12-13,12,1,5272000.0,posting
715,281,2021-11-27,2021-12-14,2022-12-13,12,1,16026000.0,posting
716,281,2022-12-03,2022-12-14,2023-12-13,12,1,30553000.0,posting
717,281,2022-12-06,2022-12-19,2023-12-13,12,1,6827000.0,posting
718,281,2023-11-30,2023-12-14,2025-12-13,24,1,11632000.0,posting
718,281,2023-11-30,2024-12-14,2025-12-13,24,2,11632000.0,posting
719,281,2025-12-13,2025-12-14,2026-12-13,12,1,24681000.0,posting
720,282,2022-09-08,2022-09-13,2023-09-12,12,1,71202000.0,posting
721,282,2023-09-12,2023-09-13,2024-09-12,12,1,84158000.0,posting
722,282,2024-08-30,2024-09-13,2025-09-12,12,1,92118000.0,posting
723,282,2025-09-11,2025-09-13,2026-09-12,12,1,137417000.0,posting
724,283,2020-04-17,2020-04-26,2021-04-25,12,1,39485000.0,both
725,283,2021-04-15,2021-04-26,2022-04-25,12,1,52913000.0,both
726,283,2022-04-11,2022-04-26,2023-04-25,12,1,30140000.0,both
727,283,2023-05-15,2023-05-23,2024-05-22,12,1,68134000.0,both
728,283,2024-05-04,2024-05-23,2025-05-22,12,1,52915000.0,both
729,284,2018-01-21,2018-02-03,2019-02-02,12,1,96647000.0,posting
730,284,2018-01-24,2018-02-08,2019-02-02,12,1,17800000.0,posting
731,285,2020-12-07,2020-12-24,2021-12-23,12,1,57741000.0,diag
732,285,2021-12-19,2021-12-24,2022-12-23,12,1,98227000.0,diag
733,285,2022-12-27,2022-12-28,2023-12-27,12,1,78991000.0,diag
734,285,2023-12-21,2023-12-28,2025-12-27,24,1,66723000.0,diag
734,285,2023-12-21,2024-12-28,2025-12-27,24,2,66723000.0,diag
735,286,2021-07-11,2021-07-14,2023-07-13,24,1,27439000.0,posting
735,286,2021-07-11,2022-07-14,2023-07-13,24,2,27439000.0,posting
736,286,2023-06-29,2023-07-14,2024-07-13,12,1,33804000.0,posting
737,287,2022-02-15,2022-02-15,2024-02-14,24,1,20792000.0,diag
737,287,2022-02-15,2023-02-15,2024-02-14,24,2,20792000.0,diag
738,287,2022-02-18,2022-02-20,2024-02-14,24,1,6979000.0,diag
739,288,2021-01-18,2021-02-04,2022-02-03,12,1,63054000.0,both
740,288,2022-01-23,2022-02-04,2023-02-03,12,1,104689000.0,both
741,288,2023-02-03,2023-02-04,2024-02-03,12,1,78118000.0,both
742,288,2024-02-01,2024-02-04,2025-02-03,12,1,68338000.0,both
743,288,2025-01-31,2025-02-04,2026-02-03,12,1,76125000.0,both
744,288,2026-01-19,2026-02-04,2028-02-03,24,1,78151000.0,both
744,288,2026-01-19,2027-02-04,2028-02-03,24,2,78151000.0,both
745,289,2023-07-14,2023-07-20,2024-07-19,12,1,80128000.0,both
746,289,2024-08-19,2024-08-26,2025-08-25,12,1,84285000.0,both
747,289,2025-09-24,2025-10-06,2026-10-05,12,1,80013000.0,both
748,290,2021-06-09,2021-06-21,2022-06-20,12,1,82245000.0,both
749,290,2022-06-16,2022-06-21,2023-06-20,12,1,62801000.0,both
750,290,2023-06-24,2023-07-09,2025-07-08,24,1,93540000.0,both
750,290,2023-06-24,2024-07-09,2025-07-08,24,2,93540000.0,both
751,290,2025-07-06,2025-07-09,2026-07-08,12,1,108149000.0,both
752,291,2022-01-28,2022-02-15,2023-02-14,12,1,95617000.0,both
753,291,2023-02-03,2023-02-15,2026-02-14,36,1,96255000.0,both
753,291,2023-02-03,2024-02-15,2026-02-14,36,2,96255000.0,both
753,291,2023-02-03,2025-02-15,2026-02-14,36,3,96255000.0,both
754,291,2026-02-06,2026-02-15,2027-02-14,12,1,96828000.0,both
755,292,2022-07-20,2022-07-22,2023-07-21,12,1,33789000.0,posting
756,293,2023-04-09,2023-04-13,2024-04-12,12,1,97369000.0,diag
757,293,2024-03-29,2024-04-13,2025-04-12,12,1,78832000.0,diag
758,293,2025-04-05,2025-04-13,2026-04-12,12,1,90244000.0,diag
759,293,2026-05-16,2026-05-20,2029-05-19,36,1,89922000.0,diag
759,293,2026-05-16,2027-05-20,2029-05-19,36,2,89922000.0,diag
759,293,2026-05-16,2028-05-20,2029-05-19,36,3,89922000.0,diag
760,294,2021-06-13,2021-07-01,2022-06-30,12,1,29145000.0,posting
761,295,2022-07-20,2022-07-21,2023-07-20,12,1,59373000.0,both
762,295,2023-08-17,2023-08-29,2024-08-28,12,1,58982000.0,both
763,295,2024-09-19,2024-09-21,2025-09-20,12,1,35948000.0,both
764,296,2023-02-08,2023-02-23,2024-02-22,12,1,72722000.0,posting
765,296,2024-02-25,2024-03-01,2026-02-28,24,1,61802000.0,posting
765,296,2024-02-25,2025-03-01,2026-02-28,24,2,61802000.0,posting
766,296,2026-02-19,2026-03-10,2027-03-09,12,1,61385000.0,posting
767,296,2026-02-22,2026-03-15,2027-03-09,12,1,14134000.0,posting
768,297,2021-03-08,2021-03-09,2022-03-08,12,1,23230000.0,posting
769,298,2022-11-29,2022-12-04,2023-12-03,12,1,66800000.0,both
770,298,2022-12-02,2022-12-09,2023-12-03,12,1,13306000.0,both
771,298,2023-12-02,2023-12-04,2024-12-03,12,1,84636000.0,both
772,298,2024-11-24,2024-12-04,2025-12-03,12,1,57979000.0,both
773,298,2025-11-27,2025-12-04,2026-12-03,12,1,52082000.0,both
774,299,2023-03-01,2023-03-06,2024-03-05,12,1,74617000.0,posting
775,300,2020-06-16,2020-06-17,2021-06-16,12,1,56426000.0,diag
776,300,2021-06-11,2021-06-17,2022-06-16,12,1,35667000.0,diag
777,300,2021-06-14,2021-06-22,2022-06-16,12,1,14237000.0,diag
778,300,2022-06-02,2022-06-17,2023-06-16,12,1,44889000.0,diag
779,300,2022-06-05,2022-06-22,2023-06-16,12,1,14651000.0,diag
780,300,2023-07-02,2023-07-20,2024-07-19,12,1,47605000.0,diag
781,300,2024-07-03,2024-07-20,2025-07-19,12,1,42395000.0,diag
782,301,2023-12-16,2023-12-24,2025-12-23,24,1,74729000.0,both
782,301,2023-12-16,2024-12-24,2025-12-23,24,2,74729000.0,both
783,301,2025-12-17,2025-12-24,2026-12-23,12,1,61451000.0,both
784,301,2025-12-20,2025-12-29,2026-12-23,12,1,12170000.0,both
785,302,2023-12-05,2023-12-24,2024-12-23,12,1,77011000.0,diag
786,303,2019-09-11,2019-09-18,2020-09-17,12,1,65515000.0,both
787,303,2020-09-13,2020-09-18,2022-09-17,24,1,28334000.0,both
787,303,2020-09-13,2021-09-18,2022-09-17,24,2,28334000.0,both
788,303,2020-09-16,2020-09-23,2022-09-17,24,1,7481000.0,both
789,303,2022-09-03,2022-09-18,2023-09-17,12,1,39234000.0,both
790,304,2022-03-15,2022-03-25,2023-03-24,12,1,54655000.0,both
791,304,2023-04-29,2023-04-30,2024-04-29,12,1,43344000.0,both
792,304,2024-04-25,2024-04-30,2025-04-29,12,1,50949000.0,both
793,304,2025-05-29,2025-06-13,2026-06-12,12,1,94078000.0,both
794,304,2026-06-08,2026-06-13,2027-06-12,12,1,42269000.0,both
795,305,2019-03-10,2019-03-10,2020-03-09,12,1,112489000.0,both
796,306,2021-07-31,2021-08-02,2022-08-01,12,1,23636000.0,diag
797,306,2022-07-16,2022-08-02,2023-08-01,12,1,40489000.0,diag
798,307,2021-12-05,2021-12-11,2022-12-10,12,1,35144000.0,diag
799,308,2022-02-17,2022-02-26,2023-02-25,12,1,60284000.0,both
800,308,2023-03-14,2023-03-29,2024-03-28,12,1,92004000.0,both
801,308,2024-03-19,2024-03-29,2025-03-28,12,1,42730000.0,both
802,308,2025-03-10,2025-03-29,2026-03-28,12,1,53366000.0,both
803,308,2026-04-18,2026-04-26,2027-04-25,12,1,81755000.0,both
804,309,2020-05-18,2020-05-23,2021-05-22,12,1,140497000.0,posting
805,309,2021-05-21,2021-05-23,2022-05-22,12,1,244188000.0,posting
806,309,2022-05-20,2022-05-23,2023-05-22,12,1,83012000.0,posting
807,309,2023-05-20,2023-05-23,2025-05-22,24,1,94936000.0,posting
807,309,2023-05-20,2024-05-23,2025-05-22,24,2,94936000.0,posting
808,309,2025-05-06,2025-05-23,2026-05-22,12,1,97456000.0,posting
809,309,2026-06-12,2026-06-29,2027-06-28,12,1,121917000.0,posting
810,310,2021-02-11,2021-02-24,2022-02-23,12,1,35355000.0,both
811,310,2022-03-16,2022-03-19,2023-03-18,12,1,28646000.0,both
812,311,2020-05-13,2020-05-27,2021-05-26,12,1,41986000.0,both
813,312,2023-01-15,2023-01-17,2024-01-16,12,1,52283000.0,both
814,312,2024-02-10,2024-02-11,2025-02-10,12,1,77862000.0,both
815,312,2025-01-26,2025-02-11,2026-02-10,12,1,40047000.0,both
816,312,2026-03-24,2026-03-26,2027-03-25,12,1,41768000.0,both
817,313,2022-02-16,2022-03-04,2024-03-03,24,1,72420000.0,posting
817,313,2022-02-16,2023-03-04,2024-03-03,24,2,72420000.0,posting
818,313,2024-02-20,2024-03-04,2025-03-03,12,1,28850000.0,posting
819,313,2024-02-23,2024-03-09,2025-03-03,12,1,14730000.0,posting
820,313,2025-03-03,2025-03-04,2026-03-03,12,1,46264000.0,posting
821,314,2023-02-26,2023-03-15,2025-03-14,24,1,32162000.0,posting
821,314,2023-02-26,2024-03-15,2025-03-14,24,2,32162000.0,posting
822,314,2023-03-01,2023-03-20,2025-03-14,24,1,19255000.0,posting
823,314,2025-03-05,2025-03-15,2026-03-14,12,1,68419000.0,posting
824,314,2026-03-08,2026-03-15,2027-03-14,12,1,31917000.0,posting
825,315,2019-01-30,2019-02-16,2021-02-15,24,1,29488000.0,diag
825,315,2019-01-30,2020-02-16,2021-02-15,24,2,29488000.0,diag
826,315,2021-02-02,2021-02-16,2023-02-15,24,1,54900000.0,diag
826,315,2021-02-02,2022-02-16,2023-02-15,24,2,54900000.0,diag
827,315,2023-02-08,2023-02-16,2024-02-15,12,1,50939000.0,diag
828,315,2024-03-11,2024-03-12,2025-03-11,12,1,56607000.0,diag
829,315,2025-03-04,2025-03-12,2027-03-11,24,1,35498000.0,diag
829,315,2025-03-04,2026-03-12,2027-03-11,24,2,35498000.0,diag
830,316,2022-10-10,2022-10-14,2024-10-13,24,1,75595000.0,diag
830,316,2022-10-10,2023-10-14,2024-10-13,24,2,75595000.0,diag
831,316,2024-10-05,2024-10-14,2025-10-13,12,1,85823000.0,diag
832,317,2023-07-22,2023-08-07,2026-08-06,36,1,70191000.0,diag
832,317,2023-07-22,2024-08-07,2026-08-06,36,2,70191000.0,diag
832,317,2023-07-22,2025-08-07,2026-08-06,36,3,70191000.0,diag
833,318,2019-05-03,2019-05-11,2021-05-10,24,1,24912000.0,diag
833,318,2019-05-03,2020-05-11,2021-05-10,24,2,24912000.0,diag
834,319,2019-04-19,2019-04-25,2020-04-24,12,1,36215000.0,both
835,320,2019-03-31,2019-04-02,2020-04-01,12,1,30915000.0,diag
836,320,2020-03-30,2020-04-02,2021-04-01,12,1,22456000.0,diag
837,321,2020-10-11,2020-10-13,2021-10-12,12,1,45513000.0,diag
838,321,2021-09-24,2021-10-13,2022-10-12,12,1,30047000.0,diag
839,321,2022-11-09,2022-11-25,2023-11-24,12,1,35439000.0,diag
840,322,2020-01-24,2020-02-08,2021-02-07,12,1,41800000.0,diag
841,323,2018-03-07,2018-03-20,2019-03-19,12,1,83847000.0,diag
842,324,2021-08-02,2021-08-13,2023-08-12,24,1,53337000.0,both
842,324,2021-08-02,2022-08-13,2023-08-12,24,2,53337000.0,both
843,324,2023-08-10,2023-08-13,2026-08-12,36,1,44439000.0,both
843,324,2023-08-10,2024-08-13,2026-08-12,36,2,44439000.0,both
843,324,2023-08-10,2025-08-13,2026-08-12,36,3,44439000.0,both
844,325,2021-08-01,2021-08-14,2022-08-13,12,1,74093000.0,posting
845,325,2022-08-07,2022-08-14,2023-08-13,12,1,164997000.0,posting
846,325,2023-07-29,2023-08-14,2024-08-13,12,1,41485000.0,posting
847,325,2024-08-01,2024-08-14,2025-08-13,12,1,58724000.0,posting
848,325,2024-08-04,2024-08-19,2025-08-13,12,1,73236000.0,posting
849,325,2025-08-09,2025-08-14,2026-08-13,12,1,79697000.0,posting
850,326,2020-02-15,2020-02-16,2021-02-15,12,1,130793000.0,diag
851,327,2019-09-22,2019-09-25,2020-09-24,12,1,54212000.0,diag
852,328,2021-09-04,2021-09-20,2023-09-19,24,1,28578000.0,diag
852,328,2021-09-04,2022-09-20,2023-09-19,24,2,28578000.0,diag
853,328,2023-09-14,2023-09-20,2024-09-19,12,1,43845000.0,diag
854,328,2023-09-17,2023-09-25,2024-09-19,12,1,5079000.0,diag
855,329,2021-10-14,2021-10-24,2023-10-23,24,1,171943000.0,diag
855,329,2021-10-14,2022-10-24,2023-10-23,24,2,171943000.0,diag
856,329,2023-10-22,2023-10-24,2024-10-23,12,1,118403000.0,diag
857,330,2018-03-16,2018-04-01,2019-03-31,12,1,28789000.0,both
858,330,2019-04-10,2019-04-17,2020-04-16,12,1,64132000.0,both
859,330,2019-04-13,2019-04-22,2020-04-16,12,1,12699000.0,both
860,330,2020-04-12,2020-04-17,2022-04-16,24,1,44934000.0,both
860,330,2020-04-12,2021-04-17,2022-04-16,24,2,44934000.0,both
861,330,2022-04-13,2022-04-17,2023-04-16,12,1,22519000.0,both
862,330,2023-05-02,2023-05-05,2024-05-04,12,1,33106000.0,both
863,330,2024-05-13,2024-05-28,2025-05-27,12,1,33611000.0,both
864,330,2025-05-09,2025-05-28,2028-05-27,36,1,47582000.0,both
864,330,2025-05-09,2026-05-28,2028-05-27,36,2,47582000.0,both
864,330,2025-05-09,2027-05-28,2028-05-27,36,3,47582000.0,both
865,331,2020-06-18,2020-07-02,2022-07-01,24,1,103083000.0,both
865,331,2020-06-18,2021-07-02,2022-07-01,24,2,103083000.0,both
866,331,2022-06-21,2022-07-02,2023-07-01,12,1,87520000.0,both
867,331,2023-06-28,2023-07-02,2024-07-01,12,1,91272000.0,both
868,332,2023-10-10,2023-10-18,2024-10-17,12,1,47255000.0,posting
869,332,2024-10-08,2024-10-18,2025-10-17,12,1,61896000.0,posting
870,332,2025-10-12,2025-10-18,2028-10-17,36,1,55803000.0,posting
870,332,2025-10-12,2026-10-18,2028-10-17,36,2,55803000.0,posting
870,332,2025-10-12,2027-10-18,2028-10-17,36,3,55803000.0,posting
871,333,2022-11-13,2022-11-18,2023-11-17,12,1,63805000.0,posting
872,333,2023-11-28,2023-12-04,2024-12-03,12,1,67068000.0,posting
873,334,2019-10-21,2019-11-02,2020-11-01,12,1,59411000.0,diag
874,334,2019-10-24,2019-11-07,2020-11-01,12,1,11907000.0,diag
875,334,2020-11-15,2020-11-16,2021-11-15,12,1,61889000.0,diag
876,334,2021-11-18,2021-11-19,2022-11-18,12,1,49530000.0,diag
877,334,2022-11-11,2022-11-19,2023-11-18,12,1,66711000.0,diag
878,334,2023-12-10,2023-12-27,2024-12-26,12,1,73776000.0,diag
879,334,2024-12-09,2024-12-27,2025-12-26,12,1,28373000.0,diag
880,334,2026-01-25,2026-02-09,2027-02-08,12,1,39091000.0,diag
881,335,2020-11-30,2020-12-09,2021-12-08,12,1,32210000.0,posting
882,336,2021-05-13,2021-05-15,2023-05-14,24,1,45451000.0,diag
882,336,2021-05-13,2022-05-15,2023-05-14,24,2,45451000.0,diag
883,337,2022-09-23,2022-10-09,2023-10-08,12,1,24535000.0,posting
884,337,2023-10-14,2023-10-26,2024-10-25,12,1,55277000.0,posting
885,338,2019-04-02,2019-04-15,2020-04-14,12,1,33419000.0,diag
886,338,2020-04-09,2020-04-15,2021-04-14,12,1,34121000.0,diag
887,339,2019-10-30,2019-11-02,2020-11-01,12,1,56522000.0,posting
888,340,2018-09-04,2018-09-13,2019-09-12,12,1,59594000.0,both
889,340,2019-10-16,2019-10-23,2020-10-22,12,1,68092000.0,both
890,340,2020-10-10,2020-10-23,2021-10-22,12,1,34680000.0,both
891,340,2021-10-17,2021-10-23,2022-10-22,12,1,51576000.0,both
892,340,2021-10-20,2021-10-28,2022-10-22,12,1,28319000.0,both
893,340,2022-11-08,2022-11-21,2023-11-20,12,1,74548000.0,both
894,340,2022-11-11,2022-11-26,2023-11-20,12,1,29607000.0,both
895,340,2023-11-18,2023-11-21,2024-11-20,12,1,66660000.0,both
896,340,2023-11-21,2023-11-26,2024-11-20,12,1,18062000.0,both
897,340,2024-11-09,2024-11-21,2025-11-20,12,1,67540000.0,both
898,340,2024-11-12,2024-11-26,2025-11-20,12,1,23236000.0,both
899,340,2025-11-20,2025-11-21,2027-11-20,24,1,72574000.0,both
899,340,2025-11-20,2026-11-21,2027-11-20,24,2,72574000.0,both
900,341,2022-09-01,2022-09-18,2023-09-17,12,1,34264000.0,both
901,341,2023-09-03,2023-09-18,2024-09-17,12,1,37897000.0,both
902,342,2021-07-08,2021-07-20,2023-07-19,24,1,86228000.0,both
902,342,2021-07-08,2022-07-20,2023-07-19,24,2,86228000.0,both
903,343,2021-08-30,2021-09-10,2022-09-09,12,1,20690000.0,diag
904,343,2022-08-31,2022-09-10,2023-09-09,12,1,25500000.0,diag
905,343,2022-09-03,2022-09-15,2023-09-09,12,1,12509000.0,diag
906,343,2023-09-25,2023-10-01,2024-09-30,12,1,27998000.0,diag
907,343,2024-09-17,2024-10-01,2025-09-30,12,1,41921000.0,diag
908,344,2022-06-04,2022-06-12,2023-06-11,12,1,62869000.0,diag
909,344,2023-06-23,2023-07-05,2024-07-04,12,1,38821000.0,diag
910,344,2024-06-27,2024-07-05,2027-07-04,36,1,57938000.0,diag
910,344,2024-06-27,2025-07-05,2027-07-04,36,2,57938000.0,diag
910,344,2024-06-27,2026-07-05,2027-07-04,36,3,57938000.0,diag
911,345,2018-05-09,2018-05-11,2019-05-10,12,1,194033000.0,both
912,345,2019-05-07,2019-05-11,2020-05-10,12,1,190255000.0,both
913,345,2020-05-03,2020-05-11,2021-05-10,12,1,240001000.0,both
914,345,2021-04-24,2021-05-11,2022-05-10,12,1,189271000.0,both
915,345,2022-04-26,2022-05-11,2024-05-10,24,1,198597000.0,both
915,345,2022-04-26,2023-05-11,2024-05-10,24,2,198597000.0,both
916,345,2024-05-07,2024-05-11,2025-05-10,12,1,267986000.0,both
917,345,2025-04-25,2025-05-11,2026-05-10,12,1,164049000.0,both
918,345,2026-05-04,2026-05-23,2027-05-22,12,1,304210000.0,both
919,346,2019-08-12,2019-08-27,2020-08-26,12,1,24817000.0,diag
920,347,2021-01-08,2021-01-12,2022-01-11,12,1,94336000.0,diag
921,347,2022-02-06,2022-02-10,2023-02-09,12,1,76918000.0,diag
922,348,2018-01-22,2018-02-05,2020-02-04,24,1,39449000.0,diag
922,348,2018-01-22,2019-02-05,2020-02-04,24,2,39449000.0,diag
923,348,2020-01-28,2020-02-05,2021-02-04,12,1,102465000.0,diag
924,349,2015-10-22,2015-11-06,2017-11-05,24,1,16184000.0,posting
924,349,2015-10-22,2016-11-06,2017-11-05,24,2,16184000.0,posting
925,349,2017-11-06,2017-11-06,2019-11-05,24,1,38205000.0,posting
925,349,2017-11-06,2018-11-06,2019-11-05,24,2,38205000.0,posting
926,350,2021-06-24,2021-07-12,2022-07-11,12,1,37068000.0,diag
927,350,2021-06-27,2021-07-17,2022-07-11,12,1,15990000.0,diag
928,350,2022-06-29,2022-07-12,2023-07-11,12,1,95697000.0,diag
929,350,2023-07-25,2023-07-28,2025-07-27,24,1,48249000.0,diag
929,350,2023-07-25,2024-07-28,2025-07-27,24,2,48249000.0,diag
930,351,2020-05-04,2020-05-16,2021-05-15,12,1,39966000.0,posting
931,351,2021-06-10,2021-06-22,2022-06-21,12,1,51540000.0,posting
932,351,2021-06-13,2021-06-27,2022-06-21,12,1,8718000.0,posting
933,352,2020-12-14,2020-12-26,2022-12-25,24,1,22994000.0,diag
933,352,2020-12-14,2021-12-26,2022-12-25,24,2,22994000.0,diag
934,353,2021-08-28,2021-09-02,2022-09-01,12,1,58084000.0,posting
935,354,2021-09-16,2021-10-02,2022-10-01,12,1,44592000.0,diag
936,355,2020-04-08,2020-04-23,2021-04-22,12,1,28837000.0,diag
937,355,2021-04-04,2021-04-23,2022-04-22,12,1,44158000.0,diag
938,355,2022-04-12,2022-04-23,2024-04-22,24,1,24423000.0,diag
938,355,2022-04-12,2023-04-23,2024-04-22,24,2,24423000.0,diag
939,355,2022-04-15,2022-04-28,2024-04-22,24,1,5217000.0,diag
940,356,2018-09-23,2018-10-11,2021-10-10,36,1,55233000.0,diag
940,356,2018-09-23,2019-10-11,2021-10-10,36,2,55233000.0,diag
940,356,2018-09-23,2020-10-11,2021-10-10,36,3,55233000.0,diag
941,356,2021-10-08,2021-10-11,2022-10-10,12,1,50520000.0,diag
942,356,2022-10-02,2022-10-11,2023-10-10,12,1,66025000.0,diag
943,356,2023-10-29,2023-11-03,2024-11-02,12,1,57263000.0,diag
944,356,2023-11-01,2023-11-08,2024-11-02,12,1,16682000.0,diag
945,356,2024-11-28,2024-12-04,2025-12-03,12,1,78267000.0,diag
946,356,2025-11-26,2025-12-04,2026-12-03,12,1,86884000.0,diag
947,357,2023-01-19,2023-01-26,2024-01-25,12,1,80020000.0,posting
948,357,2024-01-11,2024-01-26,2026-01-25,24,1,98849000.0,posting
948,357,2024-01-11,2025-01-26,2026-01-25,24,2,98849000.0,posting
949,357,2026-01-31,2026-02-06,2027-02-05,12,1,101218000.0,posting
950,358,2023-10-10,2023-10-23,2024-10-22,12,1,32830000.0,posting
951,358,2024-10-23,2024-10-23,2026-10-22,24,1,39607000.0,posting
951,358,2024-10-23,2025-10-23,2026-10-22,24,2,39607000.0,posting
952,358,2024-10-26,2024-10-28,2026-10-22,24,1,11330000.0,posting
953,359,2020-07-14,2020-07-27,2023-07-26,36,1,61434000.0,diag
953,359,2020-07-14,2021-07-27,2023-07-26,36,2,61434000.0,diag
953,359,2020-07-14,2022-07-27,2023-07-26,36,3,61434000.0,diag
954,359,2023-07-13,2023-07-27,2024-07-26,12,1,41084000.0,diag
955,359,2023-07-16,2023-08-01,2024-07-26,12,1,13622000.0,diag
956,359,2024-08-16,2024-08-27,2025-08-26,12,1,104973000.0,diag
957,359,2025-08-14,2025-08-27,2026-08-26,12,1,83113000.0,diag
958,360,2020-07-09,2020-07-20,2023-07-19,36,1,18381000.0,diag
958,360,2020-07-09,2021-07-20,2023-07-19,36,2,18381000.0,diag
958,360,2020-07-09,2022-07-20,2023-07-19,36,3,18381000.0,diag
959,360,2023-07-14,2023-07-31,2025-07-30,24,1,24869000.0,diag
959,360,2023-07-14,2024-07-31,2025-07-30,24,2,24869000.0,diag
960,361,2023-04-08,2023-04-09,2025-04-08,24,1,61347000.0,diag
960,361,2023-04-08,2024-04-09,2025-04-08,24,2,61347000.0,diag
961,361,2023-04-11,2023-04-14,2025-04-08,24,1,10084000.0,diag
962,361,2025-04-08,2025-04-25,2026-04-24,12,1,49448000.0,diag
963,361,2026-04-14,2026-04-25,2027-04-24,12,1,33799000.0,diag
964,362,2021-10-13,2021-10-16,2022-10-15,12,1,43270000.0,posting
965,362,2022-10-14,2022-10-16,2023-10-15,12,1,70973000.0,posting
966,362,2023-11-02,2023-11-16,2024-11-15,12,1,73879000.0,posting
967,362,2024-11-18,2024-11-18,2025-11-17,12,1,67252000.0,posting
968,362,2024-11-21,2024-11-23,2025-11-17,12,1,15805000.0,posting
969,362,2025-11-10,2025-11-18,2026-11-17,12,1,73896000.0,posting
970,363,2022-05-25,2022-06-13,2024-06-12,24,1,17433000.0,diag
970,363,2022-05-25,2023-06-13,2024-06-12,24,2,17433000.0,diag
971,364,2020-10-26,2020-11-04,2023-11-03,36,1,91031000.0,diag
971,364,2020-10-26,2021-11-04,2023-11-03,36,2,91031000.0,diag
971,364,2020-10-26,2022-11-04,2023-11-03,36,3,91031000.0,diag
972,365,2020-08-20,2020-08-24,2021-08-23,12,1,78099000.0,both
973,366,2022-04-04,2022-04-21,2023-04-20,12,1,52788000.0,diag
974,366,2023-04-20,2023-04-21,2024-04-20,12,1,62702000.0,diag
975,366,2023-04-23,2023-04-26,2024-04-20,12,1,18288000.0,diag
976,366,2024-04-03,2024-04-21,2025-04-20,12,1,39048000.0,diag
977,366,2025-04-06,2025-04-21,2026-04-20,12,1,25051000.0,diag
978,366,2026-04-18,2026-04-21,2027-04-20,12,1,60228000.0,diag
979,367,2023-04-17,2023-04-26,2024-04-25,12,1,53913000.0,diag
980,367,2024-04-22,2024-04-26,2025-04-25,12,1,59313000.0,diag
981,367,2025-04-07,2025-04-26,2028-04-25,36,1,134333000.0,diag
981,367,2025-04-07,2026-04-26,2028-04-25,36,2,134333000.0,diag
981,367,2025-04-07,2027-04-26,2028-04-25,36,3,134333000.0,diag
982,368,2023-03-06,2023-03-25,2025-03-24,24,1,59881000.0,diag
982,368,2023-03-06,2024-03-25,2025-03-24,24,2,59881000.0,diag
983,368,2025-03-20,2025-03-25,2026-03-24,12,1,78568000.0,diag
984,368,2026-03-14,2026-03-25,2027-03-24,12,1,40004000.0,diag
985,369,2021-04-25,2021-04-25,2022-04-24,12,1,14500000.0,posting
986,370,2023-06-25,2023-06-27,2024-06-26,12,1,25132000.0,diag
987,371,2020-10-29,2020-11-08,2021-11-07,12,1,71583000.0,both
988,371,2020-11-01,2020-11-13,2021-11-07,12,1,20567000.0,both
989,371,2021-10-21,2021-11-08,2022-11-07,12,1,78676000.0,both
990,371,2022-10-21,2022-11-08,2023-11-07,12,1,135887000.0,both
991,371,2023-10-31,2023-11-08,2024-11-07,12,1,98316000.0,both
992,371,2024-11-07,2024-11-08,2025-11-07,12,1,88173000.0,both
993,372,2023-03-01,2023-03-08,2024-03-07,12,1,51810000.0,both
994,372,2024-02-26,2024-03-08,2025-03-07,12,1,39234000.0,both
995,372,2025-03-05,2025-03-08,2027-03-07,24,1,61153000.0,both
995,372,2025-03-05,2026-03-08,2027-03-07,24,2,61153000.0,both
996,373,2022-07-25,2022-08-10,2023-08-09,12,1,79554000.0,diag
997,373,2023-08-30,2023-09-08,2025-09-07,24,1,131894000.0,diag
997,373,2023-08-30,2024-09-08,2025-09-07,24,2,131894000.0,diag
998,373,2025-09-09,2025-09-19,2027-09-18,24,1,83688000.0,diag
998,373,2025-09-09,2026-09-19,2027-09-18,24,2,83688000.0,diag
999,374,2023-05-03,2023-05-03,2024-05-02,12,1,60645000.0,posting
1000,375,2020-11-17,2020-11-17,2021-11-16,12,1,33398000.0,diag
1001,375,2021-12-29,2021-12-29,2022-12-28,12,1,22420000.0,diag
1002,376,2023-11-01,2023-11-14,2024-11-13,12,1,40886000.0,diag
1003,377,2022-02-24,2022-02-24,2023-02-23,12,1,38791000.0,both
1004,377,2023-02-12,2023-02-24,2024-02-23,12,1,31970000.0,both
1005,377,2024-02-25,2024-02-29,2027-02-27,36,1,47738000.0,both
1005,377,2024-02-25,2025-02-28,2027-02-27,36,2,47738000.0,both
1005,377,2024-02-25,2026-02-28,2027-02-27,36,3,47738000.0,both
1006,378,2022-10-31,2022-11-18,2023-11-17,12,1,50284000.0,diag
1007,379,2022-03-23,2022-04-07,2023-04-06,12,1,37775000.0,both
1008,379,2023-04-07,2023-04-07,2024-04-06,12,1,40246000.0,both
1009,380,2018-12-27,2019-01-13,2022-01-12,36,1,33785000.0,diag
1009,380,2018-12-27,2020-01-13,2022-01-12,36,2,33785000.0,diag
1009,380,2018-12-27,2021-01-13,2022-01-12,36,3,33785000.0,diag
1010,380,2018-12-30,2019-01-18,2022-01-12,36,1,9976000.0,diag
1011,380,2022-01-04,2022-01-13,2024-01-12,24,1,21948000.0,diag
1011,380,2022-01-04,2023-01-13,2024-01-12,24,2,21948000.0,diag
1012,380,2024-01-12,2024-01-13,2025-01-12,12,1,24740000.0,diag
1013,381,2018-10-02,2018-10-07,2019-10-06,12,1,31388000.0,both
1014,381,2019-10-13,2019-10-15,2020-10-14,12,1,27221000.0,both
1015,381,2020-10-13,2020-10-15,2021-10-14,12,1,35948000.0,both
1016,381,2020-10-16,2020-10-20,2021-10-14,12,1,11746000.0,both
1017,382,2022-12-12,2022-12-23,2023-12-22,12,1,74491000.0,diag
1018,382,2023-12-20,2023-12-23,2024-12-22,12,1,61584000.0,diag
1019,382,2024-12-18,2024-12-23,2025-12-22,12,1,62188000.0,diag
1020,382,2025-12-17,2025-12-23,2026-12-22,12,1,73520000.0,diag
1021,383,2020-04-05,2020-04-05,2021-04-04,12,1,19431000.0,diag
1022,383,2021-03-29,2021-04-05,2022-04-04,12,1,45701000.0,diag
1023,383,2022-03-27,2022-04-05,2023-04-04,12,1,29970000.0,diag
1024,384,2022-11-25,2022-12-02,2025-12-01,36,1,24584000.0,diag
1024,384,2022-11-25,2023-12-02,2025-12-01,36,2,24584000.0,diag
1024,384,2022-11-25,2024-12-02,2025-12-01,36,3,24584000.0,diag
1025,384,2025-11-14,2025-12-02,2026-12-01,12,1,35709000.0,diag
1026,385,2022-07-03,2022-07-05,2023-07-04,12,1,22494000.0,diag
1027,385,2023-07-05,2023-07-20,2024-07-19,12,1,15901000.0,diag
1028,385,2024-07-20,2024-07-20,2025-07-19,12,1,15678000.0,diag
1029,385,2024-07-23,2024-07-25,2025-07-19,12,1,5203000.0,diag
1030,385,2025-08-15,2025-08-27,2026-08-26,12,1,18513000.0,diag
1031,386,2021-09-17,2021-09-19,2023-09-18,24,1,93680000.0,both
1031,386,2021-09-17,2022-09-19,2023-09-18,24,2,93680000.0,both
1032,387,2018-12-29,2019-01-06,2020-01-05,12,1,69546000.0,diag
1033,388,2018-12-24,2019-01-09,2020-01-08,12,1,103354000.0,both
1034,388,2020-01-22,2020-01-31,2022-01-30,24,1,129494000.0,both
1034,388,2020-01-22,2021-01-31,2022-01-30,24,2,129494000.0,both
1035,388,2022-01-17,2022-01-31,2023-01-30,12,1,127167000.0,both
1036,388,2023-01-27,2023-01-31,2024-01-30,12,1,96255000.0,both
1037,388,2024-01-14,2024-01-31,2025-01-30,12,1,62433000.0,both
1038,388,2025-01-26,2025-01-31,2027-01-30,24,1,166209000.0,both
1038,388,2025-01-26,2026-01-31,2027-01-30,24,2,166209000.0,both
1039,389,2020-02-21,2020-02-26,2021-02-25,12,1,114452000.0,posting
1040,389,2021-02-20,2021-02-26,2024-02-25,36,1,91639000.0,posting
1040,389,2021-02-20,2022-02-26,2024-02-25,36,2,91639000.0,posting
1040,389,2021-02-20,2023-02-26,2024-02-25,36,3,91639000.0,posting
1041,389,2024-02-20,2024-02-26,2025-02-25,12,1,78382000.0,posting
1042,389,2024-02-23,2024-03-02,2025-02-25,12,1,43858000.0,posting
1043,389,2025-03-04,2025-03-10,2026-03-09,12,1,100039000.0,posting
1044,390,2021-12-31,2022-01-01,2022-12-31,12,1,64685000.0,both
1045,390,2022-12-31,2023-01-01,2023-12-31,12,1,61597000.0,both
1046,390,2023-12-20,2024-01-01,2024-12-31,12,1,77511000.0,both
1047,391,2022-09-25,2022-10-08,2023-10-07,12,1,22514000.0,diag
1048,391,2022-09-28,2022-10-13,2023-10-07,12,1,10722000.0,diag
1049,391,2023-09-30,2023-10-08,2024-10-07,12,1,37273000.0,diag
1050,392,2023-09-18,2023-09-27,2024-09-26,12,1,18580000.0,diag
1051,393,2022-11-24,2022-12-01,2023-11-30,12,1,37692000.0,diag
1052,394,2021-04-03,2021-04-18,2022-04-17,12,1,40449000.0,diag
1053,395,2022-04-13,2022-05-01,2025-04-30,36,1,55909000.0,diag
1053,395,2022-04-13,2023-05-01,2025-04-30,36,2,55909000.0,diag
1053,395,2022-04-13,2024-05-01,2025-04-30,36,3,55909000.0,diag
1054,396,2021-06-13,2021-06-26,2022-06-25,12,1,18083000.0,both
1055,396,2022-06-07,2022-06-26,2023-06-25,12,1,30997000.0,both
1056,396,2023-07-03,2023-07-05,2024-07-04,12,1,25847000.0,both
1057,396,2024-07-08,2024-07-10,2025-07-09,12,1,21840000.0,both
1058,396,2025-07-08,2025-07-20,2026-07-19,12,1,18972000.0,both
1059,397,2021-07-24,2021-08-05,2022-08-04,12,1,59843000.0,diag
1060,397,2022-07-25,2022-08-05,2023-08-04,12,1,87135000.0,diag
1061,397,2023-07-22,2023-08-05,2024-08-04,12,1,64761000.0,diag
1062,398,2021-10-19,2021-10-26,2022-10-25,12,1,43809000.0,posting
1063,398,2022-10-21,2022-11-02,2023-11-01,12,1,33142000.0,posting
1064,398,2023-10-24,2023-11-12,2024-11-11,12,1,63343000.0,posting
1065,399,2022-06-19,2022-07-03,2023-07-02,12,1,54452000.0,both
1066,400,2020-03-25,2020-04-03,2021-04-02,12,1,59849000.0,both
1067,401,2022-08-02,2022-08-04,2023-08-03,12,1,21222000.0,diag
1068,402,2023-03-15,2023-03-25,2024-03-24,12,1,54477000.0,posting
1069,402,2024-03-13,2024-03-25,2025-03-24,12,1,59786000.0,posting
1070,402,2024-03-16,2024-03-30,2025-03-24,12,1,13814000.0,posting
1071,402,2025-03-09,2025-03-26,2026-03-25,12,1,31168000.0,posting
1072,402,2026-04-22,2026-04-26,2027-04-25,12,1,54027000.0,posting
1073,403,2021-06-18,2021-07-06,2022-07-05,12,1,31052000.0,posting
1074,404,2022-07-05,2022-07-06,2023-07-05,12,1,24892000.0,diag
1075,404,2022-07-08,2022-07-11,2023-07-05,12,1,6273000.0,diag
1076,405,2021-02-25,2021-03-12,2022-03-11,12,1,87630000.0,diag
1077,405,2022-02-23,2022-03-12,2025-03-11,36,1,119901000.0,diag
1077,405,2022-02-23,2023-03-12,2025-03-11,36,2,119901000.0,diag
1077,405,2022-02-23,2024-03-12,2025-03-11,36,3,119901000.0,diag
1078,405,2025-02-23,2025-03-12,2026-03-11,12,1,125750000.0,diag
1079,406,2019-07-30,2019-08-09,2020-08-08,12,1,110436000.0,posting
1080,406,2019-08-02,2019-08-14,2020-08-08,12,1,19403000.0,posting
1081,406,2020-08-28,2020-09-07,2022-09-06,24,1,145492000.0,posting
1081,406,2020-08-28,2021-09-07,2022-09-06,24,2,145492000.0,posting
1082,406,2022-10-14,2022-10-17,2023-10-16,12,1,142705000.0,posting
1083,406,2023-10-15,2023-10-17,2024-10-16,12,1,55340000.0,posting
1084,406,2023-10-18,2023-10-22,2024-10-16,12,1,26945000.0,posting
1085,406,2024-10-14,2024-10-23,2025-10-22,12,1,74153000.0,posting
1086,406,2025-10-21,2025-10-23,2026-10-22,12,1,95184000.0,posting
1087,407,2021-05-08,2021-05-08,2022-05-07,12,1,59902000.0,posting
1088,408,2021-05-07,2021-05-16,2022-05-15,12,1,73810000.0,both
1089,408,2022-05-16,2022-05-16,2024-05-15,24,1,72962000.0,both
1089,408,2022-05-16,2023-05-16,2024-05-15,24,2,72962000.0,both
1090,408,2024-05-11,2024-05-16,2025-05-15,12,1,62309000.0,both
1091,409,2022-07-24,2022-07-25,2023-07-24,12,1,44961000.0,both
1092,410,2023-02-13,2023-02-25,2024-02-24,12,1,108626000.0,both
1093,410,2024-02-21,2024-02-25,2025-02-24,12,1,86394000.0,both
1094,410,2025-02-15,2025-02-25,2028-02-24,36,1,75950000.0,both
1094,410,2025-02-15,2026-02-25,2028-02-24,36,2,75950000.0,both
1094,410,2025-02-15,2027-02-25,2028-02-24,36,3,75950000.0,both
1095,411,2022-10-09,2022-10-24,2024-10-23,24,1,81071000.0,both
1095,411,2022-10-09,2023-10-24,2024-10-23,24,2,81071000.0,both
1096,411,2024-10-14,2024-10-24,2025-10-23,12,1,89745000.0,both
1097,411,2025-10-19,2025-10-24,2026-10-23,12,1,102332000.0,both
1098,411,2025-10-22,2025-10-29,2026-10-23,12,1,16743000.0,both
1099,412,2023-08-30,2023-09-08,2024-09-07,12,1,33690000.0,diag
1100,413,2020-12-17,2020-12-19,2021-12-18,12,1,55894000.0,both
1101,413,2021-12-19,2021-12-23,2022-12-22,12,1,137430000.0,both
1102,413,2022-12-11,2022-12-23,2023-12-22,12,1,47022000.0,both
1103,413,2022-12-14,2022-12-28,2023-12-22,12,1,26147000.0,both
1104,413,2023-12-16,2023-12-23,2024-12-22,12,1,71072000.0,both
1105,413,2024-12-13,2024-12-23,2025-12-22,12,1,80064000.0,both
1106,413,2024-12-16,2024-12-28,2025-12-22,12,1,27699000.0,both
1107,413,2025-12-15,2025-12-23,2026-12-22,12,1,83092000.0,both
1108,414,2020-07-29,2020-08-07,2021-08-06,12,1,49958000.0,diag
1109,414,2020-08-01,2020-08-12,2021-08-06,12,1,24565000.0,diag
1110,414,2021-08-04,2021-08-19,2022-08-18,12,1,30199000.0,diag
1111,414,2022-08-31,2022-09-17,2024-09-16,24,1,55648000.0,diag
1111,414,2022-08-31,2023-09-17,2024-09-16,24,2,55648000.0,diag
1112,414,2024-08-29,2024-09-17,2025-09-16,12,1,40294000.0,diag
1113,414,2024-09-01,2024-09-22,2025-09-16,12,1,8534000.0,diag
1114,414,2025-09-03,2025-09-17,2026-09-16,12,1,68852000.0,diag
1115,415,2019-01-22,2019-02-01,2021-01-31,24,1,21618000.0,posting
1115,415,2019-01-22,2020-02-01,2021-01-31,24,2,21618000.0,posting
1116,415,2021-01-14,2021-02-01,2022-01-31,12,1,25192000.0,posting
1117,416,2022-03-09,2022-03-17,2023-03-16,12,1,38249000.0,posting
1118,417,2021-07-16,2021-08-03,2022-08-02,12,1,91668000.0,posting
1119,418,2020-03-10,2020-03-20,2022-03-19,24,1,49230000.0,both
1119,418,2020-03-10,2021-03-20,2022-03-19,24,2,49230000.0,both
1120,418,2022-03-10,2022-03-20,2023-03-19,12,1,63006000.0,both
1121,418,2022-03-13,2022-03-25,2023-03-19,12,1,12307000.0,both
1122,418,2023-03-28,2023-04-07,2024-04-06,12,1,37297000.0,both
1123,418,2024-03-31,2024-04-07,2025-04-06,12,1,80992000.0,both
1124,418,2025-04-02,2025-04-07,2026-04-06,12,1,49593000.0,both
1125,418,2026-03-22,2026-04-07,2027-04-06,12,1,50075000.0,both
1126,418,2026-03-25,2026-04-12,2027-04-06,12,1,26043000.0,both
1127,419,2019-04-08,2019-04-21,2020-04-20,12,1,41045000.0,diag
1128,420,2020-03-22,2020-04-04,2021-04-03,12,1,99668000.0,posting
1129,420,2021-03-27,2021-04-04,2022-04-03,12,1,84309000.0,posting
1130,420,2022-04-08,2022-04-12,2023-04-11,12,1,125311000.0,posting
1131,420,2023-04-11,2023-04-12,2024-04-11,12,1,109724000.0,posting
1132,420,2024-03-30,2024-04-12,2025-04-11,12,1,90425000.0,posting
1133,420,2025-03-28,2025-04-12,2026-04-11,12,1,140145000.0,posting
1134,420,2026-04-05,2026-04-12,2027-04-11,12,1,104188000.0,posting
1135,421,2021-11-08,2021-11-17,2022-11-16,12,1,77912000.0,posting
1136,421,2022-12-03,2022-12-10,2023-12-09,12,1,133400000.0,posting
1137,421,2023-12-06,2023-12-10,2024-12-09,12,1,80653000.0,posting
1138,421,2025-01-03,2025-01-20,2028-01-19,36,1,70693000.0,posting
1138,421,2025-01-03,2026-01-20,2028-01-19,36,2,70693000.0,posting
1138,421,2025-01-03,2027-01-20,2028-01-19,36,3,70693000.0,posting
1139,422,2020-12-06,2020-12-13,2021-12-12,12,1,11725000.0,posting
1140,423,2022-07-12,2022-07-23,2025-07-22,36,1,26180000.0,posting
1140,423,2022-07-12,2023-07-23,2025-07-22,36,2,26180000.0,posting
1140,423,2022-07-12,2024-07-23,2025-07-22,36,3,26180000.0,posting
1141,423,2025-07-25,2025-08-06,2026-08-05,12,1,50119000.0,posting
1142,424,2021-01-01,2021-01-08,2022-01-07,12,1,20763000.0,both
1143,424,2021-12-20,2022-01-08,2023-01-07,12,1,35418000.0,both
1144,425,2019-02-18,2019-02-22,2020-02-21,12,1,22526000.0,diag
1145,426,2022-08-04,2022-08-05,2023-08-04,12,1,32273000.0,diag
1146,426,2023-07-31,2023-08-05,2024-08-04,12,1,38024000.0,diag
1147,426,2023-08-03,2023-08-10,2024-08-04,12,1,13168000.0,diag
1148,426,2024-08-05,2024-08-05,2025-08-04,12,1,43380000.0,diag
1149,426,2025-07-30,2025-08-05,2026-08-04,12,1,34034000.0,diag
1150,427,2022-07-10,2022-07-17,2023-07-16,12,1,58001000.0,diag
1151,427,2023-08-05,2023-08-15,2024-08-14,12,1,52813000.0,diag
1152,428,2019-11-18,2019-11-25,2020-11-24,12,1,49454000.0,both
1153,428,2020-11-18,2020-11-25,2021-11-24,12,1,57444000.0,both
1154,428,2021-11-13,2021-11-25,2022-11-24,12,1,54815000.0,both
1155,429,2020-12-23,2021-01-02,2023-01-01,24,1,22942000.0,posting
1155,429,2020-12-23,2022-01-02,2023-01-01,24,2,22942000.0,posting
1156,429,2022-12-28,2023-01-02,2024-01-01,12,1,14489000.0,posting
1157,429,2022-12-31,2023-01-07,2024-01-01,12,1,3758000.0,posting
1158,429,2023-12-21,2024-01-02,2025-01-01,12,1,22115000.0,posting
1159,429,2023-12-24,2024-01-07,2025-01-01,12,1,4173000.0,posting
1160,429,2024-12-29,2025-01-02,2027-01-01,24,1,20736000.0,posting
1160,429,2024-12-29,2026-01-02,2027-01-01,24,2,20736000.0,posting
1161,430,2015-06-10,2015-06-24,2016-06-23,12,1,12525000.0,posting
1162,431,2023-11-08,2023-11-10,2025-11-09,24,1,15521000.0,diag
1162,431,2023-11-08,2024-11-10,2025-11-09,24,2,15521000.0,diag
1163,431,2023-11-11,2023-11-15,2025-11-09,24,1,3864000.0,diag
1164,431,2025-10-23,2025-11-10,2026-11-09,12,1,18996000.0,diag
1165,432,2019-06-25,2019-07-05,2020-07-04,12,1,30849000.0,diag
1166,432,2020-06-26,2020-07-05,2021-07-04,12,1,36602000.0,diag
1167,432,2021-06-24,2021-07-05,2022-07-04,12,1,45054000.0,diag
1168,433,2020-03-03,2020-03-13,2021-03-12,12,1,88342000.0,both
1169,433,2020-03-06,2020-03-18,2021-03-12,12,1,25343000.0,both
1170,433,2021-02-25,2021-03-13,2023-03-12,24,1,72125000.0,both
1170,433,2021-02-25,2022-03-13,2023-03-12,24,2,72125000.0,both
1171,433,2023-03-04,2023-03-13,2024-03-12,12,1,79282000.0,both
1172,433,2024-03-20,2024-04-06,2025-04-05,12,1,118205000.0,both
1173,433,2024-03-23,2024-04-11,2025-04-05,12,1,14112000.0,both
1174,434,2019-06-29,2019-07-02,2020-07-01,12,1,58080000.0,diag
1175,435,2015-08-07,2015-08-10,2016-08-09,12,1,113764000.0,posting
1176,435,2016-09-12,2016-09-15,2019-09-14,36,1,69771000.0,posting
1176,435,2016-09-12,2017-09-15,2019-09-14,36,2,69771000.0,posting
1176,435,2016-09-12,2018-09-15,2019-09-14,36,3,69771000.0,posting
1177,436,2019-12-06,2019-12-16,2020-12-15,12,1,35099000.0,diag
1178,436,2020-12-02,2020-12-16,2021-12-15,12,1,28679000.0,diag
1179,436,2022-01-07,2022-01-09,2023-01-08,12,1,72058000.0,diag
1180,436,2022-12-28,2023-01-09,2024-01-08,12,1,47434000.0,diag
1181,436,2023-12-22,2024-01-09,2026-01-08,24,1,33451000.0,diag
1181,436,2023-12-22,2025-01-09,2026-01-08,24,2,33451000.0,diag
1182,436,2023-12-25,2024-01-14,2026-01-08,24,1,23263000.0,diag
1183,437,2015-09-26,2015-10-05,2016-10-04,12,1,35680000.0,diag
1184,438,2019-06-06,2019-06-14,2022-06-13,36,1,215570000.0,diag
1184,438,2019-06-06,2020-06-14,2022-06-13,36,2,215570000.0,diag
1184,438,2019-06-06,2021-06-14,2022-06-13,36,3,215570000.0,diag
1185,438,2022-06-02,2022-06-14,2023-06-13,12,1,104370000.0,diag
1186,438,2022-06-05,2022-06-19,2023-06-13,12,1,43565000.0,diag
1187,438,2023-06-05,2023-06-14,2024-06-13,12,1,92472000.0,diag
1188,438,2024-05-31,2024-06-14,2025-06-13,12,1,80978000.0,diag
1189,438,2025-06-02,2025-06-14,2026-06-13,12,1,116354000.0,diag
1190,438,2026-06-20,2026-06-22,2028-06-21,24,1,131420000.0,diag
1190,438,2026-06-20,2027-06-22,2028-06-21,24,2,131420000.0,diag
1191,439,2020-10-05,2020-10-14,2023-10-13,36,1,54090000.0,both
1191,439,2020-10-05,2021-10-14,2023-10-13,36,2,54090000.0,both
1191,439,2020-10-05,2022-10-14,2023-10-13,36,3,54090000.0,both
1192,440,2023-09-06,2023-09-17,2024-09-16,12,1,23793000.0,diag
1193,441,2021-01-20,2021-01-24,2022-01-23,12,1,33431000.0,diag
1194,442,2018-02-26,2018-03-09,2019-03-08,12,1,144131000.0,both
1195,442,2019-02-26,2019-03-09,2022-03-08,36,1,58527000.0,both
1195,442,2019-02-26,2020-03-09,2022-03-08,36,2,58527000.0,both
1195,442,2019-02-26,2021-03-09,2022-03-08,36,3,58527000.0,both
1196,442,2022-03-29,2022-04-14,2025-04-13,36,1,70078000.0,both
1196,442,2022-03-29,2023-04-14,2025-04-13,36,2,70078000.0,both
1196,442,2022-03-29,2024-04-14,2025-04-13,36,3,70078000.0,both
1197,442,2025-03-26,2025-04-14,2026-04-13,12,1,88176000.0,both
1198,442,2026-04-22,2026-04-30,2029-04-29,36,1,95708000.0,both
1198,442,2026-04-22,2027-04-30,2029-04-29,36,2,95708000.0,both
1198,442,2026-04-22,2028-04-30,2029-04-29,36,3,95708000.0,both
1199,443,2023-03-15,2023-03-17,2024-03-16,12,1,86523000.0,diag
1200,444,2019-04-15,2019-04-24,2020-04-23,12,1,33536000.0,both
1201,444,2019-04-18,2019-04-29,2020-04-23,12,1,15824000.0,both
1202,445,2020-09-01,2020-09-17,2021-09-16,12,1,19694000.0,both
1203,445,2021-09-17,2021-09-17,2022-09-16,12,1,19950000.0,both
1204,445,2022-09-01,2022-09-17,2024-09-16,24,1,33446000.0,both
1204,445,2022-09-01,2023-09-17,2024-09-16,24,2,33446000.0,both
1205,445,2024-09-10,2024-09-17,2025-09-16,12,1,22436000.0,both
1206,445,2025-09-14,2025-09-30,2026-09-29,12,1,32362000.0,both
1207,446,2020-03-02,2020-03-20,2021-03-19,12,1,58807000.0,posting
1208,447,2019-03-05,2019-03-18,2020-03-17,12,1,24497000.0,diag
1209,448,2021-12-24,2022-01-07,2023-01-06,12,1,19595000.0,both
1210,448,2021-12-27,2022-01-12,2023-01-06,12,1,16096000.0,both
1211,449,2019-01-25,2019-02-13,2021-02-12,24,1,37471000.0,posting
1211,449,2019-01-25,2020-02-13,2021-02-12,24,2,37471000.0,posting
1212,449,2021-02-17,2021-02-25,2022-02-24,12,1,22722000.0,posting
1213,449,2022-02-06,2022-02-25,2023-02-24,12,1,17613000.0,posting
1214,450,2022-01-18,2022-02-05,2025-02-04,36,1,118438000.0,both
1214,450,2022-01-18,2023-02-05,2025-02-04,36,2,118438000.0,both
1214,450,2022-01-18,2024-02-05,2025-02-04,36,3,118438000.0,both
1215,450,2025-02-27,2025-03-10,2026-03-09,12,1,86292000.0,both
1216,450,2026-03-23,2026-03-30,2027-03-29,12,1,65526000.0,both
1217,451,2018-06-14,2018-07-02,2019-07-01,12,1,16481000.0,diag
1218,451,2018-06-17,2018-07-07,2019-07-01,12,1,6283000.0,diag
1219,451,2019-07-02,2019-07-02,2020-07-01,12,1,26197000.0,diag
1220,451,2020-06-19,2020-07-02,2023-07-01,36,1,11514000.0,diag
1220,451,2020-06-19,2021-07-02,2023-07-01,36,2,11514000.0,diag
1220,451,2020-06-19,2022-07-02,2023-07-01,36,3,11514000.0,diag
1221,451,2023-06-30,2023-07-02,2024-07-01,12,1,22391000.0,diag
1222,451,2024-07-05,2024-07-07,2025-07-06,12,1,29441000.0,diag
1223,451,2025-07-02,2025-07-07,2026-07-06,12,1,27343000.0,diag
1224,452,2022-06-07,2022-06-20,2023-06-19,12,1,97317000.0,posting
1225,452,2023-07-01,2023-07-11,2024-07-10,12,1,101069000.0,posting
1226,452,2024-08-06,2024-08-10,2027-08-09,36,1,89703000.0,posting
1226,452,2024-08-06,2025-08-10,2027-08-09,36,2,89703000.0,posting
1226,452,2024-08-06,2026-08-10,2027-08-09,36,3,89703000.0,posting
1227,453,2017-12-18,2018-01-06,2019-01-05,12,1,41977000.0,diag
1228,453,2018-12-27,2019-01-06,2021-01-05,24,1,48872000.0,diag
1228,453,2018-12-27,2020-01-06,2021-01-05,24,2,48872000.0,diag
1229,454,2023-02-10,2023-02-21,2024-02-20,12,1,51284000.0,diag
1230,454,2024-03-16,2024-04-04,2025-04-03,12,1,58597000.0,diag
1231,454,2024-03-19,2024-04-09,2025-04-03,12,1,12474000.0,diag
1232,455,2023-12-02,2023-12-10,2024-12-09,12,1,113485000.0,diag
1233,455,2024-11-29,2024-12-10,2025-12-09,12,1,35395000.0,diag
1234,455,2026-01-04,2026-01-14,2027-01-13,12,1,46666000.0,diag
1235,456,2022-12-20,2022-12-26,2023-12-25,12,1,34655000.0,both
1236,456,2023-12-26,2023-12-26,2024-12-25,12,1,44332000.0,both
1237,456,2024-12-26,2024-12-26,2025-12-25,12,1,37845000.0,both
1238,456,2026-01-22,2026-01-27,2027-01-26,12,1,62708000.0,both
1239,457,2023-10-09,2023-10-16,2024-10-15,12,1,62402000.0,posting
1240,457,2024-11-06,2024-11-17,2025-11-16,12,1,44555000.0,posting
1241,458,2021-03-09,2021-03-20,2022-03-19,12,1,40568000.0,diag
1242,459,2023-09-17,2023-10-04,2025-10-03,24,1,46549000.0,diag
1242,459,2023-09-17,2024-10-04,2025-10-03,24,2,46549000.0,diag
1243,460,2018-05-28,2018-06-15,2020-06-14,24,1,185580000.0,diag
1243,460,2018-05-28,2019-06-15,2020-06-14,24,2,185580000.0,diag
1244,460,2020-07-08,2020-07-18,2021-07-17,12,1,130316000.0,diag
1245,460,2021-07-13,2021-07-18,2022-07-17,12,1,119031000.0,diag
1246,460,2022-08-04,2022-08-06,2023-08-05,12,1,237518000.0,diag
1247,460,2023-08-09,2023-08-19,2024-08-18,12,1,179668000.0,diag
1248,461,2020-08-11,2020-08-20,2021-08-19,12,1,48831000.0,both
1249,461,2021-08-19,2021-08-20,2022-08-19,12,1,31942000.0,both
1250,461,2022-09-18,2022-09-21,2023-09-20,12,1,23919000.0,both
1251,462,2022-02-12,2022-02-21,2023-02-20,12,1,69757000.0,both
1252,463,2022-04-27,2022-05-11,2023-05-10,12,1,99464000.0,posting
1253,463,2023-05-07,2023-05-11,2024-05-10,12,1,109098000.0,posting
1254,464,2019-10-29,2019-11-02,2020-11-01,12,1,26849000.0,diag
1255,464,2020-10-15,2020-11-02,2021-11-01,12,1,37007000.0,diag
1256,465,2021-07-09,2021-07-18,2023-07-17,24,1,166608000.0,both
1256,465,2021-07-09,2022-07-18,2023-07-17,24,2,166608000.0,both
1257,465,2023-07-14,2023-07-18,2024-07-17,12,1,138214000.0,both
1258,465,2024-07-10,2024-07-18,2025-07-17,12,1,122272000.0,both
1259,466,2019-06-05,2019-06-24,2020-06-23,12,1,61848000.0,diag
1260,467,2021-05-16,2021-05-24,2022-05-23,12,1,82720000.0,both
1261,467,2022-05-25,2022-05-25,2023-05-24,12,1,80366000.0,both
1262,467,2023-05-22,2023-05-25,2026-05-24,36,1,61370000.0,both
1262,467,2023-05-22,2024-05-25,2026-05-24,36,2,61370000.0,both
1262,467,2023-05-22,2025-05-25,2026-05-24,36,3,61370000.0,both
1263,467,2023-05-25,2023-05-30,2026-05-24,36,1,52621000.0,both
1264,467,2026-05-10,2026-05-25,2027-05-24,12,1,109744000.0,both
1265,468,2019-09-15,2019-09-16,2020-09-15,12,1,78106000.0,diag
1266,468,2020-09-22,2020-10-02,2021-10-01,12,1,46441000.0,diag
1267,468,2020-09-25,2020-10-07,2021-10-01,12,1,10561000.0,diag
1268,468,2021-09-13,2021-10-02,2022-10-01,12,1,53524000.0,diag
1269,468,2022-10-01,2022-10-02,2023-10-01,12,1,43810000.0,diag
1270,468,2023-10-15,2023-10-31,2025-10-30,24,1,64028000.0,diag
1270,468,2023-10-15,2024-10-31,2025-10-30,24,2,64028000.0,diag
1271,468,2025-10-16,2025-10-31,2028-10-30,36,1,61996000.0,diag
1271,468,2025-10-16,2026-10-31,2028-10-30,36,2,61996000.0,diag
1271,468,2025-10-16,2027-10-31,2028-10-30,36,3,61996000.0,diag
1272,468,2025-10-19,2025-11-05,2028-10-30,36,1,13859000.0,diag
1273,469,2020-01-10,2020-01-27,2023-01-26,36,1,51470000.0,diag
1273,469,2020-01-10,2021-01-27,2023-01-26,36,2,51470000.0,diag
1273,469,2020-01-10,2022-01-27,2023-01-26,36,3,51470000.0,diag
1274,469,2023-01-16,2023-01-27,2026-01-26,36,1,64976000.0,diag
1274,469,2023-01-16,2024-01-27,2026-01-26,36,2,64976000.0,diag
1274,469,2023-01-16,2025-01-27,2026-01-26,36,3,64976000.0,diag
1275,469,2026-01-22,2026-01-27,2027-01-26,12,1,42794000.0,diag
1276,470,2023-03-25,2023-04-10,2024-04-09,12,1,29439000.0,posting
1277,470,2024-04-10,2024-04-10,2025-04-09,12,1,28487000.0,posting
1278,470,2025-03-29,2025-04-10,2026-04-09,12,1,32043000.0,posting
1279,471,2020-05-11,2020-05-27,2021-05-26,12,1,30830000.0,diag
1280,472,2023-02-15,2023-03-05,2025-03-04,24,1,67068000.0,posting
1280,472,2023-02-15,2024-03-05,2025-03-04,24,2,67068000.0,posting
1281,472,2025-03-03,2025-03-05,2026-03-04,12,1,39406000.0,posting
1282,472,2026-02-17,2026-03-05,2027-03-04,12,1,89554000.0,posting
1283,473,2022-03-06,2022-03-23,2025-03-22,36,1,39943000.0,posting
1283,473,2022-03-06,2023-03-23,2025-03-22,36,2,39943000.0,posting
1283,473,2022-03-06,2024-03-23,2025-03-22,36,3,39943000.0,posting
1284,473,2025-03-17,2025-03-23,2026-03-22,12,1,29804000.0,posting
1285,473,2026-04-07,2026-04-16,2027-04-15,12,1,43670000.0,posting
1286,474,2020-11-09,2020-11-09,2021-11-08,12,1,17203000.0,diag
1287,474,2021-11-04,2021-11-09,2022-11-08,12,1,23511000.0,diag
1288,474,2022-12-06,2022-12-10,2023-12-09,12,1,27065000.0,diag
1289,474,2023-11-23,2023-12-10,2024-12-09,12,1,24615000.0,diag
1290,475,2022-03-09,2022-03-14,2023-03-13,12,1,42215000.0,both
1291,475,2023-04-23,2023-04-23,2024-04-22,12,1,52439000.0,both
1292,475,2024-04-06,2024-04-23,2025-04-22,12,1,28280000.0,both
1293,476,2019-08-28,2019-09-09,2020-09-08,12,1,92590000.0,diag
1294,476,2020-09-06,2020-09-09,2021-09-08,12,1,116267000.0,diag
1295,476,2021-09-01,2021-09-09,2022-09-08,12,1,105094000.0,diag
1296,476,2022-08-25,2022-09-09,2023-09-08,12,1,71144000.0,diag
1297,476,2023-09-03,2023-09-09,2025-09-08,24,1,94936000.0,diag
1297,476,2023-09-03,2024-09-09,2025-09-08,24,2,94936000.0,diag
1298,476,2025-08-28,2025-09-09,2028-09-08,36,1,64534000.0,diag
1298,476,2025-08-28,2026-09-09,2028-09-08,36,2,64534000.0,diag
1298,476,2025-08-28,2027-09-09,2028-09-08,36,3,64534000.0,diag
1299,477,2019-11-18,2019-11-19,2020-11-18,12,1,113810000.0,both
1300,477,2020-12-04,2020-12-20,2021-12-19,12,1,153787000.0,both
1301,477,2021-12-08,2021-12-21,2024-12-20,36,1,137983000.0,both
1301,477,2021-12-08,2022-12-21,2024-12-20,36,2,137983000.0,both
1301,477,2021-12-08,2023-12-21,2024-12-20,36,3,137983000.0,both
1302,477,2024-12-07,2024-12-21,2025-12-20,12,1,121916000.0,both
1303,477,2025-12-05,2025-12-21,2026-12-20,12,1,209211000.0,both
1304,478,2021-04-17,2021-04-17,2023-04-16,24,1,51957000.0,diag
1304,478,2021-04-17,2022-04-17,2023-04-16,24,2,51957000.0,diag
1305,479,2019-07-05,2019-07-15,2020-07-14,12,1,38799000.0,diag
1306,480,2018-11-23,2018-12-04,2019-12-03,12,1,54981000.0,diag
1307,481,2018-03-30,2018-04-04,2019-04-03,12,1,44433000.0,diag
1308,481,2019-04-20,2019-05-04,2020-05-03,12,1,61402000.0,diag
1309,482,2020-10-16,2020-11-03,2021-11-02,12,1,33070000.0,diag
1310,483,2022-08-14,2022-08-15,2023-08-14,12,1,103071000.0,both
1311,483,2023-08-14,2023-08-15,2024-08-14,12,1,62306000.0,both
1312,483,2024-08-17,2024-08-31,2025-08-30,12,1,76364000.0,both
1313,483,2025-08-18,2025-08-31,2026-08-30,12,1,89159000.0,both
1314,484,2018-12-01,2018-12-19,2019-12-18,12,1,25611000.0,diag
1315,485,2021-12-03,2021-12-06,2022-12-05,12,1,29724000.0,posting
1316,485,2021-12-06,2021-12-11,2022-12-05,12,1,7695000.0,posting
1317,486,2020-03-03,2020-03-19,2021-03-18,12,1,51007000.0,diag
1318,487,2015-01-06,2015-01-07,2016-01-06,12,1,52655000.0,diag
1319,488,2018-01-17,2018-01-21,2019-01-20,12,1,110540000.0,both
1320,489,2022-10-05,2022-10-11,2023-10-10,12,1,54772000.0,diag
1321,489,2023-10-03,2023-10-11,2024-10-10,12,1,48711000.0,diag
1322,490,2022-12-05,2022-12-20,2023-12-19,12,1,28875000.0,posting
1323,490,2023-12-03,2023-12-20,2024-12-19,12,1,35951000.0,posting
1324,491,2018-09-06,2018-09-20,2019-09-19,12,1,62337000.0,diag
1325,491,2018-09-09,2018-09-25,2019-09-19,12,1,11072000.0,diag
1326,492,2022-06-06,2022-06-11,2023-06-10,12,1,120988000.0,diag
1327,493,2018-10-18,2018-10-25,2019-10-24,12,1,83718000.0,both
1328,493,2019-11-22,2019-11-30,2020-11-29,12,1,57589000.0,both
1329,493,2020-11-30,2020-11-30,2021-11-29,12,1,89529000.0,both
1330,493,2021-11-29,2021-11-30,2022-11-29,12,1,85490000.0,both
1331,493,2022-11-18,2022-11-30,2023-11-29,12,1,46007000.0,both
1332,493,2023-11-16,2023-11-30,2025-11-29,24,1,92998000.0,both
1332,493,2023-11-16,2024-11-30,2025-11-29,24,2,92998000.0,both
1333,493,2025-11-26,2025-11-30,2027-11-29,24,1,106523000.0,both
1333,493,2025-11-26,2026-11-30,2027-11-29,24,2,106523000.0,both
1334,493,2025-11-29,2025-12-05,2027-11-29,24,1,39733000.0,both
1335,494,2021-11-01,2021-11-20,2023-11-19,24,1,55576000.0,posting
1335,494,2021-11-01,2022-11-20,2023-11-19,24,2,55576000.0,posting
1336,494,2021-11-04,2021-11-25,2023-11-19,24,1,19347000.0,posting
1337,495,2021-03-22,2021-04-09,2022-04-08,12,1,34582000.0,diag
1338,496,2022-06-16,2022-06-27,2023-06-26,12,1,52264000.0,both
1339,496,2023-07-01,2023-07-14,2024-07-13,12,1,73680000.0,both
1340,496,2024-06-29,2024-07-14,2025-07-13,12,1,35876000.0,both
1341,496,2025-06-29,2025-07-14,2026-07-13,12,1,82322000.0,both
1342,497,2023-06-27,2023-07-14,2026-07-13,36,1,24781000.0,diag
1342,497,2023-06-27,2024-07-14,2026-07-13,36,2,24781000.0,diag
1342,497,2023-06-27,2025-07-14,2026-07-13,36,3,24781000.0,diag
1343,498,2022-01-03,2022-01-12,2023-01-11,12,1,37385000.0,diag
1344,499,2018-05-01,2018-05-15,2019-05-14,12,1,28970000.0,posting
1345,500,2021-10-08,2021-10-24,2022-10-23,12,1,79403000.0,both
1346,500,2022-10-08,2022-10-24,2023-10-23,12,1,111704000.0,both
1347,500,2023-10-07,2023-10-24,2024-10-23,12,1,75102000.0,both
1348,500,2024-10-28,2024-11-02,2025-11-01,12,1,66762000.0,both
1349,500,2025-12-06,2025-12-11,2026-12-10,12,1,92357000.0,both
1350,501,2023-09-28,2023-10-05,2024-10-04,12,1,66911000.0,both
1351,502,2021-02-17,2021-03-01,2022-02-28,12,1,91359000.0,posting
1352,502,2022-02-19,2022-03-01,2023-02-28,12,1,66410000.0,posting
1353,502,2023-02-28,2023-03-08,2024-03-07,12,1,61643000.0,posting
1354,502,2023-03-03,2023-03-13,2024-03-07,12,1,19320000.0,posting
1355,502,2024-02-24,2024-03-08,2025-03-07,12,1,69334000.0,posting
1356,503,2023-05-24,2023-06-10,2024-06-09,12,1,227671000.0,both
1357,503,2024-06-06,2024-06-10,2025-06-09,12,1,153434000.0,both
1358,503,2025-06-16,2025-06-30,2026-06-29,12,1,141393000.0,both
1359,503,2026-06-18,2026-06-30,2027-06-29,12,1,114941000.0,both
1360,504,2021-01-29,2021-02-02,2022-02-01,12,1,30376000.0,posting
1361,505,2018-09-19,2018-09-22,2019-09-21,12,1,68440000.0,both
1362,505,2019-09-19,2019-09-22,2022-09-21,36,1,77382000.0,both
1362,505,2019-09-19,2020-09-22,2022-09-21,36,2,77382000.0,both
1362,505,2019-09-19,2021-09-22,2022-09-21,36,3,77382000.0,both
1363,506,2020-01-31,2020-02-16,2022-02-15,24,1,60495000.0,both
1363,506,2020-01-31,2021-02-16,2022-02-15,24,2,60495000.0,both
1364,506,2022-02-02,2022-02-16,2023-02-15,12,1,74195000.0,both
1365,506,2023-02-05,2023-02-16,2024-02-15,12,1,41458000.0,both
1366,506,2024-02-06,2024-02-16,2025-02-15,12,1,82519000.0,both
1367,506,2025-02-12,2025-02-19,2026-02-18,12,1,111976000.0,both
1368,506,2026-02-02,2026-02-19,2027-02-18,12,1,54586000.0,both
1369,507,2023-11-21,2023-12-08,2024-12-07,12,1,31192000.0,posting
1370,507,2023-11-24,2023-12-13,2024-12-07,12,1,4469000.0,posting
1371,507,2024-12-21,2025-01-08,2026-01-07,12,1,20237000.0,posting
1372,507,2025-12-27,2026-01-08,2027-01-07,12,1,25692000.0,posting
1373,508,2019-01-04,2019-01-14,2021-01-13,24,1,31743000.0,diag
1373,508,2019-01-04,2020-01-14,2021-01-13,24,2,31743000.0,diag
1374,509,2022-06-29,2022-07-09,2023-07-08,12,1,37162000.0,diag
1375,509,2023-07-26,2023-08-12,2024-08-11,12,1,67286000.0,diag
1376,509,2024-07-27,2024-08-12,2025-08-11,12,1,43054000.0,diag
1377,509,2025-08-08,2025-08-12,2026-08-11,12,1,44341000.0,diag
1378,510,2021-11-15,2021-11-16,2022-11-15,12,1,40982000.0,diag
1379,510,2022-12-16,2022-12-23,2023-12-22,12,1,33506000.0,diag
1380,511,2021-06-25,2021-07-06,2022-07-05,12,1,36344000.0,posting
1381,512,2022-12-02,2022-12-03,2023-12-02,12,1,35521000.0,both
1382,512,2023-11-17,2023-12-03,2024-12-02,12,1,27720000.0,both
1383,512,2024-12-09,2024-12-10,2025-12-09,12,1,43002000.0,both
1384,512,2025-12-06,2025-12-10,2026-12-09,12,1,54323000.0,both
1385,513,2020-10-11,2020-10-27,2022-10-26,24,1,50551000.0,diag
1385,513,2020-10-11,2021-10-27,2022-10-26,24,2,50551000.0,diag
1386,513,2022-11-02,2022-11-17,2023-11-16,12,1,51761000.0,diag
1387,513,2023-11-18,2023-12-03,2025-12-02,24,1,34184000.0,diag
1387,513,2023-11-18,2024-12-03,2025-12-02,24,2,34184000.0,diag
1388,513,2025-11-17,2025-12-03,2026-12-02,12,1,61928000.0,diag
1389,514,2018-12-26,2018-12-26,2019-12-25,12,1,93512000.0,both
1390,514,2019-12-11,2019-12-26,2020-12-25,12,1,36006000.0,both
1391,514,2020-12-15,2020-12-26,2021-12-25,12,1,54522000.0,both
1392,515,2021-06-16,2021-06-20,2022-06-19,12,1,39023000.0,diag
1393,516,2022-04-02,2022-04-07,2023-04-06,12,1,50971000.0,both
1394,516,2023-04-04,2023-04-07,2024-04-06,12,1,76751000.0,both
1395,516,2023-04-07,2023-04-12,2024-04-06,12,1,33682000.0,both
1396,516,2024-04-01,2024-04-07,2025-04-06,12,1,99377000.0,both
1397,516,2025-05-09,2025-05-11,2026-05-10,12,1,132605000.0,both
1398,516,2026-04-30,2026-05-11,2027-05-10,12,1,52365000.0,both
1399,517,2021-04-23,2021-05-04,2022-05-03,12,1,20596000.0,posting
1400,518,2019-05-19,2019-05-21,2020-05-20,12,1,72583000.0,posting
1401,519,2019-02-15,2019-02-16,2020-02-15,12,1,24585000.0,diag
1402,519,2020-02-10,2020-02-16,2021-02-15,12,1,20111000.0,diag
1403,520,2023-01-06,2023-01-25,2026-01-24,36,1,63400000.0,both
1403,520,2023-01-06,2024-01-25,2026-01-24,36,2,63400000.0,both
1403,520,2023-01-06,2025-01-25,2026-01-24,36,3,63400000.0,both
1404,520,2026-02-23,2026-02-23,2027-02-22,12,1,69070000.0,both
1405,521,2020-01-02,2020-01-20,2022-01-19,24,1,33387000.0,posting
1405,521,2020-01-02,2021-01-20,2022-01-19,24,2,33387000.0,posting
1406,521,2020-01-05,2020-01-25,2022-01-19,24,1,9849000.0,posting
1407,522,2019-03-06,2019-03-11,2020-03-10,12,1,59641000.0,posting
1408,522,2020-03-07,2020-03-11,2021-03-10,12,1,50520000.0,posting
1409,522,2021-02-26,2021-03-11,2024-03-10,36,1,94906000.0,posting
1409,522,2021-02-26,2022-03-11,2024-03-10,36,2,94906000.0,posting
1409,522,2021-02-26,2023-03-11,2024-03-10,36,3,94906000.0,posting
1410,522,2024-02-25,2024-03-11,2025-03-10,12,1,90580000.0,posting
1411,522,2025-02-25,2025-03-11,2027-03-10,24,1,36485000.0,posting
1411,522,2025-02-25,2026-03-11,2027-03-10,24,2,36485000.0,posting
1412,523,2022-12-11,2022-12-27,2023-12-26,12,1,30328000.0,diag
1413,524,2021-06-17,2021-07-01,2022-06-30,12,1,111005000.0,both
1414,524,2022-06-25,2022-07-01,2023-06-30,12,1,170378000.0,both
1415,524,2023-07-08,2023-07-25,2024-07-24,12,1,94996000.0,both
1416,524,2024-07-06,2024-07-25,2026-07-24,24,1,90648000.0,both
1416,524,2024-07-06,2025-07-25,2026-07-24,24,2,90648000.0,both
1417,525,2023-08-07,2023-08-16,2024-08-15,12,1,46363000.0,posting
1418,525,2024-07-29,2024-08-16,2025-08-15,12,1,36160000.0,posting
1419,525,2025-08-11,2025-08-16,2026-08-15,12,1,50927000.0,posting
1420,525,2025-08-14,2025-08-21,2026-08-15,12,1,21486000.0,posting
1421,526,2020-12-28,2021-01-16,2022-01-15,12,1,59725000.0,diag
1422,526,2022-02-10,2022-02-16,2023-02-15,12,1,32431000.0,diag
1423,526,2023-01-30,2023-02-16,2025-02-15,24,1,52852000.0,diag
1423,526,2023-01-30,2024-02-16,2025-02-15,24,2,52852000.0,diag
1424,526,2025-02-06,2025-02-16,2026-02-15,12,1,53150000.0,diag
1425,527,2021-08-18,2021-08-26,2024-08-25,36,1,17681000.0,diag
1425,527,2021-08-18,2022-08-26,2024-08-25,36,2,17681000.0,diag
1425,527,2021-08-18,2023-08-26,2024-08-25,36,3,17681000.0,diag
1426,527,2024-09-22,2024-09-26,2026-09-25,24,1,23551000.0,diag
1426,527,2024-09-22,2025-09-26,2026-09-25,24,2,23551000.0,diag
1427,527,2024-09-25,2024-10-01,2026-09-25,24,1,7146000.0,diag
1428,528,2020-10-03,2020-10-14,2021-10-13,12,1,46710000.0,both
1429,528,2021-09-30,2021-10-14,2024-10-13,36,1,70695000.0,both
1429,528,2021-09-30,2022-10-14,2024-10-13,36,2,70695000.0,both
1429,528,2021-09-30,2023-10-14,2024-10-13,36,3,70695000.0,both
1430,528,2024-09-28,2024-10-14,2025-10-13,12,1,71765000.0,both
1431,528,2025-10-01,2025-10-14,2026-10-13,12,1,55286000.0,both
1432,528,2025-10-04,2025-10-19,2026-10-13,12,1,24563000.0,both
1433,529,2020-07-16,2020-07-26,2021-07-25,12,1,38166000.0,diag
1434,530,2023-06-18,2023-06-21,2024-06-20,12,1,49594000.0,both
1435,531,2019-04-07,2019-04-14,2020-04-13,12,1,37803000.0,diag
1436,532,2023-02-05,2023-02-22,2025-02-21,24,1,75241000.0,posting
1436,532,2023-02-05,2024-02-22,2025-02-21,24,2,75241000.0,posting
1437,533,2022-08-25,2022-09-05,2023-09-04,12,1,49786000.0,posting
1438,533,2023-08-31,2023-09-05,2024-09-04,12,1,47388000.0,posting
1439,533,2023-09-03,2023-09-10,2024-09-04,12,1,14614000.0,posting
1440,533,2024-09-23,2024-09-25,2025-09-24,12,1,62370000.0,posting
1441,533,2024-09-26,2024-09-30,2025-09-24,12,1,11531000.0,posting
1442,533,2025-09-25,2025-09-25,2026-09-24,12,1,50225000.0,posting
1443,533,2025-09-28,2025-09-30,2026-09-24,12,1,10507000.0,posting
1444,534,2018-06-04,2018-06-17,2019-06-16,12,1,41966000.0,both
1445,534,2018-06-07,2018-06-22,2019-06-16,12,1,13091000.0,both
1446,534,2019-06-11,2019-06-17,2020-06-16,12,1,43933000.0,both
1447,534,2020-06-14,2020-06-17,2021-06-16,12,1,52792000.0,both
1448,534,2021-07-05,2021-07-22,2022-07-21,12,1,28549000.0,both
1449,534,2022-07-22,2022-07-22,2023-07-21,12,1,45236000.0,both
1450,534,2023-08-09,2023-08-18,2024-08-17,12,1,56035000.0,both
1451,534,2024-08-05,2024-08-18,2025-08-17,12,1,36902000.0,both
1452,534,2025-08-16,2025-08-18,2026-08-17,12,1,60678000.0,both
1453,535,2019-11-09,2019-11-18,2020-11-17,12,1,109448000.0,diag
1454,535,2020-11-13,2020-11-18,2021-11-17,12,1,61050000.0,diag
1455,535,2021-11-14,2021-11-18,2022-11-17,12,1,94124000.0,diag
1456,535,2022-11-05,2022-11-18,2023-11-17,12,1,142490000.0,diag
1457,535,2023-11-08,2023-11-18,2026-11-17,36,1,100646000.0,diag
1457,535,2023-11-08,2024-11-18,2026-11-17,36,2,100646000.0,diag
1457,535,2023-11-08,2025-11-18,2026-11-17,36,3,100646000.0,diag
1458,536,2021-03-31,2021-04-14,2022-04-13,12,1,43730000.0,both
1459,536,2022-04-02,2022-04-14,2024-04-13,24,1,24140000.0,both
1459,536,2022-04-02,2023-04-14,2024-04-13,24,2,24140000.0,both
1460,537,2020-07-10,2020-07-13,2023-07-12,36,1,59303000.0,posting
1460,537,2020-07-10,2021-07-13,2023-07-12,36,2,59303000.0,posting
1460,537,2020-07-10,2022-07-13,2023-07-12,36,3,59303000.0,posting
1461,538,2022-03-14,2022-03-17,2023-03-16,12,1,26247000.0,diag
1462,539,2018-09-21,2018-10-10,2019-10-09,12,1,120717000.0,diag
1463,539,2019-09-25,2019-10-10,2020-10-09,12,1,106114000.0,diag
1464,539,2020-10-02,2020-10-10,2021-10-09,12,1,66334000.0,diag
1465,539,2021-11-09,2021-11-09,2023-11-08,24,1,55933000.0,diag
1465,539,2021-11-09,2022-11-09,2023-11-08,24,2,55933000.0,diag
1466,539,2023-11-07,2023-11-09,2024-11-08,12,1,93020000.0,diag
1467,539,2024-10-31,2024-11-09,2025-11-08,12,1,34311000.0,diag
1468,539,2025-10-22,2025-11-09,2026-11-08,12,1,59649000.0,diag
1469,540,2023-11-09,2023-11-23,2024-11-22,12,1,60293000.0,diag
1470,540,2024-11-28,2024-12-14,2025-12-13,12,1,90527000.0,diag
1471,541,2021-10-22,2021-11-06,2022-11-05,12,1,28755000.0,diag
1472,542,2023-05-05,2023-05-07,2024-05-06,12,1,60340000.0,diag
1473,543,2020-11-29,2020-12-02,2021-12-01,12,1,29425000.0,both
1474,543,2021-11-23,2021-12-02,2022-12-01,12,1,25039000.0,both
1475,543,2021-11-26,2021-12-07,2022-12-01,12,1,4759000.0,both
1476,544,2020-05-24,2020-05-26,2021-05-25,12,1,58637000.0,diag
1477,544,2021-05-24,2021-06-03,2022-06-02,12,1,62924000.0,diag
1478,544,2022-06-05,2022-06-14,2023-06-13,12,1,61042000.0,diag
1479,544,2023-06-02,2023-06-14,2024-06-13,12,1,51244000.0,diag
1480,544,2024-06-06,2024-06-14,2025-06-13,12,1,104251000.0,diag
1481,544,2025-06-09,2025-06-14,2026-06-13,12,1,57272000.0,diag
1482,545,2018-02-09,2018-02-22,2019-02-21,12,1,47956000.0,both
1483,546,2022-09-24,2022-10-12,2024-10-11,24,1,27303000.0,diag
1483,546,2022-09-24,2023-10-12,2024-10-11,24,2,27303000.0,diag
1484,546,2024-09-24,2024-10-12,2025-10-11,12,1,20159000.0,diag
1485,546,2025-10-03,2025-10-12,2026-10-11,12,1,19648000.0,diag
1486,547,2021-11-12,2021-11-17,2022-11-16,12,1,115270000.0,both
1487,547,2022-11-07,2022-11-17,2023-11-16,12,1,132852000.0,both
1488,547,2023-11-17,2023-11-17,2024-11-16,12,1,126849000.0,both
1489,547,2024-11-08,2024-11-17,2025-11-16,12,1,131381000.0,both
1490,547,2025-12-10,2025-12-19,2026-12-18,12,1,69709000.0,both
1491,548,2021-06-27,2021-07-04,2024-07-03,36,1,63746000.0,posting
1491,548,2021-06-27,2022-07-04,2024-07-03,36,2,63746000.0,posting
1491,548,2021-06-27,2023-07-04,2024-07-03,36,3,63746000.0,posting
1492,548,2024-06-17,2024-07-04,2025-07-03,12,1,23797000.0,posting
1493,548,2025-07-20,2025-07-20,2026-07-19,12,1,61326000.0,posting
1494,549,2020-05-08,2020-05-11,2022-05-10,24,1,51773000.0,diag
1494,549,2020-05-08,2021-05-11,2022-05-10,24,2,51773000.0,diag
1495,550,2023-12-19,2023-12-27,2024-12-26,12,1,53480000.0,diag
1496,550,2024-12-27,2024-12-27,2025-12-26,12,1,53114000.0,diag
1497,550,2024-12-30,2025-01-01,2025-12-26,12,1,27773000.0,diag
1498,550,2025-12-19,2025-12-27,2028-12-26,36,1,57139000.0,diag
1498,550,2025-12-19,2026-12-27,2028-12-26,36,2,57139000.0,diag
1498,550,2025-12-19,2027-12-27,2028-12-26,36,3,57139000.0,diag
1499,551,2020-06-16,2020-06-20,2021-06-19,12,1,65698000.0,both
1500,552,2022-04-13,2022-04-20,2023-04-19,12,1,65602000.0,both
1501,552,2022-04-16,2022-04-25,2023-04-19,12,1,21886000.0,both
1502,552,2023-04-12,2023-04-20,2025-04-19,24,1,84737000.0,both
1502,552,2023-04-12,2024-04-20,2025-04-19,24,2,84737000.0,both
1503,552,2023-04-15,2023-04-25,2025-04-19,24,1,13535000.0,both
1504,552,2025-05-02,2025-05-17,2026-05-16,12,1,52471000.0,both
1505,552,2026-05-10,2026-05-17,2027-05-16,12,1,49246000.0,both
1506,553,2022-12-04,2022-12-23,2023-12-22,12,1,45903000.0,diag
1507,553,2023-12-09,2023-12-23,2025-12-22,24,1,51583000.0,diag
1507,553,2023-12-09,2024-12-23,2025-12-22,24,2,51583000.0,diag
1508,553,2025-12-06,2025-12-23,2026-12-22,12,1,71459000.0,diag
1509,554,2020-03-13,2020-03-18,2023-03-17,36,1,18156000.0,posting
1509,554,2020-03-13,2021-03-18,2023-03-17,36,2,18156000.0,posting
1509,554,2020-03-13,2022-03-18,2023-03-17,36,3,18156000.0,posting
1510,555,2022-02-18,2022-03-03,2024-03-02,24,1,10897000.0,diag
1510,555,2022-02-18,2023-03-03,2024-03-02,24,2,10897000.0,diag
1511,556,2020-04-12,2020-04-20,2021-04-19,12,1,40966000.0,diag
1512,556,2021-04-15,2021-04-20,2024-04-19,36,1,84503000.0,diag
1512,556,2021-04-15,2022-04-20,2024-04-19,36,2,84503000.0,diag
1512,556,2021-04-15,2023-04-20,2024-04-19,36,3,84503000.0,diag
1513,557,2022-02-04,2022-02-12,2023-02-11,12,1,68545000.0,diag
1514,558,2021-01-26,2021-02-02,2022-02-01,12,1,39110000.0,posting
1515,558,2022-01-30,2022-02-02,2023-02-01,12,1,48167000.0,posting
1516,558,2023-01-24,2023-02-02,2024-02-01,12,1,31525000.0,posting
1517,558,2024-01-24,2024-02-02,2025-02-01,12,1,27230000.0,posting
1518,558,2025-02-28,2025-03-11,2026-03-10,12,1,30882000.0,posting
1519,559,2021-11-30,2021-12-07,2022-12-06,12,1,30137000.0,diag
1520,560,2021-01-26,2021-02-11,2022-02-10,12,1,115042000.0,diag
1521,560,2022-03-14,2022-03-22,2025-03-21,36,1,80406000.0,diag
1521,560,2022-03-14,2023-03-22,2025-03-21,36,2,80406000.0,diag
1521,560,2022-03-14,2024-03-22,2025-03-21,36,3,80406000.0,diag
1522,560,2025-03-10,2025-03-22,2026-03-21,12,1,68705000.0,diag
1523,561,2023-11-08,2023-11-19,2024-11-18,12,1,47304000.0,both
1524,562,2022-09-01,2022-09-16,2025-09-15,36,1,66895000.0,both
1524,562,2022-09-01,2023-09-16,2025-09-15,36,2,66895000.0,both
1524,562,2022-09-01,2024-09-16,2025-09-15,36,3,66895000.0,both
1525,562,2025-09-08,2025-09-16,2026-09-15,12,1,65892000.0,both
1526,563,2022-10-15,2022-10-17,2024-10-16,24,1,30730000.0,posting
1526,563,2022-10-15,2023-10-17,2024-10-16,24,2,30730000.0,posting
1527,564,2018-06-21,2018-07-08,2019-07-07,12,1,53916000.0,posting
1528,564,2019-07-02,2019-07-08,2020-07-07,12,1,50038000.0,posting
1529,564,2020-06-21,2020-07-08,2021-07-07,12,1,43707000.0,posting
1530,564,2020-06-24,2020-07-13,2021-07-07,12,1,20300000.0,posting
1531,564,2021-06-28,2021-07-08,2023-07-07,24,1,74301000.0,posting
1531,564,2021-06-28,2022-07-08,2023-07-07,24,2,74301000.0,posting
1532,564,2023-06-23,2023-07-08,2024-07-07,12,1,49545000.0,posting
1533,564,2024-07-01,2024-07-08,2025-07-07,12,1,55386000.0,posting
1534,564,2025-06-19,2025-07-08,2026-07-07,12,1,67035000.0,posting
1535,565,2020-07-27,2020-08-05,2021-08-04,12,1,18135000.0,both
1536,566,2023-12-27,2023-12-27,2024-12-26,12,1,51897000.0,diag
1537,567,2023-10-20,2023-10-24,2026-10-23,36,1,55884000.0,both
1537,567,2023-10-20,2024-10-24,2026-10-23,36,2,55884000.0,both
1537,567,2023-10-20,2025-10-24,2026-10-23,36,3,55884000.0,both
1538,568,2021-09-16,2021-09-25,2023-09-24,24,1,33381000.0,diag
1538,568,2021-09-16,2022-09-25,2023-09-24,24,2,33381000.0,diag
1539,569,2022-12-15,2022-12-23,2023-12-22,12,1,46529000.0,diag
1540,569,2024-01-01,2024-01-05,2025-01-04,12,1,67436000.0,diag
1541,569,2024-12-25,2025-01-05,2026-01-04,12,1,49017000.0,diag
1542,570,2021-10-22,2021-11-05,2022-11-04,12,1,39271000.0,diag
1543,570,2021-10-25,2021-11-10,2022-11-04,12,1,5888000.0,diag
1544,570,2022-10-19,2022-11-05,2024-11-04,24,1,57708000.0,diag
1544,570,2022-10-19,2023-11-05,2024-11-04,24,2,57708000.0,diag
1545,570,2024-12-13,2024-12-16,2026-12-15,24,1,21051000.0,diag
1545,570,2024-12-13,2025-12-16,2026-12-15,24,2,21051000.0,diag
1546,571,2018-05-21,2018-05-25,2019-05-24,12,1,41884000.0,diag
1547,571,2019-05-06,2019-05-25,2020-05-24,12,1,58577000.0,diag
1548,571,2019-05-09,2019-05-30,2020-05-24,12,1,16456000.0,diag
1549,572,2020-11-05,2020-11-18,2021-11-17,12,1,17909000.0,posting
1550,573,2019-12-29,2020-01-12,2021-01-11,12,1,22795000.0,both
1551,573,2020-12-31,2021-01-12,2022-01-11,12,1,93173000.0,both
1552,573,2021-01-03,2021-01-17,2022-01-11,12,1,13711000.0,both
1553,573,2022-01-08,2022-01-12,2023-01-11,12,1,72939000.0,both
1554,574,2022-11-18,2022-12-05,2023-12-04,12,1,16835000.0,diag
1555,574,2022-11-21,2022-12-10,2023-12-04,12,1,9531000.0,diag
1556,575,2019-05-08,2019-05-26,2021-05-25,24,1,48101000.0,both
1556,575,2019-05-08,2020-05-26,2021-05-25,24,2,48101000.0,both
1557,575,2021-06-25,2021-07-01,2023-06-30,24,1,74127000.0,both
1557,575,2021-06-25,2022-07-01,2023-06-30,24,2,74127000.0,both
1558,575,2023-06-23,2023-07-01,2025-06-30,24,1,77881000.0,both
1558,575,2023-06-23,2024-07-01,2025-06-30,24,2,77881000.0,both
1559,575,2025-07-09,2025-07-17,2028-07-16,36,1,129830000.0,both
1559,575,2025-07-09,2026-07-17,2028-07-16,36,2,129830000.0,both
1559,575,2025-07-09,2027-07-17,2028-07-16,36,3,129830000.0,both
1560,576,2022-02-23,2022-03-11,2023-03-10,12,1,12753000.0,diag
1561,577,2020-11-26,2020-12-01,2021-11-30,12,1,28340000.0,both
1562,577,2021-12-15,2021-12-15,2022-12-14,12,1,52462000.0,both
1563,577,2023-01-25,2023-01-26,2024-01-25,12,1,67051000.0,both
1564,577,2024-01-21,2024-01-26,2025-01-25,12,1,57897000.0,both
1565,577,2025-02-20,2025-03-05,2026-03-04,12,1,92007000.0,both
1566,578,2023-07-16,2023-08-04,2024-08-03,12,1,52414000.0,posting
1567,578,2024-07-17,2024-08-04,2025-08-03,12,1,52867000.0,posting
1568,578,2024-07-20,2024-08-09,2025-08-03,12,1,16264000.0,posting
1569,579,2018-01-16,2018-01-27,2019-01-26,12,1,46535000.0,diag
1570,579,2019-01-17,2019-01-28,2020-01-27,12,1,36090000.0,diag
1571,579,2020-01-25,2020-01-28,2021-01-27,12,1,23058000.0,diag
1572,579,2021-02-15,2021-02-19,2022-02-18,12,1,25920000.0,diag
1573,579,2022-02-19,2022-02-19,2024-02-18,24,1,26626000.0,diag
1573,579,2022-02-19,2023-02-19,2024-02-18,24,2,26626000.0,diag
1574,579,2024-02-16,2024-02-19,2025-02-18,12,1,15796000.0,diag
1575,579,2024-02-19,2024-02-24,2025-02-18,12,1,7752000.0,diag
1576,580,2020-08-08,2020-08-10,2023-08-09,36,1,40718000.0,posting
1576,580,2020-08-08,2021-08-10,2023-08-09,36,2,40718000.0,posting
1576,580,2020-08-08,2022-08-10,2023-08-09,36,3,40718000.0,posting
1577,581,2023-10-05,2023-10-15,2024-10-14,12,1,9441000.0,diag
1578,581,2023-10-08,2023-10-20,2024-10-14,12,1,3220000.0,diag
1579,581,2024-10-13,2024-10-15,2025-10-14,12,1,14746000.0,diag
1580,582,2018-10-23,2018-10-26,2019-10-25,12,1,48471000.0,diag
1581,583,2022-01-09,2022-01-26,2023-01-25,12,1,53005000.0,posting
1582,583,2022-01-12,2022-01-31,2023-01-25,12,1,15143000.0,posting
1583,583,2023-02-12,2023-03-02,2024-03-01,12,1,51753000.0,posting
1584,584,2023-02-15,2023-02-20,2024-02-19,12,1,56339000.0,diag
1585,584,2024-02-20,2024-02-20,2025-02-19,12,1,45523000.0,diag
1586,585,2020-06-02,2020-06-07,2021-06-06,12,1,26760000.0,posting
1587,585,2021-06-06,2021-06-07,2022-06-06,12,1,20634000.0,posting
1588,585,2022-06-03,2022-06-07,2023-06-06,12,1,34960000.0,posting
1589,585,2023-05-19,2023-06-07,2024-06-06,12,1,24144000.0,posting
1590,586,2019-02-13,2019-02-27,2020-02-26,12,1,102934000.0,both
1591,586,2020-02-24,2020-02-27,2021-02-26,12,1,87486000.0,both
1592,586,2021-02-14,2021-02-27,2022-02-26,12,1,115827000.0,both
1593,586,2022-03-04,2022-03-05,2024-03-04,24,1,57552000.0,both
1593,586,2022-03-04,2023-03-05,2024-03-04,24,2,57552000.0,both
1594,586,2024-02-19,2024-03-05,2025-03-04,12,1,109658000.0,both
1595,586,2025-02-25,2025-03-05,2026-03-04,12,1,123908000.0,both
1596,586,2026-02-27,2026-03-05,2027-03-04,12,1,100263000.0,both
1597,587,2022-07-17,2022-07-27,2023-07-26,12,1,44248000.0,both
1598,587,2023-07-25,2023-07-27,2024-07-26,12,1,41726000.0,both
1599,587,2024-08-08,2024-08-17,2025-08-16,12,1,41578000.0,both
1600,587,2025-07-30,2025-08-17,2026-08-16,12,1,54210000.0,both
1601,588,2023-06-09,2023-06-26,2024-06-25,12,1,67842000.0,both
1602,588,2023-06-12,2023-07-01,2024-06-25,12,1,46992000.0,both
1603,588,2024-06-16,2024-06-26,2025-06-25,12,1,194545000.0,both
1604,589,2022-10-19,2022-11-04,2023-11-03,12,1,56293000.0,both
1605,589,2023-10-18,2023-11-04,2024-11-03,12,1,59556000.0,both
1606,590,2022-12-22,2022-12-23,2023-12-22,12,1,24816000.0,posting
1607,591,2022-04-09,2022-04-11,2023-04-10,12,1,28796000.0,diag
1608,591,2023-03-27,2023-04-11,2024-04-10,12,1,34950000.0,diag
1609,592,2021-01-03,2021-01-13,2022-01-12,12,1,53591000.0,both
1610,593,2021-05-02,2021-05-20,2022-05-19,12,1,95230000.0,both
1611,593,2022-05-28,2022-06-08,2023-06-07,12,1,67435000.0,both
1612,593,2023-05-22,2023-06-08,2024-06-07,12,1,71475000.0,both
1613,593,2024-07-03,2024-07-20,2025-07-19,12,1,39170000.0,both
1614,593,2025-08-10,2025-08-25,2026-08-24,12,1,93172000.0,both
1615,594,2020-10-28,2020-11-16,2021-11-15,12,1,79305000.0,posting
1616,594,2021-11-09,2021-11-16,2022-11-15,12,1,151463000.0,posting
1617,594,2022-11-15,2022-11-16,2023-11-15,12,1,106161000.0,posting
1618,594,2023-12-02,2023-12-04,2024-12-03,12,1,99811000.0,posting
1619,595,2023-06-09,2023-06-19,2024-06-18,12,1,72223000.0,posting
1620,596,2023-05-13,2023-05-13,2024-05-12,12,1,86185000.0,both
1621,596,2024-05-12,2024-05-13,2026-05-12,24,1,100066000.0,both
1621,596,2024-05-12,2025-05-13,2026-05-12,24,2,100066000.0,both
1622,597,2018-12-10,2018-12-23,2019-12-22,12,1,70870000.0,posting
1623,598,2023-07-13,2023-07-23,2024-07-22,12,1,84757000.0,both
1624,598,2024-08-24,2024-08-27,2025-08-26,12,1,98132000.0,both
1625,598,2024-08-27,2024-09-01,2025-08-26,12,1,26902000.0,both
1626,598,2025-08-16,2025-08-27,2027-08-26,24,1,78703000.0,both
1626,598,2025-08-16,2026-08-27,2027-08-26,24,2,78703000.0,both
1627,598,2025-08-19,2025-09-01,2027-08-26,24,1,15597000.0,both
1628,599,2020-08-11,2020-08-13,2022-08-12,24,1,103133000.0,posting
1628,599,2020-08-11,2021-08-13,2022-08-12,24,2,103133000.0,posting
1629,600,2018-08-04,2018-08-14,2019-08-13,12,1,99915000.0,both
1630,600,2019-08-06,2019-08-14,2020-08-13,12,1,41024000.0,both
1631,600,2020-09-12,2020-09-13,2021-09-12,12,1,58654000.0,both
1632,600,2021-08-26,2021-09-13,2023-09-12,24,1,37585000.0,both
1632,600,2021-08-26,2022-09-13,2023-09-12,24,2,37585000.0,both
1633,600,2023-08-28,2023-09-13,2024-09-12,12,1,55753000.0,both
1634,600,2024-09-10,2024-09-13,2026-09-12,24,1,57466000.0,both
1634,600,2024-09-10,2025-09-13,2026-09-12,24,2,57466000.0,both
1635,601,2022-03-21,2022-04-05,2023-04-04,12,1,12180000.0,posting
1636,602,2022-11-15,2022-11-16,2023-11-15,12,1,19026000.0,diag
1637,603,2019-03-10,2019-03-20,2021-03-19,24,1,36777000.0,posting
1637,603,2019-03-10,2020-03-20,2021-03-19,24,2,36777000.0,posting
1638,603,2019-03-13,2019-03-25,2021-03-19,24,1,10274000.0,posting
1639,603,2021-03-03,2021-03-20,2022-03-19,12,1,44853000.0,posting
1640,604,2019-10-04,2019-10-16,2020-10-15,12,1,11821000.0,diag
1641,605,2021-03-15,2021-03-19,2022-03-18,12,1,59797000.0,posting
1642,605,2022-03-12,2022-03-27,2023-03-26,12,1,33667000.0,posting
1643,605,2023-03-08,2023-03-27,2024-03-26,12,1,54120000.0,posting
1644,606,2021-11-27,2021-11-27,2024-11-26,36,1,47693000.0,both
1644,606,2021-11-27,2022-11-27,2024-11-26,36,2,47693000.0,both
1644,606,2021-11-27,2023-11-27,2024-11-26,36,3,47693000.0,both
1645,606,2025-01-05,2025-01-06,2026-01-05,12,1,30709000.0,both
1646,607,2020-11-07,2020-11-13,2022-11-12,24,1,70007000.0,diag
1646,607,2020-11-07,2021-11-13,2022-11-12,24,2,70007000.0,diag
1647,608,2023-01-08,2023-01-22,2024-01-21,12,1,55655000.0,posting
1648,608,2024-01-22,2024-01-22,2025-01-21,12,1,38694000.0,posting
1649,609,2023-08-19,2023-08-23,2025-08-22,24,1,49182000.0,both
1649,609,2023-08-19,2024-08-23,2025-08-22,24,2,49182000.0,both
1650,609,2025-08-13,2025-08-23,2026-08-22,12,1,30930000.0,both
1651,610,2020-01-31,2020-02-18,2022-02-17,24,1,146668000.0,diag
1651,610,2020-01-31,2021-02-18,2022-02-17,24,2,146668000.0,diag
1652,610,2022-02-16,2022-02-18,2023-02-17,12,1,104461000.0,diag
1653,610,2023-02-27,2023-03-16,2024-03-15,12,1,151933000.0,diag
1654,610,2024-04-12,2024-04-19,2025-04-18,12,1,87086000.0,diag
1655,610,2025-04-22,2025-05-07,2026-05-06,12,1,61622000.0,diag
1656,610,2026-05-04,2026-05-21,2027-05-20,12,1,206772000.0,diag
1657,611,2022-09-19,2022-09-23,2025-09-22,36,1,27774000.0,diag
1657,611,2022-09-19,2023-09-23,2025-09-22,36,2,27774000.0,diag
1657,611,2022-09-19,2024-09-23,2025-09-22,36,3,27774000.0,diag
1658,612,2022-01-30,2022-02-02,2023-02-01,12,1,25810000.0,diag
1659,612,2022-02-02,2022-02-07,2023-02-01,12,1,12639000.0,diag
1660,612,2023-01-29,2023-02-02,2024-02-01,12,1,25097000.0,diag
1661,612,2024-02-16,2024-03-04,2025-03-03,12,1,21538000.0,diag
1662,613,2022-03-21,2022-04-05,2023-04-04,12,1,31519000.0,diag
1663,613,2023-03-31,2023-04-05,2024-04-04,12,1,44099000.0,diag
1664,613,2024-03-17,2024-04-05,2025-04-04,12,1,32581000.0,diag
1665,613,2025-04-30,2025-04-30,2026-04-29,12,1,33954000.0,diag
1666,613,2026-04-23,2026-04-30,2027-04-29,12,1,36562000.0,diag
1667,614,2019-05-31,2019-06-08,2020-06-07,12,1,104000000.0,both
1668,614,2020-06-02,2020-06-08,2022-06-07,24,1,58959000.0,both
1668,614,2020-06-02,2021-06-08,2022-06-07,24,2,58959000.0,both
1669,614,2022-06-11,2022-06-12,2023-06-11,12,1,65360000.0,both
1670,614,2023-05-25,2023-06-12,2024-06-11,12,1,93851000.0,both
1671,614,2024-05-31,2024-06-12,2025-06-11,12,1,41507000.0,both
1672,614,2025-06-12,2025-06-12,2026-06-11,12,1,100682000.0,both
1673,614,2026-05-29,2026-06-12,2027-06-11,12,1,69891000.0,both
1674,614,2026-06-01,2026-06-17,2027-06-11,12,1,21362000.0,both
1675,615,2023-11-09,2023-11-24,2025-11-23,24,1,18950000.0,posting
1675,615,2023-11-09,2024-11-24,2025-11-23,24,2,18950000.0,posting
1676,615,2025-11-28,2025-12-03,2026-12-02,12,1,28958000.0,posting
1677,616,2020-11-28,2020-12-04,2021-12-03,12,1,128456000.0,both
1678,616,2021-11-28,2021-12-04,2023-12-03,24,1,101169000.0,both
1678,616,2021-11-28,2022-12-04,2023-12-03,24,2,101169000.0,both
1679,616,2023-12-01,2023-12-04,2024-12-03,12,1,134555000.0,both
1680,616,2024-11-29,2024-12-04,2025-12-03,12,1,104005000.0,both
1681,616,2026-01-07,2026-01-10,2027-01-09,12,1,134239000.0,both
1682,617,2020-11-15,2020-11-19,2021-11-18,12,1,37321000.0,posting
1683,618,2019-09-11,2019-09-24,2021-09-23,24,1,80328000.0,both
1683,618,2019-09-11,2020-09-24,2021-09-23,24,2,80328000.0,both
1684,618,2021-09-16,2021-09-24,2022-09-23,12,1,45058000.0,both
1685,618,2022-09-06,2022-09-25,2024-09-24,24,1,66257000.0,both
1685,618,2022-09-06,2023-09-25,2024-09-24,24,2,66257000.0,both
1686,618,2024-09-11,2024-09-25,2027-09-24,36,1,63343000.0,both
1686,618,2024-09-11,2025-09-25,2027-09-24,36,2,63343000.0,both
1686,618,2024-09-11,2026-09-25,2027-09-24,36,3,63343000.0,both
1687,619,2020-12-06,2020-12-21,2021-12-20,12,1,26070000.0,posting
1688,619,2021-12-17,2021-12-21,2022-12-20,12,1,27004000.0,posting
1689,619,2021-12-20,2021-12-26,2022-12-20,12,1,13840000.0,posting
1690,619,2022-12-09,2022-12-21,2023-12-20,12,1,35840000.0,posting
1691,620,2020-01-27,2020-02-05,2021-02-04,12,1,57212000.0,posting
1692,620,2020-01-30,2020-02-10,2021-02-04,12,1,18963000.0,posting
1693,620,2021-01-26,2021-02-05,2022-02-04,12,1,62845000.0,posting
1694,620,2022-01-18,2022-02-05,2023-02-04,12,1,66122000.0,posting
1695,620,2023-01-17,2023-02-05,2026-02-04,36,1,41848000.0,posting
1695,620,2023-01-17,2024-02-05,2026-02-04,36,2,41848000.0,posting
1695,620,2023-01-17,2025-02-05,2026-02-04,36,3,41848000.0,posting
1696,621,2022-12-15,2022-12-16,2023-12-15,12,1,38149000.0,diag
1697,622,2023-09-08,2023-09-14,2024-09-13,12,1,21293000.0,both
1698,622,2024-09-05,2024-09-14,2025-09-13,12,1,26240000.0,both
1699,622,2025-08-28,2025-09-14,2026-09-13,12,1,26024000.0,both
1700,623,2021-09-12,2021-09-24,2022-09-23,12,1,66396000.0,both
1701,623,2022-09-13,2022-09-24,2023-09-23,12,1,93586000.0,both
1702,623,2023-09-23,2023-09-24,2024-09-23,12,1,96749000.0,both
1703,623,2024-10-12,2024-10-24,2025-10-23,12,1,116680000.0,both
1704,623,2025-10-06,2025-10-24,2026-10-23,12,1,88671000.0,both
1705,624,2022-10-01,2022-10-12,2025-10-11,36,1,23198000.0,posting
1705,624,2022-10-01,2023-10-12,2025-10-11,36,2,23198000.0,posting
1705,624,2022-10-01,2024-10-12,2025-10-11,36,3,23198000.0,posting
1706,624,2025-11-05,2025-11-12,2027-11-11,24,1,27304000.0,posting
1706,624,2025-11-05,2026-11-12,2027-11-11,24,2,27304000.0,posting
1707,625,2018-01-30,2018-02-02,2021-02-01,36,1,78575000.0,both
1707,625,2018-01-30,2019-02-02,2021-02-01,36,2,78575000.0,both
1707,625,2018-01-30,2020-02-02,2021-02-01,36,3,78575000.0,both
1708,626,2021-04-26,2021-05-06,2022-05-05,12,1,20523000.0,diag
1709,626,2021-04-29,2021-05-11,2022-05-05,12,1,6657000.0,diag
1710,626,2022-04-28,2022-05-06,2023-05-05,12,1,26926000.0,diag
1711,626,2022-05-01,2022-05-11,2023-05-05,12,1,9043000.0,diag
1712,626,2023-05-05,2023-05-06,2024-05-05,12,1,24791000.0,diag
1713,626,2024-04-17,2024-05-06,2025-05-05,12,1,20214000.0,diag
1714,626,2025-04-27,2025-05-06,2026-05-05,12,1,25484000.0,diag
1715,626,2026-04-20,2026-05-06,2027-05-05,12,1,26202000.0,diag
1716,627,2023-09-25,2023-10-13,2024-10-12,12,1,32608000.0,posting
1717,628,2022-09-05,2022-09-13,2023-09-12,12,1,21039000.0,diag
1718,629,2021-11-13,2021-12-01,2022-11-30,12,1,37442000.0,diag
1719,630,2020-06-28,2020-07-05,2021-07-04,12,1,29077000.0,diag
1720,630,2021-06-24,2021-07-05,2022-07-04,12,1,18682000.0,diag
1721,631,2018-09-15,2018-09-17,2019-09-16,12,1,32896000.0,diag
1722,631,2019-09-16,2019-09-17,2021-09-16,24,1,26678000.0,diag
1722,631,2019-09-16,2020-09-17,2021-09-16,24,2,26678000.0,diag
1723,631,2021-09-05,2021-09-17,2022-09-16,12,1,42597000.0,diag
1724,632,2021-07-12,2021-07-25,2022-07-24,12,1,105335000.0,both
1725,632,2021-07-15,2021-07-30,2022-07-24,12,1,56109000.0,both
1726,633,2020-03-20,2020-04-01,2021-03-31,12,1,46423000.0,diag
1727,633,2020-03-23,2020-04-06,2021-03-31,12,1,15645000.0,diag
1728,633,2021-03-14,2021-04-01,2023-03-31,24,1,59693000.0,diag
1728,633,2021-03-14,2022-04-01,2023-03-31,24,2,59693000.0,diag
1729,633,2023-04-17,2023-04-20,2024-04-19,12,1,79621000.0,diag
1730,633,2024-04-22,2024-05-07,2025-05-06,12,1,65654000.0,diag
1731,633,2025-04-21,2025-05-07,2026-05-06,12,1,50514000.0,diag
1732,634,2018-12-22,2019-01-02,2021-01-01,24,1,54748000.0,diag
1732,634,2018-12-22,2020-01-02,2021-01-01,24,2,54748000.0,diag
1733,634,2021-01-21,2021-01-29,2022-01-28,12,1,41907000.0,diag
1734,634,2022-01-19,2022-01-29,2023-01-28,12,1,53462000.0,diag
1735,634,2023-01-16,2023-01-29,2024-01-28,12,1,28828000.0,diag
1736,634,2023-01-19,2023-02-03,2024-01-28,12,1,16640000.0,diag
1737,634,2024-01-20,2024-01-29,2025-01-28,12,1,42288000.0,diag
1738,635,2020-03-24,2020-03-27,2021-03-26,12,1,92988000.0,posting
1739,635,2020-03-27,2020-04-01,2021-03-26,12,1,44352000.0,posting
1740,635,2021-04-02,2021-04-04,2022-04-03,12,1,165119000.0,posting
1741,635,2022-05-03,2022-05-10,2024-05-09,24,1,76425000.0,posting
1741,635,2022-05-03,2023-05-10,2024-05-09,24,2,76425000.0,posting
1742,636,2023-10-31,2023-11-06,2024-11-05,12,1,34145000.0,diag
1743,636,2024-11-05,2024-11-06,2027-11-05,36,1,26912000.0,diag
1743,636,2024-11-05,2025-11-06,2027-11-05,36,2,26912000.0,diag
1743,636,2024-11-05,2026-11-06,2027-11-05,36,3,26912000.0,diag
1744,637,2020-11-12,2020-11-15,2021-11-14,12,1,84032000.0,both
1745,638,2021-02-20,2021-02-22,2022-02-21,12,1,38905000.0,posting
1746,638,2022-02-08,2022-02-22,2023-02-21,12,1,51150000.0,posting
1747,638,2023-02-27,2023-03-02,2024-03-01,12,1,49326000.0,posting
1748,638,2024-02-26,2024-03-04,2026-03-03,24,1,41758000.0,posting
1748,638,2024-02-26,2025-03-04,2026-03-03,24,2,41758000.0,posting
1749,639,2018-11-18,2018-12-03,2019-12-02,12,1,19385000.0,posting
1750,639,2019-12-22,2019-12-25,2020-12-24,12,1,17305000.0,posting
1751,639,2020-12-11,2020-12-25,2021-12-24,12,1,31634000.0,posting
1752,639,2021-12-31,2022-01-04,2023-01-03,12,1,14740000.0,posting
1753,639,2022-12-31,2023-01-04,2024-01-03,12,1,21383000.0,posting
1754,639,2024-01-11,2024-01-11,2027-01-10,36,1,37417000.0,posting
1754,639,2024-01-11,2025-01-11,2027-01-10,36,2,37417000.0,posting
1754,639,2024-01-11,2026-01-11,2027-01-10,36,3,37417000.0,posting
1755,640,2018-10-14,2018-11-02,2019-11-01,12,1,87299000.0,diag
1756,640,2019-10-27,2019-11-02,2021-11-01,24,1,53995000.0,diag
1756,640,2019-10-27,2020-11-02,2021-11-01,24,2,53995000.0,diag
1757,640,2021-10-22,2021-11-02,2022-11-01,12,1,95153000.0,diag
1758,640,2022-10-14,2022-11-02,2023-11-01,12,1,74692000.0,diag
1759,641,2022-01-26,2022-02-09,2023-02-08,12,1,19030000.0,diag
1760,641,2023-02-09,2023-02-12,2024-02-11,12,1,21854000.0,diag
1761,642,2019-02-18,2019-02-23,2020-02-22,12,1,284095000.0,both
1762,642,2020-02-20,2020-02-23,2021-02-22,12,1,169181000.0,both
1763,642,2021-03-22,2021-03-31,2023-03-30,24,1,186563000.0,both
1763,642,2021-03-22,2022-03-31,2023-03-30,24,2,186563000.0,both
1764,643,2018-01-11,2018-01-24,2019-01-23,12,1,265680000.0,both
1765,644,2017-12-20,2018-01-01,2018-12-31,12,1,9042000.0,posting
1766,645,2023-09-05,2023-09-19,2024-09-18,12,1,51265000.0,diag
1767,646,2020-09-01,2020-09-18,2021-09-17,12,1,35990000.0,posting
1768,647,2023-02-10,2023-02-25,2025-02-24,24,1,59659000.0,both
1768,647,2023-02-10,2024-02-25,2025-02-24,24,2,59659000.0,both
1769,647,2023-02-13,2023-03-02,2025-02-24,24,1,20188000.0,both
1770,647,2025-02-21,2025-03-11,2026-03-10,12,1,90973000.0,both
1771,647,2026-03-11,2026-03-29,2027-03-28,12,1,121462000.0,both
1772,648,2022-05-21,2022-06-01,2023-05-31,12,1,30119000.0,posting
1773,649,2022-09-03,2022-09-16,2023-09-15,12,1,6269000.0,posting
1774,650,2021-02-26,2021-03-15,2023-03-14,24,1,26893000.0,diag
1774,650,2021-02-26,2022-03-15,2023-03-14,24,2,26893000.0,diag
1775,651,2022-03-24,2022-04-04,2023-04-03,12,1,73493000.0,diag
1776,651,2023-05-01,2023-05-03,2026-05-02,36,1,149619000.0,diag
1776,651,2023-05-01,2024-05-03,2026-05-02,36,2,149619000.0,diag
1776,651,2023-05-01,2025-05-03,2026-05-02,36,3,149619000.0,diag
1777,651,2023-05-04,2023-05-08,2026-05-02,36,1,21564000.0,diag
1778,651,2026-04-26,2026-05-03,2027-05-02,12,1,62122000.0,diag
1779,652,2020-03-12,2020-03-23,2021-03-22,12,1,43749000.0,both
1780,652,2021-03-13,2021-03-23,2022-03-22,12,1,50759000.0,both
1781,652,2021-03-16,2021-03-28,2022-03-22,12,1,33527000.0,both
1782,652,2022-04-15,2022-04-26,2023-04-25,12,1,65233000.0,both
1783,652,2023-04-24,2023-04-26,2024-04-25,12,1,100852000.0,both
1784,653,2020-08-19,2020-09-03,2022-09-02,24,1,156673000.0,posting
1784,653,2020-08-19,2021-09-03,2022-09-02,24,2,156673000.0,posting
1785,653,2022-08-19,2022-09-03,2023-09-02,12,1,114018000.0,posting
1786,653,2023-08-15,2023-09-03,2024-09-02,12,1,69734000.0,posting
1787,653,2024-08-25,2024-09-03,2025-09-02,12,1,75506000.0,posting
1788,653,2025-09-02,2025-09-03,2026-09-02,12,1,141845000.0,posting
1789,654,2022-12-11,2022-12-22,2023-12-21,12,1,45954000.0,both
1790,654,2023-12-16,2023-12-22,2024-12-21,12,1,53459000.0,both
1791,654,2024-12-17,2024-12-22,2025-12-21,12,1,45445000.0,both
1792,654,2024-12-20,2024-12-27,2025-12-21,12,1,10600000.0,both
1793,654,2025-12-17,2025-12-22,2026-12-21,12,1,46981000.0,both
1794,655,2023-11-06,2023-11-07,2025-11-06,24,1,115691000.0,diag
1794,655,2023-11-06,2024-11-07,2025-11-06,24,2,115691000.0,diag
1795,655,2025-10-27,2025-11-07,2026-11-06,12,1,89208000.0,diag
1796,656,2023-10-11,2023-10-20,2024-10-19,12,1,42097000.0,diag
1797,656,2024-10-06,2024-10-20,2025-10-19,12,1,32288000.0,diag
1798,656,2025-10-20,2025-10-20,2026-10-19,12,1,40975000.0,diag
1799,657,2022-09-25,2022-10-11,2023-10-10,12,1,27511000.0,diag
1800,657,2023-09-23,2023-10-11,2024-10-10,12,1,13836000.0,diag
1801,657,2024-10-27,2024-10-29,2025-10-28,12,1,22268000.0,diag
1802,657,2025-10-15,2025-10-29,2027-10-28,24,1,24911000.0,diag
1802,657,2025-10-15,2026-10-29,2027-10-28,24,2,24911000.0,diag
1803,658,2022-05-14,2022-05-23,2023-05-22,12,1,93184000.0,diag
1804,658,2023-05-13,2023-05-23,2024-05-22,12,1,44493000.0,diag
1805,659,2022-05-01,2022-05-19,2024-05-18,24,1,109411000.0,diag
1805,659,2022-05-01,2023-05-19,2024-05-18,24,2,109411000.0,diag
1806,660,2019-12-07,2019-12-13,2020-12-12,12,1,44608000.0,posting
1807,660,2021-01-08,2021-01-16,2022-01-15,12,1,49224000.0,posting
1808,660,2022-01-12,2022-01-16,2023-01-15,12,1,72086000.0,posting
1809,660,2022-01-15,2022-01-21,2023-01-15,12,1,23112000.0,posting
1810,660,2022-12-28,2023-01-16,2024-01-15,12,1,49019000.0,posting
1811,660,2023-12-30,2024-01-16,2025-01-15,12,1,59637000.0,posting
1812,660,2025-01-10,2025-01-16,2026-01-15,12,1,45109000.0,posting
1813,660,2026-01-16,2026-01-16,2027-01-15,12,1,51954000.0,posting
1814,661,2023-01-18,2023-01-21,2024-01-20,12,1,82919000.0,both
1815,661,2024-01-02,2024-01-21,2025-01-20,12,1,113086000.0,both
1816,661,2025-01-11,2025-01-21,2026-01-20,12,1,74762000.0,both
1817,661,2026-02-09,2026-02-23,2028-02-22,24,1,62721000.0,both
1817,661,2026-02-09,2027-02-23,2028-02-22,24,2,62721000.0,both
1818,662,2019-03-15,2019-04-02,2021-04-01,24,1,70910000.0,posting
1818,662,2019-03-15,2020-04-02,2021-04-01,24,2,70910000.0,posting
1819,662,2021-04-23,2021-05-06,2022-05-05,12,1,44536000.0,posting
1820,663,2020-09-08,2020-09-16,2021-09-15,12,1,14070000.0,posting
1821,664,2021-03-08,2021-03-24,2022-03-23,12,1,199222000.0,both
1822,664,2022-03-06,2022-03-24,2023-03-23,12,1,177791000.0,both
1823,665,2015-05-15,2015-05-21,2016-05-20,12,1,103286000.0,diag
1824,665,2015-05-18,2015-05-26,2016-05-20,12,1,29772000.0,diag
1825,665,2016-05-19,2016-05-21,2017-05-20,12,1,95407000.0,diag
1826,665,2017-05-15,2017-05-21,2018-05-20,12,1,67975000.0,diag
1827,665,2018-06-16,2018-06-17,2021-06-16,36,1,78682000.0,diag
1827,665,2018-06-16,2019-06-17,2021-06-16,36,2,78682000.0,diag
1827,665,2018-06-16,2020-06-17,2021-06-16,36,3,78682000.0,diag
1828,665,2021-06-01,2021-06-17,2022-06-16,12,1,117935000.0,diag
1829,666,2022-06-16,2022-06-17,2025-06-16,36,1,77659000.0,both
1829,666,2022-06-16,2023-06-17,2025-06-16,36,2,77659000.0,both
1829,666,2022-06-16,2024-06-17,2025-06-16,36,3,77659000.0,both
1830,666,2025-06-09,2025-06-17,2026-06-16,12,1,158108000.0,both
1831,666,2026-06-14,2026-06-17,2027-06-16,12,1,220054000.0,both
1832,667,2022-08-28,2022-09-11,2023-09-10,12,1,93834000.0,both
1833,667,2023-08-31,2023-09-11,2024-09-10,12,1,75872000.0,both
1834,668,2019-06-27,2019-07-04,2020-07-03,12,1,53285000.0,diag
1835,668,2020-06-23,2020-07-04,2021-07-03,12,1,49617000.0,diag
1836,668,2021-06-26,2021-07-04,2022-07-03,12,1,37209000.0,diag
1837,669,2019-03-31,2019-04-03,2020-04-02,12,1,24875000.0,diag
1838,670,2021-09-11,2021-09-14,2022-09-13,12,1,105770000.0,diag
1839,670,2022-08-28,2022-09-14,2023-09-13,12,1,93850000.0,diag
1840,670,2023-08-28,2023-09-14,2024-09-13,12,1,93888000.0,diag
1841,670,2024-09-12,2024-09-14,2025-09-13,12,1,46653000.0,diag
1842,670,2025-09-05,2025-09-14,2026-09-13,12,1,55108000.0,diag
1843,671,2022-05-11,2022-05-15,2023-05-14,12,1,75744000.0,both
1844,672,2022-09-10,2022-09-18,2024-09-17,24,1,25101000.0,both
1844,672,2022-09-10,2023-09-18,2024-09-17,24,2,25101000.0,both
1845,672,2024-09-08,2024-09-18,2025-09-17,12,1,62376000.0,both
1846,672,2025-09-15,2025-09-18,2026-09-17,12,1,31819000.0,both
1847,673,2022-12-06,2022-12-10,2024-12-09,24,1,29220000.0,diag
1847,673,2022-12-06,2023-12-10,2024-12-09,24,2,29220000.0,diag
1848,673,2024-11-23,2024-12-10,2025-12-09,12,1,39513000.0,diag
1849,674,2020-06-29,2020-07-05,2021-07-04,12,1,100054000.0,both
1850,674,2021-07-16,2021-08-01,2023-07-31,24,1,98438000.0,both
1850,674,2021-07-16,2022-08-01,2023-07-31,24,2,98438000.0,both
1851,675,2019-05-04,2019-05-12,2021-05-11,24,1,36137000.0,both
1851,675,2019-05-04,2020-05-12,2021-05-11,24,2,36137000.0,both
1852,675,2021-06-13,2021-06-14,2022-06-13,12,1,50324000.0,both
1853,676,2021-07-07,2021-07-20,2022-07-19,12,1,103013000.0,both
1854,676,2022-07-06,2022-07-20,2023-07-19,12,1,111869000.0,both
1855,677,2023-08-25,2023-08-25,2026-08-24,36,1,190036000.0,both
1855,677,2023-08-25,2024-08-25,2026-08-24,36,2,190036000.0,both
1855,677,2023-08-25,2025-08-25,2026-08-24,36,3,190036000.0,both
1856,678,2020-04-05,2020-04-15,2022-04-14,24,1,88989000.0,posting
1856,678,2020-04-05,2021-04-15,2022-04-14,24,2,88989000.0,posting
1857,678,2022-03-29,2022-04-15,2023-04-14,12,1,113494000.0,posting
1858,678,2023-04-15,2023-04-15,2024-04-14,12,1,189697000.0,posting
1859,679,2023-08-06,2023-08-19,2024-08-18,12,1,45195000.0,diag
1860,680,2020-06-12,2020-06-20,2021-06-19,12,1,18234000.0,diag
1861,681,2021-07-26,2021-08-05,2022-08-04,12,1,44453000.0,diag
1862,681,2022-08-07,2022-08-23,2023-08-22,12,1,65444000.0,diag
1863,682,2022-07-10,2022-07-10,2023-07-09,12,1,20422000.0,diag
1864,682,2023-07-07,2023-07-10,2024-07-09,12,1,19994000.0,diag
1865,682,2024-06-29,2024-07-10,2025-07-09,12,1,16569000.0,diag
1866,683,2019-12-11,2019-12-12,2020-12-11,12,1,49191000.0,posting
1867,683,2019-12-14,2019-12-17,2020-12-11,12,1,12201000.0,posting
1868,684,2023-06-14,2023-07-02,2024-07-01,12,1,59966000.0,both
1869,684,2023-06-17,2023-07-07,2024-07-01,12,1,17195000.0,both
1870,684,2024-06-30,2024-07-02,2025-07-01,12,1,45830000.0,both
1871,684,2025-06-24,2025-07-06,2026-07-05,12,1,42464000.0,both
1872,685,2020-05-01,2020-05-12,2023-05-11,36,1,53719000.0,diag
1872,685,2020-05-01,2021-05-12,2023-05-11,36,2,53719000.0,diag
1872,685,2020-05-01,2022-05-12,2023-05-11,36,3,53719000.0,diag
1873,685,2023-05-14,2023-05-15,2024-05-14,12,1,38672000.0,diag
1874,685,2024-05-15,2024-05-15,2025-05-14,12,1,35332000.0,diag
1875,685,2024-05-18,2024-05-20,2025-05-14,12,1,17727000.0,diag
1876,685,2025-05-14,2025-05-15,2028-05-14,36,1,37888000.0,diag
1876,685,2025-05-14,2026-05-15,2028-05-14,36,2,37888000.0,diag
1876,685,2025-05-14,2027-05-15,2028-05-14,36,3,37888000.0,diag
1877,686,2018-01-02,2018-01-05,2019-01-04,12,1,36267000.0,posting
1878,686,2019-01-14,2019-01-15,2022-01-14,36,1,46250000.0,posting
1878,686,2019-01-14,2020-01-15,2022-01-14,36,2,46250000.0,posting
1878,686,2019-01-14,2021-01-15,2022-01-14,36,3,46250000.0,posting
1879,686,2022-01-06,2022-01-15,2023-01-14,12,1,36052000.0,posting
1880,686,2023-01-06,2023-01-15,2025-01-14,24,1,51607000.0,posting
1880,686,2023-01-06,2024-01-15,2025-01-14,24,2,51607000.0,posting
1881,687,2018-12-29,2019-01-07,2021-01-06,24,1,57442000.0,posting
1881,687,2018-12-29,2020-01-07,2021-01-06,24,2,57442000.0,posting
1882,687,2021-01-03,2021-01-07,2022-01-06,12,1,85267000.0,posting
1883,687,2022-01-02,2022-01-07,2023-01-06,12,1,93404000.0,posting
1884,687,2023-01-03,2023-01-07,2024-01-06,12,1,96106000.0,posting
1885,687,2023-12-27,2024-01-07,2025-01-06,12,1,54247000.0,posting
1886,687,2023-12-30,2024-01-12,2025-01-06,12,1,28387000.0,posting
1887,687,2025-01-05,2025-01-07,2026-01-06,12,1,57353000.0,posting
1888,687,2025-12-21,2026-01-07,2028-01-06,24,1,54983000.0,posting
1888,687,2025-12-21,2027-01-07,2028-01-06,24,2,54983000.0,posting
1889,687,2025-12-24,2026-01-12,2028-01-06,24,1,16696000.0,posting
1890,688,2018-06-12,2018-06-27,2019-06-26,12,1,48958000.0,diag
1891,689,2018-03-10,2018-03-17,2019-03-16,12,1,33190000.0,posting
1892,689,2019-03-19,2019-03-22,2020-03-21,12,1,24100000.0,posting
1893,690,2022-10-30,2022-11-15,2023-11-14,12,1,116283000.0,posting
1894,690,2023-10-27,2023-11-15,2024-11-14,12,1,51762000.0,posting
1895,691,2020-07-01,2020-07-03,2021-07-02,12,1,102142000.0,both
1896,692,2021-11-07,2021-11-26,2022-11-25,12,1,65264000.0,diag
1897,692,2022-12-20,2023-01-06,2024-01-05,12,1,105853000.0,diag
1898,693,2023-01-04,2023-01-15,2024-01-14,12,1,37412000.0,diag
1899,693,2023-12-28,2024-01-15,2025-01-14,12,1,22621000.0,diag
1900,693,2024-12-27,2025-01-15,2026-01-14,12,1,31646000.0,diag
1901,693,2026-01-13,2026-01-15,2027-01-14,12,1,46716000.0,diag
1902,694,2020-02-29,2020-03-14,2021-03-13,12,1,41737000.0,posting
1903,694,2020-03-03,2020-03-19,2021-03-13,12,1,12285000.0,posting
1904,695,2020-02-08,2020-02-10,2021-02-09,12,1,25435000.0,diag
1905,696,2019-09-01,2019-09-06,2020-09-05,12,1,99666000.0,both
1906,697,2021-08-05,2021-08-21,2022-08-20,12,1,34129000.0,both
1907,698,2022-06-25,2022-07-12,2023-07-11,12,1,76936000.0,both
1908,698,2023-06-30,2023-07-12,2024-07-11,12,1,67349000.0,both
1909,698,2024-07-10,2024-07-12,2025-07-11,12,1,70715000.0,both
1910,698,2024-07-13,2024-07-17,2025-07-11,12,1,22697000.0,both
1911,698,2025-07-08,2025-07-12,2026-07-11,12,1,50268000.0,both
1912,699,2023-02-09,2023-02-23,2024-02-22,12,1,87671000.0,diag
1913,699,2023-02-12,2023-02-28,2024-02-22,12,1,15313000.0,diag
1914,700,2021-04-27,2021-05-07,2022-05-06,12,1,62288000.0,both
1915,700,2022-05-03,2022-05-07,2023-05-06,12,1,50571000.0,both
1916,700,2023-05-03,2023-05-07,2024-05-06,12,1,49609000.0,both
1917,700,2024-04-29,2024-05-07,2025-05-06,12,1,66160000.0,both
1918,700,2025-05-03,2025-05-16,2026-05-15,12,1,113049000.0,both
1919,700,2025-05-06,2025-05-21,2026-05-15,12,1,8427000.0,both
1920,700,2026-05-11,2026-05-16,2027-05-15,12,1,72442000.0,both
1921,701,2022-08-22,2022-08-27,2023-08-26,12,1,101926000.0,posting
1922,702,2023-04-24,2023-05-12,2024-05-11,12,1,111831000.0,both
1923,702,2023-04-27,2023-05-17,2024-05-11,12,1,25339000.0,both
1924,702,2024-04-25,2024-05-12,2025-05-11,12,1,129748000.0,both
1925,703,2023-07-16,2023-07-17,2024-07-16,12,1,10388000.0,posting
1926,704,2021-10-22,2021-10-23,2022-10-22,12,1,34511000.0,diag
1927,705,2018-12-25,2019-01-04,2020-01-03,12,1,139027000.0,both
1928,706,2019-12-22,2020-01-06,2021-01-05,12,1,25446000.0,both
1929,706,2019-12-25,2020-01-11,2021-01-05,12,1,6169000.0,both
1930,707,2015-11-19,2015-12-04,2016-12-03,12,1,73084000.0,both
1931,708,2022-12-03,2022-12-19,2023-12-18,12,1,37019000.0,diag
1932,709,2022-08-31,2022-09-13,2023-09-12,12,1,29195000.0,diag
1933,709,2023-08-31,2023-09-13,2026-09-12,36,1,61829000.0,diag
1933,709,2023-08-31,2024-09-13,2026-09-12,36,2,61829000.0,diag
1933,709,2023-08-31,2025-09-13,2026-09-12,36,3,61829000.0,diag
1934,710,2018-12-30,2019-01-01,2021-12-31,36,1,136746000.0,posting
1934,710,2018-12-30,2020-01-01,2021-12-31,36,2,136746000.0,posting
1934,710,2018-12-30,2021-01-01,2021-12-31,36,3,136746000.0,posting
1935,711,2021-12-04,2021-12-12,2022-12-11,12,1,25681000.0,posting
1936,712,2019-11-01,2019-11-04,2020-11-03,12,1,36213000.0,posting
1937,712,2020-10-24,2020-11-04,2022-11-03,24,1,32137000.0,posting
1937,712,2020-10-24,2021-11-04,2022-11-03,24,2,32137000.0,posting
1938,713,2022-09-05,2022-09-24,2023-09-23,12,1,59839000.0,diag
1939,713,2022-09-08,2022-09-29,2023-09-23,12,1,10928000.0,diag
1940,713,2023-09-21,2023-09-24,2024-09-23,12,1,56107000.0,diag
1941,713,2024-09-22,2024-09-24,2027-09-23,36,1,64134000.0,diag
1941,713,2024-09-22,2025-09-24,2027-09-23,36,2,64134000.0,diag
1941,713,2024-09-22,2026-09-24,2027-09-23,36,3,64134000.0,diag
1942,714,2021-02-22,2021-03-03,2023-03-02,24,1,87854000.0,both
1942,714,2021-02-22,2022-03-03,2023-03-02,24,2,87854000.0,both
1943,714,2021-02-25,2021-03-08,2023-03-02,24,1,14916000.0,both
1944,715,2020-04-05,2020-04-21,2021-04-20,12,1,23125000.0,posting
1945,715,2021-04-28,2021-04-30,2024-04-29,36,1,16837000.0,posting
1945,715,2021-04-28,2022-04-30,2024-04-29,36,2,16837000.0,posting
1945,715,2021-04-28,2023-04-30,2024-04-29,36,3,16837000.0,posting
1946,715,2021-05-01,2021-05-05,2024-04-29,36,1,9829000.0,posting
1947,715,2024-04-12,2024-04-30,2025-04-29,12,1,31165000.0,posting
1948,715,2025-05-21,2025-05-23,2026-05-22,12,1,31022000.0,posting
1949,715,2026-05-14,2026-05-27,2027-05-26,12,1,17600000.0,posting
1950,716,2023-05-09,2023-05-10,2024-05-09,12,1,49083000.0,diag
1951,717,2023-10-24,2023-10-26,2024-10-25,12,1,32213000.0,diag
1952,717,2024-10-19,2024-10-26,2025-10-25,12,1,28955000.0,diag
1953,717,2025-10-09,2025-10-26,2026-10-25,12,1,32456000.0,diag
1954,718,2022-10-04,2022-10-07,2023-10-06,12,1,75829000.0,both
1955,718,2023-09-18,2023-10-07,2024-10-06,12,1,97955000.0,both
1956,718,2024-09-30,2024-10-07,2025-10-06,12,1,57387000.0,both
1957,718,2025-09-19,2025-10-07,2026-10-06,12,1,55173000.0,both
1958,719,2021-02-13,2021-02-25,2024-02-24,36,1,49595000.0,diag
1958,719,2021-02-13,2022-02-25,2024-02-24,36,2,49595000.0,diag
1958,719,2021-02-13,2023-02-25,2024-02-24,36,3,49595000.0,diag
1959,720,2021-04-15,2021-04-16,2024-04-15,36,1,19256000.0,diag
1959,720,2021-04-15,2022-04-16,2024-04-15,36,2,19256000.0,diag
1959,720,2021-04-15,2023-04-16,2024-04-15,36,3,19256000.0,diag
1960,721,2023-01-12,2023-01-17,2024-01-16,12,1,62775000.0,both
1961,721,2024-01-09,2024-01-17,2025-01-16,12,1,106440000.0,both
1962,721,2025-01-03,2025-01-17,2026-01-16,12,1,81687000.0,both
1963,721,2026-01-02,2026-01-17,2027-01-16,12,1,79476000.0,both
1964,722,2021-12-28,2022-01-15,2023-01-14,12,1,20250000.0,diag
1965,722,2021-12-31,2022-01-20,2023-01-14,12,1,2625000.0,diag
1966,723,2021-06-22,2021-07-03,2023-07-02,24,1,11406000.0,diag
1966,723,2021-06-22,2022-07-03,2023-07-02,24,2,11406000.0,diag
1967,724,2018-08-20,2018-09-03,2019-09-02,12,1,120052000.0,posting
1968,725,2019-06-27,2019-07-01,2020-06-30,12,1,93825000.0,both
1969,725,2020-06-12,2020-07-01,2021-06-30,12,1,54309000.0,both
1970,725,2021-06-21,2021-07-01,2022-06-30,12,1,77910000.0,both
1971,726,2022-09-20,2022-09-21,2023-09-20,12,1,72597000.0,both
1972,726,2023-09-09,2023-09-21,2024-09-20,12,1,45853000.0,both
1973,727,2018-10-21,2018-10-25,2019-10-24,12,1,16115000.0,diag
1974,728,2021-01-03,2021-01-12,2022-01-11,12,1,44161000.0,posting
1975,728,2022-01-12,2022-01-12,2023-01-11,12,1,23205000.0,posting
1976,729,2021-06-24,2021-07-08,2023-07-07,24,1,270742000.0,both
1976,729,2021-06-24,2022-07-08,2023-07-07,24,2,270742000.0,both
1977,730,2023-07-02,2023-07-15,2024-07-14,12,1,69277000.0,diag
1978,730,2024-06-27,2024-07-15,2025-07-14,12,1,35217000.0,diag
1979,730,2025-07-11,2025-07-15,2026-07-14,12,1,52531000.0,diag
1980,731,2023-01-05,2023-01-22,2024-01-21,12,1,47283000.0,posting
1981,731,2024-02-03,2024-02-19,2027-02-18,36,1,81830000.0,posting
1981,731,2024-02-03,2025-02-19,2027-02-18,36,2,81830000.0,posting
1981,731,2024-02-03,2026-02-19,2027-02-18,36,3,81830000.0,posting
1982,732,2023-08-13,2023-08-18,2026-08-17,36,1,60279000.0,both
1982,732,2023-08-13,2024-08-18,2026-08-17,36,2,60279000.0,both
1982,732,2023-08-13,2025-08-18,2026-08-17,36,3,60279000.0,both
1983,733,2018-02-05,2018-02-22,2020-02-21,24,1,93472000.0,both
1983,733,2018-02-05,2019-02-22,2020-02-21,24,2,93472000.0,both
1984,733,2020-03-08,2020-03-25,2021-03-24,12,1,58085000.0,both
1985,733,2021-03-13,2021-03-25,2022-03-24,12,1,153828000.0,both
1986,733,2022-03-07,2022-03-25,2023-03-24,12,1,102025000.0,both
1987,733,2023-03-23,2023-03-25,2024-03-24,12,1,67551000.0,both
1988,733,2024-03-21,2024-03-25,2025-03-24,12,1,152908000.0,both
1989,733,2025-03-17,2025-03-25,2026-03-24,12,1,96043000.0,both
1990,734,2020-12-14,2020-12-15,2021-12-14,12,1,81383000.0,both
1991,734,2021-12-09,2021-12-15,2022-12-14,12,1,41189000.0,both
1992,734,2023-01-05,2023-01-12,2024-01-11,12,1,61731000.0,both
1993,734,2023-12-26,2024-01-12,2025-01-11,12,1,60090000.0,both
1994,734,2025-01-01,2025-01-12,2026-01-11,12,1,56929000.0,both
1995,734,2026-01-09,2026-01-12,2027-01-11,12,1,75808000.0,both
1996,735,2020-02-20,2020-03-06,2021-03-05,12,1,28266000.0,both
1997,736,2021-09-29,2021-10-14,2022-10-13,12,1,18866000.0,diag
1998,737,2018-03-09,2018-03-20,2019-03-19,12,1,50176000.0,diag
1999,738,2022-10-23,2022-10-25,2023-10-24,12,1,29403000.0,diag
2000,738,2023-10-16,2023-10-25,2024-10-24,12,1,44327000.0,diag
2001,738,2024-10-21,2024-10-25,2026-10-24,24,1,25496000.0,diag
2001,738,2024-10-21,2025-10-25,2026-10-24,24,2,25496000.0,diag
2002,739,2023-05-17,2023-06-03,2025-06-02,24,1,51763000.0,both
2002,739,2023-05-17,2024-06-03,2025-06-02,24,2,51763000.0,both
2003,739,2025-05-29,2025-06-03,2026-06-02,12,1,51627000.0,both
2004,739,2025-06-01,2025-06-08,2026-06-02,12,1,20151000.0,both
2005,739,2026-05-21,2026-06-03,2027-06-02,12,1,46320000.0,both
2006,739,2026-05-24,2026-06-08,2027-06-02,12,1,12500000.0,both
2007,740,2023-03-05,2023-03-10,2024-03-09,12,1,130570000.0,both
2008,741,2023-04-11,2023-04-26,2025-04-25,24,1,44716000.0,both
2008,741,2023-04-11,2024-04-26,2025-04-25,24,2,44716000.0,both
2009,741,2025-04-18,2025-04-26,2026-04-25,12,1,46168000.0,both
2010,742,2022-11-10,2022-11-21,2024-11-20,24,1,27623000.0,diag
2010,742,2022-11-10,2023-11-21,2024-11-20,24,2,27623000.0,diag
2011,742,2024-11-06,2024-11-21,2025-11-20,12,1,52410000.0,diag
2012,742,2025-11-13,2025-11-21,2026-11-20,12,1,17321000.0,diag
2013,743,2018-08-04,2018-08-22,2019-08-21,12,1,161173000.0,both
2014,743,2018-08-07,2018-08-27,2019-08-21,12,1,24760000.0,both
2015,743,2019-08-19,2019-08-26,2021-08-25,24,1,102200000.0,both
2015,743,2019-08-19,2020-08-26,2021-08-25,24,2,102200000.0,both
2016,743,2021-08-12,2021-08-26,2022-08-25,12,1,100734000.0,both
2017,744,2023-08-28,2023-09-08,2024-09-07,12,1,27658000.0,both
2018,745,2021-07-16,2021-07-27,2022-07-26,12,1,41361000.0,diag
2019,746,2022-10-07,2022-10-25,2023-10-24,12,1,24492000.0,both
2020,746,2023-10-25,2023-10-25,2024-10-24,12,1,23328000.0,both
2021,747,2021-09-21,2021-10-02,2022-10-01,12,1,27646000.0,posting
2022,747,2021-09-24,2021-10-07,2022-10-01,12,1,5544000.0,posting
2023,748,2015-06-25,2015-07-12,2016-07-11,12,1,39545000.0,both
2024,749,2023-01-28,2023-02-01,2025-01-31,24,1,205288000.0,both
2024,749,2023-01-28,2024-02-01,2025-01-31,24,2,205288000.0,both
2025,749,2025-02-16,2025-02-19,2027-02-18,24,1,263012000.0,both
2025,749,2025-02-16,2026-02-19,2027-02-18,24,2,263012000.0,both
2026,750,2023-10-23,2023-11-09,2024-11-08,12,1,47636000.0,diag
2027,751,2019-07-08,2019-07-18,2020-07-17,12,1,50358000.0,posting
2028,752,2015-04-21,2015-05-03,2017-05-02,24,1,70992000.0,both
2028,752,2015-04-21,2016-05-03,2017-05-02,24,2,70992000.0,both
2029,753,2019-11-10,2019-11-12,2020-11-11,12,1,55073000.0,both
2030,754,2021-02-26,2021-03-04,2022-03-03,12,1,34209000.0,posting
2031,754,2022-03-04,2022-03-04,2023-03-03,12,1,29369000.0,posting
2032,754,2023-02-23,2023-03-04,2024-03-03,12,1,84701000.0,posting
2033,754,2024-03-04,2024-03-04,2025-03-03,12,1,57990000.0,posting
2034,754,2025-03-28,2025-03-29,2027-03-28,24,1,26852000.0,posting
2034,754,2025-03-28,2026-03-29,2027-03-28,24,2,26852000.0,posting
2035,755,2020-02-26,2020-03-07,2021-03-06,12,1,61249000.0,diag
2036,756,2018-12-03,2018-12-18,2019-12-17,12,1,162321000.0,diag
2037,756,2019-12-02,2019-12-18,2021-12-17,24,1,96994000.0,diag
2037,756,2019-12-02,2020-12-18,2021-12-17,24,2,96994000.0,diag
2038,756,2021-12-09,2021-12-18,2022-12-17,12,1,90423000.0,diag
2039,756,2022-12-09,2022-12-18,2023-12-17,12,1,105510000.0,diag
2040,757,2023-12-04,2023-12-18,2024-12-17,12,1,39144000.0,posting
2041,758,2020-12-03,2020-12-16,2021-12-15,12,1,198652000.0,diag
2042,758,2021-12-12,2021-12-16,2022-12-15,12,1,137665000.0,diag
2043,758,2021-12-15,2021-12-21,2022-12-15,12,1,40262000.0,diag
2044,759,2020-01-28,2020-02-14,2021-02-13,12,1,25862000.0,both
2045,760,2021-07-19,2021-07-22,2022-07-21,12,1,75055000.0,posting
2046,760,2022-07-19,2022-07-22,2023-07-21,12,1,35730000.0,posting
2047,760,2023-07-20,2023-07-22,2024-07-21,12,1,69231000.0,posting
2048,760,2024-07-20,2024-07-22,2025-07-21,12,1,66139000.0,posting
2049,760,2025-07-05,2025-07-22,2026-07-21,12,1,42405000.0,posting
2050,761,2022-10-14,2022-10-21,2023-10-20,12,1,31958000.0,posting
2051,762,2022-04-03,2022-04-22,2023-04-21,12,1,50671000.0,diag
2052,762,2023-05-20,2023-06-04,2024-06-03,12,1,58594000.0,diag
2053,762,2024-05-17,2024-06-04,2025-06-03,12,1,45676000.0,diag
2054,762,2025-05-26,2025-06-04,2026-06-03,12,1,68637000.0,diag
2055,762,2026-05-26,2026-06-04,2027-06-03,12,1,96960000.0,diag
2056,763,2020-03-07,2020-03-22,2021-03-21,12,1,29155000.0,posting
2057,764,2022-03-01,2022-03-17,2023-03-16,12,1,57012000.0,both
2058,764,2023-03-11,2023-03-17,2024-03-16,12,1,47224000.0,both
2059,764,2024-03-11,2024-03-17,2025-03-16,12,1,46616000.0,both
2060,764,2025-03-06,2025-03-17,2026-03-16,12,1,75428000.0,both
2061,764,2025-03-09,2025-03-22,2026-03-16,12,1,6701000.0,both
2062,764,2026-03-31,2026-04-11,2027-04-10,12,1,47473000.0,both
2063,765,2023-03-24,2023-04-09,2024-04-08,12,1,51595000.0,both
2064,765,2024-03-21,2024-04-09,2025-04-08,12,1,103009000.0,both
2065,766,2021-05-07,2021-05-22,2023-05-21,24,1,27874000.0,diag
2065,766,2021-05-07,2022-05-22,2023-05-21,24,2,27874000.0,diag
2066,767,2019-03-23,2019-04-03,2021-04-02,24,1,128977000.0,posting
2066,767,2019-03-23,2020-04-03,2021-04-02,24,2,128977000.0,posting
2067,767,2021-03-17,2021-04-03,2022-04-02,12,1,138035000.0,posting
2068,767,2022-04-01,2022-04-03,2023-04-02,12,1,86443000.0,posting
2069,767,2023-03-29,2023-04-03,2026-04-02,36,1,260581000.0,posting
2069,767,2023-03-29,2024-04-03,2026-04-02,36,2,260581000.0,posting
2069,767,2023-03-29,2025-04-03,2026-04-02,36,3,260581000.0,posting
2070,768,2020-11-04,2020-11-04,2021-11-03,12,1,151723000.0,both
2071,769,2021-06-06,2021-06-16,2023-06-15,24,1,32839000.0,posting
2071,769,2021-06-06,2022-06-16,2023-06-15,24,2,32839000.0,posting
2072,769,2023-06-15,2023-06-16,2024-06-15,12,1,83786000.0,posting
2073,769,2024-06-16,2024-07-04,2027-07-03,36,1,54602000.0,posting
2073,769,2024-06-16,2025-07-04,2027-07-03,36,2,54602000.0,posting
2073,769,2024-06-16,2026-07-04,2027-07-03,36,3,54602000.0,posting
2074,770,2019-06-11,2019-06-21,2020-06-20,12,1,77623000.0,both
2075,770,2020-06-21,2020-06-21,2021-06-20,12,1,67482000.0,both
2076,771,2019-04-30,2019-05-18,2020-05-17,12,1,65081000.0,diag
2077,771,2020-05-05,2020-05-18,2021-05-17,12,1,46849000.0,diag
2078,771,2021-05-16,2021-05-19,2022-05-18,12,1,49910000.0,diag
2079,771,2022-06-18,2022-07-01,2023-06-30,12,1,51261000.0,diag
2080,772,2015-11-05,2015-11-10,2017-11-09,24,1,31302000.0,diag
2080,772,2015-11-05,2016-11-10,2017-11-09,24,2,31302000.0,diag
2081,772,2017-11-08,2017-11-10,2018-11-09,12,1,25810000.0,diag
2082,772,2018-11-23,2018-12-09,2019-12-08,12,1,43376000.0,diag
2083,772,2019-12-06,2019-12-09,2022-12-08,36,1,20284000.0,diag
2083,772,2019-12-06,2020-12-09,2022-12-08,36,2,20284000.0,diag
2083,772,2019-12-06,2021-12-09,2022-12-08,36,3,20284000.0,diag
2084,772,2022-11-29,2022-12-09,2024-12-08,24,1,59199000.0,diag
2084,772,2022-11-29,2023-12-09,2024-12-08,24,2,59199000.0,diag
2085,772,2024-12-07,2024-12-09,2025-12-08,12,1,42728000.0,diag
2086,772,2024-12-10,2024-12-14,2025-12-08,12,1,11210000.0,diag
2087,773,2018-02-28,2018-03-07,2019-03-06,12,1,38212000.0,diag
2088,774,2022-12-23,2023-01-01,2023-12-31,12,1,34601000.0,posting
2089,775,2020-06-07,2020-06-23,2021-06-22,12,1,16721000.0,posting
2090,776,2015-09-23,2015-10-09,2016-10-08,12,1,34130000.0,diag
2091,776,2016-10-09,2016-10-09,2017-10-08,12,1,47013000.0,diag
2092,776,2017-09-20,2017-10-09,2018-10-08,12,1,74523000.0,diag
2093,776,2018-09-23,2018-10-09,2019-10-08,12,1,31203000.0,diag
2094,776,2019-10-24,2019-11-06,2020-11-05,12,1,43621000.0,diag
2095,777,2023-01-30,2023-02-15,2025-02-14,24,1,96254000.0,diag
2095,777,2023-01-30,2024-02-15,2025-02-14,24,2,96254000.0,diag
2096,777,2025-02-15,2025-02-15,2026-02-14,12,1,136504000.0,diag
2097,777,2026-02-12,2026-02-15,2027-02-14,12,1,140274000.0,diag
2098,778,2019-09-11,2019-09-16,2021-09-15,24,1,82097000.0,both
2098,778,2019-09-11,2020-09-16,2021-09-15,24,2,82097000.0,both
2099,779,2018-03-28,2018-04-12,2019-04-11,12,1,67686000.0,posting
2100,780,2020-10-20,2020-10-26,2021-10-25,12,1,44265000.0,diag
2101,780,2021-10-14,2021-10-26,2023-10-25,24,1,84197000.0,diag
2101,780,2021-10-14,2022-10-26,2023-10-25,24,2,84197000.0,diag
2102,780,2023-11-19,2023-11-24,2024-11-23,12,1,53977000.0,diag
2103,781,2018-11-26,2018-12-06,2019-12-05,12,1,212930000.0,both
2104,781,2019-11-18,2019-12-06,2020-12-05,12,1,143396000.0,both
2105,781,2019-11-21,2019-12-11,2020-12-05,12,1,71424000.0,both
2106,781,2020-11-18,2020-12-06,2021-12-05,12,1,176016000.0,both
2107,781,2021-12-06,2021-12-06,2022-12-05,12,1,315839000.0,both
2108,781,2023-01-04,2023-01-17,2025-01-16,24,1,117071000.0,both
2108,781,2023-01-04,2024-01-17,2025-01-16,24,2,117071000.0,both
2109,782,2020-10-07,2020-10-23,2021-10-22,12,1,93179000.0,diag
2110,783,2018-08-25,2018-08-25,2019-08-24,12,1,70403000.0,both
2111,784,2021-02-16,2021-03-02,2022-03-01,12,1,52886000.0,both
2112,784,2022-02-22,2022-03-02,2023-03-01,12,1,76030000.0,both
2113,784,2023-02-13,2023-03-02,2024-03-01,12,1,38916000.0,both
2114,784,2024-02-26,2024-03-02,2025-03-01,12,1,31495000.0,both
2115,784,2025-03-25,2025-03-29,2026-03-28,12,1,37799000.0,both
2116,784,2026-03-12,2026-03-29,2027-03-28,12,1,39484000.0,both
2117,785,2022-10-18,2022-10-25,2023-10-24,12,1,66609000.0,posting
2118,785,2023-10-22,2023-10-25,2024-10-24,12,1,47065000.0,posting
2119,785,2024-10-31,2024-11-17,2025-11-16,12,1,138044000.0,posting
2120,785,2025-11-02,2025-11-17,2026-11-16,12,1,47904000.0,posting
2121,785,2025-11-05,2025-11-22,2026-11-16,12,1,23963000.0,posting
2122,786,2023-03-10,2023-03-16,2025-03-15,24,1,34370000.0,posting
2122,786,2023-03-10,2024-03-16,2025-03-15,24,2,34370000.0,posting
2123,786,2025-03-11,2025-03-16,2026-03-15,12,1,26398000.0,posting
2124,786,2026-03-03,2026-03-16,2028-03-15,24,1,49186000.0,posting
2124,786,2026-03-03,2027-03-16,2028-03-15,24,2,49186000.0,posting
2125,787,2023-02-25,2023-03-12,2024-03-11,12,1,74451000.0,diag
2126,788,2019-02-24,2019-03-14,2021-03-13,24,1,30600000.0,both
2126,788,2019-02-24,2020-03-14,2021-03-13,24,2,30600000.0,both
2127,788,2021-03-06,2021-03-14,2024-03-13,36,1,19915000.0,both
2127,788,2021-03-06,2022-03-14,2024-03-13,36,2,19915000.0,both
2127,788,2021-03-06,2023-03-14,2024-03-13,36,3,19915000.0,both
2128,789,2023-09-19,2023-09-25,2024-09-24,12,1,53643000.0,both
2129,789,2024-09-06,2024-09-25,2025-09-24,12,1,39037000.0,both
2130,789,2025-09-08,2025-09-25,2026-09-24,12,1,35812000.0,both
2131,790,2021-07-22,2021-08-03,2022-08-02,12,1,113574000.0,diag
2132,791,2023-06-07,2023-06-11,2024-06-10,12,1,75073000.0,diag
2133,792,2021-10-04,2021-10-14,2022-10-13,12,1,62782000.0,diag
2134,792,2022-10-13,2022-11-01,2024-10-31,24,1,90347000.0,diag
2134,792,2022-10-13,2023-11-01,2024-10-31,24,2,90347000.0,diag
2135,792,2024-11-02,2024-11-17,2025-11-16,12,1,71268000.0,diag
2136,793,2020-11-27,2020-12-14,2021-12-13,12,1,23715000.0,diag
2137,793,2020-11-30,2020-12-19,2021-12-13,12,1,8595000.0,diag
2138,794,2020-07-12,2020-07-27,2022-07-26,24,1,56659000.0,both
2138,794,2020-07-12,2021-07-27,2022-07-26,24,2,56659000.0,both
2139,794,2022-07-20,2022-07-27,2023-07-26,12,1,74134000.0,both
2140,794,2023-07-08,2023-07-27,2024-07-26,12,1,106901000.0,both
2141,794,2024-07-12,2024-07-27,2025-07-26,12,1,66978000.0,both
2142,794,2025-07-21,2025-07-27,2026-07-26,12,1,39772000.0,both
2143,795,2023-04-16,2023-04-16,2024-04-15,12,1,19014000.0,diag
2144,795,2024-03-28,2024-04-16,2025-04-15,12,1,25417000.0,diag
2145,796,2020-04-13,2020-04-25,2021-04-24,12,1,73532000.0,both
2146,796,2021-04-18,2021-04-25,2022-04-24,12,1,124606000.0,both
2147,796,2022-04-24,2022-04-25,2023-04-24,12,1,49926000.0,both
2148,796,2023-04-28,2023-04-29,2024-04-28,12,1,100083000.0,both
2149,797,2020-05-27,2020-06-09,2021-06-08,12,1,79246000.0,posting
2150,798,2021-04-02,2021-04-17,2022-04-16,12,1,65664000.0,both
2151,798,2022-05-27,2022-05-27,2024-05-26,24,1,54030000.0,both
2151,798,2022-05-27,2023-05-27,2024-05-26,24,2,54030000.0,both
2152,798,2024-06-03,2024-06-19,2025-06-18,12,1,99834000.0,both
2153,798,2025-06-03,2025-06-19,2026-06-18,12,1,61575000.0,both
2154,798,2026-06-12,2026-06-19,2029-06-18,36,1,73798000.0,both
2154,798,2026-06-12,2027-06-19,2029-06-18,36,2,73798000.0,both
2154,798,2026-06-12,2028-06-19,2029-06-18,36,3,73798000.0,both
2155,799,2019-11-15,2019-11-23,2020-11-22,12,1,43197000.0,diag
2156,799,2019-11-18,2019-11-28,2020-11-22,12,1,14759000.0,diag
2157,800,2023-05-31,2023-06-12,2024-06-11,12,1,21679000.0,diag
2158,800,2024-06-24,2024-07-10,2025-07-09,12,1,36242000.0,diag
2159,800,2025-07-09,2025-07-16,2026-07-15,12,1,44888000.0,diag
2160,801,2022-01-25,2022-02-03,2023-02-02,12,1,36259000.0,diag
2161,801,2022-01-28,2022-02-08,2023-02-02,12,1,4790000.0,diag
2162,802,2022-03-26,2022-04-11,2023-04-10,12,1,38916000.0,posting
2163,802,2023-04-09,2023-04-11,2024-04-10,12,1,28281000.0,posting
2164,803,2023-01-29,2023-02-15,2024-02-14,12,1,82101000.0,diag
2165,803,2024-03-15,2024-03-24,2025-03-23,12,1,53406000.0,diag
2166,803,2025-03-16,2025-03-24,2026-03-23,12,1,73029000.0,diag
2167,803,2026-05-05,2026-05-05,2027-05-04,12,1,75291000.0,diag
2168,804,2022-12-10,2022-12-16,2023-12-15,12,1,50467000.0,both
2169,804,2023-12-09,2023-12-16,2024-12-15,12,1,74601000.0,both
2170,804,2024-12-01,2024-12-16,2025-12-15,12,1,44021000.0,both
2171,804,2025-12-10,2025-12-21,2026-12-20,12,1,62182000.0,both
2172,805,2019-12-22,2020-01-10,2021-01-09,12,1,41282000.0,diag
2173,806,2023-09-11,2023-09-11,2024-09-10,12,1,55903000.0,posting
2174,806,2024-08-24,2024-09-11,2026-09-10,24,1,72229000.0,posting
2174,806,2024-08-24,2025-09-11,2026-09-10,24,2,72229000.0,posting
2175,807,2020-11-01,2020-11-08,2021-11-07,12,1,34080000.0,posting
2176,808,2022-08-07,2022-08-16,2023-08-15,12,1,30683000.0,diag
2177,808,2023-08-02,2023-08-16,2024-08-15,12,1,23293000.0,diag
2178,809,2022-02-05,2022-02-16,2023-02-15,12,1,34487000.0,both
2179,809,2023-02-09,2023-02-16,2024-02-15,12,1,41419000.0,both
2180,809,2024-01-28,2024-02-16,2025-02-15,12,1,26784000.0,both
2181,809,2025-02-16,2025-02-16,2026-02-15,12,1,31190000.0,both
2182,809,2026-02-09,2026-02-16,2028-02-15,24,1,20566000.0,both
2182,809,2026-02-09,2027-02-16,2028-02-15,24,2,20566000.0,both
2183,809,2026-02-12,2026-02-21,2028-02-15,24,1,6300000.0,both
2184,810,2021-10-26,2021-11-09,2022-11-08,12,1,63939000.0,both
2185,810,2021-10-29,2021-11-14,2022-11-08,12,1,18143000.0,both
2186,811,2021-09-09,2021-09-12,2023-09-11,24,1,60115000.0,both
2186,811,2021-09-09,2022-09-12,2023-09-11,24,2,60115000.0,both
2187,812,2015-08-05,2015-08-21,2018-08-20,36,1,89510000.0,posting
2187,812,2015-08-05,2016-08-21,2018-08-20,36,2,89510000.0,posting
2187,812,2015-08-05,2017-08-21,2018-08-20,36,3,89510000.0,posting
2188,813,2022-01-26,2022-02-04,2024-02-03,24,1,39911000.0,both
2188,813,2022-01-26,2023-02-04,2024-02-03,24,2,39911000.0,both
2189,813,2024-01-18,2024-02-04,2025-02-03,12,1,41075000.0,both
2190,814,2020-07-21,2020-08-02,2021-08-01,12,1,49103000.0,both
2191,815,2023-03-18,2023-03-27,2024-03-26,12,1,72604000.0,both
2192,815,2024-03-21,2024-03-27,2025-03-26,12,1,53211000.0,both
2193,815,2025-04-06,2025-04-15,2026-04-14,12,1,40053000.0,both
2194,815,2026-04-03,2026-04-15,2027-04-14,12,1,53184000.0,both
2195,816,2022-02-03,2022-02-03,2023-02-02,12,1,41578000.0,posting
2196,816,2023-02-03,2023-02-03,2024-02-02,12,1,33873000.0,posting
2197,817,2020-09-14,2020-09-20,2021-09-19,12,1,60416000.0,diag
2198,817,2020-09-17,2020-09-25,2021-09-19,12,1,29654000.0,diag
2199,817,2021-10-25,2021-11-03,2022-11-02,12,1,78045000.0,diag
2200,817,2022-10-29,2022-11-03,2023-11-02,12,1,61012000.0,diag
2201,817,2023-10-26,2023-11-03,2024-11-02,12,1,82405000.0,diag
2202,817,2024-12-17,2024-12-17,2025-12-16,12,1,42971000.0,diag
2203,817,2025-12-07,2025-12-17,2026-12-16,12,1,56966000.0,diag
2204,818,2021-12-22,2022-01-10,2023-01-09,12,1,35065000.0,posting
2205,818,2023-01-10,2023-01-10,2024-01-09,12,1,23044000.0,posting
2206,818,2023-12-27,2024-01-10,2027-01-09,36,1,32863000.0,posting
2206,818,2023-12-27,2025-01-10,2027-01-09,36,2,32863000.0,posting
2206,818,2023-12-27,2026-01-10,2027-01-09,36,3,32863000.0,posting
2207,818,2023-12-30,2024-01-15,2027-01-09,36,1,12434000.0,posting
2208,819,2015-10-10,2015-10-11,2016-10-10,12,1,51817000.0,posting
2209,819,2015-10-13,2015-10-16,2016-10-10,12,1,7111000.0,posting
2210,819,2016-10-07,2016-10-11,2017-10-10,12,1,32667000.0,posting
2211,820,2020-12-18,2020-12-20,2021-12-19,12,1,26633000.0,both
2212,820,2021-12-09,2021-12-20,2022-12-19,12,1,36732000.0,both
2213,820,2022-12-17,2022-12-20,2023-12-19,12,1,41615000.0,both
2214,820,2024-01-03,2024-01-22,2026-01-21,24,1,49973000.0,both
2214,820,2024-01-03,2025-01-22,2026-01-21,24,2,49973000.0,both
2215,820,2026-01-06,2026-01-22,2027-01-21,12,1,61516000.0,both
2216,821,2022-07-06,2022-07-19,2023-07-18,12,1,82416000.0,both
2217,821,2023-07-09,2023-07-19,2024-07-18,12,1,47810000.0,both
2218,821,2024-08-10,2024-08-19,2025-08-18,12,1,62834000.0,both
2219,822,2023-04-19,2023-05-03,2024-05-02,12,1,28646000.0,both
2220,823,2020-08-10,2020-08-18,2021-08-17,12,1,95588000.0,posting
2221,823,2021-08-11,2021-08-18,2022-08-17,12,1,79429000.0,posting
2222,823,2022-08-17,2022-08-18,2023-08-17,12,1,101603000.0,posting
2223,824,2020-06-25,2020-07-12,2022-07-11,24,1,24119000.0,both
2223,824,2020-06-25,2021-07-12,2022-07-11,24,2,24119000.0,both
2224,824,2022-08-10,2022-08-16,2023-08-15,12,1,43232000.0,both
2225,824,2022-08-13,2022-08-21,2023-08-15,12,1,8048000.0,both
2226,824,2023-08-01,2023-08-16,2024-08-15,12,1,31155000.0,both
2227,824,2023-08-04,2023-08-21,2024-08-15,12,1,7118000.0,both
2228,825,2022-09-04,2022-09-10,2025-09-09,36,1,32365000.0,posting
2228,825,2022-09-04,2023-09-10,2025-09-09,36,2,32365000.0,posting
2228,825,2022-09-04,2024-09-10,2025-09-09,36,3,32365000.0,posting
2229,826,2022-09-11,2022-09-16,2023-09-15,12,1,40766000.0,posting
2230,827,2020-01-13,2020-01-24,2021-01-23,12,1,11179000.0,posting
2231,827,2021-01-22,2021-01-24,2022-01-23,12,1,25016000.0,posting
2232,827,2022-01-26,2022-01-30,2023-01-29,12,1,17793000.0,posting
2233,827,2023-01-12,2023-01-30,2024-01-29,12,1,19967000.0,posting
2234,827,2024-01-21,2024-01-30,2025-01-29,12,1,23071000.0,posting
2235,828,2022-12-16,2022-12-24,2023-12-23,12,1,114279000.0,both
2236,828,2022-12-19,2022-12-29,2023-12-23,12,1,24862000.0,both
2237,828,2023-12-08,2023-12-24,2024-12-23,12,1,69881000.0,both
2238,829,2018-02-27,2018-03-12,2019-03-11,12,1,70866000.0,both
2239,830,2021-08-30,2021-09-18,2022-09-17,12,1,42275000.0,posting
2240,830,2021-09-02,2021-09-23,2022-09-17,12,1,12054000.0,posting
2241,830,2022-09-17,2022-09-18,2024-09-17,24,1,33354000.0,posting
2241,830,2022-09-17,2023-09-18,2024-09-17,24,2,33354000.0,posting
2242,830,2024-09-14,2024-09-18,2026-09-17,24,1,61398000.0,posting
2242,830,2024-09-14,2025-09-18,2026-09-17,24,2,61398000.0,posting
2243,831,2022-08-20,2022-09-04,2023-09-03,12,1,100059000.0,both
2244,831,2023-08-19,2023-09-04,2024-09-03,12,1,45473000.0,both
2245,832,2023-11-21,2023-11-21,2024-11-20,12,1,75001000.0,both
2246,832,2024-11-12,2024-11-21,2025-11-20,12,1,80813000.0,both
2247,832,2025-11-12,2025-11-21,2026-11-20,12,1,100092000.0,both
2248,833,2021-10-05,2021-10-19,2022-10-18,12,1,73096000.0,both
2249,833,2022-10-18,2022-10-19,2023-10-18,12,1,69860000.0,both
2250,833,2022-10-21,2022-10-24,2023-10-18,12,1,29126000.0,both
2251,833,2023-10-05,2023-10-19,2024-10-18,12,1,113286000.0,both
2252,833,2024-10-03,2024-10-19,2025-10-18,12,1,69011000.0,both
2253,833,2025-10-08,2025-10-19,2026-10-18,12,1,47418000.0,both
2254,834,2023-07-25,2023-08-11,2024-08-10,12,1,134792000.0,both
2255,834,2023-07-28,2023-08-16,2024-08-10,12,1,23029000.0,both
2256,834,2024-08-10,2024-08-11,2025-08-10,12,1,135813000.0,both
2257,834,2025-08-01,2025-08-11,2026-08-10,12,1,93644000.0,both
2258,835,2019-09-03,2019-09-16,2020-09-15,12,1,40631000.0,posting
2259,836,2022-03-09,2022-03-26,2023-03-25,12,1,58042000.0,diag
2260,836,2023-03-12,2023-03-26,2024-03-25,12,1,37226000.0,diag
2261,836,2024-03-27,2024-04-04,2025-04-03,12,1,33008000.0,diag
2262,836,2024-03-30,2024-04-09,2025-04-03,12,1,9191000.0,diag
2263,836,2025-04-04,2025-04-07,2026-04-06,12,1,49124000.0,diag
2264,837,2022-12-29,2023-01-13,2024-01-12,12,1,49669000.0,posting
2265,838,2020-11-30,2020-12-07,2021-12-06,12,1,30113000.0,posting
2266,839,2022-02-15,2022-03-01,2023-02-28,12,1,135348000.0,diag
2267,839,2023-02-21,2023-03-01,2024-02-29,12,1,146384000.0,diag
2268,839,2024-03-29,2024-03-30,2027-03-29,36,1,61683000.0,diag
2268,839,2024-03-29,2025-03-30,2027-03-29,36,2,61683000.0,diag
2268,839,2024-03-29,2026-03-30,2027-03-29,36,3,61683000.0,diag
2269,839,2024-04-01,2024-04-04,2027-03-29,36,1,17225000.0,diag
2270,840,2015-07-15,2015-07-26,2016-07-25,12,1,37708000.0,both
2271,840,2016-07-16,2016-07-26,2018-07-25,24,1,44470000.0,both
2271,840,2016-07-16,2017-07-26,2018-07-25,24,2,44470000.0,both
2272,840,2016-07-19,2016-07-31,2018-07-25,24,1,9428000.0,both
2273,840,2018-07-19,2018-07-26,2019-07-25,12,1,46865000.0,both
2274,840,2019-08-05,2019-08-13,2020-08-12,12,1,43658000.0,both
2275,840,2020-09-23,2020-09-25,2021-09-24,12,1,48701000.0,both
2276,841,2023-09-26,2023-10-15,2024-10-14,12,1,170292000.0,both
2277,841,2024-10-14,2024-10-15,2025-10-14,12,1,174598000.0,both
2278,842,2020-05-04,2020-05-05,2021-05-04,12,1,59752000.0,both
2279,843,2023-08-04,2023-08-19,2024-08-18,12,1,20114000.0,diag
2280,844,2021-05-09,2021-05-11,2023-05-10,24,1,100678000.0,both
2280,844,2021-05-09,2022-05-11,2023-05-10,24,2,100678000.0,both
2281,844,2023-05-20,2023-05-27,2024-05-26,12,1,106549000.0,both
2282,844,2024-05-18,2024-05-27,2025-05-26,12,1,78428000.0,both
2283,844,2025-05-22,2025-05-27,2028-05-26,36,1,104146000.0,both
2283,844,2025-05-22,2026-05-27,2028-05-26,36,2,104146000.0,both
2283,844,2025-05-22,2027-05-27,2028-05-26,36,3,104146000.0,both
2284,845,2019-09-23,2019-10-07,2020-10-06,12,1,73572000.0,both
2285,845,2019-09-26,2019-10-12,2020-10-06,12,1,11679000.0,both
2286,845,2020-10-06,2020-10-07,2021-10-06,12,1,53598000.0,both
2287,845,2021-09-23,2021-10-07,2022-10-06,12,1,133246000.0,both
2288,845,2022-10-02,2022-10-07,2023-10-06,12,1,67859000.0,both
2289,845,2023-10-03,2023-10-07,2024-10-06,12,1,158453000.0,both
2290,845,2024-09-20,2024-10-07,2026-10-06,24,1,62904000.0,both
2290,845,2024-09-20,2025-10-07,2026-10-06,24,2,62904000.0,both
2291,846,2019-03-11,2019-03-20,2020-03-19,12,1,21156000.0,posting
2292,847,2023-04-24,2023-05-06,2026-05-05,36,1,41056000.0,diag
2292,847,2023-04-24,2024-05-06,2026-05-05,36,2,41056000.0,diag
2292,847,2023-04-24,2025-05-06,2026-05-05,36,3,41056000.0,diag
2293,847,2023-04-27,2023-05-11,2026-05-05,36,1,20018000.0,diag
2294,847,2026-04-17,2026-05-06,2028-05-05,24,1,87662000.0,diag
2294,847,2026-04-17,2027-05-06,2028-05-05,24,2,87662000.0,diag
2295,848,2022-08-21,2022-08-21,2023-08-20,12,1,100023000.0,both
2296,848,2023-08-19,2023-08-21,2024-08-20,12,1,63559000.0,both
2297,848,2024-09-29,2024-09-29,2025-09-28,12,1,118220000.0,both
2298,848,2025-10-18,2025-10-26,2026-10-25,12,1,113188000.0,both
2299,849,2022-07-09,2022-07-13,2023-07-12,12,1,28751000.0,posting
2300,849,2023-07-01,2023-07-13,2025-07-12,24,1,28734000.0,posting
2300,849,2023-07-01,2024-07-13,2025-07-12,24,2,28734000.0,posting
2301,849,2023-07-04,2023-07-18,2025-07-12,24,1,8198000.0,posting
2302,850,2022-02-19,2022-03-01,2023-02-28,12,1,152568000.0,both
2303,850,2023-02-26,2023-03-01,2024-02-29,12,1,151940000.0,both
2304,850,2024-03-01,2024-03-01,2027-02-28,36,1,59713000.0,both
2304,850,2024-03-01,2025-03-01,2027-02-28,36,2,59713000.0,both
2304,850,2024-03-01,2026-03-01,2027-02-28,36,3,59713000.0,both
2305,851,2021-11-15,2021-12-04,2023-12-03,24,1,59787000.0,both
2305,851,2021-11-15,2022-12-04,2023-12-03,24,2,59787000.0,both
2306,852,2020-07-19,2020-07-26,2021-07-25,12,1,44811000.0,diag
2307,852,2020-07-22,2020-07-31,2021-07-25,12,1,19957000.0,diag
2308,852,2021-07-13,2021-07-26,2022-07-25,12,1,51019000.0,diag
2309,853,2022-10-16,2022-11-04,2023-11-03,12,1,16281000.0,posting
2310,854,2023-08-06,2023-08-20,2025-08-19,24,1,76569000.0,diag
2310,854,2023-08-06,2024-08-20,2025-08-19,24,2,76569000.0,diag
2311,854,2025-08-12,2025-08-20,2026-08-19,12,1,88491000.0,diag
2312,855,2022-08-22,2022-09-02,2024-09-01,24,1,53981000.0,diag
2312,855,2022-08-22,2023-09-02,2024-09-01,24,2,53981000.0,diag
2313,855,2024-08-30,2024-09-02,2025-09-01,12,1,37376000.0,diag
2314,856,2022-04-05,2022-04-13,2025-04-12,36,1,26129000.0,diag
2314,856,2022-04-05,2023-04-13,2025-04-12,36,2,26129000.0,diag
2314,856,2022-04-05,2024-04-13,2025-04-12,36,3,26129000.0,diag
2315,856,2025-04-01,2025-04-14,2028-04-13,36,1,16223000.0,diag
2315,856,2025-04-01,2026-04-14,2028-04-13,36,2,16223000.0,diag
2315,856,2025-04-01,2027-04-14,2028-04-13,36,3,16223000.0,diag
2316,856,2025-04-04,2025-04-19,2028-04-13,36,1,11504000.0,diag
2317,857,2021-01-23,2021-01-27,2022-01-26,12,1,38431000.0,posting
2318,858,2021-05-28,2021-06-11,2022-06-10,12,1,62711000.0,both
2319,858,2022-06-04,2022-06-11,2023-06-10,12,1,72997000.0,both
2320,858,2023-06-07,2023-06-11,2024-06-10,12,1,94260000.0,both
2321,858,2024-06-26,2024-07-05,2027-07-04,36,1,79581000.0,both
2321,858,2024-06-26,2025-07-05,2027-07-04,36,2,79581000.0,both
2321,858,2024-06-26,2026-07-05,2027-07-04,36,3,79581000.0,both
2322,859,2015-09-25,2015-10-13,2016-10-12,12,1,24292000.0,diag
2323,859,2016-10-09,2016-10-13,2017-10-12,12,1,54652000.0,diag
2324,859,2017-10-03,2017-10-22,2019-10-21,24,1,41773000.0,diag
2324,859,2017-10-03,2018-10-22,2019-10-21,24,2,41773000.0,diag
2325,859,2019-10-06,2019-10-22,2021-10-21,24,1,41248000.0,diag
2325,859,2019-10-06,2020-10-22,2021-10-21,24,2,41248000.0,diag
2326,859,2021-10-12,2021-10-22,2022-10-21,12,1,43736000.0,diag
2327,859,2022-10-19,2022-10-22,2023-10-21,12,1,43609000.0,diag
2328,859,2023-11-03,2023-11-17,2024-11-16,12,1,25402000.0,diag
2329,860,2020-08-12,2020-08-25,2021-08-24,12,1,229182000.0,both
2330,860,2021-08-20,2021-09-08,2022-09-07,12,1,108491000.0,both
2331,860,2022-08-21,2022-09-08,2025-09-07,36,1,166121000.0,both
2331,860,2022-08-21,2023-09-08,2025-09-07,36,2,166121000.0,both
2331,860,2022-08-21,2024-09-08,2025-09-07,36,3,166121000.0,both
2332,860,2025-09-05,2025-09-22,2026-09-21,12,1,89829000.0,both
2333,861,2019-05-19,2019-05-23,2020-05-22,12,1,35458000.0,posting
2334,861,2020-05-23,2020-05-23,2021-05-22,12,1,51117000.0,posting
2335,862,2023-07-21,2023-08-09,2025-08-08,24,1,108385000.0,diag
2335,862,2023-07-21,2024-08-09,2025-08-08,24,2,108385000.0,diag
2336,863,2019-06-10,2019-06-11,2020-06-10,12,1,29674000.0,diag
2337,864,2023-09-23,2023-10-03,2025-10-02,24,1,38132000.0,posting
2337,864,2023-09-23,2024-10-03,2025-10-02,24,2,38132000.0,posting
2338,864,2025-09-30,2025-10-03,2026-10-02,12,1,25306000.0,posting
2339,864,2025-10-03,2025-10-08,2026-10-02,12,1,17245000.0,posting
2340,865,2019-07-18,2019-08-06,2020-08-05,12,1,23006000.0,diag
2341,866,2015-09-15,2015-09-16,2016-09-15,12,1,47243000.0,both
2342,866,2016-09-07,2016-09-16,2017-09-15,12,1,33619000.0,both
2343,866,2016-09-10,2016-09-21,2017-09-15,12,1,15713000.0,both
2344,866,2017-10-12,2017-10-18,2018-10-17,12,1,34548000.0,both
2345,866,2018-10-15,2018-10-18,2019-10-17,12,1,35931000.0,both
2346,866,2019-10-05,2019-10-18,2021-10-17,24,1,39118000.0,both
2346,866,2019-10-05,2020-10-18,2021-10-17,24,2,39118000.0,both
2347,866,2021-10-04,2021-10-18,2022-10-17,12,1,65179000.0,both
2348,866,2021-10-07,2021-10-23,2022-10-17,12,1,9760000.0,both
2349,867,2020-07-18,2020-07-23,2021-07-22,12,1,97368000.0,both
2350,867,2021-07-22,2021-07-23,2022-07-22,12,1,130505000.0,both
2351,867,2022-08-04,2022-08-16,2023-08-15,12,1,70942000.0,both
2352,867,2023-08-30,2023-09-13,2024-09-12,12,1,106006000.0,both
2353,867,2024-09-17,2024-09-23,2025-09-22,12,1,67896000.0,both
2354,867,2025-09-17,2025-09-23,2028-09-22,36,1,78354000.0,both
2354,867,2025-09-17,2026-09-23,2028-09-22,36,2,78354000.0,both
2354,867,2025-09-17,2027-09-23,2028-09-22,36,3,78354000.0,both
2355,868,2021-07-22,2021-07-26,2023-07-25,24,1,21496000.0,diag
2355,868,2021-07-22,2022-07-26,2023-07-25,24,2,21496000.0,diag
2356,868,2023-07-17,2023-07-26,2024-07-25,12,1,56283000.0,diag
2357,868,2024-07-15,2024-07-26,2026-07-25,24,1,16313000.0,diag
2357,868,2024-07-15,2025-07-26,2026-07-25,24,2,16313000.0,diag
2358,869,2022-04-26,2022-05-15,2023-05-14,12,1,153993000.0,both
2359,869,2022-04-29,2022-05-20,2023-05-14,12,1,68157000.0,both
2360,869,2023-06-13,2023-06-16,2024-06-15,12,1,93817000.0,both
2361,869,2024-06-16,2024-06-16,2025-06-15,12,1,132027000.0,both
2362,869,2025-05-31,2025-06-16,2026-06-15,12,1,109727000.0,both
2363,869,2025-06-03,2025-06-21,2026-06-15,12,1,39767000.0,both
2364,869,2026-06-22,2026-06-23,2027-06-22,12,1,158172000.0,both
2365,870,2020-05-19,2020-05-21,2021-05-20,12,1,73824000.0,diag
2366,871,2020-04-25,2020-05-08,2021-05-07,12,1,50282000.0,diag
2367,871,2021-05-03,2021-05-08,2022-05-07,12,1,28739000.0,diag
2368,872,2022-03-21,2022-03-24,2024-03-23,24,1,33406000.0,diag
2368,872,2022-03-21,2023-03-24,2024-03-23,24,2,33406000.0,diag
2369,872,2024-03-17,2024-03-24,2025-03-23,12,1,71218000.0,diag
2370,872,2025-04-22,2025-05-01,2028-04-30,36,1,35561000.0,diag
2370,872,2025-04-22,2026-05-01,2028-04-30,36,2,35561000.0,diag
2370,872,2025-04-22,2027-05-01,2028-04-30,36,3,35561000.0,diag
2371,873,2022-01-09,2022-01-22,2023-01-21,12,1,110661000.0,diag
2372,873,2023-01-13,2023-01-22,2024-01-21,12,1,91847000.0,diag
2373,873,2023-01-16,2023-01-27,2024-01-21,12,1,29896000.0,diag
2374,873,2024-01-16,2024-01-22,2025-01-21,12,1,98087000.0,diag
2375,873,2025-01-12,2025-01-22,2026-01-21,12,1,127974000.0,diag
2376,873,2026-01-05,2026-01-22,2027-01-21,12,1,91306000.0,diag
2377,874,2019-05-07,2019-05-16,2020-05-15,12,1,48661000.0,diag
2378,875,2023-06-05,2023-06-21,2024-06-20,12,1,30434000.0,both
2379,876,2019-12-03,2019-12-06,2020-12-05,12,1,35304000.0,diag
2380,877,2020-02-07,2020-02-09,2021-02-08,12,1,57836000.0,diag
2381,877,2021-02-04,2021-02-09,2022-02-08,12,1,54260000.0,diag
2382,877,2022-01-23,2022-02-09,2023-02-08,12,1,45799000.0,diag
2383,877,2023-02-03,2023-02-09,2026-02-08,36,1,77350000.0,diag
2383,877,2023-02-03,2024-02-09,2026-02-08,36,2,77350000.0,diag
2383,877,2023-02-03,2025-02-09,2026-02-08,36,3,77350000.0,diag
2384,878,2021-12-21,2022-01-03,2023-01-02,12,1,24165000.0,posting
2385,879,2020-07-31,2020-08-09,2021-08-08,12,1,71755000.0,posting
2386,880,2020-10-14,2020-10-21,2021-10-20,12,1,18775000.0,both
2387,880,2020-10-17,2020-10-26,2021-10-20,12,1,5855000.0,both
2388,880,2021-10-16,2021-10-21,2022-10-20,12,1,17167000.0,both
2389,881,2019-09-26,2019-10-06,2020-10-05,12,1,28923000.0,both
2390,881,2020-09-21,2020-10-06,2021-10-05,12,1,73708000.0,both
2391,881,2021-10-04,2021-10-06,2022-10-05,12,1,69636000.0,both
2392,881,2022-09-19,2022-10-06,2023-10-05,12,1,65380000.0,both
2393,881,2023-09-30,2023-10-06,2024-10-05,12,1,32602000.0,both
2394,881,2024-09-25,2024-10-06,2026-10-05,24,1,35916000.0,both
2394,881,2024-09-25,2025-10-06,2026-10-05,24,2,35916000.0,both
2395,882,2018-01-14,2018-02-02,2019-02-01,12,1,94063000.0,both
2396,883,2021-12-30,2022-01-18,2024-01-17,24,1,102647000.0,posting
2396,883,2021-12-30,2023-01-18,2024-01-17,24,2,102647000.0,posting
2397,883,2024-01-12,2024-01-18,2025-01-17,12,1,104074000.0,posting
2398,883,2025-01-03,2025-01-18,2027-01-17,24,1,67063000.0,posting
2398,883,2025-01-03,2026-01-18,2027-01-17,24,2,67063000.0,posting
2399,884,2019-03-12,2019-03-16,2020-03-15,12,1,41021000.0,diag
2400,885,2023-12-17,2023-12-27,2024-12-26,12,1,88624000.0,diag
2401,886,2018-11-27,2018-12-04,2019-12-03,12,1,17281000.0,diag
2402,887,2015-10-27,2015-11-06,2018-11-05,36,1,36805000.0,both
2402,887,2015-10-27,2016-11-06,2018-11-05,36,2,36805000.0,both
2402,887,2015-10-27,2017-11-06,2018-11-05,36,3,36805000.0,both
2403,888,2023-02-02,2023-02-18,2026-02-17,36,1,51669000.0,posting
2403,888,2023-02-02,2024-02-18,2026-02-17,36,2,51669000.0,posting
2403,888,2023-02-02,2025-02-18,2026-02-17,36,3,51669000.0,posting
2404,889,2022-09-25,2022-10-09,2023-10-08,12,1,15485000.0,both
2405,890,2021-04-02,2021-04-08,2022-04-07,12,1,75426000.0,diag
2406,890,2022-03-28,2022-04-14,2023-04-13,12,1,74259000.0,diag
2407,891,2019-06-23,2019-07-03,2020-07-02,12,1,33702000.0,posting
2408,891,2020-07-02,2020-07-03,2021-07-02,12,1,33375000.0,posting
2409,892,2022-01-12,2022-01-15,2023-01-14,12,1,20166000.0,both
2410,893,2021-05-03,2021-05-17,2022-05-16,12,1,41638000.0,posting
2411,893,2021-05-06,2021-05-22,2022-05-16,12,1,15763000.0,posting
2412,893,2022-05-04,2022-05-17,2023-05-16,12,1,54827000.0,posting
2413,893,2022-05-07,2022-05-22,2023-05-16,12,1,19280000.0,posting
2414,893,2023-05-06,2023-05-17,2024-05-16,12,1,44804000.0,posting
2415,893,2024-05-12,2024-05-17,2025-05-16,12,1,60094000.0,posting
2416,894,2019-09-23,2019-09-26,2020-09-25,12,1,34641000.0,posting
2417,894,2020-10-16,2020-10-16,2021-10-15,12,1,12653000.0,posting
2418,895,2022-11-29,2022-12-14,2023-12-13,12,1,56635000.0,both
2419,896,2023-08-10,2023-08-17,2024-08-16,12,1,29670000.0,diag
2420,897,2020-02-05,2020-02-05,2023-02-04,36,1,44073000.0,both
2420,897,2020-02-05,2021-02-05,2023-02-04,36,2,44073000.0,both
2420,897,2020-02-05,2022-02-05,2023-02-04,36,3,44073000.0,both
2421,897,2023-01-24,2023-02-05,2025-02-04,24,1,41204000.0,both
2421,897,2023-01-24,2024-02-05,2025-02-04,24,2,41204000.0,both
2422,898,2019-12-27,2020-01-01,2020-12-31,12,1,19451000.0,diag
2423,899,2022-05-23,2022-06-10,2024-06-09,24,1,53528000.0,posting
2423,899,2022-05-23,2023-06-10,2024-06-09,24,2,53528000.0,posting
2424,899,2024-06-07,2024-06-10,2025-06-09,12,1,55218000.0,posting
2425,900,2020-03-06,2020-03-17,2021-03-16,12,1,89321000.0,both
2426,900,2021-03-06,2021-03-17,2023-03-16,24,1,139867000.0,both
2426,900,2021-03-06,2022-03-17,2023-03-16,24,2,139867000.0,both
2427,900,2023-03-09,2023-03-27,2024-03-26,12,1,153978000.0,both
2428,900,2024-04-08,2024-04-25,2025-04-24,12,1,198998000.0,both
2429,900,2025-04-20,2025-04-25,2027-04-24,24,1,151413000.0,both
2429,900,2025-04-20,2026-04-25,2027-04-24,24,2,151413000.0,both
2430,901,2021-02-13,2021-03-02,2023-03-01,24,1,32542000.0,posting
2430,901,2021-02-13,2022-03-02,2023-03-01,24,2,32542000.0,posting
2431,901,2023-03-20,2023-03-30,2024-03-29,12,1,45381000.0,posting
2432,902,2018-11-06,2018-11-12,2019-11-11,12,1,9855000.0,diag
2433,902,2019-10-25,2019-11-12,2020-11-11,12,1,7654000.0,diag
2434,902,2020-10-31,2020-11-12,2021-11-11,12,1,9678000.0,diag
2435,903,2018-04-22,2018-05-08,2020-05-07,24,1,31190000.0,both
2435,903,2018-04-22,2019-05-08,2020-05-07,24,2,31190000.0,both
2436,903,2020-04-30,2020-05-08,2021-05-07,12,1,54067000.0,both
2437,903,2021-04-27,2021-05-08,2022-05-07,12,1,40595000.0,both
2438,903,2022-05-01,2022-05-08,2023-05-07,12,1,69252000.0,both
2439,903,2023-04-24,2023-05-08,2024-05-07,12,1,77328000.0,both
2440,903,2023-04-27,2023-05-13,2024-05-07,12,1,17253000.0,both
2441,903,2024-06-01,2024-06-18,2025-06-17,12,1,40887000.0,both
2442,904,2023-04-08,2023-04-22,2024-04-21,12,1,48464000.0,posting
2443,904,2024-05-05,2024-05-17,2025-05-16,12,1,35396000.0,posting
2444,904,2025-05-04,2025-05-17,2026-05-16,12,1,43033000.0,posting
2445,904,2026-05-05,2026-05-17,2027-05-16,12,1,29204000.0,posting
2446,905,2019-01-12,2019-01-23,2021-01-22,24,1,34045000.0,posting
2446,905,2019-01-12,2020-01-23,2021-01-22,24,2,34045000.0,posting
2447,905,2021-01-22,2021-01-23,2022-01-22,12,1,39758000.0,posting
2448,906,2021-09-12,2021-09-21,2022-09-20,12,1,36231000.0,posting
2449,906,2022-10-09,2022-10-18,2023-10-17,12,1,39430000.0,posting
2450,907,2021-06-12,2021-06-22,2022-06-21,12,1,92492000.0,diag
2451,907,2022-06-15,2022-07-04,2023-07-03,12,1,108939000.0,diag
2452,908,2019-10-06,2019-10-21,2020-10-20,12,1,33081000.0,diag
2453,909,2021-06-29,2021-07-04,2022-07-03,12,1,18479000.0,diag
2454,910,2018-06-20,2018-07-04,2019-07-03,12,1,61340000.0,both
2455,911,2018-03-03,2018-03-05,2019-03-04,12,1,91177000.0,posting
2456,912,2019-04-16,2019-04-22,2020-04-21,12,1,45438000.0,both
2457,912,2020-05-11,2020-05-15,2021-05-14,12,1,50428000.0,both
2458,912,2021-04-30,2021-05-15,2022-05-14,12,1,76813000.0,both
2459,912,2022-05-15,2022-05-15,2023-05-14,12,1,81971000.0,both
2460,913,2023-09-25,2023-10-05,2024-10-04,12,1,32556000.0,posting
2461,914,2022-03-03,2022-03-06,2023-03-05,12,1,37545000.0,posting
2462,914,2022-03-06,2022-03-11,2023-03-05,12,1,7959000.0,posting
2463,915,2019-10-17,2019-10-23,2020-10-22,12,1,109175000.0,both
2464,915,2020-10-19,2020-11-06,2021-11-05,12,1,111576000.0,both
2465,916,2020-02-14,2020-02-26,2021-02-25,12,1,17821000.0,diag
2466,916,2021-02-17,2021-02-26,2022-02-25,12,1,41355000.0,diag
2467,916,2022-02-22,2022-02-26,2023-02-25,12,1,20894000.0,diag
2468,917,2020-04-21,2020-05-02,2021-05-01,12,1,38609000.0,posting
2469,917,2020-04-24,2020-05-07,2021-05-01,12,1,13530000.0,posting
2470,918,2020-12-30,2021-01-10,2022-01-09,12,1,62807000.0,posting
2471,918,2022-01-05,2022-01-10,2023-01-09,12,1,71634000.0,posting
2472,918,2022-12-26,2023-01-10,2024-01-09,12,1,79371000.0,posting
2473,918,2024-01-03,2024-01-10,2027-01-09,36,1,66039000.0,posting
2473,918,2024-01-03,2025-01-10,2027-01-09,36,2,66039000.0,posting
2473,918,2024-01-03,2026-01-10,2027-01-09,36,3,66039000.0,posting
2474,919,2022-04-04,2022-04-22,2023-04-21,12,1,43318000.0,posting
2475,920,2023-06-06,2023-06-11,2024-06-10,12,1,19880000.0,diag
2476,921,2015-07-23,2015-08-11,2017-08-10,24,1,86719000.0,both
2476,921,2015-07-23,2016-08-11,2017-08-10,24,2,86719000.0,both
2477,921,2017-09-09,2017-09-24,2018-09-23,12,1,57493000.0,both
2478,921,2018-09-20,2018-09-24,2020-09-23,24,1,41100000.0,both
2478,921,2018-09-20,2019-09-24,2020-09-23,24,2,41100000.0,both
2479,921,2020-09-20,2020-09-24,2021-09-23,12,1,60091000.0,both
2480,921,2021-09-23,2021-09-24,2022-09-23,12,1,72371000.0,both
2481,921,2022-10-01,2022-10-09,2023-10-08,12,1,61383000.0,both
2482,921,2023-09-23,2023-10-09,2024-10-08,12,1,47796000.0,both
2483,921,2024-10-09,2024-10-09,2026-10-08,24,1,62124000.0,both
2483,921,2024-10-09,2025-10-09,2026-10-08,24,2,62124000.0,both
2484,922,2023-11-27,2023-12-10,2026-12-09,36,1,88700000.0,diag
2484,922,2023-11-27,2024-12-10,2026-12-09,36,2,88700000.0,diag
2484,922,2023-11-27,2025-12-10,2026-12-09,36,3,88700000.0,diag
2485,923,2023-04-07,2023-04-11,2024-04-10,12,1,54279000.0,diag
2486,924,2019-10-27,2019-11-07,2020-11-06,12,1,40522000.0,posting
2487,925,2021-10-11,2021-10-27,2022-10-26,12,1,118540000.0,posting
2488,926,2020-04-23,2020-04-25,2021-04-24,12,1,73898000.0,diag
2489,926,2021-04-24,2021-04-25,2024-04-24,36,1,43609000.0,diag
2489,926,2021-04-24,2022-04-25,2024-04-24,36,2,43609000.0,diag
2489,926,2021-04-24,2023-04-25,2024-04-24,36,3,43609000.0,diag
2490,926,2024-04-24,2024-04-25,2025-04-24,12,1,63346000.0,diag
2491,926,2025-05-24,2025-06-07,2026-06-06,12,1,87219000.0,diag
2492,926,2026-05-27,2026-06-07,2027-06-06,12,1,56553000.0,diag
2493,927,2022-02-14,2022-02-18,2024-02-17,24,1,24876000.0,diag
2493,927,2022-02-14,2023-02-18,2024-02-17,24,2,24876000.0,diag
2494,927,2024-02-27,2024-03-15,2025-03-14,12,1,60187000.0,diag
2495,927,2025-03-04,2025-03-15,2026-03-14,12,1,67513000.0,diag
2496,928,2020-11-01,2020-11-16,2021-11-15,12,1,179327000.0,both
2497,928,2021-11-22,2021-12-03,2022-12-02,12,1,293573000.0,both
2498,928,2022-12-03,2022-12-03,2023-12-02,12,1,274701000.0,both
2499,929,2022-08-07,2022-08-17,2023-08-16,12,1,35315000.0,both
2500,930,2020-02-02,2020-02-15,2023-02-14,36,1,29319000.0,diag
2500,930,2020-02-02,2021-02-15,2023-02-14,36,2,29319000.0,diag
2500,930,2020-02-02,2022-02-15,2023-02-14,36,3,29319000.0,diag
2501,931,2023-07-06,2023-07-10,2024-07-09,12,1,30734000.0,diag
2502,932,2022-04-20,2022-05-09,2023-05-08,12,1,49385000.0,diag
2503,932,2023-04-26,2023-05-09,2024-05-08,12,1,43949000.0,diag
2504,932,2024-05-06,2024-05-09,2025-05-08,12,1,33862000.0,diag
2505,932,2025-04-23,2025-05-09,2026-05-08,12,1,70562000.0,diag
2506,932,2025-04-26,2025-05-14,2026-05-08,12,1,13256000.0,diag
2507,932,2026-05-08,2026-05-09,2027-05-08,12,1,58357000.0,diag
2508,933,2021-06-16,2021-06-16,2022-06-15,12,1,13863000.0,diag
2509,934,2021-04-02,2021-04-12,2022-04-11,12,1,51705000.0,diag
2510,934,2021-04-05,2021-04-17,2022-04-11,12,1,11353000.0,diag
2511,934,2022-04-09,2022-04-12,2023-04-11,12,1,74214000.0,diag
2512,935,2019-08-16,2019-09-02,2020-09-01,12,1,94887000.0,diag
2513,935,2020-08-23,2020-09-02,2022-09-01,24,1,99656000.0,diag
2513,935,2020-08-23,2021-09-02,2022-09-01,24,2,99656000.0,diag
2514,935,2022-08-24,2022-09-02,2023-09-01,12,1,125184000.0,diag
2515,935,2023-08-23,2023-09-02,2024-09-01,12,1,103943000.0,diag
2516,935,2024-09-20,2024-09-21,2026-09-20,24,1,60778000.0,diag
2516,935,2024-09-20,2025-09-21,2026-09-20,24,2,60778000.0,diag
2517,936,2021-05-13,2021-05-20,2022-05-19,12,1,17523000.0,diag
2518,936,2022-05-02,2022-05-20,2024-05-19,24,1,21386000.0,diag
2518,936,2022-05-02,2023-05-20,2024-05-19,24,2,21386000.0,diag
2519,936,2022-05-05,2022-05-25,2024-05-19,24,1,6690000.0,diag
2520,937,2020-05-26,2020-06-07,2021-06-06,12,1,41638000.0,posting
2521,937,2021-06-07,2021-06-07,2022-06-06,12,1,39192000.0,posting
2522,937,2021-06-10,2021-06-12,2022-06-06,12,1,10707000.0,posting
2523,937,2022-06-04,2022-06-07,2023-06-06,12,1,31966000.0,posting
2524,937,2023-06-15,2023-06-15,2024-06-14,12,1,28387000.0,posting
2525,937,2024-07-05,2024-07-17,2026-07-16,24,1,30228000.0,posting
2525,937,2024-07-05,2025-07-17,2026-07-16,24,2,30228000.0,posting
2526,938,2019-12-02,2019-12-14,2020-12-13,12,1,12467000.0,posting
2527,938,2020-12-11,2020-12-26,2021-12-25,12,1,35991000.0,posting
2528,938,2021-12-23,2021-12-26,2022-12-25,12,1,24341000.0,posting
2529,939,2023-09-04,2023-09-16,2024-09-15,12,1,33605000.0,diag
2530,940,2023-08-06,2023-08-15,2024-08-14,12,1,39468000.0,posting
2531,940,2024-08-04,2024-08-15,2025-08-14,12,1,52048000.0,posting
2532,940,2025-09-15,2025-09-15,2026-09-14,12,1,63122000.0,posting
2533,941,2015-09-23,2015-10-11,2016-10-10,12,1,107125000.0,both
2534,941,2016-09-28,2016-10-11,2017-10-10,12,1,61115000.0,both
2535,941,2016-10-01,2016-10-16,2017-10-10,12,1,15141000.0,both
2536,941,2017-11-19,2017-11-22,2018-11-21,12,1,92173000.0,both
2537,941,2018-12-07,2018-12-16,2019-12-15,12,1,56022000.0,both
2538,941,2019-11-27,2019-12-16,2020-12-15,12,1,42771000.0,both
2539,941,2020-12-15,2020-12-16,2021-12-15,12,1,58504000.0,both
2540,941,2020-12-18,2020-12-21,2021-12-15,12,1,21129000.0,both
2541,941,2021-12-09,2021-12-16,2022-12-15,12,1,75832000.0,both
2542,941,2022-12-09,2022-12-16,2025-12-15,36,1,78015000.0,both
2542,941,2022-12-09,2023-12-16,2025-12-15,36,2,78015000.0,both
2542,941,2022-12-09,2024-12-16,2025-12-15,36,3,78015000.0,both
2543,941,2022-12-12,2022-12-21,2025-12-15,36,1,22221000.0,both
2544,941,2025-12-04,2025-12-16,2026-12-15,12,1,74499000.0,both
2545,942,2023-12-18,2023-12-22,2024-12-21,12,1,68598000.0,both
2546,942,2024-12-19,2024-12-22,2026-12-21,24,1,75322000.0,both
2546,942,2024-12-19,2025-12-22,2026-12-21,24,2,75322000.0,both
2547,943,2023-07-31,2023-08-07,2024-08-06,12,1,112873000.0,both
2548,943,2024-08-01,2024-08-07,2025-08-06,12,1,164843000.0,both
2549,944,2018-10-24,2018-10-26,2019-10-25,12,1,39361000.0,diag
2550,944,2019-10-22,2019-10-26,2021-10-25,24,1,32784000.0,diag
2550,944,2019-10-22,2020-10-26,2021-10-25,24,2,32784000.0,diag
2551,945,2018-08-10,2018-08-25,2019-08-24,12,1,28672000.0,both
2552,945,2018-08-13,2018-08-30,2019-08-24,12,1,15143000.0,both
2553,946,2021-09-21,2021-09-27,2022-09-26,12,1,32089000.0,posting
2554,946,2022-09-13,2022-09-27,2023-09-26,12,1,31850000.0,posting
2555,947,2022-08-03,2022-08-17,2023-08-16,12,1,54578000.0,both
2556,948,2023-09-11,2023-09-14,2025-09-13,24,1,45812000.0,diag
2556,948,2023-09-11,2024-09-14,2025-09-13,24,2,45812000.0,diag
2557,949,2019-10-09,2019-10-20,2020-10-19,12,1,43597000.0,diag
2558,949,2020-10-13,2020-10-20,2021-10-19,12,1,44563000.0,diag
2559,949,2021-10-05,2021-10-20,2022-10-19,12,1,39434000.0,diag
2560,949,2021-10-08,2021-10-25,2022-10-19,12,1,16086000.0,diag
2561,949,2022-10-13,2022-10-30,2024-10-29,24,1,69626000.0,diag
2561,949,2022-10-13,2023-10-30,2024-10-29,24,2,69626000.0,diag
2562,949,2024-10-16,2024-10-30,2026-10-29,24,1,50279000.0,diag
2562,949,2024-10-16,2025-10-30,2026-10-29,24,2,50279000.0,diag
2563,949,2024-10-19,2024-11-04,2026-10-29,24,1,17408000.0,diag
2564,950,2022-09-05,2022-09-07,2023-09-06,12,1,27803000.0,posting
2565,950,2023-08-24,2023-09-07,2024-09-06,12,1,30485000.0,posting
2566,950,2024-09-04,2024-09-07,2025-09-06,12,1,22923000.0,posting
2567,950,2025-08-24,2025-09-07,2026-09-06,12,1,53072000.0,posting
2568,951,2021-09-29,2021-10-13,2022-10-12,12,1,49194000.0,both
2569,951,2022-10-02,2022-10-13,2023-10-12,12,1,33636000.0,both
2570,951,2022-10-05,2022-10-18,2023-10-12,12,1,15432000.0,both
2571,951,2023-10-03,2023-10-13,2024-10-12,12,1,37405000.0,both
2572,951,2023-10-06,2023-10-18,2024-10-12,12,1,19136000.0,both
2573,951,2024-10-06,2024-10-13,2025-10-12,12,1,80215000.0,both
2574,951,2025-10-02,2025-10-13,2026-10-12,12,1,54237000.0,both
2575,952,2023-12-09,2023-12-20,2024-12-19,12,1,31353000.0,posting
2576,952,2024-12-06,2024-12-20,2026-12-19,24,1,23670000.0,posting
2576,952,2024-12-06,2025-12-20,2026-12-19,24,2,23670000.0,posting
2577,953,2019-05-17,2019-05-19,2022-05-18,36,1,40320000.0,both
2577,953,2019-05-17,2020-05-19,2022-05-18,36,2,40320000.0,both
2577,953,2019-05-17,2021-05-19,2022-05-18,36,3,40320000.0,both
2578,953,2019-05-20,2019-05-24,2022-05-18,36,1,16693000.0,both
2579,953,2022-06-10,2022-06-13,2024-06-12,24,1,37236000.0,both
2579,953,2022-06-10,2023-06-13,2024-06-12,24,2,37236000.0,both
2580,954,2018-05-29,2018-06-16,2019-06-15,12,1,66656000.0,posting
2581,954,2019-05-28,2019-06-16,2020-06-15,12,1,100983000.0,posting
2582,954,2020-06-12,2020-06-16,2021-06-15,12,1,128530000.0,posting
2583,954,2021-06-10,2021-06-16,2022-06-15,12,1,73280000.0,posting
2584,954,2022-06-14,2022-06-16,2023-06-15,12,1,65038000.0,posting
2585,954,2023-06-06,2023-06-16,2024-06-15,12,1,50026000.0,posting
2586,955,2021-01-30,2021-02-04,2022-02-03,12,1,40941000.0,both
2587,955,2021-02-02,2021-02-09,2022-02-03,12,1,19104000.0,both
2588,955,2022-01-30,2022-02-04,2023-02-03,12,1,46093000.0,both
2589,955,2023-03-08,2023-03-16,2025-03-15,24,1,43975000.0,both
2589,955,2023-03-08,2024-03-16,2025-03-15,24,2,43975000.0,both
2590,955,2025-03-03,2025-03-16,2026-03-15,12,1,49128000.0,both
2591,955,2026-03-10,2026-03-16,2028-03-15,24,1,34689000.0,both
2591,955,2026-03-10,2027-03-16,2028-03-15,24,2,34689000.0,both
2592,956,2020-06-14,2020-06-15,2021-06-14,12,1,42228000.0,diag
2593,956,2021-06-02,2021-06-15,2022-06-14,12,1,42686000.0,diag
2594,956,2022-05-31,2022-06-16,2024-06-15,24,1,28631000.0,diag
2594,956,2022-05-31,2023-06-16,2024-06-15,24,2,28631000.0,diag
2595,956,2024-06-13,2024-06-16,2025-06-15,12,1,28169000.0,diag
2596,956,2025-06-15,2025-06-16,2027-06-15,24,1,31987000.0,diag
2596,956,2025-06-15,2026-06-16,2027-06-15,24,2,31987000.0,diag
2597,956,2025-06-18,2025-06-21,2027-06-15,24,1,12877000.0,diag
2598,957,2021-09-08,2021-09-09,2022-09-08,12,1,28421000.0,diag
2599,958,2023-04-09,2023-04-13,2024-04-12,12,1,67694000.0,diag
2600,958,2024-04-09,2024-04-15,2025-04-14,12,1,57592000.0,diag
2601,959,2018-10-07,2018-10-09,2019-10-08,12,1,55155000.0,posting
2602,960,2022-12-05,2022-12-19,2023-12-18,12,1,44826000.0,posting
2603,960,2022-12-08,2022-12-24,2023-12-18,12,1,9119000.0,posting
2604,960,2024-01-01,2024-01-03,2025-01-02,12,1,51259000.0,posting
2605,961,2022-12-13,2022-12-19,2023-12-18,12,1,72274000.0,posting
2606,962,2020-10-26,2020-11-07,2021-11-06,12,1,22947000.0,diag
2607,963,2021-02-09,2021-02-16,2022-02-15,12,1,37302000.0,both
2608,963,2022-02-08,2022-02-16,2025-02-15,36,1,44719000.0,both
2608,963,2022-02-08,2023-02-16,2025-02-15,36,2,44719000.0,both
2608,963,2022-02-08,2024-02-16,2025-02-15,36,3,44719000.0,both
2609,964,2020-04-07,2020-04-14,2021-04-13,12,1,64368000.0,posting
2610,965,2020-06-07,2020-06-10,2022-06-09,24,1,19363000.0,posting
2610,965,2020-06-07,2021-06-10,2022-06-09,24,2,19363000.0,posting
2611,965,2022-06-21,2022-06-24,2023-06-23,12,1,10951000.0,posting
2612,965,2023-06-23,2023-06-24,2026-06-23,36,1,12045000.0,posting
2612,965,2023-06-23,2024-06-24,2026-06-23,36,2,12045000.0,posting
2612,965,2023-06-23,2025-06-24,2026-06-23,36,3,12045000.0,posting
2613,965,2023-06-26,2023-06-29,2026-06-23,36,1,6139000.0,posting
2614,966,2022-12-09,2022-12-11,2025-12-10,36,1,57668000.0,both
2614,966,2022-12-09,2023-12-11,2025-12-10,36,2,57668000.0,both
2614,966,2022-12-09,2024-12-11,2025-12-10,36,3,57668000.0,both
2615,967,2022-11-20,2022-11-27,2023-11-26,12,1,61708000.0,diag
2616,968,2023-07-03,2023-07-17,2026-07-16,36,1,46298000.0,posting
2616,968,2023-07-03,2024-07-17,2026-07-16,36,2,46298000.0,posting
2616,968,2023-07-03,2025-07-17,2026-07-16,36,3,46298000.0,posting
2617,969,2019-07-13,2019-07-21,2020-07-20,12,1,47791000.0,diag
2618,969,2020-07-04,2020-07-21,2021-07-20,12,1,65464000.0,diag
2619,970,2023-12-02,2023-12-09,2024-12-08,12,1,59329000.0,diag
2620,971,2023-09-26,2023-10-03,2024-10-02,12,1,66800000.0,posting
2621,972,2018-03-03,2018-03-07,2019-03-06,12,1,29074000.0,posting
2622,972,2019-04-05,2019-04-14,2020-04-13,12,1,31521000.0,posting
2623,973,2021-06-10,2021-06-17,2022-06-16,12,1,16897000.0,posting
2624,974,2023-05-19,2023-06-06,2024-06-05,12,1,39159000.0,diag
2625,974,2024-06-06,2024-06-06,2025-06-05,12,1,52032000.0,diag
2626,975,2019-08-29,2019-09-13,2022-09-12,36,1,37590000.0,both
2626,975,2019-08-29,2020-09-13,2022-09-12,36,2,37590000.0,both
2626,975,2019-08-29,2021-09-13,2022-09-12,36,3,37590000.0,both
2627,975,2022-09-02,2022-09-13,2023-09-12,12,1,31254000.0,both
2628,976,2020-03-01,2020-03-12,2021-03-11,12,1,92051000.0,diag
2629,977,2015-05-29,2015-06-17,2016-06-16,12,1,28949000.0,both
2630,977,2016-06-15,2016-06-17,2017-06-16,12,1,110750000.0,both
2631,977,2017-05-30,2017-06-17,2018-06-16,12,1,65982000.0,both
2632,977,2018-06-02,2018-06-17,2019-06-16,12,1,96279000.0,both
2633,978,2021-09-03,2021-09-10,2022-09-09,12,1,39396000.0,diag
2634,978,2022-08-24,2022-09-10,2025-09-09,36,1,44794000.0,diag
2634,978,2022-08-24,2023-09-10,2025-09-09,36,2,44794000.0,diag
2634,978,2022-08-24,2024-09-10,2025-09-09,36,3,44794000.0,diag
2635,978,2025-09-22,2025-09-29,2026-09-28,12,1,35144000.0,diag
2636,979,2019-06-21,2019-07-07,2020-07-06,12,1,44436000.0,diag
2637,979,2020-06-18,2020-07-07,2021-07-06,12,1,29244000.0,diag
2638,980,2019-12-04,2019-12-04,2020-12-03,12,1,33037000.0,both
2639,981,2020-01-07,2020-01-26,2022-01-25,24,1,14406000.0,diag
2639,981,2020-01-07,2021-01-26,2022-01-25,24,2,14406000.0,diag
2640,981,2022-01-07,2022-01-26,2023-01-25,12,1,36559000.0,diag
2641,982,2017-12-21,2018-01-03,2019-01-02,12,1,77635000.0,posting
2642,982,2019-01-01,2019-01-03,2020-01-02,12,1,60277000.0,posting
2643,982,2019-12-18,2020-01-03,2021-01-02,12,1,135756000.0,posting
2644,983,2020-02-24,2020-03-07,2021-03-06,12,1,63407000.0,posting
2645,984,2022-01-18,2022-01-23,2023-01-22,12,1,19273000.0,both
2646,984,2023-01-17,2023-01-23,2026-01-22,36,1,18927000.0,both
2646,984,2023-01-17,2024-01-23,2026-01-22,36,2,18927000.0,both
2646,984,2023-01-17,2025-01-23,2026-01-22,36,3,18927000.0,both
2647,984,2023-01-20,2023-01-28,2026-01-22,36,1,11796000.0,both
2648,984,2026-01-18,2026-01-23,2027-01-22,12,1,27432000.0,both
2649,984,2026-01-21,2026-01-28,2027-01-22,12,1,10661000.0,both
2650,985,2021-08-16,2021-08-19,2022-08-18,12,1,23982000.0,diag
2651,985,2022-09-08,2022-09-17,2023-09-16,12,1,35022000.0,diag
2652,985,2023-10-07,2023-10-11,2025-10-10,24,1,29607000.0,diag
2652,985,2023-10-07,2024-10-11,2025-10-10,24,2,29607000.0,diag
2653,985,2025-09-22,2025-10-11,2026-10-10,12,1,44218000.0,diag
2654,986,2022-10-17,2022-11-03,2023-11-02,12,1,56532000.0,diag
2655,987,2018-11-10,2018-11-20,2020-11-19,24,1,83001000.0,diag
2655,987,2018-11-10,2019-11-20,2020-11-19,24,2,83001000.0,diag
2656,987,2020-11-11,2020-11-20,2021-11-19,12,1,65612000.0,diag
2657,987,2020-11-14,2020-11-25,2021-11-19,12,1,11826000.0,diag
2658,987,2021-11-15,2021-11-20,2022-11-19,12,1,58277000.0,diag
2659,988,2018-03-31,2018-04-17,2019-04-16,12,1,86161000.0,both
2660,988,2019-04-01,2019-04-17,2020-04-16,12,1,169387000.0,both
2661,988,2020-04-12,2020-04-17,2021-04-16,12,1,139707000.0,both
2662,988,2021-04-10,2021-04-17,2022-04-16,12,1,96621000.0,both
2663,988,2022-05-10,2022-05-22,2024-05-21,24,1,108913000.0,both
2663,988,2022-05-10,2023-05-22,2024-05-21,24,2,108913000.0,both
2664,988,2024-05-12,2024-05-22,2025-05-21,12,1,90442000.0,both
2665,988,2025-05-08,2025-05-22,2026-05-21,12,1,190372000.0,both
2666,988,2026-05-09,2026-05-22,2027-05-21,12,1,121282000.0,both
2667,989,2022-03-04,2022-03-11,2023-03-10,12,1,83827000.0,both
2668,990,2023-05-11,2023-05-27,2024-05-26,12,1,64837000.0,both
2669,990,2024-05-27,2024-06-11,2025-06-10,12,1,59400000.0,both
2670,990,2025-05-31,2025-06-11,2026-06-10,12,1,79316000.0,both
2671,991,2023-06-07,2023-06-09,2024-06-08,12,1,45189000.0,diag
2672,992,2023-02-05,2023-02-21,2024-02-20,12,1,107932000.0,both
2673,993,2022-08-05,2022-08-13,2024-08-12,24,1,48531000.0,both
2673,993,2022-08-05,2023-08-13,2024-08-12,24,2,48531000.0,both
2674,993,2024-08-29,2024-09-09,2025-09-08,12,1,60944000.0,both
2675,994,2020-04-16,2020-05-05,2021-05-04,12,1,52724000.0,both
2676,994,2021-05-27,2021-06-14,2024-06-13,36,1,55325000.0,both
2676,994,2021-05-27,2022-06-14,2024-06-13,36,2,55325000.0,both
2676,994,2021-05-27,2023-06-14,2024-06-13,36,3,55325000.0,both
2677,995,2022-09-04,2022-09-17,2023-09-16,12,1,29950000.0,diag
2678,995,2023-10-06,2023-10-16,2024-10-15,12,1,47872000.0,diag
2679,996,2022-08-30,2022-09-10,2023-09-09,12,1,67059000.0,diag
2680,996,2023-09-16,2023-09-30,2024-09-29,12,1,49659000.0,diag
2681,996,2024-09-15,2024-09-30,2025-09-29,12,1,36957000.0,diag
2682,997,2020-02-13,2020-02-27,2021-02-26,12,1,38453000.0,diag
2683,998,2021-07-16,2021-07-16,2022-07-15,12,1,47448000.0,diag
2684,999,2018-12-02,2018-12-06,2019-12-05,12,1,71944000.0,diag
2685,999,2019-11-30,2019-12-11,2020-12-10,12,1,70482000.0,diag
2686,1000,2022-04-25,2022-05-11,2023-05-10,12,1,54183000.0,both
2687,1000,2023-06-08,2023-06-12,2024-06-11,12,1,51500000.0,both
2688,1000,2023-06-11,2023-06-17,2024-06-11,12,1,30011000.0,both
2689,1000,2024-06-12,2024-06-12,2025-06-11,12,1,61047000.0,both
2690,1000,2025-06-24,2025-07-04,2026-07-03,12,1,53965000.0,both
2691,1001,2019-12-23,2020-01-05,2021-01-04,12,1,56918000.0,diag
2692,1001,2020-12-19,2021-01-05,2022-01-04,12,1,36207000.0,diag
2693,1002,2022-11-26,2022-12-15,2023-12-14,12,1,172194000.0,both
2694,1002,2023-12-05,2023-12-21,2024-12-20,12,1,160104000.0,both
2695,1002,2024-12-08,2024-12-23,2026-12-22,24,1,108273000.0,both
2695,1002,2024-12-08,2025-12-23,2026-12-22,24,2,108273000.0,both
2696,1003,2020-11-11,2020-11-26,2021-11-25,12,1,32748000.0,posting
2697,1004,2018-02-13,2018-02-26,2019-02-25,12,1,80440000.0,both
2698,1004,2018-02-16,2018-03-03,2019-02-25,12,1,19104000.0,both
2699,1004,2019-02-09,2019-02-26,2020-02-25,12,1,72675000.0,both
2700,1005,2018-02-21,2018-02-25,2019-02-24,12,1,55565000.0,both
2701,1006,2021-03-11,2021-03-13,2023-03-12,24,1,71197000.0,diag
2701,1006,2021-03-11,2022-03-13,2023-03-12,24,2,71197000.0,diag
2702,1006,2021-03-14,2021-03-18,2023-03-12,24,1,5712000.0,diag
2703,1006,2023-02-28,2023-03-13,2026-03-12,36,1,40299000.0,diag
2703,1006,2023-02-28,2024-03-13,2026-03-12,36,2,40299000.0,diag
2703,1006,2023-02-28,2025-03-13,2026-03-12,36,3,40299000.0,diag
2704,1006,2023-03-03,2023-03-18,2026-03-12,36,1,5567000.0,diag
2705,1006,2026-03-11,2026-03-13,2027-03-12,12,1,27660000.0,diag
2706,1007,2023-12-01,2023-12-04,2024-12-03,12,1,26981000.0,posting
2707,1008,2018-09-27,2018-10-16,2019-10-15,12,1,49149000.0,posting
2708,1008,2019-10-16,2019-10-16,2022-10-15,36,1,104721000.0,posting
2708,1008,2019-10-16,2020-10-16,2022-10-15,36,2,104721000.0,posting
2708,1008,2019-10-16,2021-10-16,2022-10-15,36,3,104721000.0,posting
2709,1009,2019-11-24,2019-12-04,2020-12-03,12,1,30621000.0,posting
2710,1009,2020-12-03,2020-12-04,2021-12-03,12,1,56547000.0,posting
2711,1009,2021-12-03,2021-12-04,2023-12-03,24,1,50194000.0,posting
2711,1009,2021-12-03,2022-12-04,2023-12-03,24,2,50194000.0,posting
2712,1009,2023-12-15,2023-12-27,2024-12-26,12,1,29807000.0,posting
2713,1009,2024-12-23,2024-12-27,2025-12-26,12,1,42735000.0,posting
2714,1010,2018-02-24,2018-02-26,2020-02-25,24,1,46054000.0,posting
2714,1010,2018-02-24,2019-02-26,2020-02-25,24,2,46054000.0,posting
2715,1010,2020-03-05,2020-03-14,2022-03-13,24,1,42783000.0,posting
2715,1010,2020-03-05,2021-03-14,2022-03-13,24,2,42783000.0,posting
2716,1011,2019-01-12,2019-01-13,2020-01-12,12,1,168319000.0,both
2717,1011,2019-12-31,2020-01-13,2021-01-12,12,1,128963000.0,both
2718,1011,2020-12-31,2021-01-13,2022-01-12,12,1,79894000.0,both
2719,1011,2022-02-07,2022-02-18,2023-02-17,12,1,155690000.0,both
2720,1011,2022-02-10,2022-02-23,2023-02-17,12,1,59680000.0,both
2721,1011,2023-02-04,2023-02-18,2024-02-17,12,1,191498000.0,both
2722,1011,2024-02-16,2024-02-18,2025-02-17,12,1,132044000.0,both
2723,1011,2025-02-05,2025-02-18,2027-02-17,24,1,108597000.0,both
2723,1011,2025-02-05,2026-02-18,2027-02-17,24,2,108597000.0,both
2724,1012,2021-03-23,2021-04-08,2023-04-07,24,1,33299000.0,diag
2724,1012,2021-03-23,2022-04-08,2023-04-07,24,2,33299000.0,diag
2725,1013,2022-02-18,2022-03-01,2023-02-28,12,1,87745000.0,diag
2726,1014,2022-01-16,2022-01-18,2023-01-17,12,1,36507000.0,diag
2727,1015,2022-12-13,2022-12-19,2023-12-18,12,1,30948000.0,diag
2728,1015,2023-12-09,2023-12-19,2024-12-18,12,1,54145000.0,diag
2729,1015,2023-12-12,2023-12-24,2024-12-18,12,1,16529000.0,diag
2730,1016,2019-10-14,2019-10-26,2020-10-25,12,1,42920000.0,diag
2731,1016,2020-10-21,2020-11-07,2021-11-06,12,1,57102000.0,diag
2732,1016,2021-11-07,2021-11-07,2022-11-06,12,1,52665000.0,diag
2733,1016,2021-11-10,2021-11-12,2022-11-06,12,1,15751000.0,diag
2734,1017,2018-06-14,2018-06-26,2019-06-25,12,1,110235000.0,diag
2735,1017,2019-06-10,2019-06-26,2020-06-25,12,1,79663000.0,diag
2736,1017,2020-06-15,2020-06-26,2021-06-25,12,1,54235000.0,diag
2737,1018,2018-08-12,2018-08-24,2019-08-23,12,1,65828000.0,both
2738,1018,2019-08-16,2019-09-02,2020-09-01,12,1,100646000.0,both
2739,1018,2019-08-19,2019-09-07,2020-09-01,12,1,19597000.0,both
2740,1018,2020-08-23,2020-09-02,2021-09-01,12,1,43289000.0,both
2741,1018,2021-09-02,2021-09-02,2022-09-01,12,1,78590000.0,both
2742,1018,2022-09-23,2022-10-07,2023-10-06,12,1,65909000.0,both
2743,1018,2023-09-29,2023-10-07,2024-10-06,12,1,54808000.0,both
2744,1019,2022-11-11,2022-11-27,2023-11-26,12,1,39923000.0,diag
2745,1019,2023-12-31,2024-01-05,2026-01-04,24,1,20773000.0,diag
2745,1019,2023-12-31,2025-01-05,2026-01-04,24,2,20773000.0,diag
2746,1020,2019-05-17,2019-05-17,2020-05-16,12,1,69113000.0,both
2747,1020,2020-05-24,2020-06-02,2021-06-01,12,1,67784000.0,both
2748,1020,2021-06-10,2021-06-19,2022-06-18,12,1,44997000.0,both
2749,1020,2022-07-13,2022-07-13,2023-07-12,12,1,48481000.0,both
2750,1020,2023-07-04,2023-07-13,2024-07-12,12,1,66826000.0,both
2751,1020,2023-07-07,2023-07-18,2024-07-12,12,1,8895000.0,both
2752,1020,2024-06-25,2024-07-13,2025-07-12,12,1,56507000.0,both
2753,1020,2025-06-29,2025-07-13,2026-07-12,12,1,66424000.0,both
2754,1021,2021-08-06,2021-08-25,2023-08-24,24,1,18113000.0,diag
2754,1021,2021-08-06,2022-08-25,2023-08-24,24,2,18113000.0,diag
2755,1021,2023-08-22,2023-08-25,2024-08-24,12,1,28979000.0,diag
2756,1021,2024-08-23,2024-08-31,2025-08-30,12,1,38057000.0,diag
2757,1021,2025-08-31,2025-08-31,2027-08-30,24,1,17034000.0,diag
2757,1021,2025-08-31,2026-08-31,2027-08-30,24,2,17034000.0,diag
2758,1022,2021-02-14,2021-02-18,2022-02-17,12,1,64863000.0,diag
2759,1022,2021-02-17,2021-02-23,2022-02-17,12,1,15891000.0,diag
2760,1023,2015-09-17,2015-09-22,2016-09-21,12,1,116266000.0,both
2761,1023,2015-09-20,2015-09-27,2016-09-21,12,1,45128000.0,both
2762,1023,2016-09-20,2016-09-22,2017-09-21,12,1,114061000.0,both
2763,1023,2017-09-20,2017-09-22,2018-09-21,12,1,97981000.0,both
2764,1023,2018-09-04,2018-09-22,2019-09-21,12,1,58981000.0,both
2765,1023,2019-09-16,2019-09-22,2022-09-21,36,1,64236000.0,both
2765,1023,2019-09-16,2020-09-22,2022-09-21,36,2,64236000.0,both
2765,1023,2019-09-16,2021-09-22,2022-09-21,36,3,64236000.0,both
2766,1023,2022-09-14,2022-09-22,2023-09-21,12,1,116228000.0,both
2767,1023,2023-10-04,2023-10-11,2025-10-10,24,1,148097000.0,both
2767,1023,2023-10-04,2024-10-11,2025-10-10,24,2,148097000.0,both
2768,1023,2025-09-27,2025-10-11,2026-10-10,12,1,98138000.0,both
2769,1024,2022-02-20,2022-03-06,2023-03-05,12,1,62761000.0,posting
2770,1025,2022-06-27,2022-07-05,2024-07-04,24,1,30133000.0,diag
2770,1025,2022-06-27,2023-07-05,2024-07-04,24,2,30133000.0,diag
2771,1026,2022-10-12,2022-10-16,2023-10-15,12,1,56738000.0,both
2772,1026,2023-10-11,2023-10-16,2026-10-15,36,1,49026000.0,both
2772,1026,2023-10-11,2024-10-16,2026-10-15,36,2,49026000.0,both
2772,1026,2023-10-11,2025-10-16,2026-10-15,36,3,49026000.0,both
2773,1027,2020-01-08,2020-01-27,2021-01-26,12,1,80808000.0,both
2774,1028,2022-08-22,2022-08-22,2023-08-21,12,1,44572000.0,diag
2775,1028,2023-08-04,2023-08-22,2025-08-21,24,1,20138000.0,diag
2775,1028,2023-08-04,2024-08-22,2025-08-21,24,2,20138000.0,diag
2776,1028,2025-09-07,2025-09-10,2026-09-09,12,1,25434000.0,diag
2777,1029,2023-10-23,2023-11-03,2026-11-02,36,1,78336000.0,posting
2777,1029,2023-10-23,2024-11-03,2026-11-02,36,2,78336000.0,posting
2777,1029,2023-10-23,2025-11-03,2026-11-02,36,3,78336000.0,posting
2778,1030,2023-02-17,2023-02-22,2024-02-21,12,1,15001000.0,diag
2779,1030,2024-02-06,2024-02-22,2026-02-21,24,1,33193000.0,diag
2779,1030,2024-02-06,2025-02-22,2026-02-21,24,2,33193000.0,diag
2780,1031,2022-08-17,2022-09-04,2024-09-03,24,1,59532000.0,diag
2780,1031,2022-08-17,2023-09-04,2024-09-03,24,2,59532000.0,diag
2781,1031,2024-09-10,2024-09-26,2025-09-25,12,1,53598000.0,diag
2782,1032,2023-11-25,2023-11-26,2025-11-25,24,1,42499000.0,diag
2782,1032,2023-11-25,2024-11-26,2025-11-25,24,2,42499000.0,diag
2783,1033,2019-12-31,2020-01-17,2021-01-16,12,1,71935000.0,diag
2784,1034,2021-08-08,2021-08-09,2022-08-08,12,1,44957000.0,both
2785,1034,2022-07-28,2022-08-09,2024-08-08,24,1,29730000.0,both
2785,1034,2022-07-28,2023-08-09,2024-08-08,24,2,29730000.0,both
2786,1034,2024-08-05,2024-08-09,2027-08-08,36,1,46127000.0,both
2786,1034,2024-08-05,2025-08-09,2027-08-08,36,2,46127000.0,both
2786,1034,2024-08-05,2026-08-09,2027-08-08,36,3,46127000.0,both
2787,1035,2021-05-10,2021-05-14,2022-05-13,12,1,34518000.0,diag
2788,1035,2022-06-05,2022-06-09,2023-06-08,12,1,43094000.0,diag
2789,1035,2023-06-21,2023-07-04,2024-07-03,12,1,22713000.0,diag
2790,1036,2019-10-16,2019-10-19,2020-10-18,12,1,45532000.0,diag
2791,1037,2020-10-08,2020-10-23,2021-10-22,12,1,105715000.0,posting
2792,1037,2020-10-11,2020-10-28,2021-10-22,12,1,32997000.0,posting
2793,1037,2021-10-13,2021-10-23,2023-10-22,24,1,92882000.0,posting
2793,1037,2021-10-13,2022-10-23,2023-10-22,24,2,92882000.0,posting
2794,1037,2023-10-08,2023-10-23,2024-10-22,12,1,125281000.0,posting
2795,1037,2024-10-14,2024-10-23,2027-10-22,36,1,177920000.0,posting
2795,1037,2024-10-14,2025-10-23,2027-10-22,36,2,177920000.0,posting
2795,1037,2024-10-14,2026-10-23,2027-10-22,36,3,177920000.0,posting
2796,1038,2019-06-22,2019-06-25,2021-06-24,24,1,18442000.0,posting
2796,1038,2019-06-22,2020-06-25,2021-06-24,24,2,18442000.0,posting
2797,1038,2021-06-08,2021-06-25,2022-06-24,12,1,14992000.0,posting
2798,1038,2022-06-22,2022-06-25,2023-06-24,12,1,21803000.0,posting
2799,1038,2023-06-09,2023-06-25,2024-06-24,12,1,21570000.0,posting
2800,1039,2023-04-29,2023-05-08,2024-05-07,12,1,21840000.0,diag
2801,1039,2023-05-02,2023-05-13,2024-05-07,12,1,6258000.0,diag
2802,1039,2024-05-04,2024-05-08,2025-05-07,12,1,16714000.0,diag
2803,1039,2024-05-07,2024-05-13,2025-05-07,12,1,7181000.0,diag
2804,1040,2020-09-30,2020-10-07,2021-10-06,12,1,101845000.0,both
2805,1040,2021-09-18,2021-10-07,2023-10-06,24,1,40561000.0,both
2805,1040,2021-09-18,2022-10-07,2023-10-06,24,2,40561000.0,both
2806,1040,2023-09-24,2023-10-12,2024-10-11,12,1,224449000.0,both
2807,1040,2024-10-20,2024-10-20,2025-10-19,12,1,171992000.0,both
2808,1040,2024-10-23,2024-10-25,2025-10-19,12,1,35828000.0,both
2809,1041,2019-07-07,2019-07-10,2020-07-09,12,1,92038000.0,diag
2810,1042,2022-11-02,2022-11-21,2023-11-20,12,1,116212000.0,both
2811,1042,2023-11-06,2023-11-22,2024-11-21,12,1,109239000.0,both
2812,1042,2024-11-06,2024-11-22,2025-11-21,12,1,122195000.0,both
2813,1042,2025-11-03,2025-11-22,2026-11-21,12,1,83129000.0,both
2814,1043,2023-05-27,2023-06-10,2024-06-09,12,1,114534000.0,both
2815,1043,2023-05-30,2023-06-15,2024-06-09,12,1,26817000.0,both
2816,1043,2024-05-24,2024-06-10,2025-06-09,12,1,56887000.0,both
2817,1043,2025-07-09,2025-07-16,2026-07-15,12,1,109509000.0,both
2818,1044,2021-07-03,2021-07-10,2023-07-09,24,1,37461000.0,posting
2818,1044,2021-07-03,2022-07-10,2023-07-09,24,2,37461000.0,posting
2819,1045,2020-09-12,2020-09-19,2021-09-18,12,1,84415000.0,both
2820,1046,2020-05-23,2020-06-06,2021-06-05,12,1,76017000.0,both
2821,1047,2021-10-26,2021-11-04,2022-11-03,12,1,46336000.0,diag
2822,1048,2021-05-22,2021-06-07,2022-06-06,12,1,55770000.0,diag
2823,1048,2022-06-17,2022-06-26,2023-06-25,12,1,26324000.0,diag
2824,1048,2023-06-20,2023-06-26,2024-06-25,12,1,37031000.0,diag
2825,1048,2024-06-17,2024-07-01,2025-06-30,12,1,49147000.0,diag
2826,1048,2025-07-04,2025-07-11,2026-07-10,12,1,46477000.0,diag
2827,1049,2021-04-16,2021-04-17,2022-04-16,12,1,129595000.0,both
2828,1049,2022-04-22,2022-05-02,2023-05-01,12,1,128543000.0,both
2829,1049,2023-05-13,2023-05-27,2024-05-26,12,1,78563000.0,both
2830,1049,2024-05-25,2024-05-28,2025-05-27,12,1,57609000.0,both
2831,1050,2021-02-01,2021-02-10,2022-02-09,12,1,11588000.0,diag
2832,1050,2022-01-26,2022-02-10,2023-02-09,12,1,17354000.0,diag
2833,1051,2018-11-24,2018-12-07,2021-12-06,36,1,10631000.0,posting
2833,1051,2018-11-24,2019-12-07,2021-12-06,36,2,10631000.0,posting
2833,1051,2018-11-24,2020-12-07,2021-12-06,36,3,10631000.0,posting
2834,1052,2022-04-20,2022-05-04,2023-05-03,12,1,20701000.0,posting
2835,1053,2020-12-06,2020-12-13,2022-12-12,24,1,65473000.0,both
2835,1053,2020-12-06,2021-12-13,2022-12-12,24,2,65473000.0,both
2836,1053,2022-12-02,2022-12-13,2023-12-12,12,1,48667000.0,both
2837,1053,2023-12-27,2024-01-14,2025-01-13,12,1,65634000.0,both
2838,1053,2025-01-01,2025-01-14,2027-01-13,24,1,94728000.0,both
2838,1053,2025-01-01,2026-01-14,2027-01-13,24,2,94728000.0,both
2839,1054,2023-03-28,2023-04-04,2024-04-03,12,1,34691000.0,posting
2840,1054,2024-03-17,2024-04-04,2025-04-03,12,1,35416000.0,posting
2841,1055,2022-01-11,2022-01-17,2023-01-16,12,1,22884000.0,diag
2842,1056,2020-12-10,2020-12-14,2021-12-13,12,1,67303000.0,posting
2843,1056,2021-12-07,2021-12-14,2024-12-13,36,1,111908000.0,posting
2843,1056,2021-12-07,2022-12-14,2024-12-13,36,2,111908000.0,posting
2843,1056,2021-12-07,2023-12-14,2024-12-13,36,3,111908000.0,posting
2844,1057,2022-02-13,2022-02-13,2023-02-12,12,1,31439000.0,posting
2845,1057,2023-02-07,2023-02-13,2024-02-12,12,1,29315000.0,posting
2846,1057,2024-01-28,2024-02-13,2025-02-12,12,1,36407000.0,posting
2847,1058,2022-05-26,2022-05-26,2023-05-25,12,1,98328000.0,both
2848,1058,2022-05-29,2022-05-31,2023-05-25,12,1,18246000.0,both
2849,1058,2023-05-09,2023-05-26,2024-05-25,12,1,64600000.0,both
2850,1058,2023-05-12,2023-05-31,2024-05-25,12,1,27921000.0,both
2851,1059,2022-03-06,2022-03-20,2023-03-19,12,1,107013000.0,diag
2852,1059,2023-03-07,2023-03-20,2025-03-19,24,1,73956000.0,diag
2852,1059,2023-03-07,2024-03-20,2025-03-19,24,2,73956000.0,diag
2853,1059,2025-03-11,2025-03-20,2026-03-19,12,1,35151000.0,diag
2854,1059,2026-03-20,2026-03-20,2027-03-19,12,1,107367000.0,diag
2855,1060,2023-07-17,2023-08-05,2024-08-04,12,1,92319000.0,diag
2856,1061,2019-02-03,2019-02-12,2020-02-11,12,1,34490000.0,diag
2857,1062,2021-06-02,2021-06-21,2022-06-20,12,1,83361000.0,both
2858,1062,2022-06-29,2022-07-12,2023-07-11,12,1,41855000.0,both
2859,1062,2023-08-24,2023-08-24,2025-08-23,24,1,32473000.0,both
2859,1062,2023-08-24,2024-08-24,2025-08-23,24,2,32473000.0,both
2860,1062,2025-08-09,2025-08-24,2026-08-23,12,1,46025000.0,both
2861,1063,2021-07-07,2021-07-14,2022-07-13,12,1,14358000.0,diag
2862,1064,2023-03-31,2023-04-01,2024-03-31,12,1,30018000.0,posting
2863,1064,2024-03-30,2024-04-01,2026-03-31,24,1,39745000.0,posting
2863,1064,2024-03-30,2025-04-01,2026-03-31,24,2,39745000.0,posting
2864,1065,2020-01-15,2020-01-27,2021-01-26,12,1,22760000.0,both
2865,1065,2021-01-24,2021-01-27,2024-01-26,36,1,30917000.0,both
2865,1065,2021-01-24,2022-01-27,2024-01-26,36,2,30917000.0,both
2865,1065,2021-01-24,2023-01-27,2024-01-26,36,3,30917000.0,both
2866,1066,2019-04-07,2019-04-26,2021-04-25,24,1,24009000.0,posting
2866,1066,2019-04-07,2020-04-26,2021-04-25,24,2,24009000.0,posting
2867,1066,2019-04-10,2019-05-01,2021-04-25,24,1,10159000.0,posting
2868,1066,2021-04-23,2021-04-26,2022-04-25,12,1,39641000.0,posting
2869,1066,2022-04-15,2022-04-26,2023-04-25,12,1,32689000.0,posting
2870,1067,2017-12-29,2018-01-14,2019-01-13,12,1,62182000.0,diag
2871,1068,2021-07-21,2021-08-07,2022-08-06,12,1,64580000.0,diag
2872,1068,2022-08-02,2022-08-19,2023-08-18,12,1,60580000.0,diag
2873,1068,2023-09-14,2023-09-22,2024-09-21,12,1,38712000.0,diag
2874,1068,2024-10-28,2024-10-30,2027-10-29,36,1,91385000.0,diag
2874,1068,2024-10-28,2025-10-30,2027-10-29,36,2,91385000.0,diag
2874,1068,2024-10-28,2026-10-30,2027-10-29,36,3,91385000.0,diag
2875,1069,2022-09-30,2022-10-05,2024-10-04,24,1,88600000.0,diag
2875,1069,2022-09-30,2023-10-05,2024-10-04,24,2,88600000.0,diag
2876,1070,2019-07-28,2019-08-10,2020-08-09,12,1,69107000.0,posting
2877,1070,2020-08-05,2020-08-10,2021-08-09,12,1,44313000.0,posting
2878,1071,2019-01-19,2019-01-27,2021-01-26,24,1,55999000.0,posting
2878,1071,2019-01-19,2020-01-27,2021-01-26,24,2,55999000.0,posting
2879,1072,2022-08-02,2022-08-11,2023-08-10,12,1,30302000.0,both
2880,1072,2023-07-23,2023-08-11,2024-08-10,12,1,50067000.0,both
2881,1072,2024-08-07,2024-08-11,2025-08-10,12,1,43653000.0,both
2882,1072,2025-08-11,2025-08-11,2026-08-10,12,1,54372000.0,both
2883,1073,2019-08-21,2019-08-26,2021-08-25,24,1,189588000.0,both
2883,1073,2019-08-21,2020-08-26,2021-08-25,24,2,189588000.0,both
2884,1073,2021-08-07,2021-08-26,2022-08-25,12,1,186735000.0,both
2885,1074,2019-04-12,2019-04-13,2020-04-12,12,1,33181000.0,diag
2886,1075,2020-10-10,2020-10-16,2021-10-15,12,1,63397000.0,both
2887,1076,2022-01-11,2022-01-21,2023-01-20,12,1,51298000.0,diag
2888,1077,2023-09-27,2023-10-07,2024-10-06,12,1,142850000.0,both
2889,1078,2019-03-20,2019-03-21,2020-03-20,12,1,25161000.0,posting
2890,1079,2020-07-01,2020-07-17,2021-07-16,12,1,28531000.0,posting
2891,1080,2020-10-04,2020-10-17,2022-10-16,24,1,32488000.0,diag
2891,1080,2020-10-04,2021-10-17,2022-10-16,24,2,32488000.0,diag
2892,1080,2022-10-04,2022-10-17,2023-10-16,12,1,52250000.0,diag
2893,1080,2023-10-13,2023-10-17,2025-10-16,24,1,57433000.0,diag
2893,1080,2023-10-13,2024-10-17,2025-10-16,24,2,57433000.0,diag
2894,1080,2023-10-16,2023-10-22,2025-10-16,24,1,12080000.0,diag
2895,1080,2025-09-28,2025-10-17,2026-10-16,12,1,90547000.0,diag
2896,1081,2018-12-23,2018-12-23,2019-12-22,12,1,52067000.0,posting
2897,1081,2020-01-12,2020-01-14,2021-01-13,12,1,36947000.0,posting
2898,1082,2023-06-05,2023-06-21,2024-06-20,12,1,39181000.0,diag
2899,1082,2024-06-21,2024-06-21,2026-06-20,24,1,19602000.0,diag
2899,1082,2024-06-21,2025-06-21,2026-06-20,24,2,19602000.0,diag
2900,1082,2026-06-20,2026-06-21,2029-06-20,36,1,29751000.0,diag
2900,1082,2026-06-20,2027-06-21,2029-06-20,36,2,29751000.0,diag
2900,1082,2026-06-20,2028-06-21,2029-06-20,36,3,29751000.0,diag
2901,1082,2026-06-23,2026-06-26,2029-06-20,36,1,8028000.0,diag
2902,1083,2023-09-25,2023-10-08,2025-10-07,24,1,14319000.0,diag
2902,1083,2023-09-25,2024-10-08,2025-10-07,24,2,14319000.0,diag
2903,1084,2021-01-08,2021-01-12,2022-01-11,12,1,41362000.0,both
2904,1084,2022-01-06,2022-01-12,2023-01-11,12,1,30000000.0,both
2905,1085,2021-08-17,2021-08-23,2022-08-22,12,1,101780000.0,both
2906,1085,2021-08-20,2021-08-28,2022-08-22,12,1,42985000.0,both
2907,1085,2022-08-18,2022-08-23,2023-08-22,12,1,97957000.0,both
2908,1086,2021-02-25,2021-03-08,2023-03-07,24,1,26491000.0,diag
2908,1086,2021-02-25,2022-03-08,2023-03-07,24,2,26491000.0,diag
2909,1086,2023-03-01,2023-03-08,2024-03-07,12,1,39482000.0,diag
2910,1086,2024-03-07,2024-03-08,2026-03-07,24,1,39927000.0,diag
2910,1086,2024-03-07,2025-03-08,2026-03-07,24,2,39927000.0,diag
2911,1086,2026-03-29,2026-04-14,2028-04-13,24,1,41732000.0,diag
2911,1086,2026-03-29,2027-04-14,2028-04-13,24,2,41732000.0,diag
2912,1087,2021-12-25,2022-01-09,2023-01-08,12,1,26284000.0,posting
2913,1088,2021-03-26,2021-04-09,2022-04-08,12,1,96427000.0,both
2914,1088,2022-04-07,2022-04-09,2023-04-08,12,1,122744000.0,both
2915,1088,2023-04-24,2023-05-13,2024-05-12,12,1,147760000.0,both
2916,1089,2022-08-26,2022-09-09,2024-09-08,24,1,57180000.0,diag
2916,1089,2022-08-26,2023-09-09,2024-09-08,24,2,57180000.0,diag
2917,1089,2024-08-30,2024-09-14,2025-09-13,12,1,44924000.0,diag
2918,1089,2025-09-07,2025-09-14,2026-09-13,12,1,49522000.0,diag
2919,1090,2022-04-12,2022-05-01,2023-04-30,12,1,61525000.0,diag
2920,1090,2023-05-05,2023-05-12,2024-05-11,12,1,44323000.0,diag
2921,1090,2024-05-08,2024-05-12,2025-05-11,12,1,25814000.0,diag
2922,1090,2025-05-13,2025-05-31,2026-05-30,12,1,29107000.0,diag
2923,1091,2022-02-14,2022-02-16,2023-02-15,12,1,37526000.0,posting
2924,1091,2022-02-17,2022-02-21,2023-02-15,12,1,6721000.0,posting
2925,1091,2023-02-12,2023-02-16,2024-02-15,12,1,46924000.0,posting
2926,1092,2019-11-14,2019-11-22,2020-11-21,12,1,10708000.0,diag
2927,1092,2019-11-17,2019-11-27,2020-11-21,12,1,4211000.0,diag
2928,1092,2020-11-22,2020-11-22,2021-11-21,12,1,9983000.0,diag
2929,1092,2021-11-14,2021-11-22,2024-11-21,36,1,12490000.0,diag
2929,1092,2021-11-14,2022-11-22,2024-11-21,36,2,12490000.0,diag
2929,1092,2021-11-14,2023-11-22,2024-11-21,36,3,12490000.0,diag
2930,1092,2024-12-22,2025-01-02,2026-01-01,12,1,15297000.0,diag
2931,1093,2021-12-17,2022-01-01,2022-12-31,12,1,51857000.0,both
2932,1093,2022-12-24,2023-01-01,2024-12-31,24,1,39673000.0,both
2932,1093,2022-12-24,2024-01-01,2024-12-31,24,2,39673000.0,both
2933,1094,2020-11-04,2020-11-17,2022-11-16,24,1,50100000.0,both
2933,1094,2020-11-04,2021-11-17,2022-11-16,24,2,50100000.0,both
2934,1094,2022-11-08,2022-11-19,2023-11-18,12,1,71818000.0,both
2935,1094,2023-11-19,2023-11-19,2024-11-18,12,1,44358000.0,both
2936,1094,2023-11-22,2023-11-24,2024-11-18,12,1,20547000.0,both
2937,1094,2024-11-05,2024-11-19,2025-11-18,12,1,39302000.0,both
2938,1094,2025-11-08,2025-11-19,2026-11-18,12,1,38372000.0,both
2939,1095,2023-09-05,2023-09-06,2026-09-05,36,1,26054000.0,diag
2939,1095,2023-09-05,2024-09-06,2026-09-05,36,2,26054000.0,diag
2939,1095,2023-09-05,2025-09-06,2026-09-05,36,3,26054000.0,diag
2940,1096,2021-08-12,2021-08-26,2022-08-25,12,1,19056000.0,diag
2941,1097,2023-08-19,2023-08-24,2025-08-23,24,1,134313000.0,diag
2941,1097,2023-08-19,2024-08-24,2025-08-23,24,2,134313000.0,diag
2942,1097,2023-08-22,2023-08-29,2025-08-23,24,1,48411000.0,diag
2943,1097,2025-09-09,2025-09-22,2027-09-21,24,1,158660000.0,diag
2943,1097,2025-09-09,2026-09-22,2027-09-21,24,2,158660000.0,diag
2944,1098,2023-08-24,2023-08-27,2024-08-26,12,1,12024000.0,diag
2945,1098,2024-08-10,2024-08-27,2025-08-26,12,1,11744000.0,diag
2946,1098,2024-08-13,2024-09-01,2025-08-26,12,1,5889000.0,diag
2947,1099,2021-07-02,2021-07-13,2022-07-12,12,1,48537000.0,diag
2948,1100,2023-10-09,2023-10-19,2026-10-18,36,1,78744000.0,both
2948,1100,2023-10-09,2024-10-19,2026-10-18,36,2,78744000.0,both
2948,1100,2023-10-09,2025-10-19,2026-10-18,36,3,78744000.0,both
2949,1101,2022-06-02,2022-06-03,2023-06-02,12,1,44742000.0,diag
2950,1101,2023-05-20,2023-06-08,2024-06-07,12,1,58557000.0,diag
2951,1102,2023-06-14,2023-06-15,2024-06-14,12,1,43291000.0,both
2952,1102,2024-06-14,2024-06-18,2025-06-17,12,1,27409000.0,both
2953,1102,2025-06-05,2025-06-18,2026-06-17,12,1,43287000.0,both
2954,1102,2026-06-15,2026-06-18,2027-06-17,12,1,41290000.0,both
2955,1103,2018-03-29,2018-04-15,2020-04-14,24,1,145722000.0,both
2955,1103,2018-03-29,2019-04-15,2020-04-14,24,2,145722000.0,both
2956,1103,2020-03-31,2020-04-15,2021-04-14,12,1,93416000.0,both
2957,1103,2020-04-03,2020-04-20,2021-04-14,12,1,27380000.0,both
2958,1103,2021-03-29,2021-04-15,2022-04-14,12,1,93704000.0,both
2959,1103,2022-04-05,2022-04-15,2023-04-14,12,1,118789000.0,both
2960,1103,2023-03-31,2023-04-15,2024-04-14,12,1,128959000.0,both
2961,1103,2024-04-11,2024-04-28,2025-04-27,12,1,70362000.0,both
2962,1104,2023-10-21,2023-10-23,2026-10-22,36,1,22538000.0,diag
2962,1104,2023-10-21,2024-10-23,2026-10-22,36,2,22538000.0,diag
2962,1104,2023-10-21,2025-10-23,2026-10-22,36,3,22538000.0,diag
2963,1105,2022-09-25,2022-10-06,2023-10-05,12,1,129467000.0,diag
2964,1106,2019-10-20,2019-11-04,2022-11-03,36,1,86055000.0,both
2964,1106,2019-10-20,2020-11-04,2022-11-03,36,2,86055000.0,both
2964,1106,2019-10-20,2021-11-04,2022-11-03,36,3,86055000.0,both
2965,1106,2022-10-31,2022-11-15,2023-11-14,12,1,140701000.0,both
2966,1106,2023-11-05,2023-11-15,2024-11-14,12,1,133370000.0,both
2967,1106,2024-11-15,2024-11-15,2025-11-14,12,1,140751000.0,both
2968,1106,2025-11-18,2025-11-29,2026-11-28,12,1,99819000.0,both
2969,1106,2025-11-21,2025-12-04,2026-11-28,12,1,35087000.0,both
2970,1107,2022-02-18,2022-02-22,2023-02-21,12,1,53593000.0,both
2971,1108,2022-02-15,2022-02-24,2023-02-23,12,1,14915000.0,diag
2972,1108,2023-02-06,2023-02-24,2025-02-23,24,1,13876000.0,diag
2972,1108,2023-02-06,2024-02-24,2025-02-23,24,2,13876000.0,diag
2973,1108,2025-02-07,2025-02-24,2026-02-23,12,1,27463000.0,diag
2974,1108,2026-02-24,2026-02-24,2029-02-23,36,1,45819000.0,diag
2974,1108,2026-02-24,2027-02-24,2029-02-23,36,2,45819000.0,diag
2974,1108,2026-02-24,2028-02-24,2029-02-23,36,3,45819000.0,diag
2975,1109,2020-01-08,2020-01-14,2021-01-13,12,1,19500000.0,diag
2976,1110,2019-11-19,2019-11-19,2020-11-18,12,1,44909000.0,both
2977,1111,2021-09-29,2021-10-06,2022-10-05,12,1,85019000.0,diag
2978,1111,2022-10-02,2022-10-18,2023-10-17,12,1,59277000.0,diag
2979,1111,2023-11-12,2023-11-12,2024-11-11,12,1,68817000.0,diag
2980,1111,2024-11-11,2024-11-12,2026-11-11,24,1,79427000.0,diag
2980,1111,2024-11-11,2025-11-12,2026-11-11,24,2,79427000.0,diag
2981,1112,2021-08-07,2021-08-16,2022-08-15,12,1,73525000.0,posting
2982,1112,2021-08-10,2021-08-21,2022-08-15,12,1,24272000.0,posting
2983,1112,2022-08-13,2022-08-16,2023-08-15,12,1,119439000.0,posting
2984,1112,2023-07-31,2023-08-16,2024-08-15,12,1,82329000.0,posting
2985,1112,2024-08-03,2024-08-16,2025-08-15,12,1,72757000.0,posting
2986,1113,2020-05-08,2020-05-27,2023-05-26,36,1,24080000.0,diag
2986,1113,2020-05-08,2021-05-27,2023-05-26,36,2,24080000.0,diag
2986,1113,2020-05-08,2022-05-27,2023-05-26,36,3,24080000.0,diag
2987,1114,2020-02-29,2020-03-13,2021-03-12,12,1,98674000.0,posting
2988,1114,2021-03-18,2021-03-28,2022-03-27,12,1,45320000.0,posting
2989,1114,2022-03-28,2022-03-28,2023-03-27,12,1,38173000.0,posting
2990,1115,2023-06-25,2023-07-09,2024-07-08,12,1,85921000.0,both
2991,1115,2024-06-30,2024-07-09,2025-07-08,12,1,68096000.0,both
2992,1115,2025-07-01,2025-07-09,2026-07-08,12,1,37272000.0,both
2993,1116,2018-01-08,2018-01-10,2019-01-09,12,1,55248000.0,both
2994,1116,2019-01-08,2019-01-10,2020-01-09,12,1,49765000.0,both
2995,1117,2022-09-11,2022-09-11,2023-09-10,12,1,59707000.0,posting
2996,1118,2018-06-17,2018-07-02,2020-07-01,24,1,133343000.0,diag
2996,1118,2018-06-17,2019-07-02,2020-07-01,24,2,133343000.0,diag
2997,1119,2021-03-27,2021-04-11,2022-04-10,12,1,20031000.0,diag
2998,1120,2023-02-21,2023-03-12,2024-03-11,12,1,24104000.0,posting
2999,1121,2023-01-10,2023-01-12,2024-01-11,12,1,25509000.0,diag
3000,1121,2024-01-20,2024-02-06,2025-02-05,12,1,34296000.0,diag
3001,1121,2025-02-19,2025-02-25,2026-02-24,12,1,43537000.0,diag
3002,1121,2025-02-22,2025-03-02,2026-02-24,12,1,7853000.0,diag
3003,1122,2021-04-03,2021-04-15,2023-04-14,24,1,83503000.0,both
3003,1122,2021-04-03,2022-04-15,2023-04-14,24,2,83503000.0,both
3004,1122,2023-04-14,2023-04-15,2025-04-14,24,1,68933000.0,both
3004,1122,2023-04-14,2024-04-15,2025-04-14,24,2,68933000.0,both
3005,1122,2025-05-20,2025-05-28,2026-05-27,12,1,89545000.0,both
3006,1122,2026-05-12,2026-05-28,2027-05-27,12,1,89922000.0,both
3007,1123,2021-08-12,2021-08-23,2022-08-22,12,1,139968000.0,both
3008,1123,2022-09-04,2022-09-14,2023-09-13,12,1,163342000.0,both
3009,1123,2023-09-10,2023-09-14,2024-09-13,12,1,118235000.0,both
3010,1123,2024-09-02,2024-09-14,2027-09-13,36,1,129083000.0,both
3010,1123,2024-09-02,2025-09-14,2027-09-13,36,2,129083000.0,both
3010,1123,2024-09-02,2026-09-14,2027-09-13,36,3,129083000.0,both
3011,1124,2021-02-11,2021-02-19,2022-02-18,12,1,30406000.0,posting
3012,1124,2022-02-07,2022-02-19,2023-02-18,12,1,71974000.0,posting
3013,1124,2023-02-16,2023-02-27,2024-02-26,12,1,45807000.0,posting
3014,1124,2024-03-21,2024-04-05,2025-04-04,12,1,55430000.0,posting
3015,1124,2025-04-01,2025-04-05,2027-04-04,24,1,115729000.0,posting
3015,1124,2025-04-01,2026-04-05,2027-04-04,24,2,115729000.0,posting
3016,1125,2021-06-06,2021-06-12,2022-06-11,12,1,84633000.0,diag
3017,1125,2022-06-04,2022-06-12,2023-06-11,12,1,69846000.0,diag
3018,1126,2018-12-21,2019-01-07,2021-01-06,24,1,74351000.0,both
3018,1126,2018-12-21,2020-01-07,2021-01-06,24,2,74351000.0,both
3019,1126,2018-12-24,2019-01-12,2021-01-06,24,1,22606000.0,both
3020,1126,2021-01-13,2021-01-20,2022-01-19,12,1,70021000.0,both
3021,1126,2022-01-16,2022-01-20,2024-01-19,24,1,67302000.0,both
3021,1126,2022-01-16,2023-01-20,2024-01-19,24,2,67302000.0,both
3022,1126,2024-01-18,2024-01-20,2025-01-19,12,1,88043000.0,both
3023,1126,2025-01-17,2025-01-20,2026-01-19,12,1,95299000.0,both
3024,1126,2026-01-18,2026-01-20,2027-01-19,12,1,57945000.0,both
3025,1127,2018-12-19,2019-01-06,2021-01-05,24,1,44323000.0,both
3025,1127,2018-12-19,2020-01-06,2021-01-05,24,2,44323000.0,both
3026,1128,2020-02-16,2020-03-02,2021-03-01,12,1,55941000.0,both
3027,1128,2021-02-11,2021-03-02,2022-03-01,12,1,61019000.0,both
3028,1128,2022-02-20,2022-03-02,2023-03-01,12,1,63124000.0,both
3029,1128,2023-02-25,2023-03-02,2024-03-01,12,1,55233000.0,both
3030,1128,2024-02-28,2024-03-02,2025-03-01,12,1,83907000.0,both
3031,1128,2025-02-21,2025-03-02,2026-03-01,12,1,46218000.0,both
3032,1128,2025-02-24,2025-03-07,2026-03-01,12,1,27539000.0,both
3033,1128,2026-02-16,2026-03-02,2027-03-01,12,1,62775000.0,both
3034,1129,2015-05-21,2015-06-07,2016-06-06,12,1,57485000.0,both
3035,1129,2016-05-29,2016-06-07,2017-06-06,12,1,58521000.0,both
3036,1129,2017-05-20,2017-06-07,2018-06-06,12,1,68533000.0,both
3037,1129,2018-05-28,2018-06-07,2019-06-06,12,1,44399000.0,both
3038,1130,2018-04-26,2018-05-09,2019-05-08,12,1,63027000.0,both
3039,1130,2019-06-02,2019-06-06,2020-06-05,12,1,79342000.0,both
3040,1131,2018-06-01,2018-06-16,2021-06-15,36,1,27145000.0,both
3040,1131,2018-06-01,2019-06-16,2021-06-15,36,2,27145000.0,both
3040,1131,2018-06-01,2020-06-16,2021-06-15,36,3,27145000.0,both
3041,1131,2021-06-03,2021-06-16,2022-06-15,12,1,27569000.0,both
3042,1131,2022-06-09,2022-06-16,2025-06-15,36,1,16313000.0,both
3042,1131,2022-06-09,2023-06-16,2025-06-15,36,2,16313000.0,both
3042,1131,2022-06-09,2024-06-16,2025-06-15,36,3,16313000.0,both
3043,1132,2019-05-09,2019-05-12,2020-05-11,12,1,72090000.0,diag
3044,1132,2020-05-19,2020-05-30,2021-05-29,12,1,31335000.0,diag
3045,1132,2021-05-18,2021-05-30,2022-05-29,12,1,130832000.0,diag
3046,1133,2021-06-25,2021-07-05,2022-07-04,12,1,21548000.0,diag
3047,1134,2015-04-17,2015-04-23,2016-04-22,12,1,88331000.0,both
3048,1134,2016-04-23,2016-04-23,2017-04-22,12,1,71540000.0,both
3049,1134,2017-04-06,2017-04-23,2019-04-22,24,1,52351000.0,both
3049,1134,2017-04-06,2018-04-23,2019-04-22,24,2,52351000.0,both
3050,1134,2019-04-21,2019-04-23,2020-04-22,12,1,85137000.0,both
3051,1135,2019-12-18,2020-01-03,2023-01-02,36,1,73978000.0,diag
3051,1135,2019-12-18,2021-01-03,2023-01-02,36,2,73978000.0,diag
3051,1135,2019-12-18,2022-01-03,2023-01-02,36,3,73978000.0,diag
3052,1136,2022-06-04,2022-06-17,2023-06-16,12,1,95177000.0,both
3053,1136,2023-07-12,2023-07-15,2024-07-14,12,1,158591000.0,both
3054,1136,2024-07-09,2024-07-15,2026-07-14,24,1,138764000.0,both
3054,1136,2024-07-09,2025-07-15,2026-07-14,24,2,138764000.0,both
3055,1137,2020-10-20,2020-11-01,2023-10-31,36,1,27213000.0,posting
3055,1137,2020-10-20,2021-11-01,2023-10-31,36,2,27213000.0,posting
3055,1137,2020-10-20,2022-11-01,2023-10-31,36,3,27213000.0,posting
3056,1138,2021-07-10,2021-07-24,2022-07-23,12,1,170410000.0,diag
3057,1138,2022-08-13,2022-08-28,2023-08-27,12,1,96362000.0,diag
3058,1138,2023-08-22,2023-08-28,2024-08-27,12,1,103320000.0,diag
3059,1138,2024-08-28,2024-08-28,2025-08-27,12,1,149308000.0,diag
3060,1138,2025-09-15,2025-09-30,2026-09-29,12,1,126220000.0,diag
3061,1139,2021-04-14,2021-04-22,2022-04-21,12,1,121071000.0,both
3062,1139,2022-04-19,2022-04-22,2023-04-21,12,1,161826000.0,both
3063,1139,2023-04-11,2023-04-22,2024-04-21,12,1,110568000.0,both
3064,1139,2024-04-03,2024-04-22,2025-04-21,12,1,98288000.0,both
3065,1139,2025-04-16,2025-04-22,2026-04-21,12,1,113759000.0,both
3066,1140,2015-01-10,2015-01-27,2017-01-26,24,1,65592000.0,both
3066,1140,2015-01-10,2016-01-27,2017-01-26,24,2,65592000.0,both
3067,1141,2015-10-12,2015-10-25,2016-10-24,12,1,25935000.0,diag
3068,1141,2016-11-12,2016-11-17,2017-11-16,12,1,23701000.0,diag
3069,1141,2016-11-15,2016-11-22,2017-11-16,12,1,11455000.0,diag
3070,1141,2017-11-09,2017-11-17,2018-11-16,12,1,32037000.0,diag
3071,1141,2018-11-17,2018-11-17,2019-11-16,12,1,42439000.0,diag
3072,1141,2018-11-20,2018-11-22,2019-11-16,12,1,9031000.0,diag
3073,1141,2019-11-17,2019-11-17,2020-11-16,12,1,37483000.0,diag
3074,1141,2020-10-31,2020-11-17,2021-11-16,12,1,27763000.0,diag
3075,1142,2018-12-15,2019-01-01,2020-12-31,24,1,126380000.0,both
3075,1142,2018-12-15,2020-01-01,2020-12-31,24,2,126380000.0,both
3076,1142,2020-12-29,2021-01-01,2021-12-31,12,1,103062000.0,both
3077,1142,2021-12-28,2022-01-12,2023-01-11,12,1,105531000.0,both
3078,1142,2021-12-31,2022-01-17,2023-01-11,12,1,35456000.0,both
3079,1142,2022-12-24,2023-01-12,2026-01-11,36,1,113740000.0,both
3079,1142,2022-12-24,2024-01-12,2026-01-11,36,2,113740000.0,both
3079,1142,2022-12-24,2025-01-12,2026-01-11,36,3,113740000.0,both
3080,1142,2026-02-05,2026-02-16,2027-02-15,12,1,74685000.0,both
3081,1143,2018-12-27,2019-01-14,2021-01-13,24,1,42738000.0,diag
3081,1143,2018-12-27,2020-01-14,2021-01-13,24,2,42738000.0,diag
3082,1143,2021-01-04,2021-01-14,2022-01-13,12,1,53796000.0,diag
3083,1144,2021-09-24,2021-09-25,2022-09-24,12,1,38503000.0,diag
3084,1144,2022-09-26,2022-10-08,2023-10-07,12,1,78550000.0,diag
3085,1144,2023-10-08,2023-10-18,2024-10-17,12,1,50200000.0,diag
3086,1144,2024-10-07,2024-10-18,2025-10-17,12,1,34950000.0,diag
3087,1144,2025-10-04,2025-10-18,2026-10-17,12,1,32894000.0,diag
3088,1145,2023-02-13,2023-02-17,2024-02-16,12,1,28595000.0,posting
3089,1145,2024-02-12,2024-02-17,2026-02-16,24,1,19813000.0,posting
3089,1145,2024-02-12,2025-02-17,2026-02-16,24,2,19813000.0,posting
3090,1145,2026-02-02,2026-02-17,2027-02-16,12,1,21337000.0,posting
3091,1146,2021-07-27,2021-08-03,2023-08-02,24,1,34930000.0,diag
3091,1146,2021-07-27,2022-08-03,2023-08-02,24,2,34930000.0,diag
3092,1146,2023-08-02,2023-08-03,2024-08-02,12,1,39827000.0,diag
3093,1146,2024-07-30,2024-08-03,2025-08-02,12,1,42214000.0,diag
3094,1147,2018-11-01,2018-11-10,2019-11-09,12,1,81101000.0,both
3095,1147,2019-11-18,2019-12-02,2020-12-01,12,1,66989000.0,both
3096,1147,2020-11-19,2020-12-04,2021-12-03,12,1,134572000.0,both
3097,1147,2021-11-15,2021-12-04,2023-12-03,24,1,71269000.0,both
3097,1147,2021-11-15,2022-12-04,2023-12-03,24,2,71269000.0,both
3098,1147,2023-11-16,2023-12-04,2024-12-03,12,1,56261000.0,both
3099,1147,2024-11-29,2024-12-04,2025-12-03,12,1,117441000.0,both
3100,1147,2025-11-30,2025-12-04,2026-12-03,12,1,82969000.0,both
3101,1148,2022-03-21,2022-03-27,2023-03-26,12,1,107151000.0,diag
3102,1148,2023-03-23,2023-03-28,2024-03-27,12,1,197802000.0,diag
3103,1148,2024-03-13,2024-03-28,2025-03-27,12,1,82339000.0,diag
3104,1148,2025-03-15,2025-03-28,2026-03-27,12,1,88534000.0,diag
3105,1148,2026-03-28,2026-03-28,2028-03-27,24,1,102366000.0,diag
3105,1148,2026-03-28,2027-03-28,2028-03-27,24,2,102366000.0,diag
3106,1149,2021-12-01,2021-12-19,2024-12-18,36,1,105015000.0,both
3106,1149,2021-12-01,2022-12-19,2024-12-18,36,2,105015000.0,both
3106,1149,2021-12-01,2023-12-19,2024-12-18,36,3,105015000.0,both
3107,1149,2024-12-05,2024-12-19,2025-12-18,12,1,81694000.0,both
3108,1149,2025-12-16,2025-12-19,2027-12-18,24,1,95578000.0,both
3108,1149,2025-12-16,2026-12-19,2027-12-18,24,2,95578000.0,both
3109,1150,2019-09-14,2019-10-01,2020-09-30,12,1,35531000.0,posting
3110,1151,2020-08-28,2020-09-13,2021-09-12,12,1,57340000.0,diag
3111,1152,2020-05-14,2020-06-02,2021-06-01,12,1,66521000.0,posting
3112,1153,2023-05-19,2023-06-06,2025-06-05,24,1,26288000.0,both
3112,1153,2023-05-19,2024-06-06,2025-06-05,24,2,26288000.0,both
3113,1153,2025-06-03,2025-06-06,2028-06-05,36,1,18699000.0,both
3113,1153,2025-06-03,2026-06-06,2028-06-05,36,2,18699000.0,both
3113,1153,2025-06-03,2027-06-06,2028-06-05,36,3,18699000.0,both
3114,1154,2020-03-08,2020-03-15,2021-03-14,12,1,35181000.0,posting
3115,1154,2021-03-08,2021-03-15,2022-03-14,12,1,62439000.0,posting
3116,1155,2022-05-07,2022-05-19,2024-05-18,24,1,50502000.0,diag
3116,1155,2022-05-07,2023-05-19,2024-05-18,24,2,50502000.0,diag
3117,1156,2020-04-30,2020-05-14,2021-05-13,12,1,33830000.0,diag
3118,1156,2021-06-14,2021-06-15,2022-06-14,12,1,44320000.0,diag
3119,1157,2020-11-07,2020-11-07,2021-11-06,12,1,43867000.0,diag
3120,1157,2020-11-10,2020-11-12,2021-11-06,12,1,7815000.0,diag
3121,1158,2022-03-06,2022-03-18,2024-03-17,24,1,83913000.0,both
3121,1158,2022-03-06,2023-03-18,2024-03-17,24,2,83913000.0,both
3122,1158,2024-03-12,2024-03-18,2027-03-17,36,1,48704000.0,both
3122,1158,2024-03-12,2025-03-18,2027-03-17,36,2,48704000.0,both
3122,1158,2024-03-12,2026-03-18,2027-03-17,36,3,48704000.0,both
3123,1159,2022-06-12,2022-06-13,2024-06-12,24,1,41736000.0,diag
3123,1159,2022-06-12,2023-06-13,2024-06-12,24,2,41736000.0,diag
3124,1160,2022-03-29,2022-04-17,2023-04-16,12,1,29551000.0,diag
3125,1160,2023-04-06,2023-04-17,2024-04-16,12,1,42592000.0,diag
3126,1160,2024-04-09,2024-04-17,2025-04-16,12,1,103297000.0,diag
3127,1161,2022-07-19,2022-08-04,2023-08-03,12,1,32010000.0,diag
3128,1161,2023-07-21,2023-08-04,2024-08-03,12,1,35517000.0,diag
3129,1162,2020-08-08,2020-08-27,2021-08-26,12,1,29707000.0,posting
3130,1163,2020-04-26,2020-05-05,2021-05-04,12,1,84326000.0,diag
3131,1164,2015-08-29,2015-09-01,2016-08-31,12,1,42187000.0,posting
3132,1165,2019-01-23,2019-01-25,2020-01-24,12,1,64054000.0,both
3133,1165,2020-01-21,2020-01-25,2021-01-24,12,1,96905000.0,both
3134,1165,2021-01-16,2021-01-25,2022-01-24,12,1,108504000.0,both
3135,1165,2022-01-14,2022-01-25,2023-01-24,12,1,87428000.0,both
3136,1165,2022-01-17,2022-01-30,2023-01-24,12,1,25189000.0,both
3137,1165,2023-01-21,2023-01-25,2025-01-24,24,1,93033000.0,both
3137,1165,2023-01-21,2024-01-25,2025-01-24,24,2,93033000.0,both
3138,1166,2018-12-22,2018-12-27,2019-12-26,12,1,18410000.0,posting
3139,1167,2019-10-26,2019-11-13,2020-11-12,12,1,67837000.0,both
3140,1167,2020-11-04,2020-11-13,2021-11-12,12,1,140404000.0,both
3141,1167,2021-11-12,2021-11-13,2022-11-12,12,1,58821000.0,both
3142,1167,2022-11-07,2022-11-13,2023-11-12,12,1,58634000.0,both
3143,1167,2023-11-14,2023-11-16,2024-11-15,12,1,60454000.0,both
3144,1167,2024-11-13,2024-11-16,2025-11-15,12,1,89679000.0,both
3145,1167,2025-11-11,2025-11-16,2026-11-15,12,1,82361000.0,both
3146,1168,2023-07-21,2023-07-22,2024-07-21,12,1,116598000.0,posting
3147,1168,2024-07-11,2024-07-22,2025-07-21,12,1,57078000.0,posting
3148,1169,2023-07-14,2023-07-26,2024-07-25,12,1,25266000.0,posting
3149,1170,2022-09-07,2022-09-09,2023-09-08,12,1,56529000.0,diag
3150,1171,2020-05-25,2020-06-02,2021-06-01,12,1,68139000.0,both
3151,1171,2021-05-19,2021-06-02,2022-06-01,12,1,28012000.0,both
3152,1172,2023-07-31,2023-08-12,2024-08-11,12,1,54928000.0,both
3153,1172,2024-07-25,2024-08-12,2025-08-11,12,1,53249000.0,both
3154,1172,2025-08-11,2025-08-12,2028-08-11,36,1,139543000.0,both
3154,1172,2025-08-11,2026-08-12,2028-08-11,36,2,139543000.0,both
3154,1172,2025-08-11,2027-08-12,2028-08-11,36,3,139543000.0,both
3155,1173,2018-02-17,2018-03-02,2019-03-01,12,1,23851000.0,posting
3156,1174,2020-05-23,2020-06-11,2021-06-10,12,1,108878000.0,both
3157,1174,2021-06-01,2021-06-11,2022-06-10,12,1,148985000.0,both
3158,1174,2022-06-03,2022-06-11,2023-06-10,12,1,205589000.0,both
3159,1174,2023-07-07,2023-07-18,2025-07-17,24,1,180685000.0,both
3159,1174,2023-07-07,2024-07-18,2025-07-17,24,2,180685000.0,both
3160,1174,2025-07-06,2025-07-18,2026-07-17,12,1,105900000.0,both
3161,1175,2022-04-26,2022-05-03,2024-05-02,24,1,164980000.0,both
3161,1175,2022-04-26,2023-05-03,2024-05-02,24,2,164980000.0,both
3162,1175,2024-04-15,2024-05-03,2026-05-02,24,1,80770000.0,both
3162,1175,2024-04-15,2025-05-03,2026-05-02,24,2,80770000.0,both
3163,1175,2026-04-18,2026-05-03,2027-05-02,12,1,132375000.0,both
3164,1176,2019-07-13,2019-07-24,2020-07-23,12,1,42156000.0,both
3165,1176,2019-07-16,2019-07-29,2020-07-23,12,1,9319000.0,both
3166,1176,2020-08-23,2020-08-31,2022-08-30,24,1,57780000.0,both
3166,1176,2020-08-23,2021-08-31,2022-08-30,24,2,57780000.0,both
3167,1176,2022-08-22,2022-09-08,2023-09-07,12,1,41303000.0,both
3168,1176,2023-09-05,2023-09-08,2025-09-07,24,1,54541000.0,both
3168,1176,2023-09-05,2024-09-08,2025-09-07,24,2,54541000.0,both
3169,1177,2015-04-09,2015-04-26,2016-04-25,12,1,32283000.0,diag
3170,1177,2016-04-15,2016-04-26,2017-04-25,12,1,34399000.0,diag
3171,1178,2021-12-05,2021-12-20,2022-12-19,12,1,19782000.0,posting
3172,1179,2023-05-06,2023-05-07,2024-05-06,12,1,48169000.0,posting
3173,1179,2024-04-29,2024-05-07,2025-05-06,12,1,33695000.0,posting
3174,1179,2025-04-23,2025-05-07,2026-05-06,12,1,37373000.0,posting
3175,1179,2026-04-24,2026-05-07,2027-05-06,12,1,38635000.0,posting
3176,1180,2019-05-30,2019-06-16,2020-06-15,12,1,25441000.0,diag
3177,1180,2020-06-05,2020-06-16,2021-06-15,12,1,82460000.0,diag
3178,1180,2021-06-13,2021-06-16,2022-06-15,12,1,30241000.0,diag
3179,1181,2019-09-26,2019-10-13,2020-10-12,12,1,122095000.0,both
3180,1181,2020-10-09,2020-10-13,2021-10-12,12,1,98622000.0,both
3181,1182,2022-08-15,2022-08-24,2023-08-23,12,1,101075000.0,both
3182,1182,2023-08-27,2023-09-02,2024-09-01,12,1,43890000.0,both
3183,1182,2024-08-25,2024-09-02,2025-09-01,12,1,103347000.0,both
3184,1182,2025-08-27,2025-09-02,2027-09-01,24,1,60511000.0,both
3184,1182,2025-08-27,2026-09-02,2027-09-01,24,2,60511000.0,both
3185,1183,2022-05-26,2022-06-09,2023-06-08,12,1,32908000.0,diag
3186,1184,2020-11-22,2020-12-01,2021-11-30,12,1,85085000.0,diag
3187,1184,2021-12-02,2021-12-11,2022-12-10,12,1,58089000.0,diag
3188,1185,2023-06-01,2023-06-17,2024-06-16,12,1,60758000.0,both
3189,1185,2024-07-29,2024-07-31,2025-07-30,12,1,95442000.0,both
3190,1185,2025-07-29,2025-08-11,2026-08-10,12,1,192263000.0,both
3191,1186,2018-06-07,2018-06-17,2019-06-16,12,1,78165000.0,both
3192,1187,2023-01-05,2023-01-14,2025-01-13,24,1,23747000.0,diag
3192,1187,2023-01-05,2024-01-14,2025-01-13,24,2,23747000.0,diag
3193,1187,2023-01-08,2023-01-19,2025-01-13,24,1,9014000.0,diag
3194,1188,2022-04-30,2022-05-06,2023-05-05,12,1,41358000.0,diag
3195,1189,2021-02-09,2021-02-10,2023-02-09,24,1,44876000.0,posting
3195,1189,2021-02-09,2022-02-10,2023-02-09,24,2,44876000.0,posting
3196,1190,2022-04-17,2022-05-06,2023-05-05,12,1,85148000.0,both
3197,1190,2023-04-20,2023-05-06,2024-05-05,12,1,67731000.0,both
3198,1190,2024-05-06,2024-05-06,2025-05-05,12,1,136517000.0,both
3199,1190,2025-04-22,2025-05-06,2026-05-05,12,1,100304000.0,both
3200,1191,2019-07-01,2019-07-13,2020-07-12,12,1,78716000.0,posting
3201,1191,2020-07-08,2020-07-13,2021-07-12,12,1,66924000.0,posting
3202,1192,2021-06-16,2021-06-27,2022-06-26,12,1,47055000.0,diag
3203,1193,2023-11-24,2023-12-09,2026-12-08,36,1,82284000.0,both
3203,1193,2023-11-24,2024-12-09,2026-12-08,36,2,82284000.0,both
3203,1193,2023-11-24,2025-12-09,2026-12-08,36,3,82284000.0,both
3204,1194,2023-01-18,2023-01-24,2024-01-23,12,1,63989000.0,both
3205,1194,2024-01-13,2024-01-24,2026-01-23,24,1,83600000.0,both
3205,1194,2024-01-13,2025-01-24,2026-01-23,24,2,83600000.0,both
3206,1194,2024-01-16,2024-01-29,2026-01-23,24,1,20191000.0,both
3207,1195,2019-03-23,2019-03-27,2020-03-26,12,1,37646000.0,diag
3208,1195,2020-03-15,2020-03-27,2021-03-26,12,1,95151000.0,diag
3209,1196,2020-08-05,2020-08-12,2021-08-11,12,1,83405000.0,both
3210,1196,2020-08-08,2020-08-17,2021-08-11,12,1,30177000.0,both
3211,1196,2021-09-08,2021-09-13,2022-09-12,12,1,42740000.0,both
3212,1196,2022-08-31,2022-09-13,2023-09-12,12,1,97759000.0,both
3213,1196,2023-10-10,2023-10-10,2025-10-09,24,1,66980000.0,both
3213,1196,2023-10-10,2024-10-10,2025-10-09,24,2,66980000.0,both
3214,1196,2025-10-09,2025-10-10,2026-10-09,12,1,108578000.0,both
3215,1197,2022-12-14,2022-12-20,2023-12-19,12,1,51811000.0,diag
3216,1197,2023-12-16,2023-12-24,2024-12-23,12,1,18025000.0,diag
3217,1198,2022-03-26,2022-04-04,2023-04-03,12,1,60287000.0,diag
3218,1198,2022-03-29,2022-04-09,2023-04-03,12,1,15894000.0,diag
3219,1198,2023-05-06,2023-05-11,2024-05-10,12,1,58162000.0,diag
3220,1198,2023-05-09,2023-05-16,2024-05-10,12,1,7034000.0,diag
3221,1198,2024-05-08,2024-05-11,2025-05-10,12,1,68285000.0,diag
3222,1198,2024-05-11,2024-05-16,2025-05-10,12,1,11786000.0,diag
3223,1198,2025-04-30,2025-05-11,2026-05-10,12,1,59429000.0,diag
3224,1198,2026-04-26,2026-05-11,2027-05-10,12,1,43548000.0,diag
3225,1199,2019-07-08,2019-07-27,2020-07-26,12,1,83821000.0,both
3226,1199,2020-07-20,2020-07-27,2022-07-26,24,1,92011000.0,both
3226,1199,2020-07-20,2021-07-27,2022-07-26,24,2,92011000.0,both
3227,1199,2022-07-25,2022-07-27,2023-07-26,12,1,158668000.0,both
3228,1200,2023-05-11,2023-05-11,2024-05-10,12,1,21442000.0,diag
3229,1201,2022-06-16,2022-06-24,2023-06-23,12,1,37078000.0,diag
3230,1202,2023-02-23,2023-03-05,2024-03-04,12,1,51723000.0,diag
3231,1202,2024-02-27,2024-03-05,2025-03-04,12,1,32743000.0,diag
3232,1202,2024-03-01,2024-03-10,2025-03-04,12,1,7521000.0,diag
3233,1203,2022-05-27,2022-06-05,2023-06-04,12,1,125916000.0,diag
3234,1204,2022-01-27,2022-02-15,2023-02-14,12,1,35341000.0,both
3235,1205,2022-01-14,2022-01-26,2023-01-25,12,1,105102000.0,both
3236,1206,2021-01-06,2021-01-06,2022-01-05,12,1,27478000.0,both
3237,1207,2022-09-14,2022-09-18,2023-09-17,12,1,80427000.0,both
3238,1208,2022-04-12,2022-04-12,2023-04-11,12,1,81243000.0,both
3239,1208,2023-04-27,2023-05-15,2026-05-14,36,1,128937000.0,both
3239,1208,2023-04-27,2024-05-15,2026-05-14,36,2,128937000.0,both
3239,1208,2023-04-27,2025-05-15,2026-05-14,36,3,128937000.0,both
3240,1209,2018-06-05,2018-06-13,2019-06-12,12,1,29744000.0,diag
3241,1210,2021-09-08,2021-09-27,2022-09-26,12,1,25814000.0,posting
3242,1210,2022-09-20,2022-09-27,2023-09-26,12,1,42228000.0,posting
3243,1211,2022-02-05,2022-02-16,2023-02-15,12,1,54766000.0,diag
3244,1211,2023-02-10,2023-02-16,2024-02-15,12,1,52280000.0,diag
3245,1212,2021-06-18,2021-07-07,2022-07-06,12,1,52875000.0,posting
3246,1212,2022-06-29,2022-07-07,2023-07-06,12,1,29115000.0,posting
3247,1212,2023-06-19,2023-07-07,2024-07-06,12,1,25223000.0,posting
3248,1213,2023-06-03,2023-06-21,2024-06-20,12,1,72372000.0,diag
3249,1213,2024-06-15,2024-06-30,2025-06-29,12,1,71379000.0,diag
3250,1213,2025-06-30,2025-07-14,2026-07-13,12,1,46431000.0,diag
3251,1214,2019-09-08,2019-09-21,2020-09-20,12,1,33727000.0,diag
3252,1215,2020-06-20,2020-06-20,2022-06-19,24,1,120262000.0,both
3252,1215,2020-06-20,2021-06-20,2022-06-19,24,2,120262000.0,both
3253,1216,2020-07-03,2020-07-10,2023-07-09,36,1,42390000.0,both
3253,1216,2020-07-03,2021-07-10,2023-07-09,36,2,42390000.0,both
3253,1216,2020-07-03,2022-07-10,2023-07-09,36,3,42390000.0,both
3254,1217,2022-03-05,2022-03-22,2023-03-21,12,1,36229000.0,posting
3255,1217,2023-03-04,2023-03-22,2026-03-21,36,1,37056000.0,posting
3255,1217,2023-03-04,2024-03-22,2026-03-21,36,2,37056000.0,posting
3255,1217,2023-03-04,2025-03-22,2026-03-21,36,3,37056000.0,posting
3256,1218,2018-09-13,2018-09-22,2019-09-21,12,1,46754000.0,both
3257,1218,2019-09-16,2019-09-22,2020-09-21,12,1,31874000.0,both
3258,1218,2020-09-11,2020-09-22,2021-09-21,12,1,84154000.0,both
3259,1218,2021-09-03,2021-09-22,2022-09-21,12,1,91863000.0,both
3260,1218,2022-09-03,2022-09-22,2023-09-21,12,1,62423000.0,both
3261,1218,2023-09-20,2023-09-22,2024-09-21,12,1,46454000.0,both
3262,1219,2023-04-07,2023-04-11,2024-04-10,12,1,109626000.0,both
3263,1219,2024-03-24,2024-04-11,2025-04-10,12,1,97151000.0,both
3264,1219,2025-03-31,2025-04-15,2026-04-14,12,1,126500000.0,both
3265,1219,2026-04-03,2026-04-15,2027-04-14,12,1,73402000.0,both
3266,1220,2021-09-06,2021-09-16,2022-09-15,12,1,70023000.0,posting
3267,1220,2022-08-29,2022-09-16,2023-09-15,12,1,83109000.0,posting
3268,1220,2023-10-15,2023-10-25,2024-10-24,12,1,64739000.0,posting
3269,1220,2024-10-22,2024-10-25,2025-10-24,12,1,59854000.0,posting
3270,1220,2025-10-20,2025-10-25,2026-10-24,12,1,55197000.0,posting
3271,1221,2023-05-30,2023-06-05,2025-06-04,24,1,21044000.0,diag
3271,1221,2023-05-30,2024-06-05,2025-06-04,24,2,21044000.0,diag
3272,1221,2025-05-18,2025-06-05,2026-06-04,12,1,26609000.0,diag
3273,1222,2019-10-11,2019-10-18,2022-10-17,36,1,18405000.0,both
3273,1222,2019-10-11,2020-10-18,2022-10-17,36,2,18405000.0,both
3273,1222,2019-10-11,2021-10-18,2022-10-17,36,3,18405000.0,both
3274,1222,2022-10-10,2022-10-18,2025-10-17,36,1,23289000.0,both
3274,1222,2022-10-10,2023-10-18,2025-10-17,36,2,23289000.0,both
3274,1222,2022-10-10,2024-10-18,2025-10-17,36,3,23289000.0,both
3275,1223,2021-12-09,2021-12-20,2022-12-19,12,1,43144000.0,both
3276,1223,2022-12-16,2022-12-20,2023-12-19,12,1,34177000.0,both
3277,1223,2023-12-26,2024-01-06,2026-01-05,24,1,26524000.0,both
3277,1223,2023-12-26,2025-01-06,2026-01-05,24,2,26524000.0,both
3278,1223,2025-12-27,2026-01-06,2029-01-05,36,1,42229000.0,both
3278,1223,2025-12-27,2027-01-06,2029-01-05,36,2,42229000.0,both
3278,1223,2025-12-27,2028-01-06,2029-01-05,36,3,42229000.0,both
3279,1224,2022-03-02,2022-03-14,2025-03-13,36,1,33900000.0,posting
3279,1224,2022-03-02,2023-03-14,2025-03-13,36,2,33900000.0,posting
3279,1224,2022-03-02,2024-03-14,2025-03-13,36,3,33900000.0,posting
3280,1224,2025-03-10,2025-03-26,2028-03-25,36,1,19592000.0,posting
3280,1224,2025-03-10,2026-03-26,2028-03-25,36,2,19592000.0,posting
3280,1224,2025-03-10,2027-03-26,2028-03-25,36,3,19592000.0,posting
3281,1225,2022-12-18,2022-12-20,2023-12-19,12,1,186605000.0,both
3282,1225,2022-12-21,2022-12-25,2023-12-19,12,1,27088000.0,both
3283,1226,2021-05-10,2021-05-22,2022-05-21,12,1,41154000.0,diag
3284,1226,2022-05-21,2022-05-22,2023-05-21,12,1,66391000.0,diag
3285,1226,2023-06-20,2023-07-05,2024-07-04,12,1,50197000.0,diag
3286,1226,2023-06-23,2023-07-10,2024-07-04,12,1,15371000.0,diag
3287,1226,2024-06-22,2024-07-05,2025-07-04,12,1,62726000.0,diag
3288,1226,2025-06-27,2025-07-05,2026-07-04,12,1,46606000.0,diag
3289,1227,2019-08-28,2019-09-05,2020-09-04,12,1,58188000.0,both
3290,1228,2022-08-18,2022-08-22,2024-08-21,24,1,28665000.0,posting
3290,1228,2022-08-18,2023-08-22,2024-08-21,24,2,28665000.0,posting
3291,1228,2024-08-17,2024-08-22,2025-08-21,12,1,23669000.0,posting
3292,1229,2021-11-07,2021-11-19,2022-11-18,12,1,42982000.0,posting
3293,1230,2020-05-22,2020-06-08,2021-06-07,12,1,21784000.0,posting
3294,1230,2021-05-25,2021-06-08,2022-06-07,12,1,29378000.0,posting
3295,1231,2022-02-28,2022-03-09,2023-03-08,12,1,31853000.0,both
3296,1231,2023-02-19,2023-03-09,2024-03-08,12,1,42829000.0,both
3297,1231,2024-03-02,2024-03-09,2026-03-08,24,1,30303000.0,both
3297,1231,2024-03-02,2025-03-09,2026-03-08,24,2,30303000.0,both
3298,1231,2026-02-28,2026-03-09,2027-03-08,12,1,48981000.0,both
3299,1232,2023-07-03,2023-07-13,2024-07-12,12,1,116570000.0,both
3300,1233,2019-05-18,2019-06-06,2020-06-05,12,1,28868000.0,diag
3301,1233,2020-06-01,2020-06-06,2021-06-05,12,1,24886000.0,diag
3302,1233,2021-07-10,2021-07-13,2022-07-12,12,1,37951000.0,diag
3303,1233,2022-07-08,2022-07-13,2024-07-12,24,1,24728000.0,diag
3303,1233,2022-07-08,2023-07-13,2024-07-12,24,2,24728000.0,diag
3304,1234,2023-05-18,2023-05-27,2024-05-26,12,1,39387000.0,both
3305,1234,2024-05-25,2024-05-27,2025-05-26,12,1,31505000.0,both
3306,1234,2025-05-17,2025-05-27,2026-05-26,12,1,36558000.0,both
3307,1234,2026-05-18,2026-05-27,2027-05-26,12,1,22866000.0,both
3308,1234,2026-05-21,2026-06-01,2027-05-26,12,1,7567000.0,both
3309,1235,2018-06-08,2018-06-27,2021-06-26,36,1,93229000.0,posting
3309,1235,2018-06-08,2019-06-27,2021-06-26,36,2,93229000.0,posting
3309,1235,2018-06-08,2020-06-27,2021-06-26,36,3,93229000.0,posting
3310,1235,2021-07-01,2021-07-11,2022-07-10,12,1,42553000.0,posting
3311,1236,2020-02-17,2020-02-17,2021-02-16,12,1,94676000.0,diag
3312,1236,2021-03-16,2021-03-30,2022-03-29,12,1,77907000.0,diag
3313,1236,2022-03-17,2022-03-30,2023-03-29,12,1,71458000.0,diag
3314,1236,2023-04-25,2023-05-07,2024-05-06,12,1,110621000.0,diag
3315,1236,2024-05-04,2024-05-07,2025-05-06,12,1,69041000.0,diag
3316,1237,2019-12-19,2019-12-21,2020-12-20,12,1,99489000.0,diag
3317,1238,2021-04-27,2021-05-15,2022-05-14,12,1,55886000.0,diag
3318,1238,2022-05-14,2022-05-15,2023-05-14,12,1,58353000.0,diag
3319,1238,2023-05-29,2023-06-16,2025-06-15,24,1,40699000.0,diag
3319,1238,2023-05-29,2024-06-16,2025-06-15,24,2,40699000.0,diag
3320,1238,2025-06-30,2025-07-10,2027-07-09,24,1,50353000.0,diag
3320,1238,2025-06-30,2026-07-10,2027-07-09,24,2,50353000.0,diag
3321,1239,2020-09-08,2020-09-09,2021-09-08,12,1,119849000.0,both
3322,1239,2021-09-08,2021-09-09,2022-09-08,12,1,155859000.0,both
3323,1239,2022-09-05,2022-09-09,2023-09-08,12,1,118296000.0,both
3324,1240,2022-09-04,2022-09-07,2023-09-06,12,1,32505000.0,posting
3325,1240,2022-09-07,2022-09-12,2023-09-06,12,1,10256000.0,posting
3326,1240,2023-08-23,2023-09-07,2025-09-06,24,1,33425000.0,posting
3326,1240,2023-08-23,2024-09-07,2025-09-06,24,2,33425000.0,posting
3327,1241,2020-10-21,2020-10-21,2021-10-20,12,1,29094000.0,both
3328,1242,2021-08-24,2021-09-01,2022-08-31,12,1,83065000.0,diag
3329,1243,2021-12-13,2021-12-16,2022-12-15,12,1,32358000.0,diag
3330,1243,2021-12-16,2021-12-21,2022-12-15,12,1,10046000.0,diag
3331,1243,2023-01-23,2023-01-29,2024-01-28,12,1,28180000.0,diag
3332,1243,2024-01-25,2024-01-29,2025-01-28,12,1,43475000.0,diag
3333,1244,2023-12-02,2023-12-17,2024-12-16,12,1,55710000.0,diag
3334,1244,2023-12-05,2023-12-22,2024-12-16,12,1,15807000.0,diag
3335,1244,2024-11-30,2024-12-17,2026-12-16,24,1,69784000.0,diag
3335,1244,2024-11-30,2025-12-17,2026-12-16,24,2,69784000.0,diag
3336,1245,2022-07-29,2022-08-10,2023-08-09,12,1,157921000.0,diag
3337,1245,2023-08-09,2023-08-10,2025-08-09,24,1,124492000.0,diag
3337,1245,2023-08-09,2024-08-10,2025-08-09,24,2,124492000.0,diag
3338,1245,2025-08-10,2025-08-10,2027-08-09,24,1,147457000.0,diag
3338,1245,2025-08-10,2026-08-10,2027-08-09,24,2,147457000.0,diag
3339,1246,2019-10-19,2019-10-27,2020-10-26,12,1,78999000.0,posting
3340,1247,2023-09-09,2023-09-14,2024-09-13,12,1,54102000.0,diag
3341,1247,2024-08-29,2024-09-14,2025-09-13,12,1,44816000.0,diag
3342,1248,2018-03-02,2018-03-07,2019-03-06,12,1,62676000.0,both
3343,1249,2018-12-03,2018-12-16,2019-12-15,12,1,108515000.0,diag
3344,1249,2019-11-28,2019-12-16,2022-12-15,36,1,65271000.0,diag
3344,1249,2019-11-28,2020-12-16,2022-12-15,36,2,65271000.0,diag
3344,1249,2019-11-28,2021-12-16,2022-12-15,36,3,65271000.0,diag
3345,1250,2023-06-01,2023-06-09,2024-06-08,12,1,86789000.0,both
3346,1250,2023-06-04,2023-06-14,2024-06-08,12,1,34737000.0,both
3347,1250,2024-05-22,2024-06-09,2025-06-08,12,1,128546000.0,both
3348,1250,2025-05-25,2025-06-09,2026-06-08,12,1,107792000.0,both
3349,1250,2025-05-28,2025-06-14,2026-06-08,12,1,31327000.0,both
3350,1251,2020-04-14,2020-04-27,2021-04-26,12,1,142906000.0,both
3351,1251,2021-05-07,2021-05-21,2022-05-20,12,1,74431000.0,both
3352,1251,2022-05-13,2022-05-21,2025-05-20,36,1,85883000.0,both
3352,1251,2022-05-13,2023-05-21,2025-05-20,36,2,85883000.0,both
3352,1251,2022-05-13,2024-05-21,2025-05-20,36,3,85883000.0,both
3353,1251,2025-05-20,2025-05-21,2026-05-20,12,1,150950000.0,both
3354,1251,2026-05-17,2026-05-21,2027-05-20,12,1,42372000.0,both
3355,1252,2023-03-04,2023-03-08,2024-03-07,12,1,56934000.0,both
3356,1252,2024-02-20,2024-03-08,2025-03-07,12,1,49380000.0,both
3357,1253,2021-07-08,2021-07-20,2022-07-19,12,1,50399000.0,both
3358,1253,2022-07-12,2022-07-20,2023-07-19,12,1,30309000.0,both
3359,1254,2019-04-17,2019-04-21,2020-04-20,12,1,56022000.0,diag
3360,1254,2020-04-05,2020-04-21,2021-04-20,12,1,61148000.0,diag
3361,1254,2021-04-19,2021-04-21,2023-04-20,24,1,63204000.0,diag
3361,1254,2021-04-19,2022-04-21,2023-04-20,24,2,63204000.0,diag
3362,1254,2023-04-21,2023-04-21,2026-04-20,36,1,47221000.0,diag
3362,1254,2023-04-21,2024-04-21,2026-04-20,36,2,47221000.0,diag
3362,1254,2023-04-21,2025-04-21,2026-04-20,36,3,47221000.0,diag
3363,1254,2026-04-10,2026-04-21,2027-04-20,12,1,56907000.0,diag
3364,1255,2020-06-09,2020-06-10,2021-06-09,12,1,54898000.0,posting
3365,1255,2021-06-07,2021-06-10,2022-06-09,12,1,90021000.0,posting
3366,1255,2022-05-29,2022-06-10,2023-06-09,12,1,64461000.0,posting
3367,1255,2023-06-20,2023-06-28,2024-06-27,12,1,63398000.0,posting
3368,1255,2024-06-11,2024-06-28,2025-06-27,12,1,27593000.0,posting
3369,1256,2020-06-15,2020-06-23,2021-06-22,12,1,50106000.0,both
3370,1256,2021-06-13,2021-06-23,2022-06-22,12,1,40072000.0,both
3371,1256,2022-06-14,2022-06-23,2023-06-22,12,1,43911000.0,both
3372,1256,2023-06-23,2023-06-23,2024-06-22,12,1,41074000.0,both
3373,1256,2024-06-10,2024-06-23,2025-06-22,12,1,63808000.0,both
3374,1257,2023-10-05,2023-10-23,2024-10-22,12,1,117153000.0,both
3375,1257,2024-10-25,2024-10-28,2025-10-27,12,1,111937000.0,both
3376,1257,2025-11-02,2025-11-03,2026-11-02,12,1,82987000.0,both
3377,1258,2023-04-05,2023-04-10,2024-04-09,12,1,97559000.0,diag
3378,1258,2024-04-08,2024-04-10,2025-04-09,12,1,193671000.0,diag
3379,1258,2025-03-24,2025-04-10,2026-04-09,12,1,191479000.0,diag
3380,1259,2019-09-14,2019-09-26,2020-09-25,12,1,51658000.0,diag
3381,1260,2022-11-03,2022-11-16,2023-11-15,12,1,63837000.0,diag
3382,1261,2023-10-03,2023-10-21,2024-10-20,12,1,54818000.0,posting
3383,1262,2023-01-11,2023-01-16,2024-01-15,12,1,54363000.0,posting
3384,1262,2024-01-12,2024-01-16,2025-01-15,12,1,59970000.0,posting
3385,1262,2025-02-11,2025-02-15,2026-02-14,12,1,57090000.0,posting
3386,1263,2020-09-19,2020-10-01,2021-09-30,12,1,141059000.0,posting
3387,1263,2021-09-23,2021-10-01,2024-09-30,36,1,153500000.0,posting
3387,1263,2021-09-23,2022-10-01,2024-09-30,36,2,153500000.0,posting
3387,1263,2021-09-23,2023-10-01,2024-09-30,36,3,153500000.0,posting
3388,1263,2021-09-26,2021-10-06,2024-09-30,36,1,62963000.0,posting
3389,1263,2024-10-13,2024-10-13,2026-10-12,24,1,271394000.0,posting
3389,1263,2024-10-13,2025-10-13,2026-10-12,24,2,271394000.0,posting
3390,1264,2021-12-12,2021-12-15,2023-12-14,24,1,25635000.0,posting
3390,1264,2021-12-12,2022-12-15,2023-12-14,24,2,25635000.0,posting
3391,1265,2021-10-03,2021-10-04,2022-10-03,12,1,58923000.0,diag
3392,1266,2020-03-05,2020-03-18,2022-03-17,24,1,83913000.0,both
3392,1266,2020-03-05,2021-03-18,2022-03-17,24,2,83913000.0,both
3393,1266,2022-03-06,2022-03-18,2024-03-17,24,1,92233000.0,both
3393,1266,2022-03-06,2023-03-18,2024-03-17,24,2,92233000.0,both
3394,1266,2024-03-07,2024-03-18,2025-03-17,12,1,101100000.0,both
3395,1266,2025-03-17,2025-03-18,2026-03-17,12,1,93658000.0,both
3396,1266,2025-03-20,2025-03-23,2026-03-17,12,1,37912000.0,both
3397,1267,2020-09-12,2020-09-17,2021-09-16,12,1,45499000.0,diag
3398,1267,2021-10-08,2021-10-09,2022-10-08,12,1,26494000.0,diag
3399,1267,2022-10-03,2022-10-09,2023-10-08,12,1,34380000.0,diag
3400,1268,2020-03-14,2020-03-16,2021-03-15,12,1,30688000.0,diag
3401,1269,2019-02-16,2019-03-03,2020-03-02,12,1,27475000.0,diag
3402,1269,2020-02-15,2020-03-03,2021-03-02,12,1,41319000.0,diag
3403,1270,2021-09-12,2021-09-15,2022-09-14,12,1,42217000.0,diag
3404,1270,2022-10-18,2022-10-18,2023-10-17,12,1,52276000.0,diag
3405,1270,2023-11-05,2023-11-20,2024-11-19,12,1,50969000.0,diag
3406,1270,2024-11-10,2024-11-20,2025-11-19,12,1,58760000.0,diag
3407,1270,2025-11-19,2025-11-20,2027-11-19,24,1,34784000.0,diag
3407,1270,2025-11-19,2026-11-20,2027-11-19,24,2,34784000.0,diag
3408,1271,2023-10-24,2023-11-05,2024-11-04,12,1,17535000.0,diag
3409,1272,2020-08-17,2020-08-27,2021-08-26,12,1,17245000.0,diag
3410,1272,2021-08-14,2021-08-27,2022-08-26,12,1,41567000.0,diag
3411,1273,2021-05-23,2021-06-09,2022-06-08,12,1,30350000.0,posting
3412,1274,2023-03-27,2023-03-27,2025-03-26,24,1,81278000.0,both
3412,1274,2023-03-27,2024-03-27,2025-03-26,24,2,81278000.0,both
3413,1274,2025-03-10,2025-03-27,2026-03-26,12,1,61102000.0,both
3414,1274,2026-04-01,2026-04-08,2027-04-07,12,1,56240000.0,both
3415,1275,2020-04-04,2020-04-09,2022-04-08,24,1,65988000.0,posting
3415,1275,2020-04-04,2021-04-09,2022-04-08,24,2,65988000.0,posting
3416,1276,2018-03-29,2018-04-14,2020-04-13,24,1,94591000.0,both
3416,1276,2018-03-29,2019-04-14,2020-04-13,24,2,94591000.0,both
3417,1276,2018-04-01,2018-04-19,2020-04-13,24,1,20310000.0,both
3418,1276,2020-04-06,2020-04-14,2021-04-13,12,1,130680000.0,both
3419,1276,2021-03-29,2021-04-14,2022-04-13,12,1,91421000.0,both
3420,1276,2022-05-13,2022-05-21,2025-05-20,36,1,112143000.0,both
3420,1276,2022-05-13,2023-05-21,2025-05-20,36,2,112143000.0,both
3420,1276,2022-05-13,2024-05-21,2025-05-20,36,3,112143000.0,both
3421,1277,2023-11-02,2023-11-05,2024-11-04,12,1,41720000.0,diag
3422,1278,2021-07-21,2021-08-06,2023-08-05,24,1,57143000.0,diag
3422,1278,2021-07-21,2022-08-06,2023-08-05,24,2,57143000.0,diag
3423,1278,2023-07-30,2023-08-06,2024-08-05,12,1,46933000.0,diag
3424,1278,2024-07-23,2024-08-06,2025-08-05,12,1,53899000.0,diag
3425,1279,2023-07-09,2023-07-23,2024-07-22,12,1,82910000.0,both
3426,1279,2024-07-11,2024-07-23,2025-07-22,12,1,53781000.0,both
3427,1280,2020-11-12,2020-12-01,2021-11-30,12,1,41433000.0,both
3428,1280,2021-12-04,2021-12-08,2022-12-07,12,1,45941000.0,both
3429,1280,2022-12-14,2022-12-27,2023-12-26,12,1,48428000.0,both
3430,1280,2023-12-08,2023-12-27,2024-12-26,12,1,49524000.0,both
3431,1280,2023-12-11,2024-01-01,2024-12-26,12,1,17319000.0,both
3432,1280,2024-12-23,2024-12-27,2025-12-26,12,1,47017000.0,both
3433,1280,2025-12-25,2025-12-27,2026-12-26,12,1,66063000.0,both
3434,1281,2022-06-07,2022-06-14,2023-06-13,12,1,36688000.0,posting
3435,1282,2018-06-29,2018-07-13,2019-07-12,12,1,58717000.0,both
3436,1283,2022-10-05,2022-10-16,2023-10-15,12,1,59813000.0,both
3437,1283,2023-10-02,2023-10-16,2024-10-15,12,1,58397000.0,both
3438,1283,2023-10-05,2023-10-21,2024-10-15,12,1,16927000.0,both
3439,1284,2023-05-20,2023-05-25,2024-05-24,12,1,15926000.0,diag
3440,1285,2020-11-11,2020-11-27,2021-11-26,12,1,42069000.0,posting
3441,1285,2021-11-22,2021-11-27,2022-11-26,12,1,29518000.0,posting
3442,1285,2022-11-14,2022-11-27,2023-11-26,12,1,50405000.0,posting
3443,1285,2022-11-17,2022-12-02,2023-11-26,12,1,12255000.0,posting
3444,1285,2023-11-20,2023-11-27,2024-11-26,12,1,71087000.0,posting
3445,1285,2024-11-17,2024-11-27,2025-11-26,12,1,61410000.0,posting
3446,1285,2025-11-20,2025-11-27,2026-11-26,12,1,28542000.0,posting
3447,1286,2021-12-29,2022-01-08,2024-01-07,24,1,403671000.0,both
3447,1286,2021-12-29,2023-01-08,2024-01-07,24,2,403671000.0,both
3448,1286,2022-01-01,2022-01-13,2024-01-07,24,1,56046000.0,both
3449,1286,2024-01-31,2024-01-31,2025-01-30,12,1,162832000.0,both
3450,1286,2025-01-17,2025-01-31,2026-01-30,12,1,142282000.0,both
3451,1286,2026-02-17,2026-02-18,2027-02-17,12,1,231220000.0,both
3452,1286,2026-02-20,2026-02-23,2027-02-17,12,1,73726000.0,both
3453,1287,2020-03-23,2020-03-25,2021-03-24,12,1,17888000.0,diag
3454,1287,2020-03-26,2020-03-30,2021-03-24,12,1,7955000.0,diag
3455,1288,2023-04-10,2023-04-24,2025-04-23,24,1,53291000.0,posting
3455,1288,2023-04-10,2024-04-24,2025-04-23,24,2,53291000.0,posting
3456,1289,2020-05-16,2020-05-16,2021-05-15,12,1,12757000.0,diag
3457,1290,2023-04-17,2023-05-06,2024-05-05,12,1,207640000.0,both
3458,1291,2021-02-10,2021-02-13,2024-02-12,36,1,165577000.0,diag
3458,1291,2021-02-10,2022-02-13,2024-02-12,36,2,165577000.0,diag
3458,1291,2021-02-10,2023-02-13,2024-02-12,36,3,165577000.0,diag
3459,1291,2024-01-26,2024-02-13,2025-02-12,12,1,111114000.0,diag
3460,1291,2025-02-07,2025-02-13,2026-02-12,12,1,102361000.0,diag
3461,1291,2026-02-13,2026-02-13,2027-02-12,12,1,176650000.0,diag
3462,1292,2019-07-12,2019-07-27,2020-07-26,12,1,67908000.0,diag
3463,1292,2020-07-24,2020-07-27,2021-07-26,12,1,45607000.0,diag
3464,1293,2018-06-19,2018-07-07,2021-07-06,36,1,117099000.0,diag
3464,1293,2018-06-19,2019-07-07,2021-07-06,36,2,117099000.0,diag
3464,1293,2018-06-19,2020-07-07,2021-07-06,36,3,117099000.0,diag
3465,1294,2019-12-01,2019-12-17,2021-12-16,24,1,39538000.0,both
3465,1294,2019-12-01,2020-12-17,2021-12-16,24,2,39538000.0,both
3466,1294,2021-12-09,2021-12-17,2023-12-16,24,1,59197000.0,both
3466,1294,2021-12-09,2022-12-17,2023-12-16,24,2,59197000.0,both
3467,1294,2023-12-06,2023-12-17,2024-12-16,12,1,50828000.0,both
3468,1294,2024-12-15,2024-12-17,2025-12-16,12,1,48042000.0,both
3469,1294,2025-12-15,2025-12-17,2026-12-16,12,1,83663000.0,both
3470,1295,2021-07-01,2021-07-16,2023-07-15,24,1,23772000.0,diag
3470,1295,2021-07-01,2022-07-16,2023-07-15,24,2,23772000.0,diag
3471,1295,2023-06-30,2023-07-16,2024-07-15,12,1,33237000.0,diag
3472,1296,2021-08-27,2021-09-15,2023-09-14,24,1,47967000.0,both
3472,1296,2021-08-27,2022-09-15,2023-09-14,24,2,47967000.0,both
3473,1296,2023-09-12,2023-09-15,2024-09-14,12,1,40327000.0,both
3474,1296,2023-09-15,2023-09-20,2024-09-14,12,1,8348000.0,both
3475,1296,2024-09-09,2024-09-15,2027-09-14,36,1,27982000.0,both
3475,1296,2024-09-09,2025-09-15,2027-09-14,36,2,27982000.0,both
3475,1296,2024-09-09,2026-09-15,2027-09-14,36,3,27982000.0,both
3476,1297,2021-12-18,2022-01-01,2022-12-31,12,1,30298000.0,diag
3477,1298,2015-02-28,2015-03-18,2016-03-17,12,1,61296000.0,posting
3478,1298,2016-03-13,2016-03-18,2017-03-17,12,1,55666000.0,posting
3479,1298,2017-03-15,2017-03-18,2019-03-17,24,1,66656000.0,posting
3479,1298,2017-03-15,2018-03-18,2019-03-17,24,2,66656000.0,posting
3480,1298,2017-03-18,2017-03-23,2019-03-17,24,1,26884000.0,posting
3481,1298,2019-04-11,2019-04-12,2020-04-11,12,1,69616000.0,posting
3482,1298,2020-03-26,2020-04-12,2022-04-11,24,1,71592000.0,posting
3482,1298,2020-03-26,2021-04-12,2022-04-11,24,2,71592000.0,posting
3483,1298,2022-04-08,2022-04-12,2023-04-11,12,1,67578000.0,posting
3484,1298,2023-05-24,2023-05-25,2024-05-24,12,1,87025000.0,posting
3485,1298,2024-05-11,2024-05-25,2025-05-24,12,1,90503000.0,posting
3486,1298,2025-05-18,2025-05-25,2026-05-24,12,1,47929000.0,posting
3487,1298,2026-06-17,2026-06-27,2027-06-26,12,1,58146000.0,posting
3488,1299,2019-04-30,2019-05-12,2020-05-11,12,1,79836000.0,both
3489,1300,2023-10-21,2023-11-09,2024-11-08,12,1,73184000.0,both
3490,1300,2024-11-01,2024-11-09,2025-11-08,12,1,91252000.0,both
3491,1300,2025-11-30,2025-12-17,2027-12-16,24,1,66785000.0,both
3491,1300,2025-11-30,2026-12-17,2027-12-16,24,2,66785000.0,both
3492,1301,2023-03-27,2023-04-02,2024-04-01,12,1,96269000.0,posting
3493,1301,2024-03-14,2024-04-02,2026-04-01,24,1,77821000.0,posting
3493,1301,2024-03-14,2025-04-02,2026-04-01,24,2,77821000.0,posting
3494,1302,2021-04-30,2021-05-09,2022-05-08,12,1,27658000.0,diag
3495,1302,2022-04-28,2022-05-12,2023-05-11,12,1,25262000.0,diag
3496,1303,2015-08-31,2015-09-09,2016-09-08,12,1,21924000.0,diag
3497,1303,2016-09-06,2016-09-09,2018-09-08,24,1,31410000.0,diag
3497,1303,2016-09-06,2017-09-09,2018-09-08,24,2,31410000.0,diag
3498,1304,2018-06-07,2018-06-10,2019-06-09,12,1,104275000.0,both
3499,1304,2019-05-31,2019-06-10,2021-06-09,24,1,110488000.0,both
3499,1304,2019-05-31,2020-06-10,2021-06-09,24,2,110488000.0,both
3500,1304,2021-07-04,2021-07-22,2022-07-21,12,1,111475000.0,both
3501,1305,2022-12-24,2023-01-03,2024-01-02,12,1,19007000.0,both
3502,1306,2023-07-15,2023-07-16,2026-07-15,36,1,25781000.0,diag
3502,1306,2023-07-15,2024-07-16,2026-07-15,36,2,25781000.0,diag
3502,1306,2023-07-15,2025-07-16,2026-07-15,36,3,25781000.0,diag
3503,1306,2023-07-18,2023-07-21,2026-07-15,36,1,4869000.0,diag
3504,1307,2021-02-04,2021-02-17,2022-02-16,12,1,59365000.0,both
3505,1308,2018-02-18,2018-02-20,2019-02-19,12,1,61243000.0,diag
3506,1308,2019-03-15,2019-03-20,2020-03-19,12,1,59386000.0,diag
3507,1308,2020-04-10,2020-04-14,2021-04-13,12,1,57031000.0,diag
3508,1309,2020-05-10,2020-05-20,2021-05-19,12,1,60942000.0,diag
3509,1309,2021-05-28,2021-06-15,2022-06-14,12,1,35583000.0,diag
3510,1309,2021-05-31,2021-06-20,2022-06-14,12,1,18445000.0,diag
3511,1309,2022-06-15,2022-06-15,2023-06-14,12,1,53617000.0,diag
3512,1309,2023-06-15,2023-06-15,2024-06-14,12,1,58095000.0,diag
3513,1309,2024-06-09,2024-06-15,2025-06-14,12,1,44727000.0,diag
3514,1310,2021-09-26,2021-10-07,2024-10-06,36,1,83380000.0,diag
3514,1310,2021-09-26,2022-10-07,2024-10-06,36,2,83380000.0,diag
3514,1310,2021-09-26,2023-10-07,2024-10-06,36,3,83380000.0,diag
3515,1311,2022-12-18,2022-12-19,2023-12-18,12,1,54585000.0,posting
3516,1312,2019-04-29,2019-05-12,2020-05-11,12,1,43671000.0,both
3517,1313,2022-07-19,2022-07-20,2023-07-19,12,1,44980000.0,posting
3518,1313,2023-07-13,2023-07-20,2025-07-19,24,1,58072000.0,posting
3518,1313,2023-07-13,2024-07-20,2025-07-19,24,2,58072000.0,posting
3519,1313,2025-07-13,2025-07-20,2028-07-19,36,1,20532000.0,posting
3519,1313,2025-07-13,2026-07-20,2028-07-19,36,2,20532000.0,posting
3519,1313,2025-07-13,2027-07-20,2028-07-19,36,3,20532000.0,posting
3520,1314,2022-02-02,2022-02-13,2023-02-12,12,1,43559000.0,both
3521,1314,2023-02-11,2023-02-13,2024-02-12,12,1,55256000.0,both
3522,1314,2024-01-30,2024-02-13,2025-02-12,12,1,35297000.0,both
3523,1314,2024-02-02,2024-02-18,2025-02-12,12,1,14679000.0,both
3524,1315,2023-04-05,2023-04-21,2024-04-20,12,1,41969000.0,posting
3525,1316,2015-05-21,2015-05-21,2016-05-20,12,1,52191000.0,both
3526,1316,2016-05-11,2016-05-21,2018-05-20,24,1,73105000.0,both
3526,1316,2016-05-11,2017-05-21,2018-05-20,24,2,73105000.0,both
3527,1316,2018-05-12,2018-05-21,2019-05-20,12,1,77593000.0,both
3528,1316,2019-05-07,2019-05-21,2021-05-20,24,1,107825000.0,both
3528,1316,2019-05-07,2020-05-21,2021-05-20,24,2,107825000.0,both
3529,1317,2021-02-05,2021-02-14,2024-02-13,36,1,37349000.0,diag
3529,1317,2021-02-05,2022-02-14,2024-02-13,36,2,37349000.0,diag
3529,1317,2021-02-05,2023-02-14,2024-02-13,36,3,37349000.0,diag
3530,1318,2020-06-03,2020-06-04,2021-06-03,12,1,15789000.0,diag
3531,1319,2021-04-19,2021-05-01,2022-04-30,12,1,33383000.0,diag
3532,1319,2022-04-21,2022-05-01,2024-04-30,24,1,69987000.0,diag
3532,1319,2022-04-21,2023-05-01,2024-04-30,24,2,69987000.0,diag
3533,1319,2024-04-23,2024-05-01,2025-04-30,12,1,33986000.0,diag
3534,1320,2019-09-28,2019-10-13,2020-10-12,12,1,32584000.0,both
3535,1321,2018-08-31,2018-09-08,2020-09-07,24,1,41977000.0,diag
3535,1321,2018-08-31,2019-09-08,2020-09-07,24,2,41977000.0,diag
3536,1321,2020-10-03,2020-10-04,2021-10-03,12,1,34788000.0,diag
3537,1321,2021-09-18,2021-10-04,2022-10-03,12,1,16924000.0,diag
3538,1322,2023-10-02,2023-10-14,2024-10-13,12,1,59239000.0,diag
3539,1323,2019-07-18,2019-07-18,2020-07-17,12,1,36448000.0,diag
3540,1324,2021-07-18,2021-07-20,2022-07-19,12,1,38551000.0,diag
3541,1324,2022-07-14,2022-07-20,2024-07-19,24,1,21823000.0,diag
3541,1324,2022-07-14,2023-07-20,2024-07-19,24,2,21823000.0,diag
3542,1324,2024-08-10,2024-08-28,2025-08-27,12,1,18566000.0,diag
3543,1325,2021-02-14,2021-02-17,2024-02-16,36,1,31951000.0,diag
3543,1325,2021-02-14,2022-02-17,2024-02-16,36,2,31951000.0,diag
3543,1325,2021-02-14,2023-02-17,2024-02-16,36,3,31951000.0,diag
3544,1326,2020-01-19,2020-01-20,2021-01-19,12,1,65783000.0,posting
3545,1327,2023-11-29,2023-12-14,2024-12-13,12,1,81462000.0,diag
3546,1327,2025-01-04,2025-01-08,2026-01-07,12,1,74133000.0,diag
3547,1327,2025-12-26,2026-01-08,2027-01-07,12,1,117003000.0,diag
3548,1328,2021-04-19,2021-05-06,2022-05-05,12,1,69799000.0,posting
3549,1329,2023-01-31,2023-02-11,2024-02-10,12,1,38917000.0,both
3550,1329,2024-02-20,2024-02-24,2025-02-23,12,1,75400000.0,both
3551,1329,2025-03-01,2025-03-11,2026-03-10,12,1,61890000.0,both
3552,1329,2026-03-10,2026-03-21,2027-03-20,12,1,39479000.0,both
3553,1330,2021-12-29,2022-01-12,2023-01-11,12,1,33935000.0,diag
3554,1331,2020-09-03,2020-09-12,2021-09-11,12,1,45200000.0,posting
3555,1331,2021-09-11,2021-09-12,2022-09-11,12,1,47230000.0,posting
3556,1331,2022-09-02,2022-09-12,2023-09-11,12,1,63159000.0,posting
3557,1332,2018-08-13,2018-08-13,2019-08-12,12,1,80247000.0,diag
3558,1333,2021-09-10,2021-09-15,2023-09-14,24,1,112651000.0,both
3558,1333,2021-09-10,2022-09-15,2023-09-14,24,2,112651000.0,both
3559,1334,2023-06-19,2023-06-21,2026-06-20,36,1,70206000.0,both
3559,1334,2023-06-19,2024-06-21,2026-06-20,36,2,70206000.0,both
3559,1334,2023-06-19,2025-06-21,2026-06-20,36,3,70206000.0,both
3560,1335,2023-07-10,2023-07-17,2024-07-16,12,1,73422000.0,posting
3561,1335,2024-07-13,2024-07-17,2025-07-16,12,1,88162000.0,posting
3562,1335,2025-07-02,2025-07-17,2026-07-16,12,1,59624000.0,posting
3563,1336,2022-04-15,2022-04-23,2023-04-22,12,1,49007000.0,diag
3564,1336,2023-04-06,2023-04-23,2025-04-22,24,1,45889000.0,diag
3564,1336,2023-04-06,2024-04-23,2025-04-22,24,2,45889000.0,diag
3565,1336,2025-04-21,2025-04-29,2026-04-28,12,1,56302000.0,diag
3566,1336,2026-05-05,2026-05-23,2027-05-22,12,1,59641000.0,diag
3567,1337,2015-10-26,2015-10-26,2017-10-25,24,1,34067000.0,both
3567,1337,2015-10-26,2016-10-26,2017-10-25,24,2,34067000.0,both
3568,1337,2017-10-31,2017-11-17,2018-11-16,12,1,35156000.0,both
3569,1337,2018-11-21,2018-12-07,2019-12-06,12,1,16697000.0,both
3570,1337,2019-11-19,2019-12-07,2020-12-06,12,1,26561000.0,both
3571,1337,2020-12-30,2021-01-16,2022-01-15,12,1,26176000.0,both
3572,1337,2022-01-08,2022-01-22,2023-01-21,12,1,31535000.0,both
3573,1337,2023-01-03,2023-01-22,2024-01-21,12,1,29587000.0,both
3574,1337,2023-01-06,2023-01-27,2024-01-21,12,1,7951000.0,both
3575,1337,2024-01-07,2024-01-22,2025-01-21,12,1,49053000.0,both
3576,1337,2025-01-18,2025-01-22,2026-01-21,12,1,36880000.0,both
3577,1337,2026-02-22,2026-02-23,2027-02-22,12,1,28638000.0,both
3578,1337,2026-02-25,2026-02-28,2027-02-22,12,1,7282000.0,both
3579,1338,2020-06-04,2020-06-12,2021-06-11,12,1,203447000.0,both
3580,1338,2021-06-03,2021-06-12,2023-06-11,24,1,235859000.0,both
3580,1338,2021-06-03,2022-06-12,2023-06-11,24,2,235859000.0,both
3581,1338,2023-05-28,2023-06-12,2024-06-11,12,1,464012000.0,both
3582,1338,2024-06-12,2024-06-23,2025-06-22,12,1,353403000.0,both
3583,1338,2025-06-16,2025-06-23,2026-06-22,12,1,445222000.0,both
3584,1339,2023-12-14,2023-12-20,2025-12-19,24,1,39173000.0,diag
3584,1339,2023-12-14,2024-12-20,2025-12-19,24,2,39173000.0,diag
3585,1339,2025-12-14,2025-12-20,2026-12-19,12,1,31541000.0,diag
3586,1340,2020-03-16,2020-03-21,2023-03-20,36,1,51427000.0,diag
3586,1340,2020-03-16,2021-03-21,2023-03-20,36,2,51427000.0,diag
3586,1340,2020-03-16,2022-03-21,2023-03-20,36,3,51427000.0,diag
3587,1340,2023-03-07,2023-03-21,2026-03-20,36,1,45791000.0,diag
3587,1340,2023-03-07,2024-03-21,2026-03-20,36,2,45791000.0,diag
3587,1340,2023-03-07,2025-03-21,2026-03-20,36,3,45791000.0,diag
3588,1341,2023-06-07,2023-06-24,2024-06-23,12,1,64373000.0,diag
3589,1342,2020-07-05,2020-07-20,2021-07-19,12,1,62623000.0,diag
3590,1342,2021-07-06,2021-07-20,2023-07-19,24,1,34905000.0,diag
3590,1342,2021-07-06,2022-07-20,2023-07-19,24,2,34905000.0,diag
3591,1342,2023-07-08,2023-07-20,2024-07-19,12,1,42035000.0,diag
3592,1342,2024-07-15,2024-07-20,2025-07-19,12,1,72795000.0,diag
3593,1342,2025-07-11,2025-07-20,2026-07-19,12,1,32555000.0,diag
3594,1343,2020-09-09,2020-09-17,2023-09-16,36,1,57101000.0,posting
3594,1343,2020-09-09,2021-09-17,2023-09-16,36,2,57101000.0,posting
3594,1343,2020-09-09,2022-09-17,2023-09-16,36,3,57101000.0,posting
3595,1344,2021-12-03,2021-12-08,2022-12-07,12,1,33645000.0,diag
3596,1345,2023-05-17,2023-05-25,2026-05-24,36,1,83759000.0,both
3596,1345,2023-05-17,2024-05-25,2026-05-24,36,2,83759000.0,both
3596,1345,2023-05-17,2025-05-25,2026-05-24,36,3,83759000.0,both
3597,1345,2026-05-24,2026-05-25,2027-05-24,12,1,71458000.0,both
3598,1345,2026-05-27,2026-05-30,2027-05-24,12,1,40501000.0,both
3599,1346,2019-08-26,2019-09-03,2020-09-02,12,1,37485000.0,diag
3600,1347,2023-03-13,2023-04-01,2024-03-31,12,1,4170000.0,posting
3601,1347,2024-03-28,2024-04-01,2025-03-31,12,1,16853000.0,posting
3602,1348,2019-02-02,2019-02-08,2020-02-07,12,1,64421000.0,posting
3603,1348,2020-02-02,2020-02-08,2021-02-07,12,1,45168000.0,posting
3604,1348,2021-01-27,2021-02-14,2022-02-13,12,1,54215000.0,posting
3605,1348,2022-03-14,2022-03-17,2023-03-16,12,1,110366000.0,posting
3606,1349,2023-06-30,2023-07-15,2024-07-14,12,1,52952000.0,both
3607,1349,2024-06-30,2024-07-15,2025-07-14,12,1,25888000.0,both
3608,1349,2025-07-04,2025-07-15,2026-07-14,12,1,61430000.0,both
3609,1350,2023-03-15,2023-03-23,2024-03-22,12,1,26673000.0,both
3610,1351,2019-01-04,2019-01-06,2022-01-05,36,1,37302000.0,diag
3610,1351,2019-01-04,2020-01-06,2022-01-05,36,2,37302000.0,diag
3610,1351,2019-01-04,2021-01-06,2022-01-05,36,3,37302000.0,diag
3611,1352,2021-06-14,2021-06-21,2022-06-20,12,1,30880000.0,diag
3612,1353,2019-02-20,2019-02-24,2021-02-23,24,1,73888000.0,diag
3612,1353,2019-02-20,2020-02-24,2021-02-23,24,2,73888000.0,diag
3613,1354,2022-09-11,2022-09-12,2023-09-11,12,1,94156000.0,both
3614,1354,2023-09-05,2023-09-12,2024-09-11,12,1,125576000.0,both
3615,1354,2024-09-04,2024-09-12,2026-09-11,24,1,68928000.0,both
3615,1354,2024-09-04,2025-09-12,2026-09-11,24,2,68928000.0,both
3616,1355,2021-05-21,2021-05-27,2023-05-26,24,1,21650000.0,posting
3616,1355,2021-05-21,2022-05-27,2023-05-26,24,2,21650000.0,posting
3617,1356,2019-04-26,2019-05-10,2021-05-09,24,1,18319000.0,diag
3617,1356,2019-04-26,2020-05-10,2021-05-09,24,2,18319000.0,diag
3618,1356,2021-04-24,2021-05-10,2022-05-09,12,1,11585000.0,diag
3619,1356,2022-05-06,2022-05-10,2023-05-09,12,1,22163000.0,diag
3620,1356,2023-05-07,2023-05-25,2024-05-24,12,1,15973000.0,diag
3621,1356,2024-06-10,2024-06-16,2025-06-15,12,1,15835000.0,diag
3622,1357,2015-09-25,2015-09-26,2017-09-25,24,1,149748000.0,diag
3622,1357,2015-09-25,2016-09-26,2017-09-25,24,2,149748000.0,diag
3623,1357,2017-09-18,2017-09-26,2018-09-25,12,1,46927000.0,diag
3624,1357,2018-09-23,2018-09-26,2019-09-25,12,1,55103000.0,diag
3625,1357,2019-09-21,2019-09-26,2020-09-25,12,1,63481000.0,diag
3626,1357,2020-11-07,2020-11-08,2021-11-07,12,1,44850000.0,diag
3627,1357,2021-10-27,2021-11-08,2022-11-07,12,1,85376000.0,diag
3628,1358,2019-09-13,2019-09-14,2020-09-13,12,1,39923000.0,posting
3629,1358,2019-09-16,2019-09-19,2020-09-13,12,1,18699000.0,posting
3630,1358,2020-09-08,2020-09-14,2021-09-13,12,1,34026000.0,posting
3631,1359,2021-10-21,2021-10-22,2022-10-21,12,1,26208000.0,posting
3632,1359,2022-10-12,2022-10-22,2025-10-21,36,1,27377000.0,posting
3632,1359,2022-10-12,2023-10-22,2025-10-21,36,2,27377000.0,posting
3632,1359,2022-10-12,2024-10-22,2025-10-21,36,3,27377000.0,posting
3633,1359,2025-10-08,2025-10-22,2026-10-21,12,1,18569000.0,posting
3634,1359,2025-10-11,2025-10-27,2026-10-21,12,1,6242000.0,posting
3635,1360,2022-09-14,2022-09-25,2023-09-24,12,1,125120000.0,diag
3636,1360,2022-09-17,2022-09-30,2023-09-24,12,1,23447000.0,diag
3637,1360,2023-09-24,2023-09-25,2024-09-24,12,1,68084000.0,diag
3638,1360,2024-10-18,2024-10-21,2025-10-20,12,1,107817000.0,diag
3639,1361,2023-01-26,2023-02-07,2025-02-06,24,1,22730000.0,posting
3639,1361,2023-01-26,2024-02-07,2025-02-06,24,2,22730000.0,posting
3640,1362,2020-02-26,2020-03-16,2021-03-15,12,1,62171000.0,both
3641,1362,2021-04-23,2021-04-25,2022-04-24,12,1,89105000.0,both
3642,1363,2022-02-10,2022-02-19,2023-02-18,12,1,55594000.0,posting
3643,1363,2023-02-01,2023-02-19,2024-02-18,12,1,53040000.0,posting
3644,1363,2024-02-15,2024-02-19,2025-02-18,12,1,67902000.0,posting
3645,1363,2025-03-23,2025-03-23,2026-03-22,12,1,55885000.0,posting
3646,1363,2026-03-17,2026-03-23,2027-03-22,12,1,57274000.0,posting
3647,1364,2020-11-02,2020-11-09,2021-11-08,12,1,15972000.0,diag
3648,1365,2021-06-09,2021-06-11,2022-06-10,12,1,52365000.0,both
3649,1365,2022-07-15,2022-07-25,2023-07-24,12,1,51427000.0,both
3650,1365,2022-07-18,2022-07-30,2023-07-24,12,1,11402000.0,both
3651,1365,2023-07-12,2023-07-25,2024-07-24,12,1,45131000.0,both
3652,1365,2024-07-15,2024-08-01,2026-07-31,24,1,89289000.0,both
3652,1365,2024-07-15,2025-08-01,2026-07-31,24,2,89289000.0,both
3653,1366,2021-08-24,2021-09-01,2022-08-31,12,1,55209000.0,posting
3654,1366,2022-08-30,2022-09-01,2023-08-31,12,1,46053000.0,posting
3655,1366,2023-08-24,2023-09-01,2024-08-31,12,1,47158000.0,posting
3656,1366,2024-10-03,2024-10-15,2025-10-14,12,1,65330000.0,posting
3657,1366,2025-10-09,2025-10-15,2026-10-14,12,1,70156000.0,posting
3658,1367,2021-02-20,2021-03-05,2022-03-04,12,1,70182000.0,diag
3659,1367,2022-03-01,2022-03-05,2023-03-04,12,1,84663000.0,diag
3660,1367,2023-02-25,2023-03-05,2026-03-04,36,1,85319000.0,diag
3660,1367,2023-02-25,2024-03-05,2026-03-04,36,2,85319000.0,diag
3660,1367,2023-02-25,2025-03-05,2026-03-04,36,3,85319000.0,diag
3661,1367,2023-02-28,2023-03-10,2026-03-04,36,1,19298000.0,diag
3662,1367,2026-03-02,2026-03-05,2028-03-04,24,1,90805000.0,diag
3662,1367,2026-03-02,2027-03-05,2028-03-04,24,2,90805000.0,diag
3663,1368,2018-07-09,2018-07-26,2019-07-25,12,1,39453000.0,diag
3664,1368,2019-08-11,2019-08-18,2020-08-17,12,1,32749000.0,diag
3665,1368,2019-08-14,2019-08-23,2020-08-17,12,1,12437000.0,diag
3666,1368,2020-07-30,2020-08-18,2022-08-17,24,1,39234000.0,diag
3666,1368,2020-07-30,2021-08-18,2022-08-17,24,2,39234000.0,diag
3667,1369,2021-05-05,2021-05-06,2022-05-05,12,1,47654000.0,diag
3668,1370,2021-10-01,2021-10-01,2022-09-30,12,1,28727000.0,posting
3669,1370,2022-10-19,2022-10-31,2024-10-30,24,1,19251000.0,posting
3669,1370,2022-10-19,2023-10-31,2024-10-30,24,2,19251000.0,posting
3670,1371,2023-03-26,2023-04-05,2024-04-04,12,1,295452000.0,both
3671,1371,2023-03-29,2023-04-10,2024-04-04,12,1,25285000.0,both
3672,1371,2024-03-29,2024-04-05,2025-04-04,12,1,102441000.0,both
3673,1371,2025-04-10,2025-04-23,2026-04-22,12,1,199761000.0,both
3674,1371,2026-04-14,2026-04-23,2027-04-22,12,1,111908000.0,both
3675,1372,2021-01-21,2021-02-03,2024-02-02,36,1,52896000.0,posting
3675,1372,2021-01-21,2022-02-03,2024-02-02,36,2,52896000.0,posting
3675,1372,2021-01-21,2023-02-03,2024-02-02,36,3,52896000.0,posting
3676,1373,2019-03-30,2019-04-03,2020-04-02,12,1,37276000.0,diag
3677,1373,2020-04-24,2020-05-03,2021-05-02,12,1,40205000.0,diag
3678,1373,2020-04-27,2020-05-08,2021-05-02,12,1,6126000.0,diag
3679,1373,2021-04-22,2021-05-03,2022-05-02,12,1,33200000.0,diag
3680,1373,2022-04-20,2022-05-03,2023-05-02,12,1,27268000.0,diag
3681,1374,2019-10-26,2019-11-08,2020-11-07,12,1,20368000.0,diag
3682,1374,2020-11-01,2020-11-08,2023-11-07,36,1,23479000.0,diag
3682,1374,2020-11-01,2021-11-08,2023-11-07,36,2,23479000.0,diag
3682,1374,2020-11-01,2022-11-08,2023-11-07,36,3,23479000.0,diag
3683,1374,2023-10-28,2023-11-08,2024-11-07,12,1,17998000.0,diag
3684,1375,2018-10-04,2018-10-14,2019-10-13,12,1,82515000.0,both
3685,1375,2019-10-01,2019-10-14,2020-10-13,12,1,70017000.0,both
3686,1375,2020-09-27,2020-10-14,2021-10-13,12,1,83375000.0,both
3687,1375,2021-09-27,2021-10-14,2022-10-13,12,1,48748000.0,both
3688,1375,2022-10-09,2022-10-14,2023-10-13,12,1,49721000.0,both
3689,1375,2022-10-12,2022-10-19,2023-10-13,12,1,6882000.0,both
3690,1376,2022-04-28,2022-05-09,2024-05-08,24,1,28135000.0,diag
3690,1376,2022-04-28,2023-05-09,2024-05-08,24,2,28135000.0,diag
3691,1376,2024-04-26,2024-05-09,2025-05-08,12,1,54364000.0,diag
3692,1376,2025-05-05,2025-05-09,2026-05-08,12,1,54942000.0,diag
3693,1376,2025-05-08,2025-05-14,2026-05-08,12,1,9502000.0,diag
3694,1377,2023-09-18,2023-09-21,2024-09-20,12,1,80292000.0,both
3695,1377,2024-09-15,2024-09-21,2026-09-20,24,1,130510000.0,both
3695,1377,2024-09-15,2025-09-21,2026-09-20,24,2,130510000.0,both
3696,1378,2018-05-30,2018-06-01,2019-05-31,12,1,22264000.0,posting
3697,1378,2019-05-23,2019-06-01,2020-05-31,12,1,11431000.0,posting
3698,1379,2015-02-19,2015-03-05,2016-03-04,12,1,76495000.0,diag
3699,1379,2016-02-20,2016-03-05,2017-03-04,12,1,82356000.0,diag
3700,1379,2017-04-02,2017-04-18,2018-04-17,12,1,62119000.0,diag
3701,1380,2022-04-24,2022-05-08,2023-05-07,12,1,33783000.0,diag
3702,1380,2023-05-08,2023-05-08,2024-05-07,12,1,52554000.0,diag
3703,1380,2024-05-07,2024-05-08,2027-05-07,36,1,40647000.0,diag
3703,1380,2024-05-07,2025-05-08,2027-05-07,36,2,40647000.0,diag
3703,1380,2024-05-07,2026-05-08,2027-05-07,36,3,40647000.0,diag
3704,1381,2017-12-25,2018-01-05,2019-01-04,12,1,202156000.0,both
3705,1381,2018-12-24,2019-01-05,2020-01-04,12,1,97747000.0,both
3706,1381,2020-01-04,2020-01-05,2021-01-04,12,1,114619000.0,both
3707,1381,2020-12-17,2021-01-05,2022-01-04,12,1,73492000.0,both
3708,1381,2021-12-25,2022-01-05,2023-01-04,12,1,166924000.0,both
3709,1381,2022-12-25,2023-01-05,2026-01-04,36,1,125179000.0,both
3709,1381,2022-12-25,2024-01-05,2026-01-04,36,2,125179000.0,both
3709,1381,2022-12-25,2025-01-05,2026-01-04,36,3,125179000.0,both
3710,1381,2022-12-28,2023-01-10,2026-01-04,36,1,32484000.0,both
3711,1382,2020-02-19,2020-02-26,2021-02-25,12,1,83581000.0,both
3712,1382,2021-02-13,2021-02-26,2022-02-25,12,1,73688000.0,both
3713,1382,2021-02-16,2021-03-03,2022-02-25,12,1,38599000.0,both
3714,1382,2022-03-11,2022-03-20,2023-03-19,12,1,104162000.0,both
3715,1382,2023-03-11,2023-03-20,2024-03-19,12,1,120441000.0,both
3716,1382,2023-03-14,2023-03-25,2024-03-19,12,1,36227000.0,both
3717,1382,2024-04-09,2024-04-10,2025-04-09,12,1,74507000.0,both
3718,1382,2025-03-22,2025-04-10,2026-04-09,12,1,128032000.0,both
3719,1382,2026-04-09,2026-04-10,2027-04-09,12,1,89175000.0,both
3720,1383,2022-06-18,2022-07-04,2024-07-03,24,1,36973000.0,both
3720,1383,2022-06-18,2023-07-04,2024-07-03,24,2,36973000.0,both
3721,1383,2022-06-21,2022-07-09,2024-07-03,24,1,12249000.0,both
3722,1383,2024-06-16,2024-07-04,2025-07-03,12,1,35523000.0,both
3723,1384,2023-02-17,2023-02-24,2024-02-23,12,1,60045000.0,diag
3724,1384,2024-03-12,2024-03-16,2025-03-15,12,1,57171000.0,diag
3725,1384,2024-03-15,2024-03-21,2025-03-15,12,1,9660000.0,diag
3726,1384,2025-03-09,2025-03-27,2026-03-26,12,1,57527000.0,diag
3727,1385,2019-06-27,2019-07-03,2020-07-02,12,1,39670000.0,both
3728,1386,2021-05-04,2021-05-16,2022-05-15,12,1,95375000.0,diag
3729,1386,2022-05-19,2022-05-27,2023-05-26,12,1,34487000.0,diag
3730,1386,2023-05-22,2023-05-27,2024-05-26,12,1,56873000.0,diag
3731,1387,2022-03-28,2022-04-04,2025-04-03,36,1,23507000.0,diag
3731,1387,2022-03-28,2023-04-04,2025-04-03,36,2,23507000.0,diag
3731,1387,2022-03-28,2024-04-04,2025-04-03,36,3,23507000.0,diag
3732,1387,2025-04-01,2025-04-04,2026-04-03,12,1,31550000.0,diag
3733,1387,2026-03-29,2026-04-04,2027-04-03,12,1,28738000.0,diag
3734,1387,2026-04-01,2026-04-09,2027-04-03,12,1,7225000.0,diag
3735,1388,2022-10-29,2022-11-16,2023-11-15,12,1,88909000.0,both
3736,1389,2021-03-15,2021-03-23,2022-03-22,12,1,30386000.0,diag
3737,1389,2022-03-15,2022-04-03,2023-04-02,12,1,49751000.0,diag
3738,1389,2023-04-26,2023-05-07,2024-05-06,12,1,42157000.0,diag
3739,1389,2024-04-18,2024-05-07,2025-05-06,12,1,41705000.0,diag
3740,1389,2024-04-21,2024-05-12,2025-05-06,12,1,8438000.0,diag
3741,1390,2019-03-23,2019-04-05,2020-04-04,12,1,31299000.0,both
3742,1391,2019-01-24,2019-02-11,2020-02-10,12,1,72664000.0,both
3743,1391,2020-02-14,2020-02-18,2021-02-17,12,1,139049000.0,both
3744,1392,2021-11-07,2021-11-10,2022-11-09,12,1,89494000.0,posting
3745,1392,2022-11-06,2022-11-10,2023-11-09,12,1,78737000.0,posting
3746,1393,2021-05-05,2021-05-13,2022-05-12,12,1,23756000.0,diag
3747,1393,2022-05-13,2022-05-13,2023-05-12,12,1,45434000.0,diag
3748,1394,2022-04-12,2022-04-24,2023-04-23,12,1,29478000.0,posting
3749,1394,2023-04-20,2023-04-24,2024-04-23,12,1,50813000.0,posting
3750,1395,2021-05-02,2021-05-18,2022-05-17,12,1,24982000.0,diag
3751,1396,2015-05-12,2015-05-25,2017-05-24,24,1,15187000.0,both
3751,1396,2015-05-12,2016-05-25,2017-05-24,24,2,15187000.0,both
3752,1397,2019-05-17,2019-06-04,2020-06-03,12,1,46179000.0,diag
3753,1397,2019-05-20,2019-06-09,2020-06-03,12,1,6246000.0,diag
3754,1397,2020-05-31,2020-06-04,2021-06-03,12,1,32702000.0,diag
3755,1398,2021-02-23,2021-03-08,2023-03-07,24,1,100082000.0,posting
3755,1398,2021-02-23,2022-03-08,2023-03-07,24,2,100082000.0,posting
3756,1398,2023-03-08,2023-03-22,2025-03-21,24,1,169790000.0,posting
3756,1398,2023-03-08,2024-03-22,2025-03-21,24,2,169790000.0,posting
3757,1399,2020-06-03,2020-06-06,2021-06-05,12,1,87935000.0,diag
3758,1399,2021-05-29,2021-06-06,2022-06-05,12,1,90540000.0,diag
3759,1399,2022-05-29,2022-06-06,2023-06-05,12,1,136876000.0,diag
3760,1399,2023-05-22,2023-06-06,2024-06-05,12,1,122103000.0,diag
3761,1399,2024-06-20,2024-06-22,2025-06-21,12,1,66508000.0,diag
3762,1399,2025-06-05,2025-06-22,2026-06-21,12,1,91632000.0,diag
3763,1399,2026-06-13,2026-06-22,2027-06-21,12,1,172749000.0,diag
3764,1400,2019-01-06,2019-01-13,2020-01-12,12,1,37537000.0,posting
3765,1401,2023-11-04,2023-11-11,2024-11-10,12,1,32161000.0,diag
3766,1402,2018-01-22,2018-02-09,2020-02-08,24,1,68192000.0,both
3766,1402,2018-01-22,2019-02-09,2020-02-08,24,2,68192000.0,both
3767,1402,2020-02-02,2020-02-09,2021-02-08,12,1,134837000.0,both
3768,1402,2020-02-05,2020-02-14,2021-02-08,12,1,20046000.0,both
3769,1402,2021-01-26,2021-02-09,2022-02-08,12,1,97720000.0,both
3770,1402,2022-02-24,2022-03-08,2023-03-07,12,1,115432000.0,both
3771,1402,2023-03-03,2023-03-08,2024-03-07,12,1,114073000.0,both
3772,1403,2022-01-06,2022-01-24,2023-01-23,12,1,35320000.0,posting
3773,1403,2023-01-27,2023-02-11,2024-02-10,12,1,20379000.0,posting
3774,1403,2024-01-29,2024-02-11,2025-02-10,12,1,18509000.0,posting
3775,1403,2025-01-30,2025-02-11,2026-02-10,12,1,24703000.0,posting
3776,1404,2022-06-06,2022-06-21,2023-06-20,12,1,43518000.0,posting
3777,1404,2022-06-09,2022-06-26,2023-06-20,12,1,14128000.0,posting
3778,1404,2023-06-20,2023-06-23,2024-06-22,12,1,50941000.0,posting
3779,1404,2024-06-24,2024-07-13,2025-07-12,12,1,55415000.0,posting
3780,1404,2025-06-28,2025-07-13,2027-07-12,24,1,42033000.0,posting
3780,1404,2025-06-28,2026-07-13,2027-07-12,24,2,42033000.0,posting
3781,1405,2020-05-05,2020-05-22,2021-05-21,12,1,53436000.0,diag
3782,1406,2015-02-26,2015-03-03,2016-03-02,12,1,44887000.0,both
3783,1406,2016-02-24,2016-03-03,2018-03-02,24,1,45254000.0,both
3783,1406,2016-02-24,2017-03-03,2018-03-02,24,2,45254000.0,both
3784,1406,2018-02-22,2018-03-03,2019-03-02,12,1,51100000.0,both
3785,1406,2018-02-25,2018-03-08,2019-03-02,12,1,13068000.0,both
3786,1406,2019-02-23,2019-03-03,2020-03-02,12,1,56021000.0,both
3787,1406,2020-03-02,2020-03-03,2021-03-02,12,1,53558000.0,both
3788,1407,2019-05-05,2019-05-23,2022-05-22,36,1,108146000.0,both
3788,1407,2019-05-05,2020-05-23,2022-05-22,36,2,108146000.0,both
3788,1407,2019-05-05,2021-05-23,2022-05-22,36,3,108146000.0,both
3789,1408,2017-12-31,2018-01-04,2019-01-03,12,1,49078000.0,diag
3790,1409,2022-12-07,2022-12-11,2025-12-10,36,1,169763000.0,both
3790,1409,2022-12-07,2023-12-11,2025-12-10,36,2,169763000.0,both
3790,1409,2022-12-07,2024-12-11,2025-12-10,36,3,169763000.0,both
3791,1409,2022-12-10,2022-12-16,2025-12-10,36,1,48030000.0,both
3792,1410,2018-01-17,2018-01-27,2019-01-26,12,1,98743000.0,diag
3793,1411,2020-06-20,2020-06-23,2021-06-22,12,1,37276000.0,diag
3794,1412,2023-05-30,2023-06-06,2024-06-05,12,1,25752000.0,diag
3795,1413,2021-02-27,2021-03-12,2022-03-11,12,1,24984000.0,posting
3796,1413,2022-02-24,2022-03-12,2023-03-11,12,1,16737000.0,posting
3797,1413,2023-03-08,2023-03-12,2024-03-11,12,1,22493000.0,posting
3798,1413,2024-03-06,2024-03-12,2026-03-11,24,1,30437000.0,posting
3798,1413,2024-03-06,2025-03-12,2026-03-11,24,2,30437000.0,posting
3799,1413,2026-03-03,2026-03-12,2029-03-11,36,1,21769000.0,posting
3799,1413,2026-03-03,2027-03-12,2029-03-11,36,2,21769000.0,posting
3799,1413,2026-03-03,2028-03-12,2029-03-11,36,3,21769000.0,posting
3800,1414,2017-12-25,2018-01-10,2021-01-09,36,1,145497000.0,both
3800,1414,2017-12-25,2019-01-10,2021-01-09,36,2,145497000.0,both
3800,1414,2017-12-25,2020-01-10,2021-01-09,36,3,145497000.0,both
3801,1414,2021-01-06,2021-01-10,2022-01-09,12,1,117685000.0,both
3802,1414,2022-01-10,2022-01-10,2023-01-09,12,1,147235000.0,both
3803,1414,2022-01-13,2022-01-15,2023-01-09,12,1,36695000.0,both
3804,1414,2023-02-19,2023-02-22,2024-02-21,12,1,185524000.0,both
3805,1414,2024-02-09,2024-02-22,2025-02-21,12,1,145436000.0,both
3806,1414,2025-03-27,2025-04-04,2026-04-03,12,1,154394000.0,both
3807,1414,2026-04-01,2026-04-04,2029-04-03,36,1,132087000.0,both
3807,1414,2026-04-01,2027-04-04,2029-04-03,36,2,132087000.0,both
3807,1414,2026-04-01,2028-04-04,2029-04-03,36,3,132087000.0,both
3808,1415,2019-10-16,2019-11-03,2020-11-02,12,1,57587000.0,both
3809,1415,2020-12-01,2020-12-01,2022-11-30,24,1,68937000.0,both
3809,1415,2020-12-01,2021-12-01,2022-11-30,24,2,68937000.0,both
3810,1415,2022-11-12,2022-12-01,2023-11-30,12,1,117600000.0,both
3811,1415,2023-11-21,2023-12-01,2024-11-30,12,1,200904000.0,both
3812,1415,2024-11-16,2024-12-01,2025-11-30,12,1,82594000.0,both
3813,1416,2018-10-15,2018-10-25,2019-10-24,12,1,15855000.0,posting
3814,1417,2023-10-30,2023-11-04,2024-11-03,12,1,55009000.0,diag
3815,1417,2024-11-04,2024-11-04,2025-11-03,12,1,37318000.0,diag
3816,1417,2025-10-21,2025-11-06,2026-11-05,12,1,54116000.0,diag
3817,1418,2018-06-05,2018-06-16,2019-06-15,12,1,44997000.0,posting
3818,1419,2018-11-24,2018-11-24,2019-11-23,12,1,32256000.0,posting
3819,1419,2019-12-23,2020-01-03,2021-01-02,12,1,11488000.0,posting
3820,1420,2022-09-04,2022-09-09,2023-09-08,12,1,35908000.0,both
3821,1420,2023-09-17,2023-10-06,2024-10-05,12,1,55492000.0,both
3822,1420,2024-10-05,2024-10-06,2025-10-05,12,1,23069000.0,both
3823,1421,2020-05-30,2020-06-04,2021-06-03,12,1,30106000.0,posting
3824,1422,2018-11-24,2018-12-02,2019-12-01,12,1,64335000.0,diag
3825,1422,2018-11-27,2018-12-07,2019-12-01,12,1,19428000.0,diag
3826,1422,2019-12-02,2019-12-02,2021-12-01,24,1,54561000.0,diag
3826,1422,2019-12-02,2020-12-02,2021-12-01,24,2,54561000.0,diag
3827,1422,2021-11-30,2021-12-02,2022-12-01,12,1,34372000.0,diag
3828,1423,2023-09-28,2023-10-09,2024-10-08,12,1,28433000.0,diag
3829,1423,2024-10-26,2024-11-13,2025-11-12,12,1,95147000.0,diag
3830,1424,2020-01-18,2020-01-23,2021-01-22,12,1,16194000.0,posting
3831,1424,2021-02-12,2021-02-24,2022-02-23,12,1,48264000.0,posting
3832,1424,2022-02-21,2022-02-24,2023-02-23,12,1,19964000.0,posting
3833,1425,2022-06-23,2022-07-08,2023-07-07,12,1,43098000.0,diag
3834,1426,2020-12-27,2021-01-10,2022-01-09,12,1,20861000.0,posting
3835,1426,2022-02-06,2022-02-21,2023-02-20,12,1,16692000.0,posting
3836,1426,2023-02-21,2023-02-25,2024-02-24,12,1,21309000.0,posting
3837,1426,2023-02-24,2023-03-02,2024-02-24,12,1,8782000.0,posting
3838,1426,2024-02-16,2024-02-25,2025-02-24,12,1,29711000.0,posting
3839,1426,2025-02-20,2025-02-25,2026-02-24,12,1,19781000.0,posting
3840,1426,2026-02-15,2026-02-25,2027-02-24,12,1,19488000.0,posting
3841,1426,2026-02-18,2026-03-02,2027-02-24,12,1,12079000.0,posting
3842,1427,2021-12-11,2021-12-22,2022-12-21,12,1,53020000.0,diag
3843,1427,2022-12-11,2022-12-30,2025-12-29,36,1,45399000.0,diag
3843,1427,2022-12-11,2023-12-30,2025-12-29,36,2,45399000.0,diag
3843,1427,2022-12-11,2024-12-30,2025-12-29,36,3,45399000.0,diag
3844,1427,2022-12-14,2023-01-04,2025-12-29,36,1,25302000.0,diag
3845,1428,2022-01-15,2022-02-01,2023-01-31,12,1,85281000.0,diag
3846,1429,2020-07-05,2020-07-23,2021-07-22,12,1,36834000.0,posting
3847,1429,2021-07-16,2021-07-23,2022-07-22,12,1,19006000.0,posting
3848,1429,2022-08-24,2022-09-04,2023-09-03,12,1,38497000.0,posting
3849,1429,2023-08-19,2023-09-04,2025-09-03,24,1,25102000.0,posting
3849,1429,2023-08-19,2024-09-04,2025-09-03,24,2,25102000.0,posting
3850,1429,2025-09-01,2025-09-04,2026-09-03,12,1,36762000.0,posting
3851,1430,2022-12-07,2022-12-09,2023-12-08,12,1,77018000.0,posting
3852,1430,2023-12-02,2023-12-09,2025-12-08,24,1,32577000.0,posting
3852,1430,2023-12-02,2024-12-09,2025-12-08,24,2,32577000.0,posting
3853,1431,2020-06-04,2020-06-11,2021-06-10,12,1,78924000.0,both
3854,1431,2021-06-07,2021-06-11,2022-06-10,12,1,34668000.0,both
3855,1431,2022-06-19,2022-06-22,2023-06-21,12,1,63053000.0,both
3856,1431,2023-06-12,2023-06-29,2025-06-28,24,1,44978000.0,both
3856,1431,2023-06-12,2024-06-29,2025-06-28,24,2,44978000.0,both
3857,1431,2025-06-28,2025-06-29,2026-06-28,12,1,40702000.0,both
3858,1432,2023-09-02,2023-09-18,2024-09-17,12,1,17523000.0,diag
3859,1432,2024-09-14,2024-09-18,2025-09-17,12,1,46416000.0,diag
3860,1433,2020-01-09,2020-01-09,2021-01-08,12,1,54104000.0,posting
3861,1433,2021-01-12,2021-01-27,2022-01-26,12,1,51271000.0,posting
3862,1433,2021-01-15,2021-02-01,2022-01-26,12,1,10159000.0,posting
3863,1433,2022-02-10,2022-02-28,2024-02-27,24,1,28092000.0,posting
3863,1433,2022-02-10,2023-02-28,2024-02-27,24,2,28092000.0,posting
3864,1434,2023-02-22,2023-03-11,2024-03-10,12,1,88063000.0,both
3865,1434,2024-03-18,2024-03-30,2027-03-29,36,1,83906000.0,both
3865,1434,2024-03-18,2025-03-30,2027-03-29,36,2,83906000.0,both
3865,1434,2024-03-18,2026-03-30,2027-03-29,36,3,83906000.0,both
3866,1435,2020-03-03,2020-03-06,2021-03-05,12,1,63917000.0,both
3867,1435,2021-02-28,2021-03-14,2023-03-13,24,1,59134000.0,both
3867,1435,2021-02-28,2022-03-14,2023-03-13,24,2,59134000.0,both
3868,1435,2023-02-24,2023-03-14,2024-03-13,12,1,51124000.0,both
3869,1435,2024-02-28,2024-03-14,2025-03-13,12,1,62921000.0,both
3870,1435,2025-03-05,2025-03-14,2026-03-13,12,1,68094000.0,both
3871,1435,2026-04-02,2026-04-19,2028-04-18,24,1,83535000.0,both
3871,1435,2026-04-02,2027-04-19,2028-04-18,24,2,83535000.0,both
3872,1436,2019-03-11,2019-03-12,2020-03-11,12,1,32021000.0,diag
3873,1437,2020-09-03,2020-09-07,2021-09-06,12,1,64028000.0,diag
3874,1438,2022-11-11,2022-11-20,2024-11-19,24,1,54208000.0,diag
3874,1438,2022-11-11,2023-11-20,2024-11-19,24,2,54208000.0,diag
3875,1438,2022-11-14,2022-11-25,2024-11-19,24,1,12131000.0,diag
3876,1439,2019-01-03,2019-01-16,2021-01-15,24,1,73524000.0,both
3876,1439,2019-01-03,2020-01-16,2021-01-15,24,2,73524000.0,both
3877,1440,2018-09-23,2018-10-11,2019-10-10,12,1,71899000.0,both
3878,1440,2019-10-15,2019-10-20,2022-10-19,36,1,50406000.0,both
3878,1440,2019-10-15,2020-10-20,2022-10-19,36,2,50406000.0,both
3878,1440,2019-10-15,2021-10-20,2022-10-19,36,3,50406000.0,both
3879,1440,2022-10-04,2022-10-20,2023-10-19,12,1,79913000.0,both
3880,1440,2023-11-17,2023-11-18,2024-11-17,12,1,61232000.0,both
3881,1440,2024-12-14,2024-12-25,2025-12-24,12,1,59157000.0,both
3882,1440,2025-12-06,2025-12-25,2027-12-24,24,1,82122000.0,both
3882,1440,2025-12-06,2026-12-25,2027-12-24,24,2,82122000.0,both
3883,1440,2025-12-09,2025-12-30,2027-12-24,24,1,27456000.0,both
3884,1441,2018-05-15,2018-05-21,2019-05-20,12,1,45896000.0,both
3885,1442,2021-04-10,2021-04-10,2022-04-09,12,1,96772000.0,both
3886,1442,2021-04-13,2021-04-15,2022-04-09,12,1,24160000.0,both
3887,1442,2022-04-23,2022-04-26,2024-04-25,24,1,158470000.0,both
3887,1442,2022-04-23,2023-04-26,2024-04-25,24,2,158470000.0,both
3888,1442,2024-04-24,2024-04-27,2025-04-26,12,1,65424000.0,both
3889,1442,2025-04-24,2025-04-27,2028-04-26,36,1,103242000.0,both
3889,1442,2025-04-24,2026-04-27,2028-04-26,36,2,103242000.0,both
3889,1442,2025-04-24,2027-04-27,2028-04-26,36,3,103242000.0,both
3890,1443,2021-06-19,2021-06-25,2022-06-24,12,1,60394000.0,diag
3891,1443,2022-06-14,2022-06-25,2024-06-24,24,1,73719000.0,diag
3891,1443,2022-06-14,2023-06-25,2024-06-24,24,2,73719000.0,diag
3892,1444,2023-05-22,2023-05-27,2024-05-26,12,1,55173000.0,diag
3893,1445,2018-12-06,2018-12-12,2019-12-11,12,1,46982000.0,posting
3894,1445,2019-12-05,2019-12-12,2020-12-11,12,1,59705000.0,posting
3895,1445,2020-11-27,2020-12-12,2022-12-11,24,1,56113000.0,posting
3895,1445,2020-11-27,2021-12-12,2022-12-11,24,2,56113000.0,posting
3896,1445,2020-11-30,2020-12-17,2022-12-11,24,1,23975000.0,posting
3897,1445,2022-12-05,2022-12-12,2023-12-11,12,1,56308000.0,posting
3898,1445,2023-12-12,2023-12-12,2024-12-11,12,1,78400000.0,posting
3899,1446,2019-12-12,2019-12-16,2020-12-15,12,1,57638000.0,diag
3900,1446,2020-11-28,2020-12-16,2022-12-15,24,1,48450000.0,diag
3900,1446,2020-11-28,2021-12-16,2022-12-15,24,2,48450000.0,diag
3901,1446,2022-12-05,2022-12-16,2023-12-15,12,1,83434000.0,diag
3902,1446,2023-12-06,2023-12-16,2024-12-15,12,1,23432000.0,diag
3903,1446,2024-12-01,2024-12-16,2025-12-15,12,1,40259000.0,diag
3904,1446,2025-11-30,2025-12-16,2026-12-15,12,1,38502000.0,diag
3905,1447,2022-03-19,2022-03-26,2023-03-25,12,1,174124000.0,both
3906,1447,2023-03-13,2023-03-26,2024-03-25,12,1,110146000.0,both
3907,1447,2023-03-16,2023-03-31,2024-03-25,12,1,38336000.0,both
3908,1447,2024-03-21,2024-03-26,2027-03-25,36,1,98264000.0,both
3908,1447,2024-03-21,2025-03-26,2027-03-25,36,2,98264000.0,both
3908,1447,2024-03-21,2026-03-26,2027-03-25,36,3,98264000.0,both
3909,1448,2022-06-10,2022-06-27,2023-06-26,12,1,56182000.0,posting
3910,1448,2023-06-18,2023-06-27,2024-06-26,12,1,92474000.0,posting
3911,1449,2020-07-08,2020-07-23,2021-07-22,12,1,30129000.0,diag
3912,1449,2021-07-22,2021-07-23,2022-07-22,12,1,45961000.0,diag
3913,1449,2021-07-25,2021-07-28,2022-07-22,12,1,12803000.0,diag
3914,1449,2022-07-16,2022-07-23,2024-07-22,24,1,37160000.0,diag
3914,1449,2022-07-16,2023-07-23,2024-07-22,24,2,37160000.0,diag
3915,1449,2024-07-06,2024-07-23,2025-07-22,12,1,35195000.0,diag
3916,1449,2025-08-17,2025-08-21,2026-08-20,12,1,35648000.0,diag
3917,1450,2018-09-09,2018-09-22,2020-09-21,24,1,79960000.0,diag
3917,1450,2018-09-09,2019-09-22,2020-09-21,24,2,79960000.0,diag
3918,1450,2020-10-18,2020-10-22,2021-10-21,12,1,37431000.0,diag
3919,1450,2021-10-11,2021-10-22,2022-10-21,12,1,28163000.0,diag
3920,1450,2022-10-11,2022-10-22,2023-10-21,12,1,115015000.0,diag
3921,1451,2022-06-04,2022-06-15,2023-06-14,12,1,61886000.0,diag
3922,1452,2019-03-16,2019-03-17,2020-03-16,12,1,75885000.0,diag
3923,1452,2020-03-07,2020-03-17,2021-03-16,12,1,39398000.0,diag
3924,1452,2021-03-05,2021-03-17,2023-03-16,24,1,97658000.0,diag
3924,1452,2021-03-05,2022-03-17,2023-03-16,24,2,97658000.0,diag
3925,1453,2022-03-14,2022-04-01,2024-03-31,24,1,98307000.0,diag
3925,1453,2022-03-14,2023-04-01,2024-03-31,24,2,98307000.0,diag
3926,1453,2024-03-26,2024-04-01,2025-03-31,12,1,162002000.0,diag
3927,1453,2025-03-22,2025-04-01,2026-03-31,12,1,90961000.0,diag
3928,1454,2022-07-03,2022-07-04,2023-07-03,12,1,108005000.0,posting
3929,1454,2023-06-22,2023-07-04,2024-07-03,12,1,94204000.0,posting
3930,1454,2024-07-04,2024-07-04,2026-07-03,24,1,57050000.0,posting
3930,1454,2024-07-04,2025-07-04,2026-07-03,24,2,57050000.0,posting
3931,1455,2022-12-20,2022-12-26,2023-12-25,12,1,78099000.0,posting
3932,1455,2023-12-09,2023-12-26,2026-12-25,36,1,98358000.0,posting
3932,1455,2023-12-09,2024-12-26,2026-12-25,36,2,98358000.0,posting
3932,1455,2023-12-09,2025-12-26,2026-12-25,36,3,98358000.0,posting
3933,1456,2022-11-07,2022-11-19,2023-11-18,12,1,29695000.0,diag
3934,1457,2023-08-04,2023-08-05,2024-08-04,12,1,41329000.0,diag
3935,1458,2021-08-20,2021-09-04,2022-09-03,12,1,58933000.0,diag
3936,1459,2022-04-10,2022-04-22,2023-04-21,12,1,93095000.0,posting
3937,1460,2015-11-05,2015-11-19,2016-11-18,12,1,32044000.0,posting
3938,1460,2016-11-16,2016-11-20,2017-11-19,12,1,27159000.0,posting
3939,1461,2021-04-30,2021-05-03,2022-05-02,12,1,102721000.0,diag
3940,1461,2022-04-24,2022-05-03,2023-05-02,12,1,81264000.0,diag
3941,1461,2023-05-10,2023-05-17,2025-05-16,24,1,60437000.0,diag
3941,1461,2023-05-10,2024-05-17,2025-05-16,24,2,60437000.0,diag
3942,1462,2019-02-23,2019-03-03,2020-03-02,12,1,32537000.0,posting
3943,1462,2019-02-26,2019-03-08,2020-03-02,12,1,7609000.0,posting
3944,1462,2020-02-18,2020-03-03,2021-03-02,12,1,22201000.0,posting
3945,1462,2021-03-14,2021-04-01,2022-03-31,12,1,28285000.0,posting
3946,1462,2022-03-18,2022-04-01,2023-03-31,12,1,32307000.0,posting
3947,1462,2023-04-25,2023-04-27,2024-04-26,12,1,50786000.0,posting
3948,1462,2024-04-11,2024-04-27,2025-04-26,12,1,23947000.0,posting
3949,1462,2025-04-09,2025-04-27,2027-04-26,24,1,29143000.0,posting
3949,1462,2025-04-09,2026-04-27,2027-04-26,24,2,29143000.0,posting
3950,1463,2022-09-07,2022-09-25,2023-09-24,12,1,74451000.0,both
3951,1463,2023-09-13,2023-09-25,2024-09-24,12,1,93359000.0,both
3952,1463,2024-09-06,2024-09-25,2025-09-24,12,1,83028000.0,both
3953,1463,2025-09-09,2025-09-25,2026-09-24,12,1,108426000.0,both
3954,1464,2021-07-09,2021-07-14,2022-07-13,12,1,75358000.0,diag
3955,1464,2022-06-27,2022-07-14,2023-07-13,12,1,132082000.0,diag
3956,1464,2023-06-27,2023-07-14,2024-07-13,12,1,118928000.0,diag
3957,1464,2024-07-13,2024-07-14,2025-07-13,12,1,97795000.0,diag
3958,1464,2025-07-08,2025-07-14,2027-07-13,24,1,101261000.0,diag
3958,1464,2025-07-08,2026-07-14,2027-07-13,24,2,101261000.0,diag
3959,1465,2022-07-09,2022-07-15,2023-07-14,12,1,24425000.0,posting
3960,1465,2022-07-12,2022-07-20,2023-07-14,12,1,7439000.0,posting
3961,1466,2021-07-23,2021-07-27,2023-07-26,24,1,93581000.0,both
3961,1466,2021-07-23,2022-07-27,2023-07-26,24,2,93581000.0,both
3962,1466,2023-07-18,2023-07-27,2024-07-26,12,1,38195000.0,both
3963,1466,2023-07-21,2023-08-01,2024-07-26,12,1,18515000.0,both
3964,1466,2024-07-11,2024-07-27,2025-07-26,12,1,61915000.0,both
3965,1466,2025-07-17,2025-07-27,2026-07-26,12,1,71609000.0,both
3966,1466,2025-07-20,2025-08-01,2026-07-26,12,1,19124000.0,both
3967,1467,2023-04-04,2023-04-12,2024-04-11,12,1,73884000.0,both
3968,1468,2023-08-11,2023-08-24,2024-08-23,12,1,96887000.0,posting
3969,1468,2024-08-07,2024-08-24,2025-08-23,12,1,73826000.0,posting
3970,1468,2024-08-10,2024-08-29,2025-08-23,12,1,24105000.0,posting
3971,1468,2025-08-10,2025-08-24,2026-08-23,12,1,129640000.0,posting
3972,1469,2020-05-01,2020-05-16,2021-05-15,12,1,156475000.0,diag
3973,1469,2021-05-08,2021-05-16,2022-05-15,12,1,112791000.0,diag
3974,1470,2021-11-26,2021-12-04,2022-12-03,12,1,57167000.0,diag
3975,1470,2022-12-21,2022-12-31,2025-12-30,36,1,49953000.0,diag
3975,1470,2022-12-21,2023-12-31,2025-12-30,36,2,49953000.0,diag
3975,1470,2022-12-21,2024-12-31,2025-12-30,36,3,49953000.0,diag
3976,1470,2025-12-24,2025-12-31,2026-12-30,12,1,76575000.0,diag
3977,1470,2025-12-27,2026-01-05,2026-12-30,12,1,12166000.0,diag
3978,1471,2023-09-04,2023-09-22,2024-09-21,12,1,49521000.0,diag
3979,1471,2024-09-20,2024-09-22,2025-09-21,12,1,41925000.0,diag
3980,1471,2025-09-22,2025-10-06,2028-10-05,36,1,55276000.0,diag
3980,1471,2025-09-22,2026-10-06,2028-10-05,36,2,55276000.0,diag
3980,1471,2025-09-22,2027-10-06,2028-10-05,36,3,55276000.0,diag
3981,1472,2020-04-02,2020-04-19,2021-04-18,12,1,35255000.0,posting
3982,1472,2020-04-05,2020-04-24,2021-04-18,12,1,9268000.0,posting
3983,1473,2021-12-25,2022-01-13,2023-01-12,12,1,11338000.0,posting
3984,1474,2021-05-23,2021-05-27,2022-05-26,12,1,69047000.0,diag
3985,1474,2022-05-26,2022-05-27,2023-05-26,12,1,59900000.0,diag
3986,1475,2019-01-15,2019-01-27,2020-01-26,12,1,56223000.0,diag
3987,1476,2020-04-02,2020-04-05,2021-04-04,12,1,61471000.0,posting
3988,1476,2021-03-25,2021-04-05,2022-04-04,12,1,76083000.0,posting
3989,1476,2021-03-28,2021-04-10,2022-04-04,12,1,28908000.0,posting
3990,1476,2022-03-27,2022-04-11,2023-04-10,12,1,105806000.0,posting
3991,1476,2023-03-23,2023-04-11,2026-04-10,36,1,96487000.0,posting
3991,1476,2023-03-23,2024-04-11,2026-04-10,36,2,96487000.0,posting
3991,1476,2023-03-23,2025-04-11,2026-04-10,36,3,96487000.0,posting
3992,1477,2015-11-03,2015-11-07,2017-11-06,24,1,9847000.0,diag
3992,1477,2015-11-03,2016-11-07,2017-11-06,24,2,9847000.0,diag
3993,1477,2017-11-18,2017-12-01,2018-11-30,12,1,17218000.0,diag
3994,1477,2017-11-21,2017-12-06,2018-11-30,12,1,4654000.0,diag
3995,1478,2019-04-19,2019-05-02,2021-05-01,24,1,41878000.0,diag
3995,1478,2019-04-19,2020-05-02,2021-05-01,24,2,41878000.0,diag
3996,1478,2019-04-22,2019-05-07,2021-05-01,24,1,11722000.0,diag
3997,1478,2021-04-19,2021-05-02,2022-05-01,12,1,61479000.0,diag
3998,1478,2022-05-30,2022-06-09,2025-06-08,36,1,40013000.0,diag
3998,1478,2022-05-30,2023-06-09,2025-06-08,36,2,40013000.0,diag
3998,1478,2022-05-30,2024-06-09,2025-06-08,36,3,40013000.0,diag
3999,1479,2019-10-28,2019-11-01,2020-10-31,12,1,48819000.0,both
4000,1479,2020-10-31,2020-11-02,2021-11-01,12,1,58466000.0,both
4001,1479,2021-10-26,2021-11-02,2024-11-01,36,1,48205000.0,both
4001,1479,2021-10-26,2022-11-02,2024-11-01,36,2,48205000.0,both
4001,1479,2021-10-26,2023-11-02,2024-11-01,36,3,48205000.0,both
4002,1479,2024-10-26,2024-11-02,2025-11-01,12,1,65746000.0,both
4003,1479,2025-10-19,2025-11-02,2026-11-01,12,1,51268000.0,both
4004,1480,2020-12-09,2020-12-20,2021-12-19,12,1,28179000.0,posting
4005,1480,2020-12-12,2020-12-25,2021-12-19,12,1,6941000.0,posting
4006,1480,2021-12-02,2021-12-20,2024-12-19,36,1,25104000.0,posting
4006,1480,2021-12-02,2022-12-20,2024-12-19,36,2,25104000.0,posting
4006,1480,2021-12-02,2023-12-20,2024-12-19,36,3,25104000.0,posting
4007,1480,2024-12-15,2024-12-20,2026-12-19,24,1,17576000.0,posting
4007,1480,2024-12-15,2025-12-20,2026-12-19,24,2,17576000.0,posting
4008,1481,2020-04-07,2020-04-21,2021-04-20,12,1,110035000.0,diag
4009,1481,2021-04-16,2021-04-21,2022-04-20,12,1,61948000.0,diag
4010,1481,2022-04-19,2022-04-30,2023-04-29,12,1,63302000.0,diag
4011,1481,2023-04-30,2023-05-13,2025-05-12,24,1,142446000.0,diag
4011,1481,2023-04-30,2024-05-13,2025-05-12,24,2,142446000.0,diag
4012,1481,2023-05-03,2023-05-18,2025-05-12,24,1,25973000.0,diag
4013,1481,2025-05-14,2025-05-15,2026-05-14,12,1,68471000.0,diag
4014,1481,2026-05-03,2026-05-15,2027-05-14,12,1,103703000.0,diag
4015,1482,2023-12-10,2023-12-22,2024-12-21,12,1,43677000.0,posting
4016,1483,2021-04-23,2021-05-05,2022-05-04,12,1,52986000.0,both
4017,1484,2020-12-29,2021-01-07,2024-01-06,36,1,48673000.0,diag
4017,1484,2020-12-29,2022-01-07,2024-01-06,36,2,48673000.0,diag
4017,1484,2020-12-29,2023-01-07,2024-01-06,36,3,48673000.0,diag
4018,1485,2021-08-15,2021-08-24,2024-08-23,36,1,68052000.0,both
4018,1485,2021-08-15,2022-08-24,2024-08-23,36,2,68052000.0,both
4018,1485,2021-08-15,2023-08-24,2024-08-23,36,3,68052000.0,both
4019,1486,2021-11-21,2021-12-04,2022-12-03,12,1,17305000.0,posting
4020,1487,2021-03-14,2021-03-24,2022-03-23,12,1,81011000.0,diag
4021,1487,2022-03-08,2022-03-24,2023-03-23,12,1,65530000.0,diag
4022,1487,2023-03-14,2023-03-24,2024-03-23,12,1,60736000.0,diag
4023,1487,2024-03-09,2024-03-24,2025-03-23,12,1,52742000.0,diag
4024,1487,2025-03-12,2025-03-28,2027-03-27,24,1,57697000.0,diag
4024,1487,2025-03-12,2026-03-28,2027-03-27,24,2,57697000.0,diag
4025,1488,2021-07-02,2021-07-04,2022-07-03,12,1,61378000.0,diag
4026,1489,2018-05-19,2018-05-24,2019-05-23,12,1,56918000.0,diag
4027,1489,2018-05-22,2018-05-29,2019-05-23,12,1,32808000.0,diag
4028,1489,2019-05-31,2019-06-11,2020-06-10,12,1,69629000.0,diag
4029,1490,2022-06-23,2022-07-08,2023-07-07,12,1,35577000.0,posting
4030,1491,2015-11-12,2015-11-21,2018-11-20,36,1,41760000.0,both
4030,1491,2015-11-12,2016-11-21,2018-11-20,36,2,41760000.0,both
4030,1491,2015-11-12,2017-11-21,2018-11-20,36,3,41760000.0,both
4031,1492,2020-02-06,2020-02-14,2021-02-13,12,1,13160000.0,diag
4032,1493,2023-11-17,2023-12-02,2024-12-01,12,1,36493000.0,diag
4033,1494,2021-07-11,2021-07-17,2024-07-16,36,1,92838000.0,both
4033,1494,2021-07-11,2022-07-17,2024-07-16,36,2,92838000.0,both
4033,1494,2021-07-11,2023-07-17,2024-07-16,36,3,92838000.0,both
4034,1494,2024-07-15,2024-07-17,2025-07-16,12,1,160760000.0,both
4035,1494,2025-08-09,2025-08-12,2026-08-11,12,1,127501000.0,both
4036,1495,2019-05-29,2019-06-12,2022-06-11,36,1,58185000.0,diag
4036,1495,2019-05-29,2020-06-12,2022-06-11,36,2,58185000.0,diag
4036,1495,2019-05-29,2021-06-12,2022-06-11,36,3,58185000.0,diag
4037,1495,2019-06-01,2019-06-17,2022-06-11,36,1,16731000.0,diag
4038,1496,2023-12-12,2023-12-27,2024-12-26,12,1,22538000.0,posting
4039,1496,2023-12-15,2024-01-01,2024-12-26,12,1,10652000.0,posting
4040,1497,2019-03-15,2019-03-24,2021-03-23,24,1,21442000.0,diag
4040,1497,2019-03-15,2020-03-24,2021-03-23,24,2,21442000.0,diag
4041,1498,2022-10-05,2022-10-09,2023-10-08,12,1,137020000.0,both
4042,1499,2015-11-24,2015-12-10,2016-12-09,12,1,60412000.0,diag
4043,1499,2015-11-27,2015-12-15,2016-12-09,12,1,15058000.0,diag
4044,1499,2016-11-22,2016-12-10,2017-12-09,12,1,70086000.0,diag
4045,1499,2016-11-25,2016-12-15,2017-12-09,12,1,16338000.0,diag
4046,1500,2015-06-30,2015-07-04,2016-07-03,12,1,21032000.0,diag
4047,1501,2018-10-13,2018-10-21,2019-10-20,12,1,28845000.0,diag
4048,1501,2019-10-29,2019-11-02,2020-11-01,12,1,32972000.0,diag
4049,1501,2020-11-05,2020-11-22,2022-11-21,24,1,26078000.0,diag
4049,1501,2020-11-05,2021-11-22,2022-11-21,24,2,26078000.0,diag
4050,1501,2022-11-06,2022-11-22,2023-11-21,12,1,32085000.0,diag
4051,1501,2023-12-13,2024-01-01,2024-12-31,12,1,40800000.0,diag
4052,1502,2023-06-07,2023-06-14,2024-06-13,12,1,31884000.0,diag
4053,1502,2024-05-27,2024-06-14,2025-06-13,12,1,29208000.0,diag
4054,1503,2015-11-04,2015-11-07,2016-11-06,12,1,42045000.0,posting
4055,1504,2019-11-17,2019-11-22,2020-11-21,12,1,28594000.0,diag
4056,1504,2020-11-21,2020-11-22,2023-11-21,36,1,16964000.0,diag
4056,1504,2020-11-21,2021-11-22,2023-11-21,36,2,16964000.0,diag
4056,1504,2020-11-21,2022-11-22,2023-11-21,36,3,16964000.0,diag
4057,1505,2023-04-06,2023-04-20,2024-04-19,12,1,46571000.0,both
4058,1506,2023-11-02,2023-11-11,2024-11-10,12,1,45709000.0,both
4059,1506,2024-11-03,2024-11-11,2025-11-10,12,1,91034000.0,both
4060,1506,2025-10-28,2025-11-11,2026-11-10,12,1,94669000.0,both
4061,1506,2025-10-31,2025-11-16,2026-11-10,12,1,23756000.0,both
4062,1507,2020-01-01,2020-01-07,2023-01-06,36,1,60441000.0,posting
4062,1507,2020-01-01,2021-01-07,2023-01-06,36,2,60441000.0,posting
4062,1507,2020-01-01,2022-01-07,2023-01-06,36,3,60441000.0,posting
4063,1507,2023-02-16,2023-02-16,2024-02-15,12,1,34767000.0,posting
4064,1508,2019-11-07,2019-11-24,2021-11-23,24,1,81169000.0,both
4064,1508,2019-11-07,2020-11-24,2021-11-23,24,2,81169000.0,both
4065,1508,2021-11-12,2021-11-24,2022-11-23,12,1,101498000.0,both
4066,1508,2022-11-12,2022-11-24,2023-11-23,12,1,52254000.0,both
4067,1508,2023-11-08,2023-11-24,2024-11-23,12,1,42709000.0,both
4068,1508,2024-11-19,2024-11-24,2025-11-23,12,1,76210000.0,both
4069,1508,2025-11-28,2025-12-17,2026-12-16,12,1,69358000.0,both
4070,1509,2019-06-07,2019-06-13,2022-06-12,36,1,136317000.0,both
4070,1509,2019-06-07,2020-06-13,2022-06-12,36,2,136317000.0,both
4070,1509,2019-06-07,2021-06-13,2022-06-12,36,3,136317000.0,both
4071,1509,2022-06-01,2022-06-13,2023-06-12,12,1,112667000.0,both
4072,1509,2023-06-02,2023-06-13,2024-06-12,12,1,108146000.0,both
4073,1509,2024-06-28,2024-06-30,2027-06-29,36,1,100979000.0,both
4073,1509,2024-06-28,2025-06-30,2027-06-29,36,2,100979000.0,both
4073,1509,2024-06-28,2026-06-30,2027-06-29,36,3,100979000.0,both
4074,1510,2020-11-26,2020-12-04,2021-12-03,12,1,44470000.0,diag
4075,1510,2021-11-24,2021-12-04,2022-12-03,12,1,54261000.0,diag
4076,1510,2022-11-15,2022-12-04,2023-12-03,12,1,35028000.0,diag
4077,1511,2022-03-26,2022-04-08,2023-04-07,12,1,42551000.0,posting
4078,1511,2023-04-29,2023-05-14,2024-05-13,12,1,49881000.0,posting
4079,1511,2024-05-13,2024-05-28,2026-05-27,24,1,48818000.0,posting
4079,1511,2024-05-13,2025-05-28,2026-05-27,24,2,48818000.0,posting
4080,1511,2026-05-24,2026-05-28,2027-05-27,12,1,31527000.0,posting
4081,1512,2019-11-20,2019-11-27,2020-11-26,12,1,107923000.0,diag
4082,1512,2020-12-04,2020-12-06,2023-12-05,36,1,78448000.0,diag
4082,1512,2020-12-04,2021-12-06,2023-12-05,36,2,78448000.0,diag
4082,1512,2020-12-04,2022-12-06,2023-12-05,36,3,78448000.0,diag
4083,1512,2023-12-21,2024-01-09,2025-01-08,12,1,120832000.0,diag
4084,1512,2025-01-17,2025-01-24,2026-01-23,12,1,81437000.0,diag
4085,1512,2026-01-21,2026-01-24,2027-01-23,12,1,91359000.0,diag
4086,1513,2022-04-29,2022-05-13,2023-05-12,12,1,13767000.0,posting
4087,1513,2023-05-09,2023-05-13,2024-05-12,12,1,24691000.0,posting
4088,1514,2022-01-31,2022-02-04,2023-02-03,12,1,12522000.0,diag
4089,1515,2023-09-22,2023-09-23,2024-09-22,12,1,60832000.0,posting
4090,1516,2020-07-06,2020-07-21,2021-07-20,12,1,52783000.0,diag
4091,1517,2021-06-02,2021-06-20,2022-06-19,12,1,174255000.0,both
4092,1517,2021-06-05,2021-06-25,2022-06-19,12,1,39219000.0,both
4093,1517,2022-07-05,2022-07-15,2023-07-14,12,1,128792000.0,both
4094,1517,2022-07-08,2022-07-20,2023-07-14,12,1,50178000.0,both
4095,1517,2023-07-04,2023-07-15,2024-07-14,12,1,202214000.0,both
4096,1517,2024-07-08,2024-07-15,2025-07-14,12,1,120988000.0,both
4097,1517,2025-07-09,2025-07-15,2026-07-14,12,1,239521000.0,both
4098,1518,2022-09-09,2022-09-21,2024-09-20,24,1,83791000.0,both
4098,1518,2022-09-09,2023-09-21,2024-09-20,24,2,83791000.0,both
4099,1518,2024-09-19,2024-09-21,2025-09-20,12,1,126674000.0,both
4100,1518,2025-09-06,2025-09-21,2028-09-20,36,1,94696000.0,both
4100,1518,2025-09-06,2026-09-21,2028-09-20,36,2,94696000.0,both
4100,1518,2025-09-06,2027-09-21,2028-09-20,36,3,94696000.0,both
4101,1519,2022-08-05,2022-08-07,2023-08-06,12,1,59517000.0,diag
4102,1519,2023-08-04,2023-08-07,2026-08-06,36,1,51344000.0,diag
4102,1519,2023-08-04,2024-08-07,2026-08-06,36,2,51344000.0,diag
4102,1519,2023-08-04,2025-08-07,2026-08-06,36,3,51344000.0,diag
4103,1520,2021-03-02,2021-03-04,2022-03-03,12,1,48614000.0,diag
4104,1520,2022-02-28,2022-03-04,2025-03-03,36,1,60511000.0,diag
4104,1520,2022-02-28,2023-03-04,2025-03-03,36,2,60511000.0,diag
4104,1520,2022-02-28,2024-03-04,2025-03-03,36,3,60511000.0,diag
4105,1521,2018-06-23,2018-06-24,2019-06-23,12,1,23283000.0,diag
4106,1521,2019-06-15,2019-06-24,2020-06-23,12,1,21340000.0,diag
4107,1521,2019-06-18,2019-06-29,2020-06-23,12,1,4832000.0,diag
4108,1522,2020-05-05,2020-05-22,2021-05-21,12,1,91419000.0,both
4109,1522,2021-05-12,2021-05-22,2022-05-21,12,1,39303000.0,both
4110,1522,2022-05-07,2022-05-22,2023-05-21,12,1,55691000.0,both
4111,1522,2022-05-10,2022-05-27,2023-05-21,12,1,18722000.0,both
4112,1522,2023-06-05,2023-06-16,2024-06-15,12,1,71273000.0,both
4113,1522,2024-06-05,2024-06-16,2025-06-15,12,1,103668000.0,both
4114,1522,2025-07-10,2025-07-13,2026-07-12,12,1,72290000.0,both
4115,1523,2022-04-06,2022-04-14,2023-04-13,12,1,93290000.0,diag
4116,1523,2023-04-08,2023-04-14,2025-04-13,24,1,100562000.0,diag
4116,1523,2023-04-08,2024-04-14,2025-04-13,24,2,100562000.0,diag
4117,1523,2025-04-27,2025-04-27,2028-04-26,36,1,90643000.0,diag
4117,1523,2025-04-27,2026-04-27,2028-04-26,36,2,90643000.0,diag
4117,1523,2025-04-27,2027-04-27,2028-04-26,36,3,90643000.0,diag
4118,1524,2021-03-16,2021-03-22,2022-03-21,12,1,32253000.0,both
4119,1524,2022-03-10,2022-03-22,2024-03-21,24,1,58051000.0,both
4119,1524,2022-03-10,2023-03-22,2024-03-21,24,2,58051000.0,both
4120,1524,2024-04-07,2024-04-19,2025-04-18,12,1,47712000.0,both
4121,1524,2024-04-10,2024-04-24,2025-04-18,12,1,15742000.0,both
4122,1525,2023-07-28,2023-08-16,2024-08-15,12,1,74106000.0,both
4123,1526,2022-08-17,2022-08-22,2023-08-21,12,1,20079000.0,posting
4124,1527,2022-06-16,2022-07-05,2023-07-04,12,1,56425000.0,diag
4125,1527,2023-07-03,2023-07-21,2024-07-20,12,1,40175000.0,diag
4126,1527,2024-07-19,2024-07-21,2025-07-20,12,1,38551000.0,diag
4127,1527,2025-07-10,2025-07-21,2026-07-20,12,1,103186000.0,diag
4128,1528,2021-11-23,2021-11-23,2022-11-22,12,1,93459000.0,diag
4129,1529,2023-03-13,2023-03-14,2024-03-13,12,1,30991000.0,diag
4130,1530,2022-03-02,2022-03-19,2023-03-18,12,1,33849000.0,diag
4131,1531,2019-09-01,2019-09-01,2020-08-31,12,1,133284000.0,diag
4132,1531,2020-08-16,2020-09-01,2021-08-31,12,1,51822000.0,diag
4133,1532,2020-11-06,2020-11-25,2021-11-24,12,1,102006000.0,both
4134,1533,2020-11-12,2020-11-22,2021-11-21,12,1,22333000.0,diag
4135,1533,2020-11-15,2020-11-27,2021-11-21,12,1,7861000.0,diag
4136,1534,2022-11-15,2022-11-19,2023-11-18,12,1,82689000.0,both
4137,1534,2022-11-18,2022-11-24,2023-11-18,12,1,18787000.0,both
4138,1534,2023-11-19,2023-11-19,2024-11-18,12,1,105428000.0,both
4139,1535,2020-12-27,2021-01-02,2022-01-01,12,1,132716000.0,both
4140,1535,2022-01-17,2022-01-30,2024-01-29,24,1,135898000.0,both
4140,1535,2022-01-17,2023-01-30,2024-01-29,24,2,135898000.0,both
4141,1535,2024-01-29,2024-01-30,2026-01-29,24,1,140147000.0,both
4141,1535,2024-01-29,2025-01-30,2026-01-29,24,2,140147000.0,both
4142,1535,2026-01-30,2026-02-18,2028-02-17,24,1,160532000.0,both
4142,1535,2026-01-30,2027-02-18,2028-02-17,24,2,160532000.0,both
4143,1536,2019-09-22,2019-10-10,2020-10-09,12,1,32365000.0,both
4144,1537,2019-04-26,2019-05-11,2022-05-10,36,1,37128000.0,diag
4144,1537,2019-04-26,2020-05-11,2022-05-10,36,2,37128000.0,diag
4144,1537,2019-04-26,2021-05-11,2022-05-10,36,3,37128000.0,diag
4145,1537,2022-05-04,2022-05-11,2023-05-10,12,1,46800000.0,diag
4146,1537,2023-04-26,2023-05-11,2024-05-10,12,1,31580000.0,diag
4147,1537,2024-05-13,2024-05-26,2027-05-25,36,1,25400000.0,diag
4147,1537,2024-05-13,2025-05-26,2027-05-25,36,2,25400000.0,diag
4147,1537,2024-05-13,2026-05-26,2027-05-25,36,3,25400000.0,diag
4148,1538,2022-03-06,2022-03-18,2024-03-17,24,1,23660000.0,posting
4148,1538,2022-03-06,2023-03-18,2024-03-17,24,2,23660000.0,posting
4149,1539,2020-05-08,2020-05-24,2021-05-23,12,1,110771000.0,both
4150,1539,2021-05-11,2021-05-29,2022-05-28,12,1,58824000.0,both
4151,1539,2022-05-15,2022-05-29,2023-05-28,12,1,83313000.0,both
4152,1540,2019-05-10,2019-05-12,2020-05-11,12,1,88056000.0,posting
4153,1541,2023-10-20,2023-10-22,2024-10-21,12,1,39718000.0,both
4154,1542,2021-07-09,2021-07-26,2022-07-25,12,1,114839000.0,diag
4155,1542,2022-07-13,2022-07-26,2023-07-25,12,1,166396000.0,diag
4156,1542,2023-07-11,2023-07-26,2024-07-25,12,1,100555000.0,diag
4157,1542,2024-07-07,2024-07-26,2025-07-25,12,1,96443000.0,diag
4158,1543,2022-11-15,2022-11-17,2023-11-16,12,1,40656000.0,both
4159,1543,2023-11-02,2023-11-17,2024-11-16,12,1,30226000.0,both
4160,1543,2024-11-05,2024-11-17,2025-11-16,12,1,31719000.0,both
4161,1543,2025-11-13,2025-11-17,2027-11-16,24,1,74838000.0,both
4161,1543,2025-11-13,2026-11-17,2027-11-16,24,2,74838000.0,both
4162,1544,2023-06-15,2023-06-22,2024-06-21,12,1,46139000.0,diag
4163,1544,2024-06-19,2024-06-22,2025-06-21,12,1,17897000.0,diag
4164,1545,2023-11-02,2023-11-02,2025-11-01,24,1,48151000.0,diag
4164,1545,2023-11-02,2024-11-02,2025-11-01,24,2,48151000.0,diag
4165,1545,2023-11-05,2023-11-07,2025-11-01,24,1,9422000.0,diag
4166,1545,2025-10-31,2025-11-02,2027-11-01,24,1,21808000.0,diag
4166,1545,2025-10-31,2026-11-02,2027-11-01,24,2,21808000.0,diag
4167,1546,2021-11-12,2021-11-14,2022-11-13,12,1,87990000.0,posting
4168,1547,2023-06-12,2023-06-25,2024-06-24,12,1,38962000.0,diag
4169,1547,2023-06-15,2023-06-30,2024-06-24,12,1,15809000.0,diag
4170,1548,2018-01-26,2018-02-03,2019-02-02,12,1,43732000.0,diag
4171,1549,2022-04-22,2022-05-08,2023-05-07,12,1,46971000.0,posting
4172,1549,2023-05-05,2023-05-08,2024-05-07,12,1,33825000.0,posting
4173,1550,2020-12-14,2020-12-20,2021-12-19,12,1,52968000.0,both
4174,1550,2021-12-05,2021-12-20,2022-12-19,12,1,59330000.0,both
4175,1551,2019-07-12,2019-07-19,2020-07-18,12,1,93878000.0,both
4176,1552,2023-12-09,2023-12-11,2024-12-10,12,1,63415000.0,posting
4177,1552,2024-12-14,2024-12-28,2025-12-27,12,1,72008000.0,posting
4178,1552,2025-12-18,2025-12-28,2026-12-27,12,1,85477000.0,posting
4179,1553,2022-01-08,2022-01-08,2024-01-07,24,1,24262000.0,diag
4179,1553,2022-01-08,2023-01-08,2024-01-07,24,2,24262000.0,diag
4180,1554,2022-02-18,2022-03-03,2025-03-02,36,1,34464000.0,diag
4180,1554,2022-02-18,2023-03-03,2025-03-02,36,2,34464000.0,diag
4180,1554,2022-02-18,2024-03-03,2025-03-02,36,3,34464000.0,diag
4181,1555,2023-06-01,2023-06-05,2024-06-04,12,1,12787000.0,diag
4182,1555,2024-05-28,2024-06-05,2025-06-04,12,1,35902000.0,diag
4183,1555,2025-06-10,2025-06-15,2026-06-14,12,1,15297000.0,diag
4184,1555,2026-06-02,2026-06-15,2028-06-14,24,1,20252000.0,diag
4184,1555,2026-06-02,2027-06-15,2028-06-14,24,2,20252000.0,diag
4185,1556,2023-07-04,2023-07-19,2024-07-18,12,1,22179000.0,diag
4186,1556,2024-07-28,2024-08-11,2026-08-10,24,1,45953000.0,diag
4186,1556,2024-07-28,2025-08-11,2026-08-10,24,2,45953000.0,diag
4187,1557,2018-11-25,2018-12-13,2019-12-12,12,1,35451000.0,diag
4188,1558,2022-06-09,2022-06-16,2024-06-15,24,1,60522000.0,both
4188,1558,2022-06-09,2023-06-16,2024-06-15,24,2,60522000.0,both
4189,1558,2024-06-27,2024-07-16,2025-07-15,12,1,93220000.0,both
4190,1558,2025-06-29,2025-07-16,2026-07-15,12,1,67893000.0,both
4191,1559,2023-01-26,2023-02-12,2024-02-11,12,1,31650000.0,diag
4192,1559,2024-01-24,2024-02-12,2025-02-11,12,1,36390000.0,diag
4193,1560,2021-06-25,2021-07-05,2024-07-04,36,1,52504000.0,both
4193,1560,2021-06-25,2022-07-05,2024-07-04,36,2,52504000.0,both
4193,1560,2021-06-25,2023-07-05,2024-07-04,36,3,52504000.0,both
4194,1560,2024-06-23,2024-07-05,2025-07-04,12,1,49993000.0,both
4195,1560,2024-06-26,2024-07-10,2025-07-04,12,1,6253000.0,both
4196,1560,2025-06-23,2025-07-05,2026-07-04,12,1,29572000.0,both
4197,1561,2021-11-19,2021-12-07,2022-12-06,12,1,65971000.0,both
4198,1561,2022-11-27,2022-12-07,2023-12-06,12,1,72323000.0,both
4199,1562,2021-07-19,2021-07-27,2022-07-26,12,1,65620000.0,posting
4200,1563,2021-02-10,2021-02-21,2022-02-20,12,1,29486000.0,both
4201,1563,2022-02-03,2022-02-21,2023-02-20,12,1,57124000.0,both
4202,1564,2022-09-30,2022-10-07,2023-10-06,12,1,47875000.0,posting
4203,1564,2022-10-03,2022-10-12,2023-10-06,12,1,12397000.0,posting
4204,1565,2022-08-07,2022-08-19,2024-08-18,24,1,24390000.0,diag
4204,1565,2022-08-07,2023-08-19,2024-08-18,24,2,24390000.0,diag
4205,1565,2022-08-10,2022-08-24,2024-08-18,24,1,11658000.0,diag
4206,1565,2024-08-01,2024-08-19,2025-08-18,12,1,25798000.0,diag
4207,1565,2025-08-14,2025-08-22,2026-08-21,12,1,29418000.0,diag
4208,1566,2021-09-07,2021-09-10,2022-09-09,12,1,27892000.0,diag
4209,1566,2021-09-10,2021-09-15,2022-09-09,12,1,10770000.0,diag
4210,1566,2022-09-06,2022-09-10,2023-09-09,12,1,35506000.0,diag
4211,1566,2023-09-03,2023-09-10,2025-09-09,24,1,41383000.0,diag
4211,1566,2023-09-03,2024-09-10,2025-09-09,24,2,41383000.0,diag
4212,1566,2025-09-09,2025-09-10,2026-09-09,12,1,40807000.0,diag
4213,1566,2025-09-12,2025-09-15,2026-09-09,12,1,12948000.0,diag
4214,1567,2023-11-23,2023-12-06,2025-12-05,24,1,78455000.0,both
4214,1567,2023-11-23,2024-12-06,2025-12-05,24,2,78455000.0,both
4215,1567,2025-11-23,2025-12-06,2026-12-05,12,1,84528000.0,both
4216,1568,2022-03-27,2022-04-09,2025-04-08,36,1,44475000.0,diag
4216,1568,2022-03-27,2023-04-09,2025-04-08,36,2,44475000.0,diag
4216,1568,2022-03-27,2024-04-09,2025-04-08,36,3,44475000.0,diag
4217,1568,2025-03-24,2025-04-12,2026-04-11,12,1,37648000.0,diag
4218,1568,2026-04-10,2026-04-12,2027-04-11,12,1,24170000.0,diag
4219,1569,2020-12-28,2021-01-14,2022-01-13,12,1,37504000.0,diag
4220,1570,2019-09-22,2019-10-10,2020-10-09,12,1,194456000.0,both
4221,1570,2019-09-25,2019-10-15,2020-10-09,12,1,60693000.0,both
4222,1570,2020-11-01,2020-11-15,2021-11-14,12,1,219926000.0,both
4223,1570,2021-11-01,2021-11-15,2022-11-14,12,1,129628000.0,both
4224,1570,2022-10-31,2022-11-15,2023-11-14,12,1,93533000.0,both
4225,1570,2023-11-08,2023-11-15,2024-11-14,12,1,245061000.0,both
4226,1570,2024-11-11,2024-11-15,2025-11-14,12,1,147296000.0,both
4227,1570,2025-12-26,2025-12-29,2026-12-28,12,1,177134000.0,both
4228,1570,2025-12-29,2026-01-03,2026-12-28,12,1,52388000.0,both
4229,1571,2020-05-07,2020-05-15,2021-05-14,12,1,36202000.0,posting
4230,1571,2021-05-26,2021-05-28,2022-05-27,12,1,39123000.0,posting
4231,1571,2022-06-07,2022-06-24,2023-06-23,12,1,28112000.0,posting
4232,1571,2022-06-10,2022-06-29,2023-06-23,12,1,14641000.0,posting
4233,1571,2023-06-06,2023-06-24,2025-06-23,24,1,39425000.0,posting
4233,1571,2023-06-06,2024-06-24,2025-06-23,24,2,39425000.0,posting
4234,1572,2018-01-27,2018-02-14,2019-02-13,12,1,72363000.0,diag
4235,1573,2019-10-20,2019-11-07,2020-11-06,12,1,54328000.0,diag
4236,1573,2020-10-31,2020-11-07,2021-11-06,12,1,74959000.0,diag
4237,1574,2022-05-14,2022-05-14,2023-05-13,12,1,77635000.0,posting
4238,1574,2023-06-08,2023-06-17,2024-06-16,12,1,66881000.0,posting
4239,1574,2023-06-11,2023-06-22,2024-06-16,12,1,17582000.0,posting
4240,1575,2023-01-03,2023-01-07,2024-01-06,12,1,32600000.0,diag
4241,1575,2024-01-23,2024-02-01,2026-01-31,24,1,32494000.0,diag
4241,1575,2024-01-23,2025-02-01,2026-01-31,24,2,32494000.0,diag
4242,1576,2021-04-06,2021-04-07,2022-04-06,12,1,36964000.0,diag
4243,1576,2021-04-09,2021-04-12,2022-04-06,12,1,8244000.0,diag
4244,1577,2023-06-23,2023-06-27,2024-06-26,12,1,236445000.0,diag
4245,1577,2024-06-15,2024-06-27,2025-06-26,12,1,164633000.0,diag
4246,1577,2025-07-26,2025-08-02,2026-08-01,12,1,165532000.0,diag
4247,1578,2022-04-23,2022-05-02,2023-05-01,12,1,37561000.0,diag
4248,1579,2023-06-01,2023-06-16,2025-06-15,24,1,79505000.0,both
4248,1579,2023-06-01,2024-06-16,2025-06-15,24,2,79505000.0,both
4249,1579,2025-06-01,2025-06-16,2026-06-15,12,1,73602000.0,both
4250,1579,2026-06-15,2026-06-16,2027-06-15,12,1,96575000.0,both
4251,1580,2021-03-25,2021-04-02,2022-04-01,12,1,94006000.0,both
4252,1581,2021-12-06,2021-12-13,2023-12-12,24,1,26837000.0,diag
4252,1581,2021-12-06,2022-12-13,2023-12-12,24,2,26837000.0,diag
4253,1581,2023-12-04,2023-12-13,2024-12-12,12,1,22291000.0,diag
4254,1581,2024-11-30,2024-12-13,2025-12-12,12,1,34041000.0,diag
4255,1582,2022-10-30,2022-11-02,2025-11-01,36,1,81933000.0,both
4255,1582,2022-10-30,2023-11-02,2025-11-01,36,2,81933000.0,both
4255,1582,2022-10-30,2024-11-02,2025-11-01,36,3,81933000.0,both
4256,1582,2025-10-26,2025-11-02,2026-11-01,12,1,37698000.0,both
4257,1583,2023-11-26,2023-12-05,2024-12-04,12,1,79728000.0,both
4258,1583,2024-11-26,2024-12-05,2025-12-04,12,1,58719000.0,both
4259,1583,2025-12-02,2025-12-05,2026-12-04,12,1,81474000.0,both
4260,1584,2020-05-14,2020-05-27,2021-05-26,12,1,42481000.0,diag
4261,1585,2021-08-11,2021-08-26,2022-08-25,12,1,14502000.0,diag
4262,1585,2022-08-17,2022-08-26,2023-08-25,12,1,16618000.0,diag
4263,1586,2018-10-14,2018-11-02,2019-11-01,12,1,38413000.0,diag
4264,1586,2019-11-06,2019-11-15,2020-11-14,12,1,17902000.0,diag
4265,1586,2020-11-13,2020-11-26,2021-11-25,12,1,47910000.0,diag
4266,1586,2021-11-17,2021-11-26,2022-11-25,12,1,39647000.0,diag
4267,1586,2022-11-09,2022-11-26,2025-11-25,36,1,42646000.0,diag
4267,1586,2022-11-09,2023-11-26,2025-11-25,36,2,42646000.0,diag
4267,1586,2022-11-09,2024-11-26,2025-11-25,36,3,42646000.0,diag
4268,1586,2025-11-11,2025-11-26,2026-11-25,12,1,37180000.0,diag
4269,1587,2022-08-18,2022-08-27,2023-08-26,12,1,36080000.0,diag
4270,1587,2023-09-08,2023-09-08,2024-09-07,12,1,26580000.0,diag
4271,1587,2024-10-14,2024-10-20,2026-10-19,24,1,16042000.0,diag
4271,1587,2024-10-14,2025-10-20,2026-10-19,24,2,16042000.0,diag
4272,1588,2021-09-12,2021-09-21,2022-09-20,12,1,15616000.0,posting
4273,1589,2023-05-03,2023-05-20,2024-05-19,12,1,19746000.0,posting
4274,1590,2019-12-30,2020-01-17,2021-01-16,12,1,26867000.0,diag
4275,1591,2020-03-09,2020-03-11,2021-03-10,12,1,157943000.0,both
4276,1592,2021-05-19,2021-05-23,2024-05-22,36,1,31419000.0,diag
4276,1592,2021-05-19,2022-05-23,2024-05-22,36,2,31419000.0,diag
4276,1592,2021-05-19,2023-05-23,2024-05-22,36,3,31419000.0,diag
4277,1593,2019-01-15,2019-01-20,2021-01-19,24,1,35878000.0,diag
4277,1593,2019-01-15,2020-01-20,2021-01-19,24,2,35878000.0,diag
4278,1593,2021-01-03,2021-01-20,2022-01-19,12,1,47421000.0,diag
4279,1594,2021-09-28,2021-10-07,2023-10-06,24,1,67633000.0,posting
4279,1594,2021-09-28,2022-10-07,2023-10-06,24,2,67633000.0,posting
4280,1594,2023-10-25,2023-10-25,2024-10-24,12,1,52023000.0,posting
4281,1595,2020-02-23,2020-03-03,2021-03-02,12,1,37216000.0,posting
4282,1595,2021-02-15,2021-03-03,2022-03-02,12,1,28681000.0,posting
4283,1596,2023-04-29,2023-05-15,2024-05-14,12,1,36134000.0,diag
4284,1597,2020-11-04,2020-11-14,2021-11-13,12,1,27195000.0,diag
4285,1598,2023-12-05,2023-12-21,2025-12-20,24,1,39717000.0,diag
4285,1598,2023-12-05,2024-12-21,2025-12-20,24,2,39717000.0,diag
4286,1598,2025-12-11,2025-12-21,2026-12-20,12,1,26579000.0,diag
4287,1599,2022-11-02,2022-11-15,2024-11-14,24,1,33036000.0,diag
4287,1599,2022-11-02,2023-11-15,2024-11-14,24,2,33036000.0,diag
4288,1600,2020-10-06,2020-10-20,2021-10-19,12,1,36683000.0,diag
4289,1600,2021-10-13,2021-10-20,2022-10-19,12,1,42287000.0,diag
4290,1600,2022-10-16,2022-10-20,2023-10-19,12,1,81494000.0,diag
4291,1600,2023-10-17,2023-10-20,2024-10-19,12,1,52375000.0,diag
4292,1600,2024-10-02,2024-10-20,2025-10-19,12,1,65650000.0,diag
4293,1600,2024-10-05,2024-10-25,2025-10-19,12,1,27419000.0,diag
4294,1600,2025-11-10,2025-11-18,2026-11-17,12,1,67815000.0,diag
4295,1601,2019-09-21,2019-09-24,2020-09-23,12,1,31545000.0,diag
4296,1602,2022-09-28,2022-10-12,2023-10-11,12,1,16450000.0,both
4297,1603,2021-10-08,2021-10-09,2023-10-08,24,1,38665000.0,posting
4297,1603,2021-10-08,2022-10-09,2023-10-08,24,2,38665000.0,posting
4298,1603,2023-09-24,2023-10-09,2024-10-08,12,1,34523000.0,posting
4299,1604,2022-07-04,2022-07-14,2023-07-13,12,1,69081000.0,diag
4300,1605,2019-08-15,2019-08-15,2020-08-14,12,1,32457000.0,posting
4301,1606,2021-11-17,2021-11-23,2024-11-22,36,1,27852000.0,diag
4301,1606,2021-11-17,2022-11-23,2024-11-22,36,2,27852000.0,diag
4301,1606,2021-11-17,2023-11-23,2024-11-22,36,3,27852000.0,diag
4302,1607,2020-10-26,2020-11-02,2021-11-01,12,1,51591000.0,diag
4303,1607,2020-10-29,2020-11-07,2021-11-01,12,1,6074000.0,diag
4304,1607,2021-10-25,2021-11-02,2023-11-01,24,1,41376000.0,diag
4304,1607,2021-10-25,2022-11-02,2023-11-01,24,2,41376000.0,diag
4305,1608,2018-04-27,2018-05-16,2019-05-15,12,1,13202000.0,posting
4306,1609,2023-07-03,2023-07-19,2024-07-18,12,1,53591000.0,both
4307,1610,2020-03-02,2020-03-09,2021-03-08,12,1,50756000.0,both
4308,1611,2021-09-09,2021-09-20,2022-09-19,12,1,58208000.0,diag
4309,1612,2023-05-20,2023-05-24,2024-05-23,12,1,34248000.0,both
4310,1612,2024-06-19,2024-06-30,2026-06-29,24,1,58623000.0,both
4310,1612,2024-06-19,2025-06-30,2026-06-29,24,2,58623000.0,both
4311,1613,2023-03-04,2023-03-14,2026-03-13,36,1,56374000.0,posting
4311,1613,2023-03-04,2024-03-14,2026-03-13,36,2,56374000.0,posting
4311,1613,2023-03-04,2025-03-14,2026-03-13,36,3,56374000.0,posting
4312,1613,2026-03-07,2026-03-14,2028-03-13,24,1,43208000.0,posting
4312,1613,2026-03-07,2027-03-14,2028-03-13,24,2,43208000.0,posting
4313,1614,2022-10-21,2022-11-05,2023-11-04,12,1,38404000.0,posting
4314,1615,2022-12-08,2022-12-21,2023-12-20,12,1,101763000.0,diag
4315,1616,2021-01-26,2021-02-05,2022-02-04,12,1,56353000.0,both
4316,1617,2020-10-11,2020-10-20,2022-10-19,24,1,26009000.0,posting
4316,1617,2020-10-11,2021-10-20,2022-10-19,24,2,26009000.0,posting
4317,1618,2023-07-11,2023-07-27,2024-07-26,12,1,107979000.0,both
4318,1618,2024-07-23,2024-07-27,2025-07-26,12,1,92162000.0,both
4319,1618,2025-07-22,2025-07-27,2026-07-26,12,1,142786000.0,both
4320,1619,2022-05-31,2022-06-05,2025-06-04,36,1,29885000.0,diag
4320,1619,2022-05-31,2023-06-05,2025-06-04,36,2,29885000.0,diag
4320,1619,2022-05-31,2024-06-05,2025-06-04,36,3,29885000.0,diag
4321,1620,2023-03-13,2023-03-22,2024-03-21,12,1,35572000.0,diag
4322,1621,2021-06-09,2021-06-26,2022-06-25,12,1,73101000.0,posting
4323,1622,2021-04-27,2021-05-16,2023-05-15,24,1,23019000.0,diag
4323,1622,2021-04-27,2022-05-16,2023-05-15,24,2,23019000.0,diag
4324,1622,2023-05-15,2023-05-16,2024-05-15,12,1,50798000.0,diag
4325,1622,2024-05-12,2024-05-25,2025-05-24,12,1,28451000.0,diag
4326,1622,2025-05-24,2025-05-25,2027-05-24,24,1,31099000.0,diag
4326,1622,2025-05-24,2026-05-25,2027-05-24,24,2,31099000.0,diag
4327,1623,2022-02-21,2022-02-23,2023-02-22,12,1,15700000.0,diag
4328,1624,2018-04-02,2018-04-10,2019-04-09,12,1,35353000.0,diag
4329,1625,2023-11-15,2023-11-18,2025-11-17,24,1,29740000.0,diag
4329,1625,2023-11-15,2024-11-18,2025-11-17,24,2,29740000.0,diag
4330,1625,2023-11-18,2023-11-23,2025-11-17,24,1,5369000.0,diag
4331,1625,2025-12-16,2025-12-17,2028-12-16,36,1,40327000.0,diag
4331,1625,2025-12-16,2026-12-17,2028-12-16,36,2,40327000.0,diag
4331,1625,2025-12-16,2027-12-17,2028-12-16,36,3,40327000.0,diag
4332,1626,2021-03-31,2021-04-08,2022-04-07,12,1,14685000.0,posting
4333,1627,2023-06-10,2023-06-16,2024-06-15,12,1,53550000.0,posting
4334,1627,2024-06-04,2024-06-16,2025-06-15,12,1,44891000.0,posting
4335,1627,2025-07-06,2025-07-25,2026-07-24,12,1,51683000.0,posting
4336,1628,2020-06-03,2020-06-05,2021-06-04,12,1,77891000.0,both
4337,1628,2021-05-21,2021-06-05,2022-06-04,12,1,103463000.0,both
4338,1629,2019-02-14,2019-02-18,2020-02-17,12,1,33045000.0,diag
4339,1629,2020-02-17,2020-02-18,2021-02-17,12,1,36509000.0,diag
4340,1630,2020-11-29,2020-12-17,2021-12-16,12,1,29934000.0,posting
4341,1630,2021-12-15,2021-12-17,2022-12-16,12,1,58748000.0,posting
4342,1631,2020-03-26,2020-04-05,2021-04-04,12,1,9560000.0,diag
4343,1632,2023-01-18,2023-01-19,2024-01-18,12,1,44283000.0,both
4344,1632,2024-01-12,2024-01-21,2025-01-20,12,1,56201000.0,both
4345,1632,2025-01-31,2025-02-09,2027-02-08,24,1,64106000.0,both
4345,1632,2025-01-31,2026-02-09,2027-02-08,24,2,64106000.0,both
4346,1633,2021-01-27,2021-02-03,2024-02-02,36,1,109662000.0,both
4346,1633,2021-01-27,2022-02-03,2024-02-02,36,2,109662000.0,both
4346,1633,2021-01-27,2023-02-03,2024-02-02,36,3,109662000.0,both
4347,1633,2024-01-17,2024-02-03,2025-02-02,12,1,120716000.0,both
4348,1633,2025-01-20,2025-02-03,2026-02-02,12,1,115772000.0,both
4349,1633,2026-02-03,2026-02-03,2027-02-02,12,1,114766000.0,both
4350,1634,2021-10-17,2021-11-01,2022-10-31,12,1,15758000.0,diag
4351,1635,2023-05-26,2023-06-09,2024-06-08,12,1,102695000.0,both
4352,1635,2024-06-07,2024-06-09,2025-06-08,12,1,71365000.0,both
4353,1636,2022-01-06,2022-01-20,2023-01-19,12,1,31189000.0,diag
4354,1637,2023-05-18,2023-06-06,2024-06-05,12,1,67094000.0,posting
4355,1637,2024-06-03,2024-06-06,2025-06-05,12,1,68472000.0,posting
4356,1637,2024-06-06,2024-06-11,2025-06-05,12,1,28562000.0,posting
4357,1638,2023-02-02,2023-02-19,2024-02-18,12,1,29782000.0,diag
4358,1639,2021-02-03,2021-02-10,2022-02-09,12,1,43750000.0,diag
4359,1639,2022-01-25,2022-02-10,2023-02-09,12,1,41218000.0,diag
4360,1639,2023-01-29,2023-02-10,2024-02-09,12,1,75021000.0,diag
4361,1640,2019-08-05,2019-08-17,2020-08-16,12,1,39177000.0,diag
4362,1640,2020-08-15,2020-08-17,2023-08-16,36,1,38045000.0,diag
4362,1640,2020-08-15,2021-08-17,2023-08-16,36,2,38045000.0,diag
4362,1640,2020-08-15,2022-08-17,2023-08-16,36,3,38045000.0,diag
4363,1641,2020-06-29,2020-07-03,2021-07-02,12,1,19718000.0,posting
4364,1642,2022-10-12,2022-10-26,2024-10-25,24,1,46334000.0,posting
4364,1642,2022-10-12,2023-10-26,2024-10-25,24,2,46334000.0,posting
4365,1643,2022-08-01,2022-08-03,2023-08-02,12,1,21711000.0,diag
4366,1643,2022-08-04,2022-08-08,2023-08-02,12,1,5259000.0,diag
4367,1644,2022-11-15,2022-11-21,2023-11-20,12,1,22149000.0,posting
4368,1644,2023-11-10,2023-11-21,2024-11-20,12,1,33203000.0,posting
4369,1645,2023-02-16,2023-02-18,2024-02-17,12,1,138065000.0,diag
4370,1645,2024-02-08,2024-02-18,2025-02-17,12,1,85605000.0,diag
4371,1645,2025-02-01,2025-02-18,2026-02-17,12,1,204041000.0,diag
4372,1645,2026-01-30,2026-02-18,2027-02-17,12,1,175699000.0,diag
4373,1646,2022-05-26,2022-06-01,2024-05-31,24,1,35702000.0,both
4373,1646,2022-05-26,2023-06-01,2024-05-31,24,2,35702000.0,both
4374,1646,2024-05-13,2024-06-01,2025-05-31,12,1,32274000.0,both
4375,1647,2023-08-03,2023-08-07,2025-08-06,24,1,14147000.0,posting
4375,1647,2023-08-03,2024-08-07,2025-08-06,24,2,14147000.0,posting
4376,1648,2021-12-05,2021-12-20,2022-12-19,12,1,44735000.0,diag
4377,1649,2020-06-17,2020-07-04,2021-07-03,12,1,24442000.0,diag
4378,1649,2021-06-18,2021-07-04,2022-07-03,12,1,45555000.0,diag
4379,1649,2022-07-19,2022-07-26,2023-07-25,12,1,22664000.0,diag
4380,1649,2023-07-26,2023-07-27,2024-07-26,12,1,36215000.0,diag
4381,1649,2024-07-20,2024-07-27,2025-07-26,12,1,47112000.0,diag
4382,1650,2022-12-31,2023-01-10,2024-01-09,12,1,37112000.0,posting
4383,1651,2020-05-19,2020-05-22,2021-05-21,12,1,46725000.0,both
4384,1651,2021-05-16,2021-05-22,2022-05-21,12,1,53751000.0,both
4385,1651,2022-06-18,2022-06-22,2023-06-21,12,1,72011000.0,both
4386,1651,2023-06-04,2023-06-22,2024-06-21,12,1,38474000.0,both
4387,1651,2024-07-05,2024-07-20,2026-07-19,24,1,78036000.0,both
4387,1651,2024-07-05,2025-07-20,2026-07-19,24,2,78036000.0,both
4388,1652,2021-04-24,2021-05-13,2022-05-12,12,1,91082000.0,both
4389,1652,2022-05-11,2022-05-13,2023-05-12,12,1,49376000.0,both
4390,1653,2022-09-27,2022-10-08,2023-10-07,12,1,38881000.0,both
4391,1653,2023-10-20,2023-11-07,2024-11-06,12,1,17666000.0,both
4392,1654,2022-04-10,2022-04-15,2023-04-14,12,1,63872000.0,both
4393,1654,2023-05-01,2023-05-19,2024-05-18,12,1,67875000.0,both
4394,1654,2024-05-15,2024-05-19,2026-05-18,24,1,64310000.0,both
4394,1654,2024-05-15,2025-05-19,2026-05-18,24,2,64310000.0,both
4395,1655,2019-10-12,2019-10-12,2020-10-11,12,1,63305000.0,posting
4396,1655,2020-09-30,2020-10-12,2023-10-11,36,1,85332000.0,posting
4396,1655,2020-09-30,2021-10-12,2023-10-11,36,2,85332000.0,posting
4396,1655,2020-09-30,2022-10-12,2023-10-11,36,3,85332000.0,posting
4397,1656,2015-10-05,2015-10-05,2016-10-04,12,1,41463000.0,diag
4398,1656,2016-11-10,2016-11-18,2017-11-17,12,1,27126000.0,diag
4399,1657,2018-02-25,2018-03-04,2019-03-03,12,1,64996000.0,diag
4400,1658,2023-03-13,2023-03-15,2024-03-14,12,1,29266000.0,diag
4401,1658,2024-02-28,2024-03-15,2025-03-14,12,1,44744000.0,diag
4402,1659,2023-10-04,2023-10-14,2024-10-13,12,1,46614000.0,both
4403,1659,2024-09-25,2024-10-14,2025-10-13,12,1,99199000.0,both
4404,1659,2025-10-09,2025-10-14,2026-10-13,12,1,40668000.0,both
4405,1660,2020-03-21,2020-04-07,2021-04-06,12,1,28341000.0,diag
4406,1661,2020-08-11,2020-08-15,2021-08-14,12,1,27520000.0,posting
4407,1661,2021-09-01,2021-09-12,2022-09-11,12,1,17025000.0,posting
4408,1661,2022-09-05,2022-09-12,2023-09-11,12,1,48064000.0,posting
4409,1661,2022-09-08,2022-09-17,2023-09-11,12,1,10457000.0,posting
4410,1661,2023-08-28,2023-09-12,2024-09-11,12,1,43568000.0,posting
4411,1661,2024-10-04,2024-10-12,2025-10-11,12,1,35392000.0,posting
4412,1662,2022-10-13,2022-10-21,2023-10-20,12,1,85491000.0,both
4413,1662,2023-11-15,2023-11-30,2024-11-29,12,1,98086000.0,both
4414,1662,2024-11-30,2024-12-07,2025-12-06,12,1,100877000.0,both
4415,1662,2026-01-03,2026-01-12,2027-01-11,12,1,61577000.0,both
4416,1663,2019-03-12,2019-03-26,2020-03-25,12,1,57972000.0,posting
4417,1663,2020-04-20,2020-04-26,2021-04-25,12,1,62712000.0,posting
4418,1663,2021-04-16,2021-04-26,2023-04-25,24,1,58780000.0,posting
4418,1663,2021-04-16,2022-04-26,2023-04-25,24,2,58780000.0,posting
4419,1663,2023-04-17,2023-04-26,2024-04-25,12,1,105069000.0,posting
4420,1663,2024-04-21,2024-04-26,2025-04-25,12,1,60498000.0,posting
4421,1663,2025-04-17,2025-04-26,2026-04-25,12,1,61202000.0,posting
4422,1664,2023-03-16,2023-04-01,2024-03-31,12,1,80973000.0,posting
4423,1665,2023-01-21,2023-01-23,2024-01-22,12,1,51059000.0,both
4424,1665,2024-01-07,2024-01-23,2025-01-22,12,1,15479000.0,both
4425,1665,2025-02-26,2025-03-03,2028-03-02,36,1,24138000.0,both
4425,1665,2025-02-26,2026-03-03,2028-03-02,36,2,24138000.0,both
4425,1665,2025-02-26,2027-03-03,2028-03-02,36,3,24138000.0,both
4426,1666,2022-12-01,2022-12-09,2023-12-08,12,1,242350000.0,both
4427,1666,2022-12-04,2022-12-14,2023-12-08,12,1,44877000.0,both
4428,1666,2023-11-24,2023-12-09,2024-12-08,12,1,135274000.0,both
4429,1666,2024-12-09,2024-12-09,2025-12-08,12,1,259051000.0,both
4430,1666,2025-12-25,2026-01-12,2027-01-11,12,1,159473000.0,both
4431,1667,2018-08-07,2018-08-24,2019-08-23,12,1,29096000.0,posting
4432,1668,2021-11-30,2021-12-02,2022-12-01,12,1,33423000.0,diag
4433,1668,2022-11-18,2022-12-02,2023-12-01,12,1,31020000.0,diag
4434,1668,2023-11-21,2023-12-02,2024-12-01,12,1,59621000.0,diag
4435,1669,2023-06-17,2023-06-17,2024-06-16,12,1,60040000.0,posting
4436,1669,2024-06-02,2024-06-17,2025-06-16,12,1,44930000.0,posting
4437,1670,2021-07-04,2021-07-17,2022-07-16,12,1,50768000.0,diag
4438,1671,2023-02-10,2023-02-24,2025-02-23,24,1,45704000.0,both
4438,1671,2023-02-10,2024-02-24,2025-02-23,24,2,45704000.0,both
4439,1671,2025-03-13,2025-03-30,2026-03-29,12,1,38154000.0,both
4440,1671,2026-03-27,2026-03-30,2027-03-29,12,1,46971000.0,both
4441,1671,2026-03-30,2026-04-04,2027-03-29,12,1,31641000.0,both
4442,1672,2020-05-07,2020-05-24,2021-05-23,12,1,93444000.0,both
4443,1672,2021-05-13,2021-05-24,2022-05-23,12,1,60015000.0,both
4444,1672,2022-05-15,2022-05-24,2024-05-23,24,1,78075000.0,both
4444,1672,2022-05-15,2023-05-24,2024-05-23,24,2,78075000.0,both
4445,1672,2024-05-09,2024-05-24,2025-05-23,12,1,92108000.0,both
4446,1672,2025-05-05,2025-05-24,2026-05-23,12,1,45042000.0,both
4447,1672,2026-05-13,2026-05-24,2028-05-23,24,1,55359000.0,both
4447,1672,2026-05-13,2027-05-24,2028-05-23,24,2,55359000.0,both
4448,1673,2019-04-17,2019-04-22,2020-04-21,12,1,183751000.0,both
4449,1673,2020-04-06,2020-04-22,2021-04-21,12,1,108677000.0,both
4450,1674,2015-06-15,2015-06-23,2016-06-22,12,1,61905000.0,posting
4451,1674,2016-06-20,2016-06-23,2017-06-22,12,1,81694000.0,posting
4452,1675,2022-04-08,2022-04-10,2023-04-09,12,1,28969000.0,diag
4453,1676,2021-02-22,2021-03-01,2022-02-28,12,1,24476000.0,diag
4454,1676,2022-02-20,2022-03-01,2023-02-28,12,1,43168000.0,diag
4455,1676,2023-02-14,2023-03-01,2025-02-28,24,1,24182000.0,diag
4455,1676,2023-02-14,2024-03-01,2025-02-28,24,2,24182000.0,diag
4456,1677,2021-07-16,2021-07-19,2022-07-18,12,1,21884000.0,diag
4457,1677,2021-07-19,2021-07-24,2022-07-18,12,1,8666000.0,diag
4458,1677,2022-07-26,2022-08-09,2023-08-08,12,1,18668000.0,diag
4459,1677,2023-07-21,2023-08-09,2026-08-08,36,1,21423000.0,diag
4459,1677,2023-07-21,2024-08-09,2026-08-08,36,2,21423000.0,diag
4459,1677,2023-07-21,2025-08-09,2026-08-08,36,3,21423000.0,diag
4460,1678,2022-04-06,2022-04-10,2023-04-09,12,1,36232000.0,both
4461,1678,2023-04-03,2023-04-10,2024-04-09,12,1,25819000.0,both
4462,1678,2024-03-30,2024-04-10,2027-04-09,36,1,22453000.0,both
4462,1678,2024-03-30,2025-04-10,2027-04-09,36,2,22453000.0,both
4462,1678,2024-03-30,2026-04-10,2027-04-09,36,3,22453000.0,both
4463,1678,2024-04-02,2024-04-15,2027-04-09,36,1,12885000.0,both
4464,1679,2022-02-07,2022-02-17,2023-02-16,12,1,41803000.0,diag
4465,1680,2019-11-02,2019-11-09,2020-11-08,12,1,20225000.0,diag
4466,1681,2021-01-27,2021-02-03,2022-02-02,12,1,34472000.0,posting
4467,1681,2022-01-31,2022-02-03,2023-02-02,12,1,34213000.0,posting
4468,1681,2023-01-18,2023-02-03,2024-02-02,12,1,44563000.0,posting
4469,1681,2024-01-21,2024-02-03,2025-02-02,12,1,26530000.0,posting
4470,1681,2025-02-12,2025-02-16,2026-02-15,12,1,58867000.0,posting
4471,1681,2026-02-20,2026-03-05,2027-03-04,12,1,44113000.0,posting
4472,1682,2020-05-27,2020-06-03,2021-06-02,12,1,66221000.0,both
4473,1682,2021-05-26,2021-06-03,2022-06-02,12,1,83184000.0,both
4474,1682,2022-05-17,2022-06-03,2023-06-02,12,1,70231000.0,both
4475,1682,2023-06-03,2023-06-03,2024-06-02,12,1,66424000.0,both
4476,1682,2024-05-19,2024-06-03,2025-06-02,12,1,46121000.0,both
4477,1682,2025-06-28,2025-06-29,2026-06-28,12,1,67037000.0,both
4478,1682,2025-07-01,2025-07-04,2026-06-28,12,1,23240000.0,both
4479,1682,2026-06-15,2026-06-29,2027-06-28,12,1,53682000.0,both
4480,1683,2021-03-04,2021-03-15,2022-03-14,12,1,13139000.0,diag
4481,1683,2022-03-13,2022-03-15,2023-03-14,12,1,21108000.0,diag
4482,1683,2023-03-21,2023-03-21,2024-03-20,12,1,50284000.0,diag
4483,1683,2024-03-10,2024-03-21,2025-03-20,12,1,27258000.0,diag
4484,1684,2021-01-18,2021-01-19,2022-01-18,12,1,36285000.0,both
4485,1684,2022-01-06,2022-01-19,2023-01-18,12,1,25535000.0,both
4486,1684,2023-01-11,2023-01-19,2024-01-18,12,1,37934000.0,both
4487,1685,2023-02-09,2023-02-27,2024-02-26,12,1,44388000.0,posting
4488,1685,2024-02-14,2024-02-27,2025-02-26,12,1,39836000.0,posting
4489,1685,2024-02-17,2024-03-03,2025-02-26,12,1,18219000.0,posting
4490,1686,2023-04-14,2023-04-25,2024-04-24,12,1,40970000.0,posting
4491,1686,2024-04-15,2024-04-25,2026-04-24,24,1,109100000.0,posting
4491,1686,2024-04-15,2025-04-25,2026-04-24,24,2,109100000.0,posting
4492,1686,2026-04-08,2026-04-25,2027-04-24,12,1,31307000.0,posting
4493,1687,2019-04-28,2019-05-09,2022-05-08,36,1,32168000.0,diag
4493,1687,2019-04-28,2020-05-09,2022-05-08,36,2,32168000.0,diag
4493,1687,2019-04-28,2021-05-09,2022-05-08,36,3,32168000.0,diag
4494,1687,2022-05-06,2022-05-09,2023-05-08,12,1,14796000.0,diag
4495,1687,2023-05-02,2023-05-09,2024-05-08,12,1,30764000.0,diag
4496,1687,2023-05-05,2023-05-14,2024-05-08,12,1,12081000.0,diag
4497,1688,2023-05-26,2023-06-12,2024-06-11,12,1,50446000.0,both
4498,1688,2023-05-29,2023-06-17,2024-06-11,12,1,9049000.0,both
4499,1688,2024-05-25,2024-06-12,2025-06-11,12,1,63967000.0,both
4500,1688,2025-06-18,2025-06-28,2026-06-27,12,1,47376000.0,both
4501,1688,2026-06-10,2026-06-28,2027-06-27,12,1,54690000.0,both
4502,1689,2021-03-04,2021-03-19,2022-03-18,12,1,39007000.0,diag
4503,1689,2022-03-26,2022-04-11,2023-04-10,12,1,43473000.0,diag
4504,1689,2023-04-06,2023-04-11,2024-04-10,12,1,54280000.0,diag
4505,1690,2019-10-10,2019-10-14,2021-10-13,24,1,86493000.0,posting
4505,1690,2019-10-10,2020-10-14,2021-10-13,24,2,86493000.0,posting
4506,1691,2022-05-08,2022-05-10,2023-05-09,12,1,71043000.0,diag
4507,1691,2023-05-01,2023-05-10,2024-05-09,12,1,56365000.0,diag
4508,1691,2024-04-22,2024-05-10,2026-05-09,24,1,38082000.0,diag
4508,1691,2024-04-22,2025-05-10,2026-05-09,24,2,38082000.0,diag
4509,1691,2026-05-07,2026-05-10,2029-05-09,36,1,50239000.0,diag
4509,1691,2026-05-07,2027-05-10,2029-05-09,36,2,50239000.0,diag
4509,1691,2026-05-07,2028-05-10,2029-05-09,36,3,50239000.0,diag
4510,1692,2015-05-14,2015-05-14,2016-05-13,12,1,37005000.0,diag
4511,1692,2016-05-07,2016-05-14,2017-05-13,12,1,59363000.0,diag
4512,1692,2017-06-19,2017-06-24,2018-06-23,12,1,53960000.0,diag
4513,1692,2018-06-17,2018-06-24,2021-06-23,36,1,28376000.0,diag
4513,1692,2018-06-17,2019-06-24,2021-06-23,36,2,28376000.0,diag
4513,1692,2018-06-17,2020-06-24,2021-06-23,36,3,28376000.0,diag
4514,1693,2020-07-04,2020-07-08,2021-07-07,12,1,29245000.0,diag
4515,1693,2021-07-12,2021-07-14,2022-07-13,12,1,29685000.0,diag
4516,1693,2022-07-09,2022-07-18,2023-07-17,12,1,48942000.0,diag
4517,1693,2022-07-12,2022-07-23,2023-07-17,12,1,11483000.0,diag
4518,1694,2020-11-12,2020-11-19,2021-11-18,12,1,29040000.0,posting
4519,1695,2023-10-23,2023-10-25,2024-10-24,12,1,75931000.0,diag
4520,1695,2024-10-15,2024-10-25,2025-10-24,12,1,30691000.0,diag
4521,1695,2025-10-16,2025-10-25,2026-10-24,12,1,87951000.0,diag
4522,1696,2022-03-07,2022-03-09,2023-03-08,12,1,96119000.0,posting
4523,1696,2023-03-22,2023-03-30,2026-03-29,36,1,118622000.0,posting
4523,1696,2023-03-22,2024-03-30,2026-03-29,36,2,118622000.0,posting
4523,1696,2023-03-22,2025-03-30,2026-03-29,36,3,118622000.0,posting
4524,1696,2026-03-16,2026-03-30,2027-03-29,12,1,90677000.0,posting
4525,1697,2022-05-26,2022-06-06,2024-06-05,24,1,35519000.0,posting
4525,1697,2022-05-26,2023-06-06,2024-06-05,24,2,35519000.0,posting
4526,1698,2022-08-04,2022-08-05,2023-08-04,12,1,36714000.0,posting
4527,1699,2023-01-04,2023-01-19,2024-01-18,12,1,169241000.0,diag
4528,1700,2020-05-21,2020-05-21,2021-05-20,12,1,61027000.0,both
4529,1700,2020-05-24,2020-05-26,2021-05-20,12,1,20393000.0,both
4530,1700,2021-05-12,2021-05-21,2022-05-20,12,1,71827000.0,both
4531,1700,2022-05-16,2022-05-21,2023-05-20,12,1,60778000.0,both
4532,1700,2023-05-05,2023-05-21,2024-05-20,12,1,63261000.0,both
4533,1700,2024-05-08,2024-05-21,2025-05-20,12,1,22040000.0,both
4534,1700,2025-05-15,2025-05-21,2026-05-20,12,1,71097000.0,both
4535,1700,2026-05-14,2026-05-21,2028-05-20,24,1,69279000.0,both
4535,1700,2026-05-14,2027-05-21,2028-05-20,24,2,69279000.0,both
4536,1700,2026-05-17,2026-05-26,2028-05-20,24,1,22080000.0,both
4537,1701,2019-05-13,2019-05-17,2020-05-16,12,1,16441000.0,posting
4538,1701,2020-05-12,2020-05-24,2023-05-23,36,1,14534000.0,posting
4538,1701,2020-05-12,2021-05-24,2023-05-23,36,2,14534000.0,posting
4538,1701,2020-05-12,2022-05-24,2023-05-23,36,3,14534000.0,posting
4539,1701,2023-05-11,2023-05-24,2026-05-23,36,1,28393000.0,posting
4539,1701,2023-05-11,2024-05-24,2026-05-23,36,2,28393000.0,posting
4539,1701,2023-05-11,2025-05-24,2026-05-23,36,3,28393000.0,posting
4540,1701,2026-06-04,2026-06-20,2029-06-19,36,1,21503000.0,posting
4540,1701,2026-06-04,2027-06-20,2029-06-19,36,2,21503000.0,posting
4540,1701,2026-06-04,2028-06-20,2029-06-19,36,3,21503000.0,posting
4541,1702,2021-02-16,2021-02-21,2022-02-20,12,1,53956000.0,both
4542,1702,2022-02-12,2022-02-21,2023-02-20,12,1,57498000.0,both
4543,1703,2022-04-05,2022-04-22,2023-04-21,12,1,107225000.0,diag
4544,1703,2023-04-06,2023-04-22,2024-04-21,12,1,59797000.0,diag
4545,1704,2020-08-14,2020-09-01,2021-08-31,12,1,46038000.0,both
4546,1705,2023-05-23,2023-05-23,2024-05-22,12,1,62348000.0,posting
4547,1705,2024-06-10,2024-06-24,2025-06-23,12,1,60169000.0,posting
4548,1705,2025-07-09,2025-07-16,2026-07-15,12,1,60986000.0,posting
4549,1706,2020-12-09,2020-12-13,2021-12-12,12,1,36529000.0,both
4550,1707,2022-11-28,2022-12-13,2023-12-12,12,1,37713000.0,posting
4551,1708,2021-05-15,2021-05-26,2023-05-25,24,1,18061000.0,diag
4551,1708,2021-05-15,2022-05-26,2023-05-25,24,2,18061000.0,diag
4552,1708,2021-05-18,2021-05-31,2023-05-25,24,1,12142000.0,diag
4553,1709,2020-12-11,2020-12-17,2023-12-16,36,1,29733000.0,diag
4553,1709,2020-12-11,2021-12-17,2023-12-16,36,2,29733000.0,diag
4553,1709,2020-12-11,2022-12-17,2023-12-16,36,3,29733000.0,diag
4554,1709,2023-12-02,2023-12-17,2024-12-16,12,1,23763000.0,diag
4555,1709,2024-12-06,2024-12-17,2025-12-16,12,1,34628000.0,diag
4556,1709,2025-12-22,2025-12-28,2026-12-27,12,1,13658000.0,diag
4557,1710,2018-05-05,2018-05-16,2019-05-15,12,1,67157000.0,posting
4558,1710,2019-05-25,2019-06-01,2022-05-31,36,1,71311000.0,posting
4558,1710,2019-05-25,2020-06-01,2022-05-31,36,2,71311000.0,posting
4558,1710,2019-05-25,2021-06-01,2022-05-31,36,3,71311000.0,posting
4559,1711,2023-02-07,2023-02-10,2024-02-09,12,1,48487000.0,diag
4560,1711,2024-02-10,2024-02-10,2025-02-09,12,1,69138000.0,diag
4561,1711,2025-01-29,2025-02-10,2026-02-09,12,1,68192000.0,diag
4562,1711,2026-01-22,2026-02-10,2028-02-09,24,1,44859000.0,diag
4562,1711,2026-01-22,2027-02-10,2028-02-09,24,2,44859000.0,diag
4563,1712,2021-05-29,2021-06-08,2022-06-07,12,1,18745000.0,diag
4564,1712,2021-06-01,2021-06-13,2022-06-07,12,1,6137000.0,diag
4565,1713,2020-02-08,2020-02-11,2021-02-10,12,1,41869000.0,both
4566,1713,2021-01-31,2021-02-11,2022-02-10,12,1,83741000.0,both
4567,1713,2022-01-24,2022-02-11,2023-02-10,12,1,131233000.0,both
4568,1713,2023-01-28,2023-02-11,2026-02-10,36,1,74170000.0,both
4568,1713,2023-01-28,2024-02-11,2026-02-10,36,2,74170000.0,both
4568,1713,2023-01-28,2025-02-11,2026-02-10,36,3,74170000.0,both
4569,1713,2026-01-28,2026-02-16,2027-02-15,12,1,98815000.0,both
4570,1714,2022-12-21,2022-12-26,2023-12-25,12,1,41138000.0,posting
4571,1715,2019-12-07,2019-12-16,2020-12-15,12,1,66784000.0,diag
4572,1715,2021-01-12,2021-01-17,2022-01-16,12,1,39222000.0,diag
4573,1715,2022-01-04,2022-01-17,2024-01-16,24,1,39551000.0,diag
4573,1715,2022-01-04,2023-01-17,2024-01-16,24,2,39551000.0,diag
4574,1715,2023-12-29,2024-01-17,2025-01-16,12,1,67982000.0,diag
4575,1715,2025-01-12,2025-01-17,2026-01-16,12,1,52076000.0,diag
4576,1715,2026-01-11,2026-01-17,2027-01-16,12,1,49958000.0,diag
4577,1716,2018-12-15,2018-12-23,2019-12-22,12,1,46019000.0,posting
4578,1716,2019-12-15,2019-12-23,2020-12-22,12,1,82476000.0,posting
4579,1716,2020-12-11,2020-12-23,2021-12-22,12,1,86524000.0,posting
4580,1716,2021-12-13,2022-01-01,2022-12-31,12,1,44464000.0,posting
4581,1716,2022-12-23,2023-01-01,2023-12-31,12,1,44255000.0,posting
4582,1716,2023-12-31,2024-01-01,2024-12-31,12,1,70175000.0,posting
4583,1716,2024-01-03,2024-01-06,2024-12-31,12,1,14960000.0,posting
4584,1716,2024-12-23,2025-01-01,2027-12-31,36,1,65281000.0,posting
4584,1716,2024-12-23,2026-01-01,2027-12-31,36,2,65281000.0,posting
4584,1716,2024-12-23,2027-01-01,2027-12-31,36,3,65281000.0,posting
4585,1717,2021-11-16,2021-11-16,2022-11-15,12,1,56108000.0,both
4586,1717,2022-12-12,2022-12-25,2023-12-24,12,1,64257000.0,both
4587,1717,2023-12-11,2023-12-25,2024-12-24,12,1,73965000.0,both
4588,1717,2024-12-08,2024-12-25,2025-12-24,12,1,122451000.0,both
4589,1717,2025-12-18,2025-12-25,2026-12-24,12,1,76515000.0,both
4590,1718,2023-05-05,2023-05-11,2024-05-10,12,1,129279000.0,both
4591,1718,2023-05-08,2023-05-16,2024-05-10,12,1,42423000.0,both
4592,1718,2024-06-01,2024-06-14,2025-06-13,12,1,88356000.0,both
4593,1718,2025-06-06,2025-06-14,2026-06-13,12,1,90474000.0,both
4594,1718,2026-05-29,2026-06-14,2027-06-13,12,1,149968000.0,both
4595,1719,2023-06-03,2023-06-21,2024-06-20,12,1,32447000.0,diag
4596,1719,2024-06-10,2024-06-21,2025-06-20,12,1,38429000.0,diag
4597,1719,2024-06-13,2024-06-26,2025-06-20,12,1,7547000.0,diag
4598,1719,2025-06-02,2025-06-21,2026-06-20,12,1,35905000.0,diag
4599,1720,2022-09-30,2022-10-13,2023-10-12,12,1,48512000.0,diag
4600,1721,2022-10-29,2022-11-05,2023-11-04,12,1,28344000.0,both
4601,1721,2023-10-28,2023-11-05,2024-11-04,12,1,21115000.0,both
4602,1721,2024-10-19,2024-11-05,2025-11-04,12,1,19298000.0,both
4603,1721,2025-12-06,2025-12-07,2026-12-06,12,1,31242000.0,both
4604,1722,2022-07-18,2022-08-01,2023-07-31,12,1,53754000.0,diag
4605,1722,2023-07-31,2023-08-01,2024-07-31,12,1,50112000.0,diag
4606,1723,2023-06-03,2023-06-08,2026-06-07,36,1,47661000.0,diag
4606,1723,2023-06-03,2024-06-08,2026-06-07,36,2,47661000.0,diag
4606,1723,2023-06-03,2025-06-08,2026-06-07,36,3,47661000.0,diag
4607,1723,2026-06-04,2026-06-16,2027-06-15,12,1,41320000.0,diag
4608,1723,2026-06-07,2026-06-21,2027-06-15,12,1,14205000.0,diag
4609,1724,2018-04-23,2018-05-07,2021-05-06,36,1,31872000.0,posting
4609,1724,2018-04-23,2019-05-07,2021-05-06,36,2,31872000.0,posting
4609,1724,2018-04-23,2020-05-07,2021-05-06,36,3,31872000.0,posting
4610,1724,2021-05-06,2021-05-07,2022-05-06,12,1,25685000.0,posting
4611,1724,2022-05-14,2022-05-17,2023-05-16,12,1,29113000.0,posting
4612,1724,2023-05-11,2023-05-27,2024-05-26,12,1,38376000.0,posting
4613,1724,2024-05-17,2024-05-27,2025-05-26,12,1,33318000.0,posting
4614,1724,2025-05-25,2025-05-27,2026-05-26,12,1,51163000.0,posting
4615,1725,2022-10-02,2022-10-10,2023-10-09,12,1,220692000.0,both
4616,1725,2022-10-05,2022-10-15,2023-10-09,12,1,56713000.0,both
4617,1725,2023-10-10,2023-10-10,2024-10-09,12,1,76127000.0,both
4618,1725,2023-10-13,2023-10-15,2024-10-09,12,1,31562000.0,both
4619,1725,2024-10-05,2024-10-15,2025-10-14,12,1,182860000.0,both
4620,1725,2025-10-10,2025-10-15,2026-10-14,12,1,88058000.0,both
4621,1726,2021-11-17,2021-11-17,2022-11-16,12,1,161857000.0,diag
4622,1726,2022-11-01,2022-11-17,2023-11-16,12,1,87842000.0,diag
4623,1727,2020-06-12,2020-06-20,2021-06-19,12,1,68009000.0,diag
4624,1728,2019-10-03,2019-10-19,2020-10-18,12,1,92538000.0,both
4625,1728,2020-10-16,2020-10-19,2022-10-18,24,1,57657000.0,both
4625,1728,2020-10-16,2021-10-19,2022-10-18,24,2,57657000.0,both
4626,1729,2018-07-07,2018-07-07,2019-07-06,12,1,20407000.0,diag
4627,1730,2021-12-31,2022-01-02,2023-01-01,12,1,52827000.0,diag
4628,1730,2022-12-30,2023-01-02,2024-01-01,12,1,41853000.0,diag
4629,1731,2022-09-03,2022-09-15,2023-09-14,12,1,59084000.0,diag
4630,1731,2023-09-17,2023-09-21,2024-09-20,12,1,89220000.0,diag
4631,1731,2024-09-05,2024-09-21,2025-09-20,12,1,52611000.0,diag
4632,1731,2025-09-30,2025-10-16,2026-10-15,12,1,28827000.0,diag
4633,1732,2022-05-18,2022-05-23,2023-05-22,12,1,26104000.0,diag
4634,1732,2023-06-06,2023-06-10,2024-06-09,12,1,31008000.0,diag
4635,1732,2023-06-09,2023-06-15,2024-06-09,12,1,23959000.0,diag
4636,1732,2024-06-10,2024-06-10,2025-06-09,12,1,43311000.0,diag
4637,1733,2020-06-03,2020-06-21,2021-06-20,12,1,26682000.0,both
4638,1733,2020-06-06,2020-06-26,2021-06-20,12,1,10789000.0,both
4639,1733,2021-06-10,2021-06-23,2022-06-22,12,1,63338000.0,both
4640,1733,2022-06-08,2022-06-23,2023-06-22,12,1,53263000.0,both
4641,1733,2023-06-07,2023-06-23,2025-06-22,24,1,49522000.0,both
4641,1733,2023-06-07,2024-06-23,2025-06-22,24,2,49522000.0,both
4642,1734,2018-06-04,2018-06-14,2020-06-13,24,1,113290000.0,diag
4642,1734,2018-06-04,2019-06-14,2020-06-13,24,2,113290000.0,diag
4643,1735,2018-10-17,2018-11-05,2019-11-04,12,1,70146000.0,posting
4644,1736,2021-09-17,2021-09-24,2022-09-23,12,1,47983000.0,both
4645,1737,2021-04-24,2021-04-24,2023-04-23,24,1,116142000.0,both
4645,1737,2021-04-24,2022-04-24,2023-04-23,24,2,116142000.0,both
4646,1737,2023-04-14,2023-04-24,2024-04-23,12,1,103296000.0,both
4647,1738,2019-03-08,2019-03-22,2020-03-21,12,1,93474000.0,diag
4648,1738,2020-03-21,2020-03-22,2021-03-21,12,1,71691000.0,diag
4649,1738,2021-03-10,2021-03-22,2022-03-21,12,1,85325000.0,diag
4650,1738,2022-03-30,2022-04-09,2023-04-08,12,1,41023000.0,diag
4651,1739,2022-03-31,2022-04-19,2023-04-18,12,1,51027000.0,both
4652,1739,2023-04-18,2023-04-19,2024-04-18,12,1,68881000.0,both
4653,1739,2024-04-11,2024-04-19,2025-04-18,12,1,84413000.0,both
4654,1739,2025-04-15,2025-04-21,2026-04-20,12,1,51056000.0,both
4655,1740,2018-08-07,2018-08-11,2019-08-10,12,1,26666000.0,diag
4656,1741,2020-08-26,2020-09-03,2021-09-02,12,1,39985000.0,posting
4657,1742,2019-03-12,2019-03-13,2020-03-12,12,1,44533000.0,diag
4658,1742,2020-02-28,2020-03-13,2022-03-12,24,1,46181000.0,diag
4658,1742,2020-02-28,2021-03-13,2022-03-12,24,2,46181000.0,diag
4659,1742,2022-02-26,2022-03-13,2024-03-12,24,1,27290000.0,diag
4659,1742,2022-02-26,2023-03-13,2024-03-12,24,2,27290000.0,diag
4660,1742,2024-02-27,2024-03-14,2025-03-13,12,1,47757000.0,diag
4661,1742,2025-03-14,2025-03-14,2027-03-13,24,1,32538000.0,diag
4661,1742,2025-03-14,2026-03-14,2027-03-13,24,2,32538000.0,diag
4662,1743,2020-08-13,2020-09-01,2021-08-31,12,1,14658000.0,diag
4663,1743,2021-08-24,2021-09-01,2022-08-31,12,1,20310000.0,diag
4664,1744,2022-04-10,2022-04-27,2023-04-26,12,1,46019000.0,diag
4665,1744,2022-04-13,2022-05-02,2023-04-26,12,1,6458000.0,diag
4666,1744,2023-04-22,2023-04-27,2024-04-26,12,1,56138000.0,diag
4667,1744,2024-04-23,2024-05-05,2025-05-04,12,1,22058000.0,diag
4668,1744,2025-05-03,2025-05-05,2026-05-04,12,1,38094000.0,diag
4669,1745,2021-09-11,2021-09-13,2022-09-12,12,1,87602000.0,posting
4670,1746,2019-09-23,2019-10-03,2020-10-02,12,1,23891000.0,diag
4671,1747,2020-12-02,2020-12-14,2021-12-13,12,1,52736000.0,diag
4672,1747,2021-12-07,2021-12-14,2022-12-13,12,1,40901000.0,diag
4673,1748,2021-12-07,2021-12-20,2022-12-19,12,1,129911000.0,both
4674,1749,2019-12-20,2020-01-07,2021-01-06,12,1,26097000.0,posting
4675,1749,2020-12-24,2021-01-07,2022-01-06,12,1,25169000.0,posting
4676,1750,2023-06-17,2023-06-25,2024-06-24,12,1,64083000.0,both
4677,1750,2024-06-17,2024-06-25,2025-06-24,12,1,57892000.0,both
4678,1750,2025-06-09,2025-06-25,2027-06-24,24,1,65207000.0,both
4678,1750,2025-06-09,2026-06-25,2027-06-24,24,2,65207000.0,both
4679,1751,2021-04-04,2021-04-08,2022-04-07,12,1,186605000.0,diag
4680,1751,2022-04-22,2022-05-02,2023-05-01,12,1,124295000.0,diag
4681,1751,2023-04-19,2023-05-02,2024-05-01,12,1,97459000.0,diag
4682,1751,2024-05-28,2024-06-04,2025-06-03,12,1,117822000.0,diag
4683,1751,2025-06-23,2025-06-24,2026-06-23,12,1,151210000.0,diag
4684,1751,2026-06-19,2026-06-25,2027-06-24,12,1,120272000.0,diag
4685,1752,2021-07-18,2021-08-02,2022-08-01,12,1,78485000.0,posting
4686,1753,2023-09-18,2023-09-22,2026-09-21,36,1,54030000.0,posting
4686,1753,2023-09-18,2024-09-22,2026-09-21,36,2,54030000.0,posting
4686,1753,2023-09-18,2025-09-22,2026-09-21,36,3,54030000.0,posting
4687,1753,2023-09-21,2023-09-27,2026-09-21,36,1,8365000.0,posting
4688,1754,2019-05-18,2019-06-02,2020-06-01,12,1,39400000.0,posting
4689,1754,2019-05-21,2019-06-07,2020-06-01,12,1,11465000.0,posting
4690,1754,2020-06-23,2020-06-30,2021-06-29,12,1,59096000.0,posting
4691,1754,2021-07-14,2021-07-14,2022-07-13,12,1,40393000.0,posting
4692,1754,2022-06-28,2022-07-14,2023-07-13,12,1,30793000.0,posting
4693,1754,2023-07-07,2023-07-14,2024-07-13,12,1,37794000.0,posting
4694,1754,2024-07-07,2024-07-14,2025-07-13,12,1,33231000.0,posting
4695,1754,2025-08-03,2025-08-07,2026-08-06,12,1,49744000.0,posting
4696,1755,2023-04-07,2023-04-21,2024-04-20,12,1,60376000.0,posting
4697,1755,2024-04-07,2024-04-21,2025-04-20,12,1,86853000.0,posting
4698,1755,2025-04-21,2025-04-21,2026-04-20,12,1,71276000.0,posting
4699,1755,2026-04-18,2026-04-21,2027-04-20,12,1,45726000.0,posting
4700,1756,2020-09-17,2020-09-20,2021-09-19,12,1,66185000.0,diag
4701,1756,2021-09-09,2021-09-20,2024-09-19,36,1,59938000.0,diag
4701,1756,2021-09-09,2022-09-20,2024-09-19,36,2,59938000.0,diag
4701,1756,2021-09-09,2023-09-20,2024-09-19,36,3,59938000.0,diag
4702,1757,2019-06-08,2019-06-27,2020-06-26,12,1,56246000.0,diag
4703,1757,2020-06-23,2020-06-27,2021-06-26,12,1,53655000.0,diag
4704,1757,2021-06-21,2021-06-27,2022-06-26,12,1,42971000.0,diag
4705,1757,2021-06-24,2021-07-02,2022-06-26,12,1,31586000.0,diag
4706,1757,2022-07-13,2022-08-01,2023-07-31,12,1,55249000.0,diag
4707,1758,2022-08-30,2022-09-03,2025-09-02,36,1,32705000.0,diag
4707,1758,2022-08-30,2023-09-03,2025-09-02,36,2,32705000.0,diag
4707,1758,2022-08-30,2024-09-03,2025-09-02,36,3,32705000.0,diag
4708,1758,2025-08-23,2025-09-03,2026-09-02,12,1,32756000.0,diag
4709,1759,2021-12-19,2021-12-25,2022-12-24,12,1,28984000.0,posting
4710,1759,2022-12-19,2022-12-25,2024-12-24,24,1,26812000.0,posting
4710,1759,2022-12-19,2023-12-25,2024-12-24,24,2,26812000.0,posting
4711,1759,2024-12-19,2024-12-25,2025-12-24,12,1,27456000.0,posting
4712,1759,2025-12-06,2025-12-25,2026-12-24,12,1,38897000.0,posting
4713,1760,2019-03-04,2019-03-15,2020-03-14,12,1,167026000.0,both
4714,1760,2019-03-07,2019-03-20,2020-03-14,12,1,30184000.0,both
4715,1760,2020-03-06,2020-03-15,2021-03-14,12,1,85630000.0,both
4716,1760,2020-03-09,2020-03-20,2021-03-14,12,1,46666000.0,both
4717,1760,2021-03-04,2021-03-15,2023-03-14,24,1,72890000.0,both
4717,1760,2021-03-04,2022-03-15,2023-03-14,24,2,72890000.0,both
4718,1760,2021-03-07,2021-03-20,2023-03-14,24,1,22287000.0,both
4719,1761,2022-07-12,2022-07-27,2023-07-26,12,1,85003000.0,diag
4720,1761,2023-07-19,2023-07-27,2024-07-26,12,1,147552000.0,diag
4721,1762,2015-05-09,2015-05-19,2016-05-18,12,1,65897000.0,posting
4722,1763,2021-04-21,2021-05-04,2022-05-03,12,1,58758000.0,diag
4723,1763,2022-04-16,2022-05-04,2023-05-03,12,1,69811000.0,diag
4724,1763,2023-05-27,2023-06-05,2024-06-04,12,1,92568000.0,diag
4725,1763,2023-05-30,2023-06-10,2024-06-04,12,1,25095000.0,diag
4726,1764,2021-05-31,2021-06-11,2022-06-10,12,1,33427000.0,diag
4727,1764,2022-05-30,2022-06-11,2023-06-10,12,1,24741000.0,diag
4728,1764,2022-06-02,2022-06-16,2023-06-10,12,1,9046000.0,diag
4729,1764,2023-06-28,2023-07-16,2024-07-15,12,1,30800000.0,diag
4730,1765,2022-11-27,2022-12-16,2023-12-15,12,1,67853000.0,posting
4731,1765,2024-01-07,2024-01-14,2025-01-13,12,1,42674000.0,posting
4732,1765,2025-01-10,2025-01-14,2027-01-13,24,1,51181000.0,posting
4732,1765,2025-01-10,2026-01-14,2027-01-13,24,2,51181000.0,posting
4733,1766,2019-04-01,2019-04-11,2020-04-10,12,1,19238000.0,diag
4734,1766,2020-04-18,2020-04-29,2021-04-28,12,1,22857000.0,diag
4735,1766,2021-04-10,2021-04-29,2022-04-28,12,1,22660000.0,diag
4736,1767,2021-10-31,2021-11-11,2022-11-10,12,1,96838000.0,diag
4737,1768,2022-01-09,2022-01-14,2023-01-13,12,1,52909000.0,both
4738,1768,2022-01-12,2022-01-19,2023-01-13,12,1,13543000.0,both
4739,1768,2023-01-09,2023-01-14,2025-01-13,24,1,54658000.0,both
4739,1768,2023-01-09,2024-01-14,2025-01-13,24,2,54658000.0,both
4740,1768,2025-01-11,2025-01-14,2026-01-13,12,1,56241000.0,both
4741,1769,2022-01-15,2022-01-24,2023-01-23,12,1,13740000.0,diag
4742,1770,2023-10-15,2023-11-03,2024-11-02,12,1,290939000.0,both
4743,1771,2018-01-30,2018-02-16,2019-02-15,12,1,84259000.0,diag
4744,1772,2022-06-29,2022-07-17,2023-07-16,12,1,85387000.0,both
4745,1773,2021-07-07,2021-07-09,2022-07-08,12,1,179051000.0,both
4746,1773,2022-07-08,2022-07-09,2023-07-08,12,1,67417000.0,both
4747,1773,2023-07-03,2023-07-09,2024-07-08,12,1,86750000.0,both
4748,1773,2024-07-04,2024-07-09,2025-07-08,12,1,83071000.0,both
4749,1773,2025-07-02,2025-07-09,2026-07-08,12,1,107865000.0,both
4750,1774,2022-09-21,2022-10-06,2023-10-05,12,1,18840000.0,both
4751,1774,2022-09-24,2022-10-11,2023-10-05,12,1,8489000.0,both
4752,1775,2021-11-25,2021-12-11,2022-12-10,12,1,41338000.0,diag
4753,1775,2022-11-28,2022-12-11,2023-12-10,12,1,36190000.0,diag
4754,1775,2023-12-10,2023-12-24,2024-12-23,12,1,30552000.0,diag
4755,1775,2024-12-17,2024-12-24,2025-12-23,12,1,44638000.0,diag
4756,1776,2018-05-16,2018-05-19,2019-05-18,12,1,41998000.0,both
4757,1776,2019-04-30,2019-05-19,2020-05-18,12,1,37760000.0,both
4758,1776,2020-05-19,2020-05-19,2022-05-18,24,1,34106000.0,both
4758,1776,2020-05-19,2021-05-19,2022-05-18,24,2,34106000.0,both
4759,1776,2022-05-15,2022-05-19,2023-05-18,12,1,45257000.0,both
4760,1776,2023-05-03,2023-05-19,2024-05-18,12,1,36780000.0,both
4761,1777,2021-03-03,2021-03-19,2022-03-18,12,1,31350000.0,both
4762,1777,2022-03-03,2022-03-19,2023-03-18,12,1,35588000.0,both
4763,1777,2023-02-28,2023-03-19,2024-03-18,12,1,43818000.0,both
4764,1777,2024-03-08,2024-03-19,2025-03-18,12,1,31726000.0,both
4765,1778,2022-08-15,2022-09-03,2024-09-02,24,1,25368000.0,posting
4765,1778,2022-08-15,2023-09-03,2024-09-02,24,2,25368000.0,posting
4766,1778,2024-08-30,2024-09-03,2026-09-02,24,1,13816000.0,posting
4766,1778,2024-08-30,2025-09-03,2026-09-02,24,2,13816000.0,posting
4767,1779,2022-07-08,2022-07-15,2023-07-14,12,1,138986000.0,both
4768,1779,2023-07-13,2023-07-16,2024-07-15,12,1,103350000.0,both
4769,1779,2024-07-11,2024-07-16,2025-07-15,12,1,132117000.0,both
4770,1779,2025-07-07,2025-07-16,2026-07-15,12,1,75128000.0,both
4771,1779,2025-07-10,2025-07-21,2026-07-15,12,1,32361000.0,both
4772,1780,2019-02-23,2019-03-02,2020-03-01,12,1,41073000.0,diag
4773,1780,2020-03-17,2020-03-21,2022-03-20,24,1,46065000.0,diag
4773,1780,2020-03-17,2021-03-21,2022-03-20,24,2,46065000.0,diag
4774,1781,2023-08-15,2023-08-17,2024-08-16,12,1,125303000.0,both
4775,1782,2018-06-21,2018-06-25,2019-06-24,12,1,38279000.0,both
4776,1782,2019-06-24,2019-06-25,2020-06-24,12,1,43237000.0,both
4777,1782,2020-06-20,2020-07-05,2023-07-04,36,1,30111000.0,both
4777,1782,2020-06-20,2021-07-05,2023-07-04,36,2,30111000.0,both
4777,1782,2020-06-20,2022-07-05,2023-07-04,36,3,30111000.0,both
4778,1782,2023-06-29,2023-07-05,2024-07-04,12,1,56202000.0,both
4779,1782,2023-07-02,2023-07-10,2024-07-04,12,1,16362000.0,both
4780,1782,2024-06-17,2024-07-05,2025-07-04,12,1,39779000.0,both
4781,1782,2025-06-29,2025-07-05,2026-07-04,12,1,60654000.0,both
4782,1783,2020-12-04,2020-12-17,2022-12-16,24,1,26720000.0,diag
4782,1783,2020-12-04,2021-12-17,2022-12-16,24,2,26720000.0,diag
4783,1783,2020-12-07,2020-12-22,2022-12-16,24,1,9776000.0,diag
4784,1784,2019-01-11,2019-01-26,2020-01-25,12,1,41263000.0,diag
4785,1784,2020-02-02,2020-02-12,2021-02-11,12,1,35284000.0,diag
4786,1785,2021-10-29,2021-11-15,2022-11-14,12,1,41299000.0,posting
4787,1785,2022-11-23,2022-12-11,2023-12-10,12,1,52210000.0,posting
4788,1785,2023-12-03,2023-12-11,2024-12-10,12,1,67328000.0,posting
4789,1785,2024-12-01,2024-12-11,2026-12-10,24,1,37969000.0,posting
4789,1785,2024-12-01,2025-12-11,2026-12-10,24,2,37969000.0,posting
4790,1786,2022-11-09,2022-11-12,2023-11-11,12,1,38977000.0,diag
4791,1787,2019-03-16,2019-03-27,2020-03-26,12,1,58383000.0,both
4792,1787,2019-03-19,2019-04-01,2020-03-26,12,1,24233000.0,both
4793,1788,2022-03-26,2022-04-04,2023-04-03,12,1,38699000.0,diag
4794,1789,2019-11-13,2019-11-13,2021-11-12,24,1,51663000.0,posting
4794,1789,2019-11-13,2020-11-13,2021-11-12,24,2,51663000.0,posting
4795,1789,2021-11-24,2021-11-24,2023-11-23,24,1,65427000.0,posting
4795,1789,2021-11-24,2022-11-24,2023-11-23,24,2,65427000.0,posting
4796,1789,2023-11-24,2023-11-24,2024-11-23,12,1,81184000.0,posting
4797,1790,2023-08-01,2023-08-17,2026-08-16,36,1,52302000.0,posting
4797,1790,2023-08-01,2024-08-17,2026-08-16,36,2,52302000.0,posting
4797,1790,2023-08-01,2025-08-17,2026-08-16,36,3,52302000.0,posting
4798,1790,2023-08-04,2023-08-22,2026-08-16,36,1,29522000.0,posting
4799,1791,2023-03-18,2023-04-06,2024-04-05,12,1,58021000.0,both
4800,1791,2024-03-19,2024-04-06,2025-04-05,12,1,54628000.0,both
4801,1791,2025-03-25,2025-04-06,2027-04-05,24,1,45041000.0,both
4801,1791,2025-03-25,2026-04-06,2027-04-05,24,2,45041000.0,both
4802,1792,2022-10-04,2022-10-20,2023-10-19,12,1,30882000.0,diag
4803,1792,2023-10-20,2023-10-20,2024-10-19,12,1,45109000.0,diag
4804,1793,2021-07-24,2021-08-02,2023-08-01,24,1,156907000.0,both
4804,1793,2021-07-24,2022-08-02,2023-08-01,24,2,156907000.0,both
4805,1793,2023-07-25,2023-08-02,2024-08-01,12,1,95001000.0,both
4806,1793,2024-08-06,2024-08-13,2025-08-12,12,1,142430000.0,both
4807,1793,2025-08-13,2025-08-14,2026-08-13,12,1,105733000.0,both
4808,1794,2023-06-25,2023-07-14,2024-07-13,12,1,88021000.0,posting
4809,1794,2024-07-06,2024-07-14,2025-07-13,12,1,162256000.0,posting
4810,1794,2025-07-14,2025-07-14,2026-07-13,12,1,103617000.0,posting
4811,1795,2019-07-19,2019-08-07,2020-08-06,12,1,104154000.0,posting
4812,1795,2020-07-31,2020-08-10,2021-08-09,12,1,51724000.0,posting
4813,1795,2021-07-28,2021-08-10,2022-08-09,12,1,57994000.0,posting
4814,1795,2022-08-09,2022-08-10,2024-08-09,24,1,29782000.0,posting
4814,1795,2022-08-09,2023-08-10,2024-08-09,24,2,29782000.0,posting
4815,1795,2024-07-31,2024-08-10,2025-08-09,12,1,54381000.0,posting
4816,1795,2025-08-03,2025-08-10,2026-08-09,12,1,117763000.0,posting
4817,1796,2018-07-01,2018-07-10,2019-07-09,12,1,44248000.0,posting
4818,1796,2019-08-06,2019-08-15,2020-08-14,12,1,62493000.0,posting
4819,1796,2020-07-29,2020-08-15,2021-08-14,12,1,60093000.0,posting
4820,1796,2021-08-06,2021-08-15,2022-08-14,12,1,70651000.0,posting
4821,1796,2022-07-29,2022-08-15,2023-08-14,12,1,83600000.0,posting
4822,1796,2023-08-05,2023-08-15,2024-08-14,12,1,38192000.0,posting
4823,1796,2024-07-31,2024-08-15,2026-08-14,24,1,51040000.0,posting
4823,1796,2024-07-31,2025-08-15,2026-08-14,24,2,51040000.0,posting
4824,1797,2022-06-26,2022-07-07,2023-07-06,12,1,49943000.0,diag
4825,1797,2023-07-14,2023-07-23,2024-07-22,12,1,44129000.0,diag
4826,1797,2024-07-08,2024-07-23,2025-07-22,12,1,52358000.0,diag
4827,1798,2023-03-21,2023-04-05,2024-04-04,12,1,52408000.0,both
4828,1798,2024-04-02,2024-04-09,2026-04-08,24,1,29185000.0,both
4828,1798,2024-04-02,2025-04-09,2026-04-08,24,2,29185000.0,both
4829,1798,2026-04-02,2026-04-13,2027-04-12,12,1,42032000.0,both
4830,1799,2022-11-08,2022-11-23,2023-11-22,12,1,31332000.0,diag
4831,1799,2023-11-08,2023-11-23,2024-11-22,12,1,19756000.0,diag
4832,1799,2024-11-09,2024-11-23,2025-11-22,12,1,17221000.0,diag
4833,1799,2025-12-19,2025-12-29,2026-12-28,12,1,20274000.0,diag
4834,1800,2021-03-30,2021-04-09,2022-04-08,12,1,67341000.0,diag
4835,1800,2022-04-04,2022-04-09,2023-04-08,12,1,46712000.0,diag
4836,1801,2023-11-06,2023-11-19,2025-11-18,24,1,47915000.0,posting
4836,1801,2023-11-06,2024-11-19,2025-11-18,24,2,47915000.0,posting
4837,1801,2025-11-05,2025-11-19,2026-11-18,12,1,58419000.0,posting
4838,1802,2020-06-02,2020-06-16,2021-06-15,12,1,55758000.0,both
4839,1802,2021-06-03,2021-06-16,2022-06-15,12,1,66821000.0,both
4840,1802,2022-06-03,2022-06-16,2023-06-15,12,1,85859000.0,both
4841,1802,2023-06-11,2023-06-16,2024-06-15,12,1,54752000.0,both
4842,1802,2024-07-16,2024-07-21,2026-07-20,24,1,70437000.0,both
4842,1802,2024-07-16,2025-07-21,2026-07-20,24,2,70437000.0,both
4843,1803,2023-10-07,2023-10-24,2024-10-23,12,1,89215000.0,both
4844,1803,2024-10-12,2024-10-24,2025-10-23,12,1,218172000.0,both
4845,1803,2025-10-11,2025-10-24,2026-10-23,12,1,133349000.0,both
4846,1804,2023-12-12,2023-12-20,2024-12-19,12,1,58238000.0,diag
4847,1805,2015-02-27,2015-03-18,2016-03-17,12,1,32769000.0,both
4848,1805,2016-03-14,2016-03-18,2017-03-17,12,1,45460000.0,both
4849,1805,2017-02-27,2017-03-18,2018-03-17,12,1,27937000.0,both
4850,1805,2018-03-02,2018-03-18,2019-03-17,12,1,29554000.0,both
4851,1805,2018-03-05,2018-03-23,2019-03-17,12,1,15726000.0,both
4852,1805,2019-03-12,2019-03-18,2020-03-17,12,1,56535000.0,both
4853,1805,2020-03-07,2020-03-18,2021-03-17,12,1,49713000.0,both
4854,1805,2021-03-15,2021-03-18,2022-03-17,12,1,32079000.0,both
4855,1805,2022-04-28,2022-04-30,2023-04-29,12,1,43095000.0,both
4856,1805,2023-04-22,2023-04-30,2025-04-29,24,1,50231000.0,both
4856,1805,2023-04-22,2024-04-30,2025-04-29,24,2,50231000.0,both
4857,1805,2025-04-25,2025-04-30,2026-04-29,12,1,62003000.0,both
4858,1805,2026-04-16,2026-04-30,2027-04-29,12,1,57391000.0,both
4859,1806,2022-10-24,2022-11-07,2025-11-06,36,1,113460000.0,both
4859,1806,2022-10-24,2023-11-07,2025-11-06,36,2,113460000.0,both
4859,1806,2022-10-24,2024-11-07,2025-11-06,36,3,113460000.0,both
4860,1806,2025-10-23,2025-11-07,2028-11-06,36,1,89464000.0,both
4860,1806,2025-10-23,2026-11-07,2028-11-06,36,2,89464000.0,both
4860,1806,2025-10-23,2027-11-07,2028-11-06,36,3,89464000.0,both
4861,1807,2022-11-11,2022-11-17,2023-11-16,12,1,20415000.0,posting
4862,1807,2023-11-08,2023-11-17,2024-11-16,12,1,14041000.0,posting
4863,1808,2021-11-09,2021-11-22,2022-11-21,12,1,47038000.0,diag
4864,1808,2021-11-12,2021-11-27,2022-11-21,12,1,9175000.0,diag
4865,1808,2022-12-18,2022-12-19,2024-12-18,24,1,27444000.0,diag
4865,1808,2022-12-18,2023-12-19,2024-12-18,24,2,27444000.0,diag
4866,1809,2021-06-02,2021-06-10,2022-06-09,12,1,137364000.0,both
4867,1809,2022-05-30,2022-06-12,2023-06-11,12,1,130730000.0,both
4868,1810,2021-11-28,2021-12-10,2022-12-09,12,1,31352000.0,posting
4869,1810,2022-11-21,2022-12-10,2023-12-09,12,1,23742000.0,posting
4870,1811,2022-03-13,2022-03-16,2023-03-15,12,1,84630000.0,both
4871,1811,2023-04-02,2023-04-17,2024-04-16,12,1,100203000.0,both
4872,1811,2024-04-15,2024-04-22,2025-04-21,12,1,52601000.0,both
4873,1811,2024-04-18,2024-04-27,2025-04-21,12,1,15331000.0,both
4874,1811,2025-05-13,2025-05-24,2026-05-23,12,1,60293000.0,both
4875,1811,2026-05-11,2026-05-24,2027-05-23,12,1,70463000.0,both
4876,1812,2023-12-03,2023-12-19,2024-12-18,12,1,16476000.0,posting
4877,1813,2021-05-18,2021-06-05,2022-06-04,12,1,21935000.0,diag
4878,1813,2022-05-27,2022-06-05,2023-06-04,12,1,36877000.0,diag
4879,1814,2018-01-01,2018-01-11,2019-01-10,12,1,112597000.0,both
4880,1814,2019-01-06,2019-01-11,2020-01-10,12,1,149905000.0,both
4881,1814,2019-12-28,2020-01-11,2021-01-10,12,1,136124000.0,both
4882,1815,2022-01-04,2022-01-08,2023-01-07,12,1,48537000.0,diag
4883,1816,2023-08-08,2023-08-23,2024-08-22,12,1,30024000.0,posting
4884,1817,2021-11-21,2021-12-10,2022-12-09,12,1,40951000.0,diag
4885,1817,2022-11-28,2022-12-10,2023-12-09,12,1,53149000.0,diag
4886,1817,2023-12-04,2023-12-10,2024-12-09,12,1,56228000.0,diag
4887,1817,2025-01-15,2025-01-17,2026-01-16,12,1,64456000.0,diag
4888,1817,2026-02-14,2026-03-02,2027-03-01,12,1,41809000.0,diag
4889,1818,2015-10-31,2015-11-10,2016-11-09,12,1,145629000.0,both
4890,1818,2016-11-02,2016-11-10,2017-11-09,12,1,78753000.0,both
4891,1818,2016-11-05,2016-11-15,2017-11-09,12,1,41083000.0,both
4892,1818,2017-10-26,2017-11-10,2018-11-09,12,1,166444000.0,both
4893,1818,2017-10-29,2017-11-15,2018-11-09,12,1,32484000.0,both
4894,1818,2018-10-24,2018-11-10,2019-11-09,12,1,221711000.0,both
4895,1818,2019-11-18,2019-12-07,2020-12-06,12,1,105017000.0,both
4896,1818,2020-12-07,2020-12-07,2021-12-06,12,1,132960000.0,both
4897,1818,2021-12-03,2021-12-07,2022-12-06,12,1,128056000.0,both
4898,1818,2022-11-24,2022-12-07,2023-12-06,12,1,108545000.0,both
4899,1818,2023-11-28,2023-12-07,2025-12-06,24,1,69983000.0,both
4899,1818,2023-11-28,2024-12-07,2025-12-06,24,2,69983000.0,both
4900,1818,2025-12-01,2025-12-07,2026-12-06,12,1,51065000.0,both
4901,1819,2019-07-01,2019-07-01,2020-06-30,12,1,72670000.0,both
4902,1819,2020-07-17,2020-07-20,2021-07-19,12,1,83576000.0,both
4903,1820,2021-05-23,2021-06-10,2022-06-09,12,1,59929000.0,diag
4904,1820,2022-05-28,2022-06-10,2023-06-09,12,1,73727000.0,diag
4905,1820,2023-06-08,2023-06-10,2024-06-09,12,1,40900000.0,diag
4906,1820,2024-06-25,2024-06-29,2025-06-28,12,1,51862000.0,diag
4907,1821,2018-05-12,2018-05-12,2019-05-11,12,1,49893000.0,diag
4908,1821,2019-05-08,2019-05-12,2020-05-11,12,1,23964000.0,diag
4909,1821,2020-04-24,2020-05-12,2021-05-11,12,1,16207000.0,diag
4910,1821,2020-04-27,2020-05-17,2021-05-11,12,1,7247000.0,diag
4911,1821,2021-04-28,2021-05-12,2022-05-11,12,1,25842000.0,diag
4912,1821,2022-04-24,2022-05-12,2024-05-11,24,1,23225000.0,diag
4912,1821,2022-04-24,2023-05-12,2024-05-11,24,2,23225000.0,diag
4913,1822,2018-12-24,2019-01-10,2022-01-09,36,1,43588000.0,diag
4913,1822,2018-12-24,2020-01-10,2022-01-09,36,2,43588000.0,diag
4913,1822,2018-12-24,2021-01-10,2022-01-09,36,3,43588000.0,diag
4914,1822,2022-01-25,2022-01-27,2025-01-26,36,1,109078000.0,diag
4914,1822,2022-01-25,2023-01-27,2025-01-26,36,2,109078000.0,diag
4914,1822,2022-01-25,2024-01-27,2025-01-26,36,3,109078000.0,diag
4915,1822,2025-01-14,2025-01-27,2026-01-26,12,1,20298000.0,diag
4916,1823,2021-08-27,2021-09-07,2022-09-06,12,1,19779000.0,posting
4917,1823,2022-10-04,2022-10-05,2024-10-04,24,1,42154000.0,posting
4917,1823,2022-10-04,2023-10-05,2024-10-04,24,2,42154000.0,posting
4918,1824,2023-04-06,2023-04-06,2024-04-05,12,1,26871000.0,diag
4919,1825,2023-05-06,2023-05-07,2024-05-06,12,1,23669000.0,diag
4920,1826,2019-08-18,2019-08-26,2020-08-25,12,1,40637000.0,both
4921,1826,2020-09-25,2020-09-25,2021-09-24,12,1,77452000.0,both
4922,1826,2021-09-09,2021-09-25,2022-09-24,12,1,39154000.0,both
4923,1826,2022-09-23,2022-09-25,2025-09-24,36,1,39758000.0,both
4923,1826,2022-09-23,2023-09-25,2025-09-24,36,2,39758000.0,both
4923,1826,2022-09-23,2024-09-25,2025-09-24,36,3,39758000.0,both
4924,1826,2022-09-26,2022-09-30,2025-09-24,36,1,12900000.0,both
4925,1826,2025-09-24,2025-09-25,2027-09-24,24,1,22411000.0,both
4925,1826,2025-09-24,2026-09-25,2027-09-24,24,2,22411000.0,both
4926,1827,2020-06-01,2020-06-14,2021-06-13,12,1,31320000.0,both
4927,1828,2022-03-26,2022-04-13,2023-04-12,12,1,59561000.0,posting
4928,1828,2023-04-09,2023-04-13,2024-04-12,12,1,39953000.0,posting
4929,1828,2024-04-09,2024-04-13,2027-04-12,36,1,25191000.0,posting
4929,1828,2024-04-09,2025-04-13,2027-04-12,36,2,25191000.0,posting
4929,1828,2024-04-09,2026-04-13,2027-04-12,36,3,25191000.0,posting
4930,1829,2019-07-14,2019-07-16,2022-07-15,36,1,129712000.0,both
4930,1829,2019-07-14,2020-07-16,2022-07-15,36,2,129712000.0,both
4930,1829,2019-07-14,2021-07-16,2022-07-15,36,3,129712000.0,both
4931,1829,2022-06-30,2022-07-16,2023-07-15,12,1,291086000.0,both
4932,1829,2023-06-28,2023-07-16,2024-07-15,12,1,131155000.0,both
4933,1829,2024-07-07,2024-07-16,2025-07-15,12,1,206488000.0,both
4934,1830,2019-12-02,2019-12-21,2020-12-20,12,1,21962000.0,posting
4935,1830,2020-12-08,2020-12-21,2023-12-20,36,1,18187000.0,posting
4935,1830,2020-12-08,2021-12-21,2023-12-20,36,2,18187000.0,posting
4935,1830,2020-12-08,2022-12-21,2023-12-20,36,3,18187000.0,posting
4936,1831,2023-03-26,2023-04-07,2024-04-06,12,1,41810000.0,both
4937,1831,2023-03-29,2023-04-12,2024-04-06,12,1,10428000.0,both
4938,1832,2023-09-23,2023-10-12,2024-10-11,12,1,46050000.0,posting
4939,1833,2021-04-29,2021-05-10,2024-05-09,36,1,27037000.0,diag
4939,1833,2021-04-29,2022-05-10,2024-05-09,36,2,27037000.0,diag
4939,1833,2021-04-29,2023-05-10,2024-05-09,36,3,27037000.0,diag
4940,1833,2024-06-02,2024-06-15,2025-06-14,12,1,17538000.0,diag
4941,1834,2022-07-31,2022-08-17,2023-08-16,12,1,20773000.0,posting
4942,1834,2023-08-08,2023-08-17,2024-08-16,12,1,24501000.0,posting
4943,1834,2024-08-11,2024-08-19,2025-08-18,12,1,45992000.0,posting
4944,1834,2025-08-10,2025-08-24,2026-08-23,12,1,34894000.0,posting
4945,1835,2018-12-16,2018-12-22,2021-12-21,36,1,87159000.0,diag
4945,1835,2018-12-16,2019-12-22,2021-12-21,36,2,87159000.0,diag
4945,1835,2018-12-16,2020-12-22,2021-12-21,36,3,87159000.0,diag
4946,1835,2021-12-17,2021-12-22,2022-12-21,12,1,51055000.0,diag
4947,1836,2019-05-24,2019-06-12,2020-06-11,12,1,24358000.0,diag
4948,1836,2020-07-06,2020-07-20,2021-07-19,12,1,27845000.0,diag
4949,1836,2021-07-19,2021-07-20,2022-07-19,12,1,35750000.0,diag
4950,1837,2021-09-26,2021-10-06,2022-10-05,12,1,42067000.0,diag
4951,1837,2022-09-21,2022-10-06,2023-10-05,12,1,66845000.0,diag
4952,1837,2023-09-20,2023-10-06,2025-10-05,24,1,18223000.0,diag
4952,1837,2023-09-20,2024-10-06,2025-10-05,24,2,18223000.0,diag
4953,1837,2025-10-03,2025-10-19,2026-10-18,12,1,54088000.0,diag
4954,1838,2023-11-09,2023-11-26,2024-11-25,12,1,213695000.0,posting
4955,1839,2020-09-15,2020-10-03,2021-10-02,12,1,57971000.0,both
4956,1839,2021-09-30,2021-10-03,2022-10-02,12,1,178654000.0,both
4957,1839,2021-10-03,2021-10-08,2022-10-02,12,1,21980000.0,both
4958,1839,2022-09-30,2022-10-03,2024-10-02,24,1,104130000.0,both
4958,1839,2022-09-30,2023-10-03,2024-10-02,24,2,104130000.0,both
4959,1839,2024-09-15,2024-10-03,2025-10-02,12,1,147520000.0,both
4960,1840,2023-06-10,2023-06-22,2024-06-21,12,1,37279000.0,both
4961,1840,2024-06-16,2024-06-22,2025-06-21,12,1,53902000.0,both
4962,1840,2025-06-18,2025-06-22,2026-06-21,12,1,24773000.0,both
4963,1840,2025-06-21,2025-06-27,2026-06-21,12,1,5253000.0,both
4964,1841,2019-05-15,2019-05-27,2020-05-26,12,1,42327000.0,diag
4965,1841,2019-05-18,2019-06-01,2020-05-26,12,1,8728000.0,diag
4966,1842,2020-07-04,2020-07-16,2021-07-15,12,1,92030000.0,diag
4967,1843,2019-05-21,2019-05-21,2020-05-20,12,1,38120000.0,posting
4968,1843,2020-05-04,2020-05-21,2021-05-20,12,1,22100000.0,posting
4969,1843,2020-05-07,2020-05-26,2021-05-20,12,1,16760000.0,posting
4970,1843,2021-05-15,2021-05-21,2022-05-20,12,1,40928000.0,posting
4971,1844,2022-06-29,2022-07-16,2023-07-15,12,1,20960000.0,posting
4972,1845,2022-05-19,2022-05-21,2023-05-20,12,1,77336000.0,both
4973,1845,2023-05-15,2023-05-21,2025-05-20,24,1,52834000.0,both
4973,1845,2023-05-15,2024-05-21,2025-05-20,24,2,52834000.0,both
4974,1846,2019-02-16,2019-02-26,2022-02-25,36,1,68188000.0,posting
4974,1846,2019-02-16,2020-02-26,2022-02-25,36,2,68188000.0,posting
4974,1846,2019-02-16,2021-02-26,2022-02-25,36,3,68188000.0,posting
4975,1846,2022-02-11,2022-02-26,2023-02-25,12,1,52262000.0,posting
4976,1846,2023-02-19,2023-02-26,2024-02-25,12,1,48019000.0,posting
4977,1846,2024-02-26,2024-02-26,2026-02-25,24,1,50602000.0,posting
4977,1846,2024-02-26,2025-02-26,2026-02-25,24,2,50602000.0,posting
4978,1846,2026-02-18,2026-02-26,2027-02-25,12,1,43916000.0,posting
4979,1846,2026-02-21,2026-03-03,2027-02-25,12,1,11256000.0,posting
4980,1847,2020-08-07,2020-08-12,2021-08-11,12,1,166219000.0,both
4981,1847,2021-08-10,2021-08-12,2022-08-11,12,1,233657000.0,both
4982,1847,2022-07-30,2022-08-12,2024-08-11,24,1,82150000.0,both
4982,1847,2022-07-30,2023-08-12,2024-08-11,24,2,82150000.0,both
4983,1847,2024-08-24,2024-08-24,2025-08-23,12,1,187734000.0,both
4984,1847,2025-08-20,2025-08-24,2026-08-23,12,1,161746000.0,both
4985,1848,2018-05-02,2018-05-09,2020-05-08,24,1,74263000.0,diag
4985,1848,2018-05-02,2019-05-09,2020-05-08,24,2,74263000.0,diag
4986,1848,2020-06-09,2020-06-17,2021-06-16,12,1,24200000.0,diag
4987,1849,2021-02-17,2021-03-01,2022-02-28,12,1,57141000.0,posting
4988,1849,2022-02-21,2022-03-01,2023-02-28,12,1,52702000.0,posting
4989,1849,2023-02-20,2023-03-01,2024-02-29,12,1,46592000.0,posting
4990,1849,2024-02-12,2024-03-01,2025-02-28,12,1,41191000.0,posting
4991,1850,2023-10-10,2023-10-16,2024-10-15,12,1,68729000.0,posting
4992,1850,2024-10-05,2024-10-16,2025-10-15,12,1,85764000.0,posting
4993,1850,2024-10-08,2024-10-21,2025-10-15,12,1,25634000.0,posting
4994,1850,2025-09-29,2025-10-16,2026-10-15,12,1,92404000.0,posting
4995,1851,2020-12-04,2020-12-17,2021-12-16,12,1,10460000.0,posting
4996,1851,2020-12-07,2020-12-22,2021-12-16,12,1,3485000.0,posting
4997,1851,2021-12-14,2021-12-17,2022-12-16,12,1,12870000.0,posting
4998,1851,2022-12-08,2022-12-17,2024-12-16,24,1,13347000.0,posting
4998,1851,2022-12-08,2023-12-17,2024-12-16,24,2,13347000.0,posting
4999,1851,2024-12-17,2024-12-17,2025-12-16,12,1,7213000.0,posting
5000,1852,2022-12-04,2022-12-11,2023-12-10,12,1,39768000.0,diag
5001,1852,2023-12-06,2023-12-11,2024-12-10,12,1,58694000.0,diag
5002,1852,2024-11-23,2024-12-11,2025-12-10,12,1,62149000.0,diag
5003,1852,2025-11-22,2025-12-11,2026-12-10,12,1,39390000.0,diag
5004,1853,2020-05-06,2020-05-18,2023-05-17,36,1,36916000.0,posting
5004,1853,2020-05-06,2021-05-18,2023-05-17,36,2,36916000.0,posting
5004,1853,2020-05-06,2022-05-18,2023-05-17,36,3,36916000.0,posting
5005,1853,2023-04-30,2023-05-18,2024-05-17,12,1,28827000.0,posting
5006,1853,2024-04-30,2024-05-18,2025-05-17,12,1,34373000.0,posting
5007,1853,2025-05-12,2025-05-31,2027-05-30,24,1,22729000.0,posting
5007,1853,2025-05-12,2026-05-31,2027-05-30,24,2,22729000.0,posting
5008,1854,2019-09-17,2019-10-06,2020-10-05,12,1,62270000.0,both
5009,1854,2020-10-18,2020-11-05,2021-11-04,12,1,67835000.0,both
5010,1854,2021-11-05,2021-11-05,2022-11-04,12,1,53014000.0,both
5011,1854,2022-10-29,2022-11-05,2025-11-04,36,1,82816000.0,both
5011,1854,2022-10-29,2023-11-05,2025-11-04,36,2,82816000.0,both
5011,1854,2022-10-29,2024-11-05,2025-11-04,36,3,82816000.0,both
5012,1854,2025-11-26,2025-12-01,2026-11-30,12,1,48313000.0,both
5013,1855,2018-10-09,2018-10-23,2019-10-22,12,1,41240000.0,diag
5014,1856,2022-10-07,2022-10-25,2023-10-24,12,1,74360000.0,both
5015,1856,2023-11-01,2023-11-13,2024-11-12,12,1,43350000.0,both
5016,1856,2024-10-30,2024-11-13,2025-11-12,12,1,19896000.0,both
5017,1856,2024-11-02,2024-11-18,2025-11-12,12,1,16624000.0,both
5018,1856,2025-11-03,2025-11-13,2026-11-12,12,1,67015000.0,both
5019,1856,2025-11-06,2025-11-18,2026-11-12,12,1,20197000.0,both
5020,1857,2021-06-20,2021-06-21,2024-06-20,36,1,64758000.0,diag
5020,1857,2021-06-20,2022-06-21,2024-06-20,36,2,64758000.0,diag
5020,1857,2021-06-20,2023-06-21,2024-06-20,36,3,64758000.0,diag
5021,1857,2024-06-27,2024-07-16,2025-07-15,12,1,60576000.0,diag
5022,1857,2025-07-15,2025-07-16,2026-07-15,12,1,52766000.0,diag
5023,1858,2020-09-18,2020-10-05,2021-10-04,12,1,32918000.0,diag
5024,1859,2022-05-06,2022-05-21,2023-05-20,12,1,76737000.0,posting
5025,1859,2023-05-13,2023-05-28,2024-05-27,12,1,66353000.0,posting
5026,1859,2024-05-19,2024-05-28,2025-05-27,12,1,92974000.0,posting
5027,1859,2025-05-13,2025-05-28,2026-05-27,12,1,69335000.0,posting
5028,1859,2025-05-16,2025-06-02,2026-05-27,12,1,24816000.0,posting
5029,1859,2026-05-27,2026-05-28,2027-05-27,12,1,123907000.0,posting
5030,1860,2022-05-19,2022-06-03,2023-06-02,12,1,31291000.0,both
5031,1860,2022-05-22,2022-06-08,2023-06-02,12,1,13476000.0,both
5032,1860,2023-06-23,2023-06-26,2024-06-25,12,1,65047000.0,both
5033,1860,2024-06-16,2024-06-26,2025-06-25,12,1,39001000.0,both
5034,1861,2021-04-22,2021-04-23,2023-04-22,24,1,51885000.0,both
5034,1861,2021-04-22,2022-04-23,2023-04-22,24,2,51885000.0,both
5035,1862,2020-07-15,2020-07-24,2021-07-23,12,1,14671000.0,diag
5036,1863,2020-06-06,2020-06-16,2021-06-15,12,1,22709000.0,diag
5037,1863,2021-06-09,2021-06-16,2022-06-15,12,1,13107000.0,diag
5038,1863,2021-06-12,2021-06-21,2022-06-15,12,1,6513000.0,diag
5039,1863,2022-06-15,2022-06-17,2023-06-16,12,1,16033000.0,diag
5040,1863,2023-06-09,2023-06-17,2025-06-16,24,1,17302000.0,diag
5040,1863,2023-06-09,2024-06-17,2025-06-16,24,2,17302000.0,diag
5041,1863,2025-07-05,2025-07-13,2026-07-12,12,1,25770000.0,diag
5042,1864,2020-04-03,2020-04-14,2023-04-13,36,1,169266000.0,diag
5042,1864,2020-04-03,2021-04-14,2023-04-13,36,2,169266000.0,diag
5042,1864,2020-04-03,2022-04-14,2023-04-13,36,3,169266000.0,diag
5043,1864,2023-04-04,2023-04-14,2025-04-13,24,1,97912000.0,diag
5043,1864,2023-04-04,2024-04-14,2025-04-13,24,2,97912000.0,diag
5044,1865,2015-07-07,2015-07-16,2018-07-15,36,1,17500000.0,diag
5044,1865,2015-07-07,2016-07-16,2018-07-15,36,2,17500000.0,diag
5044,1865,2015-07-07,2017-07-16,2018-07-15,36,3,17500000.0,diag
5045,1866,2022-06-08,2022-06-14,2023-06-13,12,1,36286000.0,diag
5046,1867,2022-01-11,2022-01-19,2023-01-18,12,1,57844000.0,diag
5047,1867,2023-01-18,2023-01-19,2025-01-18,24,1,61190000.0,diag
5047,1867,2023-01-18,2024-01-19,2025-01-18,24,2,61190000.0,diag
5048,1867,2025-01-11,2025-01-19,2026-01-18,12,1,28520000.0,diag
5049,1867,2026-02-24,2026-02-27,2027-02-26,12,1,91853000.0,diag
5050,1868,2020-02-08,2020-02-08,2021-02-07,12,1,64642000.0,diag
5051,1868,2021-01-24,2021-02-08,2022-02-07,12,1,53977000.0,diag
5052,1868,2022-02-23,2022-03-08,2023-03-07,12,1,41908000.0,diag
5053,1868,2023-03-07,2023-03-08,2024-03-07,12,1,37685000.0,diag
5054,1868,2024-02-20,2024-03-08,2025-03-07,12,1,44639000.0,diag
5055,1869,2019-02-17,2019-02-23,2021-02-22,24,1,181536000.0,both
5055,1869,2019-02-17,2020-02-23,2021-02-22,24,2,181536000.0,both
5056,1869,2021-02-16,2021-02-23,2022-02-22,12,1,150390000.0,both
5057,1870,2021-08-18,2021-08-19,2023-08-18,24,1,85931000.0,diag
5057,1870,2021-08-18,2022-08-19,2023-08-18,24,2,85931000.0,diag
5058,1870,2023-08-28,2023-09-10,2024-09-09,12,1,183675000.0,diag
5059,1871,2022-05-22,2022-06-09,2023-06-08,12,1,28694000.0,diag
5060,1871,2023-05-29,2023-06-09,2025-06-08,24,1,48297000.0,diag
5060,1871,2023-05-29,2024-06-09,2025-06-08,24,2,48297000.0,diag
5061,1872,2020-05-05,2020-05-24,2021-05-23,12,1,29883000.0,posting
5062,1873,2020-12-20,2020-12-21,2021-12-20,12,1,145256000.0,both
5063,1873,2021-12-16,2021-12-21,2022-12-20,12,1,65010000.0,both
5064,1873,2022-12-04,2022-12-21,2023-12-20,12,1,120342000.0,both
5065,1873,2023-12-05,2023-12-21,2024-12-20,12,1,72586000.0,both
5066,1873,2024-12-09,2024-12-21,2025-12-20,12,1,116336000.0,both
5067,1873,2025-12-08,2025-12-26,2026-12-25,12,1,87377000.0,both
5068,1874,2023-03-18,2023-04-05,2024-04-04,12,1,42674000.0,posting
5069,1874,2024-03-28,2024-04-05,2025-04-04,12,1,21805000.0,posting
5070,1874,2025-04-08,2025-04-27,2027-04-26,24,1,25789000.0,posting
5070,1874,2025-04-08,2026-04-27,2027-04-26,24,2,25789000.0,posting
5071,1875,2019-06-15,2019-07-03,2021-07-02,24,1,16320000.0,posting
5071,1875,2019-06-15,2020-07-03,2021-07-02,24,2,16320000.0,posting
5072,1875,2021-07-14,2021-07-17,2022-07-16,12,1,25451000.0,posting
5073,1875,2022-07-01,2022-07-17,2025-07-16,36,1,21397000.0,posting
5073,1875,2022-07-01,2023-07-17,2025-07-16,36,2,21397000.0,posting
5073,1875,2022-07-01,2024-07-17,2025-07-16,36,3,21397000.0,posting
5074,1876,2019-09-12,2019-09-21,2022-09-20,36,1,51321000.0,posting
5074,1876,2019-09-12,2020-09-21,2022-09-20,36,2,51321000.0,posting
5074,1876,2019-09-12,2021-09-21,2022-09-20,36,3,51321000.0,posting
5075,1877,2019-02-20,2019-02-27,2021-02-26,24,1,34029000.0,posting
5075,1877,2019-02-20,2020-02-27,2021-02-26,24,2,34029000.0,posting
5076,1878,2022-01-02,2022-01-10,2024-01-09,24,1,22261000.0,diag
5076,1878,2022-01-02,2023-01-10,2024-01-09,24,2,22261000.0,diag
5077,1879,2020-06-27,2020-07-16,2022-07-15,24,1,33472000.0,diag
5077,1879,2020-06-27,2021-07-16,2022-07-15,24,2,33472000.0,diag
5078,1880,2021-05-09,2021-05-10,2024-05-09,36,1,33355000.0,diag
5078,1880,2021-05-09,2022-05-10,2024-05-09,36,2,33355000.0,diag
5078,1880,2021-05-09,2023-05-10,2024-05-09,36,3,33355000.0,diag
5079,1880,2024-04-29,2024-05-10,2025-05-09,12,1,26663000.0,diag
5080,1880,2025-05-29,2025-06-04,2026-06-03,12,1,31035000.0,diag
5081,1881,2023-08-26,2023-09-08,2024-09-07,12,1,44842000.0,diag
5082,1882,2019-07-10,2019-07-24,2022-07-23,36,1,30497000.0,posting
5082,1882,2019-07-10,2020-07-24,2022-07-23,36,2,30497000.0,posting
5082,1882,2019-07-10,2021-07-24,2022-07-23,36,3,30497000.0,posting
5083,1882,2022-08-28,2022-08-29,2023-08-28,12,1,27629000.0,posting
5084,1882,2023-09-23,2023-09-23,2024-09-22,12,1,26212000.0,posting
5085,1882,2023-09-26,2023-09-28,2024-09-22,12,1,8676000.0,posting
5086,1883,2022-09-20,2022-10-04,2023-10-03,12,1,217345000.0,both
5087,1883,2023-10-04,2023-10-04,2024-10-03,12,1,397321000.0,both
5088,1883,2024-09-29,2024-10-04,2025-10-03,12,1,323012000.0,both
5089,1883,2025-09-16,2025-10-04,2026-10-03,12,1,387439000.0,both
5090,1884,2021-06-14,2021-06-20,2023-06-19,24,1,12905000.0,posting
5090,1884,2021-06-14,2022-06-20,2023-06-19,24,2,12905000.0,posting
5091,1884,2021-06-17,2021-06-25,2023-06-19,24,1,4369000.0,posting
5092,1884,2023-06-06,2023-06-20,2024-06-19,12,1,14763000.0,posting
5093,1884,2024-06-04,2024-06-20,2025-06-19,12,1,15445000.0,posting
5094,1885,2021-05-23,2021-06-11,2024-06-10,36,1,76454000.0,diag
5094,1885,2021-05-23,2022-06-11,2024-06-10,36,2,76454000.0,diag
5094,1885,2021-05-23,2023-06-11,2024-06-10,36,3,76454000.0,diag
5095,1885,2024-07-09,2024-07-20,2025-07-19,12,1,69700000.0,diag
5096,1885,2025-07-05,2025-07-20,2027-07-19,24,1,169839000.0,diag
5096,1885,2025-07-05,2026-07-20,2027-07-19,24,2,169839000.0,diag
5097,1886,2020-07-19,2020-07-24,2021-07-23,12,1,35218000.0,diag
5098,1887,2019-08-08,2019-08-19,2020-08-18,12,1,48862000.0,diag
5099,1887,2020-08-16,2020-08-19,2021-08-18,12,1,19908000.0,diag
5100,1887,2021-09-14,2021-09-19,2022-09-18,12,1,56373000.0,diag
5101,1888,2021-03-25,2021-03-26,2022-03-25,12,1,42117000.0,diag
5102,1888,2022-03-11,2022-03-26,2023-03-25,12,1,50535000.0,diag
5103,1889,2021-11-17,2021-11-24,2022-11-23,12,1,60407000.0,diag
5104,1889,2022-12-19,2022-12-27,2023-12-26,12,1,43595000.0,diag
5105,1890,2021-02-02,2021-02-10,2024-02-09,36,1,23675000.0,diag
5105,1890,2021-02-02,2022-02-10,2024-02-09,36,2,23675000.0,diag
5105,1890,2021-02-02,2023-02-10,2024-02-09,36,3,23675000.0,diag
5106,1891,2020-02-18,2020-02-25,2021-02-24,12,1,31778000.0,diag
5107,1891,2021-03-02,2021-03-05,2022-03-04,12,1,32220000.0,diag
5108,1892,2018-07-01,2018-07-08,2020-07-07,24,1,27160000.0,posting
5108,1892,2018-07-01,2019-07-08,2020-07-07,24,2,27160000.0,posting
5109,1893,2023-10-02,2023-10-07,2024-10-06,12,1,32515000.0,diag
5110,1893,2024-10-07,2024-10-07,2026-10-06,24,1,32369000.0,diag
5110,1893,2024-10-07,2025-10-07,2026-10-06,24,2,32369000.0,diag
5111,1894,2020-12-29,2021-01-12,2022-01-11,12,1,73061000.0,diag
5112,1894,2022-01-09,2022-01-14,2023-01-13,12,1,66815000.0,diag
5113,1894,2023-01-19,2023-02-03,2024-02-02,12,1,106540000.0,diag
5114,1894,2024-01-28,2024-02-03,2025-02-02,12,1,54348000.0,diag
5115,1894,2025-01-19,2025-02-03,2028-02-02,36,1,98726000.0,diag
5115,1894,2025-01-19,2026-02-03,2028-02-02,36,2,98726000.0,diag
5115,1894,2025-01-19,2027-02-03,2028-02-02,36,3,98726000.0,diag
5116,1895,2020-09-29,2020-10-06,2021-10-05,12,1,52168000.0,posting
5117,1896,2021-02-26,2021-03-13,2022-03-12,12,1,62825000.0,posting
5118,1897,2022-08-22,2022-09-03,2023-09-02,12,1,138426000.0,both
5119,1897,2023-09-01,2023-09-03,2026-09-02,36,1,81450000.0,both
5119,1897,2023-09-01,2024-09-03,2026-09-02,36,2,81450000.0,both
5119,1897,2023-09-01,2025-09-03,2026-09-02,36,3,81450000.0,both
5120,1897,2023-09-04,2023-09-08,2026-09-02,36,1,30827000.0,both
5121,1898,2021-05-06,2021-05-07,2024-05-06,36,1,192938000.0,both
5121,1898,2021-05-06,2022-05-07,2024-05-06,36,2,192938000.0,both
5121,1898,2021-05-06,2023-05-07,2024-05-06,36,3,192938000.0,both
5122,1898,2024-04-23,2024-05-07,2025-05-06,12,1,71880000.0,both
5123,1898,2025-04-19,2025-05-07,2026-05-06,12,1,144819000.0,both
5124,1898,2026-05-01,2026-05-07,2027-05-06,12,1,76815000.0,both
5125,1899,2022-11-21,2022-11-27,2023-11-26,12,1,64764000.0,diag
5126,1899,2023-11-27,2023-11-27,2024-11-26,12,1,44188000.0,diag
5127,1900,2022-03-08,2022-03-14,2023-03-13,12,1,28678000.0,diag
5128,1900,2023-03-02,2023-03-14,2024-03-13,12,1,48156000.0,diag
5129,1900,2024-02-25,2024-03-14,2025-03-13,12,1,23104000.0,diag
5130,1900,2025-03-02,2025-03-14,2028-03-13,36,1,21010000.0,diag
5130,1900,2025-03-02,2026-03-14,2028-03-13,36,2,21010000.0,diag
5130,1900,2025-03-02,2027-03-14,2028-03-13,36,3,21010000.0,diag
5131,1901,2023-10-01,2023-10-04,2024-10-03,12,1,28474000.0,posting
5132,1901,2024-10-02,2024-10-04,2025-10-03,12,1,34720000.0,posting
5133,1901,2024-10-05,2024-10-09,2025-10-03,12,1,12309000.0,posting
5134,1901,2025-10-25,2025-10-29,2026-10-28,12,1,21026000.0,posting
5135,1902,2019-07-03,2019-07-16,2020-07-15,12,1,113950000.0,both
5136,1902,2020-07-09,2020-07-16,2021-07-15,12,1,72859000.0,both
5137,1902,2021-06-30,2021-07-16,2022-07-15,12,1,60199000.0,both
5138,1902,2022-08-08,2022-08-16,2023-08-15,12,1,49671000.0,both
5139,1902,2023-07-31,2023-08-16,2024-08-15,12,1,59252000.0,both
5140,1902,2023-08-03,2023-08-21,2024-08-15,12,1,30853000.0,both
5141,1902,2024-08-16,2024-08-16,2025-08-15,12,1,77144000.0,both
5142,1902,2025-08-08,2025-08-16,2027-08-15,24,1,63335000.0,both
5142,1902,2025-08-08,2026-08-16,2027-08-15,24,2,63335000.0,both
5143,1903,2022-03-12,2022-03-21,2023-03-20,12,1,51362000.0,posting
5144,1903,2023-03-08,2023-03-21,2024-03-20,12,1,88361000.0,posting
5145,1903,2024-03-09,2024-03-21,2025-03-20,12,1,89724000.0,posting
5146,1903,2025-03-28,2025-04-07,2026-04-06,12,1,57118000.0,posting
5147,1903,2026-04-07,2026-04-07,2027-04-06,12,1,67257000.0,posting
5148,1904,2019-12-31,2020-01-10,2021-01-09,12,1,87081000.0,diag
5149,1904,2020-12-27,2021-01-10,2022-01-09,12,1,61945000.0,diag
5150,1904,2021-12-24,2022-01-10,2023-01-09,12,1,38850000.0,diag
5151,1904,2022-12-29,2023-01-10,2024-01-09,12,1,54782000.0,diag
5152,1904,2024-01-06,2024-01-10,2025-01-09,12,1,33309000.0,diag
5153,1904,2024-12-25,2025-01-10,2027-01-09,24,1,27229000.0,diag
5153,1904,2024-12-25,2026-01-10,2027-01-09,24,2,27229000.0,diag
5154,1905,2018-09-15,2018-09-15,2019-09-14,12,1,42936000.0,posting
5155,1905,2018-09-18,2018-09-20,2019-09-14,12,1,11294000.0,posting
5156,1906,2021-03-30,2021-04-03,2022-04-02,12,1,55148000.0,posting
5157,1906,2022-03-25,2022-04-03,2023-04-02,12,1,49205000.0,posting
5158,1906,2022-03-28,2022-04-08,2023-04-02,12,1,16991000.0,posting
5159,1906,2023-03-15,2023-04-03,2024-04-02,12,1,65173000.0,posting
5160,1906,2024-03-22,2024-04-03,2025-04-02,12,1,47778000.0,posting
5161,1906,2025-03-27,2025-04-03,2027-04-02,24,1,39282000.0,posting
5161,1906,2025-03-27,2026-04-03,2027-04-02,24,2,39282000.0,posting
5162,1906,2025-03-30,2025-04-08,2027-04-02,24,1,14267000.0,posting
5163,1907,2023-05-27,2023-06-08,2024-06-07,12,1,23486000.0,posting
5164,1908,2022-04-29,2022-05-17,2023-05-16,12,1,25422000.0,diag
5165,1909,2022-02-02,2022-02-16,2023-02-15,12,1,79206000.0,posting
5166,1909,2022-02-05,2022-02-21,2023-02-15,12,1,23961000.0,posting
5167,1909,2023-02-09,2023-02-16,2024-02-15,12,1,133946000.0,posting
5168,1909,2024-02-10,2024-02-26,2025-02-25,12,1,78281000.0,posting
5169,1909,2025-02-22,2025-02-26,2026-02-25,12,1,131023000.0,posting
5170,1909,2026-02-19,2026-02-26,2027-02-25,12,1,77646000.0,posting
5171,1910,2019-10-17,2019-10-18,2021-10-17,24,1,92192000.0,both
5171,1910,2019-10-17,2020-10-18,2021-10-17,24,2,92192000.0,both
5172,1911,2021-05-16,2021-05-23,2024-05-22,36,1,30876000.0,diag
5172,1911,2021-05-16,2022-05-23,2024-05-22,36,2,30876000.0,diag
5172,1911,2021-05-16,2023-05-23,2024-05-22,36,3,30876000.0,diag
5173,1912,2019-10-12,2019-10-15,2020-10-14,12,1,69386000.0,posting
5174,1912,2020-10-04,2020-10-15,2021-10-14,12,1,108317000.0,posting
5175,1913,2022-06-08,2022-06-15,2024-06-14,24,1,18668000.0,diag
5175,1913,2022-06-08,2023-06-15,2024-06-14,24,2,18668000.0,diag
5176,1914,2023-04-21,2023-05-04,2024-05-03,12,1,95644000.0,posting
5177,1915,2020-05-18,2020-05-25,2022-05-24,24,1,42735000.0,diag
5177,1915,2020-05-18,2021-05-25,2022-05-24,24,2,42735000.0,diag
5178,1915,2022-05-14,2022-05-25,2023-05-24,12,1,52682000.0,diag
5179,1916,2023-07-18,2023-07-27,2025-07-26,24,1,58955000.0,diag
5179,1916,2023-07-18,2024-07-27,2025-07-26,24,2,58955000.0,diag
5180,1917,2022-12-14,2022-12-23,2023-12-22,12,1,29651000.0,posting
5181,1918,2022-03-26,2022-04-09,2025-04-08,36,1,53388000.0,diag
5181,1918,2022-03-26,2023-04-09,2025-04-08,36,2,53388000.0,diag
5181,1918,2022-03-26,2024-04-09,2025-04-08,36,3,53388000.0,diag
5182,1919,2023-12-06,2023-12-21,2024-12-20,12,1,48380000.0,both
5183,1920,2019-04-12,2019-04-20,2020-04-19,12,1,73493000.0,posting
5184,1921,2021-03-06,2021-03-11,2023-03-10,24,1,52247000.0,posting
5184,1921,2021-03-06,2022-03-11,2023-03-10,24,2,52247000.0,posting
5185,1921,2023-02-24,2023-03-11,2024-03-10,12,1,32274000.0,posting
5186,1921,2024-04-19,2024-04-21,2026-04-20,24,1,47057000.0,posting
5186,1921,2024-04-19,2025-04-21,2026-04-20,24,2,47057000.0,posting
5187,1922,2019-06-22,2019-06-24,2020-06-23,12,1,71287000.0,both
5188,1922,2020-06-21,2020-06-24,2022-06-23,24,1,45913000.0,both
5188,1922,2020-06-21,2021-06-24,2022-06-23,24,2,45913000.0,both
5189,1922,2022-06-05,2022-06-24,2023-06-23,12,1,84668000.0,both
5190,1922,2023-06-12,2023-06-24,2024-06-23,12,1,83013000.0,both
5191,1922,2023-06-15,2023-06-29,2024-06-23,12,1,16938000.0,both
5192,1922,2024-06-22,2024-06-24,2025-06-23,12,1,63607000.0,both
5193,1922,2025-06-19,2025-06-24,2026-06-23,12,1,117040000.0,both
5194,1922,2025-06-22,2025-06-29,2026-06-23,12,1,21677000.0,both
5195,1923,2020-12-28,2021-01-02,2022-01-01,12,1,18850000.0,diag
5196,1924,2022-08-26,2022-09-02,2023-09-01,12,1,31436000.0,both
5197,1924,2023-08-24,2023-09-02,2024-09-01,12,1,30140000.0,both
5198,1925,2023-09-17,2023-09-26,2024-09-25,12,1,50384000.0,posting
5199,1926,2015-09-23,2015-10-06,2016-10-05,12,1,72121000.0,diag
5200,1926,2016-11-01,2016-11-16,2018-11-15,24,1,43946000.0,diag
5200,1926,2016-11-01,2017-11-16,2018-11-15,24,2,43946000.0,diag
5201,1926,2018-11-16,2018-11-16,2019-11-15,12,1,41091000.0,diag
5202,1926,2019-11-28,2019-12-13,2020-12-12,12,1,41095000.0,diag
5203,1926,2020-12-11,2020-12-13,2021-12-12,12,1,105151000.0,diag
5204,1926,2022-01-06,2022-01-08,2023-01-07,12,1,53085000.0,diag
5205,1926,2022-01-09,2022-01-13,2023-01-07,12,1,14786000.0,diag
5206,1926,2022-12-21,2023-01-08,2024-01-07,12,1,62757000.0,diag
5207,1926,2024-01-10,2024-01-16,2025-01-15,12,1,129831000.0,diag
5208,1926,2025-01-05,2025-01-16,2026-01-15,12,1,54143000.0,diag
5209,1926,2026-01-15,2026-01-16,2027-01-15,12,1,68391000.0,diag
5210,1927,2022-07-16,2022-07-16,2023-07-15,12,1,41521000.0,diag
5211,1928,2023-09-28,2023-10-12,2024-10-11,12,1,15093000.0,diag
5212,1928,2024-09-25,2024-10-12,2025-10-11,12,1,19645000.0,diag
5213,1929,2020-04-25,2020-05-11,2021-05-10,12,1,61477000.0,posting
5214,1930,2022-11-07,2022-11-12,2023-11-11,12,1,43732000.0,diag
5215,1930,2023-10-26,2023-11-12,2024-11-11,12,1,55596000.0,diag
5216,1930,2024-11-09,2024-11-17,2025-11-16,12,1,44654000.0,diag
5217,1930,2025-11-12,2025-11-17,2026-11-16,12,1,66992000.0,diag
5218,1931,2021-07-21,2021-08-02,2022-08-01,12,1,34561000.0,diag
5219,1932,2023-10-03,2023-10-09,2024-10-08,12,1,37136000.0,posting
5220,1932,2024-11-17,2024-11-21,2025-11-20,12,1,49832000.0,posting
5221,1932,2025-12-16,2025-12-24,2026-12-23,12,1,34252000.0,posting
5222,1933,2015-01-02,2015-01-17,2016-01-16,12,1,22984000.0,diag
5223,1934,2021-12-11,2021-12-20,2022-12-19,12,1,28299000.0,diag
5224,1934,2022-12-06,2022-12-20,2023-12-19,12,1,26202000.0,diag
5225,1935,2021-02-14,2021-02-14,2023-02-13,24,1,81284000.0,both
5225,1935,2021-02-14,2022-02-14,2023-02-13,24,2,81284000.0,both
5226,1935,2023-02-07,2023-02-14,2024-02-13,12,1,45162000.0,both
5227,1935,2024-02-13,2024-02-14,2025-02-13,12,1,84377000.0,both
5228,1935,2025-02-13,2025-02-14,2026-02-13,12,1,43153000.0,both
5229,1935,2026-01-30,2026-02-14,2027-02-13,12,1,49793000.0,both
5230,1936,2020-08-28,2020-09-05,2021-09-04,12,1,105618000.0,both
5231,1936,2021-08-24,2021-09-05,2023-09-04,24,1,73918000.0,both
5231,1936,2021-08-24,2022-09-05,2023-09-04,24,2,73918000.0,both
5232,1936,2023-08-28,2023-09-05,2024-09-04,12,1,97252000.0,both
5233,1936,2024-09-04,2024-09-05,2027-09-04,36,1,109505000.0,both
5233,1936,2024-09-04,2025-09-05,2027-09-04,36,2,109505000.0,both
5233,1936,2024-09-04,2026-09-05,2027-09-04,36,3,109505000.0,both
5234,1937,2020-05-17,2020-05-17,2021-05-16,12,1,40765000.0,posting
5235,1938,2020-04-30,2020-05-12,2021-05-11,12,1,44127000.0,both
5236,1938,2021-05-30,2021-06-17,2022-06-16,12,1,89638000.0,both
5237,1938,2022-06-16,2022-06-17,2023-06-16,12,1,80067000.0,both
5238,1938,2023-06-13,2023-06-17,2024-06-16,12,1,70688000.0,both
5239,1939,2017-12-25,2018-01-11,2020-01-10,24,1,140927000.0,diag
5239,1939,2017-12-25,2019-01-11,2020-01-10,24,2,140927000.0,diag
5240,1939,2020-01-20,2020-02-01,2021-01-31,12,1,162012000.0,diag
5241,1939,2021-02-01,2021-02-20,2022-02-19,12,1,147798000.0,diag
5242,1939,2022-02-10,2022-02-20,2023-02-19,12,1,204074000.0,diag
5243,1940,2019-12-07,2019-12-24,2020-12-23,12,1,83396000.0,both
5244,1940,2020-12-08,2020-12-24,2021-12-23,12,1,49845000.0,both
5245,1940,2021-12-20,2021-12-27,2022-12-26,12,1,91443000.0,both
5246,1940,2022-12-11,2022-12-27,2023-12-26,12,1,77209000.0,both
5247,1940,2022-12-14,2023-01-01,2023-12-26,12,1,19055000.0,both
5248,1941,2019-08-22,2019-09-02,2020-09-01,12,1,20387000.0,diag
5249,1941,2020-08-16,2020-09-02,2021-09-01,12,1,48849000.0,diag
5250,1941,2021-09-28,2021-10-12,2022-10-11,12,1,30961000.0,diag
5251,1941,2021-10-01,2021-10-17,2022-10-11,12,1,7044000.0,diag
5252,1942,2023-01-31,2023-02-10,2024-02-09,12,1,30183000.0,posting
5253,1942,2023-02-03,2023-02-15,2024-02-09,12,1,6985000.0,posting
5254,1942,2024-01-24,2024-02-10,2025-02-09,12,1,38363000.0,posting
5255,1943,2021-07-29,2021-08-14,2022-08-13,12,1,9024000.0,diag
5256,1943,2022-08-14,2022-08-14,2023-08-13,12,1,10110000.0,diag
5257,1943,2023-07-28,2023-08-14,2024-08-13,12,1,14334000.0,diag
5258,1943,2023-07-31,2023-08-19,2024-08-13,12,1,1684000.0,diag
5259,1944,2022-03-18,2022-04-01,2023-03-31,12,1,35929000.0,posting
5260,1945,2022-01-01,2022-01-06,2023-01-05,12,1,57624000.0,both
5261,1945,2023-01-02,2023-01-08,2024-01-07,12,1,110727000.0,both
5262,1945,2024-02-03,2024-02-06,2025-02-05,12,1,27170000.0,both
5263,1945,2025-02-01,2025-02-09,2026-02-08,12,1,60704000.0,both
5264,1945,2026-02-03,2026-02-09,2027-02-08,12,1,78433000.0,both
5265,1946,2021-09-15,2021-09-15,2022-09-14,12,1,21446000.0,posting
5266,1946,2022-09-05,2022-09-15,2023-09-14,12,1,28102000.0,posting
5267,1946,2023-09-04,2023-09-19,2025-09-18,24,1,13737000.0,posting
5267,1946,2023-09-04,2024-09-19,2025-09-18,24,2,13737000.0,posting
5268,1947,2020-10-23,2020-10-25,2021-10-24,12,1,23321000.0,diag
5269,1948,2021-11-24,2021-12-05,2022-12-04,12,1,96646000.0,both
5270,1949,2018-06-02,2018-06-07,2019-06-06,12,1,37215000.0,diag
5271,1949,2019-07-06,2019-07-12,2020-07-11,12,1,39675000.0,diag
5272,1950,2018-05-29,2018-06-05,2019-06-04,12,1,31310000.0,diag
5273,1950,2019-06-05,2019-06-05,2020-06-04,12,1,28922000.0,diag
5274,1950,2020-05-26,2020-06-05,2021-06-04,12,1,34121000.0,diag
5275,1951,2022-04-07,2022-04-10,2023-04-09,12,1,88375000.0,diag
5276,1951,2023-03-30,2023-04-10,2024-04-09,12,1,31995000.0,diag
5277,1951,2023-04-02,2023-04-15,2024-04-09,12,1,10296000.0,diag
5278,1951,2024-04-09,2024-04-10,2025-04-09,12,1,50039000.0,diag
5279,1951,2025-04-25,2025-05-11,2026-05-10,12,1,63632000.0,diag
5280,1951,2026-05-07,2026-05-11,2028-05-10,24,1,35272000.0,diag
5280,1951,2026-05-07,2027-05-11,2028-05-10,24,2,35272000.0,diag
5281,1952,2019-04-23,2019-05-05,2020-05-04,12,1,45563000.0,diag
5282,1952,2020-04-29,2020-05-05,2021-05-04,12,1,29628000.0,diag
5283,1953,2020-07-08,2020-07-14,2021-07-13,12,1,99726000.0,both
5284,1953,2021-07-12,2021-07-14,2022-07-13,12,1,129036000.0,both
5285,1954,2019-07-18,2019-07-20,2020-07-19,12,1,43560000.0,diag
5286,1954,2020-07-08,2020-07-20,2021-07-19,12,1,28902000.0,diag
5287,1954,2021-07-06,2021-07-20,2022-07-19,12,1,36563000.0,diag
5288,1955,2015-12-04,2015-12-14,2016-12-13,12,1,52724000.0,posting
5289,1956,2023-01-11,2023-01-15,2024-01-14,12,1,182849000.0,posting
5290,1956,2024-01-12,2024-01-15,2026-01-14,24,1,140847000.0,posting
5290,1956,2024-01-12,2025-01-15,2026-01-14,24,2,140847000.0,posting
5291,1956,2025-12-28,2026-01-15,2027-01-14,12,1,114314000.0,posting
5292,1957,2021-06-01,2021-06-14,2022-06-13,12,1,47669000.0,diag
5293,1957,2021-06-04,2021-06-19,2022-06-13,12,1,14576000.0,diag
5294,1958,2019-06-29,2019-07-03,2020-07-02,12,1,29552000.0,diag
5295,1959,2021-03-16,2021-03-21,2022-03-20,12,1,58892000.0,diag
5296,1960,2023-01-29,2023-02-03,2024-02-02,12,1,46114000.0,diag
5297,1961,2023-09-01,2023-09-14,2024-09-13,12,1,102277000.0,diag
5298,1961,2024-08-26,2024-09-14,2025-09-13,12,1,146303000.0,diag
5299,1962,2018-02-08,2018-02-24,2020-02-23,24,1,75736000.0,both
5299,1962,2018-02-08,2019-02-24,2020-02-23,24,2,75736000.0,both
5300,1962,2018-02-11,2018-03-01,2020-02-23,24,1,22376000.0,both
5301,1963,2023-09-23,2023-10-03,2025-10-02,24,1,39316000.0,posting
5301,1963,2023-09-23,2024-10-03,2025-10-02,24,2,39316000.0,posting
5302,1963,2025-09-14,2025-10-03,2027-10-02,24,1,36285000.0,posting
5302,1963,2025-09-14,2026-10-03,2027-10-02,24,2,36285000.0,posting
5303,1964,2019-11-28,2019-12-13,2020-12-12,12,1,158875000.0,both
5304,1965,2018-04-11,2018-04-26,2021-04-25,36,1,58086000.0,diag
5304,1965,2018-04-11,2019-04-26,2021-04-25,36,2,58086000.0,diag
5304,1965,2018-04-11,2020-04-26,2021-04-25,36,3,58086000.0,diag
5305,1965,2021-04-21,2021-04-26,2022-04-25,12,1,64595000.0,diag
5306,1966,2020-07-22,2020-08-02,2023-08-01,36,1,74455000.0,posting
5306,1966,2020-07-22,2021-08-02,2023-08-01,36,2,74455000.0,posting
5306,1966,2020-07-22,2022-08-02,2023-08-01,36,3,74455000.0,posting
5307,1966,2020-07-25,2020-08-07,2023-08-01,36,1,12318000.0,posting
5308,1967,2019-06-20,2019-07-03,2020-07-02,12,1,114562000.0,posting
5309,1967,2020-06-16,2020-07-03,2021-07-02,12,1,74043000.0,posting
5310,1967,2021-06-23,2021-07-03,2022-07-02,12,1,80971000.0,posting
5311,1967,2022-06-23,2022-07-03,2025-07-02,36,1,106308000.0,posting
5311,1967,2022-06-23,2023-07-03,2025-07-02,36,2,106308000.0,posting
5311,1967,2022-06-23,2024-07-03,2025-07-02,36,3,106308000.0,posting
5312,1967,2025-06-15,2025-07-03,2026-07-02,12,1,103238000.0,posting
5313,1968,2021-03-15,2021-03-20,2022-03-19,12,1,26821000.0,posting
5314,1969,2023-08-08,2023-08-22,2024-08-21,12,1,31556000.0,diag
5315,1970,2021-01-13,2021-01-25,2023-01-24,24,1,47983000.0,posting
5315,1970,2021-01-13,2022-01-25,2023-01-24,24,2,47983000.0,posting
5316,1970,2023-01-26,2023-02-05,2024-02-04,12,1,40465000.0,posting
5317,1970,2024-01-23,2024-02-05,2026-02-04,24,1,53163000.0,posting
5317,1970,2024-01-23,2025-02-05,2026-02-04,24,2,53163000.0,posting
5318,1970,2026-02-10,2026-02-12,2027-02-11,12,1,44875000.0,posting
5319,1971,2021-01-01,2021-01-10,2024-01-09,36,1,35191000.0,both
5319,1971,2021-01-01,2022-01-10,2024-01-09,36,2,35191000.0,both
5319,1971,2021-01-01,2023-01-10,2024-01-09,36,3,35191000.0,both
5320,1971,2021-01-04,2021-01-15,2024-01-09,36,1,10323000.0,both
5321,1971,2023-12-28,2024-01-10,2025-01-09,12,1,25969000.0,both
5322,1971,2025-01-01,2025-01-10,2026-01-09,12,1,35970000.0,both
5323,1972,2019-04-29,2019-05-04,2020-05-03,12,1,55478000.0,both
5324,1972,2020-05-04,2020-05-04,2021-05-03,12,1,121535000.0,both
5325,1973,2022-09-27,2022-10-13,2024-10-12,24,1,60748000.0,posting
5325,1973,2022-09-27,2023-10-13,2024-10-12,24,2,60748000.0,posting
5326,1973,2024-10-09,2024-10-13,2025-10-12,12,1,23874000.0,posting
5327,1973,2025-10-09,2025-10-13,2026-10-12,12,1,33076000.0,posting
5328,1974,2023-09-05,2023-09-22,2024-09-21,12,1,20551000.0,diag
5329,1974,2024-09-30,2024-10-13,2025-10-12,12,1,14719000.0,diag
5330,1974,2025-10-30,2025-11-09,2026-11-08,12,1,26701000.0,diag
5331,1975,2021-08-30,2021-09-03,2022-09-02,12,1,75186000.0,both
5332,1975,2022-09-02,2022-09-03,2023-09-02,12,1,46013000.0,both
5333,1975,2022-09-05,2022-09-08,2023-09-02,12,1,13398000.0,both
5334,1975,2023-08-18,2023-09-03,2024-09-02,12,1,49046000.0,both
5335,1975,2024-08-19,2024-09-03,2025-09-02,12,1,31385000.0,both
5336,1975,2025-08-28,2025-09-03,2026-09-02,12,1,41078000.0,both
5337,1976,2022-12-26,2023-01-09,2024-01-08,12,1,186584000.0,both
5338,1977,2019-10-15,2019-10-17,2020-10-16,12,1,46054000.0,diag
5339,1977,2020-10-17,2020-10-17,2022-10-16,24,1,44361000.0,diag
5339,1977,2020-10-17,2021-10-17,2022-10-16,24,2,44361000.0,diag
5340,1977,2020-10-20,2020-10-22,2022-10-16,24,1,13417000.0,diag
5341,1977,2022-10-06,2022-10-17,2023-10-16,12,1,36662000.0,diag
5342,1978,2021-07-10,2021-07-10,2022-07-09,12,1,23125000.0,posting
5343,1979,2015-03-28,2015-04-15,2016-04-14,12,1,81722000.0,diag
5344,1979,2015-03-31,2015-04-20,2016-04-14,12,1,17022000.0,diag
5345,1980,2019-07-10,2019-07-18,2020-07-17,12,1,68589000.0,both
5346,1980,2020-07-13,2020-07-18,2023-07-17,36,1,68872000.0,both
5346,1980,2020-07-13,2021-07-18,2023-07-17,36,2,68872000.0,both
5346,1980,2020-07-13,2022-07-18,2023-07-17,36,3,68872000.0,both
5347,1980,2023-07-06,2023-07-18,2024-07-17,12,1,77828000.0,both
5348,1980,2023-07-09,2023-07-23,2024-07-17,12,1,13853000.0,both
5349,1981,2015-05-14,2015-06-01,2016-05-31,12,1,33859000.0,diag
5350,1982,2021-11-07,2021-11-23,2022-11-22,12,1,21460000.0,diag
5351,1982,2022-12-15,2022-12-28,2023-12-27,12,1,28862000.0,diag
5352,1982,2022-12-18,2023-01-02,2023-12-27,12,1,7243000.0,diag
5353,1983,2021-11-08,2021-11-17,2022-11-16,12,1,33822000.0,both
5354,1983,2022-10-29,2022-11-17,2023-11-16,12,1,39299000.0,both
5355,1983,2023-11-07,2023-11-17,2024-11-16,12,1,42725000.0,both
5356,1983,2024-10-31,2024-11-17,2025-11-16,12,1,31801000.0,both
5357,1983,2025-12-19,2025-12-30,2026-12-29,12,1,43975000.0,both
5358,1984,2019-06-16,2019-07-04,2020-07-03,12,1,40506000.0,diag
5359,1984,2020-07-03,2020-07-08,2021-07-07,12,1,45096000.0,diag
5360,1984,2021-06-27,2021-07-08,2022-07-07,12,1,40814000.0,diag
5361,1984,2022-07-01,2022-07-08,2023-07-07,12,1,45770000.0,diag
5362,1984,2023-07-03,2023-07-08,2024-07-07,12,1,69683000.0,diag
5363,1984,2023-07-06,2023-07-13,2024-07-07,12,1,13507000.0,diag
5364,1984,2024-07-22,2024-08-02,2027-08-01,36,1,46191000.0,diag
5364,1984,2024-07-22,2025-08-02,2027-08-01,36,2,46191000.0,diag
5364,1984,2024-07-22,2026-08-02,2027-08-01,36,3,46191000.0,diag
5365,1985,2023-10-05,2023-10-23,2024-10-22,12,1,46506000.0,diag
5366,1985,2024-10-13,2024-10-23,2025-10-22,12,1,44327000.0,diag
5367,1985,2025-10-21,2025-10-23,2027-10-22,24,1,50163000.0,diag
5367,1985,2025-10-21,2026-10-23,2027-10-22,24,2,50163000.0,diag
5368,1986,2019-07-30,2019-08-03,2020-08-02,12,1,23927000.0,diag
5369,1986,2020-08-03,2020-08-05,2021-08-04,12,1,37749000.0,diag
5370,1986,2021-07-30,2021-08-05,2023-08-04,24,1,37124000.0,diag
5370,1986,2021-07-30,2022-08-05,2023-08-04,24,2,37124000.0,diag
5371,1987,2020-01-14,2020-01-23,2021-01-22,12,1,22733000.0,diag
5372,1988,2020-02-12,2020-03-01,2022-02-28,24,1,95274000.0,posting
5372,1988,2020-02-12,2021-03-01,2022-02-28,24,2,95274000.0,posting
5373,1988,2022-03-27,2022-03-30,2023-03-29,12,1,150826000.0,posting
5374,1988,2023-03-18,2023-03-30,2024-03-29,12,1,98461000.0,posting
5375,1989,2018-01-12,2018-01-20,2020-01-19,24,1,9261000.0,diag
5375,1989,2018-01-12,2019-01-20,2020-01-19,24,2,9261000.0,diag
5376,1990,2023-11-15,2023-11-16,2024-11-15,12,1,25878000.0,diag
5377,1991,2021-03-05,2021-03-11,2023-03-10,24,1,5509000.0,diag
5377,1991,2021-03-05,2022-03-11,2023-03-10,24,2,5509000.0,diag
5378,1992,2022-12-20,2023-01-07,2024-01-06,12,1,130524000.0,both
5379,1993,2023-09-12,2023-09-16,2024-09-15,12,1,11802000.0,diag
5380,1993,2024-08-28,2024-09-16,2025-09-15,12,1,30596000.0,diag
5381,1993,2025-09-09,2025-09-18,2026-09-17,12,1,20762000.0,diag
5382,1994,2022-09-13,2022-09-14,2023-09-13,12,1,36764000.0,diag
5383,1995,2015-03-31,2015-04-14,2016-04-13,12,1,23111000.0,diag
5384,1995,2016-04-01,2016-04-14,2017-04-13,12,1,23459000.0,diag
5385,1996,2023-06-23,2023-07-09,2024-07-08,12,1,144989000.0,posting
5386,1997,2022-02-06,2022-02-08,2023-02-07,12,1,83947000.0,posting
5387,1998,2020-03-12,2020-03-15,2021-03-14,12,1,68518000.0,both
5388,1999,2022-07-25,2022-07-27,2023-07-26,12,1,149351000.0,both
5389,1999,2023-09-02,2023-09-02,2024-09-01,12,1,89178000.0,both
5390,1999,2024-08-21,2024-09-02,2025-09-01,12,1,147694000.0,both
5391,2000,2019-12-11,2019-12-22,2020-12-21,12,1,36980000.0,diag
5392,2000,2019-12-14,2019-12-27,2020-12-21,12,1,18028000.0,diag
