company_id,employees_ext,avg_salary,entry_salary,industry_salary,company_revenue,operating_profit,monthly_hires,monthly_leavers,hiring_rate,attrition_rate,attrition_growth,hiring_growth,headcount_growth
1,392,,,9010.0,167980.0,-2620.0,0.0,0.0,0.006,0.003,0.274852052701344,0.007259227140074896,-0.009879762245471588
2,633,50.0,30.0,40.0,,,1.0,1.0,0.011,0.014,0.33873786941141376,-0.274907577922909,0.07108153552863794
3,158,30.0,10.0,40.0,,,0.0,0.0,0.006,0.009,-0.07925168610472329,0.3523100923572806,0.048939166114787616
6,874,80.0,50.0,50.0,,,2.0,2.0,0.026,0.032,-0.25785106150619735,-0.609919364649214,-0.024543277832976412
8,376,40.0,30.0,50.0,,,1.0,1.0,0.034,0.023,0.263838327175823,0.13051343001429422,0.04839814188698751
10,1156,70.0,40.0,60.0,,,2.0,2.0,0.023,0.018,-0.1559000363541379,-0.021840203233094525,0.0007597842687271025
11,847,20.0,10.0,30.0,60420.0,-2870.0,2.0,1.0,0.026,0.014,-0.3551231057843785,0.22716299223029174,0.041833268641461176
13,163,60.0,40.0,50.0,,,0.0,0.0,0.027,0.033,0.10174492628515824,0.44391027740385053,0.2865989032641777
15,125,90.0,50.0,60.0,23570.0,5880.0,0.0,0.0,0.019,0.016,-0.13620556925417215,0.5875852414752136,0.20981859832897645
16,309,50.0,30.0,50.0,,,2.0,2.0,0.069,0.097,0.07177208251871299,0.28428519979641936,-0.0029489636637892655
17,152,60.0,30.0,50.0,48340.0,-4200.0,0.0,0.0,0.013,0.007,-0.3173723531040135,-0.163218001976865,-0.027182283111274817
18,571,,,,,,1.0,1.0,0.013,0.012,0.3383260647839438,0.22625924412736556,0.033996126890919076
19,202,40.0,20.0,50.0,,,0.0,0.0,0.027,0.025,0.2834449750957412,0.061138603237578096,-0.05901638922659862
20,203,,,,,,1.0,1.0,0.033,0.037,0.2846037575167319,0.17131634035312926,-0.041160963092949046
21,1627,,,,332780.0,10730.0,7.0,9.0,0.05,0.063,-0.09704507712038661,0.19212376220343683,0.09335168562861847
24,449,50.0,30.0,50.0,166790.0,6390.0,2.0,4.0,0.049,0.109,0.22282665660110074,-0.05813102389274777,0.11441601936532496
26,401,70.0,50.0,70.0,55240.0,9180.0,1.0,0.0,0.016,0.014,0.1079601621070874,0.2077463317700014,-0.0009750473332187232
29,303,90.0,60.0,80.0,,,1.0,1.0,0.024,0.031,0.14415329811001104,-0.026986856059253085,0.004091390080862716
30,31,100.0,50.0,70.0,10620.0,1180.0,0.0,0.0,0.086,0.064,-0.08678865932526918,-0.3841950283255189,0.0936147986825617
31,553,60.0,30.0,60.0,441250.0,33310.0,1.0,3.0,0.02,0.065,0.26290193185589,0.5672267310342509,0.0675903672888356
32,464,50.0,30.0,40.0,,,1.0,1.0,0.035,0.037,0.13497212246456275,-0.10440793530780654,-0.018840942071910317
33,83,50.0,30.0,50.0,,,0.0,0.0,0.042,0.059,-0.0681448955140608,0.06720527207993116,0.14950454566545918
34,2461,60.0,30.0,70.0,455800.0,16260.0,15.0,11.0,0.075,0.055,0.3388327982279022,0.3501776973073287,0.18619033857161713
38,309,100.0,50.0,60.0,45420.0,370.0,0.0,1.0,0.013,0.032,0.16081431874267374,0.2105431037523645,0.08759596660999362
39,435,,,,,,2.0,1.0,0.058,0.039,0.29499251470114796,0.1053260866576693,-0.0025713394712879173
42,123,,,,14990.0,810.0,0.0,1.0,0.046,0.112,0.027772398768140964,0.22351887985533408,0.03668463959326276
46,1401,30.0,20.0,60.0,,,8.0,3.0,0.072,0.022,0.19745239264413011,0.033346759911460515,0.006815562465913073
48,504,,,,,,3.0,7.0,0.08,0.157,-0.0003839718948615012,-0.1573055850984167,-0.07759411856267331
50,160,50.0,30.0,40.0,,,1.0,1.0,0.066,0.09,0.26040801707140365,-0.09393355675135188,0.05338623551374329
51,167,,,,92320.0,-8390.0,0.0,0.0,0.017,0.026,-0.25095958828700754,-0.09555150154079808,-0.03406455330690131
52,607,,,,60570.0,-1270.0,1.0,1.0,0.017,0.015,-0.08885533884256984,-0.34790076327897124,0.10717347677323422
53,152,40.0,20.0,50.0,,,0.0,0.0,0.03,0.017,-0.37676962572094164,-0.057939756798753676,-0.05005695550095135
57,869,50.0,30.0,50.0,,,3.0,4.0,0.038,0.052,0.2457029359974533,-0.14244328243292856,-0.004725201518044585
58,73,60.0,30.0,50.0,,,0.0,0.0,0.041,0.063,0.057254072569555475,0.07089913939149516,-0.05537345360275717
60,323,30.0,20.0,40.0,,,1.0,1.0,0.031,0.029,-0.23400493008783402,-0.7883352729920079,-0.19809647512051845
61,1208,80.0,40.0,70.0,,,2.0,3.0,0.022,0.026,0.015454266241695845,0.014143858868842882,0.04697763784150563
62,88,70.0,40.0,60.0,,,0.0,0.0,0.017,0.018,-0.05285794980552701,0.5525943317426012,0.19804008055245836
63,165,40.0,20.0,60.0,,,1.0,1.0,0.076,0.086,0.11921380877246213,0.0018910108617242183,0.03942067824675227
64,269,,,,,,1.0,2.0,0.051,0.089,-0.01621901808836232,0.061653743158286964,0.004136957130826152
65,366,,,,268130.0,27110.0,3.0,10.0,0.11,0.331,0.009195093083863952,0.007040624378679056,0.10337957048843115
66,780,,,,76220.0,7610.0,1.0,1.0,0.02,0.014,0.2531126490910712,-0.04276336206076431,-0.03178492360998076
67,422,60.0,40.0,60.0,83050.0,1300.0,2.0,2.0,0.065,0.06,0.1941615666956546,0.2963046173414951,0.1084321978096591
68,308,,,,,,0.0,0.0,0.011,0.014,0.18655617338640257,0.2771190632912838,0.22224642132623756
69,930,70.0,50.0,70.0,65820.0,9360.0,1.0,1.0,0.013,0.012,0.006013031927987064,0.08720917703457004,-0.15301524338344352
70,3009,70.0,50.0,50.0,,,4.0,2.0,0.015,0.008,0.16784909055695593,-0.10741548801292795,0.001309071887701966
72,298,60.0,30.0,60.0,73150.0,4190.0,1.0,0.0,0.03,0.015,0.3489048359742941,-0.33165231227368747,0.041047406083643816
74,330,90.0,60.0,70.0,,,2.0,1.0,0.058,0.046,-0.2585286859744018,-0.03959199705675995,0.12162450822089994
75,1454,70.0,30.0,40.0,,,4.0,5.0,0.037,0.039,0.45646402815933973,-0.6608794860635918,-0.19533017405377792
78,782,50.0,30.0,50.0,210010.0,-8150.0,0.0,0.0,0.005,0.003,0.2925823319416595,0.3583043750570982,0.06101818972474751
80,178,,,,,,1.0,1.0,0.052,0.042,-0.24097891232771879,0.24993113869956524,0.13146316215885476
81,4050,,,,,,12.0,7.0,0.034,0.022,0.47534893855540256,-0.0646157152508468,0.11363122254424328
83,445,70.0,40.0,60.0,,,1.0,0.0,0.022,0.013,0.21600811473886655,0.382982706579937,0.0550206714721911
85,292,40.0,20.0,40.0,61890.0,-280.0,1.0,1.0,0.035,0.036,0.12271966526505548,-0.7106231896033819,-0.2041737273654168
86,257,80.0,50.0,70.0,,,2.0,2.0,0.071,0.111,0.10525647338818106,0.012853128653264292,-0.014744196857129313
90,469,50.0,20.0,60.0,167560.0,6970.0,0.0,0.0,0.004,0.004,0.13950508658855906,-0.3957531747010885,0.1285983838813322
91,1650,80.0,60.0,60.0,416970.0,-26710.0,5.0,4.0,0.036,0.032,-0.19941433543272097,0.005961036109007042,0.056337835961325744
95,483,70.0,30.0,60.0,32660.0,2310.0,1.0,0.0,0.015,0.012,-0.054314186957553384,-0.2627964542723131,-0.17036462674750358
99,169,50.0,40.0,60.0,,,0.0,0.0,0.008,0.009,0.04328137817808303,-0.036019466255895784,0.006973703033601137
100,714,30.0,20.0,40.0,,,1.0,2.0,0.013,0.031,0.08217216724585333,0.4814924711719573,-0.045908399222046314
101,224,,,,202500.0,37000.0,1.0,0.0,0.056,0.025,-0.08709558362604204,0.5182331232013415,0.07624569507006243
103,954,50.0,30.0,60.0,,,8.0,15.0,0.103,0.188,-0.07434437370800313,-0.09288641018831564,0.06487764374586646
105,180,,,,40180.0,3300.0,1.0,1.0,0.075,0.08,-0.26213993072367997,0.0022153579218348596,0.10706333448063889
107,1224,,,,,,4.0,3.0,0.04,0.029,-0.35218242079273293,-0.1478823752675922,-0.16764554495246298
109,251,70.0,30.0,60.0,,,1.0,0.0,0.026,0.017,0.055773191417932924,-0.6863397138752414,-0.042267868815352744
110,2175,60.0,30.0,50.0,,,10.0,8.0,0.055,0.043,0.08215333616710796,0.16401243567002932,0.022975348009588576
111,368,50.0,20.0,50.0,,,0.0,0.0,0.014,0.005,0.05665188662006259,0.2346546075411946,0.0581031025172639
114,312,70.0,40.0,60.0,41900.0,-520.0,0.0,0.0,0.009,0.009,-0.13498263145831563,0.3321224623815785,-0.03588464796610795
117,830,30.0,20.0,50.0,,,1.0,1.0,0.016,0.011,-0.273851685423131,0.08307603824456497,-0.011076399701282658
120,126,60.0,30.0,60.0,,,0.0,0.0,0.04,0.022,0.059293482377243925,0.1864947954034792,0.20177690122100353
121,283,,,,44090.0,1110.0,1.0,0.0,0.025,0.012,0.45394414752830653,0.371071493871472,0.2043117705834305
123,79,70.0,40.0,70.0,,,0.0,0.0,0.064,0.035,0.004822636354910127,0.2888668457234792,0.06141127748257426
124,114,70.0,50.0,60.0,50420.0,6750.0,0.0,1.0,0.037,0.06,0.09878482472067956,-0.022373861932198078,-0.07184488170796538
125,271,,,,,,2.0,1.0,0.1,0.066,0.13799906324445416,0.07588804682845762,0.02244786828606975
126,129,50.0,30.0,60.0,16310.0,-1100.0,0.0,1.0,0.037,0.071,-0.11025429118058443,-0.17132474258863722,-0.06224986988187495
127,813,100.0,60.0,60.0,,,3.0,5.0,0.044,0.076,-0.09418369365739916,-0.7428739299233188,-0.11220656964079545
129,427,,,,,,2.0,1.0,0.052,0.032,0.46430811369938646,0.02163056189242263,-0.009358797902097322
130,142,30.0,20.0,40.0,,,0.0,0.0,0.016,0.018,-0.05111077762020742,-0.024603708872865143,-0.08110100755168143
131,452,,,,,,2.0,3.0,0.063,0.091,-0.5552412359442461,-0.05001666383429125,0.04036794000215464
132,2382,50.0,30.0,50.0,,,9.0,10.0,0.047,0.049,0.07615456527154377,-0.10340753061368341,-0.010490739833719412
135,679,40.0,20.0,50.0,531360.0,72750.0,2.0,1.0,0.033,0.021,0.21413946279258605,-0.04868476165715438,0.09429051844765667
138,664,40.0,20.0,30.0,,,2.0,3.0,0.035,0.047,-0.22939520873902913,0.13868267461560244,-0.04077995219196341
139,233,60.0,40.0,50.0,,,0.0,0.0,0.023,0.017,-0.1582445194565339,0.05098604002889776,0.028081122984189605
141,312,,,,120680.0,4890.0,1.0,2.0,0.042,0.07,0.27684122069860057,0.7044165684068302,0.1997703693242389
142,117,60.0,30.0,70.0,,,0.0,0.0,0.034,0.016,-0.14788639251451613,0.4380179320166568,0.12210840811326311
144,798,80.0,30.0,50.0,55880.0,3850.0,1.0,3.0,0.021,0.042,0.1668287573047878,-0.05976405793274583,-0.04935785621410277
145,1924,50.0,30.0,50.0,2668170.0,163320.0,3.0,4.0,0.02,0.028,-0.4399431459756148,-0.13236114145074085,0.03615159063844846
149,162,60.0,40.0,70.0,,,0.0,1.0,0.022,0.043,-0.07121795911593884,0.2652530948435338,-0.018323061378642792
150,158,50.0,20.0,50.0,244990.0,-40.0,1.0,1.0,0.056,0.061,-0.2090542255204918,-0.5449535471838618,-0.05270964259294128
152,251,,,,,,0.0,0.0,0.007,0.005,0.3485174988802918,0.273399284651917,0.08944646430425868
155,155,30.0,20.0,40.0,,,0.0,0.0,0.021,0.005,-0.16451204693429428,-0.27681916359147407,-0.10899479024210543
156,1310,30.0,20.0,60.0,,,4.0,8.0,0.037,0.069,0.19622137702961767,0.4353999785021536,0.02723080759536459
157,349,60.0,40.0,50.0,105350.0,10040.0,1.0,1.0,0.044,0.022,0.29568862559613074,-0.4043881583841403,-0.062303361947540575
160,7610,120.0,80.0,70.0,2958780.0,131020.0,17.0,9.0,0.026,0.014,-0.2440808750950627,-0.7977997967219923,-0.09079786730914602
162,75,60.0,40.0,50.0,,,0.0,0.0,0.022,0.017,-0.37449542769867145,-0.14044953137165783,0.021498060434577956
163,85,50.0,20.0,50.0,,,0.0,0.0,0.017,0.024,-0.12329505490856375,0.7713609760209859,0.13176951657479066
164,771,,,,366230.0,31010.0,2.0,4.0,0.026,0.056,-0.01389054980804691,0.017725140762093694,0.17682302379763523
165,748,40.0,20.0,50.0,141380.0,4660.0,10.0,3.0,0.166,0.053,0.0459014535087277,0.32659973039667617,-0.03893024830610492
166,676,,,,,,0.0,0.0,0.005,0.007,0.5527190779135065,-0.19048480349071756,-0.06673302734300424
168,80,100.0,60.0,80.0,,,0.0,0.0,0.041,0.051,-0.020946378348492778,-0.38654573605202247,-0.0787360304096656
174,3800,,,,486180.0,104520.0,26.0,21.0,0.081,0.067,-0.23111577131328803,-0.5120881636676007,-0.13383166967825774
175,1125,100.0,70.0,80.0,,,2.0,4.0,0.02,0.038,0.13735219561296913,-0.058076459249951896,0.005136607617037159
177,622,50.0,30.0,60.0,,,2.0,1.0,0.04,0.025,-0.01676242950038577,-0.1262516636201338,0.038468417192222444
178,517,60.0,30.0,50.0,33450.0,760.0,3.0,2.0,0.072,0.055,0.05284562067977398,0.09842942803605546,-0.04644937873002168
184,481,,,,,,2.0,3.0,0.053,0.071,0.16820430869554012,-0.06280072025092723,-0.023852585498574184
185,413,,,,,,1.0,1.0,0.015,0.015,-0.09536059964327444,0.5019965177652402,0.19716169744649345
186,423,40.0,20.0,40.0,,,0.0,0.0,0.008,0.013,-0.14445208482957178,0.19231816383354788,0.0010284236497367233
187,842,60.0,40.0,60.0,,,5.0,5.0,0.074,0.072,-0.015119393719724733,0.5108059347500679,0.0012908362450076462
188,695,50.0,30.0,60.0,366560.0,2270.0,5.0,5.0,0.094,0.088,-0.27827277571395265,0.09582332347019855,0.009471951627116736
192,1653,50.0,30.0,70.0,240500.0,-29190.0,10.0,14.0,0.076,0.099,0.24971055067706643,-0.5411988500662844,-0.10651232041826542
194,220,50.0,20.0,60.0,,,0.0,0.0,0.022,0.024,0.22218109716462414,-0.2890398784950692,-0.028839183983622403
195,735,60.0,40.0,60.0,185280.0,-1270.0,0.0,1.0,0.006,0.009,-0.15544454422498122,-0.1687274080160498,0.05278575015126473
196,632,50.0,30.0,50.0,148120.0,9970.0,2.0,3.0,0.042,0.052,0.1473441512627643,0.1671450700983779,0.05964690095467165
198,323,,,,,,1.0,0.0,0.03,0.01,-0.199154651213919,0.26901057690594554,0.1567444016930923
200,181,40.0,20.0,30.0,32410.0,1190.0,0.0,0.0,0.002,0.003,-0.07409453999655623,-0.14133304502356314,-0.009695750380851353
202,1991,,,,850450.0,-43570.0,6.0,4.0,0.034,0.024,-0.20352685547127486,0.13200506443404897,-0.05865698805652818
204,203,30.0,20.0,60.0,12850.0,600.0,0.0,0.0,0.02,0.012,0.031054084607963807,0.49656862699355686,0.040322010645379006
205,636,40.0,30.0,40.0,,,4.0,3.0,0.074,0.05,0.37528064954629026,-0.11491628777494965,0.04332904742162119
206,625,,,,,,3.0,4.0,0.06,0.068,-0.15599250414445698,-0.0454673345795726,-0.008472780736493407
207,765,70.0,50.0,60.0,,,1.0,1.0,0.008,0.008,-0.12783692877406566,0.5265313670438165,-0.010460566272959042
208,101,,,,23420.0,-600.0,0.0,0.0,0.019,0.013,0.22412018713573356,0.020370763568089603,-0.02876749126090332
209,260,90.0,60.0,70.0,60360.0,3600.0,0.0,0.0,0.015,0.008,-0.028541228686989495,-0.39952642372782204,0.0679456087679169
210,180,60.0,30.0,60.0,5650.0,460.0,0.0,0.0,0.019,0.03,-0.2476653796754716,0.2006269892584021,0.07348712675258141
211,1268,90.0,50.0,70.0,,,1.0,1.0,0.01,0.005,0.14407935168062874,0.026256131277541193,0.03681645872978559
213,306,40.0,30.0,50.0,,,1.0,1.0,0.031,0.025,0.029348140154546693,0.18165259895243,0.10151711788153141
214,370,,,,,,2.0,2.0,0.06,0.068,-0.09687126098722428,-0.21380378344445095,0.1398741965435856
215,71,,,,,,0.0,0.0,0.06,0.043,0.3837335350230066,0.02283322686337691,0.1643042661278421
216,530,50.0,30.0,60.0,44970.0,2580.0,1.0,1.0,0.022,0.032,0.3566391538329791,-0.2516915208920014,0.08177335883737985
220,1121,,,,268270.0,-4030.0,4.0,3.0,0.04,0.029,-0.03717434018398223,0.09789657091056365,0.08071960654415777
221,313,20.0,20.0,30.0,266140.0,26520.0,0.0,0.0,0.01,0.005,0.057744892083717615,0.6458093166292177,0.19841787359026494
222,2509,40.0,30.0,50.0,,,9.0,14.0,0.044,0.065,0.07013681967445978,-0.5589305306562969,-0.20538178058889003
224,1357,40.0,20.0,30.0,,,2.0,1.0,0.019,0.012,0.26755023394501193,-0.1060294158058182,-0.0708488690575782
225,773,120.0,70.0,60.0,308570.0,780.0,4.0,4.0,0.061,0.055,0.36238709636847954,0.01264799186811738,0.08343270545873457
226,414,100.0,50.0,80.0,,,1.0,2.0,0.04,0.046,-0.21761860530281457,-0.3877003904940504,-0.05237818291379767
227,3401,50.0,20.0,60.0,,,14.0,9.0,0.048,0.031,-0.008183349056563573,0.2034271271907991,-0.09397865631307506
229,379,60.0,40.0,50.0,15120.0,-460.0,1.0,1.0,0.042,0.039,0.17387368423846336,0.38777464473628465,0.20835137846091717
230,1183,80.0,40.0,60.0,,,2.0,2.0,0.024,0.024,-0.14005595272460492,-0.34858366961537457,-0.049017357046260715
233,612,40.0,20.0,30.0,53650.0,1710.0,1.0,1.0,0.021,0.014,0.11864582874192396,0.2229692632233241,0.01609441380443278
235,206,,,,20650.0,-840.0,0.0,0.0,0.009,0.007,-0.08106486849254736,0.016494441754262873,0.10518056543432258
236,145,80.0,50.0,60.0,,,1.0,1.0,0.103,0.045,-0.09466732005723826,0.45224917138492265,0.19571022529385684
237,957,120.0,60.0,70.0,61960.0,4200.0,2.0,3.0,0.031,0.042,-0.08400251209176955,0.33504666692514795,0.128197702554767
239,4778,80.0,40.0,80.0,788570.0,64120.0,3.0,3.0,0.006,0.007,0.4066303423235408,0.18971681195667267,0.043628339012764
240,762,,,,272020.0,-2140.0,1.0,1.0,0.017,0.02,-0.15899617846075137,0.3520052493768668,-0.05826564647384774
244,221,,,,33240.0,-1210.0,1.0,2.0,0.08,0.122,-0.3604600992115946,0.5771954967039596,0.10768804668493773
245,350,60.0,30.0,60.0,96340.0,9670.0,1.0,1.0,0.039,0.035,0.1740895264516977,0.22844974991585307,0.1713591200607571
246,90,60.0,30.0,60.0,19870.0,4040.0,0.0,0.0,0.02,0.019,0.36863254697362124,0.03114587092191426,0.13828912026860268
247,172,50.0,30.0,60.0,,,0.0,0.0,0.018,0.024,-0.1307215064756796,-0.25403913817663737,-0.019578958144463657
248,143,50.0,20.0,60.0,,,0.0,0.0,0.006,0.005,0.12265433756619604,0.0018240421697293943,0.0010689979283432238
249,350,50.0,30.0,50.0,,,1.0,1.0,0.03,0.045,0.2332402782139662,0.44228577460231344,0.10583823986150338
250,277,50.0,30.0,50.0,46400.0,3130.0,0.0,0.0,0.006,0.01,-0.053783425155193285,0.37022106642563557,0.0013171961497004218
252,1960,,,,1746470.0,67460.0,2.0,1.0,0.01,0.009,0.7374569067382496,-0.28045893249782583,-0.07268799975358403
254,483,40.0,30.0,60.0,,,2.0,2.0,0.04,0.045,0.23138331907014664,-0.3468609671538748,-0.02671493466398913
255,1003,,,,341020.0,-22210.0,1.0,1.0,0.009,0.017,0.03639783054750986,-0.5401561289536516,-0.029377062732825795
256,2327,50.0,30.0,70.0,455880.0,-650.0,2.0,3.0,0.011,0.014,-0.12838138574082564,0.43162414896621754,0.0635921972819408
257,1397,50.0,20.0,50.0,,,5.0,5.0,0.043,0.046,0.08497103371172521,0.582726764511222,0.1959474277720112
259,536,,,,130170.0,8150.0,1.0,1.0,0.014,0.031,0.08979720561935295,0.24814494470668005,0.12689776386841334
260,703,50.0,30.0,30.0,,,4.0,5.0,0.065,0.088,0.2213800797639704,0.2976464263086399,0.021310457189699004
261,866,60.0,40.0,40.0,226750.0,17190.0,3.0,2.0,0.048,0.03,0.3002599760685822,0.23763562240869457,0.03301973973472129
262,257,60.0,30.0,50.0,,,0.0,1.0,0.02,0.061,-0.10019193955761439,0.01928788213621567,0.06635291918538302
263,325,40.0,20.0,50.0,,,1.0,1.0,0.033,0.031,0.2307980514419778,0.09329649689411734,-0.014938828889466786
265,200,60.0,30.0,40.0,,,0.0,0.0,0.02,0.006,0.06145208868516728,-0.5555048112638186,-0.02541054914369769
266,83,60.0,40.0,40.0,75680.0,5590.0,1.0,1.0,0.137,0.142,-0.2277251767214874,0.3257269027392982,0.05628750995319391
268,169,,,,,,0.0,0.0,0.002,0.002,-0.3406841794366571,-0.36838574274293745,-0.07438024248172494
270,415,50.0,30.0,40.0,66060.0,-8600.0,1.0,1.0,0.039,0.023,-0.14804096553580698,-0.47000390866223474,-0.10342664838563098
273,454,,,,247890.0,12910.0,2.0,2.0,0.054,0.046,0.19625625009171632,0.38727490315383195,0.016335837036633834
274,151,60.0,40.0,60.0,,,1.0,0.0,0.04,0.036,0.3819266037318886,-0.15454839434776674,0.08614076031014631
275,526,40.0,20.0,40.0,197260.0,1430.0,1.0,1.0,0.023,0.025,0.30948788444198727,-0.4941188545281129,-0.0942838655931577
276,291,60.0,30.0,80.0,25880.0,2890.0,3.0,2.0,0.111,0.085,0.046379785209296344,-0.27245537529493635,0.11540635674069563
277,381,60.0,40.0,60.0,76490.0,9360.0,1.0,1.0,0.027,0.02,-0.16017859661064077,0.4512676970796324,0.06620605960011705
282,1376,70.0,30.0,50.0,171390.0,9250.0,6.0,12.0,0.051,0.102,0.34121226829554163,0.28176208191680197,0.1293542833159786
283,182,70.0,40.0,70.0,22900.0,2390.0,0.0,0.0,0.024,0.005,0.5942844360361951,0.31368641473853864,0.0598249922418677
284,2946,,,,777900.0,109820.0,6.0,6.0,0.026,0.024,0.04280564769025835,0.16896638362101296,-0.041375654615868146
286,271,,,,240190.0,7770.0,1.0,0.0,0.032,0.021,0.049662216429525355,0.24265315716088737,0.040565116705975894
287,155,,,,75350.0,6920.0,1.0,1.0,0.074,0.102,-0.11660550926958467,0.6841309853522122,0.16685919964452794
288,531,50.0,30.0,70.0,,,3.0,4.0,0.061,0.093,0.12242169452511747,0.43534097109457914,-0.04828831211588065
289,499,,,,,,1.0,1.0,0.023,0.017,0.3612685566189482,-0.45599899825060386,-0.057195307003880716
290,482,70.0,50.0,60.0,,,3.0,2.0,0.069,0.045,0.42668268267163695,0.13623572223209124,-0.10745462099953532
291,755,,,,80210.0,-3890.0,0.0,0.0,0.004,0.003,-0.5727076309306769,0.23627407443189416,0.0473606207884454
292,343,30.0,20.0,40.0,,,1.0,0.0,0.019,0.017,-0.15850871499751773,0.20957907720898075,0.007493598025964377
293,1057,100.0,60.0,70.0,148310.0,10250.0,3.0,5.0,0.032,0.062,-0.19278024559912715,0.7236787857181717,0.16959333435167748
295,240,50.0,20.0,50.0,36290.0,-2960.0,1.0,0.0,0.029,0.022,-0.1443563799328268,-0.46787263223594094,-0.23308534992556337
296,593,,,,158440.0,-6900.0,1.0,1.0,0.027,0.023,-0.015122051001318026,0.30898616368503345,0.21938174170125085
298,315,60.0,30.0,70.0,,,1.0,1.0,0.038,0.044,-0.13520621081350143,-0.11255152506913106,-0.06990740282124734
299,1623,40.0,20.0,40.0,472420.0,34550.0,1.0,1.0,0.006,0.005,-0.12087877271770621,0.1422071061952198,0.008973884939815435
300,337,,,,,,1.0,1.0,0.033,0.022,0.3310126202153404,0.18518773295403673,0.13497717537025578
301,179,40.0,30.0,70.0,,,0.0,0.0,0.032,0.029,0.05073622614628333,0.1333305134302073,-0.04763340515519057
302,1039,100.0,60.0,60.0,193990.0,17330.0,3.0,5.0,0.039,0.059,-0.07390261926919112,0.25972838001233867,-0.04517252539657786
303,86,,,,,,0.0,0.0,0.045,0.058,0.002133485947900693,0.18790141375290048,0.102795177682427
306,129,50.0,30.0,70.0,27330.0,150.0,0.0,0.0,0.008,0.005,0.3752249539994781,0.0403319428805565,0.06494875572105446
307,398,90.0,50.0,60.0,,,0.0,0.0,0.004,0.004,0.27045687400490837,-0.6698097996660193,-0.2320602401139513
308,278,70.0,40.0,40.0,,,1.0,3.0,0.064,0.122,-0.5839479322222207,0.1025728388066725,-0.07122991132139213
309,1682,40.0,30.0,50.0,1559420.0,82370.0,4.0,2.0,0.025,0.013,-0.19092338495229155,0.6593602585108066,0.23339959103988622
310,63,50.0,30.0,40.0,,,0.0,0.0,0.017,0.024,-0.2204691483793016,0.2233272890433855,0.12425917811453026
312,210,40.0,30.0,40.0,,,1.0,1.0,0.083,0.04,-0.09849132525982056,-0.08748324375251784,0.021291199412180037
313,453,20.0,10.0,30.0,,,2.0,2.0,0.048,0.046,0.17585162251527603,0.5521795419242447,0.1026966753249676
315,478,40.0,30.0,60.0,,,1.0,2.0,0.036,0.041,0.05257125435095261,-0.19676357568388442,-0.03469548825810173
316,1429,30.0,20.0,40.0,461080.0,43600.0,4.0,5.0,0.037,0.042,0.43729423666632106,-0.08993531867888568,-0.04040291169613365
317,628,,,,143550.0,17310.0,2.0,1.0,0.037,0.025,-0.4275887117277658,-0.2655070046549629,-0.04093472605740944
322,186,70.0,30.0,70.0,44250.0,-3920.0,0.0,0.0,0.008,0.009,-0.21780886545086725,-0.17336480283193054,0.028519432672396428
323,951,,,,,,2.0,2.0,0.026,0.02,0.3410294084908414,0.04748921478601263,0.08055088083307282
324,150,70.0,30.0,50.0,65890.0,-1240.0,1.0,1.0,0.047,0.064,-0.30526982905247346,0.2749368195337844,0.03319344061046699
325,1016,40.0,20.0,50.0,,,0.0,0.0,0.004,0.004,-0.12699255289014116,0.40551027418924496,0.08082835984770452
326,1061,40.0,30.0,50.0,112210.0,18200.0,3.0,2.0,0.036,0.019,0.16905654975700482,-0.5020865562721787,-0.048779064529736654
327,310,60.0,40.0,60.0,37440.0,340.0,1.0,1.0,0.04,0.037,-0.12958686960221721,-0.3008938946581,0.020494518407363157
328,169,60.0,40.0,50.0,4760.0,600.0,1.0,0.0,0.04,0.026,0.526217746193539,-0.5066788109682576,-0.06457867850933736
329,1237,,,,,,2.0,1.0,0.021,0.013,-0.057493988013478825,-0.7531873022831804,-0.0599744459898046
331,508,40.0,20.0,50.0,59740.0,7120.0,5.0,5.0,0.114,0.111,-0.1481567708035642,-0.05546776936107477,0.003075844983398801
333,1250,,,,157240.0,10840.0,1.0,0.0,0.008,0.004,-0.15606845707902633,-0.00238215051077649,0.03482551942441993
334,445,50.0,40.0,60.0,180950.0,14040.0,1.0,1.0,0.021,0.04,-0.09068265160912238,0.04219409568704785,0.09795767588824268
336,958,40.0,20.0,40.0,419890.0,53790.0,1.0,1.0,0.016,0.01,-0.026060071574334404,0.2126056607914458,0.06445606743629884
339,347,30.0,20.0,40.0,309920.0,49570.0,1.0,1.0,0.039,0.045,0.06703292682119921,0.27661987168403773,0.04412974994234102
340,312,60.0,30.0,50.0,,,1.0,0.0,0.027,0.015,-0.25025670563697333,-0.4636832203283633,0.11504019079343539
345,4066,,,,,,19.0,10.0,0.055,0.029,0.006828431659195895,0.33455948708625016,0.244530959771259
347,822,,,,225520.0,54560.0,3.0,4.0,0.046,0.054,-0.4061102244083608,-0.10077237021914569,-0.033686347227044194
348,910,40.0,20.0,40.0,,,2.0,2.0,0.025,0.022,-0.1805466668813741,0.14344492044238427,-0.0797215724725283
350,654,,,,,,0.0,0.0,0.003,0.002,-0.06034354632655316,0.7255308437415178,0.14180857262728264
351,212,,,,,,2.0,1.0,0.107,0.074,0.047866136178692946,0.16897692822361665,0.1337534840619236
353,740,,,,155060.0,28430.0,2.0,4.0,0.035,0.058,-0.027660126583920752,0.1324103250916249,-0.02113008394343415
356,691,50.0,40.0,40.0,296080.0,-13990.0,1.0,1.0,0.014,0.023,0.07869661405388853,0.23618890023174238,0.09550130574800761
357,1240,,,,,,3.0,2.0,0.034,0.021,-0.20807909179691175,-0.3547282512740382,-0.051032524357078515
358,323,30.0,20.0,50.0,131180.0,9330.0,1.0,1.0,0.035,0.045,0.18977649317776635,0.006153470488572815,-0.0437429010687138
362,490,,,,,,3.0,4.0,0.062,0.109,-0.32772897181583405,-0.012279897087931313,0.15107611263354764
363,119,,,,,,1.0,1.0,0.064,0.088,-0.3293995982793205,0.22854251323399621,-0.06548344319478827
364,610,60.0,40.0,50.0,83280.0,2310.0,0.0,1.0,0.006,0.012,0.4032982880129066,0.04603666001658077,-0.05787106727906391
365,409,,,,,,2.0,3.0,0.049,0.09,0.4997166062770687,-0.15271336944116382,-0.08668034200966303
366,411,80.0,60.0,70.0,127330.0,44780.0,0.0,0.0,0.002,0.002,-0.5206611305809984,-0.05482404867780577,0.18596271283148225
367,1105,,,,411160.0,6320.0,3.0,5.0,0.033,0.05,-0.08854198633609246,0.4668193214029616,0.14393753877467136
368,1207,40.0,20.0,40.0,2557870.0,100820.0,10.0,33.0,0.101,0.333,0.06721348460538233,0.4620556256241749,-0.0026332366687410666
369,79,30.0,10.0,40.0,21010.0,3770.0,0.0,0.0,0.016,0.012,0.2719376814804499,-0.1407530951315593,-0.09803912740100196
370,146,80.0,40.0,80.0,24710.0,3790.0,0.0,0.0,0.038,0.037,0.35258184205719817,0.5979207891786833,0.05234117365462182
373,2678,,,,,,14.0,17.0,0.065,0.076,-0.13730551118958334,0.4706095269742855,0.1610134758932179
374,1013,,,,,,1.0,1.0,0.01,0.016,0.3448491900872417,0.19712715924208674,0.0632189621025595
378,451,70.0,40.0,80.0,259060.0,-10550.0,0.0,0.0,0.005,0.006,0.11979299035466458,0.04303353188101912,0.08410802747250037
379,154,70.0,40.0,40.0,,,2.0,2.0,0.118,0.125,-0.056002307968678416,0.17735749853491412,-0.06864847909897295
387,387,30.0,10.0,30.0,121830.0,-10220.0,2.0,1.0,0.057,0.031,-0.3409696367440529,0.4253133071130272,0.1620171130388651
388,671,70.0,50.0,60.0,,,9.0,5.0,0.153,0.085,-0.12354057038770148,-0.06368783811615028,-0.01748311689637868
389,1455,50.0,30.0,50.0,,,7.0,13.0,0.054,0.108,0.13588849888393378,0.22763352388806085,0.12077601565858802
390,377,70.0,40.0,50.0,,,2.0,2.0,0.066,0.07,0.1123689258705243,-0.10204749124181889,-0.05406927302349726
391,205,,,,,,0.0,0.0,0.013,0.006,-0.12170242788359288,-0.1355700700641672,-0.11200182993062938
397,1168,90.0,60.0,60.0,188950.0,35230.0,8.0,3.0,0.079,0.036,-0.006325981345183293,-0.21977783193609945,-0.10297928105474916
402,428,50.0,20.0,40.0,,,2.0,1.0,0.056,0.034,-0.07648331082846006,0.019818198609594273,0.16783584144085079
403,206,,,,51140.0,4080.0,1.0,1.0,0.039,0.054,0.3188868779517691,-0.09296068169307314,0.014173724568092964
405,2632,50.0,30.0,60.0,,,6.0,8.0,0.028,0.037,0.28820070485961635,-0.32981196847459354,0.03746851140804892
406,1641,60.0,30.0,60.0,303190.0,-7370.0,4.0,6.0,0.032,0.042,0.14857676058017932,0.5543791948980467,-0.005054248600055933
408,293,50.0,30.0,40.0,,,1.0,1.0,0.024,0.021,-0.05451508039444329,-0.3491145976243605,-0.13941676400536557
412,266,70.0,40.0,50.0,,,0.0,0.0,0.018,0.02,-0.08170088385176104,0.08772723943065858,-0.10784268647658052
413,289,,,,,,1.0,1.0,0.041,0.03,0.44599048530392005,0.5202352024067334,0.1365293579473528
414,368,50.0,30.0,50.0,,,2.0,5.0,0.057,0.15,0.5251564698338019,-0.1172575332458092,0.035765398061942726
416,740,,,,419560.0,-16340.0,2.0,2.0,0.038,0.037,0.36989850352000975,0.13009200370960516,-0.01057162693494685
417,908,60.0,40.0,60.0,,,1.0,1.0,0.016,0.01,-0.2881124027882209,-0.33358932704598027,-0.018309830940287618
418,187,,,,,,0.0,0.0,0.011,0.008,0.2769268233025906,0.05790475629917173,-0.057419125358220774
419,140,50.0,30.0,40.0,39350.0,1650.0,1.0,1.0,0.052,0.092,0.4637350200902463,0.2528777568407404,0.011450340383616288
420,3092,80.0,50.0,70.0,1296450.0,74080.0,15.0,9.0,0.058,0.035,-0.06508248836844897,0.05388856454791688,0.010007242531115765
421,1053,50.0,20.0,50.0,,,3.0,8.0,0.035,0.086,0.2725906078628518,-0.022646323858535544,-0.04812617473349309
423,268,70.0,40.0,60.0,,,0.0,0.0,0.015,0.012,0.16686662634767815,0.1624341275534046,0.09875019672275687
425,110,30.0,20.0,40.0,5390.0,540.0,0.0,0.0,0.018,0.021,0.0943561588245445,-0.2711742306388962,-0.051098408014399535
430,91,90.0,60.0,70.0,,,0.0,0.0,0.01,0.011,-0.012937325752626308,0.23973020179425464,0.02315139445268866
432,272,50.0,30.0,60.0,,,0.0,1.0,0.021,0.031,0.08666577634783344,0.3291441045256558,-0.07725357339827538
433,403,60.0,30.0,50.0,173090.0,-2530.0,2.0,3.0,0.065,0.084,0.256022313591123,0.3241332569081914,0.10865869105638983
434,774,50.0,20.0,40.0,225900.0,-17890.0,0.0,0.0,0.004,0.002,-0.14049297946869277,-0.07670026714561537,-0.11134090740173935
435,883,,,,,,2.0,1.0,0.033,0.019,-0.0821478249579932,-0.26501692271531146,0.019279895352910033
436,334,70.0,50.0,60.0,47700.0,10180.0,0.0,0.0,0.006,0.005,-0.21698555411751425,-0.0890290780001645,0.0622532036694259
437,192,,,,,,1.0,1.0,0.034,0.051,-0.06581133041045552,-0.2262796237669506,0.0495150827539186
438,3159,60.0,40.0,50.0,,,5.0,12.0,0.018,0.044,0.12326874150159134,0.5658563758392733,0.17842135332698822
439,108,40.0,20.0,30.0,,,0.0,0.0,0.004,0.004,-0.22532886777522854,0.15387193238994337,-0.09229186552515961
442,372,50.0,30.0,40.0,,,0.0,0.0,0.01,0.013,0.2774471670052844,0.3426144403941077,-0.06416662644409712
443,1325,,,,943930.0,236100.0,3.0,2.0,0.024,0.021,0.008588240131456863,-0.10032898232857998,-0.12739918678420695
444,178,50.0,30.0,50.0,27780.0,3830.0,0.0,0.0,0.009,0.015,0.3598873765573435,-0.5672973314432774,-0.10920301844505165
445,50,30.0,10.0,40.0,,,0.0,0.0,0.007,0.004,0.29007460836934823,0.46885755891873193,0.0879276450892936
446,672,,,,,,1.0,1.0,0.011,0.011,0.010200042577588692,0.11800106095237876,0.018783618597228435
450,346,60.0,30.0,60.0,,,0.0,0.0,0.015,0.014,-0.05725090390740567,-0.37073403639047253,-0.027574405946609433
452,1519,,,,,,1.0,0.0,0.004,0.003,0.02987601223276872,-0.29037317898644616,-0.010295319227474994
453,249,30.0,20.0,30.0,82060.0,-1400.0,0.0,0.0,0.014,0.005,0.32657214895740483,-0.36028832364565644,0.0656063667667579
454,315,60.0,40.0,60.0,55870.0,4130.0,1.0,0.0,0.026,0.019,0.2883573294725505,-0.0395743860867912,0.21182827329249446
455,948,60.0,40.0,70.0,,,2.0,3.0,0.028,0.034,0.27826030270355634,0.13632781687371323,0.0467878569221033
457,320,,,,,,2.0,2.0,0.061,0.058,0.06962609371959787,-0.012828617400840153,0.0991043898918635
459,507,50.0,30.0,50.0,23800.0,1600.0,3.0,3.0,0.073,0.067,0.07159602842489149,0.18263091289407635,-0.1374515524634843
460,4404,30.0,20.0,30.0,,,22.0,22.0,0.06,0.06,0.17468043172299805,0.4135099352093531,-0.002221537161665975
462,277,,,,38950.0,-70.0,0.0,0.0,0.005,0.004,-0.276425846623698,-0.5987793722763688,-0.27890389139688576
463,3065,40.0,30.0,50.0,,,1.0,1.0,0.006,0.005,0.13275975539802587,-0.36220012392766765,0.07558440737642375
464,111,50.0,20.0,60.0,,,0.0,0.0,0.028,0.026,-0.1944816996056083,-0.023712182343829512,-0.022854003747884884
465,1767,60.0,30.0,50.0,238260.0,44560.0,13.0,19.0,0.091,0.127,-0.12783218846240307,0.08706350199131696,0.054131371019155695
466,327,50.0,30.0,70.0,,,0.0,0.0,0.01,0.008,-0.05636816970821991,0.20025678589184503,0.01128353435658572
467,930,60.0,40.0,60.0,,,5.0,12.0,0.066,0.16,0.3884516088735966,-0.17338464558350222,0.08068629524514162
468,555,,,,,,1.0,1.0,0.016,0.014,-0.06467527068734687,0.0983914163823802,0.09812618044436534
471,255,60.0,40.0,60.0,,,1.0,2.0,0.029,0.08,0.06504780804132052,-0.20946882162205296,-0.03830986990385961
472,636,60.0,30.0,60.0,77550.0,230.0,0.0,0.0,0.006,0.007,-0.1540356215769667,0.4330350536591,0.2184021779904093
473,196,60.0,40.0,60.0,,,0.0,0.0,0.018,0.018,-0.05764636466183212,0.18702020738524874,0.053926592651411046
476,1420,,,,1666730.0,84710.0,6.0,9.0,0.053,0.079,-0.19089131433632994,0.2837190457093364,-0.018838921650229837
477,1735,80.0,50.0,60.0,,,4.0,3.0,0.03,0.023,0.09348614933727425,0.048064096074406655,0.03208084415607067
479,293,,,,577880.0,51210.0,1.0,1.0,0.045,0.061,0.24741895957369675,0.3216532691485514,0.15794983490863962
480,1175,70.0,50.0,50.0,392400.0,-67130.0,2.0,3.0,0.023,0.029,0.2106453534113854,0.084505697763915,0.10977596240272988
481,414,40.0,20.0,40.0,,,0.0,0.0,0.002,0.003,-0.23238633598228325,0.2716836425872206,0.02918786644086964
482,323,,,,,,1.0,0.0,0.021,0.012,0.08335270933191466,0.598449498771208,0.24842957831123968
483,591,50.0,30.0,50.0,,,1.0,1.0,0.029,0.016,-0.26805757399761426,0.6909580336592135,0.17698125610937926
486,696,,,,145290.0,14180.0,4.0,6.0,0.065,0.1,0.20577040744954844,0.11967861473799873,0.05667395214466285
487,374,50.0,30.0,40.0,91680.0,11510.0,1.0,2.0,0.045,0.059,-0.03127298213969418,-0.4220698774139208,0.028208598672630213
488,499,60.0,40.0,60.0,,,1.0,1.0,0.025,0.031,0.15406523060425953,0.21308065044639993,-0.08312935521688031
489,332,50.0,30.0,60.0,,,1.0,1.0,0.053,0.038,0.04322769890198243,-0.3617607366043582,-0.05774343349183236
491,478,80.0,50.0,80.0,,,2.0,1.0,0.049,0.02,0.06332391822678542,0.44829848382899723,0.16757515662185918
492,1252,40.0,20.0,40.0,,,2.0,3.0,0.02,0.027,0.008097841479847281,0.3117572499773056,0.04143812607074702
493,530,60.0,30.0,60.0,,,1.0,1.0,0.016,0.026,-0.4372861325783296,-0.036750960667713495,0.11439921245448462
494,672,70.0,30.0,50.0,66930.0,5060.0,2.0,2.0,0.03,0.04,0.21735366842057058,-0.3384713266550513,-0.004955084842786749
496,228,,,,119940.0,-4340.0,1.0,0.0,0.034,0.013,0.20773293802351933,-0.11251604011532022,-0.03692982679536999
500,576,40.0,20.0,60.0,83190.0,1760.0,3.0,2.0,0.058,0.044,0.007439284451275313,0.10441598952078143,0.03487620698695917
502,761,70.0,50.0,80.0,810330.0,81110.0,2.0,2.0,0.039,0.026,-0.2968949315436609,0.20106367216497528,0.1631548109973159
503,2181,30.0,10.0,30.0,,,8.0,13.0,0.045,0.07,-0.10159755707297975,0.32732573447011215,0.16963411570098327
505,503,80.0,40.0,50.0,,,2.0,4.0,0.054,0.084,-0.07843285014575736,-0.2313286962252137,-0.04328609542842225
506,366,50.0,30.0,50.0,176770.0,1350.0,0.0,0.0,0.014,0.016,0.5783420163460653,-0.07154581794374842,0.051344337347230325
507,51,40.0,20.0,40.0,,,0.0,0.0,0.028,0.032,0.17597761327579864,-0.1765723704322409,0.08061061135712243
510,185,,,,9220.0,2210.0,0.0,0.0,0.028,0.013,-0.05559261012724759,0.14163093053729398,-0.02356332252963142
515,369,50.0,30.0,50.0,,,1.0,2.0,0.043,0.063,0.28770066331701755,-0.04225557545000683,-0.021535291561010937
516,371,60.0,30.0,50.0,,,5.0,4.0,0.17,0.133,0.1484924904329159,-0.02241704635311404,0.03386047896638424
518,1010,40.0,20.0,50.0,517530.0,16220.0,3.0,3.0,0.039,0.037,0.25145498265436467,0.0048810392433066285,-0.021129489065928563
521,181,,,,13440.0,1990.0,0.0,0.0,0.021,0.015,-0.2877594567102532,-0.3604088686112232,-0.06506509614189335
522,936,50.0,30.0,50.0,331580.0,-32230.0,5.0,4.0,0.069,0.05,-0.0296839499235709,0.23776905633955212,0.13026034908713052
524,866,40.0,30.0,40.0,,,1.0,1.0,0.009,0.01,0.2728227546812986,0.26527818534879355,0.06804383497927755
528,179,60.0,40.0,60.0,,,0.0,1.0,0.023,0.043,0.16363347143689694,0.3590041678445598,0.12728829147936224
529,313,70.0,50.0,70.0,149470.0,14680.0,2.0,3.0,0.086,0.124,0.16139075098810454,-0.311235336093571,-0.1542036740250783
531,148,60.0,40.0,70.0,,,0.0,0.0,0.012,0.011,0.12171137311230121,0.7191252751590408,0.2816456378949338
532,1416,70.0,40.0,50.0,99000.0,13780.0,7.0,9.0,0.063,0.076,0.22583755833792568,-0.2638470610442416,-0.021133150723363088
533,419,50.0,30.0,40.0,,,2.0,2.0,0.052,0.044,0.1096846808348492,0.4527281136504243,0.22807878830778264
534,89,40.0,20.0,50.0,,,0.0,0.0,0.035,0.018,-0.05698813272727611,0.5157825872370065,0.20003849888070566
535,1545,40.0,30.0,40.0,163460.0,-11640.0,2.0,3.0,0.015,0.026,0.03977925762826418,0.2731740571351223,0.01946364185065979
537,465,,,,80410.0,-7060.0,1.0,3.0,0.038,0.066,0.18719142508225678,-0.15645953060662576,-0.03503315134921825
539,1699,100.0,50.0,80.0,,,1.0,1.0,0.009,0.005,-0.18059695854641328,0.1367460435750078,0.04687408823734647
540,755,50.0,30.0,60.0,234650.0,-2450.0,3.0,6.0,0.056,0.093,-0.19836169361805955,-0.1794410813871825,0.0927895822061313
541,84,60.0,40.0,60.0,9650.0,-1330.0,0.0,0.0,0.042,0.034,-0.18252022429127707,-0.06690301910324922,-0.08938544407833196
542,910,90.0,50.0,70.0,,,11.0,21.0,0.142,0.271,-0.0065254629161473135,-0.40037301273559833,0.07358074956991328
544,754,80.0,40.0,70.0,,,4.0,12.0,0.064,0.196,0.009110101373659668,0.10447692088437296,0.09860897151884922
545,286,,,,,,0.0,0.0,0.007,0.006,-0.037351584554432146,0.22439502190274718,-0.04013247857380757
547,887,100.0,50.0,70.0,,,1.0,1.0,0.013,0.018,0.11813899042575977,0.36079047819242593,0.05760756008534386
548,707,,,,68750.0,-310.0,2.0,1.0,0.032,0.023,-0.1464793577340175,0.05180890693262384,0.02355010045852253
549,373,50.0,30.0,60.0,114210.0,2430.0,0.0,0.0,0.011,0.006,-0.36494669328328694,-0.28707019532162253,0.05072161923922178
550,413,70.0,40.0,60.0,,,1.0,1.0,0.024,0.032,0.2737613699009839,-0.24787358734148732,-0.07041766714218706
551,470,60.0,40.0,50.0,266740.0,-9490.0,0.0,0.0,0.008,0.01,0.07555994893109855,0.1147109585908606,-0.03648761645103421
552,204,40.0,30.0,60.0,,,0.0,1.0,0.029,0.039,0.360874513945406,-0.2079732710134115,-0.009540476152307346
553,558,100.0,60.0,60.0,,,2.0,1.0,0.053,0.027,0.31560501066933827,0.025612822265589003,-0.001734602827534612
555,7,,,,,,0.0,0.0,0.039,0.062,0.371760663040013,0.18469298848041293,0.13098580751673145
556,502,,,,327740.0,2570.0,1.0,1.0,0.034,0.032,-0.5202192440766127,-0.368151700494899,0.047835506401761374
557,462,80.0,40.0,60.0,,,1.0,1.0,0.021,0.034,-0.07167902080053398,0.08437767184378216,0.0699587411208274
558,144,50.0,30.0,60.0,,,1.0,1.0,0.053,0.085,-0.24373227502775457,0.2603319481018589,0.08033992584778747
560,1285,80.0,40.0,60.0,,,5.0,10.0,0.047,0.091,0.0822959117270842,1.0219954194725294,0.08926069643060369
562,155,,,,34170.0,2820.0,0.0,0.0,0.013,0.013,0.34143171846017256,0.07440539516003815,-0.042593495630052006
564,723,,,,75030.0,-3840.0,12.0,20.0,0.205,0.324,0.30571264704522594,0.1970271420413034,0.047519806231517886
566,244,50.0,20.0,80.0,,,1.0,1.0,0.028,0.059,0.10698348474184732,-0.34957985424071325,-0.06436677604221201
567,137,,,,,,0.0,0.0,0.015,0.03,0.22188679389514382,0.12921025888807397,-0.026383151014457894
569,626,70.0,50.0,60.0,,,1.0,2.0,0.028,0.034,0.07815244840962901,-0.4563727118656862,-0.08650996343304979
570,176,,,,25720.0,660.0,0.0,1.0,0.031,0.046,-0.011606136980256011,0.48724892669047815,0.22832921914586066
573,164,100.0,50.0,50.0,28440.0,-170.0,1.0,0.0,0.039,0.023,0.05992109262364588,0.08620890515617183,0.012940804705081733
575,387,60.0,30.0,50.0,,,1.0,1.0,0.031,0.022,0.036243030803702544,0.4609089437729379,0.06950482617197293
576,231,40.0,20.0,40.0,295640.0,-2630.0,1.0,1.0,0.032,0.028,0.23794254305536927,-0.588129060665444,-0.04446949560084218
578,356,,,,155500.0,24420.0,1.0,0.0,0.022,0.013,-0.10353901109789491,-0.09767392862112834,-0.05201519699266881
579,111,80.0,50.0,70.0,,,0.0,0.0,0.052,0.052,-0.1372676251805287,0.2495148437306724,0.03684878604923192
582,276,,,,,,1.0,0.0,0.024,0.012,-0.31027845409684135,-0.07455028179757667,-0.1136116854430913
583,297,,,,18440.0,-930.0,1.0,1.0,0.047,0.058,0.13231282232490055,0.021896885250865805,-0.08197440029834474
586,937,,,,,,7.0,4.0,0.086,0.057,-0.08740769201520925,-0.07905101870665676,-0.10223410319442
588,2113,70.0,40.0,50.0,,,6.0,5.0,0.034,0.029,0.3641746543476849,0.1471229194475981,0.10226756326542998
589,216,110.0,50.0,70.0,,,1.0,1.0,0.04,0.049,-0.07905311992457846,-0.17770877920025707,-0.12185899744417247
590,120,,,,,,0.0,0.0,0.018,0.007,0.24765116249676744,0.2191164300759071,0.12570955361069044
594,2319,,,,1316890.0,-50920.0,14.0,22.0,0.072,0.115,0.029283136624618258,-0.18351316150211905,0.08748643378292385
596,645,60.0,30.0,50.0,,,0.0,0.0,0.002,0.003,0.04850729664859395,0.19000384642026633,0.07163893510348389
599,2433,,,,1789510.0,180090.0,7.0,11.0,0.034,0.054,0.20636764551264447,-0.09061306989431267,0.1447455122555062
601,148,,,,,,0.0,0.0,0.018,0.023,0.15671880282464745,-0.32172341629127493,-0.08650063576350756
603,218,60.0,30.0,70.0,71140.0,13110.0,0.0,0.0,0.021,0.012,-0.12433950931828848,0.26559263244827436,0.13675311325203196
606,137,30.0,20.0,30.0,,,0.0,0.0,0.014,0.016,0.1517890911966342,0.021933161567054757,0.040483666053114827
608,436,40.0,30.0,30.0,205430.0,27920.0,2.0,2.0,0.053,0.062,-0.12331169729314444,0.3525463283245922,0.05504194067876943
610,2966,,,,1548930.0,-238760.0,10.0,5.0,0.039,0.019,-0.05713972189161076,0.3132798027233974,0.06692544889221791
611,127,,,,22560.0,1200.0,0.0,0.0,0.002,0.002,-0.11059081087448712,0.32027033429386903,0.20454511258697156
614,497,80.0,50.0,50.0,73720.0,12840.0,2.0,4.0,0.048,0.095,0.5047977635057352,0.503533287545959,0.28213962323268604
616,714,90.0,50.0,50.0,,,1.0,1.0,0.012,0.014,0.14969073286259094,0.16286838713965854,0.03596003328069247
617,343,60.0,40.0,60.0,,,1.0,2.0,0.038,0.054,0.036764096523927786,0.3595588574685586,0.011062807662469962
621,219,30.0,20.0,50.0,,,0.0,0.0,0.002,0.002,0.2630039184249705,-0.2786506412977441,0.02214161153410143
626,111,,,,,,0.0,0.0,0.045,0.033,-0.1727697449411389,0.30235850209777415,0.16103335477533592
627,199,50.0,20.0,50.0,,,1.0,0.0,0.067,0.028,-0.2159773058536965,-0.09643356821371084,-0.0983560259977613
630,177,,,,11290.0,-170.0,0.0,0.0,0.014,0.006,0.17901929006761713,0.12869212765833257,0.06562642495456655
631,138,,,,27080.0,1080.0,0.0,0.0,0.023,0.024,-0.12201729481735281,-0.2557323988470205,-0.009050087816848122
632,883,70.0,30.0,70.0,83260.0,5860.0,7.0,6.0,0.096,0.083,0.39262656869173224,-0.28586360234228,-0.007918079151008735
633,474,,,,,,0.0,0.0,0.008,0.005,-0.020940274336909773,0.07512196208907439,-0.029300943032454715
634,521,,,,,,0.0,0.0,0.005,0.004,-0.2381498582561104,0.0842334247226527,0.09508784512324284
635,1225,60.0,30.0,50.0,557790.0,-26550.0,4.0,4.0,0.038,0.038,-0.021643272708155303,-0.07903735173692528,0.05399547457246105
636,160,,,,60220.0,1430.0,0.0,0.0,0.025,0.017,0.2651150577884656,0.4589637966760592,0.2518333430815949
638,159,,,,,,1.0,2.0,0.087,0.134,0.40522167276056464,0.13483585348085197,0.06669606994504793
640,1215,70.0,40.0,70.0,,,1.0,2.0,0.011,0.015,0.06913738933859004,0.3738072842728239,0.09653435942366535
641,112,,,,,,1.0,1.0,0.117,0.112,-0.052430151216989795,-0.23347900011868983,-0.05006010412633341
642,4377,120.0,80.0,70.0,,,5.0,8.0,0.013,0.022,0.2682207065321503,0.19809074854338063,0.06379658738213628
643,3933,90.0,50.0,70.0,1097410.0,-57920.0,7.0,17.0,0.021,0.051,0.14249993750804768,0.15869307133570462,0.15273698738470518
645,790,110.0,70.0,60.0,518170.0,43510.0,3.0,3.0,0.041,0.047,0.1595223198945419,0.35451894635184766,0.08539787275693841
647,540,,,,56130.0,2320.0,3.0,1.0,0.064,0.029,-0.4825295623218035,0.3691677486719011,0.03931585807223664
650,327,50.0,30.0,50.0,,,0.0,1.0,0.017,0.039,-0.05705709708349789,-0.16071179100423624,-0.02214476530331152
651,1240,40.0,20.0,30.0,,,8.0,4.0,0.077,0.035,-0.5383947257296378,-0.20244764689173717,0.06679430356981175
653,2331,60.0,30.0,60.0,728380.0,27200.0,3.0,6.0,0.015,0.032,-0.2692963405873615,-0.12083264257282966,0.1519854354077966
654,132,50.0,30.0,50.0,,,1.0,1.0,0.058,0.053,-0.4474490752004511,0.1979697296610379,0.026924983886553212
655,2379,,,,,,6.0,7.0,0.029,0.033,-0.2308975217225016,0.15642117133851868,0.046975859461559674
656,289,40.0,20.0,50.0,,,1.0,0.0,0.027,0.015,0.16058794625260692,0.244787985151908,0.047559539702448285
657,69,90.0,60.0,60.0,8520.0,-20.0,0.0,0.0,0.05,0.069,-0.016517530503895525,0.21591975205697989,0.1313498689476272
658,541,30.0,10.0,40.0,64590.0,-6660.0,1.0,1.0,0.016,0.011,-0.018394686673532418,-0.34872135421416656,-0.04803809694449804
659,1948,,,,234680.0,21350.0,19.0,31.0,0.115,0.194,-0.09779670882550155,-0.06870488321183711,-0.0187600970982581
660,365,110.0,50.0,60.0,79500.0,4260.0,0.0,1.0,0.016,0.017,-0.1519280447873705,0.5151369109413303,0.23282852693421685
661,382,50.0,40.0,60.0,,,2.0,1.0,0.066,0.039,0.3815528196202522,-0.193502650453304,-0.04124192827721747
662,336,60.0,30.0,60.0,,,1.0,1.0,0.033,0.026,0.18068196093891642,0.37338309888329807,0.06974041921598216
663,27,,,,,,0.0,0.0,0.033,0.038,-0.02104776703435693,0.5697274804480671,-0.03570137014101861
665,2435,40.0,20.0,50.0,,,2.0,1.0,0.008,0.006,-0.1836982456484193,0.29305619475947187,0.006178862182764238
666,1560,,,,995180.0,62470.0,5.0,7.0,0.037,0.054,-0.11601842635810304,-0.3119986960052912,0.056927355427424775
667,482,50.0,30.0,60.0,241230.0,-2720.0,0.0,0.0,0.011,0.009,0.21309589964396325,0.08796817081298938,0.062010034244267695
670,1715,70.0,40.0,50.0,210030.0,51250.0,3.0,3.0,0.024,0.018,0.17930538300908305,-0.3781606352994772,-0.0007547695741861385
671,745,,,,309760.0,820.0,6.0,7.0,0.091,0.109,0.09171738059293584,0.19948736803669345,0.050599400015696794
674,444,,,,,,1.0,3.0,0.038,0.084,-0.24948294513453761,-0.20893082755790893,-0.03972269272199898
675,164,40.0,30.0,30.0,,,0.0,0.0,0.017,0.034,0.08525060053014563,-0.09527447232034023,-0.03776939044084589
676,652,50.0,30.0,60.0,,,1.0,1.0,0.024,0.022,-0.14426246276379595,-0.3101947685064447,-0.03884689798580761
677,2770,70.0,40.0,60.0,,,0.0,0.0,0.002,0.002,0.21795716456167585,0.28650769248350344,0.13778675337666665
678,2729,,,,,,3.0,3.0,0.014,0.012,0.06460353180697961,-0.033090787793193764,0.023724297128970232
679,651,50.0,30.0,60.0,,,2.0,1.0,0.028,0.027,-0.04411469367956489,-0.009295596312809518,0.1508929637035829
680,113,80.0,40.0,60.0,16890.0,3100.0,0.0,0.0,0.022,0.016,0.2728264733081908,-0.062259174527619726,-0.048093332471207714
681,889,60.0,40.0,70.0,,,2.0,1.0,0.02,0.019,-0.1754661034515988,-0.357665435982393,0.050317948498416684
684,142,,,,,,1.0,1.0,0.047,0.065,-0.06157672776096475,0.6257689861758889,0.15522237999016203
686,433,,,,,,1.0,1.0,0.04,0.018,-0.1297498441726856,0.10169875302478078,-0.042925651746566595
687,995,,,,1065260.0,335990.0,3.0,5.0,0.041,0.057,0.1202515294260085,0.25523797155895017,0.09008142429337701
688,428,70.0,30.0,60.0,36900.0,1430.0,1.0,1.0,0.038,0.032,0.16847394263001408,0.14126540552822728,0.02179234291042435
689,50,40.0,20.0,40.0,,,0.0,0.0,0.025,0.02,0.1864299751812062,-0.11856572725232442,0.08423149117747385
690,603,90.0,50.0,70.0,,,3.0,3.0,0.06,0.051,-0.05269169775656475,-0.10269258999051714,-0.02372142758169736
691,736,60.0,40.0,60.0,,,1.0,1.0,0.016,0.012,-0.23197578650169193,-0.31963086657490636,-0.12665111320972514
692,766,,,,,,1.0,1.0,0.017,0.021,-0.3721476088894938,-0.31736914948596895,-0.05503198963706647
694,252,,,,41190.0,7780.0,0.0,0.0,0.011,0.009,0.19087550291009492,-0.27148358817485546,-0.1653990691274671
695,186,50.0,20.0,50.0,40180.0,4180.0,0.0,0.0,0.032,0.031,0.2501456337872543,-0.02032530772911187,-0.002557493036649018
696,794,,,,,,0.0,0.0,0.006,0.006,-0.31679097402038303,-0.03584821169868913,0.020379233685676436
699,1340,90.0,50.0,50.0,,,1.0,1.0,0.005,0.012,0.07368706424829043,-0.09916735056495773,0.02564535305092413
700,179,40.0,20.0,60.0,,,0.0,0.0,0.017,0.013,0.001145043040656081,0.3420754866544853,0.14108197608460268
701,1350,80.0,50.0,60.0,958900.0,137140.0,3.0,1.0,0.025,0.009,0.24642755747374828,-0.40155154418472716,-0.05742076086447398
702,744,60.0,40.0,60.0,388610.0,-37110.0,4.0,6.0,0.063,0.096,-0.0796583508594952,-0.20193027878197115,-0.03880699881610468
705,2526,60.0,30.0,50.0,294640.0,71150.0,12.0,6.0,0.055,0.031,0.3097753811364883,0.18271714082262216,0.005550145504004178
707,153,90.0,60.0,80.0,,,1.0,1.0,0.077,0.069,0.13508813277232207,-0.3357849265910815,-0.056631064504975986
708,337,,,,63090.0,-2410.0,1.0,1.0,0.031,0.037,0.5260142186723794,0.1572249895942944,-0.07868461113750519
709,401,,,,,,0.0,0.0,0.012,0.012,-0.2371628164306262,0.18754156847595022,0.06440931739491491
710,1839,80.0,50.0,60.0,772390.0,84940.0,5.0,3.0,0.032,0.017,0.03832591897483899,-0.647733629291493,0.006846681338688612
711,102,,,,,,0.0,0.0,0.015,0.019,0.37900227128485486,0.15029970741785734,0.06875912082314231
712,345,60.0,40.0,60.0,,,0.0,0.0,0.01,0.009,0.1427443957636596,-0.05463209107397622,0.052422504229968706
719,988,30.0,20.0,40.0,,,5.0,6.0,0.066,0.079,0.2730546947509695,-0.33078994778621773,0.025339770248226687
720,169,,,,46920.0,-8630.0,1.0,0.0,0.046,0.025,-0.01313540198864964,-0.09916024800055848,0.005310669306286084
721,624,40.0,20.0,30.0,238060.0,-2360.0,1.0,1.0,0.011,0.01,0.16524032039821962,0.3848267373433723,0.029994468927334036
724,1177,,,,235430.0,38910.0,3.0,5.0,0.03,0.054,0.38496516228319294,0.085320265001393,-0.0767688836184171
725,244,40.0,20.0,60.0,31130.0,540.0,1.0,1.0,0.039,0.071,-0.01935237171962942,-0.16245627121257128,0.04658933083911597
726,476,60.0,30.0,50.0,77210.0,-7850.0,5.0,11.0,0.127,0.287,0.28686366149334297,0.01857793566929583,-0.08137841230368056
729,1084,,,,,,3.0,4.0,0.031,0.043,0.18136384941228273,0.3530298338583683,0.04424058139939036
730,281,140.0,70.0,80.0,30710.0,2700.0,1.0,2.0,0.035,0.071,0.058914758713957106,0.009350546991814295,-0.0036566314194532643
731,598,40.0,20.0,50.0,,,4.0,4.0,0.082,0.077,0.07121684437082293,0.007344266550397058,0.01131711756580651
733,1075,50.0,30.0,50.0,,,2.0,2.0,0.022,0.017,0.30666926832148195,-0.12163761297711655,0.021829072102808114
734,160,30.0,20.0,30.0,217510.0,21050.0,0.0,0.0,0.006,0.007,-0.29147538855353466,-0.006083672165351792,-0.0008037565788021478
736,102,30.0,20.0,40.0,,,0.0,0.0,0.031,0.028,-0.20181878211576382,0.4572006520667671,0.12756077021578094
737,541,,,,50690.0,-3630.0,1.0,2.0,0.033,0.046,-0.09871078029262408,-0.03788457508574941,-0.05635935898221829
738,394,40.0,20.0,60.0,,,0.0,1.0,0.01,0.024,-0.13812436077867396,0.25038300814525843,0.22356337593124925
740,1085,,,,,,3.0,4.0,0.035,0.044,0.016155158425070863,0.3615792872406653,-0.04419359547462472
741,151,,,,51590.0,1320.0,0.0,0.0,0.006,0.017,0.32288564883676096,0.5951842411255552,0.10029568769607518
743,773,60.0,30.0,50.0,,,0.0,0.0,0.002,0.002,-0.1784303321384239,0.3276282756483625,0.0702879243034155
744,137,80.0,50.0,50.0,80790.0,3280.0,0.0,0.0,0.003,0.002,-0.09626112407405542,-0.20695860042455153,-0.08266181475585802
745,382,30.0,20.0,30.0,13800.0,2680.0,1.0,1.0,0.036,0.042,-0.3513288540013319,-0.05108716405416951,-0.03325398539680288
749,3414,60.0,40.0,60.0,,,9.0,6.0,0.032,0.021,0.15840912740427693,0.2844927742440095,-0.01381791140715654
750,498,80.0,40.0,70.0,,,1.0,1.0,0.018,0.031,0.12528393346111638,-0.6633444851816801,-0.12410277330466069
751,217,,,,,,0.0,0.0,0.018,0.014,-0.021714114205452495,0.1506422202295582,0.05964284382813276
752,188,30.0,20.0,30.0,60060.0,7800.0,1.0,2.0,0.061,0.119,0.041701462886884394,-0.08520447544995541,-0.09973408758856861
753,384,,,,,,3.0,2.0,0.101,0.07,0.06749435293988064,-0.30098733368529695,-0.07071277135443468
754,346,70.0,50.0,60.0,164090.0,7460.0,1.0,0.0,0.029,0.007,0.20951086061222607,0.7185297828851098,0.17557893972982774
755,657,40.0,20.0,40.0,,,1.0,1.0,0.013,0.01,0.006318471758251815,0.05739387906593524,-0.1195094842480385
758,5564,80.0,50.0,70.0,,,9.0,5.0,0.019,0.012,0.002358823390942545,0.453305758290927,-0.04554261186478459
759,36,,,,,,0.0,0.0,0.011,0.01,0.33216754669234105,-0.25527021496178814,0.009753464649152187
760,382,60.0,30.0,60.0,69370.0,460.0,0.0,0.0,0.002,0.002,0.5852322230285621,0.4004649329073603,0.11321580274419096
762,534,110.0,50.0,60.0,22780.0,1850.0,4.0,5.0,0.084,0.11,0.14445209933842224,0.25424249511638697,-0.09509666174568845
763,68,70.0,50.0,70.0,,,0.0,0.0,0.075,0.045,0.20625573443511547,0.05003627960468761,-0.03770868663638388
765,310,20.0,10.0,30.0,,,0.0,0.0,0.007,0.007,-0.05733051667708218,-0.09308939203987834,-0.14428177205719203
767,9570,60.0,30.0,40.0,,,44.0,102.0,0.055,0.127,0.20925672642964105,-0.020593970263420303,0.10896289589352516
768,1085,,,,343580.0,19100.0,2.0,4.0,0.022,0.042,-0.13656403586207644,0.20980753002530933,0.1734355974191383
769,746,30.0,20.0,40.0,679720.0,8320.0,3.0,2.0,0.053,0.038,-0.027794468262020908,-0.18630407575433033,0.04244620636671072
770,463,40.0,30.0,60.0,,,1.0,1.0,0.022,0.02,0.31810827476629944,-0.16874319263946508,0.07672469752701644
771,525,60.0,30.0,50.0,,,4.0,5.0,0.099,0.121,0.1929687279433167,-0.2346867904022451,-0.0635749869168004
773,396,70.0,50.0,60.0,,,2.0,2.0,0.054,0.061,0.02459947373549376,0.04776302940180255,0.026892432185136286
774,231,30.0,10.0,40.0,,,0.0,1.0,0.02,0.041,0.18458704104173884,-0.20882805006549718,-0.055428973697201414
776,244,,,,,,2.0,3.0,0.089,0.133,0.033884698966670734,0.12400121359262388,0.11289779288944726
777,1496,50.0,30.0,40.0,924380.0,-29060.0,1.0,2.0,0.009,0.014,0.14137613680353833,0.0861874144013928,0.07433892741332548
779,1830,50.0,30.0,50.0,,,4.0,7.0,0.028,0.047,-0.01232376906460484,0.13149322331820923,-0.013607021713223671
780,923,70.0,40.0,60.0,163520.0,26080.0,6.0,6.0,0.077,0.075,0.05666147609760234,-0.14042650529161516,0.17491487958404414
782,388,50.0,20.0,50.0,,,0.0,0.0,0.015,0.009,-0.31999410718087556,0.20270258120131823,0.020719759902761793
783,365,60.0,30.0,50.0,152550.0,600.0,3.0,11.0,0.084,0.375,0.1672495463037971,0.1226422084895551,0.01846234739745988
785,1170,90.0,50.0,80.0,,,2.0,1.0,0.021,0.013,-0.10252389889133527,0.6116594622418695,0.17496160609108813
787,622,50.0,30.0,70.0,,,1.0,1.0,0.013,0.011,0.07563943211403809,-0.22343723646797908,-0.07053897473419836
789,182,,,,,,1.0,1.0,0.059,0.043,0.07722472535456962,-0.020307065535398114,0.044148552705536796
790,1491,60.0,30.0,50.0,861370.0,57580.0,5.0,11.0,0.039,0.089,0.1866020829454898,0.2566284024710364,0.09073462203207544
791,541,,,,838420.0,49840.0,0.0,0.0,0.004,0.004,-0.26185185953875145,-0.06668257984363185,-0.05382676887600499
792,1356,,,,,,2.0,3.0,0.022,0.029,0.25191341185316485,-0.14798857321799927,-0.022921636020733646
794,237,50.0,20.0,60.0,,,1.0,0.0,0.032,0.017,0.12852172526254246,0.18727898527522058,0.02185688475855313
798,236,60.0,30.0,50.0,78650.0,3590.0,1.0,2.0,0.074,0.086,-0.06252548456938423,0.41776689820633744,0.20954612184867658
802,305,,,,102750.0,1280.0,0.0,0.0,0.008,0.006,0.013832709649126362,0.37539233756168094,0.1333868969262896
803,715,70.0,40.0,70.0,158380.0,3110.0,3.0,2.0,0.054,0.033,0.021820001353006605,0.28455037480451517,0.14095268880173276
805,660,,,,,,2.0,2.0,0.028,0.027,-0.2971255326055265,-0.014181348234273472,-0.17482411180232285
808,84,50.0,30.0,50.0,10790.0,1090.0,0.0,0.0,0.022,0.036,0.2675021519181137,-0.32922812964876624,-0.11121256357734322
810,396,40.0,20.0,50.0,,,3.0,3.0,0.078,0.08,-0.0032966263610039875,0.1352741978890493,0.07488996085495603
812,332,90.0,60.0,60.0,,,1.0,1.0,0.031,0.025,0.07500251203371881,0.21304675437624526,-0.05260779894136165
815,459,40.0,30.0,40.0,365750.0,54760.0,1.0,1.0,0.016,0.017,0.23073945295770276,0.0026546758022954614,-0.028013651537501634
817,930,90.0,50.0,70.0,526190.0,73770.0,7.0,5.0,0.093,0.069,-0.13636267648960332,-0.29701262860378,-0.01649685952137997
818,126,120.0,70.0,90.0,14170.0,240.0,0.0,0.0,0.021,0.017,0.2472274310496716,0.18763261992490654,0.10530184506990234
819,149,60.0,30.0,50.0,22060.0,-900.0,0.0,0.0,0.023,0.018,0.11042848420566577,0.2517781055068117,-0.03100831303053872
821,483,90.0,60.0,70.0,,,0.0,1.0,0.011,0.013,0.0418735532143131,0.11439533554586837,0.1560041591121853
823,1065,70.0,40.0,70.0,98590.0,11780.0,4.0,7.0,0.045,0.074,0.16138201854427972,0.008484853120731526,0.020596161871740085
825,247,,,,,,1.0,1.0,0.037,0.034,0.5425798920964384,-0.3478428566551386,0.014932990383861752
828,449,50.0,30.0,50.0,136150.0,26710.0,1.0,0.0,0.016,0.009,0.030231982647904252,-0.022108624759728704,-0.06960297090445969
829,747,,,,186070.0,-12700.0,1.0,1.0,0.017,0.02,-0.3772861513045406,0.45519855491245653,0.033928960655113576
830,388,50.0,30.0,30.0,,,3.0,4.0,0.082,0.11,0.0892043007873632,0.4033944380038699,0.12165620661553941
832,272,,,,17590.0,400.0,2.0,2.0,0.07,0.089,0.036140685780270014,0.519348231743056,0.10347048444118996
834,857,60.0,30.0,40.0,,,2.0,3.0,0.034,0.043,-0.14254467261201442,0.13139622273229906,0.06281108697700902
835,224,60.0,40.0,80.0,,,1.0,1.0,0.038,0.073,-0.36557435488643164,0.3997988739870848,0.12863025736884173
836,174,80.0,40.0,60.0,,,0.0,0.0,0.012,0.015,-0.03323376895982373,0.21969325913657783,0.12811514246463318
837,781,100.0,50.0,70.0,,,0.0,1.0,0.007,0.009,-0.09698988517139707,-0.07340114933420294,-0.16189909640188993
838,576,50.0,30.0,50.0,177220.0,20050.0,1.0,1.0,0.016,0.016,0.23120349327930728,-0.18222738258632476,0.017587100853830313
839,957,,,,,,1.0,1.0,0.015,0.007,-0.03554802714019349,-0.051787050124714185,0.15383309520046612
841,1025,30.0,10.0,20.0,,,9.0,9.0,0.11,0.106,-0.020069146252579884,-0.04670960987980716,0.08010167652245252
845,433,70.0,30.0,50.0,,,1.0,1.0,0.031,0.025,-0.07908822004944115,0.18591857289653765,0.15258389500730576
848,606,,,,480770.0,66450.0,0.0,1.0,0.009,0.02,-0.07104653990495288,0.06033318997200578,-0.04675550725859716
850,547,70.0,40.0,50.0,30380.0,5140.0,0.0,0.0,0.003,0.006,0.18137609110340946,0.4047743932780705,0.14825143638114419
851,238,50.0,30.0,50.0,,,0.0,0.0,0.015,0.014,-0.15582796971342683,0.11182235832356704,0.034699769083778934
852,529,40.0,30.0,70.0,371550.0,44890.0,1.0,1.0,0.028,0.022,-0.04873058002137286,0.13096673808525894,-0.08168158832058495
854,1740,80.0,40.0,50.0,,,10.0,18.0,0.071,0.123,0.02884403001286633,0.28106088474555646,0.06235574002568408
859,257,50.0,30.0,60.0,,,0.0,0.0,0.017,0.01,0.1515465261085245,-0.16866995142019792,0.05351379848074346
860,1658,60.0,30.0,50.0,678500.0,22830.0,2.0,2.0,0.016,0.012,0.27795955537717293,0.008068525285825523,0.09812357890284457
862,1832,,,,,,3.0,9.0,0.017,0.058,-0.07510473480646886,0.22406005238575927,-0.13583007459807564
863,240,,,,,,0.0,0.0,0.004,0.003,-0.02063659336009388,-0.07704486215205743,-0.0883612836539222
865,52,60.0,40.0,70.0,22460.0,-360.0,0.0,0.0,0.072,0.043,0.17238259929257477,0.03859306169636867,0.10326806310959055
866,124,,,,,,0.0,0.0,0.012,0.012,-0.256681896512385,0.7493051682331531,0.08104106194403138
867,415,60.0,30.0,40.0,,,2.0,1.0,0.044,0.035,-0.2171947949953984,0.7745776306045447,0.1972838970459284
869,1924,50.0,30.0,50.0,,,8.0,6.0,0.048,0.038,0.0787045990378842,0.07037717891698018,0.07563975871262413
870,380,,,,,,2.0,2.0,0.048,0.064,0.031677255789449354,0.46203249504551686,-0.018068913510755985
873,1892,,,,,,7.0,16.0,0.046,0.103,0.38441009194926445,0.29113710325655284,0.048018981574625655
874,709,,,,,,2.0,3.0,0.032,0.045,-0.04508508067020331,0.1780709300438715,0.11858010547609436
876,189,,,,70230.0,-4640.0,0.0,0.0,0.02,0.01,0.28175609193232193,-0.08248241017553005,-0.0691503232943967
879,445,40.0,20.0,60.0,,,1.0,1.0,0.022,0.021,-0.33088890276086735,0.4365210479328706,0.09768607105847424
882,339,60.0,40.0,70.0,,,0.0,1.0,0.012,0.018,0.15567828146047957,-0.37039626221948513,-0.021196589264249416
883,667,60.0,30.0,50.0,,,1.0,1.0,0.011,0.021,0.06132252776125644,0.17680372059591104,0.11457328548457817
885,831,,,,,,1.0,1.0,0.013,0.014,-0.14121377260685675,0.029153862498321664,-0.018473020701429956
887,244,70.0,40.0,60.0,,,0.0,0.0,0.01,0.008,0.003697624533101032,0.3916625596845007,0.05230703692431854
888,367,,,,,,1.0,2.0,0.037,0.052,0.36755540556633126,-0.11954352027675064,0.004139553527334777
891,414,50.0,30.0,30.0,,,1.0,2.0,0.029,0.053,0.38889060700392525,0.37927873044563937,0.06868962842613568
893,551,20.0,10.0,40.0,,,1.0,1.0,0.012,0.023,0.20456433806250746,-0.26489319661678,-0.010748462071520325
894,119,,,,60420.0,14620.0,0.0,0.0,0.019,0.016,-0.002164614887212847,0.16590219566675224,0.043136478495427774
895,146,40.0,20.0,60.0,,,0.0,1.0,0.033,0.045,0.059584986189691456,0.030080811551872984,-0.005497290078335201
896,66,,,,6320.0,-110.0,0.0,0.0,0.051,0.041,0.16779925617987834,-0.9,-0.23401088610938478
897,202,,,,80640.0,5620.0,1.0,1.0,0.083,0.068,-0.13114038657558996,-0.6979036271480893,-0.08112790992977127
899,380,40.0,30.0,70.0,176510.0,20610.0,0.0,0.0,0.011,0.006,0.09719961535678753,-0.009320730679283818,-0.012534116438344033
900,2301,40.0,30.0,40.0,,,2.0,2.0,0.012,0.012,0.3810554176188262,0.5153995873575414,0.08087918931761431
901,184,50.0,30.0,60.0,31820.0,-790.0,0.0,0.0,0.018,0.016,-0.09810188873293409,-0.03720190921661183,0.06004117844925061
905,355,100.0,50.0,60.0,175030.0,34200.0,2.0,2.0,0.073,0.062,0.2818601527443752,-0.4584530189033146,-0.10797124555274265
906,279,,,,39410.0,2920.0,0.0,0.0,0.005,0.005,-0.5926667458357873,-0.21986585073823017,0.04654461132688041
908,244,,,,115060.0,6470.0,1.0,1.0,0.064,0.055,0.2850229493673396,-0.8992675660287683,-0.16449365977670202
910,440,60.0,40.0,60.0,54660.0,1670.0,2.0,2.0,0.048,0.05,-0.09658154623852223,-0.3912066381068343,-0.24363510810503472
911,489,110.0,60.0,60.0,,,2.0,7.0,0.055,0.165,0.11249305998624792,0.1833802541307732,0.15401430395772076
912,237,,,,,,1.0,1.0,0.038,0.042,0.16021525910910017,0.14359233209893862,-0.04838375564720632
913,229,80.0,40.0,70.0,,,0.0,0.0,0.012,0.012,-0.20842757840713771,0.22086846242835398,0.025792294055930105
915,669,90.0,40.0,70.0,649880.0,-25680.0,4.0,2.0,0.065,0.037,-0.47682787941885546,-0.04819926906397759,-0.07641669605641209
917,341,20.0,10.0,40.0,219420.0,-7930.0,2.0,3.0,0.056,0.089,0.445375328579412,0.2462967285216055,0.1178165358787943
922,667,30.0,20.0,50.0,180730.0,34440.0,6.0,7.0,0.116,0.117,0.012386379208148834,0.5363183617659637,0.16763979131538662
923,385,40.0,20.0,40.0,48250.0,7610.0,0.0,0.0,0.006,0.004,0.1968975586672284,0.6279058836675169,0.007545684783407849
925,3706,,,,,,3.0,5.0,0.01,0.015,0.10118983623306049,0.2580039134164209,-0.012290107396473453
926,835,40.0,30.0,60.0,179140.0,780.0,0.0,0.0,0.004,0.002,-0.09795655396748117,0.11404274968105091,0.15583713268069108
928,6336,100.0,60.0,60.0,631070.0,45670.0,17.0,22.0,0.032,0.042,-0.2622682950282461,-0.011931721628984954,-0.10000690720664973
929,217,,,,,,1.0,1.0,0.073,0.031,0.334254396816692,-0.051745595994200616,0.028702639018065856
931,250,70.0,50.0,80.0,97890.0,11230.0,1.0,1.0,0.049,0.027,0.3903117335647788,-0.6909088583194611,-0.0864563779269636
932,323,40.0,20.0,50.0,,,1.0,2.0,0.039,0.08,-0.04383669623717133,0.2639737033261923,0.1359615564030108
934,642,80.0,60.0,70.0,62290.0,9070.0,0.0,0.0,0.007,0.007,0.06603326303786139,0.018855049922008565,-0.06268574321681472
935,887,70.0,30.0,60.0,,,11.0,8.0,0.145,0.103,0.32983220499304594,0.02752615481763146,0.1189490136829772
937,147,30.0,20.0,50.0,,,1.0,0.0,0.077,0.039,0.3698420418521622,0.05814467538836367,0.027286902290093965
940,487,,,,,,1.0,0.0,0.027,0.012,0.13563238882974182,0.2540565639420821,0.14019631187143927
944,196,50.0,30.0,70.0,,,1.0,1.0,0.046,0.048,0.1577497767859763,-0.1806804817468716,-0.00960479999294244
946,193,80.0,40.0,70.0,,,0.0,0.0,0.011,0.01,0.021298141603099178,-0.2707854647295911,-0.08916948131811225
948,306,40.0,20.0,50.0,,,0.0,0.0,0.003,0.003,0.48619595079830996,0.07241064950215897,-0.08221551884572888
951,217,40.0,20.0,30.0,,,0.0,0.0,0.005,0.002,-0.017312792595980522,-0.30330091391377784,-0.13600107169832265
954,715,90.0,60.0,60.0,,,1.0,0.0,0.011,0.008,0.1787256583707304,0.20808186694534953,0.02576557483420893
956,253,40.0,20.0,60.0,,,1.0,0.0,0.027,0.017,0.09794909685544428,0.4827651256982556,0.17716611247667946
958,650,50.0,30.0,60.0,,,1.0,1.0,0.021,0.019,-0.34135503227420094,0.34882431661709373,0.07454414523659078
959,1007,,,,71050.0,2380.0,2.0,2.0,0.027,0.019,-0.013947003462471741,-0.6653908948693404,-0.06565653348212014
960,362,,,,213080.0,-4520.0,0.0,0.0,0.013,0.01,0.1370337699551759,-0.08899828544905497,0.14645627239993905
961,2525,70.0,40.0,50.0,,,9.0,9.0,0.043,0.044,0.2521977818643629,0.5525766580074453,0.12383373635991024
962,29,,,,7170.0,-460.0,0.0,0.0,0.163,0.087,0.3078996366988621,-0.03628879719478341,-0.0017302999661830618
964,617,90.0,50.0,70.0,,,1.0,2.0,0.029,0.041,0.18551754217655103,-0.18006931383911118,0.0028466598574814796
966,249,,,,39440.0,2350.0,1.0,1.0,0.026,0.034,0.17026622799615124,-0.033149562424985915,0.01535589839726144
967,324,40.0,20.0,60.0,,,3.0,5.0,0.115,0.172,0.11999739149315757,0.3279058001887761,0.09707804701727438
969,285,,,,,,0.0,1.0,0.018,0.05,0.05720073770331687,0.4246130986214287,-0.01080880592730775
970,764,40.0,20.0,50.0,96070.0,2320.0,1.0,0.0,0.011,0.005,-0.03986570324513966,-0.24668216205415333,-0.1100685663577482
971,988,80.0,30.0,70.0,436800.0,15860.0,3.0,4.0,0.037,0.043,0.1983287047101493,-0.5505481023557011,-0.10080416889131899
974,489,,,,,,2.0,2.0,0.043,0.042,-0.09177314641761876,0.41030683786577576,0.07763419221853862
976,2454,70.0,40.0,60.0,,,8.0,17.0,0.039,0.082,-0.08246980302865865,-0.3152651111926454,-0.04717651885923027
979,247,,,,,,2.0,5.0,0.088,0.231,0.17671774213613828,0.09461901969533817,0.07674266993084591
980,200,,,,,,0.0,0.0,0.024,0.015,-0.06040582332746243,-0.05462316832560046,0.09017895722753111
982,1921,,,,,,5.0,2.0,0.03,0.015,-0.19289826132588095,-0.3976771860439692,-0.053809540470914116
983,448,,,,121490.0,24870.0,2.0,2.0,0.06,0.053,-0.26483639373857404,0.5094553351117522,0.1687110622508819
985,149,50.0,20.0,70.0,,,1.0,2.0,0.106,0.159,-0.07301240880681562,0.16642047804274637,0.1625835632137232
986,538,50.0,30.0,40.0,128420.0,-6690.0,3.0,2.0,0.061,0.04,0.3302771973152845,0.5210179244783211,0.18706433754641943
987,476,40.0,30.0,50.0,,,2.0,1.0,0.04,0.037,0.1213696925464631,0.14344360440608284,0.08632184762015599
988,1158,40.0,30.0,60.0,,,2.0,4.0,0.017,0.037,0.10121237416110446,0.7128776073639429,0.17488833578939186
989,403,50.0,30.0,50.0,,,1.0,2.0,0.027,0.046,-0.13118722211331746,-0.31157481275682797,-0.03652488813928613
991,248,40.0,20.0,50.0,,,0.0,0.0,0.005,0.006,0.48338159641842215,0.04520965655566818,0.06986952391309258
992,413,50.0,30.0,40.0,,,3.0,3.0,0.1,0.089,0.21722522441800668,-0.43835297684711627,-0.23146296784562861
993,546,60.0,30.0,70.0,,,0.0,0.0,0.009,0.009,0.25536608978077613,-0.42543303359102996,-0.009657585747627033
995,210,60.0,40.0,50.0,,,0.0,0.0,0.018,0.015,0.06242902487984008,0.02266070976759891,-0.0047847494946648
996,561,70.0,50.0,60.0,,,3.0,4.0,0.057,0.079,0.1138689442328847,0.39337044954856554,0.16082835289325564
998,267,50.0,40.0,60.0,75470.0,11270.0,1.0,2.0,0.066,0.111,0.03631405677239522,0.3051207039766691,0.032427896361550704
999,755,,,,,,3.0,4.0,0.055,0.063,-0.04116266842665846,-0.22554265258268646,-0.02137401484880897
1000,133,50.0,30.0,50.0,126300.0,6690.0,1.0,1.0,0.057,0.077,-0.06932198272121817,-0.0833623881592061,0.18284151650557925
1002,1152,50.0,30.0,50.0,366680.0,105000.0,4.0,2.0,0.039,0.023,-0.05466891895498362,-0.3683553917663052,0.037198488029218935
1008,901,,,,,,4.0,4.0,0.048,0.05,-0.055792708455650514,0.24288055497216257,-0.00194787795078364
1009,225,,,,,,0.0,1.0,0.021,0.033,-0.15775730223562862,-0.08491956050055971,0.08893479759550324
1010,219,80.0,50.0,70.0,,,3.0,2.0,0.137,0.092,0.10421911643217699,0.55229479431514,0.13758550604400763
1011,985,70.0,40.0,60.0,,,2.0,2.0,0.027,0.018,-0.15898911241078945,0.04259346050736274,-0.0197918181194168
1012,276,60.0,40.0,50.0,18980.0,550.0,0.0,0.0,0.017,0.02,0.12470773301203365,-0.4752543211739397,0.0022917872292622793
1013,550,50.0,30.0,50.0,,,1.0,2.0,0.021,0.037,-0.18403058580655018,-0.530054329189301,-0.11247452918789691
1015,459,50.0,30.0,60.0,,,2.0,4.0,0.042,0.118,0.25605682074272856,0.4590649996401891,0.04193664784259865
1020,176,50.0,30.0,60.0,224500.0,40740.0,0.0,0.0,0.032,0.019,-0.054665800607420614,0.23460888745500263,0.14074254533698233
1022,543,110.0,70.0,80.0,146580.0,11050.0,5.0,13.0,0.103,0.278,0.13573183466871203,0.11461662496863366,0.0020845437503121886
1023,712,70.0,30.0,50.0,,,4.0,5.0,0.071,0.078,-0.04508581291757989,-0.21010939484137553,-0.10643423784107864
1024,398,30.0,20.0,60.0,,,0.0,1.0,0.014,0.021,0.2738606607901082,0.3663893415174554,-0.11009380915092162
1025,172,,,,,,0.0,1.0,0.024,0.036,0.1426053238183267,0.2708851038028268,0.019831902880766465
1028,144,,,,61170.0,1880.0,1.0,0.0,0.063,0.041,0.17150968474355455,-0.01767503351034866,-0.05837234511920432
1029,834,30.0,20.0,30.0,,,3.0,2.0,0.037,0.029,-0.0251790933763473,0.20667102977265764,-0.12517461667594612
1031,496,40.0,20.0,40.0,,,1.0,3.0,0.035,0.075,-0.09979405376045146,-0.026685185804046566,0.010231681873606083
1032,177,20.0,20.0,40.0,,,0.0,0.0,0.005,0.011,-0.05136648238059642,0.33694529644565085,0.07100818556117958
1033,999,,,,,,1.0,0.0,0.006,0.004,0.03767614488048604,0.49202446819501533,0.18725724132218383
1037,1896,60.0,30.0,50.0,,,5.0,8.0,0.035,0.048,-0.05933848003457458,0.19618760063183432,0.06285407801688936
1038,62,60.0,30.0,70.0,,,1.0,1.0,0.098,0.141,-0.07417907174422199,0.26341444530662717,0.09251668743436643
1040,503,,,,,,1.0,1.0,0.031,0.034,0.030021127497713386,0.3093115454694257,0.03968617404167743
1041,1705,20.0,10.0,30.0,,,1.0,1.0,0.009,0.008,0.18197153246018977,0.14080792522755975,0.05910097913705884
1042,756,,,,,,1.0,1.0,0.017,0.018,0.3439519168100342,0.1908827843304169,0.046680988067301345
1043,660,60.0,40.0,40.0,277770.0,2040.0,2.0,1.0,0.042,0.027,0.3643475457236957,0.06971973362159224,-0.0008981109734617701
1044,93,,,,,,0.0,0.0,0.041,0.04,0.17327341186736445,-0.06321426459942095,-0.01584950650825804
1049,687,60.0,40.0,60.0,250220.0,-6730.0,1.0,1.0,0.021,0.023,0.21357531543882408,0.2802709412049808,0.019559663686749808
1054,195,50.0,30.0,50.0,42440.0,2990.0,1.0,2.0,0.088,0.116,0.019543286699286393,0.3356780681194336,-0.025669891474458473
1056,1783,,,,451430.0,9140.0,2.0,3.0,0.012,0.021,-0.03384287064125875,0.5804418390829901,0.22296213233576975
1057,239,60.0,40.0,60.0,,,0.0,0.0,0.002,0.002,-0.4615283850281469,0.2383041270538644,0.07447445753419837
1058,372,,,,,,0.0,0.0,0.011,0.013,-0.3105667004093008,-0.3558038308123697,-0.05656349419250874
1059,838,40.0,20.0,40.0,,,4.0,2.0,0.062,0.022,0.000787142899908562,0.2511855567354724,-0.0012038923543958198
1060,3124,120.0,70.0,60.0,,,8.0,3.0,0.029,0.012,-0.15469671072166025,-0.30979329990798127,0.041950729691138285
1064,285,30.0,20.0,30.0,33690.0,950.0,0.0,0.0,0.021,0.014,0.2187198288256248,-0.023475544054300485,-0.004065785264832859
1066,182,60.0,30.0,50.0,46560.0,-2630.0,0.0,0.0,0.004,0.009,0.09939314947326,0.4980418834633883,0.16512870450510594
1067,694,,,,,,1.0,1.0,0.013,0.014,0.0035385529179725386,0.15024080808295798,-0.10443921572454026
1068,445,90.0,60.0,70.0,,,2.0,3.0,0.055,0.074,0.13333817626423883,0.07612357618792766,0.03688265645067757
1069,851,30.0,10.0,30.0,386210.0,1760.0,3.0,1.0,0.036,0.019,0.3178015712157923,0.09684204327295029,0.13932967697904636
1070,396,70.0,30.0,50.0,,,1.0,0.0,0.02,0.014,-0.18918960457212441,-0.2858391789718738,-0.12037242114191896
1071,1081,30.0,20.0,40.0,221690.0,-340.0,3.0,2.0,0.031,0.024,0.2690412100939967,0.8335396042119632,0.29320593510137416
1073,1144,50.0,30.0,50.0,,,2.0,2.0,0.017,0.026,-0.0043474807975879895,0.11949440465265723,-0.08823014242078432
1077,2250,60.0,30.0,50.0,133050.0,-18410.0,2.0,3.0,0.013,0.014,0.37615056318042145,0.2795663009412847,0.036680498146560464
1080,475,50.0,40.0,50.0,171650.0,14650.0,0.0,0.0,0.002,0.004,0.13629699396748893,0.3271596249183881,0.12358898397762223
1081,334,,,,,,0.0,0.0,0.011,0.011,0.029749131943689916,-0.3390655033634055,-0.07388136341668862
1085,992,50.0,30.0,40.0,,,6.0,7.0,0.072,0.079,0.14498317792607807,0.08098404196752962,-0.1215064917969883
1086,126,40.0,20.0,40.0,,,1.0,1.0,0.049,0.054,-0.087411318404312,-0.31880520010900737,-0.021614769639748906
1087,79,,,,23720.0,-2270.0,0.0,0.0,0.018,0.009,0.31147733486468276,-0.38762404166026887,-0.04490425454233228
1088,857,50.0,30.0,40.0,,,2.0,4.0,0.027,0.055,0.17025807149836114,0.13859862214424665,0.14868994301064026
1089,589,70.0,50.0,60.0,716450.0,226300.0,2.0,1.0,0.042,0.019,0.1924167859134937,0.12734192105959422,0.06529671273615566
1090,288,80.0,60.0,60.0,101020.0,2270.0,2.0,1.0,0.066,0.037,-0.11591862292029505,0.10867057846717795,0.08152835718358248
1091,167,80.0,40.0,70.0,,,0.0,0.0,0.036,0.028,-0.17307546567845628,-0.32336425714244876,-0.0413312208474252
1097,2844,,,,,,5.0,8.0,0.02,0.034,0.3502710195056389,0.44542376101004655,0.19603744750555516
1099,409,80.0,40.0,70.0,,,2.0,3.0,0.055,0.08,0.010195690870090993,-0.4075876781087888,-0.08309922054438115
1100,122,,,,,,0.0,0.0,0.015,0.023,0.3043784341332395,0.6494545646194664,0.2956167581927863
1103,1094,,,,,,6.0,6.0,0.061,0.066,0.24068866737124872,-0.24494587249817523,0.06833618581593401
1105,1918,40.0,20.0,40.0,133850.0,-7490.0,7.0,5.0,0.043,0.031,-0.21237368636097403,-0.3565713002743445,-0.0038570606125513177
1106,1317,,,,,,3.0,8.0,0.031,0.07,-0.05922577373495963,0.14553953924353394,-0.040154393584959244
1108,96,40.0,20.0,40.0,93770.0,-8710.0,0.0,0.0,0.028,0.051,-0.1870359272562192,-0.18109692193817004,0.0809246521082454
1111,1133,50.0,30.0,50.0,,,3.0,3.0,0.034,0.028,0.01812702659358021,0.3532515704837096,0.08451772807495028
1112,1757,70.0,50.0,50.0,219070.0,33840.0,3.0,4.0,0.023,0.026,0.37635277199000955,0.4540469943879455,0.1326300343973084
1113,152,70.0,50.0,60.0,,,1.0,1.0,0.084,0.084,-0.1584925669702391,0.22758032482785961,0.22508769813891635
1114,974,,,,331630.0,12150.0,4.0,2.0,0.045,0.019,-0.18069494307140033,-0.20224964787506663,0.0023423297404517804
1115,277,60.0,30.0,40.0,,,1.0,1.0,0.038,0.028,0.5111748214773801,-0.5006529533647047,-0.013336130103817775
1116,217,90.0,50.0,70.0,,,0.0,0.0,0.005,0.005,0.10728291324123435,-0.3494424701716979,0.013345308143054155
1118,703,40.0,30.0,40.0,,,4.0,9.0,0.061,0.148,0.39409970075815687,-0.07410361471390367,0.02553736590254871
1121,149,70.0,30.0,60.0,,,1.0,1.0,0.08,0.046,0.32061248276711984,0.8136279546237262,0.19590093879450532
1122,726,,,,,,1.0,1.0,0.021,0.016,-0.05660835224381737,0.2733528763668211,0.12708113106866917
1123,673,,,,,,4.0,3.0,0.079,0.046,0.004091945980620605,0.1407937371106682,0.19187723276567129
1124,903,50.0,30.0,50.0,357540.0,78160.0,3.0,4.0,0.043,0.053,0.0052722340034623005,0.2688490864086832,0.1558093437313567
1125,602,80.0,50.0,60.0,,,2.0,2.0,0.044,0.033,0.09900823040714543,-0.5338610315299251,-0.11366989918463921
1126,441,70.0,40.0,70.0,40980.0,-730.0,1.0,0.0,0.016,0.009,-0.21112536227291384,0.3906603333855411,0.022317462065771006
1129,198,,,,114270.0,7500.0,1.0,0.0,0.033,0.023,-0.041178372691552584,-0.06832134213162262,-0.07713706468609148
1132,985,60.0,30.0,50.0,,,2.0,2.0,0.024,0.025,0.13600807205307563,0.36263964740559596,0.12836571419420117
1134,288,,,,,,0.0,1.0,0.017,0.029,0.19398406342018143,0.35211006844032083,0.06110578585687476
1135,2422,70.0,40.0,60.0,,,1.0,1.0,0.003,0.003,0.3616610154287723,0.09098897323535508,0.04744418521469568
1138,4760,,,,,,4.0,2.0,0.009,0.005,-0.3165514361847467,0.04861221482828493,0.07227301998453214
1139,953,,,,,,5.0,8.0,0.069,0.095,0.04917995408427125,-0.05448139180241113,-0.016302032403995158
1142,953,,,,,,4.0,4.0,0.046,0.049,0.15514918369884342,-0.02011763326046928,0.20496380420164048
1144,474,50.0,30.0,30.0,,,2.0,3.0,0.047,0.069,0.1517909861329321,0.41351900336204694,0.20391252257137923
1146,272,80.0,50.0,70.0,,,0.0,1.0,0.018,0.026,-0.08832241777999132,0.37087299115926686,0.22414505543139493
1147,773,50.0,30.0,60.0,,,3.0,4.0,0.039,0.065,-0.05914684407823652,0.19979859499489555,0.3254472944907063
1148,2469,50.0,30.0,50.0,1130650.0,41130.0,5.0,2.0,0.026,0.012,-0.05345128689702244,-0.07710302747203002,0.05496102458380102
1149,363,50.0,30.0,60.0,,,1.0,3.0,0.037,0.095,0.04372930193250829,-0.29075026289998235,0.0018057243663229076
1150,244,110.0,70.0,70.0,,,0.0,0.0,0.014,0.006,0.23280704856211176,0.25694718663203847,-0.017105372045915973
1151,238,,,,,,1.0,0.0,0.047,0.014,-0.45278485732370705,0.0425447011903515,-0.06819163525908431
1152,533,40.0,30.0,50.0,455350.0,16550.0,1.0,0.0,0.013,0.01,-0.17595825353219985,0.21529227416584618,0.013882608507533992
1153,41,40.0,20.0,50.0,,,0.0,0.0,0.025,0.027,0.026409985588386524,0.5287469692052864,0.0639035916587892
1154,194,50.0,20.0,60.0,168960.0,28230.0,0.0,0.0,0.013,0.01,0.375735900582867,0.08286157177663188,0.10792595569522244
1156,449,50.0,20.0,40.0,,,0.0,0.0,0.009,0.007,0.07791962346662192,0.17558528374752144,-0.0750163368220376
1158,230,60.0,30.0,30.0,,,0.0,0.0,0.019,0.013,0.1468036998290739,-0.1603379581390187,-0.08247668574270597
1159,174,40.0,20.0,50.0,,,0.0,0.0,0.018,0.014,-0.10629397726188163,-0.6017152629213275,-0.13743362861834466
1160,328,50.0,40.0,50.0,,,1.0,1.0,0.049,0.035,-0.17001200371275327,0.3918459922859019,0.1682310071518468
1161,540,40.0,20.0,40.0,,,2.0,1.0,0.036,0.027,0.045154043870397634,0.1588792012421833,0.03966022521792603
1162,462,,,,45750.0,2560.0,1.0,2.0,0.034,0.048,0.321924199379996,0.638632360948564,0.269594979351345
1165,595,30.0,10.0,30.0,,,4.0,5.0,0.079,0.099,0.16176914668474104,-0.07994449371338566,-0.007529310576850412
1167,211,30.0,10.0,50.0,6760.0,-270.0,1.0,3.0,0.085,0.161,-0.2670118267659744,0.6022032365930872,0.14062096947312824
1168,1455,60.0,40.0,50.0,,,5.0,9.0,0.043,0.071,-0.3412587023851598,0.5806148959745574,0.09237964970951845
1170,659,70.0,50.0,70.0,,,0.0,0.0,0.006,0.009,0.27188141161758217,0.1049019745215638,0.11404651581376017
1171,151,30.0,20.0,70.0,,,0.0,1.0,0.034,0.04,0.09500101486604393,0.03878229568745224,0.08232836905285995
1174,2117,50.0,30.0,40.0,,,14.0,11.0,0.078,0.063,-0.3032326343544825,0.5443449713630097,0.14184583072362572
1175,1607,50.0,20.0,60.0,,,7.0,12.0,0.053,0.092,0.1167242334078066,0.6143390670516281,0.06499629258011302
1177,99,40.0,30.0,40.0,,,0.0,0.0,0.03,0.04,-0.01885861014614261,0.3806370056325322,0.18471059022055059
1179,393,70.0,40.0,50.0,,,1.0,1.0,0.027,0.039,0.12559103099592622,0.3521979004356466,0.06226485271620555
1181,582,50.0,40.0,70.0,,,2.0,1.0,0.051,0.03,-0.11361091281818571,-0.3296377863350174,-0.13424252130022873
1182,502,30.0,20.0,30.0,,,1.0,1.0,0.021,0.014,0.008500991281792186,-0.07357943731859523,-0.02507648604814669
1184,1013,60.0,30.0,60.0,,,7.0,6.0,0.083,0.068,0.019304173167411367,-0.526962974989386,-0.09571821187419666
1185,1741,50.0,20.0,60.0,390460.0,74840.0,2.0,4.0,0.017,0.028,-0.2229946574600119,-0.036206982759525205,-0.0646349235114466
1187,162,40.0,20.0,50.0,,,0.0,0.0,0.027,0.023,-0.2254952483828701,0.5915615501327179,0.0806381703318142
1188,243,80.0,40.0,70.0,93200.0,7710.0,0.0,1.0,0.018,0.029,-0.5060298057754377,-0.45516182949876344,-0.055376751337359656
1191,841,,,,503750.0,-110140.0,0.0,0.0,0.004,0.003,0.14969056169947692,0.08410087343817214,0.09651694124497372
1192,614,,,,,,4.0,3.0,0.08,0.063,-0.03467613001607364,-0.3039780851900805,-0.04962581334330923
1193,220,,,,,,1.0,0.0,0.04,0.02,-0.019888383218125624,-0.09033643551645362,-0.022010540445835197
1194,327,60.0,40.0,80.0,79440.0,-9230.0,0.0,0.0,0.003,0.003,0.2996220397108955,0.11397694424045246,-0.052027523300224324
1195,952,70.0,40.0,50.0,,,3.0,2.0,0.039,0.02,-0.27371504851455536,-0.2366316153319508,-0.1620657438012062
1196,618,110.0,70.0,80.0,,,2.0,1.0,0.042,0.021,0.04370572818627963,-0.3869740409633239,0.03871447534287079
1199,1094,70.0,40.0,60.0,,,4.0,5.0,0.043,0.057,0.1495379143122015,0.4144933516626693,0.2175334092744843
1201,101,70.0,40.0,70.0,,,0.0,1.0,0.05,0.089,-0.13510156249283445,0.012657382629431058,-0.11368177835188475
1203,2496,60.0,40.0,60.0,174860.0,21250.0,7.0,5.0,0.033,0.026,-0.036269701400021406,0.37129468971284696,0.19128067303950866
1205,1192,,,,,,5.0,3.0,0.046,0.035,0.09866642965919493,0.4907439830889984,0.12084305959343504
1206,92,70.0,30.0,50.0,25080.0,5080.0,0.0,0.0,0.047,0.052,-0.019446836729009237,-0.05158878461424932,-0.12297188439019172
1207,321,50.0,30.0,40.0,48380.0,1210.0,2.0,2.0,0.061,0.083,0.17939924533069768,-0.1764546351089063,-0.03851379725154147
1209,205,40.0,20.0,60.0,,,1.0,1.0,0.035,0.031,0.2952430982063498,-0.14022665401430284,-0.011666040815493259
1210,154,50.0,30.0,70.0,,,1.0,1.0,0.04,0.057,0.1071655386106917,0.2490856158143137,-0.04773803784684669
1211,488,70.0,40.0,60.0,88600.0,5240.0,1.0,1.0,0.016,0.026,0.10226880779007261,-0.49558900776015796,0.03055102664451208
1213,1025,,,,,,5.0,13.0,0.058,0.149,-0.2839141501112334,-0.04692918531450048,0.06505573326964187
1214,162,,,,,,1.0,1.0,0.069,0.077,-0.06127160781655805,0.5097993613361829,0.11009723969275999
1215,531,50.0,40.0,70.0,,,0.0,0.0,0.002,0.006,0.10852631464019719,0.6036212736069864,0.2577049938274862
1219,911,80.0,40.0,70.0,,,3.0,3.0,0.035,0.035,-0.3025756476859272,0.3971410359832129,0.09851464881971672
1220,589,,,,268030.0,35180.0,2.0,2.0,0.046,0.05,0.15297652145304838,0.590371484649016,0.19774585577469367
1221,87,70.0,30.0,70.0,,,0.0,0.0,0.047,0.053,0.06852976503798007,-0.010294547967542506,0.08561332412782785
1223,84,60.0,40.0,60.0,26810.0,660.0,0.0,1.0,0.055,0.099,0.3144236485715741,0.15146288640207672,0.18676637723139572
1225,975,60.0,40.0,50.0,412740.0,-62820.0,2.0,3.0,0.025,0.04,-0.3325854558801609,0.11686024769565653,-0.029068412432506185
1226,366,90.0,40.0,60.0,,,1.0,1.0,0.037,0.047,0.10847814312704623,0.5757978097369261,0.18153218057679854
1227,1023,50.0,20.0,40.0,281300.0,5030.0,2.0,3.0,0.028,0.04,0.06272800475112543,0.6512989746930171,0.08523142659669344
1229,224,,,,,,0.0,0.0,0.008,0.01,0.36512782835603946,0.22570548242385224,-0.05455675700831815
1230,187,70.0,30.0,50.0,,,0.0,0.0,0.002,0.004,0.24869577704162193,-0.6233901887918606,-0.12339230402256174
1232,1148,,,,406590.0,19650.0,2.0,1.0,0.02,0.008,-0.0076641249338963505,-0.2761747698559659,-0.10319467737644816
1235,421,,,,42490.0,4880.0,2.0,1.0,0.058,0.031,-0.16859492747886373,-0.6134988556665877,-0.18783438013672846
1236,945,170.0,100.0,90.0,305650.0,29940.0,2.0,6.0,0.023,0.073,0.07659428684475454,-0.17802660253152874,0.022253872498644557
1237,737,,,,219090.0,44730.0,0.0,0.0,0.003,0.003,-0.23769393302166875,-0.49605314440577775,-0.16382695204041856
1238,534,80.0,60.0,60.0,33040.0,510.0,2.0,2.0,0.046,0.045,0.21281325903198411,-0.14317078381998702,0.08011282212115681
1239,1622,90.0,50.0,70.0,,,0.0,0.0,0.002,0.002,0.2113788678362994,-0.2909305547170077,-0.11905378336411795
1242,556,,,,121810.0,7870.0,2.0,1.0,0.039,0.024,0.06522361806184652,0.17475944965757662,-0.05819918981466869
1244,606,,,,243430.0,4720.0,1.0,1.0,0.027,0.012,-0.0020071604794534223,-0.1219534234516127,-0.049766251764446726
1245,2489,,,,,,8.0,10.0,0.04,0.046,-0.4408038396111518,-0.040579570253193926,0.02898876673859639
1246,990,50.0,30.0,60.0,89940.0,-390.0,2.0,1.0,0.019,0.01,-0.0530208501576844,0.23605367294776555,0.07057459564543606
1249,1035,50.0,20.0,50.0,136560.0,-460.0,8.0,15.0,0.098,0.175,-0.027033522354338646,-0.32184876415712665,0.001901060161714506
1250,996,,,,,,6.0,2.0,0.068,0.025,-0.037718771117708036,0.18994038818087383,0.08654093982581484
1251,753,80.0,50.0,60.0,240790.0,58060.0,5.0,3.0,0.085,0.05,0.28919721143747534,0.30249734542735945,0.12129354427854441
1252,412,80.0,50.0,50.0,,,2.0,2.0,0.062,0.046,0.11277405301435696,0.5225474554737968,0.23432811259806358
1253,115,110.0,70.0,70.0,88410.0,12840.0,0.0,0.0,0.009,0.012,0.14103230731048955,0.03274548384189177,0.028670010474164478
1254,421,,,,,,2.0,1.0,0.058,0.042,0.2457430234990849,0.8366839916761211,0.1855273447087462
1255,1265,,,,395170.0,36230.0,2.0,4.0,0.021,0.041,-0.025638472742403523,0.06616299893788727,0.11027685278290059
1257,629,50.0,30.0,50.0,,,4.0,4.0,0.072,0.086,-0.17976278611303032,0.0873754447793931,0.13029849454396558
1258,2870,,,,525860.0,4070.0,2.0,2.0,0.008,0.008,0.3208108227218652,0.23436198772306446,0.10631182151988619
1259,667,60.0,40.0,50.0,,,0.0,0.0,0.003,0.003,0.3950571528513237,-0.14608877806013904,-0.12877755589333298
1260,620,80.0,40.0,60.0,,,1.0,2.0,0.017,0.043,0.2976545781691727,0.055966350697086054,-0.05411205739001532
1261,383,30.0,20.0,60.0,,,1.0,1.0,0.027,0.034,0.12139089300846774,-0.14271831709201313,-0.015713552501704975
1262,726,,,,,,0.0,0.0,0.004,0.004,-0.16935378987466426,0.5059704465514512,0.13974498491585335
1263,9526,60.0,40.0,50.0,,,49.0,52.0,0.062,0.066,-0.2534508738134007,-0.7272964817113492,-0.23506891482076245
1264,142,,,,32110.0,4370.0,0.0,0.0,0.01,0.008,0.2269455703238656,0.07390228292799499,0.1073698154598621
1266,455,40.0,20.0,50.0,,,1.0,1.0,0.02,0.015,0.13135613615435504,0.07122323560858371,0.06504229854211377
1270,319,50.0,30.0,50.0,,,0.0,0.0,0.012,0.008,0.21259507481486623,0.2088496469407679,0.036282614572141575
1271,33,,,,,,0.0,0.0,0.05,0.079,0.2885326493908009,0.44796765993084553,0.10215890231180043
1272,145,60.0,40.0,60.0,,,1.0,1.0,0.074,0.048,0.20403537742051753,-0.5277938164041694,-0.2090418723072085
1275,504,40.0,20.0,40.0,195500.0,70070.0,1.0,2.0,0.03,0.039,-0.04971114511660517,0.27830217090077175,-0.04443960364055681
1276,501,30.0,20.0,40.0,,,1.0,1.0,0.023,0.014,0.16649349028444022,-0.2047990999926164,-0.004654623763845268
1277,337,70.0,30.0,60.0,,,1.0,1.0,0.04,0.046,-0.2611586497983463,0.2559027182516352,-0.03701162389578233
1278,553,80.0,50.0,50.0,,,1.0,1.0,0.018,0.03,0.24278706839719677,0.25755821805363355,0.13618134946031052
1280,276,,,,,,2.0,1.0,0.065,0.038,-0.30042709464611683,0.1147305514782963,0.0056052328964546205
1281,130,40.0,30.0,50.0,23710.0,-260.0,0.0,0.0,0.028,0.036,0.07752267600176095,-0.6475405049725804,-0.10966754216884969
1282,355,50.0,30.0,60.0,,,2.0,2.0,0.067,0.064,0.3359042440052217,0.30113129188104565,0.02099286297607731
1286,3556,70.0,40.0,60.0,513110.0,35050.0,3.0,5.0,0.01,0.018,-0.27878899017951236,0.5867787714499972,0.13385232223688706
1290,1667,70.0,50.0,60.0,,,2.0,3.0,0.011,0.025,0.008422871642198834,0.15771717426757512,-0.0003805931671534979
1291,2345,60.0,40.0,60.0,452270.0,5270.0,12.0,15.0,0.06,0.076,0.24787839411452195,-0.01562563156365593,0.14159378107811613
1292,981,50.0,30.0,60.0,,,6.0,5.0,0.068,0.06,-0.06299277227226241,-0.10771775803441955,-0.019616930887077944
1293,1536,70.0,50.0,60.0,383220.0,-11410.0,4.0,6.0,0.031,0.047,0.5494112506836265,-0.5090479608093085,-0.20153087855679938
1298,803,80.0,40.0,60.0,119450.0,-2560.0,1.0,1.0,0.009,0.011,-0.06400501342253333,0.3573396413611373,-0.0028122669439783893
1299,486,70.0,40.0,70.0,64180.0,2570.0,1.0,2.0,0.029,0.047,0.007217287460508842,-0.25360513175059485,0.018560049785603203
1301,1918,40.0,30.0,50.0,,,7.0,6.0,0.041,0.04,0.07416925273871328,-0.05373271863694831,-0.0015727501466091115
1303,120,60.0,30.0,60.0,,,0.0,0.0,0.008,0.004,0.4892068696717949,0.2963664138739068,-0.013831713927392172
1304,840,70.0,30.0,50.0,,,1.0,1.0,0.013,0.016,-0.020630225486928555,0.3032689348833547,0.026382607700333877
1306,73,60.0,30.0,50.0,16310.0,120.0,0.0,1.0,0.062,0.124,0.16265885894096527,-0.04542696489412279,-0.13921848863641795
1308,581,,,,,,2.0,1.0,0.047,0.023,0.061062661170921205,0.16367495973974397,0.12713268189130836
1309,585,,,,,,6.0,3.0,0.114,0.063,0.20854297622316653,-0.16381497431438832,-0.019283968144432
1310,1107,,,,568660.0,-13360.0,4.0,8.0,0.042,0.088,-0.14062266937354434,-0.08552513257006078,0.08191970271794963
1314,180,40.0,30.0,50.0,96680.0,10270.0,0.0,0.0,0.033,0.022,0.3332139602715251,-0.13411248755987748,0.02577633739509799
1316,646,60.0,30.0,50.0,,,10.0,14.0,0.189,0.257,-0.10448716942613516,-0.23148220611696244,-0.15568155320808055
1322,352,,,,,,1.0,1.0,0.02,0.025,0.2187945168368618,-0.17546922785077257,-0.1378944752734951
1323,390,30.0,20.0,40.0,,,1.0,1.0,0.027,0.045,-0.2949952604734057,0.2484414710124041,0.04403601425147733
1324,128,,,,37800.0,420.0,0.0,0.0,0.027,0.029,0.2761239686426535,0.5406211980448021,0.10417658770509426
1325,300,40.0,30.0,40.0,,,0.0,1.0,0.013,0.032,0.12850948153376804,0.5587464930425874,0.11413515989705537
1327,2022,60.0,40.0,60.0,929460.0,-38200.0,6.0,5.0,0.036,0.031,0.36280380764309383,0.23521519594436482,0.0805698282990423
1328,666,,,,100280.0,7380.0,3.0,2.0,0.048,0.043,0.12596294749001846,-0.3436549379853918,-0.13224239644778069
1330,178,40.0,30.0,70.0,9160.0,1510.0,0.0,0.0,0.008,0.006,0.405913640161256,-0.6716423204951825,-0.1659828646063474
1331,413,,,,,,0.0,0.0,0.009,0.011,-0.02939110804223065,0.24413678130819227,-0.005333457770967227
1332,726,50.0,30.0,60.0,,,4.0,7.0,0.067,0.112,-0.3261202328884788,-0.32400469578718566,-0.02979478461478508
1333,289,40.0,20.0,40.0,280440.0,-35460.0,0.0,0.0,0.005,0.004,0.028423929782987863,-0.9,-0.10607391047383039
1334,261,,,,,,1.0,1.0,0.029,0.024,0.6385474895930949,0.21848324586174123,0.1012058290044295
1335,1423,80.0,40.0,60.0,,,0.0,0.0,0.002,0.004,0.2040123449407566,-0.04677335267179726,-0.0389005215537315
1337,33,60.0,40.0,40.0,,,0.0,0.0,0.02,0.006,0.17093758210979815,-0.02030990199933283,0.1355832068863188
1338,6073,170.0,100.0,110.0,391490.0,-36000.0,10.0,25.0,0.019,0.05,-0.03406181667315304,0.6020457057287719,0.2098317262725394
1341,438,80.0,40.0,70.0,98020.0,15290.0,0.0,1.0,0.011,0.014,0.4411335276804845,0.4012194406049317,0.03116070091584441
1342,335,50.0,30.0,60.0,,,1.0,1.0,0.035,0.036,-0.07022056839438622,0.12165021972551297,0.08372139595877309
1343,738,40.0,20.0,40.0,,,4.0,3.0,0.068,0.042,0.07359840793504352,0.003419357823220004,-0.10868598805496221
1344,328,40.0,20.0,50.0,,,3.0,4.0,0.108,0.144,-0.17266494854599052,-0.044675818167229375,-0.026846316885600227
1345,616,,,,199400.0,-7150.0,2.0,2.0,0.03,0.034,0.24712265719108661,-0.8766688129866849,-0.23420457496668898
1348,448,,,,,,2.0,1.0,0.042,0.024,-0.2614733684180893,0.05746491760320793,0.12879042620428371
1349,94,90.0,60.0,60.0,,,0.0,0.0,0.013,0.019,0.14342013492787992,0.09519448348651821,0.04035912875938084
1351,350,,,,,,4.0,3.0,0.128,0.119,-0.06719254520219561,-0.1339178216907359,-0.04088986634951526
1353,505,30.0,20.0,50.0,,,0.0,1.0,0.01,0.019,-0.3406094420496387,0.15067023576070834,-0.12900528250073057
1354,950,50.0,20.0,40.0,998320.0,152570.0,6.0,4.0,0.071,0.053,0.10690144352807857,0.7386371416224479,0.18817442904925794
1357,695,,,,314600.0,16990.0,2.0,2.0,0.039,0.028,-0.03425126014719736,0.2672356945947197,0.14955425737679431
1360,2353,50.0,30.0,60.0,,,3.0,3.0,0.013,0.016,0.017872672754859237,-0.06043584975789109,-0.027200982229110965
1361,121,,,,,,1.0,1.0,0.053,0.076,-0.0689614350865352,-0.018113586344225996,-0.12037902886207957
1362,899,70.0,50.0,70.0,,,1.0,1.0,0.019,0.012,-0.342404151740629,-0.15529200802995546,-0.03805421323090706
1363,641,90.0,60.0,60.0,,,0.0,0.0,0.002,0.002,-0.09041944827915539,-0.060864136387692905,-0.053390059441247056
1365,175,40.0,20.0,40.0,,,1.0,0.0,0.052,0.034,0.24743093325245652,0.24036652139334835,0.23972347915136252
1366,581,50.0,30.0,50.0,,,3.0,4.0,0.068,0.093,-0.22885678088313577,0.46799838905134644,0.11507954512415014
1367,940,,,,159850.0,25820.0,7.0,12.0,0.089,0.153,-0.505869010327591,0.0659654543513832,0.07940584197767664
1369,146,,,,,,0.0,1.0,0.024,0.041,0.28038016507144625,-0.0030290544138090445,-0.002279372460466181
1371,1226,,,,1053610.0,1660.0,15.0,9.0,0.144,0.089,0.2443754663064147,-0.16227568129196349,-0.02025701363376907
1372,794,90.0,40.0,60.0,,,5.0,5.0,0.083,0.068,-0.5198425800334824,0.31953288793226897,0.007797910416424147
1373,262,30.0,20.0,60.0,170380.0,9610.0,1.0,1.0,0.045,0.035,0.6757361499550314,0.17007642144027638,0.11252254925401957
1379,648,,,,224610.0,8570.0,1.0,2.0,0.022,0.045,-0.2024183575748984,-0.05998456066816588,0.01901158769538041
1380,219,,,,17130.0,2680.0,1.0,1.0,0.042,0.055,-0.3796283374560578,0.5778900034404113,0.2539138745175318
1381,873,,,,,,2.0,2.0,0.027,0.026,0.0022117426849165914,0.1185681778461384,0.09034783279451533
1382,548,80.0,50.0,80.0,,,1.0,1.0,0.018,0.016,0.5313183307837618,0.12026326696636226,0.10167980533919972
1386,365,70.0,50.0,60.0,53710.0,1440.0,2.0,2.0,0.058,0.055,0.0191126854609277,0.47399648726442495,0.14493654008822557
1388,179,,,,,,1.0,1.0,0.055,0.046,-0.1053000091107937,0.5852072594269104,0.07238527639012186
1389,174,90.0,40.0,60.0,111480.0,5840.0,0.0,0.0,0.01,0.016,-0.02322828809404749,0.3868545787835781,0.10272197226032101
1391,491,,,,,,1.0,2.0,0.029,0.052,-0.14506536942563453,0.09740191486027065,-0.04472544586675574
1392,2340,60.0,30.0,50.0,,,9.0,4.0,0.047,0.023,-0.022006571305298123,0.18317698121013798,0.05787859577799416
1393,187,,,,34810.0,2490.0,1.0,0.0,0.064,0.028,-0.20587780068179062,0.1773641022536771,0.12935304886505486
1397,102,50.0,30.0,30.0,26410.0,-670.0,0.0,0.0,0.057,0.037,0.46386439558154885,0.21343519108366374,0.13086186864282537
1398,1752,70.0,50.0,60.0,810310.0,65070.0,3.0,3.0,0.018,0.023,0.24139846209836652,0.011032661065632061,-0.03225913090381156
1399,3337,90.0,50.0,60.0,,,5.0,4.0,0.019,0.016,-0.18107751275837047,-0.0983434559011491,0.019373198572316952
1402,717,70.0,40.0,50.0,93610.0,11980.0,2.0,2.0,0.04,0.031,0.2285370829741959,-0.0799166279356757,-0.141019895147065
1404,409,,,,33430.0,1330.0,2.0,3.0,0.058,0.095,-0.0263934548027909,0.6833932733015824,0.21451686346286244
1406,127,60.0,30.0,70.0,,,1.0,0.0,0.084,0.042,-0.18027032575059648,0.1519206907667353,0.0025504416381418177
1407,575,30.0,20.0,50.0,,,1.0,1.0,0.02,0.019,-0.1888286710955696,-0.18688259840339808,0.10160195137662606
1409,2038,100.0,60.0,70.0,,,2.0,1.0,0.011,0.007,0.03855349273945129,-0.5005129669776132,-0.1229358939503297
1410,1035,50.0,30.0,70.0,,,0.0,1.0,0.004,0.015,0.3015082864628105,0.6347933478978377,0.08830724700853684
1411,327,40.0,20.0,40.0,18510.0,-610.0,1.0,2.0,0.038,0.089,-0.2821867208400966,-0.1326005411684549,-0.08149466416024426
1413,101,30.0,20.0,60.0,,,0.0,0.0,0.013,0.007,0.34895282615061807,0.02578028004568028,0.18554162204755933
1414,959,50.0,30.0,50.0,1120080.0,133400.0,2.0,1.0,0.022,0.009,0.12954442578846687,0.36148186278587385,0.20160820147666045
1415,723,100.0,60.0,60.0,1273500.0,145780.0,1.0,1.0,0.023,0.01,0.23692597037560825,0.2598104296168056,0.024667249775400742
1416,87,60.0,40.0,50.0,40720.0,-4220.0,0.0,0.0,0.055,0.035,0.44184889082300893,0.09124475605375731,0.12311537291006959
1417,317,30.0,20.0,20.0,24600.0,-820.0,1.0,1.0,0.027,0.031,0.27203587349346153,-0.15155279747298328,0.0866626044051663
1420,46,,,,28030.0,700.0,0.0,0.0,0.043,0.041,-0.11558196420350837,-0.040815307334322065,-0.10551066178504578
1422,282,,,,112130.0,1190.0,0.0,0.0,0.016,0.019,0.17278303929748878,0.24086479656629925,0.1280552641795339
1426,159,40.0,30.0,50.0,133770.0,11830.0,0.0,0.0,0.024,0.026,0.11804848592320141,0.6485487108048964,0.19888159158130228
1427,635,90.0,40.0,80.0,,,1.0,1.0,0.026,0.02,-0.15678965966862302,-0.10701021291571172,-0.0033260472799437543
1428,379,50.0,30.0,40.0,,,1.0,1.0,0.026,0.024,0.1438066130437078,0.09464590250316213,0.03787192866001088
1429,181,50.0,30.0,70.0,27400.0,3270.0,0.0,0.0,0.021,0.018,-0.11362640692022628,-0.3317146337825013,-0.014953137192053663
1430,808,30.0,20.0,40.0,,,5.0,4.0,0.071,0.055,0.09128423152911738,-0.2372122256284186,0.10303173366799839
1431,131,40.0,20.0,60.0,,,0.0,0.0,0.012,0.012,0.18875793460067164,-0.0828075875185758,0.04454887377611369
1433,318,50.0,40.0,60.0,43140.0,5650.0,1.0,1.0,0.024,0.025,0.314703651324128,0.11322796405236846,0.2030279713014008
1434,672,60.0,30.0,50.0,103760.0,9320.0,5.0,5.0,0.084,0.084,0.13620726133646244,-0.019496365659199377,0.08398387390616951
1435,244,,,,91960.0,19980.0,2.0,1.0,0.074,0.056,-0.3859986315509393,0.4845560285026611,0.15637452016045247
1436,339,40.0,20.0,20.0,60330.0,-2620.0,2.0,3.0,0.053,0.106,-0.12925753692026032,0.32677642781016875,0.04117831386345931
1442,1253,40.0,20.0,60.0,,,3.0,3.0,0.029,0.027,-0.05770476703958566,0.48672460793499134,-0.08253111509838049
1443,1475,,,,,,1.0,1.0,0.007,0.009,-0.06570748492292224,-0.12788100585160694,-0.1019511723355416
1445,938,50.0,30.0,60.0,,,0.0,0.0,0.006,0.005,-0.14384286856642736,0.22231822944204102,0.07725827072124633
1447,722,,,,,,2.0,3.0,0.04,0.057,0.09174995378654208,-0.5001775055374423,-0.05636069644227695
1448,909,,,,554850.0,-4910.0,2.0,2.0,0.027,0.026,0.12954868107512477,-0.20660730144708397,-0.02073790221669962
1450,509,50.0,30.0,40.0,,,1.0,1.0,0.025,0.012,0.10563734736842013,0.14010565350857232,-0.01540303636002733
1451,1391,70.0,50.0,90.0,,,4.0,2.0,0.031,0.018,0.31179960599903134,-0.2011985726459227,-0.12318893795505428
1453,1652,50.0,30.0,50.0,,,12.0,13.0,0.085,0.094,0.6259079516802454,-0.47747810121137674,-0.00134497662992452
1454,1522,40.0,20.0,60.0,,,1.0,0.0,0.004,0.003,0.10785265131680966,0.43556357256468403,0.08647687852428995
1455,597,40.0,20.0,60.0,,,2.0,2.0,0.042,0.048,-0.26649616961753025,-0.014682483004962221,0.15190628243228582
1457,610,90.0,60.0,80.0,90390.0,-1790.0,5.0,4.0,0.097,0.078,-0.12348629504187415,0.03046577229224051,0.05141997195615469
1458,856,,,,241540.0,6550.0,3.0,5.0,0.044,0.065,0.015975603751004583,-0.10951485601849878,0.03175708749073158
1459,801,70.0,40.0,50.0,,,3.0,5.0,0.043,0.068,0.01577967408243018,-0.015652278454651336,-0.08944755972045527
1461,714,,,,,,1.0,1.0,0.02,0.015,-0.029873650547898853,0.30646282286098786,0.039735483067319416
1463,697,50.0,30.0,50.0,,,1.0,1.0,0.009,0.01,-0.2957776379330351,0.34471698842050097,0.06926873166598438
1464,2605,60.0,40.0,60.0,283470.0,35490.0,18.0,13.0,0.082,0.058,0.6336032380857717,-0.0009222806683702733,0.08839087715679766
1467,337,50.0,30.0,40.0,,,1.0,1.0,0.033,0.021,0.49665341562771914,-0.2720148578297335,-0.14802861878880852
1468,1291,,,,419280.0,18360.0,8.0,16.0,0.079,0.151,-0.24180491121892778,0.18766776044679795,0.06088560604052874
1469,11457,30.0,20.0,30.0,3352910.0,304290.0,34.0,31.0,0.035,0.032,-0.147801647195776,-0.467653714150817,-0.10870082976127252
1470,530,,,,536330.0,15040.0,1.0,1.0,0.023,0.014,-0.33712765884252793,0.37298341055796025,0.13720583042587176
1471,350,30.0,20.0,30.0,107370.0,-13450.0,0.0,0.0,0.009,0.006,-0.3149554626705005,0.45196521481159324,0.22057474268620583
1472,262,,,,82600.0,6750.0,1.0,1.0,0.035,0.025,-0.08996662542183105,0.3568468832955328,0.011385238036928428
1475,364,40.0,20.0,60.0,,,0.0,0.0,0.009,0.005,-0.17111721009338537,0.0516449656655982,0.013125053488765089
1478,280,60.0,40.0,60.0,54510.0,7800.0,0.0,0.0,0.017,0.012,0.04551949880243061,-0.13799714907587565,0.11164599762123206
1479,389,,,,,,2.0,1.0,0.059,0.032,0.03390056800635549,-0.01931750311385732,0.001442363445304972
1481,1188,,,,1034050.0,179800.0,12.0,9.0,0.125,0.095,0.31403638192123656,0.3509017166605321,0.02150266962126468
1483,588,,,,113250.0,-2290.0,2.0,1.0,0.031,0.017,0.010840686068957106,-0.25516260863542684,0.09028665954270332
1484,256,80.0,50.0,60.0,119320.0,-780.0,1.0,2.0,0.046,0.075,0.12736206735813727,0.055352725911921696,0.09346773351438183
1488,943,,,,218960.0,-21860.0,8.0,13.0,0.096,0.166,0.28289229660888954,-0.025641750913557554,-0.05243953773723667
1490,123,100.0,60.0,70.0,9530.0,1470.0,0.0,0.0,0.041,0.048,-0.3271025831280499,0.09545535471454503,-0.06193692843813979
1491,147,60.0,30.0,70.0,,,0.0,1.0,0.032,0.045,0.16623137105298813,-0.11757657054619172,-0.1825656970288311
1494,1411,,,,852750.0,2410.0,5.0,8.0,0.046,0.072,-0.009240169592969666,0.5056808266280725,0.3392370228122137
1495,618,30.0,20.0,40.0,120210.0,-4760.0,1.0,0.0,0.021,0.01,0.25574979376813783,-0.015485501619081868,0.028967659371149253
1496,139,40.0,20.0,50.0,32740.0,820.0,1.0,1.0,0.053,0.053,-0.32713965566361936,0.21342894206809881,0.07225237632463571
1498,397,30.0,20.0,30.0,,,1.0,1.0,0.032,0.026,0.20832410563403708,-0.269323009347583,-0.048047119916007214
1499,498,,,,,,2.0,2.0,0.044,0.046,0.3132804109126389,-0.14173379065434968,-0.10210193381518218
1500,233,50.0,20.0,60.0,,,1.0,1.0,0.031,0.066,-0.4263613077117918,-0.2209709115251027,0.08114709668984793
1501,202,60.0,30.0,60.0,74650.0,8110.0,0.0,0.0,0.021,0.02,-0.06253056259027709,0.1720792655119499,0.06571103759962652
1503,232,40.0,20.0,40.0,,,0.0,1.0,0.023,0.026,-0.007986127935193675,0.27063383215408454,0.10485209602171325
1504,102,50.0,30.0,40.0,5110.0,280.0,0.0,0.0,0.019,0.023,-0.01887362863162094,0.5268679269223022,0.14439395013130324
1505,388,,,,,,1.0,1.0,0.023,0.036,-0.019590073558311397,0.07411523184136459,0.08553413764094607
1508,343,40.0,30.0,40.0,,,2.0,3.0,0.077,0.12,0.19821480932478575,0.025642093203782218,0.09037958294674486
1511,306,,,,47540.0,3480.0,0.0,0.0,0.014,0.01,-0.0663503782870585,0.08442189781805232,0.19928135440653735
1512,2086,70.0,50.0,50.0,941600.0,-62610.0,6.0,7.0,0.033,0.038,-0.3566669351679897,0.4948976117752668,0.25168242808480623
1513,63,,,,,,0.0,0.0,0.019,0.019,-0.014243972877799577,0.44416429426397147,0.003342545312528193
1514,32,,,,2610.0,-110.0,0.0,0.0,0.054,0.045,0.18557455036250375,-0.37828844467769185,0.031101792467250054
1515,522,90.0,40.0,70.0,94800.0,7910.0,2.0,2.0,0.042,0.052,-0.41341969090684466,-0.4715116790390805,-0.17232712046044368
1516,235,40.0,20.0,50.0,,,0.0,0.0,0.018,0.02,0.15385800870549665,0.2466259512911456,0.10599723091924909
1517,2447,,,,377580.0,39310.0,2.0,3.0,0.011,0.015,-0.09220614276191823,0.22327963069499673,0.10509738395049525
1518,865,70.0,50.0,70.0,418790.0,87810.0,1.0,0.0,0.01,0.006,-0.15581695031237996,-0.13860667954373104,0.09250288773219498
1519,689,,,,,,1.0,2.0,0.014,0.027,-0.13191307286046078,-0.012937362941276037,0.12359750372388455
1520,733,,,,82070.0,14350.0,3.0,7.0,0.057,0.11,0.04461612162747168,-0.4038895760497736,-0.1520752063226626
1522,334,70.0,30.0,70.0,,,1.0,0.0,0.027,0.014,0.17460411539933177,0.7043680374840712,0.2360621011324047
1523,2862,70.0,50.0,70.0,,,18.0,19.0,0.077,0.078,0.2067273772931475,0.2657448199180612,0.1569117895969614
1525,286,60.0,30.0,40.0,83110.0,-7590.0,1.0,1.0,0.022,0.041,0.2858075717393677,-0.02887526320218363,0.05154423873796448
1527,581,,,,,,4.0,4.0,0.08,0.093,0.10693959801502495,-0.18826239664166486,-0.12646904997020159
1528,819,80.0,40.0,80.0,,,2.0,1.0,0.023,0.013,0.022300226942051336,0.0786284415720673,-0.1284324906911273
1529,107,,,,,,0.0,0.0,0.015,0.015,-0.2467720759830378,0.0816040236539747,0.08115788756815122
1530,295,60.0,40.0,70.0,86840.0,-1780.0,1.0,1.0,0.052,0.041,-0.06841873119773885,-0.22231689784169062,0.032776843852208956
1531,1323,,,,136190.0,28610.0,1.0,1.0,0.012,0.013,0.25344061877636015,0.3940887895113517,-0.0040888012246993455
1532,328,50.0,40.0,60.0,253380.0,-10.0,0.0,0.0,0.01,0.008,-0.14997898703827156,0.052673470641795554,0.05239999702595323
1533,95,,,,,,0.0,0.0,0.02,0.04,-0.11914937647143593,0.04688818002660543,-0.017959746350583387
1538,217,50.0,30.0,40.0,193470.0,-6780.0,0.0,0.0,0.025,0.024,-0.25384538443068727,-0.021204490513822165,0.005155852692400067
1539,522,40.0,20.0,40.0,,,2.0,2.0,0.048,0.054,-0.04333088997003623,-0.45711627103080005,-0.058197744375202115
1540,413,,,,259610.0,4380.0,2.0,1.0,0.048,0.025,0.16092811914022415,0.09761563241459294,0.023506190174997735
1542,2307,50.0,30.0,50.0,,,1.0,0.0,0.003,0.002,0.12564964060853495,0.4084595217168999,0.05100029058776516
1544,119,40.0,20.0,40.0,11050.0,1330.0,0.0,0.0,0.028,0.021,0.17765052156751804,-0.01717328312566875,0.03740764360059488
1545,329,60.0,40.0,70.0,142630.0,-7730.0,0.0,0.0,0.004,0.005,0.1273999427824592,0.20201861915629304,-0.012965080864288964
1546,1566,50.0,30.0,50.0,265680.0,8130.0,3.0,7.0,0.025,0.057,-0.1902151886297283,-0.15659604522718962,0.0464266545289648
1547,246,50.0,30.0,60.0,,,1.0,1.0,0.044,0.03,0.34322769123654073,-0.21787716901648535,0.04840359862048012
1548,628,20.0,10.0,30.0,,,1.0,1.0,0.025,0.017,-0.05555927147862352,-0.33949319929150923,-1.8605325811799078e-06
1549,350,,,,91750.0,3260.0,2.0,1.0,0.06,0.036,-0.3525943365401712,0.030781098498056964,0.09255393644118376
1552,811,,,,296190.0,57450.0,3.0,1.0,0.04,0.019,0.035563153815349635,-0.010412492957686464,0.011442545021194035
1553,171,60.0,30.0,60.0,,,0.0,0.0,0.019,0.022,-0.03229440940000805,-0.19793622085582357,-0.04923139286352371
1554,239,60.0,40.0,60.0,66520.0,2880.0,0.0,1.0,0.02,0.035,0.09747101608632734,0.3707943139994738,0.0534997143468441
1559,163,,,,146130.0,35320.0,1.0,1.0,0.079,0.042,0.31740179261930057,-0.684947610002671,0.034709362668670724
1561,429,90.0,50.0,60.0,118790.0,2730.0,1.0,2.0,0.041,0.066,-0.015426802604156742,0.33391904339554557,0.039225358688799325
1562,539,40.0,20.0,50.0,,,2.0,2.0,0.04,0.049,-0.23142781302279875,-0.22578147449085026,-0.08024737807032631
1564,373,80.0,50.0,60.0,190610.0,-2390.0,1.0,2.0,0.035,0.06,0.15526890233185558,-0.08480308205846349,-0.053894853819868555
1565,172,80.0,50.0,50.0,35650.0,-780.0,0.0,0.0,0.013,0.022,-0.03090065031173625,0.016380184540320294,-0.06185714291614927
1567,331,80.0,40.0,70.0,109580.0,8620.0,1.0,2.0,0.037,0.059,-0.027277850257038647,-0.06793109426722427,-0.03428327775593479
1569,94,,,,,,0.0,0.0,0.034,0.049,-0.09077603116987283,0.031536902879019314,0.035165860779949265
1570,2319,40.0,30.0,40.0,,,10.0,10.0,0.051,0.054,0.035243586191547854,0.09033323388459552,-0.10498317993374498
1571,237,70.0,40.0,50.0,,,1.0,0.0,0.037,0.021,-0.30136778991882285,0.10885830744872445,0.08430404900021649
1572,363,80.0,50.0,70.0,21900.0,-2760.0,2.0,2.0,0.059,0.057,0.04120924180821236,-0.12053831720252996,0.047653377782923376
1573,1200,,,,160680.0,-7260.0,1.0,1.0,0.005,0.005,0.13293703597594397,-0.3984593849305732,-0.05359501286578387
1574,970,40.0,30.0,40.0,,,6.0,6.0,0.068,0.069,-0.3165567223545407,-0.23120161618626583,-0.058048926525723674
1577,7284,,,,618070.0,-20820.0,27.0,60.0,0.044,0.099,0.3837149348476443,0.5106013254572984,0.177164502360921
1578,319,,,,,,2.0,4.0,0.074,0.146,0.013772366646557517,0.21941183458167246,0.08252090096037104
1579,720,,,,,,1.0,1.0,0.021,0.011,-0.16113246085169686,0.2738047913869787,-0.0468340135484462
1581,228,60.0,30.0,70.0,138770.0,-3410.0,0.0,0.0,0.016,0.025,0.15121885159216236,0.4780174877227142,0.02766697719730514
1583,394,70.0,40.0,60.0,124380.0,2280.0,3.0,1.0,0.08,0.043,0.08516822185464817,0.4816924864849276,0.13778599918898632
1584,425,30.0,20.0,40.0,44730.0,8100.0,2.0,2.0,0.056,0.051,0.268929922518005,-0.829953844531215,-0.20082115052340227
1590,26,40.0,30.0,40.0,,,0.0,0.0,0.002,0.003,0.23193099507816567,-0.4886640217664681,0.02844251223500062
1591,2060,70.0,40.0,60.0,312500.0,27060.0,6.0,4.0,0.034,0.026,-0.29447143087823713,0.4071548944685842,0.04084139038829659
1592,167,60.0,30.0,60.0,38190.0,6410.0,1.0,0.0,0.045,0.027,-0.2092289945167355,-0.023864635648464493,-0.03450870098099641
1593,166,,,,37360.0,540.0,0.0,0.0,0.006,0.008,0.09873897055323506,-0.014320128163670148,0.08867599967358812
1594,654,60.0,40.0,60.0,194290.0,-7850.0,3.0,3.0,0.048,0.048,-0.07061602039448048,0.442281742184364,-0.01456446576360796
1596,592,,,,,,1.0,3.0,0.03,0.056,-0.014668749537030915,0.26072047504366164,-0.011035376874734229
1597,197,,,,131020.0,-9830.0,1.0,2.0,0.032,0.095,0.14472274654564088,0.12693724637072892,0.10735489702716947
1600,751,30.0,20.0,40.0,,,1.0,1.0,0.016,0.017,-0.206844059326301,-0.05505692661298091,0.04709482131512979
1604,840,40.0,20.0,50.0,,,1.0,1.0,0.013,0.009,0.03103327289513747,0.6417736682046857,0.2031152537243642
1609,91,50.0,30.0,60.0,,,0.0,0.0,0.023,0.031,0.06280018755082473,0.1380997428911729,-0.032163286682696995
1610,124,30.0,20.0,30.0,29860.0,1500.0,1.0,1.0,0.09,0.095,-0.11393069868647233,0.0788401919704054,0.020513670032050263
1611,618,50.0,30.0,80.0,159960.0,-2450.0,1.0,2.0,0.022,0.03,0.17176247432277048,-0.4393750147254041,-0.13770691201901433
1612,170,70.0,40.0,60.0,,,2.0,5.0,0.112,0.356,0.09537686725820836,0.25666724494421067,0.10954614779887309
1613,630,80.0,40.0,60.0,492480.0,8500.0,1.0,1.0,0.012,0.014,0.15585457101083267,0.1250621565308145,-0.008335863415871642
1615,4376,60.0,30.0,40.0,556290.0,9310.0,22.0,18.0,0.061,0.048,0.34343863420579895,-0.3148799434538015,0.07863223338871414
1616,109,,,,,,1.0,1.0,0.087,0.075,-0.11863434459738954,-0.4421012410240742,-0.11446373244309241
1618,1214,,,,160330.0,15600.0,8.0,17.0,0.083,0.17,0.11072066017230939,0.4640932346645593,0.022685367307803305
1621,6406,40.0,20.0,60.0,,,29.0,28.0,0.055,0.052,-0.244799687699774,-0.12621139961980649,-0.036847362851584436
1622,160,50.0,20.0,50.0,,,0.0,0.0,0.019,0.023,-0.05541613885867187,-0.0993548759929534,0.13629281121465
1627,501,40.0,30.0,40.0,110860.0,5760.0,3.0,7.0,0.074,0.157,-0.1644960262395867,-0.12694807678344153,-0.025182613822938488
1628,872,,,,300550.0,-18060.0,0.0,0.0,0.005,0.003,0.0564376871659525,-0.6485812317023855,0.0038380671308713005
1632,158,,,,,,0.0,0.0,0.005,0.006,0.1865524874989628,0.10350697226139777,0.03272040506588547
1633,690,40.0,30.0,40.0,,,7.0,4.0,0.114,0.076,-0.03843890554689587,0.6370459642802059,0.19963298512186994
1637,759,,,,724390.0,150940.0,1.0,1.0,0.013,0.018,0.34215273154175124,0.05273010015268434,0.07951227937434624
1640,658,,,,,,1.0,0.0,0.014,0.007,0.18781780679363108,0.25825831621525874,-0.021576730564880915
1641,293,,,,21280.0,260.0,0.0,1.0,0.015,0.026,-0.0894459514893761,-0.14523264294119828,-0.09152954159374532
1643,71,,,,,,0.0,0.0,0.016,0.021,-0.30631313229329477,-0.08256453154230076,-0.08452764775662985
1645,2922,30.0,10.0,30.0,,,1.0,1.0,0.004,0.004,0.10975212822929159,0.03702346993131761,0.26332749195726934
1648,388,70.0,30.0,60.0,,,1.0,1.0,0.025,0.026,-0.15325523707952643,0.1984431601526969,0.024596428027409318
1649,158,80.0,40.0,80.0,,,1.0,1.0,0.076,0.06,-0.23224563559131844,0.3933659456038057,0.10166755742303703
1654,261,,,,,,0.0,0.0,0.002,0.002,0.21431163690814553,-0.8513149580243742,-0.07588143700541389
1655,1021,,,,309430.0,-13320.0,2.0,1.0,0.018,0.01,0.09570014897489451,0.06589919979223972,0.04098264883160915
1656,182,,,,58050.0,9990.0,1.0,2.0,0.064,0.101,0.022133189194542244,-0.29793966515991555,-0.017815704173162965
1657,355,70.0,40.0,60.0,,,1.0,1.0,0.032,0.038,0.05355511927983561,0.14704805726991368,0.02213340145077774
1661,147,,,,,,0.0,1.0,0.035,0.089,-0.18382333243832139,0.5533358589409335,0.07444139004811268
1662,720,,,,82440.0,-1380.0,0.0,0.0,0.006,0.005,-0.03871691875643049,0.7029473108692169,0.17488503823574636
1663,476,30.0,20.0,50.0,,,0.0,1.0,0.01,0.014,-0.4032913500764521,0.9064273912377756,0.23340354991077888
1666,2219,50.0,30.0,50.0,,,5.0,5.0,0.029,0.028,0.10828571540364426,-0.23638805769466886,0.04362451317554774
1667,297,,,,,,1.0,1.0,0.025,0.027,0.2512439908279329,0.1789225688896738,-0.06958790754706452
1669,582,,,,165740.0,23000.0,1.0,1.0,0.018,0.016,0.2798212515004528,0.09300653897711114,0.15982795775703898
1670,582,,,,,,2.0,2.0,0.039,0.031,-0.16071736116895147,0.3139950091212789,0.09181874035562435
1672,577,,,,71670.0,1570.0,2.0,1.0,0.034,0.027,-0.09893365693772456,0.5809385279981665,0.0822057483531472
1673,2387,,,,3632800.0,216380.0,4.0,1.0,0.019,0.005,-0.14418035643052746,0.2061848271256994,-0.054669660912526646
1674,531,,,,,,4.0,1.0,0.083,0.031,0.14303036204568198,-0.061128465610107874,-0.006001736495729555
1677,86,,,,42500.0,-2630.0,0.0,0.0,0.014,0.023,0.24371260460406485,-0.27299580403805185,0.052660711746304004
1680,71,,,,,,0.0,0.0,0.011,0.022,-0.2872251297261192,0.41768757807745077,0.06655865547302744
1682,237,,,,,,0.0,0.0,0.024,0.018,0.32316479591801567,-0.02865094930067246,0.03144306623309158
1685,765,80.0,60.0,50.0,448090.0,9340.0,3.0,3.0,0.046,0.041,0.06315500976795355,-0.3858356066088839,-0.14474209768431853
1688,291,,,,,,0.0,0.0,0.005,0.006,-0.2619107707238673,0.0953689292454937,0.060829389740290896
1690,614,60.0,40.0,60.0,,,2.0,1.0,0.04,0.018,0.15092875129460875,-0.03046213657041158,-0.09468553232365187
1691,520,,,,,,1.0,0.0,0.021,0.01,0.15578827149641117,-0.020591960825224607,0.016915187267761506
1693,172,60.0,30.0,60.0,,,0.0,1.0,0.023,0.048,0.08094307351109946,-0.30422808317944167,-0.04070758924811546
1694,121,50.0,30.0,70.0,,,0.0,0.0,0.012,0.018,-0.05287127785713236,-0.26291432409499643,0.0051850324901557485
1695,506,60.0,40.0,50.0,95650.0,21680.0,2.0,1.0,0.04,0.022,0.11713840665573134,0.31821043675443905,0.1295411083841772
1696,2029,60.0,40.0,70.0,942360.0,-43580.0,2.0,3.0,0.014,0.018,0.010245433497740292,-0.25899841600401396,0.04671310762884229
1697,314,50.0,40.0,70.0,73480.0,4120.0,0.0,0.0,0.014,0.013,0.27211422945386343,0.26076304341678314,-0.0183364268262182
1698,677,50.0,30.0,50.0,,,2.0,2.0,0.035,0.04,0.23795379450500698,0.6237471856177373,0.2694674501016138
1700,269,,,,,,1.0,1.0,0.036,0.06,0.5375710359309941,-0.1651992155200222,0.07181681038401005
1702,138,,,,46500.0,-3470.0,0.0,1.0,0.037,0.055,-0.13394878509253744,-0.3612797300037316,-0.15462982002049414
1703,870,40.0,20.0,40.0,,,6.0,5.0,0.083,0.063,0.06892575828866045,-0.1362362376963244,0.013829825403755918
1704,233,60.0,40.0,50.0,,,0.0,0.0,0.01,0.009,0.026298876088315448,-0.3604830057930052,0.04867456596750973
1709,134,,,,,,1.0,2.0,0.101,0.196,-0.36069137304509885,0.5248239073392318,0.27865349984900933
1710,609,60.0,30.0,70.0,,,0.0,0.0,0.002,0.002,-0.08686276890425472,0.34596493204142864,0.07234940132945479
1712,64,,,,,,0.0,0.0,0.069,0.044,0.3647045731636801,-0.17268819947589298,-0.0562896549111636
1713,655,,,,,,3.0,3.0,0.053,0.051,0.18453608719526182,0.3850919929708765,0.0924575275737709
1714,322,,,,203760.0,16050.0,1.0,2.0,0.047,0.075,0.4039933542726273,0.17767378141001383,0.022751029778439773
1715,619,60.0,40.0,50.0,87650.0,22060.0,4.0,3.0,0.083,0.066,-0.042299393552742065,-0.10176755766738338,0.16704839053535242
1717,377,40.0,20.0,50.0,,,2.0,2.0,0.061,0.056,-0.25417201865882505,0.018073576238800366,-0.003730185297004432
1718,890,60.0,30.0,50.0,170750.0,23180.0,4.0,3.0,0.05,0.045,0.009905394557931546,0.1146902123139963,0.09850160963995437
1720,825,30.0,20.0,40.0,,,3.0,5.0,0.051,0.069,-0.29667529975165047,-0.2073996905251853,-0.05325117083561623
1722,251,30.0,20.0,40.0,,,1.0,1.0,0.03,0.033,0.4428318810659946,0.5861355549611446,0.056071221507602576
1723,149,50.0,30.0,50.0,37120.0,9180.0,0.0,0.0,0.039,0.018,0.14215380792284787,0.38192929556670435,0.1484294250128108
1724,313,130.0,70.0,70.0,,,2.0,2.0,0.08,0.082,-0.12168076918054689,0.28213098089757593,0.06206397049691709
1725,1408,50.0,20.0,60.0,,,1.0,1.0,0.005,0.008,0.4806834162192378,-0.505822612819176,0.0782559412553048
1726,1356,40.0,20.0,40.0,,,6.0,10.0,0.052,0.085,-0.16228959242582447,0.1735756727062192,-0.01897917723435573
1727,914,,,,,,1.0,1.0,0.007,0.008,0.10833029109647885,0.30404710606044727,0.08240645533027185
1728,341,30.0,10.0,40.0,27070.0,1890.0,1.0,1.0,0.031,0.028,0.009476115779285761,-0.20959511796423386,-0.15192452474806223
1730,423,,,,,,1.0,1.0,0.036,0.026,-0.06563064913740062,-0.1710013851688421,0.07560601609017759
1731,387,,,,66400.0,4630.0,2.0,2.0,0.048,0.055,0.4445228278923073,0.3622149282086325,0.17487286641274
1733,172,,,,63570.0,14160.0,0.0,0.0,0.007,0.009,-0.07409661320487099,-0.10018134345595803,-0.020757615590833084
1735,1062,90.0,60.0,80.0,,,11.0,8.0,0.121,0.089,0.5037632716710505,0.07551776231683686,-0.044725870394082504
1736,182,,,,,,0.0,0.0,0.01,0.008,0.24668457301961372,0.4533202958271161,0.20418251047451816
1737,763,80.0,40.0,60.0,67710.0,-4670.0,1.0,1.0,0.016,0.015,-0.003651260577165881,0.1525001411955918,-0.13402786621306922
1738,511,,,,,,2.0,2.0,0.057,0.036,0.06024380572975237,-0.38008437875725914,0.08426511634640121
1741,336,100.0,50.0,60.0,,,0.0,0.0,0.007,0.011,0.22193449007730387,0.06268143577657946,0.09854270761978523
1744,282,,,,83830.0,7860.0,1.0,2.0,0.033,0.067,-0.24444342335907787,0.3136006397551238,0.12448829711674236
1745,1868,70.0,40.0,50.0,286330.0,12410.0,9.0,10.0,0.059,0.067,0.47541914924871626,0.09388672095692394,-0.1222417761699067
1747,547,40.0,20.0,50.0,,,2.0,2.0,0.045,0.04,0.27739748044933865,0.26825941339610615,0.1387308332655243
1748,727,,,,,,5.0,6.0,0.09,0.092,-0.18305142609103692,-0.14177209715204808,0.03833431239641005
1749,164,50.0,30.0,70.0,173190.0,41960.0,0.0,0.0,0.019,0.016,0.382062943179969,0.05208128029332396,0.029799472029616397
1751,2895,50.0,30.0,70.0,,,6.0,3.0,0.025,0.014,0.17317097565955403,0.1843198386173657,0.11080576669979325
1753,358,90.0,50.0,60.0,124180.0,13220.0,1.0,1.0,0.036,0.035,0.09103830631361988,0.09069136342294419,-0.059037762534895316
1754,310,,,,,,2.0,1.0,0.065,0.042,0.28890994159237665,-0.09949598109220892,0.17131010448123493
1755,937,,,,,,4.0,6.0,0.05,0.071,-0.07252416415755586,0.19077525049061,0.14908390294650406
1756,492,60.0,40.0,50.0,230900.0,11400.0,4.0,4.0,0.101,0.092,0.0229548137445561,0.48845552955463484,0.03479786923551645
1757,568,50.0,30.0,70.0,273590.0,9530.0,1.0,2.0,0.03,0.033,-0.3513328931908178,-0.4594618013465564,-0.18772471994552586
1758,153,60.0,30.0,60.0,9950.0,-350.0,1.0,1.0,0.059,0.042,-0.07953141434343579,0.13892662924384383,-0.02679313088405691
1759,188,40.0,30.0,50.0,48580.0,2240.0,1.0,0.0,0.044,0.031,0.1549909928256087,0.27562570666240244,0.12533050821635178
1760,804,80.0,40.0,70.0,,,1.0,1.0,0.014,0.014,0.19833745520091572,0.25133220887332175,-0.08230821846209871
1761,3541,60.0,40.0,80.0,,,31.0,20.0,0.107,0.066,0.34256472449,0.27183515032874717,0.05484566014275832
1762,1197,80.0,50.0,50.0,1512870.0,-54640.0,3.0,3.0,0.025,0.03,0.1634993805885373,0.12908611636849857,0.009064111670553394
1763,725,,,,376080.0,-24230.0,4.0,12.0,0.065,0.198,-0.09540249781878117,-0.15240215024337933,0.04359080349111686
1764,127,50.0,30.0,70.0,,,1.0,1.0,0.1,0.075,-0.05832457700955186,0.14641898718704366,0.1267533563617731
1765,562,,,,79110.0,880.0,1.0,1.0,0.016,0.024,0.13324284209932732,0.5544627358479991,0.19587340055302924
1767,1244,50.0,20.0,50.0,381070.0,31000.0,3.0,2.0,0.027,0.019,0.3102665944394652,-0.021011736964291497,-0.037604640612018986
1770,5287,70.0,40.0,60.0,,,12.0,15.0,0.028,0.033,0.5224316781415812,0.18465186693668656,0.10827162667652654
1771,477,,,,140970.0,12480.0,3.0,5.0,0.069,0.12,0.38384029187524193,0.10788775293461805,0.0752972583159367
1772,247,40.0,20.0,40.0,,,1.0,1.0,0.024,0.033,-0.08536743392960776,0.2318506524560307,-0.10932623703770736
1775,204,30.0,20.0,60.0,,,0.0,0.0,0.024,0.018,-0.130199538454298,0.1351868270225237,-0.018663026553666973
1777,106,50.0,30.0,70.0,,,0.0,0.0,0.018,0.035,0.31805448040813206,-0.2364307328029866,-0.056454492138340764
1779,689,,,,,,0.0,1.0,0.008,0.01,-0.4250414749773512,0.18334366517844042,0.09964941971867321
1780,366,50.0,30.0,60.0,,,0.0,0.0,0.005,0.007,-0.3738322509600009,0.2948652379710509,0.14741948644650973
1781,286,60.0,30.0,60.0,129680.0,8260.0,1.0,1.0,0.045,0.058,-0.04697997024924383,-0.24569974034613679,-0.11315421273587842
1782,149,,,,34150.0,5300.0,1.0,3.0,0.111,0.234,-0.11833732988972574,0.2237781744291693,-0.005145661027939806
1783,181,,,,,,1.0,2.0,0.059,0.109,0.21137124479583863,-0.341640941885896,-0.09521591284839104
1786,604,110.0,70.0,60.0,,,0.0,0.0,0.004,0.004,-0.007465398420096241,-0.26484060416248245,-0.04792720467461582
1789,742,,,,,,4.0,3.0,0.067,0.05,0.021110234287226987,-0.23725654350787231,0.019253072044056012
1790,840,60.0,40.0,50.0,,,2.0,3.0,0.028,0.037,-0.05127816819780341,-0.21035662064888724,-0.2022759277809195
1792,234,40.0,20.0,50.0,,,0.0,0.0,0.017,0.016,0.3280747521797447,-0.0038054053679145716,0.09425847741031623
1793,677,,,,,,2.0,1.0,0.032,0.021,0.0906027732923323,0.01419035278923296,0.04523827966920858
1794,1451,40.0,20.0,40.0,184880.0,680.0,4.0,14.0,0.031,0.119,0.04615086007615821,1.1738807753196927,0.173756390596777
1795,853,,,,,,4.0,3.0,0.058,0.044,0.07518630528667815,-0.23471733559914243,-0.08820214615969792
1796,607,,,,,,2.0,3.0,0.036,0.059,-0.10950738593531194,0.16863297847629302,0.07993820321419076
1799,115,20.0,20.0,40.0,106990.0,-680.0,1.0,1.0,0.088,0.083,0.2798760871315776,0.22322941056271806,0.17660094061616138
1800,378,90.0,40.0,70.0,120050.0,2830.0,1.0,1.0,0.033,0.044,-0.2642952834103225,-0.2470929143484252,-0.031848914868418905
1801,214,,,,,,1.0,1.0,0.055,0.07,0.1948418651456713,0.5747224417285719,0.07295390059892573
1802,507,50.0,30.0,40.0,249680.0,9820.0,1.0,1.0,0.024,0.022,-0.2009032188323342,-0.4580126901269419,-0.15932582133767512
1804,817,,,,186230.0,14280.0,0.0,0.0,0.006,0.006,0.4651432864031128,0.7244533662718972,0.06718803511983344
1809,915,70.0,30.0,60.0,,,2.0,3.0,0.022,0.036,0.13647034795172186,0.012295830771333331,0.007486701305172198
1811,249,60.0,30.0,50.0,19220.0,110.0,0.0,0.0,0.005,0.006,0.03925759998774678,0.18034289191370434,0.08342443408633146
1813,395,60.0,30.0,50.0,368560.0,57310.0,0.0,0.0,0.003,0.01,0.29061919570327727,0.3330635176075692,0.14921874722247958
1814,2890,,,,,,1.0,1.0,0.004,0.004,0.3319758479146805,0.5607882430330314,0.10568092725638155
1815,74,,,,41090.0,4030.0,0.0,0.0,0.065,0.041,0.05025305010795589,-0.2791850249594861,-0.04839438388243089
1816,199,40.0,20.0,60.0,129720.0,14820.0,1.0,1.0,0.034,0.032,-0.2018234016620351,0.08661703739602139,0.038315752256443784
1817,608,,,,,,1.0,1.0,0.018,0.02,0.44510306968366553,0.4001936512044505,0.1878050370418985
1818,1003,50.0,30.0,50.0,,,6.0,6.0,0.078,0.073,-0.053793212302015336,-0.30666521408408287,0.00965960869604197
1819,483,130.0,70.0,100.0,,,2.0,2.0,0.042,0.058,-0.1818871297119481,0.13930191933367483,0.15103820765881895
1820,773,,,,,,5.0,6.0,0.077,0.099,0.10134109280595724,0.48516667128649477,0.17096349468160657
1822,369,,,,,,1.0,1.0,0.036,0.03,0.08415372039866609,0.10591875011451947,0.015806100602992493
1823,229,70.0,40.0,40.0,,,1.0,1.0,0.057,0.039,-0.2445746717597584,0.38470783123074137,0.080883601824735
1824,108,40.0,20.0,50.0,38040.0,1660.0,0.0,0.0,0.015,0.014,0.42945660286464427,0.14825231322505086,0.0769567305541145
1827,95,,,,21990.0,2440.0,0.0,0.0,0.013,0.008,0.037936279798150604,0.30691697334822743,0.08642130640884749
1830,72,,,,21470.0,-150.0,0.0,1.0,0.069,0.092,-0.22473467201713976,0.05812651390982622,0.01590589810720681
1832,398,80.0,40.0,80.0,520310.0,20930.0,0.0,0.0,0.005,0.003,0.07530823277207907,-0.08676725454162129,-0.1774191172479762
1834,128,50.0,30.0,50.0,,,0.0,0.0,0.026,0.036,-0.11864676041832813,-0.24536946661400533,-0.053278988364782065
1835,523,50.0,40.0,50.0,,,6.0,5.0,0.137,0.108,0.09271404295139093,0.043720328926784846,-0.14739776328996046
1836,150,60.0,30.0,60.0,,,0.0,1.0,0.019,0.059,-0.13867786980986035,-0.17361304384506315,0.02417934443853948
1837,290,,,,,,1.0,1.0,0.044,0.05,0.02606580944914487,0.15830675690241441,-0.0479256802956602
1839,580,60.0,30.0,70.0,,,1.0,1.0,0.03,0.031,0.11173675443728583,-0.08727686557003034,-0.003994015264578647
1842,2026,40.0,20.0,40.0,328110.0,-17480.0,19.0,12.0,0.114,0.071,0.0836485777410433,-0.06056663453192119,-0.028078055514945965
1846,532,50.0,30.0,50.0,,,1.0,0.0,0.024,0.011,0.5595003057762395,0.21521731917546205,-0.022528053080532316
1847,2276,,,,,,1.0,1.0,0.004,0.004,0.34843896557538934,0.5552095642212397,0.07848276103479075
1848,490,60.0,30.0,50.0,145340.0,24050.0,1.0,1.0,0.032,0.035,0.27831410125043315,-0.03550206151301205,0.031970923080393635
1849,753,50.0,30.0,40.0,,,4.0,4.0,0.057,0.067,0.1500062561058801,0.180265751316261,0.06061580445965637
1850,1276,80.0,50.0,60.0,,,2.0,2.0,0.019,0.015,0.12182260243431178,-0.03207319570014838,0.06280561400564016
1852,263,30.0,20.0,30.0,74940.0,-4290.0,3.0,2.0,0.118,0.107,0.13387793937840248,-0.38227253155950736,0.07002371878364388
1854,269,40.0,20.0,50.0,85160.0,14140.0,1.0,1.0,0.06,0.035,-0.2629482809119633,0.4121690071771814,0.08266357069353339
1856,184,90.0,40.0,70.0,105160.0,10510.0,1.0,1.0,0.046,0.044,0.3044767087095719,0.40648007992053503,0.1781234632499043
1857,820,,,,114260.0,7000.0,2.0,1.0,0.028,0.02,0.3001344295957215,0.43667530772713464,0.03802546686567416
1859,1301,60.0,40.0,40.0,332770.0,6530.0,1.0,1.0,0.007,0.006,-0.3353657690100561,0.039391785195892315,0.014990342920437499
1860,103,40.0,20.0,50.0,30180.0,-70.0,0.0,0.0,0.016,0.009,-0.0670532871843337,0.21599437808001498,0.1095740016659726
1861,152,,,,46780.0,8000.0,1.0,0.0,0.044,0.038,0.21825337458635702,-0.1397191232877494,-0.13323139904538564
1863,56,,,,42730.0,260.0,0.0,0.0,0.074,0.049,0.1758469406358158,0.34046882296956127,0.3076564999086402
1864,2462,70.0,50.0,80.0,,,6.0,8.0,0.03,0.04,0.5076337059661116,0.043118369028038186,0.07951236890230408
1866,333,,,,185630.0,8230.0,1.0,0.0,0.018,0.008,0.008732815278483033,0.14820382291087067,0.023179972184960873
1867,633,,,,,,4.0,9.0,0.07,0.176,-0.16718847362346045,0.39258271876413414,0.20335496262068478
1868,474,60.0,40.0,70.0,75410.0,-9340.0,3.0,2.0,0.077,0.046,0.5303686809688427,-0.46352427726812745,0.01758360850104495
1869,1406,50.0,30.0,50.0,858520.0,27500.0,5.0,6.0,0.046,0.052,-0.3192221091644932,-0.3441218593920335,-0.009273726135932588
1870,4090,50.0,30.0,40.0,460230.0,-12200.0,26.0,33.0,0.076,0.097,0.1244076684576912,-0.3217184183938625,-0.08623205176703176
1872,213,110.0,60.0,70.0,124820.0,11200.0,3.0,4.0,0.143,0.206,-0.11312210427695336,-0.09890211603153781,-0.04980098515791073
1873,953,,,,,,2.0,1.0,0.027,0.017,0.034596917901001535,0.3195766222735266,0.1571509378289749
1876,423,50.0,30.0,60.0,,,1.0,1.0,0.034,0.037,-0.15176805516158853,0.20644285798411538,0.005218740971457365
1879,146,60.0,40.0,60.0,,,0.0,1.0,0.026,0.085,-0.016549504667262904,-0.2942691193349184,-0.08286392386265115
1880,225,50.0,30.0,60.0,,,1.0,1.0,0.028,0.037,-0.14493158440427467,0.05597514382712318,0.06346183947854808
1881,401,30.0,20.0,40.0,,,0.0,0.0,0.011,0.006,-0.22187278175604253,0.16368803583594851,0.03225747211188792
1882,106,70.0,50.0,50.0,46560.0,12040.0,1.0,1.0,0.077,0.06,0.3259251736784507,0.4690027480785594,0.024771841229788864
1883,8250,80.0,40.0,70.0,,,5.0,10.0,0.007,0.014,-0.16356820419050466,0.39810241473069446,0.010828566784393083
1885,1291,,,,,,2.0,2.0,0.022,0.019,0.4276826707567369,-0.01151577412962379,0.13467020805627367
1887,134,,,,8630.0,790.0,1.0,1.0,0.076,0.08,0.18862665699965347,-0.01723445925160646,0.01236284836780861
1889,885,80.0,40.0,70.0,115640.0,-9820.0,1.0,2.0,0.013,0.022,0.2977228214874871,0.4515170930620659,0.039170776438593714
1891,259,60.0,40.0,60.0,,,1.0,1.0,0.069,0.057,0.22754756662004255,0.12831068967510054,0.039073547203911166
1894,1006,50.0,20.0,60.0,586520.0,44860.0,1.0,2.0,0.012,0.023,-0.10046827045389865,-0.3743032087615767,-0.015994983929960488
1895,614,40.0,20.0,30.0,,,0.0,1.0,0.008,0.019,-0.056729426657355544,0.37641864163123284,0.011829808106384534
1897,916,,,,,,2.0,1.0,0.021,0.017,-0.1880289399000445,-0.010713267066713494,0.06971624055554033
1898,835,,,,707840.0,81930.0,3.0,2.0,0.044,0.033,-0.010408817285166856,-0.08192078355756752,0.10480067354143877
1901,295,,,,217320.0,37490.0,1.0,1.0,0.037,0.034,-0.23706621719949272,0.43724996234401253,0.02102118135270037
1903,1121,80.0,60.0,60.0,501740.0,9500.0,1.0,2.0,0.014,0.017,-0.037210425772168376,0.476298906733945,0.06525263020905495
1908,71,,,,35320.0,3770.0,0.0,0.0,0.029,0.032,-0.029456058492732404,0.2652807978822005,0.0713560429757843
1909,1364,80.0,50.0,50.0,429550.0,34020.0,5.0,2.0,0.047,0.018,-0.1074276923873869,0.07385121985072772,0.08105011085089359
1910,203,,,,,,2.0,2.0,0.102,0.09,0.3437913601411829,0.1643689804954902,0.054327168558211916
1912,1517,60.0,30.0,60.0,,,2.0,2.0,0.016,0.015,-0.1301675413532103,0.06753222587333571,0.04033249580338623
1914,1171,60.0,30.0,50.0,274670.0,5910.0,1.0,1.0,0.009,0.006,-0.08349859822718934,0.033721473677800096,0.028464416029940796
1915,635,40.0,20.0,50.0,,,1.0,1.0,0.017,0.018,0.31509401263202513,0.4148642562123768,0.1235501417736122
1916,407,70.0,40.0,60.0,125070.0,1310.0,4.0,6.0,0.11,0.189,0.09618822432478759,0.07617565038805157,0.10886308202454975
1917,109,30.0,20.0,50.0,8290.0,1400.0,0.0,0.0,0.015,0.014,0.3013893792275559,-0.272943340731819,-0.019386361709955238
1918,692,,,,,,2.0,5.0,0.028,0.089,0.20612930455940032,-0.053827588893033934,-0.0811687380656151
1920,544,60.0,30.0,50.0,,,1.0,1.0,0.027,0.027,0.2080448566386105,-0.23071665255418877,-0.17332028945789527
1921,371,70.0,30.0,60.0,139690.0,23870.0,2.0,1.0,0.054,0.032,0.06591768703612297,0.1314330491443567,-0.020577303937756364
1922,380,80.0,40.0,60.0,59450.0,3920.0,1.0,1.0,0.046,0.039,0.18164073325730112,0.6051107574516199,0.18342342963925368
1923,106,60.0,30.0,70.0,,,0.0,0.0,0.032,0.041,-0.17847491771450996,-0.4769233043940311,-0.09856455397559452
1926,572,,,,189640.0,-42390.0,3.0,2.0,0.058,0.046,0.4228220444901948,0.20784520151300095,0.17740709811554348
1927,197,70.0,40.0,60.0,,,0.0,0.0,0.007,0.006,0.15668594558531357,0.3277939163957908,0.12873613641523657
1929,468,50.0,30.0,60.0,,,0.0,0.0,0.009,0.008,0.042597487250590614,0.36828406015923143,-0.04721538982478804
1932,271,50.0,30.0,60.0,132090.0,-310.0,3.0,3.0,0.136,0.148,-0.02233257530178291,-0.34412817658707323,-0.08950162294385408
1936,698,130.0,70.0,80.0,,,3.0,4.0,0.045,0.066,0.027563619529685918,0.5925266988902602,0.25028172024987194
1937,390,70.0,40.0,40.0,275210.0,39120.0,1.0,0.0,0.016,0.013,0.2127741793205879,0.10957964925894938,-0.0020026043774480154
1938,363,,,,193750.0,-6980.0,1.0,1.0,0.03,0.027,-0.021008477211296048,-0.2090089564949702,-0.128898455041914
1939,3051,50.0,20.0,60.0,,,8.0,5.0,0.03,0.021,0.2911745445589986,0.5264992854441558,0.18378414099693025
1940,415,50.0,40.0,60.0,,,2.0,3.0,0.05,0.086,-0.3430625300465906,0.5577548428845909,0.16136854683452534
1941,127,40.0,30.0,70.0,,,0.0,0.0,0.008,0.005,0.31720587142133655,-0.17276267713948257,0.023372720342241235
1948,670,40.0,20.0,50.0,,,1.0,2.0,0.022,0.029,-0.44737160145703275,0.029434855993332315,0.09890787503817912
1949,217,70.0,40.0,70.0,,,1.0,1.0,0.074,0.078,0.2529276231057793,-0.099570918494015,0.11168711733423595
1951,563,,,,127660.0,14840.0,2.0,1.0,0.035,0.028,-0.1855299940751286,-0.32583468420625405,-0.044620193384327225
1952,406,,,,30870.0,-1350.0,1.0,1.0,0.029,0.028,0.019206572040955286,-0.037300921517189306,0.0840791582971179
1953,687,80.0,40.0,60.0,78670.0,-10250.0,2.0,2.0,0.031,0.032,-0.047064963443382374,-0.008046083843116808,0.07738106380549858
1954,157,50.0,40.0,60.0,35300.0,-3650.0,0.0,0.0,0.013,0.017,-0.08535026530051097,0.26010246720370733,0.18374194591990606
1955,343,70.0,30.0,60.0,,,1.0,1.0,0.026,0.018,-0.1650488835911601,-0.6163970238047188,-0.1200889815810969
1956,2904,50.0,20.0,50.0,,,5.0,7.0,0.02,0.03,0.21913232270085414,0.11942695844581125,0.21334446848523564
1957,471,50.0,30.0,40.0,,,3.0,2.0,0.074,0.042,0.03836886133766844,-0.2738390348653222,-0.012194403822133194
1958,211,70.0,50.0,70.0,121770.0,22250.0,0.0,0.0,0.016,0.015,0.12874916714724643,-0.37566774747175996,-0.16740525898552971
1959,717,110.0,70.0,70.0,,,0.0,0.0,0.005,0.003,0.04694564636933562,0.417381449207837,0.05797615785658034
1960,618,,,,,,6.0,2.0,0.107,0.046,0.057018079093737434,0.0958649013622746,-0.11340773785888658
1961,2514,60.0,30.0,60.0,,,16.0,38.0,0.076,0.181,-0.220194737866915,0.10292284531600938,-0.006098906930276392
1962,244,50.0,30.0,50.0,,,1.0,1.0,0.056,0.05,-0.0406295207993448,0.004436966999459835,0.0222122531595085
1964,813,40.0,30.0,30.0,,,1.0,2.0,0.02,0.031,0.44427033501432533,-0.060662219145145246,0.127494048610802
1965,491,,,,,,0.0,1.0,0.008,0.014,0.10569352672237464,0.05190295837214026,0.09925343982834685
1967,1238,50.0,30.0,40.0,,,4.0,5.0,0.037,0.047,-0.11049989502789888,0.7614233496839086,0.17773094356522728
1968,31,70.0,40.0,60.0,,,0.0,0.0,0.029,0.016,-0.03649150894746753,0.09427627829800041,0.0744753685970953
1969,334,,,,,,1.0,1.0,0.018,0.023,-0.015430331243549159,0.20455209801542362,0.03923460299788234
1970,426,90.0,60.0,60.0,,,1.0,1.0,0.036,0.04,-0.20917059326208953,0.16725873004138248,0.09021495404454254
1973,211,70.0,30.0,70.0,,,1.0,1.0,0.055,0.052,0.16248015376981645,0.4250887971646016,0.09947542976503032
1974,133,50.0,20.0,50.0,45810.0,5350.0,0.0,0.0,0.022,0.02,-0.003089290883223385,0.42944806129658597,0.0448418791643411
1975,192,,,,24710.0,200.0,0.0,0.0,0.011,0.014,-0.20416490828993789,0.052087540897459914,-0.005543983742998179
1976,2090,80.0,50.0,50.0,1109980.0,-4730.0,6.0,8.0,0.032,0.048,0.10040747679562695,0.19310720019173688,0.22886816034290633
1979,478,40.0,20.0,40.0,,,2.0,1.0,0.048,0.036,-0.025600242876549953,-0.3521740111288782,-0.06077795979686226
1982,251,40.0,20.0,50.0,79520.0,2540.0,1.0,0.0,0.037,0.019,0.1375432722347461,0.032748534310391444,0.027706031408216345
1983,107,,,,24130.0,2370.0,0.0,0.0,0.046,0.045,0.053620864833065066,0.48008407159797395,0.15617553045349172
1984,463,40.0,20.0,40.0,235300.0,47200.0,2.0,4.0,0.058,0.091,0.0007435313501843593,0.37924257668518857,0.21672268772275
1986,218,50.0,20.0,40.0,,,1.0,1.0,0.038,0.043,0.1273024753859831,-0.19516156815945235,-0.13411939032152817
1988,1529,40.0,20.0,40.0,,,5.0,5.0,0.043,0.043,-0.02488872445005727,0.325712211320234,0.09203499733734453
1992,385,70.0,40.0,60.0,,,1.0,1.0,0.028,0.018,-0.1263804638562695,-0.3567193449045427,-0.05777678749913001
1994,457,,,,275320.0,60570.0,2.0,1.0,0.048,0.038,0.09613340733079126,0.08597501020427374,0.09563439024095848
1996,2386,,,,175210.0,370.0,5.0,2.0,0.024,0.009,0.002880193667036013,-0.030103684855609256,-0.05811219721271901
1999,1187,30.0,20.0,20.0,,,2.0,3.0,0.018,0.025,0.3680857901853912,-0.39080729431228856,-0.13972455482235183
2000,578,80.0,40.0,70.0,,,1.0,1.0,0.016,0.023,0.1968039817877436,0.06523507293708358,-0.02226543512450299
