company_id,size_ETC,size_LARGE,size_MEDIUM,size_SMALL,product_both,product_diag,product_posting,firm_age,avg_salary,entry_salary,industry_salary,company_revenue,operating_profit,monthly_hires,monthly_leavers,employees_ext,hiring_rate,attrition_rate,attrition_growth,hiring_growth,headcount_growth,n_contracts_T,tenure_months_T,total_revenue_T,revenue_last12m_T,remaining_months_T,current_term,first_year,first_month,y
1,0,0,1,0,1,0,0,27,60.0,30.0,9010.0,167980.0,-2620.0,0.0,0.0,392.0,0.006,0.003,0.274852052701344,0.0072592271400748,-0.0098797622454715,1,13.0,61164000.0,0.0,-1.0,12,2022,1,1
2,0,0,1,0,0,0,1,18,50.0,30.0,40.0,0.0,0.0,1.0,1.0,633.0,0.011,0.014,0.3387378694114137,-0.274907577922909,0.0710815355286379,1,23.7,127116000.0,84744000.0,12.6,36,2021,2,0
8,0,0,1,0,0,1,0,28,40.0,30.0,50.0,0.0,0.0,1.0,1.0,376.0,0.034,0.023,0.263838327175823,0.1305134300142942,0.0483981418869875,1,6.1,56189000.0,56189000.0,6.1,12,2022,8,0
10,0,1,0,0,0,1,0,15,70.0,40.0,60.0,0.0,0.0,2.0,2.0,1156.0,0.023,0.018,-0.1559000363541379,-0.0218402032330945,0.0007597842687271,4,26.7,407204000.0,237096000.0,21.4,24,2020,11,0
13,0,0,0,1,0,1,0,26,60.0,40.0,50.0,0.0,0.0,0.0,0.0,163.0,0.027,0.033,0.1017449262851582,0.4439102774038505,0.2865989032641777,2,36.3,124104000.0,66850000.0,12.6,36,2020,2,0
15,0,0,0,1,0,1,0,26,90.0,50.0,60.0,23570.0,5880.0,0.0,0.0,125.0,0.019,0.016,-0.1362055692541721,0.5875852414752136,0.2098185983289764,1,7.3,23083000.0,23083000.0,5.3,12,2022,7,0
16,0,0,1,0,1,0,0,6,50.0,30.0,50.0,0.0,0.0,2.0,2.0,309.0,0.069,0.097,0.0717720825187129,0.2842851997964193,-0.0029489636637892,6,50.2,374531000.0,100473000.0,11.2,12,2018,12,0
19,0,0,0,1,0,1,0,18,40.0,20.0,50.0,0.0,0.0,0.0,0.0,202.0,0.027,0.025,0.2834449750957412,0.061138603237578,-0.0590163892265986,1,6.2,30519000.0,30519000.0,5.8,12,2022,8,0
21,0,1,0,0,0,1,0,35,60.0,30.0,60.0,332780.0,10730.0,7.0,9.0,1627.0,0.05,0.063,-0.0970450771203866,0.1921237622034368,0.0933516856286184,1,11.0,52364000.0,52364000.0,1.5,12,2022,3,0
30,0,0,0,1,0,0,1,67,100.0,50.0,70.0,10620.0,1180.0,0.0,0.0,31.0,0.086,0.064,-0.0867886593252691,-0.3841950283255189,0.0936147986825617,3,24.6,36733000.0,9819000.0,11.6,12,2021,1,0
32,0,0,1,0,0,1,0,57,50.0,30.0,40.0,0.0,0.0,1.0,1.0,464.0,0.035,0.037,0.1349721224645627,-0.1044079353078065,-0.0188409420719103,2,11.3,60799000.0,60799000.0,0.9,12,2022,3,0
42,0,0,0,1,1,0,0,31,60.0,30.0,60.0,14990.0,810.0,0.0,1.0,123.0,0.046,0.112,0.0277723987681409,0.223518879855334,0.0366846395932627,1,12.5,85859000.0,0.0,-0.1,12,2022,1,1
46,0,1,0,0,0,1,0,26,30.0,20.0,60.0,0.0,0.0,8.0,3.0,1401.0,0.072,0.022,0.1974523926441301,0.0333467599114605,0.006815562465913,2,12.6,195448000.0,104184000.0,11.7,12,2022,1,0
52,0,0,1,0,0,1,0,23,60.0,30.0,60.0,60570.0,-1270.0,1.0,1.0,607.0,0.017,0.015,-0.0888553388425698,-0.3479007632789712,0.1071734767732342,2,19.3,71636000.0,35944000.0,4.8,12,2021,7,1
57,0,0,1,0,0,0,1,23,50.0,30.0,50.0,0.0,0.0,3.0,4.0,869.0,0.038,0.052,0.2457029359974533,-0.1424432824329285,-0.0047252015180445,2,15.4,157354000.0,67099000.0,8.9,24,2021,11,0
61,0,1,0,0,0,1,0,34,80.0,40.0,70.0,0.0,0.0,2.0,3.0,1208.0,0.022,0.026,0.0154542662416958,0.0141438588688428,0.0469776378415056,2,2.3,104685000.0,104685000.0,9.9,12,2022,12,0
62,0,0,0,1,1,0,0,1,70.0,40.0,60.0,0.0,0.0,0.0,0.0,88.0,0.017,0.018,-0.052857949805527,0.5525943317426012,0.1980400805524583,3,14.5,94491000.0,46471000.0,9.5,12,2021,11,0
66,0,0,1,0,0,1,0,9,60.0,30.0,60.0,76220.0,7610.0,1.0,1.0,780.0,0.02,0.014,0.2531126490910712,-0.0427633620607643,-0.0317849236099807,1,31.5,192594000.0,64198000.0,4.6,36,2020,7,1
67,0,0,1,0,0,1,0,24,60.0,40.0,60.0,83050.0,1300.0,2.0,2.0,422.0,0.065,0.06,0.1941615666956546,0.2963046173414951,0.1084321978096591,1,19.9,149198000.0,74599000.0,4.1,24,2021,6,0
68,0,0,1,0,0,0,1,35,60.0,30.0,60.0,0.0,0.0,0.0,0.0,308.0,0.011,0.014,0.1865561733864025,0.2771190632912838,0.2222464213262375,2,12.9,86273000.0,57047000.0,12.0,12,2022,1,0
69,0,0,1,0,0,1,0,3,70.0,50.0,70.0,65820.0,9360.0,1.0,1.0,930.0,0.013,0.012,0.006013031927987,0.08720917703457,-0.1530152433834435,2,21.3,123014000.0,65775000.0,3.1,12,2021,5,0
70,0,1,0,0,0,1,0,55,70.0,50.0,50.0,0.0,0.0,4.0,2.0,3009.0,0.015,0.008,0.1678490905569559,-0.1074154880129279,0.0013090718877019,2,17.2,184272000.0,122514000.0,7.0,12,2021,9,0
72,0,0,0,1,0,0,1,5,60.0,30.0,60.0,73150.0,4190.0,1.0,0.0,298.0,0.03,0.015,0.3489048359742941,-0.3316523122736874,0.0410474060836438,2,18.3,104543000.0,71409000.0,6.8,12,2021,8,0
74,0,0,1,0,0,1,0,59,90.0,60.0,70.0,0.0,0.0,2.0,1.0,330.0,0.058,0.046,-0.2585286859744018,-0.0395919970567599,0.1216245082208999,1,11.7,41071000.0,41071000.0,0.8,12,2022,2,0
75,0,1,0,0,1,0,0,17,70.0,30.0,40.0,0.0,0.0,4.0,5.0,1454.0,0.037,0.039,0.4564640281593397,-0.6608794860635918,-0.1953301740537779,2,13.7,237265000.0,90053000.0,10.2,12,2021,12,0
78,0,0,1,0,0,0,1,59,50.0,30.0,50.0,210010.0,-8150.0,0.0,0.0,782.0,0.005,0.003,0.2925823319416595,0.3583043750570982,0.0610181897247475,2,37.5,345468000.0,129678000.0,22.5,24,2020,1,0
80,0,0,0,1,0,1,0,38,60.0,30.0,60.0,0.0,0.0,1.0,1.0,178.0,0.052,0.042,-0.2409789123277187,0.2499311386995652,0.1314631621588547,1,5.0,36859000.0,36859000.0,7.1,12,2022,9,0
86,0,0,0,1,0,1,0,9,80.0,50.0,70.0,0.0,0.0,2.0,2.0,257.0,0.071,0.111,0.105256473388181,0.0128531286532642,-0.0147441968571293,3,28.8,104466000.0,40384000.0,7.2,12,2020,9,0
90,0,0,1,0,0,1,0,13,50.0,20.0,60.0,167560.0,6970.0,0.0,0.0,469.0,0.004,0.004,0.139505086588559,-0.3957531747010885,0.1285983838813322,3,24.0,168699000.0,107416000.0,12.5,12,2021,2,0
91,0,1,0,0,1,0,0,48,80.0,60.0,60.0,416970.0,-26710.0,5.0,4.0,1650.0,0.036,0.032,-0.1994143354327209,0.005961036109007,0.0563378359613257,1,5.0,148064000.0,148064000.0,7.6,12,2022,9,0
99,0,0,0,1,1,0,0,26,50.0,40.0,60.0,0.0,0.0,0.0,0.0,169.0,0.008,0.009,0.043281378178083,-0.0360194662558957,0.0069737030336011,2,10.4,101937000.0,101937000.0,2.1,12,2022,4,0
101,0,0,0,1,0,1,0,3,60.0,30.0,60.0,202500.0,37000.0,1.0,0.0,224.0,0.056,0.025,-0.087095583626042,0.5182331232013415,0.0762456950700624,3,48.6,146128000.0,0.0,-0.1,12,2019,1,0
103,0,0,1,0,0,0,1,21,50.0,30.0,60.0,0.0,0.0,8.0,15.0,954.0,0.103,0.188,-0.0743443737080031,-0.0928864101883156,0.0648776437458664,2,26.9,137626000.0,0.0,-1.8,12,2020,11,1
107,0,1,0,0,0,1,0,28,60.0,30.0,60.0,0.0,0.0,4.0,3.0,1224.0,0.04,0.029,-0.3521824207927329,-0.1478823752675922,-0.1676455449524629,1,6.6,84657000.0,84657000.0,5.7,12,2022,7,1
109,0,0,0,1,1,0,0,15,70.0,30.0,60.0,0.0,0.0,1.0,0.0,251.0,0.026,0.017,0.0557731914179329,-0.6863397138752414,-0.0422678688153527,1,3.0,31597000.0,31597000.0,9.6,12,2022,11,0
117,0,0,1,0,1,0,0,28,30.0,20.0,50.0,0.0,0.0,1.0,1.0,830.0,0.016,0.011,-0.273851685423131,0.0830760382445649,-0.0110763997012826,4,36.1,391209000.0,188264000.0,13.1,24,2020,2,0
120,0,0,0,1,1,0,0,29,60.0,30.0,60.0,0.0,0.0,0.0,0.0,126.0,0.04,0.022,0.0592934823772439,0.1864947954034792,0.2017769012210035,3,32.1,265175000.0,140130000.0,29.7,36,2020,6,0
121,0,0,0,1,0,0,1,23,60.0,30.0,60.0,44090.0,1110.0,1.0,0.0,283.0,0.025,0.012,0.4539441475283065,0.371071493871472,0.2043117705834305,1,9.5,44493000.0,44493000.0,3.0,12,2022,5,1
123,0,0,0,1,1,0,0,8,70.0,40.0,70.0,0.0,0.0,0.0,0.0,79.0,0.064,0.035,0.0048226363549101,0.2888668457234792,0.0614112774825742,2,15.2,53455000.0,24037000.0,9.2,12,2021,11,0
124,0,0,0,1,1,0,0,18,70.0,50.0,60.0,50420.0,6750.0,0.0,1.0,114.0,0.037,0.06,0.0987848247206795,-0.022373861932198,-0.0718448817079653,2,18.4,89166000.0,39715000.0,5.7,12,2021,8,1
126,0,0,0,1,0,1,0,43,50.0,30.0,60.0,16310.0,-1100.0,0.0,1.0,129.0,0.037,0.071,-0.1102542911805844,-0.1713247425886372,-0.0622498698818749,2,16.0,60180000.0,24090000.0,9.0,12,2021,10,1
130,0,0,0,1,0,1,0,16,30.0,20.0,40.0,0.0,0.0,0.0,0.0,142.0,0.016,0.018,-0.0511107776202074,-0.0246037088728651,-0.0811010075516814,2,25.2,186696000.0,138840000.0,35.3,36,2021,1,0
131,0,0,1,0,0,0,1,53,60.0,30.0,60.0,0.0,0.0,2.0,3.0,452.0,0.063,0.091,-0.5552412359442461,-0.0500166638342912,0.0403679400021546,2,18.4,113414000.0,46757000.0,5.8,12,2021,8,0
132,0,1,0,0,0,1,0,45,50.0,30.0,50.0,0.0,0.0,9.0,10.0,2382.0,0.047,0.049,0.0761545652715437,-0.1034075306136834,-0.0104907398337194,3,23.9,275080000.0,149621000.0,12.3,12,2021,2,0
135,0,0,1,0,0,1,0,13,40.0,20.0,50.0,531360.0,72750.0,2.0,1.0,679.0,0.033,0.021,0.214139462792586,-0.0486847616571543,0.0942905184476566,2,34.6,195892000.0,90414000.0,14.1,24,2020,3,0
138,0,0,1,0,0,0,1,13,40.0,20.0,30.0,0.0,0.0,2.0,3.0,664.0,0.035,0.047,-0.2293952087390291,0.1386826746156024,-0.0407799521919634,1,3.0,175230000.0,175230000.0,33.0,36,2022,11,0
141,0,0,1,0,1,0,0,33,60.0,30.0,60.0,120680.0,4890.0,1.0,2.0,312.0,0.042,0.07,0.2768412206986005,0.7044165684068302,0.1997703693242389,2,22.7,304472000.0,183926000.0,13.3,36,2021,3,0
142,1,0,0,0,1,0,0,7,60.0,30.0,70.0,0.0,0.0,0.0,0.0,117.0,0.034,0.016,-0.1478863925145161,0.4380179320166568,0.1221084081132631,1,4.1,45216000.0,45216000.0,7.9,12,2022,10,0
145,0,1,0,0,1,0,0,43,50.0,30.0,50.0,2668170.0,163320.0,3.0,4.0,1924.0,0.02,0.028,-0.4399431459756148,-0.1323611414507408,0.0361515906384484,1,2.7,104670000.0,104670000.0,9.3,12,2022,11,0
160,0,1,0,0,1,0,0,30,120.0,80.0,70.0,2958780.0,131020.0,17.0,9.0,7610.0,0.026,0.014,-0.2440808750950627,-0.7977997967219923,-0.090797867309146,6,96.3,3305283000.0,915036000.0,14.1,36,2015,2,0
163,0,0,0,1,0,0,1,12,50.0,20.0,50.0,0.0,0.0,0.0,0.0,85.0,0.017,0.024,-0.1232950549085637,0.7713609760209859,0.1317695165747906,3,23.1,41136000.0,18948000.0,2.4,12,2021,3,1
164,0,0,1,0,0,1,0,43,60.0,30.0,60.0,366230.0,31010.0,2.0,4.0,771.0,0.026,0.056,-0.0138905498080469,0.0177251407620936,0.1768230237976352,1,8.4,302751000.0,302751000.0,27.7,36,2022,6,0
165,0,0,1,0,1,0,0,57,40.0,20.0,50.0,141380.0,4660.0,10.0,3.0,748.0,0.166,0.053,0.0459014535087277,0.3265997303966761,-0.0389302483061049,3,36.4,303314000.0,85193000.0,0.8,12,2020,2,0
168,0,0,0,1,1,0,0,22,100.0,60.0,80.0,0.0,0.0,0.0,0.0,80.0,0.041,0.051,-0.0209463783484927,-0.3865457360520224,-0.0787360304096656,1,17.7,45288000.0,22644000.0,6.6,24,2021,8,1
174,0,1,0,0,0,0,1,1,60.0,30.0,60.0,486180.0,104520.0,26.0,21.0,3800.0,0.081,0.067,-0.231115771313288,-0.5120881636676007,-0.1338316696782577,1,24.8,402180000.0,134060000.0,11.7,36,2021,1,0
175,0,1,0,0,0,1,0,39,100.0,70.0,80.0,0.0,0.0,2.0,4.0,1125.0,0.02,0.038,0.1373521956129691,-0.0580764592499518,0.0051366076170371,1,4.8,231614000.0,231614000.0,19.2,24,2022,9,0
184,0,0,1,0,1,0,0,4,60.0,30.0,60.0,0.0,0.0,2.0,3.0,481.0,0.053,0.071,0.1682043086955401,-0.0628007202509272,-0.0238525854985741,3,30.2,199588000.0,54349000.0,6.9,12,2020,8,1
185,0,0,1,0,0,1,0,51,60.0,30.0,60.0,0.0,0.0,1.0,1.0,413.0,0.015,0.015,-0.0953605996432744,0.5019965177652402,0.1971616974464934,6,52.1,494310000.0,192508000.0,32.9,36,2018,10,0
187,0,0,1,0,1,0,0,6,60.0,40.0,60.0,0.0,0.0,5.0,5.0,842.0,0.074,0.072,-0.0151193937197247,0.5108059347500679,0.0012908362450076,2,33.1,375142000.0,199208000.0,15.0,36,2020,5,0
192,0,1,0,0,0,1,0,36,50.0,30.0,70.0,240500.0,-29190.0,10.0,14.0,1653.0,0.076,0.099,0.2497105506770664,-0.5411988500662844,-0.1065123204182654,2,6.8,333658000.0,333658000.0,29.3,36,2022,7,0
194,0,0,0,1,0,1,0,5,50.0,20.0,60.0,0.0,0.0,0.0,0.0,220.0,0.022,0.024,0.2221810971646241,-0.2890398784950692,-0.0288391839836224,1,13.2,34039000.0,0.0,-0.8,12,2022,1,1
195,0,0,1,0,0,1,0,21,60.0,40.0,60.0,185280.0,-1270.0,0.0,1.0,735.0,0.006,0.009,-0.1554445442249812,-0.1687274080160498,0.0527857501512647,1,11.2,56967000.0,56967000.0,1.0,12,2022,3,0
196,0,0,1,0,0,1,0,20,50.0,30.0,50.0,148120.0,9970.0,2.0,3.0,632.0,0.042,0.052,0.1473441512627643,0.1671450700983779,0.0596469009546716,9,96.2,492415000.0,44770000.0,2.3,12,2015,2,0
198,0,0,1,0,0,1,0,12,60.0,30.0,60.0,0.0,0.0,1.0,0.0,323.0,0.03,0.01,-0.199154651213919,0.2690105769059455,0.1567444016930923,4,45.0,173544000.0,45047000.0,5.1,12,2019,5,1
200,0,0,0,1,0,1,0,10,40.0,20.0,30.0,32410.0,1190.0,0.0,0.0,181.0,0.002,0.003,-0.0740945399965562,-0.1413330450235631,-0.0096957503808513,1,3.9,59869000.0,59869000.0,8.5,12,2022,10,0
204,0,0,0,1,0,1,0,13,30.0,20.0,60.0,12850.0,600.0,0.0,0.0,203.0,0.02,0.012,0.0310540846079638,0.4965686269935568,0.040322010645379,5,58.9,169514000.0,41104000.0,2.9,12,2018,3,0
205,0,0,1,0,1,0,0,15,40.0,30.0,40.0,0.0,0.0,4.0,3.0,636.0,0.074,0.05,0.3752806495462902,-0.1149162877749496,0.0433290474216211,5,60.5,720242000.0,347454000.0,12.1,24,2018,1,0
206,0,0,1,0,0,1,0,28,60.0,30.0,60.0,0.0,0.0,3.0,4.0,625.0,0.06,0.068,-0.1559925041444569,-0.0454673345795726,-0.0084727807364934,5,42.3,262954000.0,54567000.0,7.5,12,2019,8,0
207,0,0,1,0,0,1,0,57,70.0,50.0,60.0,0.0,0.0,1.0,1.0,765.0,0.008,0.008,-0.1278369287740656,0.5265313670438165,-0.010460566272959,1,2.7,51241000.0,51241000.0,9.9,12,2022,11,0
209,0,0,0,1,0,1,0,45,90.0,60.0,70.0,60360.0,3600.0,0.0,0.0,260.0,0.015,0.008,-0.0285412286869894,-0.399526423727822,0.0679456087679169,1,14.0,31306000.0,0.0,-1.4,12,2021,12,1
210,0,0,0,1,1,0,0,22,60.0,30.0,60.0,5650.0,460.0,0.0,0.0,180.0,0.019,0.03,-0.2476653796754716,0.2006269892584021,0.0734871267525814,1,5.8,115878000.0,115878000.0,18.3,24,2022,8,0
215,1,0,0,0,0,0,1,27,60.0,30.0,60.0,0.0,0.0,0.0,0.0,71.0,0.06,0.043,0.3837335350230066,0.0228332268633769,0.1643042661278421,1,4.6,20203000.0,20203000.0,7.7,12,2022,9,0
216,0,0,1,0,1,0,0,5,50.0,30.0,60.0,44970.0,2580.0,1.0,1.0,530.0,0.022,0.032,0.3566391538329791,-0.2516915208920014,0.0817733588373798,3,14.2,368120000.0,281661000.0,33.9,36,2021,12,0
220,0,1,0,0,1,0,0,13,60.0,30.0,60.0,268270.0,-4030.0,4.0,3.0,1121.0,0.04,0.029,-0.0371743401839822,0.0978965709105636,0.0807196065441577,1,11.3,92960000.0,92960000.0,0.9,12,2022,3,0
225,0,0,1,0,0,1,0,16,120.0,70.0,60.0,308570.0,780.0,4.0,4.0,773.0,0.061,0.055,0.3623870963684795,0.0126479918681173,0.0834327054587345,1,6.6,67800000.0,67800000.0,5.5,12,2022,7,0
226,0,0,1,0,1,0,0,34,100.0,50.0,80.0,0.0,0.0,1.0,2.0,414.0,0.04,0.046,-0.2176186053028145,-0.3877003904940504,-0.0523781829137976,1,9.4,75494000.0,75494000.0,2.6,12,2022,5,0
235,0,0,0,1,0,0,1,32,60.0,30.0,60.0,20650.0,-840.0,0.0,0.0,206.0,0.009,0.007,-0.0810648684925473,0.0164944417542628,0.1051805654343225,1,14.9,32048000.0,0.0,-2.3,12,2021,11,1
245,0,0,1,0,0,1,0,24,60.0,30.0,60.0,96340.0,9670.0,1.0,1.0,350.0,0.039,0.035,0.1740895264516977,0.228449749915853,0.1713591200607571,1,1.5,52243000.0,52243000.0,10.6,12,2022,12,0
246,0,0,0,1,1,0,0,45,60.0,30.0,60.0,19870.0,4040.0,0.0,0.0,90.0,0.02,0.019,0.3686325469736212,0.0311458709219142,0.1382891202686026,4,47.4,165003000.0,61523000.0,2.0,12,2019,3,0
248,0,0,0,1,0,0,1,53,50.0,20.0,60.0,0.0,0.0,0.0,0.0,143.0,0.006,0.005,0.122654337566196,0.0018240421697293,0.0010689979283432,2,26.3,46062000.0,0.0,-0.9,12,2020,12,1
249,0,0,1,0,0,1,0,19,50.0,30.0,50.0,0.0,0.0,1.0,1.0,350.0,0.03,0.045,0.2332402782139662,0.4422857746023134,0.1058382398615033,2,24.9,181570000.0,111748000.0,12.5,24,2021,1,0
254,0,0,1,0,0,1,0,8,40.0,30.0,60.0,0.0,0.0,2.0,2.0,483.0,0.04,0.045,0.2313833190701466,-0.3468609671538748,-0.0267149346639891,1,2.4,71961000.0,71961000.0,9.9,12,2022,12,0
255,0,1,0,0,0,1,0,22,60.0,30.0,60.0,341020.0,-22210.0,1.0,1.0,1003.0,0.009,0.017,0.0363978305475098,-0.5401561289536516,-0.0293770627328257,2,16.0,114938000.0,63169000.0,8.2,12,2021,10,0
256,0,1,0,0,0,0,1,34,50.0,30.0,70.0,455880.0,-650.0,2.0,3.0,2327.0,0.011,0.014,-0.1283813857408256,0.4316241489662175,0.0635921972819408,2,21.3,206198000.0,101292000.0,2.9,12,2021,5,0
257,0,1,0,0,1,0,0,19,50.0,20.0,50.0,0.0,0.0,5.0,5.0,1397.0,0.043,0.046,0.0849710337117252,0.582726764511222,0.1959474277720112,2,3.4,151034000.0,151034000.0,8.6,12,2022,11,0
260,0,0,1,0,0,0,1,33,50.0,30.0,30.0,0.0,0.0,4.0,5.0,703.0,0.065,0.088,0.2213800797639704,0.2976464263086399,0.021310457189699,1,6.1,70578000.0,70578000.0,6.1,12,2022,8,1
261,0,0,1,0,1,0,0,8,60.0,40.0,40.0,226750.0,17190.0,3.0,2.0,866.0,0.048,0.03,0.3002599760685822,0.2376356224086945,0.0330197397347212,4,28.5,461519000.0,159422000.0,8.2,12,2020,9,0
263,0,0,1,0,0,1,0,38,40.0,20.0,50.0,0.0,0.0,1.0,1.0,325.0,0.033,0.031,0.2307980514419778,0.0932964968941173,-0.0149388288894667,3,12.1,89486000.0,89486000.0,12.0,12,2022,2,0
265,0,0,0,1,1,0,0,30,60.0,30.0,40.0,0.0,0.0,0.0,0.0,200.0,0.02,0.006,0.0614520886851672,-0.5555048112638186,-0.0254105491436976,2,39.0,218031000.0,67851000.0,9.5,12,2019,11,0
273,0,0,1,0,0,1,0,23,60.0,30.0,60.0,247890.0,12910.0,2.0,2.0,454.0,0.054,0.046,0.1962562500917163,0.3872749031538319,0.0163358370366338,1,3.7,65988000.0,65988000.0,8.5,12,2022,10,0
274,0,0,0,1,1,0,0,22,60.0,40.0,60.0,0.0,0.0,1.0,0.0,151.0,0.04,0.036,0.3819266037318886,-0.1545483943477667,0.0861407603101463,1,7.4,43163000.0,43163000.0,5.0,12,2022,7,0
276,0,0,0,1,1,0,0,70,60.0,30.0,80.0,25880.0,2890.0,3.0,2.0,291.0,0.111,0.085,0.0463797852092963,-0.2724553752949363,0.1154063567406956,1,13.1,58927000.0,0.0,-0.9,12,2022,1,1
282,0,1,0,0,0,0,1,58,70.0,30.0,50.0,171390.0,9250.0,6.0,12.0,1376.0,0.051,0.102,0.3412122682955416,0.2817620819168019,0.1293542833159786,1,5.3,71202000.0,71202000.0,6.9,12,2022,9,0
283,0,0,0,1,1,0,0,38,70.0,40.0,70.0,22900.0,2390.0,0.0,0.0,182.0,0.024,0.005,0.5942844360361951,0.3136864147385386,0.0598249922418677,3,34.0,122538000.0,30140000.0,2.3,12,2020,4,0
286,0,0,0,1,0,0,1,4,60.0,30.0,60.0,240190.0,7770.0,1.0,0.0,271.0,0.032,0.021,0.0496622164295253,0.2426531571608873,0.0405651167059758,1,19.2,54878000.0,27439000.0,4.9,24,2021,7,0
287,0,0,0,1,0,1,0,20,60.0,30.0,60.0,75350.0,6920.0,1.0,1.0,155.0,0.074,0.102,-0.1166055092695846,0.6841309853522122,0.1668591996445279,2,12.0,48563000.0,27771000.0,12.0,24,2022,2,0
288,0,0,1,0,1,0,0,17,50.0,30.0,70.0,0.0,0.0,3.0,4.0,531.0,0.061,0.093,0.1224216945251174,0.4353409710945791,-0.0482883121158806,3,24.9,245861000.0,78118000.0,11.6,12,2021,1,0
290,0,0,1,0,1,0,0,39,70.0,50.0,60.0,0.0,0.0,3.0,2.0,482.0,0.069,0.045,0.4266826826716369,0.1362357222320912,-0.1074546209995353,2,20.2,145046000.0,62801000.0,4.1,12,2021,6,0
291,0,0,1,0,1,0,0,21,60.0,30.0,60.0,80210.0,-3890.0,0.0,0.0,755.0,0.004,0.003,-0.5727076309306769,0.2362740744318941,0.0473606207884454,2,12.6,384382000.0,288765000.0,36.0,36,2022,1,0
292,0,0,1,0,0,0,1,9,30.0,20.0,40.0,0.0,0.0,1.0,0.0,343.0,0.019,0.017,-0.1585087149975177,0.2095790772089807,0.0074935980259643,1,6.9,33789000.0,33789000.0,5.1,12,2022,7,1
295,0,0,0,1,1,0,0,7,50.0,20.0,50.0,36290.0,-2960.0,1.0,0.0,240.0,0.029,0.022,-0.1443563799328268,-0.4678726322359409,-0.2330853499255633,1,6.9,59373000.0,59373000.0,5.1,12,2022,7,0
296,0,0,1,0,0,0,1,8,60.0,30.0,60.0,158440.0,-6900.0,1.0,1.0,593.0,0.027,0.023,-0.015122051001318,0.3089861636850334,0.2193817417012508,1,0.2,72722000.0,72722000.0,12.2,12,2023,2,0
298,0,0,1,0,1,0,0,15,60.0,30.0,70.0,0.0,0.0,1.0,1.0,315.0,0.038,0.044,-0.1352062108135014,-0.112551525069131,-0.0699074028212473,2,2.6,80106000.0,80106000.0,9.6,12,2022,11,0
300,0,0,1,0,0,1,0,3,60.0,30.0,60.0,0.0,0.0,1.0,1.0,337.0,0.033,0.022,0.3310126202153404,0.1851877329540367,0.1349771753702557,5,32.0,165870000.0,59540000.0,4.0,12,2020,6,0
303,0,0,0,1,1,0,0,6,60.0,30.0,60.0,0.0,0.0,0.0,0.0,86.0,0.045,0.058,0.0021334859479006,0.1879014137529004,0.102795177682427,4,41.2,168898000.0,39234000.0,7.0,12,2019,9,1
306,0,0,0,1,0,1,0,13,50.0,30.0,70.0,27330.0,150.0,0.0,0.0,129.0,0.008,0.005,0.3752249539994781,0.0403319428805565,0.0649487557210544,2,18.5,64125000.0,40489000.0,5.5,12,2021,7,1
307,0,0,1,0,0,1,0,34,90.0,50.0,60.0,0.0,0.0,0.0,0.0,398.0,0.004,0.004,0.2704568740049083,-0.6698097996660193,-0.2320602401139513,1,14.4,35144000.0,0.0,-2.2,12,2021,12,1
308,0,0,0,1,1,0,0,46,70.0,40.0,40.0,0.0,0.0,1.0,3.0,278.0,0.064,0.122,-0.5839479322222207,0.1025728388066725,-0.0712299113213921,1,11.9,60284000.0,60284000.0,0.3,12,2022,2,0
309,0,1,0,0,0,0,1,40,40.0,30.0,50.0,1559420.0,82370.0,4.0,2.0,1682.0,0.025,0.013,-0.1909233849522915,0.6593602585108066,0.2333995910398862,3,33.0,467697000.0,83012000.0,3.2,12,2020,5,0
310,0,0,0,1,1,0,0,18,50.0,30.0,40.0,0.0,0.0,0.0,0.0,63.0,0.017,0.024,-0.2204691483793016,0.2233272890433855,0.1242591781145302,2,24.1,64001000.0,28646000.0,1.0,12,2021,2,1
312,0,0,0,1,1,0,0,2,40.0,30.0,40.0,0.0,0.0,1.0,1.0,210.0,0.083,0.04,-0.0984913252598205,-0.0874832437525178,0.02129119941218,1,1.0,52283000.0,52283000.0,11.0,12,2023,1,0
313,0,0,1,0,0,0,1,49,20.0,10.0,30.0,0.0,0.0,2.0,2.0,453.0,0.048,0.046,0.175851622515276,0.5521795419242447,0.1026966753249676,1,12.0,144840000.0,144840000.0,12.5,24,2022,2,0
315,0,0,1,0,0,1,0,3,40.0,30.0,60.0,0.0,0.0,1.0,2.0,478.0,0.036,0.041,0.0525712543509526,-0.1967635756838844,-0.0346954882581017,3,48.5,219715000.0,105839000.0,12.0,12,2019,1,0
316,0,1,0,0,0,1,0,68,30.0,20.0,40.0,461080.0,43600.0,4.0,5.0,1429.0,0.037,0.042,0.437294236666321,-0.0899353186788856,-0.0404029116961336,1,4.2,151190000.0,151190000.0,19.9,24,2022,10,0
324,0,0,0,1,1,0,0,54,70.0,30.0,50.0,65890.0,-1240.0,1.0,1.0,150.0,0.047,0.064,-0.3052698290524734,0.2749368195337844,0.0331934406104669,1,18.5,106674000.0,53337000.0,5.8,24,2021,8,0
325,0,1,0,0,0,0,1,29,40.0,20.0,50.0,0.0,0.0,0.0,0.0,1016.0,0.004,0.004,-0.1269925528901411,0.4055102741892449,0.0808283598477045,2,18.5,239090000.0,164997000.0,5.9,12,2021,8,0
328,0,0,0,1,0,1,0,49,60.0,40.0,50.0,4760.0,600.0,1.0,0.0,169.0,0.04,0.026,0.526217746193539,-0.5066788109682576,-0.0645786785093373,1,17.4,57156000.0,28578000.0,7.1,24,2021,9,0
329,0,1,0,0,0,1,0,8,60.0,30.0,60.0,0.0,0.0,2.0,1.0,1237.0,0.021,0.013,-0.0574939880134788,-0.7531873022831804,-0.0599744459898046,1,16.1,343886000.0,171943000.0,8.2,24,2021,10,0
331,0,0,1,0,1,0,0,26,40.0,20.0,50.0,59740.0,7120.0,5.0,5.0,508.0,0.114,0.111,-0.1481567708035642,-0.0554677693610747,0.0030758449833988,2,31.9,293686000.0,87520000.0,4.5,12,2020,6,0
333,0,1,0,0,0,0,1,82,60.0,30.0,60.0,157240.0,10840.0,1.0,0.0,1250.0,0.008,0.004,-0.1560684570790263,-0.0023821505107764,0.0348255194244199,1,3.1,63805000.0,63805000.0,9.0,12,2022,11,0
334,0,0,1,0,0,1,0,13,50.0,40.0,60.0,180950.0,14040.0,1.0,1.0,445.0,0.021,0.04,-0.0906826516091223,0.0421940956870478,0.0979576758882426,5,39.8,249448000.0,66711000.0,9.1,12,2019,10,0
336,0,0,1,0,0,1,0,41,40.0,20.0,40.0,419890.0,53790.0,1.0,1.0,958.0,0.016,0.01,-0.0260600715743344,0.2126056607914458,0.0644560674362988,1,21.1,90902000.0,45451000.0,2.9,24,2021,5,1
340,0,0,1,0,1,0,0,14,60.0,30.0,50.0,0.0,0.0,1.0,0.0,312.0,0.027,0.015,-0.2502567056369733,-0.4636832203283633,0.1150401907934353,7,53.4,346416000.0,104155000.0,9.1,12,2018,9,0
345,0,1,0,0,1,0,0,14,60.0,30.0,60.0,0.0,0.0,19.0,10.0,4066.0,0.055,0.029,0.0068284316591958,0.3345594870862501,0.244530959771259,5,57.3,1210754000.0,397194000.0,14.8,24,2018,5,0
347,0,0,1,0,0,1,0,20,60.0,30.0,60.0,225520.0,54560.0,3.0,4.0,822.0,0.046,0.054,-0.4061102244083608,-0.1007723702191456,-0.0336863472270441,2,25.2,171254000.0,0.0,-0.2,12,2021,1,1
350,0,0,1,0,0,1,0,34,60.0,30.0,60.0,0.0,0.0,0.0,0.0,654.0,0.003,0.002,-0.0603435463265531,0.7255308437415178,0.1418085726272826,3,19.7,148755000.0,95697000.0,4.8,12,2021,6,0
356,0,0,1,0,0,1,0,11,50.0,40.0,40.0,296080.0,-13990.0,1.0,1.0,691.0,0.014,0.023,0.0786966140538885,0.2361889002317423,0.0955013057480076,3,52.8,282244000.0,66025000.0,7.8,12,2018,9,0
357,0,1,0,0,0,0,1,16,60.0,30.0,60.0,0.0,0.0,3.0,2.0,1240.0,0.034,0.021,-0.2080790917969117,-0.3547282512740382,-0.0510325243570785,1,0.9,80020000.0,80020000.0,11.3,12,2023,1,0
362,0,0,1,0,0,0,1,34,60.0,30.0,60.0,0.0,0.0,3.0,4.0,490.0,0.062,0.109,-0.327728971815834,-0.0122798970879313,0.1510761126335476,2,16.1,114243000.0,70973000.0,8.0,12,2021,10,0
363,0,0,0,1,0,1,0,67,60.0,30.0,60.0,0.0,0.0,1.0,1.0,119.0,0.064,0.088,-0.3293995982793205,0.2285425132339962,-0.0654834431947882,1,8.7,34866000.0,34866000.0,15.9,24,2022,5,0
364,0,0,1,0,0,1,0,51,60.0,40.0,50.0,83280.0,2310.0,0.0,1.0,610.0,0.006,0.012,0.4032982880129066,0.0460366600165807,-0.0578710672790639,1,27.7,273093000.0,91031000.0,8.6,36,2020,10,1
366,0,0,1,0,0,1,0,30,80.0,60.0,70.0,127330.0,44780.0,0.0,0.0,411.0,0.002,0.002,-0.5206611305809984,-0.0548240486778057,0.1859627128314822,1,10.4,52788000.0,52788000.0,2.1,12,2022,4,0
373,0,1,0,0,0,1,0,6,60.0,30.0,60.0,0.0,0.0,14.0,17.0,2678.0,0.065,0.076,-0.1373055111895833,0.4706095269742855,0.1610134758932179,1,6.7,79554000.0,79554000.0,5.7,12,2022,7,0
378,0,0,1,0,0,1,0,10,70.0,40.0,80.0,259060.0,-10550.0,0.0,0.0,451.0,0.005,0.006,0.1197929903546645,0.0430335318810191,0.0841080274725003,1,3.5,50284000.0,50284000.0,9.0,12,2022,10,0
379,0,0,0,1,1,0,0,19,70.0,40.0,40.0,0.0,0.0,2.0,2.0,154.0,0.118,0.125,-0.0560023079686784,0.1773574985349141,-0.0686484790989729,1,10.8,37775000.0,37775000.0,1.6,12,2022,3,0
388,0,0,1,0,1,0,0,25,70.0,50.0,60.0,0.0,0.0,9.0,5.0,671.0,0.153,0.085,-0.1235405703877014,-0.0636878381161502,-0.0174831168963786,4,49.7,585764000.0,96255000.0,11.5,12,2018,12,0
389,0,1,0,0,0,0,1,50,50.0,30.0,50.0,0.0,0.0,7.0,13.0,1455.0,0.054,0.108,0.1358884988839337,0.2276335238880608,0.120776015658588,2,35.8,389369000.0,183278000.0,12.3,36,2020,2,0
390,0,0,1,0,1,0,0,16,70.0,40.0,50.0,0.0,0.0,2.0,2.0,377.0,0.066,0.07,0.1123689258705243,-0.1020474912418188,-0.0540692730234972,2,13.5,126282000.0,61597000.0,10.5,12,2021,12,0
391,0,0,0,1,0,1,0,47,60.0,30.0,60.0,0.0,0.0,0.0,0.0,205.0,0.013,0.006,-0.1217024278835928,-0.1355700700641672,-0.1120018299306293,2,4.7,33236000.0,33236000.0,7.7,12,2022,9,0
397,0,1,0,0,0,1,0,11,90.0,60.0,60.0,188950.0,35230.0,8.0,3.0,1168.0,0.079,0.036,-0.0063259813451832,-0.2197778319360994,-0.1029792810547491,2,18.8,146978000.0,87135000.0,5.6,12,2021,7,0
405,0,1,0,0,0,1,0,20,50.0,30.0,60.0,0.0,0.0,6.0,8.0,2632.0,0.028,0.037,0.2882007048596163,-0.3298119684745935,0.0374685114080489,2,23.7,447333000.0,359703000.0,24.8,36,2021,2,0
406,0,1,0,0,0,0,1,49,60.0,30.0,60.0,303190.0,-7370.0,4.0,6.0,1641.0,0.032,0.042,0.1485767605801793,0.5543791948980467,-0.0050542486000559,4,42.6,563528000.0,142705000.0,8.0,12,2019,7,0
408,0,0,0,1,1,0,0,19,50.0,30.0,40.0,0.0,0.0,1.0,1.0,293.0,0.024,0.021,-0.0545150803944432,-0.3491145976243605,-0.1394167640053655,2,21.3,219734000.0,145924000.0,14.9,24,2021,5,0
413,1,0,0,0,1,0,0,31,60.0,30.0,60.0,0.0,0.0,1.0,1.0,289.0,0.041,0.03,0.44599048530392,0.5202352024067334,0.1365293579473528,4,26.0,266493000.0,73169000.0,10.2,12,2020,12,0
414,0,0,1,0,0,1,0,16,50.0,30.0,50.0,0.0,0.0,2.0,5.0,368.0,0.057,0.15,0.5251564698338019,-0.1172575332458092,0.0357653980619427,4,30.6,216018000.0,111296000.0,19.0,24,2020,7,0
416,0,0,1,0,0,0,1,51,60.0,30.0,60.0,419560.0,-16340.0,2.0,2.0,740.0,0.038,0.037,0.3698985035200097,0.1300920037096051,-0.0105716269349468,1,11.3,38249000.0,38249000.0,1.0,12,2022,3,1
418,0,0,0,1,1,0,0,23,60.0,30.0,60.0,0.0,0.0,0.0,0.0,187.0,0.011,0.008,0.2769268233025906,0.0579047562991717,-0.0574191253582207,3,35.2,173773000.0,75313000.0,1.1,12,2020,3,0
420,0,1,0,0,0,0,1,38,80.0,50.0,70.0,1296450.0,74080.0,15.0,9.0,3092.0,0.058,0.035,-0.0650824883684489,0.0538885645479168,0.0100072425311157,3,34.8,309288000.0,125311000.0,1.8,12,2020,3,0
421,0,1,0,0,0,0,1,10,50.0,20.0,50.0,0.0,0.0,3.0,8.0,1053.0,0.035,0.086,0.2725906078628518,-0.0226463238585355,-0.048126174733493,2,15.2,211312000.0,133400000.0,9.8,12,2021,11,0
423,0,0,0,1,0,0,1,42,70.0,40.0,60.0,0.0,0.0,0.0,0.0,268.0,0.015,0.012,0.1668666263476781,0.1624341275534046,0.0987501967227568,1,7.2,78540000.0,78540000.0,29.2,36,2022,7,0
433,0,0,1,0,1,0,0,17,60.0,30.0,50.0,173090.0,-2530.0,2.0,3.0,403.0,0.065,0.084,0.256022313591123,0.3241332569081914,0.1086586910563898,3,35.4,257935000.0,72125000.0,0.8,24,2020,3,0
436,0,0,1,0,0,1,0,19,70.0,50.0,60.0,47700.0,10180.0,0.0,0.0,334.0,0.006,0.005,-0.2169855541175142,-0.0890290780001645,0.0622532036694259,4,38.3,183270000.0,47434000.0,10.7,12,2019,12,0
438,0,1,0,0,0,1,0,20,60.0,40.0,50.0,0.0,0.0,5.0,12.0,3159.0,0.018,0.044,0.1232687415015913,0.5658563758392733,0.1784213533269882,3,44.3,794645000.0,147935000.0,3.9,12,2019,6,0
439,0,0,0,1,1,0,0,7,40.0,20.0,30.0,0.0,0.0,0.0,0.0,108.0,0.004,0.004,-0.2253288677752285,0.1538719323899433,-0.0922918655251596,1,28.4,162270000.0,54090000.0,7.9,36,2020,10,1
442,0,0,1,0,1,0,0,24,50.0,30.0,40.0,0.0,0.0,0.0,0.0,372.0,0.01,0.013,0.2774471670052844,0.3426144403941077,-0.0641666264440971,3,59.6,529946000.0,210234000.0,25.9,36,2018,2,0
445,0,0,0,1,1,0,0,47,30.0,10.0,40.0,0.0,0.0,0.0,0.0,50.0,0.007,0.004,0.2900746083693482,0.4688575589187319,0.0879276450892936,3,29.5,106536000.0,66892000.0,19.0,24,2020,9,0
450,0,0,1,0,1,0,0,21,60.0,30.0,60.0,0.0,0.0,0.0,0.0,346.0,0.015,0.014,-0.0572509039074056,-0.3707340363904725,-0.0275744059466094,1,12.9,355314000.0,236876000.0,23.7,36,2022,1,0
452,0,1,0,0,0,0,1,15,60.0,30.0,60.0,0.0,0.0,1.0,0.0,1519.0,0.004,0.003,0.0298760122327687,-0.2903731789864461,-0.0102953192274749,1,8.3,97317000.0,97317000.0,4.1,12,2022,6,0
454,0,0,1,0,0,1,0,37,60.0,40.0,60.0,55870.0,4130.0,1.0,0.0,315.0,0.026,0.019,0.2883573294725505,-0.0395743860867912,0.2118282732924944,1,0.2,51284000.0,51284000.0,12.2,12,2023,2,0
460,0,1,0,0,0,1,0,24,30.0,20.0,30.0,0.0,0.0,22.0,22.0,4404.0,0.06,0.06,0.174680431722998,0.4135099352093531,-0.0022215371616659,4,56.6,858025000.0,237518000.0,5.6,12,2018,5,0
462,0,0,0,1,1,0,0,19,60.0,30.0,60.0,38950.0,-70.0,0.0,0.0,277.0,0.005,0.004,-0.276425846623698,-0.5987793722763688,-0.2789038913968857,1,12.1,69757000.0,69757000.0,0.2,12,2022,2,1
463,0,1,0,0,0,0,1,13,40.0,30.0,50.0,0.0,0.0,1.0,1.0,3065.0,0.006,0.005,0.1327597553980258,-0.3622001239276676,0.0755844073764237,1,9.7,99464000.0,99464000.0,2.8,12,2022,4,0
465,0,1,0,0,1,0,0,43,60.0,30.0,50.0,238260.0,44560.0,13.0,19.0,1767.0,0.091,0.127,-0.127832188462403,0.0870635019913169,0.0541313710191556,1,19.3,333216000.0,166608000.0,5.0,24,2021,7,0
467,0,0,1,0,1,0,0,15,60.0,40.0,60.0,0.0,0.0,5.0,12.0,930.0,0.066,0.16,0.3884516088735966,-0.1733846455835022,0.0806862952451416,2,21.0,163086000.0,80366000.0,3.2,12,2021,5,0
468,0,0,1,0,0,1,0,8,60.0,30.0,60.0,0.0,0.0,1.0,1.0,555.0,0.016,0.014,-0.0646752706873468,0.0983914163823802,0.0981261804443653,5,41.0,232442000.0,43810000.0,7.5,12,2019,9,0
472,0,0,1,0,0,0,1,26,60.0,30.0,60.0,77550.0,230.0,0.0,0.0,636.0,0.006,0.007,-0.1540356215769667,0.4330350536591,0.2184021779904093,1,0.0,134136000.0,134136000.0,24.6,24,2023,2,0
473,0,0,0,1,0,0,1,40,60.0,40.0,60.0,0.0,0.0,0.0,0.0,196.0,0.018,0.018,-0.0576463646618321,0.1870202073852487,0.053926592651411,1,11.4,119829000.0,119829000.0,25.2,36,2022,3,0
476,0,1,0,0,0,1,0,19,60.0,30.0,60.0,1666730.0,84710.0,6.0,9.0,1420.0,0.053,0.079,-0.1908913143363299,0.2837190457093364,-0.0188389216502298,4,41.6,385095000.0,71144000.0,6.7,12,2019,8,0
477,1,0,0,0,1,0,0,12,80.0,50.0,60.0,0.0,0.0,4.0,3.0,1735.0,0.03,0.023,0.0934861493372742,0.0480640960744066,0.0320808441560706,3,38.9,681546000.0,275966000.0,22.1,36,2019,11,0
483,0,0,1,0,1,0,0,18,50.0,30.0,50.0,0.0,0.0,1.0,1.0,591.0,0.029,0.016,-0.2680575739976142,0.6909580336592135,0.1769812561093792,1,6.1,103071000.0,103071000.0,5.9,12,2022,8,0
489,0,0,1,0,0,1,0,36,50.0,30.0,60.0,0.0,0.0,1.0,1.0,332.0,0.053,0.038,0.0432276989019824,-0.3617607366043582,-0.0577434334918323,1,4.4,54772000.0,54772000.0,7.8,12,2022,10,0
492,0,1,0,0,0,1,0,61,40.0,20.0,40.0,0.0,0.0,2.0,3.0,1252.0,0.02,0.027,0.0080978414798472,0.3117572499773056,0.041438126070747,1,8.3,120988000.0,120988000.0,3.8,12,2022,6,1
493,0,0,1,0,1,0,0,4,60.0,30.0,60.0,0.0,0.0,1.0,1.0,530.0,0.016,0.026,-0.4372861325783296,-0.0367509606677134,0.1143992124544846,5,51.9,362333000.0,46007000.0,9.4,12,2018,10,0
494,0,0,1,0,0,0,1,17,70.0,30.0,50.0,66930.0,5060.0,2.0,2.0,672.0,0.03,0.04,0.2173536684205705,-0.3384713266550513,-0.0049550848427867,2,15.5,130499000.0,55576000.0,9.1,24,2021,11,0
496,0,0,0,1,1,0,0,4,60.0,30.0,60.0,119940.0,-4340.0,1.0,0.0,228.0,0.034,0.013,0.2077329380235193,-0.1125160401153202,-0.0369298267953699,1,8.0,52264000.0,52264000.0,4.3,12,2022,6,0
500,0,0,1,0,1,0,0,34,40.0,20.0,60.0,83190.0,1760.0,3.0,2.0,576.0,0.058,0.044,0.0074392844512753,0.1044159895207814,0.0348762069869591,2,16.3,191107000.0,111704000.0,8.2,12,2021,10,0
502,0,0,1,0,0,0,1,49,70.0,50.0,80.0,810330.0,81110.0,2.0,2.0,761.0,0.039,0.026,-0.2968949315436609,0.2010636721649752,0.1631548109973159,2,23.9,157769000.0,66410000.0,0.4,12,2021,2,0
506,0,0,1,0,1,0,0,14,50.0,30.0,50.0,176770.0,1350.0,0.0,0.0,366.0,0.014,0.016,0.5783420163460653,-0.0715458179437484,0.0513443373472303,3,36.5,236643000.0,115653000.0,12.0,12,2020,1,0
510,0,0,0,1,0,1,0,13,60.0,30.0,60.0,9220.0,2210.0,0.0,0.0,185.0,0.028,0.013,-0.0555926101272475,0.1416309305372939,-0.0235633225296314,2,15.0,74488000.0,33506000.0,10.2,12,2021,11,0
516,0,0,1,0,1,0,0,11,60.0,30.0,50.0,0.0,0.0,5.0,4.0,371.0,0.17,0.133,0.1484924904329159,-0.022417046353114,0.0338604789663842,1,10.5,50971000.0,50971000.0,1.6,12,2022,4,0
522,0,0,1,0,0,0,1,20,50.0,30.0,50.0,331580.0,-32230.0,5.0,4.0,936.0,0.069,0.05,-0.0296839499235709,0.2377690563395521,0.1302603490871305,3,47.4,394879000.0,189812000.0,12.8,36,2019,3,0
524,0,0,1,0,1,0,0,8,40.0,30.0,40.0,0.0,0.0,1.0,1.0,866.0,0.009,0.01,0.2728227546812986,0.2652781853487935,0.0680438349792775,2,20.0,281383000.0,170378000.0,4.4,12,2021,6,0
528,0,0,0,1,1,0,0,25,60.0,40.0,60.0,0.0,0.0,0.0,1.0,179.0,0.023,0.043,0.1636334714368969,0.3590041678445598,0.1272882914793622,2,28.4,258795000.0,141390000.0,19.9,36,2020,10,0
532,0,1,0,0,0,0,1,29,70.0,40.0,50.0,99000.0,13780.0,7.0,9.0,1416.0,0.063,0.076,0.2258375583379256,-0.2638470610442416,-0.021133150723363,1,0.3,150482000.0,150482000.0,24.2,24,2023,2,0
533,0,0,1,0,0,0,1,14,50.0,30.0,40.0,0.0,0.0,2.0,2.0,419.0,0.052,0.044,0.1096846808348492,0.4527281136504243,0.2280787883077826,1,5.7,49786000.0,49786000.0,6.6,12,2022,8,0
534,0,0,0,1,1,0,0,21,40.0,20.0,50.0,0.0,0.0,0.0,0.0,89.0,0.035,0.018,-0.0569881327272761,0.5157825872370065,0.2000384988807056,6,56.4,225567000.0,45236000.0,5.1,12,2018,6,0
535,0,1,0,0,0,1,0,12,40.0,30.0,40.0,163460.0,-11640.0,2.0,3.0,1545.0,0.015,0.026,0.0397792576282641,0.2731740571351223,0.0194636418506597,4,39.2,407112000.0,142490000.0,9.0,12,2019,11,0
537,0,0,1,0,0,0,1,20,60.0,30.0,60.0,80410.0,-7060.0,1.0,3.0,465.0,0.038,0.066,0.1871914250822567,-0.1564595306066257,-0.0350331513492182,1,31.2,177909000.0,59303000.0,4.8,36,2020,7,1
539,0,1,0,0,0,1,0,17,100.0,50.0,80.0,0.0,0.0,1.0,1.0,1699.0,0.009,0.005,-0.1805969585464132,0.1367460435750078,0.0468740882373464,4,52.8,405031000.0,55933000.0,8.7,24,2018,9,0
544,0,0,1,0,0,1,0,5,80.0,40.0,70.0,0.0,0.0,4.0,12.0,754.0,0.064,0.196,0.0091101013736596,0.1044769208843729,0.0986089715188492,3,32.8,182603000.0,61042000.0,3.9,12,2020,5,0
547,0,0,1,0,1,0,0,41,100.0,50.0,70.0,0.0,0.0,1.0,1.0,887.0,0.013,0.018,0.1181389904257597,0.3607904781924259,0.0576075600853438,2,15.1,248122000.0,132852000.0,9.0,12,2021,11,0
548,0,0,1,0,0,0,1,6,60.0,30.0,60.0,68750.0,-310.0,2.0,1.0,707.0,0.032,0.023,-0.1464793577340175,0.0518089069326238,0.0235501004585225,1,19.6,191238000.0,127492000.0,16.6,36,2021,6,0
552,0,0,0,1,1,0,0,8,40.0,30.0,60.0,0.0,0.0,0.0,1.0,204.0,0.029,0.039,0.360874513945406,-0.2079732710134115,-0.0095404761523073,2,10.1,87488000.0,87488000.0,2.1,12,2022,4,0
553,0,0,1,0,0,1,0,8,100.0,60.0,60.0,0.0,0.0,2.0,1.0,558.0,0.053,0.027,0.3156050106693382,0.025612822265589,-0.0017346028275346,1,2.4,45903000.0,45903000.0,10.2,12,2022,12,0
555,0,0,0,1,0,1,0,43,60.0,30.0,60.0,0.0,0.0,0.0,0.0,7.0,0.039,0.062,0.371760663040013,0.1846929884804129,0.1309858075167314,1,11.9,21794000.0,21794000.0,12.5,24,2022,2,0
556,0,0,1,0,0,1,0,40,60.0,30.0,60.0,327740.0,2570.0,1.0,1.0,502.0,0.034,0.032,-0.5202192440766127,-0.368151700494899,0.0478355064017613,2,34.1,294475000.0,169006000.0,14.1,36,2020,4,0
557,0,0,1,0,0,1,0,38,80.0,40.0,60.0,0.0,0.0,1.0,1.0,462.0,0.021,0.034,-0.0716790208005339,0.0843776718437821,0.0699587411208274,1,12.4,68545000.0,0.0,-0.1,12,2022,2,1
558,0,0,0,1,0,0,1,13,50.0,30.0,60.0,0.0,0.0,1.0,1.0,144.0,0.053,0.085,-0.2437322750277545,0.2603319481018589,0.0803399258477874,3,24.6,118802000.0,31525000.0,11.5,12,2021,1,0
560,0,1,0,0,0,1,0,32,80.0,40.0,60.0,0.0,0.0,5.0,10.0,1285.0,0.047,0.091,0.0822959117270842,1.0219954194725294,0.0892606964306036,2,24.6,356260000.0,241218000.0,25.1,36,2021,1,0
562,0,0,0,1,1,0,0,17,60.0,30.0,60.0,34170.0,2820.0,0.0,0.0,155.0,0.013,0.013,0.3414317184601725,0.0744053951600381,-0.042593495630052,1,5.5,200685000.0,200685000.0,31.0,36,2022,9,0
564,0,0,1,0,0,0,1,32,60.0,30.0,60.0,75030.0,-3840.0,12.0,20.0,723.0,0.205,0.324,0.3057126470452259,0.1970271420413034,0.0475198062315178,5,55.8,316563000.0,74301000.0,4.7,24,2018,6,0
569,0,0,1,0,0,1,0,26,70.0,50.0,60.0,0.0,0.0,1.0,2.0,626.0,0.028,0.034,0.078152448409629,-0.4563727118656862,-0.0865099634330497,1,2.0,46529000.0,46529000.0,10.2,12,2022,12,0
570,0,0,0,1,0,1,0,21,60.0,30.0,60.0,25720.0,660.0,0.0,1.0,176.0,0.031,0.046,-0.011606136980256,0.4872489266904781,0.2283292191458606,3,15.8,160575000.0,115416000.0,20.6,24,2021,10,0
573,0,0,0,1,1,0,0,6,100.0,50.0,50.0,28440.0,-170.0,1.0,0.0,164.0,0.039,0.023,0.0599210926236458,0.0862089051561718,0.0129408047050817,4,37.6,202618000.0,0.0,-1.1,12,2019,12,1
575,0,0,1,0,1,0,0,50,60.0,30.0,50.0,0.0,0.0,1.0,1.0,387.0,0.031,0.022,0.0362430308037025,0.4609089437729379,0.0695048261719729,2,45.3,244456000.0,74127000.0,4.4,24,2019,5,0
576,0,0,0,1,0,1,0,6,40.0,20.0,40.0,295640.0,-2630.0,1.0,1.0,231.0,0.032,0.028,0.2379425430553692,-0.588129060665444,-0.0444694956008421,1,11.7,12753000.0,12753000.0,0.8,12,2022,2,1
579,0,0,0,1,0,1,0,37,80.0,50.0,70.0,0.0,0.0,0.0,0.0,111.0,0.052,0.052,-0.1372676251805287,0.2495148437306724,0.0368487860492319,5,61.0,184855000.0,53252000.0,12.1,24,2018,1,0
583,0,0,0,1,0,0,1,11,60.0,30.0,60.0,18440.0,-930.0,1.0,1.0,297.0,0.047,0.058,0.1323128223249005,0.0218968852508658,-0.0819744002983447,3,13.2,119901000.0,51753000.0,12.5,12,2022,1,0
586,0,0,1,0,1,0,0,12,60.0,30.0,60.0,0.0,0.0,7.0,4.0,937.0,0.086,0.057,-0.0874076920152092,-0.0790510187066567,-0.10223410319442,4,48.1,421351000.0,115104000.0,12.6,24,2019,2,0
589,0,0,0,1,1,0,0,57,110.0,50.0,70.0,0.0,0.0,1.0,1.0,216.0,0.04,0.049,-0.0790531199245784,-0.177708779200257,-0.1218589974441724,1,3.9,56293000.0,56293000.0,8.6,12,2022,10,0
590,0,0,0,1,0,0,1,29,60.0,30.0,60.0,0.0,0.0,0.0,0.0,120.0,0.018,0.007,0.2476511624967674,0.2191164300759071,0.1257095536106904,1,1.8,24816000.0,24816000.0,10.2,12,2022,12,0
594,0,1,0,0,0,0,1,10,60.0,30.0,60.0,1316890.0,-50920.0,14.0,22.0,2319.0,0.072,0.115,0.0292831366246182,-0.183513161502119,0.0874864337829238,3,27.6,336929000.0,106161000.0,9.0,12,2020,10,0
601,0,0,0,1,0,0,1,10,60.0,30.0,60.0,0.0,0.0,0.0,0.0,148.0,0.018,0.023,0.1567188028246474,-0.3217234162912749,-0.0865006357635075,1,10.9,12180000.0,12180000.0,1.6,12,2022,3,1
606,0,0,0,1,1,0,0,29,30.0,20.0,30.0,0.0,0.0,0.0,0.0,137.0,0.014,0.016,0.1517890911966342,0.0219331615670547,0.0404836660531148,1,14.6,143079000.0,95386000.0,21.4,36,2021,11,0
608,0,0,1,0,0,0,1,15,40.0,30.0,30.0,205430.0,27920.0,2.0,2.0,436.0,0.053,0.062,-0.1233116972931444,0.3525463283245922,0.0550419406787694,1,1.2,55655000.0,55655000.0,11.2,12,2023,1,0
610,0,1,0,0,0,1,0,6,60.0,30.0,60.0,1548930.0,-238760.0,10.0,5.0,2966.0,0.039,0.019,-0.0571397218916107,0.3132798027233974,0.0669254488922179,2,36.5,397797000.0,104461000.0,0.1,12,2020,1,0
611,0,0,0,1,0,1,0,77,60.0,30.0,60.0,22560.0,1200.0,0.0,0.0,127.0,0.002,0.002,-0.1105908108744871,0.320270334293869,0.2045451125869715,1,4.9,83322000.0,83322000.0,31.2,36,2022,9,0
614,0,0,1,0,1,0,0,21,80.0,50.0,50.0,73720.0,12840.0,2.0,4.0,497.0,0.048,0.095,0.5047977635057352,0.503533287545959,0.282139623232686,3,44.5,287278000.0,65360000.0,3.8,12,2019,5,0
616,0,0,1,0,1,0,0,22,90.0,50.0,50.0,0.0,0.0,1.0,1.0,714.0,0.012,0.014,0.1496907328625909,0.1628683871396585,0.0359600332806924,2,26.6,330794000.0,101169000.0,9.6,24,2020,11,0
621,0,0,0,1,0,1,0,25,30.0,20.0,50.0,0.0,0.0,0.0,0.0,219.0,0.002,0.002,0.2630039184249705,-0.2786506412977441,0.0221416115341014,1,2.0,38149000.0,38149000.0,10.0,12,2022,12,0
626,0,0,0,1,0,1,0,24,60.0,30.0,60.0,0.0,0.0,0.0,0.0,111.0,0.045,0.033,-0.1727697449411389,0.3023585020977741,0.1610333547753359,4,21.7,63149000.0,35969000.0,2.6,12,2021,4,0
633,0,0,1,0,0,1,0,13,60.0,30.0,60.0,0.0,0.0,0.0,0.0,474.0,0.008,0.005,-0.0209402743369097,0.0751219620890743,-0.0293009430324547,3,34.9,181454000.0,59693000.0,1.4,24,2020,3,0
634,0,0,1,0,0,1,0,17,60.0,30.0,60.0,0.0,0.0,0.0,0.0,521.0,0.005,0.004,-0.2381498582561104,0.0842334247226527,0.0950878451232428,5,49.8,250333000.0,45468000.0,11.4,12,2018,12,0
635,0,1,0,0,0,0,1,14,60.0,30.0,50.0,557790.0,-26550.0,4.0,4.0,1225.0,0.038,0.038,-0.0216432727081553,-0.0790373517369252,0.053995474572461,4,34.8,455309000.0,152850000.0,14.8,24,2020,3,0
638,0,0,0,1,0,0,1,22,60.0,30.0,60.0,0.0,0.0,1.0,2.0,159.0,0.087,0.134,0.4052216727605646,0.1348358534808519,0.0666960699450479,2,23.8,90055000.0,51150000.0,0.2,12,2021,2,0
640,0,1,0,0,0,1,0,25,70.0,40.0,70.0,0.0,0.0,1.0,2.0,1215.0,0.011,0.015,0.06913738933859,0.3738072842728239,0.0965343594236653,4,52.1,365134000.0,74692000.0,8.5,12,2018,10,1
641,0,0,0,1,0,1,0,11,60.0,30.0,60.0,0.0,0.0,1.0,1.0,112.0,0.117,0.112,-0.0524301512169897,-0.2334790001186898,-0.0500601041263334,2,12.6,40884000.0,21854000.0,11.9,12,2022,1,0
642,0,1,0,0,1,0,0,13,120.0,80.0,70.0,0.0,0.0,5.0,8.0,4377.0,0.013,0.022,0.2682207065321503,0.1980907485433806,0.0637965873821362,3,47.9,826402000.0,186563000.0,1.4,24,2019,2,1
647,0,0,1,0,1,0,0,48,60.0,30.0,60.0,56130.0,2320.0,3.0,1.0,540.0,0.064,0.029,-0.4825295623218035,0.3691677486719011,0.0393158580722366,2,0.2,139506000.0,139506000.0,24.3,24,2023,2,0
650,0,0,1,0,0,1,0,30,50.0,30.0,50.0,0.0,0.0,0.0,1.0,327.0,0.017,0.039,-0.0570570970834978,-0.1607117910042362,-0.0221447653033115,1,23.6,53786000.0,26893000.0,0.9,24,2021,2,1
651,0,1,0,0,0,1,0,23,40.0,20.0,30.0,0.0,0.0,8.0,4.0,1240.0,0.077,0.035,-0.5383947257296378,-0.2024476468917371,0.0667943035698117,1,10.8,73493000.0,73493000.0,1.5,12,2022,3,0
653,0,1,0,0,0,0,1,26,60.0,30.0,60.0,728380.0,27200.0,3.0,6.0,2331.0,0.015,0.032,-0.2692963405873615,-0.1208326425728296,0.1519854354077966,2,29.9,427364000.0,114018000.0,6.5,12,2020,8,0
654,0,0,0,1,1,0,0,36,50.0,30.0,50.0,0.0,0.0,1.0,1.0,132.0,0.058,0.053,-0.4474490752004511,0.1979697296610379,0.0269249838865532,1,2.2,45954000.0,45954000.0,10.2,12,2022,12,0
657,0,0,0,1,0,1,0,16,90.0,60.0,60.0,8520.0,-20.0,0.0,0.0,69.0,0.05,0.069,-0.0165175305038955,0.2159197520569798,0.1313498689476272,1,4.7,27511000.0,27511000.0,7.8,12,2022,9,0
658,0,0,1,0,0,1,0,16,30.0,10.0,40.0,64590.0,-6660.0,1.0,1.0,541.0,0.016,0.011,-0.0183946866735324,-0.3487213542141665,-0.048038096944498,1,9.1,93184000.0,93184000.0,3.2,12,2022,5,0
659,0,1,0,0,0,1,0,32,60.0,30.0,60.0,234680.0,21350.0,19.0,31.0,1948.0,0.115,0.194,-0.0977967088255015,-0.0687048832118371,-0.0187600970982581,1,9.5,218822000.0,218822000.0,15.0,24,2022,5,0
660,0,0,1,0,0,0,1,38,110.0,50.0,60.0,79500.0,4260.0,0.0,1.0,365.0,0.016,0.017,-0.1519280447873705,0.5151369109413303,0.2328285269342168,5,38.3,238049000.0,49019000.0,11.0,12,2019,12,0
661,0,0,1,0,1,0,0,35,50.0,40.0,60.0,0.0,0.0,2.0,1.0,382.0,0.066,0.039,0.3815528196202522,-0.193502650453304,-0.0412419282772174,1,0.9,82919000.0,82919000.0,11.1,12,2023,1,0
666,0,1,0,0,1,0,0,5,60.0,30.0,60.0,995180.0,62470.0,5.0,7.0,1560.0,0.037,0.054,-0.116018426358103,-0.3119986960052912,0.0569273554274247,1,8.0,232977000.0,232977000.0,28.0,36,2022,6,0
667,0,0,1,0,1,0,0,10,50.0,30.0,60.0,241230.0,-2720.0,0.0,0.0,482.0,0.011,0.009,0.2130958996439632,0.0879681708129893,0.0620100342442676,1,5.6,93834000.0,93834000.0,6.8,12,2022,8,0
670,0,1,0,0,0,1,0,24,70.0,40.0,50.0,210030.0,51250.0,3.0,3.0,1715.0,0.024,0.018,0.179305383009083,-0.3781606352994772,-0.0007547695741861,2,17.1,199620000.0,93850000.0,6.9,12,2021,9,0
671,0,0,1,0,1,0,0,38,60.0,30.0,60.0,309760.0,820.0,6.0,7.0,745.0,0.091,0.109,0.0917173805929358,0.1994873680366934,0.0505994000156967,1,9.2,75744000.0,75744000.0,2.9,12,2022,5,1
674,0,0,1,0,1,0,0,48,60.0,30.0,60.0,0.0,0.0,1.0,3.0,444.0,0.038,0.084,-0.2494829451345376,-0.2089308275579089,-0.0397226927219989,2,31.6,296930000.0,98438000.0,5.5,24,2020,6,1
676,0,0,1,0,1,0,0,26,50.0,30.0,60.0,0.0,0.0,1.0,1.0,652.0,0.024,0.022,-0.1442624627637959,-0.3101947685064447,-0.0388468979858076,2,19.3,214882000.0,111869000.0,5.1,12,2021,7,1
678,0,1,0,0,0,0,1,42,60.0,30.0,60.0,0.0,0.0,3.0,3.0,2729.0,0.014,0.012,0.0646035318069796,-0.0330907877931937,0.0237242971289702,2,34.4,291472000.0,113494000.0,1.9,12,2020,4,0
681,0,0,1,0,0,1,0,24,60.0,40.0,70.0,0.0,0.0,2.0,1.0,889.0,0.02,0.019,-0.1754661034515988,-0.357665435982393,0.0503179484984166,2,18.7,109897000.0,65444000.0,6.2,12,2021,7,1
686,0,0,1,0,0,0,1,17,60.0,30.0,60.0,0.0,0.0,1.0,1.0,433.0,0.04,0.018,-0.1297498441726856,0.1016987530247807,-0.0429256517465665,4,61.4,314283000.0,103214000.0,23.0,24,2018,1,0
687,0,0,1,0,0,0,1,9,60.0,30.0,60.0,1065260.0,335990.0,3.0,5.0,995.0,0.041,0.057,0.1202515294260085,0.2552379715589501,0.090081424293377,4,49.6,389661000.0,96106000.0,10.7,12,2018,12,0
690,0,0,1,0,0,0,1,129,90.0,50.0,70.0,0.0,0.0,3.0,3.0,603.0,0.06,0.051,-0.0526916977565647,-0.1026925899905171,-0.0237214275816973,1,3.5,116283000.0,116283000.0,8.9,12,2022,10,0
692,0,0,1,0,0,1,0,62,60.0,30.0,60.0,0.0,0.0,1.0,1.0,766.0,0.017,0.021,-0.3721476088894938,-0.3173691494859689,-0.0550319896370664,2,15.3,171117000.0,105853000.0,10.6,12,2021,11,0
699,0,1,0,0,0,1,0,5,90.0,50.0,50.0,0.0,0.0,1.0,1.0,1340.0,0.005,0.012,0.0736870642482904,-0.0991673505649577,0.0256453530509241,2,0.2,102984000.0,102984000.0,12.2,12,2023,2,0
700,0,0,0,1,1,0,0,28,40.0,20.0,60.0,0.0,0.0,0.0,0.0,179.0,0.017,0.013,0.001145043040656,0.3420754866544853,0.1410819760846026,2,21.6,112859000.0,50571000.0,2.6,12,2021,4,0
701,0,1,0,0,0,0,1,36,80.0,50.0,60.0,958900.0,137140.0,3.0,1.0,1350.0,0.025,0.009,0.2464275574737482,-0.4015515441847271,-0.0574207608644739,1,5.8,101926000.0,101926000.0,6.3,12,2022,8,1
708,0,0,1,0,0,1,0,8,60.0,30.0,60.0,63090.0,-2410.0,1.0,1.0,337.0,0.031,0.037,0.5260142186723794,0.1572249895942944,-0.0786846111375051,1,2.4,37019000.0,37019000.0,10.1,12,2022,12,0
709,1,0,0,0,0,1,0,11,60.0,30.0,60.0,0.0,0.0,0.0,0.0,401.0,0.012,0.012,-0.2371628164306262,0.1875415684759502,0.0644093173949149,1,5.5,29195000.0,29195000.0,6.9,12,2022,8,0
711,0,0,0,1,0,0,1,22,60.0,30.0,60.0,0.0,0.0,0.0,0.0,102.0,0.015,0.019,0.3790022712848548,0.1502997074178573,0.0687591208231423,1,14.4,25681000.0,0.0,-2.2,12,2021,12,1
719,0,0,1,0,0,1,0,39,30.0,20.0,40.0,0.0,0.0,5.0,6.0,988.0,0.066,0.079,0.2730546947509695,-0.3307899477862177,0.0253397702482266,1,24.0,148785000.0,99190000.0,12.3,36,2021,2,0
720,0,0,0,1,0,1,0,17,60.0,30.0,60.0,46920.0,-8630.0,1.0,0.0,169.0,0.046,0.025,-0.0131354019886496,-0.0991602480005584,0.005310669306286,1,22.0,57768000.0,38512000.0,14.0,36,2021,4,0
721,0,0,1,0,1,0,0,14,40.0,20.0,30.0,238060.0,-2360.0,1.0,1.0,624.0,0.011,0.01,0.1652403203982196,0.3848267373433723,0.029994468927334,1,1.1,62775000.0,62775000.0,11.0,12,2023,1,0
726,0,0,1,0,1,0,0,29,60.0,30.0,50.0,77210.0,-7850.0,5.0,11.0,476.0,0.127,0.287,0.2868636614933429,0.0185779356692958,-0.0813784123036805,1,4.9,72597000.0,72597000.0,7.1,12,2022,9,0
729,0,1,0,0,1,0,0,7,60.0,30.0,60.0,0.0,0.0,3.0,4.0,1084.0,0.031,0.043,0.1813638494122827,0.3530298338583683,0.0442405813993903,1,19.7,541484000.0,270742000.0,4.7,24,2021,6,1
731,0,0,1,0,0,0,1,14,40.0,20.0,50.0,0.0,0.0,4.0,4.0,598.0,0.082,0.077,0.0712168443708229,0.007344266550397,0.0113171175658065,1,1.3,47283000.0,47283000.0,11.2,12,2023,1,0
733,0,1,0,0,1,0,0,9,50.0,30.0,50.0,0.0,0.0,2.0,2.0,1075.0,0.022,0.017,0.3066692683214819,-0.1216376129771165,0.0218290721028081,4,60.3,500882000.0,102025000.0,1.2,12,2018,2,0
734,0,0,0,1,1,0,0,14,30.0,20.0,30.0,217510.0,21050.0,0.0,0.0,160.0,0.006,0.007,-0.2914753885535346,-0.0060836721653517,-0.0008037565788021,3,26.1,184303000.0,61731000.0,10.8,12,2020,12,0
738,0,0,1,0,0,1,0,23,40.0,20.0,60.0,0.0,0.0,0.0,1.0,394.0,0.01,0.024,-0.1381243607786739,0.2503830081452584,0.2235633759312492,1,3.8,29403000.0,29403000.0,8.2,12,2022,10,0
749,0,1,0,0,1,0,0,75,60.0,40.0,60.0,0.0,0.0,9.0,6.0,3414.0,0.032,0.021,0.1584091274042769,0.2844927742440095,-0.0138179114071565,1,0.6,410576000.0,410576000.0,23.5,24,2023,1,0
754,0,0,1,0,0,0,1,3,70.0,50.0,60.0,164090.0,7460.0,1.0,0.0,346.0,0.029,0.007,0.209510860612226,0.7185297828851098,0.1755789397298277,2,23.6,63578000.0,29369000.0,0.5,12,2021,2,0
758,0,1,0,0,0,1,0,26,80.0,50.0,70.0,0.0,0.0,9.0,5.0,5564.0,0.019,0.012,0.0023588233909425,0.453305758290927,-0.0455426118647845,3,26.4,376579000.0,0.0,-2.0,12,2020,12,1
760,0,0,1,0,0,0,1,36,60.0,30.0,60.0,69370.0,460.0,0.0,0.0,382.0,0.002,0.002,0.5852322230285621,0.4004649329073603,0.1132158027441909,2,18.9,110785000.0,35730000.0,5.1,12,2021,7,0
762,0,0,1,0,0,1,0,29,110.0,50.0,60.0,22780.0,1850.0,4.0,5.0,534.0,0.084,0.11,0.1444520993384222,0.2542424951163869,-0.0950966617456884,1,10.4,50671000.0,50671000.0,2.1,12,2022,4,0
767,0,1,0,0,0,0,1,24,60.0,30.0,40.0,0.0,0.0,44.0,102.0,9570.0,0.055,0.127,0.209256726429641,-0.0205939702634203,0.1089628958935251,3,46.8,482432000.0,86443000.0,1.5,12,2019,3,0
769,0,0,1,0,0,0,1,18,30.0,20.0,40.0,679720.0,8320.0,3.0,2.0,746.0,0.053,0.038,-0.0277944682620209,-0.1863040757543303,0.0424462063667107,1,20.3,65678000.0,32839000.0,3.9,24,2021,6,0
771,0,0,1,0,0,1,0,7,60.0,30.0,50.0,0.0,0.0,4.0,5.0,525.0,0.099,0.121,0.1929687279433167,-0.2346867904022451,-0.0635749869168004,4,45.6,213101000.0,51261000.0,4.4,12,2019,4,1
774,0,0,0,1,0,0,1,20,30.0,10.0,40.0,0.0,0.0,0.0,1.0,231.0,0.02,0.041,0.1845870410417388,-0.2088280500654971,-0.0554289736972014,1,1.8,34601000.0,34601000.0,10.5,12,2022,12,0
777,0,1,0,0,0,1,0,9,50.0,30.0,40.0,924380.0,-29060.0,1.0,2.0,1496.0,0.009,0.014,0.1413761368035383,0.0861874144013928,0.0743389274133254,1,0.5,192508000.0,192508000.0,24.0,24,2023,1,0
780,0,0,1,0,0,1,0,12,70.0,40.0,60.0,163520.0,26080.0,6.0,6.0,923.0,0.077,0.075,0.0566614760976023,-0.1404265052916151,0.1749148795840441,2,27.9,212659000.0,84197000.0,8.3,24,2020,10,0
785,0,1,0,0,0,0,1,19,90.0,50.0,80.0,0.0,0.0,2.0,1.0,1170.0,0.021,0.013,-0.1025238988913352,0.6116594622418695,0.1749616060910881,1,3.9,66609000.0,66609000.0,8.2,12,2022,10,0
792,0,1,0,0,0,1,0,35,60.0,30.0,60.0,0.0,0.0,2.0,3.0,1356.0,0.022,0.029,0.2519134118531648,-0.1479885732179992,-0.0229216360207336,2,16.4,243476000.0,180694000.0,20.5,24,2021,10,0
794,0,0,0,1,1,0,0,31,50.0,20.0,60.0,0.0,0.0,1.0,0.0,237.0,0.032,0.017,0.1285217252625424,0.1872789852752205,0.0218568847585531,2,31.1,187452000.0,74134000.0,5.3,12,2020,7,0
798,0,0,0,1,1,0,0,18,60.0,30.0,50.0,78650.0,3590.0,1.0,2.0,236.0,0.074,0.086,-0.0625254845693842,0.4177668982063374,0.2095461218486765,2,22.5,173724000.0,108060000.0,15.3,24,2021,4,0
802,0,0,1,0,0,0,1,7,60.0,30.0,60.0,102750.0,1280.0,0.0,0.0,305.0,0.008,0.006,0.0138327096491263,0.3753923375616809,0.1333868969262896,1,10.7,38916000.0,38916000.0,1.8,12,2022,3,0
803,0,0,1,0,0,1,0,18,70.0,40.0,70.0,158380.0,3110.0,3.0,2.0,715.0,0.054,0.033,0.0218200013530066,0.2845503748045151,0.1409526888017327,1,0.6,82101000.0,82101000.0,12.0,12,2023,1,0
808,1,0,0,0,0,1,0,26,50.0,30.0,50.0,10790.0,1090.0,0.0,0.0,84.0,0.022,0.036,0.2675021519181137,-0.3292281296487662,-0.1112125635773432,1,6.3,30683000.0,30683000.0,5.9,12,2022,8,0
817,0,0,1,0,0,1,0,5,90.0,50.0,70.0,526190.0,73770.0,7.0,5.0,930.0,0.093,0.069,-0.1363626764896033,-0.29701262860378,-0.0164968595213799,4,29.0,229127000.0,61012000.0,8.5,12,2020,9,0
818,0,0,0,1,0,0,1,24,120.0,70.0,90.0,14170.0,240.0,0.0,0.0,126.0,0.021,0.017,0.2472274310496716,0.1876326199249065,0.1053018450699023,2,13.8,58109000.0,23044000.0,10.8,12,2021,12,0
821,0,0,1,0,1,0,0,51,90.0,60.0,70.0,0.0,0.0,0.0,1.0,483.0,0.011,0.013,0.0418735532143131,0.1143953355458683,0.1560041591121853,1,7.4,82416000.0,82416000.0,5.0,12,2022,7,0
823,0,1,0,0,0,0,1,3,70.0,40.0,70.0,98590.0,11780.0,4.0,7.0,1065.0,0.045,0.074,0.1613820185442797,0.0084848531207315,0.02059616187174,3,30.2,276620000.0,101603000.0,6.0,12,2020,8,1
825,0,0,0,1,0,0,1,4,60.0,30.0,60.0,0.0,0.0,1.0,1.0,247.0,0.037,0.034,0.5425798920964384,-0.3478428566551386,0.0149329903838617,1,5.4,97095000.0,97095000.0,30.8,36,2022,9,0
828,0,0,1,0,1,0,0,64,50.0,30.0,50.0,136150.0,26710.0,1.0,0.0,449.0,0.016,0.009,0.0302319826479042,-0.0221086247597287,-0.0696029709044596,2,2.0,139141000.0,139141000.0,10.2,12,2022,12,0
830,0,0,1,0,0,0,1,15,50.0,30.0,30.0,0.0,0.0,3.0,4.0,388.0,0.082,0.11,0.0892043007873632,0.4033944380038699,0.1216562066155394,3,17.5,121037000.0,66708000.0,19.1,24,2021,8,0
836,0,0,0,1,0,1,0,19,80.0,40.0,60.0,0.0,0.0,0.0,0.0,174.0,0.012,0.015,-0.0332337689598237,0.2196932591365778,0.1281151424646331,1,11.3,58042000.0,58042000.0,1.2,12,2022,3,0
837,0,0,1,0,0,0,1,44,100.0,50.0,70.0,0.0,0.0,0.0,1.0,781.0,0.007,0.009,-0.096989885171397,-0.0734011493342029,-0.1618990964018899,1,1.6,49669000.0,49669000.0,10.9,12,2022,12,0
839,0,0,1,0,0,1,0,44,60.0,30.0,60.0,0.0,0.0,1.0,1.0,957.0,0.015,0.007,-0.0355480271401934,-0.0517870501247141,0.1538330952004661,1,12.0,135348000.0,135348000.0,0.4,12,2022,2,0
845,0,0,1,0,1,0,0,39,70.0,30.0,50.0,0.0,0.0,1.0,1.0,433.0,0.031,0.025,-0.0790882200494411,0.1859185728965376,0.1525838950073057,5,40.8,339954000.0,67859000.0,7.7,12,2019,9,0
848,0,0,1,0,1,0,0,20,60.0,30.0,60.0,480770.0,66450.0,0.0,1.0,606.0,0.009,0.02,-0.0710465399049528,0.0603331899720057,-0.0467555072585971,1,5.8,100023000.0,100023000.0,6.1,12,2022,8,0
850,0,0,1,0,1,0,0,8,70.0,40.0,50.0,30380.0,5140.0,0.0,0.0,547.0,0.003,0.006,0.1813760911034094,0.4047743932780705,0.1482514363811441,1,11.9,152568000.0,152568000.0,0.4,12,2022,2,0
851,0,0,0,1,1,0,0,30,50.0,30.0,50.0,0.0,0.0,0.0,0.0,238.0,0.015,0.014,-0.1558279697134268,0.111822358323567,0.0346997690837789,1,15.0,119574000.0,59787000.0,9.6,24,2021,11,0
859,0,0,0,1,0,1,0,20,50.0,30.0,60.0,0.0,0.0,0.0,0.0,257.0,0.017,0.01,0.1515465261085245,-0.1686699514201979,0.0535137984807434,6,88.7,332331000.0,43609000.0,8.1,12,2015,9,0
860,0,1,0,0,1,0,0,43,60.0,30.0,50.0,678500.0,22830.0,2.0,2.0,1658.0,0.016,0.012,0.2779595553771729,0.0080685252858255,0.0981235789028445,3,30.1,836036000.0,498363000.0,30.7,36,2020,8,0
867,0,0,1,0,1,0,0,10,60.0,30.0,40.0,0.0,0.0,2.0,1.0,415.0,0.044,0.035,-0.2171947949953984,0.7745776306045447,0.1972838970459284,3,30.9,298815000.0,70942000.0,5.9,12,2020,7,0
869,0,1,0,0,1,0,0,10,50.0,30.0,50.0,0.0,0.0,8.0,6.0,1924.0,0.048,0.038,0.0787045990378842,0.0703771789169801,0.0756397587126241,2,9.7,222150000.0,222150000.0,2.9,12,2022,4,0
873,0,1,0,0,0,1,0,18,60.0,30.0,60.0,0.0,0.0,7.0,16.0,1892.0,0.046,0.103,0.3844100919492644,0.2911371032565528,0.0480189815746256,3,13.2,232404000.0,121743000.0,11.2,12,2022,1,0
883,0,0,1,0,0,0,1,36,60.0,30.0,50.0,0.0,0.0,1.0,1.0,667.0,0.011,0.021,0.0613225277612564,0.176803720595911,0.1145732854845781,1,13.5,205294000.0,102647000.0,11.0,24,2021,12,0
888,0,0,1,0,0,0,1,25,60.0,30.0,60.0,0.0,0.0,1.0,2.0,367.0,0.037,0.052,0.3675554055663312,-0.1195435202767506,0.0041395535273347,1,0.4,155007000.0,155007000.0,36.1,36,2023,2,0
893,0,0,1,0,0,0,1,6,20.0,10.0,40.0,0.0,0.0,1.0,1.0,551.0,0.012,0.023,0.2045643380625074,-0.26489319661678,-0.0107484620715203,4,21.5,131508000.0,74107000.0,3.0,12,2021,5,0
895,0,0,0,1,1,0,0,41,40.0,20.0,60.0,0.0,0.0,0.0,1.0,146.0,0.033,0.045,0.0595849861896914,0.0300808115518729,-0.0054972900783352,1,2.6,56635000.0,56635000.0,9.9,12,2022,11,0
897,0,0,0,1,1,0,0,20,60.0,30.0,60.0,80640.0,5620.0,1.0,1.0,202.0,0.083,0.068,-0.1311403865755899,-0.6979036271480893,-0.0811279099297712,2,36.3,214627000.0,82408000.0,23.7,24,2020,2,0
899,0,0,1,0,0,0,1,49,40.0,30.0,70.0,176510.0,20610.0,0.0,0.0,380.0,0.011,0.006,0.0971996153567875,-0.0093207306792838,-0.012534116438344,1,8.8,107056000.0,107056000.0,15.8,24,2022,5,0
900,0,1,0,0,1,0,0,8,40.0,30.0,40.0,0.0,0.0,2.0,2.0,2301.0,0.012,0.012,0.3810554176188262,0.5153995873575414,0.0808791893176143,2,35.3,369055000.0,139867000.0,1.0,24,2020,3,0
901,0,0,0,1,0,0,1,53,50.0,30.0,60.0,31820.0,-790.0,0.0,0.0,184.0,0.018,0.016,-0.098101888732934,-0.0372019092166118,0.0600411784492506,1,24.0,65084000.0,32542000.0,0.5,24,2021,2,0
906,0,0,0,1,0,0,1,22,60.0,30.0,60.0,39410.0,2920.0,0.0,0.0,279.0,0.005,0.005,-0.5926667458357873,-0.2198658507382301,0.0465446113268804,2,17.1,75661000.0,39430000.0,8.0,12,2021,9,1
912,0,0,0,1,1,0,0,17,60.0,30.0,60.0,0.0,0.0,1.0,1.0,237.0,0.038,0.042,0.1602152591091001,0.1435923320989386,-0.0483837556472063,4,46.0,254650000.0,81971000.0,2.9,12,2019,4,1
926,0,0,1,0,0,1,0,11,40.0,30.0,60.0,179140.0,780.0,0.0,0.0,835.0,0.004,0.002,-0.0979565539674811,0.1140427496810509,0.155837132680691,2,33.8,204725000.0,87218000.0,14.3,36,2020,4,0
928,0,1,0,0,1,0,0,17,100.0,60.0,60.0,631070.0,45670.0,17.0,22.0,6336.0,0.032,0.042,-0.2622682950282461,-0.0119317216289849,-0.1000069072066497,3,27.5,747601000.0,274701000.0,9.5,12,2020,11,0
929,0,0,0,1,1,0,0,27,60.0,30.0,60.0,0.0,0.0,1.0,1.0,217.0,0.073,0.031,0.334254396816692,-0.0517455959942006,0.0287026390180658,1,6.3,35315000.0,35315000.0,6.0,12,2022,8,1
932,0,0,1,0,0,1,0,19,40.0,20.0,50.0,0.0,0.0,1.0,2.0,323.0,0.039,0.08,-0.0438366962371713,0.2639737033261923,0.1359615564030108,1,9.9,49385000.0,49385000.0,2.7,12,2022,4,0
934,0,0,1,0,0,1,0,51,80.0,60.0,70.0,62290.0,9070.0,0.0,0.0,642.0,0.007,0.007,0.0660332630378613,0.0188550499220085,-0.0626857432168147,3,22.5,137272000.0,74214000.0,1.8,12,2021,4,1
935,0,0,1,0,0,1,0,11,70.0,30.0,60.0,0.0,0.0,11.0,8.0,887.0,0.145,0.103,0.3298322049930459,0.0275261548176314,0.1189490136829772,3,42.0,419383000.0,125184000.0,6.5,12,2019,8,0
937,0,0,0,1,0,0,1,9,30.0,20.0,50.0,0.0,0.0,1.0,0.0,147.0,0.077,0.039,0.3698420418521622,0.0581446753883636,0.0272869022900939,4,32.7,123503000.0,31966000.0,3.6,12,2020,5,0
946,0,0,0,1,0,0,1,9,80.0,40.0,70.0,0.0,0.0,0.0,0.0,193.0,0.011,0.01,0.0212981416030991,-0.2707854647295911,-0.0891694813181122,2,16.8,63939000.0,31850000.0,7.3,12,2021,9,1
951,0,0,0,1,1,0,0,3,40.0,20.0,30.0,0.0,0.0,0.0,0.0,217.0,0.005,0.002,-0.0173127925959805,-0.3033009139137778,-0.1360010716983226,3,16.6,98262000.0,49068000.0,7.9,12,2021,9,0
954,0,0,1,0,0,0,1,24,90.0,60.0,60.0,0.0,0.0,1.0,0.0,715.0,0.011,0.008,0.1787256583707304,0.2080818669453495,0.0257655748342089,5,56.6,434487000.0,65038000.0,3.9,12,2018,5,0
956,0,0,0,1,0,1,0,12,40.0,20.0,60.0,0.0,0.0,1.0,0.0,253.0,0.027,0.017,0.0979490968554442,0.4827651256982556,0.1771661124766794,3,32.1,142176000.0,57262000.0,16.0,24,2020,6,0
960,0,0,1,0,0,0,1,20,60.0,30.0,60.0,213080.0,-4520.0,0.0,0.0,362.0,0.013,0.01,0.1370337699551759,-0.0889982854490549,0.146456272399939,2,2.4,53945000.0,53945000.0,10.1,12,2022,12,0
961,0,1,0,0,0,0,1,37,70.0,40.0,50.0,0.0,0.0,9.0,9.0,2525.0,0.043,0.044,0.2521977818643629,0.5525766580074453,0.1238337363599102,1,2.1,72274000.0,72274000.0,10.1,12,2022,12,0
966,0,0,0,1,1,0,0,16,60.0,30.0,60.0,39440.0,2350.0,1.0,1.0,249.0,0.026,0.034,0.1702662279961512,-0.0331495624249859,0.0153558983972614,1,2.2,173004000.0,173004000.0,33.8,36,2022,12,0
967,0,0,1,0,0,1,0,22,40.0,20.0,60.0,0.0,0.0,3.0,5.0,324.0,0.115,0.172,0.1199973914931575,0.3279058001887761,0.0970780470172743,1,2.9,61708000.0,61708000.0,9.3,12,2022,11,0
985,0,0,0,1,0,1,0,35,50.0,20.0,70.0,0.0,0.0,1.0,2.0,149.0,0.106,0.159,-0.0730124088068156,0.1664204780427463,0.1625835632137232,2,18.0,59004000.0,35022000.0,7.0,12,2021,8,0
986,1,0,0,0,0,1,0,15,50.0,30.0,40.0,128420.0,-6690.0,3.0,2.0,538.0,0.061,0.04,0.3302771973152845,0.5210179244783211,0.1870643375464194,1,4.0,56532000.0,56532000.0,8.5,12,2022,10,1
987,0,0,1,0,0,1,0,26,40.0,30.0,50.0,0.0,0.0,2.0,1.0,476.0,0.04,0.037,0.1213696925464631,0.1434436044060828,0.0863218476201559,4,51.2,301717000.0,0.0,-2.9,12,2018,11,1
988,0,1,0,0,1,0,0,3,40.0,30.0,60.0,0.0,0.0,2.0,4.0,1158.0,0.017,0.037,0.1012123741611044,0.7128776073639429,0.1748883357893918,5,58.5,709702000.0,217826000.0,15.1,24,2018,3,0
989,0,0,1,0,1,0,0,17,50.0,30.0,50.0,0.0,0.0,1.0,2.0,403.0,0.027,0.046,-0.1311872221133174,-0.3115748127568279,-0.0365248881392861,1,11.4,83827000.0,83827000.0,0.8,12,2022,3,1
992,0,0,1,0,1,0,0,37,50.0,30.0,40.0,0.0,0.0,3.0,3.0,413.0,0.1,0.089,0.2172252244180066,-0.4383529768471162,-0.2314629678456286,1,0.3,107932000.0,107932000.0,12.2,12,2023,2,0
993,0,0,1,0,1,0,0,44,60.0,30.0,70.0,0.0,0.0,0.0,0.0,546.0,0.009,0.009,0.2553660897807761,-0.4254330335910299,-0.009657585747627,1,6.4,97062000.0,97062000.0,17.9,24,2022,8,0
995,0,0,0,1,0,1,0,37,60.0,40.0,50.0,0.0,0.0,0.0,0.0,210.0,0.018,0.015,0.06242902487984,0.0226607097675989,-0.0047847494946648,1,5.4,29950000.0,29950000.0,7.0,12,2022,9,0
996,0,0,1,0,0,1,0,13,70.0,50.0,60.0,0.0,0.0,3.0,4.0,561.0,0.057,0.079,0.1138689442328847,0.3933704495485655,0.1608283528932556,1,5.6,67059000.0,67059000.0,6.8,12,2022,8,0
1000,0,0,0,1,1,0,0,29,50.0,30.0,50.0,126300.0,6690.0,1.0,1.0,133.0,0.057,0.077,-0.0693219827212181,-0.0833623881592061,0.1828415165055792,1,9.7,54183000.0,54183000.0,2.8,12,2022,4,0
1002,0,1,0,0,1,0,0,25,50.0,30.0,50.0,366680.0,105000.0,4.0,2.0,1152.0,0.039,0.023,-0.0546689189549836,-0.3683553917663052,0.0371984880292189,1,2.7,172194000.0,172194000.0,9.9,12,2022,11,0
1009,0,0,0,1,0,0,1,35,60.0,30.0,60.0,0.0,0.0,0.0,1.0,225.0,0.021,0.033,-0.1577573022356286,-0.0849195605005597,0.0889347975955032,3,38.7,187556000.0,50194000.0,9.6,24,2019,11,0
1011,0,0,1,0,1,0,0,59,70.0,40.0,60.0,0.0,0.0,2.0,2.0,985.0,0.027,0.018,-0.1589891124107894,0.0425934605073627,-0.0197918181194168,6,49.1,784044000.0,406868000.0,12.1,12,2019,1,0
1012,0,0,0,1,0,1,0,18,60.0,40.0,50.0,18980.0,550.0,0.0,0.0,276.0,0.017,0.02,0.1247077330120336,-0.4752543211739397,0.0022917872292622,1,22.8,66598000.0,33299000.0,1.7,24,2021,3,1
1013,0,0,1,0,0,1,0,16,50.0,30.0,50.0,0.0,0.0,1.0,2.0,550.0,0.021,0.037,-0.1840305858065501,-0.530054329189301,-0.1124745291878969,1,11.9,87745000.0,87745000.0,0.4,12,2022,2,1
1015,0,0,1,0,0,1,0,24,50.0,30.0,60.0,0.0,0.0,2.0,4.0,459.0,0.042,0.118,0.2560568207427285,0.4590649996401891,0.0419366478425986,1,2.1,30948000.0,30948000.0,10.1,12,2022,12,0
1020,0,0,0,1,1,0,0,18,50.0,30.0,60.0,224500.0,40740.0,0.0,0.0,176.0,0.032,0.019,-0.0546658006074206,0.2346088874550026,0.1407425453369823,4,45.0,230375000.0,48481000.0,4.8,12,2019,5,0
1023,0,0,1,0,1,0,0,30,70.0,30.0,50.0,0.0,0.0,4.0,5.0,712.0,0.071,0.078,-0.0450858129175798,-0.2101093948413755,-0.1064342378410786,7,89.0,741353000.0,116228000.0,7.2,12,2015,9,0
1024,0,0,1,0,0,0,1,12,30.0,20.0,60.0,0.0,0.0,0.0,1.0,398.0,0.014,0.021,0.2738606607901082,0.3663893415174554,-0.1100938091509216,1,11.8,62761000.0,62761000.0,0.6,12,2022,2,1
1025,0,0,0,1,0,1,0,70,60.0,30.0,60.0,0.0,0.0,0.0,1.0,172.0,0.024,0.036,0.1426053238183267,0.2708851038028268,0.0198319028807664,1,7.7,60266000.0,60266000.0,16.6,24,2022,6,0
1028,0,0,0,1,0,1,0,30,60.0,30.0,60.0,61170.0,1880.0,1.0,0.0,144.0,0.063,0.041,0.1715096847435545,-0.0176750335103486,-0.0583723451192043,1,5.8,44572000.0,44572000.0,6.1,12,2022,8,0
1031,0,0,1,0,0,1,0,20,40.0,20.0,40.0,0.0,0.0,1.0,3.0,496.0,0.035,0.075,-0.0997940537604514,-0.0266851858040465,0.010231681873606,1,6.0,119064000.0,119064000.0,18.6,24,2022,8,0
1037,0,1,0,0,0,0,1,18,60.0,30.0,50.0,0.0,0.0,5.0,8.0,1896.0,0.035,0.048,-0.0593384800345745,0.1961876006318343,0.0628540780168893,3,28.3,324476000.0,92882000.0,8.2,24,2020,10,0
1038,0,0,0,1,0,0,1,22,60.0,30.0,70.0,0.0,0.0,1.0,1.0,62.0,0.098,0.141,-0.0741790717442219,0.2634144453066271,0.0925166874343664,3,43.8,73679000.0,21803000.0,4.2,12,2019,6,0
1040,0,0,1,0,1,0,0,30,60.0,30.0,60.0,0.0,0.0,1.0,1.0,503.0,0.031,0.034,0.0300211274977133,0.3093115454694257,0.0396861740416774,2,28.5,182967000.0,40561000.0,7.7,24,2020,9,0
1042,0,0,1,0,1,0,0,36,60.0,30.0,60.0,0.0,0.0,1.0,1.0,756.0,0.017,0.018,0.3439519168100342,0.1908827843304169,0.0466809880673013,1,3.4,116212000.0,116212000.0,9.1,12,2022,11,0
1044,0,0,0,1,0,0,1,31,60.0,30.0,60.0,0.0,0.0,0.0,0.0,93.0,0.041,0.04,0.1732734118673644,-0.0632142645994209,-0.015849506508258,1,19.4,74922000.0,37461000.0,4.7,24,2021,7,1
1049,0,0,1,0,1,0,0,17,60.0,40.0,60.0,250220.0,-6730.0,1.0,1.0,687.0,0.021,0.023,0.213575315438824,0.2802709412049808,0.0195596636867498,2,22.0,258138000.0,128543000.0,2.5,12,2021,4,0
1056,0,1,0,0,0,0,1,7,60.0,30.0,60.0,451430.0,9140.0,2.0,3.0,1783.0,0.012,0.021,-0.0338428706412587,0.5804418390829901,0.2229621323357697,2,26.2,403027000.0,223816000.0,21.9,36,2020,12,0
1057,0,0,0,1,0,0,1,44,60.0,40.0,60.0,0.0,0.0,0.0,0.0,239.0,0.002,0.002,-0.4615283850281469,0.2383041270538644,0.0744744575341983,2,12.1,60754000.0,29315000.0,11.9,12,2022,2,0
1058,0,0,1,0,1,0,0,28,60.0,30.0,60.0,0.0,0.0,0.0,0.0,372.0,0.011,0.013,-0.3105667004093008,-0.3558038308123697,-0.0565634941925087,2,8.7,116574000.0,116574000.0,3.3,12,2022,5,0
1059,0,0,1,0,0,1,0,48,40.0,20.0,40.0,0.0,0.0,4.0,2.0,838.0,0.062,0.022,0.0007871428999085,0.2511855567354724,-0.0012038923543958,1,11.4,107013000.0,107013000.0,1.1,12,2022,3,0
1066,0,0,0,1,0,0,1,20,60.0,30.0,50.0,46560.0,-2630.0,0.0,0.0,182.0,0.004,0.009,0.09939314947326,0.4980418834633883,0.1651287045051059,4,46.3,130507000.0,32689000.0,2.3,12,2019,4,1
1068,0,0,1,0,0,1,0,15,90.0,60.0,70.0,0.0,0.0,2.0,3.0,445.0,0.055,0.074,0.1333381762642388,0.0761235761879276,0.0368826564506775,2,18.9,125160000.0,60580000.0,6.0,12,2021,7,0
1069,0,0,1,0,0,1,0,69,30.0,10.0,30.0,386210.0,1760.0,3.0,1.0,851.0,0.036,0.019,0.3178015712157923,0.0968420432729502,0.1393296769790463,1,4.5,177200000.0,177200000.0,19.6,24,2022,9,0
1080,0,0,1,0,0,1,0,5,50.0,40.0,50.0,171650.0,14650.0,0.0,0.0,475.0,0.002,0.004,0.1362969939674889,0.3271596249183881,0.1235889839776222,2,28.4,117226000.0,52250000.0,8.0,12,2020,10,0
1085,0,0,1,0,1,0,0,10,50.0,30.0,40.0,0.0,0.0,6.0,7.0,992.0,0.072,0.079,0.144983177926078,0.0809840419675296,-0.1215064917969883,3,18.0,242722000.0,97957000.0,6.2,12,2021,8,1
1086,0,0,0,1,0,1,0,29,40.0,20.0,40.0,0.0,0.0,1.0,1.0,126.0,0.049,0.054,-0.087411318404312,-0.3188052001090073,-0.0216147696397489,1,23.7,52982000.0,26491000.0,0.7,24,2021,2,0
1087,0,0,0,1,0,0,1,25,60.0,30.0,60.0,23720.0,-2270.0,0.0,0.0,79.0,0.018,0.009,0.3114773348646827,-0.3876240416602688,-0.0449042545423322,1,13.7,26284000.0,0.0,-1.2,12,2021,12,1
1088,0,0,1,0,1,0,0,4,50.0,30.0,40.0,0.0,0.0,2.0,4.0,857.0,0.027,0.055,0.1702580714983611,0.1385986221442466,0.1486899430106402,2,22.7,219171000.0,122744000.0,1.7,12,2021,3,0
1089,1,0,0,0,0,1,0,4,70.0,50.0,60.0,716450.0,226300.0,2.0,1.0,589.0,0.042,0.019,0.1924167859134937,0.1273419210595942,0.0652967127361556,1,5.7,114360000.0,114360000.0,18.8,24,2022,8,0
1090,0,0,0,1,0,1,0,24,80.0,60.0,60.0,101020.0,2270.0,2.0,1.0,288.0,0.066,0.037,-0.115918622920295,0.1086705784671779,0.0815283571835824,1,10.2,61525000.0,61525000.0,2.4,12,2022,4,0
1091,0,0,0,1,0,0,1,3,80.0,40.0,70.0,0.0,0.0,0.0,0.0,167.0,0.036,0.028,-0.1730754656784562,-0.3233642571424487,-0.0413312208474252,3,12.0,91171000.0,91171000.0,12.0,12,2022,2,0
1103,0,1,0,0,1,0,0,11,60.0,30.0,60.0,0.0,0.0,6.0,6.0,1094.0,0.061,0.066,0.2406886673712487,-0.2449458724981752,0.068336185815934,5,58.6,624733000.0,118789000.0,1.9,12,2018,3,0
1105,0,1,0,0,0,1,0,34,40.0,20.0,40.0,133850.0,-7490.0,7.0,5.0,1918.0,0.043,0.031,-0.212373686360974,-0.3565713002743445,-0.0038570606125513,1,4.7,129467000.0,129467000.0,7.6,12,2022,9,1
1106,0,1,0,0,1,0,0,5,60.0,30.0,60.0,0.0,0.0,3.0,8.0,1317.0,0.031,0.07,-0.0592257737349596,0.1455395392435339,-0.0401543935849592,2,39.9,398866000.0,140701000.0,8.9,12,2019,10,0
1108,0,0,0,1,0,1,0,7,40.0,20.0,40.0,93770.0,-8710.0,0.0,0.0,96.0,0.028,0.051,-0.1870359272562192,-0.18109692193817,0.0809246521082454,2,12.0,42667000.0,42667000.0,24.3,24,2022,2,0
1111,0,1,0,0,0,1,0,5,50.0,30.0,50.0,0.0,0.0,3.0,3.0,1133.0,0.034,0.028,0.0181270265935802,0.3532515704837096,0.0845177280749502,2,16.6,144296000.0,59277000.0,8.0,12,2021,9,0
1112,0,1,0,0,0,0,1,15,70.0,50.0,50.0,219070.0,33840.0,3.0,4.0,1757.0,0.023,0.026,0.3763527719900095,0.4540469943879455,0.1326300343973084,3,18.3,217236000.0,119439000.0,5.9,12,2021,8,0
1113,0,0,0,1,0,1,0,47,70.0,50.0,60.0,0.0,0.0,1.0,1.0,152.0,0.084,0.084,-0.1584925669702391,0.2275803248278596,0.2250876981389163,1,33.3,72240000.0,24080000.0,3.3,36,2020,5,1
1114,0,0,1,0,0,0,1,44,60.0,30.0,60.0,331630.0,12150.0,4.0,2.0,974.0,0.045,0.019,-0.1806949430714003,-0.2022496478750666,0.0023423297404517,3,35.5,182167000.0,38173000.0,1.3,12,2020,2,1
1121,0,0,0,1,0,1,0,39,70.0,30.0,60.0,0.0,0.0,1.0,1.0,149.0,0.08,0.046,0.3206124827671198,0.8136279546237262,0.1959009387945053,1,1.2,25509000.0,25509000.0,10.8,12,2023,1,0
1122,0,0,1,0,1,0,0,28,60.0,30.0,60.0,0.0,0.0,1.0,1.0,726.0,0.021,0.016,-0.0566083522438173,0.2733528763668211,0.1270811310686691,1,22.4,167006000.0,83503000.0,1.9,24,2021,4,0
1123,0,0,1,0,1,0,0,35,60.0,30.0,60.0,0.0,0.0,4.0,3.0,673.0,0.079,0.046,0.0040919459806206,0.1407937371106682,0.1918772327656712,2,18.1,303310000.0,163342000.0,6.9,12,2021,8,0
1124,0,0,1,0,0,0,1,49,50.0,30.0,50.0,357540.0,78160.0,3.0,4.0,903.0,0.043,0.053,0.0052722340034623,0.2688490864086832,0.1558093437313567,2,24.1,102380000.0,71974000.0,0.1,12,2021,2,0
1125,0,0,1,0,0,1,0,25,80.0,50.0,60.0,0.0,0.0,2.0,2.0,602.0,0.044,0.033,0.0990082304071454,-0.5338610315299251,-0.1136698991846392,2,20.3,154479000.0,69846000.0,3.8,12,2021,6,1
1126,0,0,1,0,1,0,0,1,70.0,40.0,70.0,40980.0,-730.0,1.0,0.0,441.0,0.016,0.009,-0.2111253622729138,0.3906603333855411,0.022317462065771,4,49.8,375933000.0,67302000.0,11.1,24,2018,12,0
1135,0,1,0,0,0,1,0,31,70.0,40.0,60.0,0.0,0.0,1.0,1.0,2422.0,0.003,0.003,0.3616610154287723,0.090988973235355,0.0474441852146956,1,37.9,221934000.0,0.0,-1.4,36,2019,12,1
1138,0,1,0,0,0,1,0,27,60.0,30.0,60.0,0.0,0.0,4.0,2.0,4760.0,0.009,0.005,-0.3165514361847467,0.0486122148282849,0.0722730199845321,2,19.2,266772000.0,96362000.0,6.3,12,2021,7,0
1139,0,0,1,0,1,0,0,16,60.0,30.0,60.0,0.0,0.0,5.0,8.0,953.0,0.069,0.095,0.0491799540842712,-0.0544813918024111,-0.0163020324039951,2,22.1,282897000.0,161826000.0,2.1,12,2021,4,0
1142,0,0,1,0,1,0,0,7,60.0,30.0,60.0,0.0,0.0,4.0,4.0,953.0,0.046,0.049,0.1551491836988434,-0.0201176332604692,0.2049638042016404,5,50.0,838029000.0,341220000.0,34.9,36,2018,12,0
1144,1,0,0,0,0,1,0,27,50.0,30.0,30.0,0.0,0.0,2.0,3.0,474.0,0.047,0.069,0.1517909861329321,0.4135190033620469,0.2039125225713792,2,16.7,117053000.0,78550000.0,7.7,12,2021,9,0
1146,0,0,0,1,0,1,0,53,80.0,50.0,70.0,0.0,0.0,0.0,1.0,272.0,0.018,0.026,-0.0883224177799913,0.3708729911592668,0.2241450554313949,1,18.7,69860000.0,34930000.0,5.5,24,2021,7,0
1147,0,0,1,0,1,0,0,17,50.0,30.0,60.0,0.0,0.0,3.0,4.0,773.0,0.039,0.065,-0.0591468440782365,0.1997985949948955,0.3254472944907063,4,51.5,425200000.0,71269000.0,9.6,24,2018,11,0
1148,0,1,0,0,0,1,0,41,50.0,30.0,50.0,1130650.0,41130.0,5.0,2.0,2469.0,0.026,0.012,-0.0534512868970224,-0.07710302747203,0.054961024583801,1,10.9,107151000.0,107151000.0,1.3,12,2022,3,0
1149,0,0,1,0,1,0,0,21,50.0,30.0,60.0,0.0,0.0,1.0,3.0,363.0,0.037,0.095,0.0437293019325082,-0.2907502628999823,0.0018057243663229,1,14.5,315045000.0,210030000.0,22.1,36,2021,12,0
1158,0,0,0,1,1,0,0,30,60.0,30.0,30.0,0.0,0.0,0.0,0.0,230.0,0.019,0.013,0.1468036998290739,-0.1603379581390187,-0.0824766857427059,1,11.4,167826000.0,167826000.0,13.0,24,2022,3,0
1159,0,0,0,1,0,1,0,5,40.0,20.0,50.0,0.0,0.0,0.0,0.0,174.0,0.018,0.014,-0.1062939772618816,-0.6017152629213275,-0.1374336286183446,1,8.1,83472000.0,83472000.0,15.9,24,2022,6,0
1160,0,0,1,0,0,1,0,5,50.0,40.0,50.0,0.0,0.0,1.0,1.0,328.0,0.049,0.035,-0.1700120037127532,0.3918459922859019,0.1682310071518468,1,10.6,29551000.0,29551000.0,2.0,12,2022,3,0
1161,0,0,1,0,0,1,0,10,40.0,20.0,40.0,0.0,0.0,2.0,1.0,540.0,0.036,0.027,0.0451540438703976,0.1588792012421833,0.039660225217926,1,6.9,32010000.0,32010000.0,5.6,12,2022,7,0
1165,0,0,1,0,1,0,0,43,30.0,10.0,30.0,0.0,0.0,4.0,5.0,595.0,0.079,0.099,0.161769146684741,-0.0799444937133856,-0.0075293105768504,6,48.8,568146000.0,186066000.0,23.3,24,2019,1,0
1167,0,0,0,1,1,0,0,7,30.0,10.0,50.0,6760.0,-270.0,1.0,3.0,211.0,0.085,0.161,-0.2670118267659744,0.6022032365930872,0.1406209694731282,4,39.7,325696000.0,58634000.0,8.9,12,2019,10,0
1170,0,0,1,0,0,1,0,5,70.0,50.0,70.0,0.0,0.0,0.0,0.0,659.0,0.006,0.009,0.2718814116175821,0.1049019745215638,0.1140465158137601,1,5.3,56529000.0,56529000.0,6.7,12,2022,9,1
1174,0,1,0,0,1,0,0,50,50.0,30.0,40.0,0.0,0.0,14.0,11.0,2117.0,0.078,0.063,-0.3032326343544825,0.5443449713630097,0.1418458307236257,3,32.8,463452000.0,205589000.0,3.8,12,2020,5,0
1175,0,1,0,0,1,0,0,32,50.0,20.0,60.0,0.0,0.0,7.0,12.0,1607.0,0.053,0.092,0.1167242334078066,0.6143390670516281,0.064996292580113,1,9.7,329960000.0,329960000.0,14.5,24,2022,4,0
1182,1,0,0,0,1,0,0,54,30.0,20.0,30.0,0.0,0.0,1.0,1.0,502.0,0.021,0.014,0.0085009912817921,-0.0735794373185952,-0.0250764860481466,1,6.0,101075000.0,101075000.0,6.2,12,2022,8,0
1184,0,1,0,0,0,1,0,27,60.0,30.0,60.0,0.0,0.0,7.0,6.0,1013.0,0.083,0.068,0.0193041731674113,-0.526962974989386,-0.0957182118741966,2,26.8,143174000.0,0.0,-2.2,12,2020,11,1
1187,0,0,0,1,0,1,0,9,40.0,20.0,50.0,0.0,0.0,0.0,0.0,162.0,0.027,0.023,-0.2254952483828701,0.5915615501327179,0.0806381703318142,2,1.3,56508000.0,56508000.0,22.9,24,2023,1,0
1188,0,0,0,1,0,1,0,4,80.0,40.0,70.0,93200.0,7710.0,0.0,1.0,243.0,0.018,0.029,-0.5060298057754377,-0.4551618294987634,-0.0553767513373596,1,9.6,41358000.0,41358000.0,2.6,12,2022,4,1
1194,0,0,1,0,1,0,0,22,60.0,40.0,80.0,79440.0,-9230.0,0.0,0.0,327.0,0.003,0.003,0.2996220397108955,0.1139769442404524,-0.0520275233002243,1,0.9,63989000.0,63989000.0,11.2,12,2023,1,0
1196,0,0,1,0,1,0,0,7,110.0,70.0,80.0,0.0,0.0,2.0,1.0,618.0,0.042,0.021,0.0437057281862796,-0.3869740409633239,0.0387144753428707,4,30.4,254081000.0,97759000.0,6.9,12,2020,8,0
1199,0,1,0,0,1,0,0,30,70.0,40.0,60.0,0.0,0.0,4.0,5.0,1094.0,0.043,0.057,0.1495379143122015,0.4144933516626693,0.2175334092744843,3,43.3,426511000.0,158668000.0,5.3,12,2019,7,1
1201,0,0,0,1,0,1,0,23,70.0,40.0,70.0,0.0,0.0,0.0,1.0,101.0,0.05,0.089,-0.1351015624928344,0.012657382629431,-0.1136817783518847,1,8.0,37078000.0,37078000.0,4.2,12,2022,6,1
1203,0,1,0,0,0,1,0,41,60.0,40.0,60.0,174860.0,21250.0,7.0,5.0,2496.0,0.033,0.026,-0.0362697014000214,0.3712946897128469,0.1912806730395086,1,8.7,125916000.0,125916000.0,3.6,12,2022,5,1
1205,0,1,0,0,1,0,0,87,60.0,30.0,60.0,0.0,0.0,5.0,3.0,1192.0,0.046,0.035,0.0986664296591949,0.4907439830889984,0.120843059593435,1,13.0,105102000.0,0.0,-0.7,12,2022,1,1
1207,0,0,1,0,1,0,0,41,50.0,30.0,40.0,48380.0,1210.0,2.0,2.0,321.0,0.061,0.083,0.1793992453306976,-0.1764546351089063,-0.0385137972515414,1,5.1,80427000.0,80427000.0,7.0,12,2022,9,1
1210,0,0,0,1,0,0,1,66,50.0,30.0,70.0,0.0,0.0,1.0,1.0,154.0,0.04,0.057,0.1071655386106917,0.2490856158143137,-0.0477380378468466,2,17.2,68042000.0,42228000.0,7.3,12,2021,9,1
1211,0,0,1,0,0,1,0,51,70.0,40.0,60.0,88600.0,5240.0,1.0,1.0,488.0,0.016,0.026,0.1022688077900726,-0.4955890077601579,0.030551026644512,2,12.3,107046000.0,107046000.0,12.0,12,2022,2,0
1220,0,0,1,0,0,0,1,24,60.0,30.0,60.0,268030.0,35180.0,2.0,2.0,589.0,0.046,0.05,0.1529765214530483,0.590371484649016,0.1977458557746936,2,17.3,153132000.0,83109000.0,7.0,12,2021,9,0
1223,0,0,0,1,1,0,0,23,60.0,40.0,60.0,26810.0,660.0,0.0,1.0,84.0,0.055,0.099,0.3144236485715741,0.1514628864020767,0.1867663772313957,2,14.2,77321000.0,34177000.0,10.1,12,2021,12,0
1225,0,0,1,0,1,0,0,27,60.0,40.0,50.0,412740.0,-62820.0,2.0,3.0,975.0,0.025,0.04,-0.3325854558801609,0.1168602476956565,-0.0290684124325061,2,1.9,213693000.0,213693000.0,10.1,12,2022,12,0
1226,1,0,0,0,0,1,0,39,90.0,40.0,60.0,0.0,0.0,1.0,1.0,366.0,0.037,0.047,0.1084781431270462,0.5757978097369261,0.1815321805767985,2,21.2,107545000.0,66391000.0,3.1,12,2021,5,0
1229,0,0,0,1,0,0,1,6,60.0,30.0,60.0,0.0,0.0,0.0,0.0,224.0,0.008,0.01,0.3651278283560394,0.2257054824238522,-0.0545567570083181,1,15.3,42982000.0,0.0,-2.9,12,2021,11,1
1236,0,0,1,0,0,1,0,56,170.0,100.0,90.0,305650.0,29940.0,2.0,6.0,945.0,0.023,0.073,0.0765942868447545,-0.1780266025315287,0.0222538724986445,3,35.9,244041000.0,71458000.0,1.4,12,2020,2,0
1238,0,0,1,0,0,1,0,14,80.0,60.0,60.0,33040.0,510.0,2.0,2.0,534.0,0.046,0.045,0.2128132590319841,-0.143170783819987,0.0801128221211568,2,21.6,114239000.0,58353000.0,2.9,12,2021,4,0
1239,0,1,0,0,1,0,0,2,90.0,50.0,70.0,0.0,0.0,0.0,0.0,1622.0,0.002,0.002,0.2113788678362994,-0.2909305547170077,-0.1190537833641179,3,29.2,394004000.0,118296000.0,6.7,12,2020,9,1
1245,0,1,0,0,0,1,0,31,60.0,30.0,60.0,0.0,0.0,8.0,10.0,2489.0,0.04,0.046,-0.4408038396111518,-0.0405795702531939,0.0289887667385963,1,6.6,157921000.0,157921000.0,5.7,12,2022,7,0
1249,0,1,0,0,0,1,0,36,50.0,20.0,50.0,136560.0,-460.0,8.0,15.0,1035.0,0.098,0.175,-0.0270335223543386,-0.3218487641571266,0.0019010601617145,2,50.4,304328000.0,0.0,-2.0,36,2018,12,1
1251,0,0,1,0,1,0,0,20,80.0,50.0,60.0,240790.0,58060.0,5.0,3.0,753.0,0.085,0.05,0.2891972114374753,0.3024973454273594,0.1212935442785444,3,34.1,474986000.0,257649000.0,27.1,36,2020,4,0
1253,0,0,0,1,1,0,0,32,110.0,70.0,70.0,88410.0,12840.0,0.0,0.0,115.0,0.009,0.012,0.1410323073104895,0.0327454838418917,0.0286700104741644,2,19.3,80708000.0,30309000.0,5.1,12,2021,7,1
1254,0,0,1,0,0,1,0,16,60.0,30.0,60.0,0.0,0.0,2.0,1.0,421.0,0.058,0.042,0.2457430234990849,0.8366839916761211,0.1855273447087462,3,46.0,243578000.0,63204000.0,2.1,24,2019,4,0
1255,0,1,0,0,0,0,1,32,60.0,30.0,60.0,395170.0,36230.0,2.0,4.0,1265.0,0.021,0.041,-0.0256384727424035,0.0661629989378872,0.1102768527829005,3,32.2,209380000.0,64461000.0,3.7,12,2020,6,0
1260,0,0,1,0,0,1,0,23,80.0,40.0,60.0,0.0,0.0,1.0,2.0,620.0,0.017,0.043,0.2976545781691727,0.055966350697086,-0.0541120573900153,1,3.4,63837000.0,63837000.0,9.0,12,2022,11,1
1262,0,0,1,0,0,0,1,49,60.0,30.0,60.0,0.0,0.0,0.0,0.0,726.0,0.004,0.004,-0.1693537898746642,0.5059704465514512,0.1397449849158533,1,1.1,54363000.0,54363000.0,11.0,12,2023,1,0
1263,0,1,0,0,0,0,1,21,60.0,40.0,50.0,0.0,0.0,49.0,52.0,9526.0,0.062,0.066,-0.2534508738134007,-0.7272964817113492,-0.2350689148207624,3,28.9,664522000.0,307000000.0,19.5,36,2020,9,0
1264,0,0,0,1,0,0,1,40,60.0,30.0,60.0,32110.0,4370.0,0.0,0.0,142.0,0.01,0.008,0.2269455703238656,0.0739022829279949,0.1073698154598621,1,14.1,51270000.0,25635000.0,9.9,24,2021,12,0
1266,0,0,1,0,1,0,0,13,40.0,20.0,50.0,0.0,0.0,1.0,1.0,455.0,0.02,0.015,0.131356136154355,0.0712232356085837,0.0650422985421137,2,35.4,352292000.0,184466000.0,13.0,24,2020,3,0
1270,0,0,1,0,0,1,0,13,50.0,30.0,50.0,0.0,0.0,0.0,0.0,319.0,0.012,0.008,0.2125950748148662,0.2088496469407679,0.0362826145721415,2,17.1,94493000.0,52276000.0,8.0,12,2021,9,0
1276,0,0,1,0,1,0,0,21,30.0,20.0,40.0,0.0,0.0,1.0,1.0,501.0,0.023,0.014,0.1664934902844402,-0.2047990999926164,-0.0046546237638452,5,58.6,768022000.0,336429000.0,27.1,36,2018,3,0
1278,0,0,1,0,0,1,0,31,80.0,50.0,50.0,0.0,0.0,1.0,1.0,553.0,0.018,0.03,0.2427870683971967,0.2575582180536335,0.1361813494603105,1,18.9,114286000.0,57143000.0,5.6,24,2021,7,0
1280,0,0,0,1,1,0,0,26,60.0,30.0,60.0,0.0,0.0,2.0,1.0,276.0,0.065,0.038,-0.3004270946461168,0.1147305514782963,0.0056052328964546,3,27.1,135802000.0,48428000.0,10.3,12,2020,11,0
1281,0,0,0,1,0,0,1,22,40.0,30.0,50.0,23710.0,-260.0,0.0,0.0,130.0,0.028,0.036,0.0775226760017609,-0.6475405049725804,-0.1096675421688496,1,8.3,36688000.0,36688000.0,3.9,12,2022,6,1
1286,0,1,0,0,1,0,0,20,70.0,40.0,60.0,513110.0,35050.0,3.0,5.0,3556.0,0.01,0.018,-0.2787889901795123,0.5867787714499972,0.133852322236887,2,13.6,863388000.0,403671000.0,10.7,24,2021,12,0
1291,0,1,0,0,0,1,0,66,60.0,40.0,60.0,452270.0,5270.0,12.0,15.0,2345.0,0.06,0.076,0.2478783941145219,-0.0156256315636559,0.1415937810781161,1,24.1,496731000.0,165577000.0,11.9,36,2021,2,0
1298,0,0,1,0,0,0,1,15,80.0,40.0,60.0,119450.0,-2560.0,1.0,1.0,803.0,0.009,0.011,-0.0640050134225333,0.3573396413611373,-0.0028122669439783,7,95.6,557536000.0,67578000.0,1.8,12,2015,2,0
1309,0,0,1,0,0,1,0,34,60.0,30.0,60.0,0.0,0.0,6.0,3.0,585.0,0.114,0.063,0.2085429762231665,-0.1638149743143883,-0.019283968144432,4,33.2,168587000.0,53617000.0,3.9,12,2020,5,0
1310,0,1,0,0,0,1,0,44,60.0,30.0,60.0,568660.0,-13360.0,4.0,8.0,1107.0,0.042,0.088,-0.1406226693735443,-0.0855251325700607,0.0819197027179496,1,16.7,250140000.0,166760000.0,19.7,36,2021,9,0
1314,0,0,0,1,1,0,0,15,40.0,30.0,50.0,96680.0,10270.0,0.0,0.0,180.0,0.033,0.022,0.3332139602715251,-0.1341124875598774,0.0257763373950979,2,12.4,98815000.0,55256000.0,11.9,12,2022,2,0
1324,0,0,0,1,0,1,0,4,60.0,30.0,60.0,37800.0,420.0,0.0,0.0,128.0,0.027,0.029,0.2761239686426535,0.5406211980448021,0.1041765877050942,2,19.0,82197000.0,43646000.0,17.1,24,2021,7,0
1325,0,0,1,0,0,1,0,29,40.0,30.0,40.0,0.0,0.0,0.0,1.0,300.0,0.013,0.032,0.128509481533768,0.5587464930425874,0.1141351598970553,1,24.0,95853000.0,63902000.0,12.0,36,2021,2,0
1330,0,0,0,1,0,1,0,11,40.0,30.0,70.0,9160.0,1510.0,0.0,0.0,178.0,0.008,0.006,0.405913640161256,-0.6716423204951825,-0.1659828646063474,1,13.6,33935000.0,0.0,-1.1,12,2021,12,1
1331,0,0,1,0,0,0,1,7,60.0,30.0,60.0,0.0,0.0,0.0,0.0,413.0,0.009,0.011,-0.0293911080422306,0.2441367813081922,-0.0053334577709672,3,29.4,155589000.0,63159000.0,6.8,12,2020,9,1
1333,0,0,0,1,1,0,0,37,40.0,20.0,40.0,280440.0,-35460.0,0.0,0.0,289.0,0.005,0.004,0.0284239297829878,-0.9,-0.1060739104738303,1,17.2,225302000.0,112651000.0,6.9,24,2021,9,1
1337,0,0,0,1,1,0,0,3,60.0,40.0,40.0,0.0,0.0,0.0,0.0,33.0,0.02,0.006,0.1709375821097981,-0.0203099019993328,0.1355832068863188,8,87.7,241797000.0,37538000.0,11.2,12,2015,10,0
1338,0,1,0,0,1,0,0,27,170.0,100.0,110.0,391490.0,-36000.0,10.0,25.0,6073.0,0.019,0.05,-0.034061816673153,0.6020457057287719,0.2098317262725394,2,32.4,675165000.0,235859000.0,3.8,24,2020,6,0
1342,0,0,1,0,0,1,0,10,50.0,30.0,60.0,0.0,0.0,1.0,1.0,335.0,0.035,0.036,-0.0702205683943862,0.1216502197255129,0.083721395958773,2,31.4,132433000.0,34905000.0,5.1,24,2020,7,0
1343,0,0,1,0,0,0,1,23,40.0,20.0,40.0,0.0,0.0,4.0,3.0,738.0,0.068,0.042,0.0735984079350435,0.00341935782322,-0.1086859880549622,1,29.2,171303000.0,57101000.0,7.0,36,2020,9,1
1344,0,0,1,0,0,1,0,8,40.0,20.0,50.0,0.0,0.0,3.0,4.0,328.0,0.108,0.144,-0.1726649485459905,-0.0446758181672293,-0.0268463168856002,1,14.4,33645000.0,0.0,-2.3,12,2021,12,1
1348,0,0,1,0,0,0,1,6,60.0,30.0,60.0,0.0,0.0,2.0,1.0,448.0,0.042,0.024,-0.2614733684180893,0.0574649176032079,0.1287904262042837,4,48.4,274170000.0,110366000.0,1.0,12,2019,2,1
1354,0,0,1,0,1,0,0,11,50.0,20.0,40.0,998320.0,152570.0,6.0,4.0,950.0,0.071,0.053,0.1069014435280785,0.7386371416224479,0.1881744290492579,1,5.2,94156000.0,94156000.0,6.8,12,2022,9,0
1360,0,1,0,0,0,1,0,11,50.0,30.0,60.0,0.0,0.0,3.0,3.0,2353.0,0.013,0.016,0.0178726727548592,-0.060435849757891,-0.0272009822291109,2,5.1,148567000.0,148567000.0,7.3,12,2022,9,0
1361,0,0,0,1,0,0,1,13,60.0,30.0,60.0,0.0,0.0,1.0,1.0,121.0,0.053,0.076,-0.0689614350865352,-0.0181135863442259,-0.1203790288620795,1,0.7,45460000.0,45460000.0,23.7,24,2023,1,0
1363,0,0,1,0,0,0,1,25,90.0,60.0,60.0,0.0,0.0,0.0,0.0,641.0,0.002,0.002,-0.0904194482791553,-0.0608641363876929,-0.053390059441247,2,12.2,108634000.0,108634000.0,12.1,12,2022,2,0
1365,0,0,0,1,1,0,0,42,40.0,20.0,40.0,0.0,0.0,1.0,0.0,175.0,0.052,0.034,0.2474309332524565,0.2403665213933483,0.2397234791513625,3,20.2,115194000.0,62829000.0,5.2,12,2021,6,0
1366,0,0,1,0,0,0,1,18,50.0,30.0,50.0,0.0,0.0,3.0,4.0,581.0,0.068,0.093,-0.2288567808831357,0.4679983890513464,0.1150795451241501,2,17.7,101262000.0,46053000.0,6.5,12,2021,8,0
1367,0,0,1,0,0,1,0,10,60.0,30.0,60.0,159850.0,25820.0,7.0,12.0,940.0,0.089,0.153,-0.505869010327591,0.0659654543513832,0.0794058419776766,2,23.8,154845000.0,84663000.0,0.6,12,2021,2,0
1372,0,0,1,0,0,0,1,18,90.0,40.0,60.0,0.0,0.0,5.0,5.0,794.0,0.083,0.068,-0.5198425800334824,0.3195328879322689,0.0077979104164241,1,24.8,158688000.0,52896000.0,11.6,36,2021,1,0
1373,0,0,0,1,0,1,0,18,30.0,20.0,60.0,170380.0,9610.0,1.0,1.0,262.0,0.045,0.035,0.6757361499550314,0.1700764214402763,0.1125225492540195,5,46.6,144075000.0,27268000.0,2.5,12,2019,3,1
1380,0,0,0,1,0,1,0,5,60.0,30.0,60.0,17130.0,2680.0,1.0,1.0,219.0,0.042,0.055,-0.3796283374560578,0.5778900034404113,0.2539138745175318,1,9.8,33783000.0,33783000.0,2.7,12,2022,4,0
1381,0,0,1,0,1,0,0,24,60.0,30.0,60.0,0.0,0.0,2.0,2.0,873.0,0.027,0.026,0.0022117426849165,0.1185681778461384,0.0903478327945153,7,61.7,1062959000.0,408021000.0,34.6,36,2017,12,0
1382,0,0,1,0,1,0,0,31,80.0,50.0,80.0,0.0,0.0,1.0,1.0,548.0,0.018,0.016,0.5313183307837618,0.1202632669663622,0.1016798053391997,4,35.9,300030000.0,104162000.0,1.1,12,2020,2,0
1386,0,0,1,0,0,1,0,13,70.0,50.0,60.0,53710.0,1440.0,2.0,2.0,365.0,0.058,0.055,0.0191126854609277,0.4739964872644249,0.1449365400882255,2,21.4,129862000.0,34487000.0,3.3,12,2021,5,0
1388,0,0,0,1,1,0,0,19,60.0,30.0,60.0,0.0,0.0,1.0,1.0,179.0,0.055,0.046,-0.1053000091107937,0.5852072594269104,0.0723852763901218,1,3.6,88909000.0,88909000.0,9.0,12,2022,10,1
1389,0,0,0,1,0,1,0,9,90.0,40.0,60.0,111480.0,5840.0,0.0,0.0,174.0,0.01,0.016,-0.0232282880940474,0.3868545787835781,0.102721972260321,2,23.1,80137000.0,49751000.0,1.5,12,2021,3,0
1392,1,0,0,0,0,0,1,27,60.0,30.0,50.0,0.0,0.0,9.0,4.0,2340.0,0.047,0.023,-0.0220065713052981,0.1831769812101379,0.0578785957779941,2,15.3,168231000.0,78737000.0,8.8,12,2021,11,1
1393,0,0,0,1,0,1,0,5,60.0,30.0,60.0,34810.0,2490.0,1.0,0.0,187.0,0.064,0.028,-0.2058778006817906,0.1773641022536771,0.1293530488650548,2,21.4,69190000.0,45434000.0,2.8,12,2021,5,1
1398,0,1,0,0,0,0,1,16,70.0,50.0,60.0,810310.0,65070.0,3.0,3.0,1752.0,0.018,0.023,0.2413984620983665,0.011032661065632,-0.0322591309038115,1,23.7,200164000.0,100082000.0,0.7,24,2021,2,0
1399,0,1,0,0,0,1,0,15,90.0,50.0,60.0,0.0,0.0,5.0,4.0,3337.0,0.019,0.016,-0.1810775127583704,-0.0983434559011491,0.0193731985723169,3,32.4,315351000.0,136876000.0,3.6,12,2020,6,0
1402,0,0,1,0,1,0,0,21,70.0,40.0,50.0,93610.0,11980.0,2.0,2.0,717.0,0.04,0.031,0.2285370829741959,-0.0799166279356757,-0.141019895147065,5,60.8,504419000.0,115432000.0,0.7,12,2018,1,0
1404,0,0,1,0,0,0,1,48,60.0,30.0,60.0,33430.0,1330.0,2.0,3.0,409.0,0.058,0.095,-0.0263934548027909,0.6833932733015824,0.2145168634628624,2,8.3,57646000.0,57646000.0,4.1,12,2022,6,0
1409,0,1,0,0,1,0,0,24,100.0,60.0,70.0,0.0,0.0,2.0,1.0,2038.0,0.011,0.007,0.0385534927394512,-0.5005129669776132,-0.1229358939503297,2,2.3,557319000.0,557319000.0,33.8,36,2022,12,0
1413,0,0,0,1,0,0,1,40,30.0,20.0,60.0,0.0,0.0,0.0,0.0,101.0,0.013,0.007,0.348952826150618,0.0257802800456802,0.1855416220475593,2,23.6,41721000.0,16737000.0,0.8,12,2021,2,0
1414,0,0,1,0,1,0,0,8,50.0,30.0,50.0,1120080.0,133400.0,2.0,1.0,959.0,0.022,0.009,0.1295444257884668,0.3614818627858738,0.2016082014766604,4,61.7,738106000.0,0.0,-1.2,12,2017,12,0
1415,0,0,1,0,1,0,0,28,100.0,60.0,60.0,1273500.0,145780.0,1.0,1.0,723.0,0.023,0.01,0.2369259703756082,0.2598104296168056,0.0246672497754007,3,40.0,313061000.0,117600000.0,9.5,12,2019,10,0
1420,0,0,0,1,1,0,0,31,60.0,30.0,60.0,28030.0,700.0,0.0,0.0,46.0,0.043,0.041,-0.1155819642035083,-0.040815307334322,-0.1055106617850457,1,5.4,35908000.0,35908000.0,6.7,12,2022,9,0
1422,0,0,0,1,0,1,0,21,60.0,30.0,60.0,112130.0,1190.0,0.0,0.0,282.0,0.016,0.019,0.1727830392974887,0.2408647965662992,0.1280552641795339,4,50.7,227257000.0,0.0,-2.5,12,2018,11,1
1426,1,0,0,0,0,0,1,33,40.0,30.0,50.0,133770.0,11830.0,0.0,0.0,159.0,0.024,0.026,0.1180484859232014,0.6485487108048964,0.1988815915813022,2,25.6,37553000.0,16692000.0,0.2,12,2020,12,0
1427,0,0,1,0,0,1,0,15,90.0,40.0,80.0,0.0,0.0,1.0,1.0,635.0,0.026,0.02,-0.156789659668623,-0.1070102129157117,-0.0033260472799437,3,14.2,214519000.0,161499000.0,34.4,36,2021,12,0
1428,0,0,1,0,0,1,0,60,50.0,30.0,40.0,0.0,0.0,1.0,1.0,379.0,0.026,0.024,0.1438066130437078,0.0946459025031621,0.0378719286600108,1,13.0,85281000.0,0.0,-0.5,12,2022,1,1
1429,0,0,0,1,0,0,1,8,50.0,30.0,70.0,27400.0,3270.0,0.0,0.0,181.0,0.021,0.018,-0.1136264069202262,-0.3317146337825013,-0.0149531371920536,3,31.4,94337000.0,38497000.0,6.6,12,2020,7,0
1430,0,0,1,0,0,0,1,9,30.0,20.0,40.0,0.0,0.0,5.0,4.0,808.0,0.071,0.055,0.0912842315291173,-0.2372122256284186,0.1030317336679983,1,2.3,77018000.0,77018000.0,9.7,12,2022,12,0
1431,0,0,0,1,1,0,0,31,40.0,20.0,60.0,0.0,0.0,0.0,0.0,131.0,0.012,0.012,0.1887579346006716,-0.0828075875185758,0.0445488737761136,3,32.4,176645000.0,63053000.0,4.1,12,2020,6,0
1433,0,0,1,0,0,0,1,11,50.0,40.0,60.0,43140.0,5650.0,1.0,1.0,318.0,0.024,0.025,0.314703651324128,0.1132279640523684,0.2030279713014008,4,37.2,171718000.0,56184000.0,12.4,24,2020,1,0
1435,0,0,0,1,1,0,0,67,60.0,30.0,60.0,91960.0,19980.0,2.0,1.0,244.0,0.074,0.056,-0.3859986315509393,0.4845560285026611,0.1563745201604524,2,35.4,182185000.0,59134000.0,0.9,24,2020,3,0
1442,0,1,0,0,1,0,0,34,40.0,20.0,60.0,0.0,0.0,3.0,3.0,1253.0,0.029,0.027,-0.0577047670395856,0.4867246079349913,-0.0825311150983804,3,22.2,437872000.0,316940000.0,14.3,24,2021,4,0
1443,0,1,0,0,0,1,0,58,60.0,30.0,60.0,0.0,0.0,1.0,1.0,1475.0,0.007,0.009,-0.0657074849229222,-0.1278810058516069,-0.1019511723355416,2,19.9,207832000.0,147438000.0,16.3,24,2021,6,0
1445,0,0,1,0,0,0,1,3,50.0,30.0,60.0,0.0,0.0,0.0,0.0,938.0,0.006,0.005,-0.1438428685664273,0.222318229442041,0.0772582707212463,5,50.3,299196000.0,56308000.0,9.8,12,2018,12,0
1447,0,0,1,0,1,0,0,23,60.0,30.0,60.0,0.0,0.0,2.0,3.0,722.0,0.04,0.057,0.091749953786542,-0.5001775055374423,-0.0563606964422769,1,10.9,174124000.0,174124000.0,1.2,12,2022,3,0
1448,0,0,1,0,0,0,1,25,60.0,30.0,60.0,554850.0,-4910.0,2.0,2.0,909.0,0.027,0.026,0.1295486810751247,-0.2066073014470839,-0.0207379022166996,1,8.2,56182000.0,56182000.0,4.3,12,2022,6,0
1450,0,0,1,0,0,1,0,28,50.0,30.0,40.0,0.0,0.0,1.0,1.0,509.0,0.025,0.012,0.1056373473684201,0.1401056535085723,-0.0154030363600273,4,53.2,340529000.0,115015000.0,8.1,12,2018,9,1
1451,0,1,0,0,0,1,0,3,70.0,50.0,90.0,0.0,0.0,4.0,2.0,1391.0,0.031,0.018,0.3117996059990313,-0.2011985726459227,-0.1231889379550542,1,8.4,61886000.0,61886000.0,3.9,12,2022,6,1
1453,0,1,0,0,0,1,0,19,50.0,30.0,50.0,0.0,0.0,12.0,13.0,1652.0,0.085,0.094,0.6259079516802454,-0.4774781012113767,-0.0013449766299245,1,11.1,196614000.0,196614000.0,13.5,24,2022,3,0
1454,0,1,0,0,0,0,1,21,40.0,20.0,60.0,0.0,0.0,1.0,0.0,1522.0,0.004,0.003,0.1078526513168096,0.435563572564684,0.0864768785242899,1,7.5,108005000.0,108005000.0,4.5,12,2022,7,0
1455,0,0,1,0,0,0,1,10,40.0,20.0,60.0,0.0,0.0,2.0,2.0,597.0,0.042,0.048,-0.2664961696175302,-0.0146824830049622,0.1519062824322858,1,1.9,78099000.0,78099000.0,10.3,12,2022,12,0
1459,0,0,1,0,0,0,1,19,70.0,40.0,50.0,0.0,0.0,3.0,5.0,801.0,0.043,0.068,0.0157796740824301,-0.0156522784546513,-0.0894475597204552,1,10.2,93095000.0,93095000.0,2.1,12,2022,4,1
1461,0,0,1,0,0,1,0,10,60.0,30.0,60.0,0.0,0.0,1.0,1.0,714.0,0.02,0.015,-0.0298736505478988,0.3064628228609878,0.0397354830673194,2,21.6,183985000.0,81264000.0,2.5,12,2021,4,0
1463,0,0,1,0,1,0,0,17,50.0,30.0,50.0,0.0,0.0,1.0,1.0,697.0,0.009,0.01,-0.2957776379330351,0.3447169884205009,0.0692687316659843,1,5.3,74451000.0,74451000.0,7.3,12,2022,9,0
1464,0,1,0,0,0,1,0,19,60.0,40.0,60.0,283470.0,35490.0,18.0,13.0,2605.0,0.082,0.058,0.6336032380857717,-0.0009222806683702,0.0883908771567976,2,19.3,207440000.0,132082000.0,4.9,12,2021,7,0
1470,0,0,1,0,0,1,0,24,60.0,30.0,60.0,536330.0,15040.0,1.0,1.0,530.0,0.023,0.014,-0.3371276588425279,0.3729834105579602,0.1372058304258717,2,14.7,207026000.0,149859000.0,34.5,36,2021,11,0
1478,0,0,0,1,0,1,0,41,60.0,40.0,60.0,54510.0,7800.0,0.0,0.0,280.0,0.017,0.012,0.0455194988024306,-0.1379971490758756,0.111645997621232,4,45.9,276996000.0,120039000.0,27.7,36,2019,4,0
1479,0,0,1,0,1,0,0,11,60.0,30.0,60.0,0.0,0.0,2.0,1.0,389.0,0.059,0.032,0.0339005680063554,-0.0193175031138573,0.0014423634453049,3,39.6,251900000.0,96410000.0,20.5,36,2019,10,0
1481,0,1,0,0,0,1,0,14,60.0,30.0,60.0,1034050.0,179800.0,12.0,9.0,1188.0,0.125,0.095,0.3140363819212365,0.3509017166605321,0.0215026696212646,3,34.3,235285000.0,63302000.0,2.4,12,2020,4,0
1484,0,0,0,1,0,1,0,19,80.0,50.0,60.0,119320.0,-780.0,1.0,2.0,256.0,0.046,0.075,0.1273620673581372,0.0553527259119216,0.0934677335143818,1,25.6,146019000.0,48673000.0,10.7,36,2020,12,0
1490,0,0,0,1,0,0,1,11,100.0,60.0,70.0,9530.0,1470.0,0.0,0.0,123.0,0.041,0.048,-0.3271025831280499,0.095455354714545,-0.0619369284381397,1,7.8,35577000.0,35577000.0,4.7,12,2022,6,1
1494,0,1,0,0,1,0,0,16,60.0,30.0,60.0,852750.0,2410.0,5.0,8.0,1411.0,0.046,0.072,-0.0092401695929696,0.5056808266280725,0.3392370228122137,1,19.2,278514000.0,185676000.0,17.0,36,2021,7,0
1498,0,0,1,0,1,0,0,20,30.0,20.0,30.0,0.0,0.0,1.0,1.0,397.0,0.032,0.026,0.208324105634037,-0.269323009347583,-0.0480471199160072,1,4.4,137020000.0,137020000.0,7.7,12,2022,10,1
1501,0,0,0,1,0,1,0,12,60.0,30.0,60.0,74650.0,8110.0,0.0,0.0,202.0,0.021,0.02,-0.062530562590277,0.1720792655119499,0.0657110375996265,4,52.1,146058000.0,32085000.0,9.2,12,2018,10,0
1504,0,0,0,1,0,1,0,59,50.0,30.0,40.0,5110.0,280.0,0.0,0.0,102.0,0.019,0.023,-0.0188736286316209,0.5268679269223022,0.1443939501313032,2,39.0,79486000.0,16964000.0,9.2,36,2019,11,0
1508,0,0,1,0,1,0,0,22,40.0,30.0,40.0,0.0,0.0,2.0,3.0,343.0,0.077,0.12,0.1982148093247857,0.0256420932037822,0.0903795829467448,3,39.3,316090000.0,52254000.0,9.2,12,2019,11,0
1511,0,0,1,0,0,0,1,7,60.0,30.0,60.0,47540.0,3480.0,0.0,0.0,306.0,0.014,0.01,-0.0663503782870585,0.0844218978180523,0.1992813544065373,1,10.7,42551000.0,42551000.0,1.7,12,2022,3,0
1512,0,1,0,0,0,1,0,15,70.0,50.0,50.0,941600.0,-62610.0,6.0,7.0,2086.0,0.033,0.038,-0.3566669351679897,0.4948976117752668,0.2516824280848062,2,38.9,343267000.0,78448000.0,9.6,36,2019,11,0
1513,0,0,0,1,0,0,1,20,60.0,30.0,60.0,0.0,0.0,0.0,0.0,63.0,0.019,0.019,-0.0142439728777995,0.4441642942639714,0.0033425453125281,1,9.6,13767000.0,13767000.0,2.8,12,2022,4,0
1514,0,0,0,1,0,1,0,35,60.0,30.0,60.0,2610.0,-110.0,0.0,0.0,32.0,0.054,0.045,0.1855745503625037,-0.3782884446776918,0.03110179246725,1,12.5,12522000.0,0.0,-0.4,12,2022,1,1
1517,0,1,0,0,1,0,0,16,60.0,30.0,60.0,377580.0,39310.0,2.0,3.0,2447.0,0.011,0.015,-0.0922061427619182,0.2232796306949967,0.1050973839504952,4,20.5,392444000.0,178970000.0,4.9,12,2021,6,0
1518,0,0,1,0,1,0,0,20,70.0,50.0,70.0,418790.0,87810.0,1.0,0.0,865.0,0.01,0.006,-0.1558169503123799,-0.138606679543731,0.0925028877321949,1,5.2,167582000.0,167582000.0,19.2,24,2022,9,0
1519,0,0,1,0,0,1,0,20,60.0,30.0,60.0,0.0,0.0,1.0,2.0,689.0,0.014,0.027,-0.1319130728604607,-0.012937362941276,0.1235975037238845,1,6.4,59517000.0,59517000.0,5.7,12,2022,8,0
1520,0,0,1,0,0,1,0,25,60.0,30.0,60.0,82070.0,14350.0,3.0,7.0,733.0,0.057,0.11,0.0446161216274716,-0.4038895760497736,-0.1520752063226626,2,23.5,230147000.0,181533000.0,24.5,36,2021,3,0
1522,0,0,1,0,1,0,0,16,70.0,30.0,70.0,0.0,0.0,1.0,0.0,334.0,0.027,0.014,0.1746041153993317,0.7043680374840712,0.2360621011324047,4,33.4,205135000.0,74413000.0,3.1,12,2020,5,0
1523,0,1,0,0,0,1,0,10,70.0,50.0,70.0,0.0,0.0,18.0,19.0,2862.0,0.077,0.078,0.2067273772931475,0.2657448199180612,0.1569117895969614,1,10.3,93290000.0,93290000.0,1.9,12,2022,4,0
1527,0,0,1,0,0,1,0,7,60.0,30.0,60.0,0.0,0.0,4.0,4.0,581.0,0.08,0.093,0.1069395980150249,-0.1882623966416648,-0.1264690499702015,1,8.0,56425000.0,56425000.0,4.6,12,2022,6,0
1528,0,0,1,0,0,1,0,7,80.0,40.0,80.0,0.0,0.0,2.0,1.0,819.0,0.023,0.013,0.0223002269420513,0.0786284415720673,-0.1284324906911273,1,14.8,93459000.0,0.0,-2.8,12,2021,11,1
1530,0,0,0,1,0,1,0,15,60.0,40.0,70.0,86840.0,-1780.0,1.0,1.0,295.0,0.052,0.041,-0.0684187311977388,-0.2223168978416906,0.0327768438522089,1,11.5,33849000.0,33849000.0,1.0,12,2022,3,1
1538,0,0,0,1,0,0,1,43,50.0,30.0,40.0,193470.0,-6780.0,0.0,0.0,217.0,0.025,0.024,-0.2538453844306872,-0.0212044905138221,0.0051558526924,1,11.4,47320000.0,47320000.0,13.0,24,2022,3,0
1539,0,0,1,0,1,0,0,28,40.0,20.0,40.0,0.0,0.0,2.0,2.0,522.0,0.048,0.054,-0.0433308899700362,-0.4571162710308,-0.0581977443752021,3,33.3,252908000.0,83313000.0,3.4,12,2020,5,1
1542,1,0,0,0,0,1,0,12,50.0,30.0,50.0,0.0,0.0,1.0,0.0,2307.0,0.003,0.002,0.1256496406085349,0.4084595217168999,0.0510002905877651,2,19.3,281235000.0,166396000.0,5.3,12,2021,7,0
1549,0,0,1,0,0,0,1,41,60.0,30.0,60.0,91750.0,3260.0,2.0,1.0,350.0,0.06,0.036,-0.3525943365401712,0.0307810984980569,0.0925539364411837,1,9.8,46971000.0,46971000.0,2.7,12,2022,4,0
1553,0,0,0,1,0,1,0,43,60.0,30.0,60.0,0.0,0.0,0.0,0.0,171.0,0.019,0.022,-0.032294409400008,-0.1979362208558235,-0.0492313928635237,1,13.2,48524000.0,24262000.0,10.7,24,2022,1,0
1554,0,0,0,1,0,1,0,36,60.0,40.0,60.0,66520.0,2880.0,0.0,1.0,239.0,0.02,0.035,0.0974710160863273,0.3707943139994738,0.0534997143468441,1,11.9,103392000.0,103392000.0,24.5,36,2022,2,0
1559,0,0,0,1,0,1,0,28,60.0,30.0,60.0,146130.0,35320.0,1.0,1.0,163.0,0.079,0.042,0.3174017926193005,-0.684947610002671,0.0347093626686707,1,0.7,31650000.0,31650000.0,11.9,12,2023,1,0
1561,0,0,1,0,1,0,0,27,90.0,50.0,60.0,118790.0,2730.0,1.0,2.0,429.0,0.041,0.066,-0.0154268026041567,0.3339190433955455,0.0392253586887993,2,14.9,138294000.0,72323000.0,9.7,12,2021,11,0
1564,0,0,1,0,0,0,1,52,80.0,50.0,60.0,190610.0,-2390.0,1.0,2.0,373.0,0.035,0.06,0.1552689023318555,-0.0848030820584634,-0.0538948538198685,2,4.5,60272000.0,60272000.0,7.7,12,2022,9,1
1565,0,0,0,1,0,1,0,2,80.0,50.0,50.0,35650.0,-780.0,0.0,0.0,172.0,0.013,0.022,-0.0309006503117362,0.0163801845403202,-0.0618571429161492,2,6.3,60438000.0,60438000.0,18.1,24,2022,8,0
1570,0,1,0,0,1,0,0,38,40.0,30.0,40.0,0.0,0.0,10.0,10.0,2319.0,0.051,0.054,0.0352435861915478,0.0903332338845955,-0.1049831799337449,5,40.8,698236000.0,93533000.0,8.9,12,2019,9,0
1571,0,0,0,1,0,0,1,31,70.0,40.0,50.0,0.0,0.0,1.0,0.0,237.0,0.037,0.021,-0.3013677899188228,0.1088583074487244,0.0843040490002164,4,33.3,118078000.0,42753000.0,4.2,12,2020,5,0
1574,0,0,1,0,0,0,1,9,40.0,30.0,40.0,0.0,0.0,6.0,6.0,970.0,0.068,0.069,-0.3165567223545407,-0.2312016161862658,-0.0580489265257236,1,9.1,77635000.0,77635000.0,2.9,12,2022,5,0
1578,0,0,1,0,0,1,0,4,60.0,30.0,60.0,0.0,0.0,2.0,4.0,319.0,0.074,0.146,0.0137723666465575,0.2194118345816724,0.082520900960371,1,9.8,37561000.0,37561000.0,2.5,12,2022,4,1
1581,0,0,0,1,0,1,0,4,60.0,30.0,70.0,138770.0,-3410.0,0.0,0.0,228.0,0.016,0.025,0.1512188515921623,0.4780174877227142,0.0276669771973051,1,14.3,53674000.0,26837000.0,9.9,24,2021,12,0
1592,0,0,0,1,0,1,0,30,60.0,30.0,60.0,38190.0,6410.0,1.0,0.0,167.0,0.045,0.027,-0.2092289945167355,-0.0238646356484644,-0.0345087009809964,1,20.9,94257000.0,62838000.0,15.2,36,2021,5,0
1594,0,0,1,0,0,0,1,17,60.0,40.0,60.0,194290.0,-7850.0,3.0,3.0,654.0,0.048,0.048,-0.0706160203944804,0.442281742184364,-0.0145644657636079,1,16.6,135266000.0,67633000.0,7.7,24,2021,9,0
1600,1,0,0,0,0,1,0,37,30.0,20.0,40.0,0.0,0.0,1.0,1.0,751.0,0.016,0.017,-0.206844059326301,-0.0550569266129809,0.0470948213151297,3,28.3,160464000.0,81494000.0,8.1,12,2020,10,0
1604,0,0,1,0,0,1,0,94,40.0,20.0,50.0,0.0,0.0,1.0,1.0,840.0,0.013,0.009,0.0310332728951374,0.6417736682046857,0.2031152537243642,1,7.4,69081000.0,69081000.0,4.9,12,2022,7,1
1615,0,1,0,0,0,1,0,18,60.0,30.0,40.0,556290.0,9310.0,22.0,18.0,4376.0,0.061,0.048,0.3434386342057989,-0.3148799434538015,0.0786322333887141,1,2.3,101763000.0,101763000.0,10.1,12,2022,12,0
1622,0,0,0,1,0,1,0,12,50.0,20.0,50.0,0.0,0.0,0.0,0.0,160.0,0.019,0.023,-0.0554161388586718,-0.0993548759929534,0.13629281121465,1,21.6,46038000.0,23019000.0,2.9,24,2021,4,0
1632,0,0,0,1,1,0,0,15,60.0,30.0,60.0,0.0,0.0,0.0,0.0,158.0,0.005,0.006,0.1865524874989628,0.1035069722613977,0.0327204050658854,1,0.9,44283000.0,44283000.0,11.1,12,2023,1,0
1633,0,0,1,0,1,0,0,16,40.0,30.0,40.0,0.0,0.0,7.0,4.0,690.0,0.114,0.076,-0.0384389055468958,0.6370459642802059,0.1996329851218699,1,24.6,328986000.0,109662000.0,11.6,36,2021,1,0
1640,0,0,1,0,0,1,0,61,60.0,30.0,60.0,0.0,0.0,1.0,0.0,658.0,0.014,0.007,0.187817806793631,0.2582583162152587,-0.0215767305648809,2,42.4,153312000.0,38045000.0,6.0,36,2019,8,1
1643,0,0,0,1,0,1,0,9,60.0,30.0,60.0,0.0,0.0,0.0,0.0,71.0,0.016,0.021,-0.3063131322932947,-0.0825645315423007,-0.0845276477566298,2,6.5,26970000.0,26970000.0,5.5,12,2022,8,1
1648,0,0,1,0,0,1,0,30,70.0,30.0,60.0,0.0,0.0,1.0,1.0,388.0,0.025,0.026,-0.1532552370795264,0.1984431601526969,0.0245964280274093,1,14.4,44735000.0,0.0,-1.9,12,2021,12,1
1649,0,0,0,1,0,1,0,30,80.0,40.0,80.0,0.0,0.0,1.0,1.0,158.0,0.076,0.06,-0.2322456355913184,0.3933659456038057,0.101667557423037,3,32.0,92661000.0,22664000.0,5.3,12,2020,6,0
1654,0,0,0,1,1,0,0,39,60.0,30.0,60.0,0.0,0.0,0.0,0.0,261.0,0.002,0.002,0.2143116369081455,-0.8513149580243742,-0.0758814370054138,1,10.2,63872000.0,63872000.0,1.9,12,2022,4,0
1655,0,1,0,0,0,0,1,101,60.0,30.0,60.0,309430.0,-13320.0,2.0,1.0,1021.0,0.018,0.01,0.0957001489748945,0.0658991997922397,0.0409826488316091,2,40.1,319301000.0,85332000.0,7.8,36,2019,10,1
1661,1,0,0,0,0,0,1,18,60.0,30.0,60.0,0.0,0.0,0.0,1.0,147.0,0.035,0.089,-0.1838233324383213,0.5533358589409335,0.0744413900481126,4,30.2,103066000.0,58521000.0,6.8,12,2020,8,0
1662,0,0,1,0,1,0,0,34,60.0,30.0,60.0,82440.0,-1380.0,0.0,0.0,720.0,0.006,0.005,-0.0387169187564304,0.7029473108692169,0.1748850382357463,1,4.1,85491000.0,85491000.0,8.1,12,2022,10,0
1663,0,0,1,0,0,0,1,44,30.0,20.0,50.0,0.0,0.0,0.0,1.0,476.0,0.01,0.014,-0.4032913500764521,0.9064273912377756,0.2334035499107788,3,47.2,238244000.0,58780000.0,2.3,24,2019,3,0
1666,0,1,0,0,1,0,0,14,50.0,30.0,50.0,0.0,0.0,5.0,5.0,2219.0,0.029,0.028,0.1082857154036442,-0.2363880576946688,0.0436245131755477,2,2.5,287227000.0,287227000.0,9.7,12,2022,12,0
1672,0,0,1,0,1,0,0,17,60.0,30.0,60.0,71670.0,1570.0,2.0,1.0,577.0,0.034,0.027,-0.0989336569377245,0.5809385279981665,0.0822057483531472,3,33.3,309609000.0,156150000.0,15.2,24,2020,5,0
1677,0,0,0,1,0,1,0,29,60.0,30.0,60.0,42500.0,-2630.0,0.0,0.0,86.0,0.014,0.023,0.2437126046040648,-0.2729958040380518,0.052660711746304,3,19.0,49218000.0,18668000.0,5.7,12,2021,7,0
1682,0,0,0,1,1,0,0,26,60.0,30.0,60.0,0.0,0.0,0.0,0.0,237.0,0.024,0.018,0.3231647959180156,-0.0286509493006724,0.0314430662330915,3,32.7,219636000.0,70231000.0,3.5,12,2020,5,0
1685,0,0,1,0,0,0,1,13,80.0,60.0,50.0,448090.0,9340.0,3.0,3.0,765.0,0.046,0.041,0.0631550097679535,-0.3858356066088839,-0.1447420976843185,1,0.2,44388000.0,44388000.0,12.4,12,2023,2,0
1691,1,0,0,0,0,1,0,1,60.0,30.0,60.0,0.0,0.0,1.0,0.0,520.0,0.021,0.01,0.1557882714964111,-0.0205919608252246,0.0169151872677615,1,9.3,71043000.0,71043000.0,2.7,12,2022,5,0
1693,0,0,0,1,0,1,0,46,60.0,30.0,60.0,0.0,0.0,0.0,1.0,172.0,0.023,0.048,0.0809430735110994,-0.3042280831794416,-0.0407075892481154,4,31.4,119355000.0,60425000.0,5.0,12,2020,7,1
1696,0,1,0,0,0,0,1,24,60.0,40.0,70.0,942360.0,-43580.0,2.0,3.0,2029.0,0.014,0.018,0.0102454334977402,-0.2589984160040139,0.0467131076288422,1,11.3,96119000.0,96119000.0,0.7,12,2022,3,0
1697,0,0,1,0,0,0,1,32,50.0,40.0,70.0,73480.0,4120.0,0.0,0.0,314.0,0.014,0.013,0.2721142294538634,0.2607630434167831,-0.0183364268262182,1,8.7,71038000.0,71038000.0,15.6,24,2022,5,0
1698,0,0,1,0,0,0,1,75,50.0,30.0,50.0,0.0,0.0,2.0,2.0,677.0,0.035,0.04,0.2379537945050069,0.6237471856177373,0.2694674501016138,1,6.4,36714000.0,36714000.0,5.6,12,2022,8,1
1700,0,0,0,1,1,0,0,24,60.0,30.0,60.0,0.0,0.0,1.0,1.0,269.0,0.036,0.06,0.5375710359309941,-0.1651992155200222,0.07181681038401,4,32.9,214025000.0,60778000.0,3.1,12,2020,5,0
1702,0,0,0,1,1,0,0,32,60.0,30.0,60.0,46500.0,-3470.0,0.0,1.0,138.0,0.037,0.055,-0.1339487850925374,-0.3612797300037316,-0.1546298200204941,2,23.9,111454000.0,57498000.0,0.2,12,2021,2,1
1703,0,0,1,0,0,1,0,6,40.0,20.0,40.0,0.0,0.0,6.0,5.0,870.0,0.083,0.063,0.0689257582886604,-0.1362362376963244,0.0138298254037559,1,10.4,107225000.0,107225000.0,2.1,12,2022,4,0
1709,0,0,0,1,0,1,0,29,60.0,30.0,60.0,0.0,0.0,1.0,2.0,134.0,0.101,0.196,-0.3606913730450988,0.5248239073392318,0.2786534998490093,1,26.1,89199000.0,29733000.0,10.0,36,2020,12,0
1713,0,0,1,0,1,0,0,20,60.0,30.0,60.0,0.0,0.0,3.0,3.0,655.0,0.053,0.051,0.1845360871952618,0.3850919929708765,0.0924575275737709,4,36.2,479353000.0,222510000.0,35.8,36,2020,2,0
1714,1,0,0,0,0,0,1,28,60.0,30.0,60.0,203760.0,16050.0,1.0,2.0,322.0,0.047,0.075,0.4039933542726273,0.1776737814100138,0.0227510297784397,1,1.8,41138000.0,41138000.0,10.3,12,2022,12,0
1715,0,0,1,0,0,1,0,16,60.0,40.0,50.0,87650.0,22060.0,4.0,3.0,619.0,0.083,0.066,-0.042299393552742,-0.1017675576673833,0.1670483905353524,3,38.3,185108000.0,39551000.0,11.0,24,2019,12,0
1717,0,0,1,0,1,0,0,11,40.0,20.0,50.0,0.0,0.0,2.0,2.0,377.0,0.061,0.056,-0.254172018658825,0.0180735762388003,-0.0037301852970044,2,15.0,120365000.0,64257000.0,10.2,12,2021,11,0
1720,0,0,1,0,0,1,0,18,30.0,20.0,40.0,0.0,0.0,3.0,5.0,825.0,0.051,0.069,-0.2966752997516504,-0.2073996905251853,-0.0532511708356162,1,4.5,48512000.0,48512000.0,7.9,12,2022,9,1
1722,0,0,0,1,0,1,0,35,30.0,20.0,40.0,0.0,0.0,1.0,1.0,251.0,0.03,0.033,0.4428318810659946,0.5861355549611446,0.0560712215076025,1,7.0,53754000.0,53754000.0,5.5,12,2022,7,0
1724,0,0,1,0,0,0,1,26,130.0,70.0,70.0,0.0,0.0,2.0,2.0,313.0,0.08,0.082,-0.1216807691805468,0.2821309808975759,0.062063970496917,3,57.8,150414000.0,29113000.0,3.0,12,2018,4,0
1725,0,1,0,0,1,0,0,17,50.0,20.0,60.0,0.0,0.0,1.0,1.0,1408.0,0.005,0.008,0.4806834162192378,-0.505822612819176,0.0782559412553048,2,4.5,277405000.0,277405000.0,7.8,12,2022,10,0
1726,0,1,0,0,0,1,0,13,40.0,20.0,40.0,0.0,0.0,6.0,10.0,1356.0,0.052,0.085,-0.1622895924258244,0.1735756727062192,-0.0189791772343557,2,14.9,249699000.0,87842000.0,9.0,12,2021,11,1
1730,0,0,1,0,0,1,0,16,60.0,30.0,60.0,0.0,0.0,1.0,1.0,423.0,0.036,0.026,-0.0656306491374006,-0.1710013851688421,0.0756060160901775,2,13.5,94680000.0,41853000.0,10.5,12,2021,12,0
1731,0,0,1,0,0,1,0,15,60.0,30.0,60.0,66400.0,4630.0,2.0,2.0,387.0,0.048,0.055,0.4445228278923073,0.3622149282086325,0.17487286641274,1,5.4,59084000.0,59084000.0,6.9,12,2022,9,0
1733,0,0,0,1,1,0,0,47,60.0,30.0,60.0,63570.0,14160.0,0.0,0.0,172.0,0.007,0.009,-0.0740966132048709,-0.100181343455958,-0.020757615590833,4,32.4,154072000.0,53263000.0,4.2,12,2020,6,0
1737,0,0,1,0,1,0,0,54,80.0,40.0,60.0,67710.0,-4670.0,1.0,1.0,763.0,0.016,0.015,-0.0036512605771658,0.1525001411955918,-0.1340278662130692,1,21.7,232284000.0,116142000.0,2.2,24,2021,4,0
1738,0,0,1,0,0,1,0,16,60.0,30.0,60.0,0.0,0.0,2.0,2.0,511.0,0.057,0.036,0.0602438057297523,-0.3800843787572591,0.0842651163464012,4,47.3,291513000.0,41023000.0,1.7,12,2019,3,1
1744,0,0,0,1,0,1,0,13,60.0,30.0,60.0,83830.0,7860.0,1.0,2.0,282.0,0.033,0.067,-0.2444434233590778,0.3136006397551238,0.1244882971167423,2,10.2,52477000.0,52477000.0,2.3,12,2022,4,0
1747,0,0,1,0,0,1,0,14,40.0,20.0,50.0,0.0,0.0,2.0,2.0,547.0,0.045,0.04,0.2773974804493386,0.2682594133961061,0.1387308332655243,2,26.4,93637000.0,0.0,-2.1,12,2020,12,1
1748,0,0,1,0,1,0,0,38,60.0,30.0,60.0,0.0,0.0,5.0,6.0,727.0,0.09,0.092,-0.1830514260910369,-0.141772097152048,0.03833431239641,1,14.3,129911000.0,0.0,-1.9,12,2021,12,1
1751,0,1,0,0,0,1,0,8,50.0,30.0,70.0,0.0,0.0,6.0,3.0,2895.0,0.025,0.014,0.173170975659554,0.1843198386173657,0.1108057666997932,2,22.4,310900000.0,124295000.0,2.5,12,2021,4,0
1754,0,0,1,0,0,0,1,19,60.0,30.0,60.0,0.0,0.0,2.0,1.0,310.0,0.065,0.042,0.2889099415923766,-0.0994959810922089,0.1713101044812349,5,45.0,181147000.0,30793000.0,4.9,12,2019,5,0
1756,0,0,1,0,0,1,0,50,60.0,40.0,50.0,230900.0,11400.0,4.0,4.0,492.0,0.101,0.092,0.0229548137445561,0.4884555295546348,0.0347978692355164,2,28.9,245999000.0,119876000.0,19.1,36,2020,9,0
1757,0,0,1,0,0,1,0,52,50.0,30.0,70.0,273590.0,9530.0,1.0,2.0,568.0,0.03,0.033,-0.3513328931908178,-0.4594618013465564,-0.1877247199455258,5,44.3,239707000.0,55249000.0,5.5,12,2019,6,1
1758,0,0,0,1,0,1,0,57,60.0,30.0,60.0,9950.0,-350.0,1.0,1.0,153.0,0.059,0.042,-0.0795314143434357,0.1389266292438438,-0.0267931308840569,1,5.6,98115000.0,98115000.0,30.6,36,2022,8,0
1759,0,0,0,1,0,0,1,11,40.0,30.0,50.0,48580.0,2240.0,1.0,0.0,188.0,0.044,0.031,0.1549909928256087,0.2756257066624024,0.1253305082163517,2,13.9,82608000.0,53624000.0,22.3,24,2021,12,0
1760,0,0,1,0,1,0,0,31,80.0,40.0,70.0,0.0,0.0,1.0,1.0,804.0,0.014,0.014,0.1983374552009157,0.2513322088733217,-0.0823082184620987,6,47.4,497573000.0,72890000.0,0.9,24,2019,3,1
1761,0,1,0,0,0,1,0,12,60.0,40.0,80.0,0.0,0.0,31.0,20.0,3541.0,0.107,0.066,0.34256472449,0.2718351503287471,0.0548456601427583,1,7.2,85003000.0,85003000.0,5.3,12,2022,7,0
1763,0,0,1,0,0,1,0,19,60.0,30.0,60.0,376080.0,-24230.0,4.0,12.0,725.0,0.065,0.198,-0.0954024978187811,-0.1524021502433793,0.0435908034911168,2,21.8,128569000.0,69811000.0,2.5,12,2021,4,0
1764,0,0,0,1,0,1,0,16,50.0,30.0,70.0,0.0,0.0,1.0,1.0,127.0,0.1,0.075,-0.0583245770095518,0.1464189871870436,0.1267533563617731,3,20.5,67214000.0,33787000.0,3.8,12,2021,5,0
1765,0,0,1,0,0,0,1,13,60.0,30.0,60.0,79110.0,880.0,1.0,1.0,562.0,0.016,0.024,0.1332428420993273,0.5544627358479991,0.1958734005530292,1,2.6,67853000.0,67853000.0,10.0,12,2022,11,0
1772,1,0,0,0,1,0,0,38,40.0,20.0,40.0,0.0,0.0,1.0,1.0,247.0,0.024,0.033,-0.0853674339296077,0.2318506524560307,-0.1093262370377073,1,7.6,85387000.0,85387000.0,5.0,12,2022,6,1
1775,0,0,0,1,0,1,0,3,30.0,20.0,60.0,0.0,0.0,0.0,0.0,204.0,0.024,0.018,-0.130199538454298,0.1351868270225237,-0.0186630265536669,2,14.7,77528000.0,36190000.0,9.8,12,2021,11,0
1777,0,0,0,1,1,0,0,70,50.0,30.0,70.0,0.0,0.0,0.0,0.0,106.0,0.018,0.035,0.318054480408132,-0.2364307328029866,-0.0564544921383407,2,23.5,66938000.0,35588000.0,1.0,12,2021,3,0
1779,0,0,1,0,1,0,0,10,60.0,30.0,60.0,0.0,0.0,0.0,1.0,689.0,0.008,0.01,-0.4250414749773512,0.1833436651784404,0.0996494197186732,1,7.3,138986000.0,138986000.0,4.9,12,2022,7,0
1782,0,0,0,1,1,0,0,12,60.0,30.0,60.0,34150.0,5300.0,1.0,3.0,149.0,0.111,0.234,-0.1183373298897257,0.2237781744291693,-0.0051456610279398,3,55.8,171849000.0,30111000.0,4.6,36,2018,6,0
1783,0,0,0,1,0,1,0,60,60.0,30.0,60.0,0.0,0.0,1.0,2.0,181.0,0.059,0.109,0.2113712447958386,-0.341640941885896,-0.095215912848391,2,26.4,63216000.0,0.0,-2.0,24,2020,12,1
1786,0,0,1,0,0,1,0,51,110.0,70.0,60.0,0.0,0.0,0.0,0.0,604.0,0.004,0.004,-0.0074653984200962,-0.2648406041624824,-0.0479272046746158,1,3.2,38977000.0,38977000.0,8.8,12,2022,11,1
1789,0,0,1,0,0,0,1,5,60.0,30.0,60.0,0.0,0.0,4.0,3.0,742.0,0.067,0.05,0.0211102342872269,-0.2372565435078723,0.019253072044056,2,39.1,234180000.0,65427000.0,9.2,24,2019,11,0
1792,0,0,0,1,0,1,0,17,40.0,20.0,50.0,0.0,0.0,0.0,0.0,234.0,0.017,0.016,0.3280747521797447,-0.0038054053679145,0.0942584774103162,1,4.4,30882000.0,30882000.0,8.1,12,2022,10,0
1793,0,0,1,0,1,0,0,27,60.0,30.0,60.0,0.0,0.0,2.0,1.0,677.0,0.032,0.021,0.0906027732923323,0.0141903527892329,0.0452382796692085,1,18.8,313814000.0,156907000.0,5.5,24,2021,7,0
1795,0,0,1,0,0,0,1,53,60.0,30.0,60.0,0.0,0.0,4.0,3.0,853.0,0.058,0.044,0.0751863052866781,-0.2347173355991424,-0.0882021461596979,4,42.9,273436000.0,59564000.0,17.8,24,2019,7,0
1796,0,0,1,0,0,0,1,30,60.0,30.0,60.0,0.0,0.0,2.0,3.0,607.0,0.036,0.059,-0.1095073859353119,0.168632978476293,0.0799382032141907,5,55.5,321085000.0,83600000.0,5.9,12,2018,7,0
1799,0,0,0,1,0,1,0,4,20.0,20.0,40.0,106990.0,-680.0,1.0,1.0,115.0,0.088,0.083,0.2798760871315776,0.223229410562718,0.1766009406161613,1,3.3,31332000.0,31332000.0,9.2,12,2022,11,0
1800,0,0,1,0,0,1,0,12,90.0,40.0,70.0,120050.0,2830.0,1.0,1.0,378.0,0.033,0.044,-0.2642952834103225,-0.2470929143484252,-0.0318489148684189,2,22.6,114053000.0,46712000.0,1.7,12,2021,3,1
1802,0,0,1,0,1,0,0,30,50.0,30.0,40.0,249680.0,9820.0,1.0,1.0,507.0,0.024,0.022,-0.2009032188323342,-0.4580126901269419,-0.1593258213376751,3,32.5,208438000.0,85859000.0,3.9,12,2020,6,0
1809,0,0,1,0,1,0,0,13,70.0,30.0,60.0,0.0,0.0,2.0,3.0,915.0,0.022,0.036,0.1364703479517218,0.0122958307713333,0.0074867013051721,2,20.5,268094000.0,130730000.0,3.8,12,2021,6,1
1811,0,0,0,1,1,0,0,14,60.0,30.0,50.0,19220.0,110.0,0.0,0.0,249.0,0.005,0.006,0.0392575999877467,0.1803428919137043,0.0834244340863314,1,11.1,84630000.0,84630000.0,0.9,12,2022,3,0
1813,1,0,0,0,0,1,0,28,60.0,30.0,50.0,368560.0,57310.0,0.0,0.0,395.0,0.003,0.01,0.2906191957032772,0.3330635176075692,0.1492187472224795,2,21.0,58812000.0,36877000.0,3.6,12,2021,5,1
1815,0,0,0,1,0,1,0,58,60.0,30.0,60.0,41090.0,4030.0,0.0,0.0,74.0,0.065,0.041,0.0502530501079558,-0.2791850249594861,-0.0483943838824308,1,13.4,48537000.0,0.0,-1.3,12,2022,1,1
1817,0,0,1,0,0,1,0,17,60.0,30.0,60.0,0.0,0.0,1.0,1.0,608.0,0.018,0.02,0.4451030696836655,0.4001936512044505,0.1878050370418985,2,14.8,94100000.0,53149000.0,9.8,12,2021,11,0
1818,0,1,0,0,1,0,0,14,50.0,30.0,50.0,0.0,0.0,6.0,6.0,1003.0,0.078,0.073,-0.0537932123020153,-0.3066652140840828,0.0096596086960419,10,87.5,1160682000.0,108545000.0,9.7,12,2015,10,0
1820,0,0,1,0,0,1,0,24,60.0,30.0,60.0,0.0,0.0,5.0,6.0,773.0,0.077,0.099,0.1013410928059572,0.4851666712864947,0.1709634946816065,2,20.8,133656000.0,73727000.0,3.7,12,2021,5,0
1822,0,0,1,0,0,1,0,35,60.0,30.0,60.0,0.0,0.0,1.0,1.0,369.0,0.036,0.03,0.084153720398666,0.1059187501145194,0.0158061006029924,2,49.7,457998000.0,218156000.0,23.4,36,2018,12,0
1823,0,0,0,1,0,0,1,20,70.0,40.0,40.0,0.0,0.0,1.0,1.0,229.0,0.057,0.039,-0.2445746717597584,0.3847078312307413,0.080883601824735,2,17.6,104087000.0,84308000.0,19.6,24,2021,8,0
1830,0,0,0,1,0,0,1,36,60.0,30.0,60.0,21470.0,-150.0,0.0,1.0,72.0,0.069,0.092,-0.2247346720171397,0.0581265139098262,0.0159058981072068,2,38.5,76523000.0,18187000.0,10.1,36,2019,12,0
1834,0,0,0,1,0,0,1,3,50.0,30.0,50.0,0.0,0.0,0.0,0.0,128.0,0.026,0.036,-0.1186467604183281,-0.2453694666140053,-0.053278988364782,1,6.5,20773000.0,20773000.0,6.0,12,2022,7,0
1835,0,0,1,0,0,1,0,6,50.0,40.0,50.0,0.0,0.0,6.0,5.0,523.0,0.137,0.108,0.0927140429513909,0.0437203289267848,-0.1473977632899604,2,50.0,312532000.0,0.0,-1.8,12,2018,12,1
1837,0,0,0,1,0,1,0,36,60.0,30.0,60.0,0.0,0.0,1.0,1.0,290.0,0.044,0.05,0.0260658094491448,0.1583067569024144,-0.0479256802956602,2,16.7,108912000.0,66845000.0,7.6,12,2021,9,0
1839,0,0,1,0,1,0,0,53,60.0,30.0,70.0,0.0,0.0,1.0,1.0,580.0,0.03,0.031,0.1117367544372858,-0.0872768655700303,-0.0039940152645786,4,29.0,466865000.0,208260000.0,19.5,24,2020,9,0
1846,0,0,1,0,0,0,1,15,50.0,30.0,50.0,0.0,0.0,1.0,0.0,532.0,0.024,0.011,0.5595003057762395,0.215217319175462,-0.0225280530805323,2,48.0,256826000.0,52262000.0,0.3,12,2019,2,0
1847,1,0,0,0,1,0,0,7,60.0,30.0,60.0,0.0,0.0,1.0,1.0,2276.0,0.004,0.004,0.3484389655753893,0.5552095642212397,0.0784827610347907,3,30.3,564176000.0,164300000.0,17.8,24,2020,8,0
1849,0,0,1,0,0,0,1,37,50.0,30.0,40.0,0.0,0.0,4.0,4.0,753.0,0.057,0.067,0.1500062561058801,0.180265751316261,0.0606158044596563,2,23.9,109843000.0,52702000.0,0.4,12,2021,2,0
1852,0,0,0,1,0,1,0,54,30.0,20.0,30.0,74940.0,-4290.0,3.0,2.0,263.0,0.118,0.107,0.1338779393784024,-0.3822725315595073,0.0700237187836438,1,2.4,39768000.0,39768000.0,9.8,12,2022,12,0
1854,0,0,0,1,1,0,0,6,40.0,20.0,50.0,85160.0,14140.0,1.0,1.0,269.0,0.06,0.035,-0.2629482809119633,0.4121690071771814,0.0826635706935333,4,41.0,431567000.0,248448000.0,32.6,36,2019,9,0
1856,0,0,0,1,1,0,0,10,90.0,40.0,70.0,105160.0,10510.0,1.0,1.0,184.0,0.046,0.044,0.3044767087095719,0.406480079920535,0.1781234632499043,1,4.3,74360000.0,74360000.0,8.2,12,2022,10,0
1857,0,0,1,0,0,1,0,3,60.0,30.0,60.0,114260.0,7000.0,2.0,1.0,820.0,0.028,0.02,0.3001344295957215,0.4366753077271346,0.0380254668656741,1,19.9,194274000.0,129516000.0,16.1,36,2021,6,0
1859,0,1,0,0,0,0,1,10,60.0,40.0,40.0,332770.0,6530.0,1.0,1.0,1301.0,0.007,0.006,-0.3353657690100561,0.0393917851958923,0.0149903429204374,1,9.4,76737000.0,76737000.0,3.1,12,2022,5,0
1860,0,0,0,1,1,0,0,9,40.0,20.0,50.0,30180.0,-70.0,0.0,0.0,103.0,0.016,0.009,-0.0670532871843337,0.2159943780800149,0.1095740016659726,2,8.9,44767000.0,44767000.0,3.5,12,2022,5,0
1861,1,0,0,0,1,0,0,30,60.0,30.0,60.0,46780.0,8000.0,1.0,0.0,152.0,0.044,0.038,0.218253374586357,-0.1397191232877494,-0.1332313990453856,1,21.8,103770000.0,51885000.0,2.2,24,2021,4,1
1863,0,0,0,1,0,1,0,32,60.0,30.0,60.0,42730.0,260.0,0.0,0.0,56.0,0.074,0.049,0.1758469406358158,0.3404688229695612,0.3076564999086402,4,32.3,58362000.0,16033000.0,4.0,12,2020,6,0
1864,0,1,0,0,0,1,0,45,70.0,50.0,80.0,0.0,0.0,6.0,8.0,2462.0,0.03,0.04,0.5076337059661116,0.0431183690280381,0.079512368902304,1,34.4,507798000.0,169266000.0,1.9,36,2020,4,0
1866,0,0,1,0,0,1,0,66,60.0,30.0,60.0,185630.0,8230.0,1.0,0.0,333.0,0.018,0.008,0.008732815278483,0.1482038229108706,0.0231799721849608,1,8.3,36286000.0,36286000.0,3.9,12,2022,6,1
1867,0,0,1,0,0,1,0,17,60.0,30.0,60.0,0.0,0.0,4.0,9.0,633.0,0.07,0.176,-0.1671884736234604,0.3925827187641341,0.2033549626206847,2,13.1,180224000.0,122380000.0,23.1,24,2022,1,0
1868,0,0,1,0,0,1,0,43,60.0,40.0,70.0,75410.0,-9340.0,3.0,2.0,474.0,0.077,0.046,0.5303686809688427,-0.4635242772681274,0.0175836085010449,3,36.2,160527000.0,41908000.0,0.7,12,2020,2,0
1870,0,1,0,0,0,1,0,34,50.0,30.0,40.0,460230.0,-12200.0,26.0,33.0,4090.0,0.076,0.097,0.1244076684576912,-0.3217184183938625,-0.0862320517670317,1,17.9,171862000.0,85931000.0,6.0,24,2021,8,0
1873,0,0,1,0,1,0,0,85,60.0,30.0,60.0,0.0,0.0,2.0,1.0,953.0,0.027,0.017,0.0345969179010015,0.3195766222735266,0.1571509378289749,3,25.9,330608000.0,120342000.0,10.1,12,2020,12,0
1880,1,0,0,0,0,1,0,16,50.0,30.0,60.0,0.0,0.0,1.0,1.0,225.0,0.028,0.037,-0.1449315844042746,0.0559751438271231,0.063461839478548,1,21.3,100065000.0,66710000.0,14.8,36,2021,5,0
1882,0,0,0,1,0,0,1,37,70.0,50.0,50.0,46560.0,12040.0,1.0,1.0,106.0,0.077,0.06,0.3259251736784507,0.4690027480785594,0.0247718412297888,2,43.2,119120000.0,27629000.0,6.4,12,2019,7,0
1883,0,1,0,0,1,0,0,40,80.0,40.0,70.0,0.0,0.0,5.0,10.0,8250.0,0.007,0.014,-0.1635682041905046,0.3981024147306944,0.010828566784393,1,4.9,217345000.0,217345000.0,7.6,12,2022,9,0
1885,0,1,0,0,0,1,0,7,60.0,30.0,60.0,0.0,0.0,2.0,2.0,1291.0,0.022,0.019,0.4276826707567369,-0.0115157741296237,0.1346702080562736,1,20.8,229362000.0,152908000.0,15.8,36,2021,5,0
1889,0,0,1,0,0,1,0,32,80.0,40.0,70.0,115640.0,-9820.0,1.0,2.0,885.0,0.013,0.022,0.2977228214874871,0.4515170930620659,0.0391707764385937,2,14.9,104002000.0,43595000.0,10.3,12,2021,11,0
1894,0,1,0,0,0,1,0,23,50.0,20.0,60.0,586520.0,44860.0,1.0,2.0,1006.0,0.012,0.023,-0.1004682704538986,-0.3743032087615767,-0.0159949839299604,3,25.6,246416000.0,106540000.0,11.6,12,2020,12,0
1897,0,0,1,0,1,0,0,8,60.0,30.0,60.0,0.0,0.0,2.0,1.0,916.0,0.021,0.017,-0.1880289399000445,-0.0107132670667134,0.0697162405555403,1,5.8,138426000.0,138426000.0,6.5,12,2022,8,0
1898,0,0,1,0,1,0,0,28,60.0,30.0,60.0,707840.0,81930.0,3.0,2.0,835.0,0.044,0.033,-0.0104088172851668,-0.0819207835575675,0.1048006735414387,1,21.4,578814000.0,385876000.0,14.7,36,2021,5,0
1903,0,1,0,0,0,0,1,11,80.0,60.0,60.0,501740.0,9500.0,1.0,2.0,1121.0,0.014,0.017,-0.0372104257721683,0.476298906733945,0.0652526302090549,1,11.2,51362000.0,51362000.0,1.1,12,2022,3,0
1908,0,0,0,1,0,1,0,17,60.0,30.0,60.0,35320.0,3770.0,0.0,0.0,71.0,0.029,0.032,-0.0294560584927324,0.2652807978822005,0.0713560429757843,1,9.6,25422000.0,25422000.0,3.0,12,2022,4,1
1909,0,1,0,0,0,0,1,8,80.0,50.0,50.0,429550.0,34020.0,5.0,2.0,1364.0,0.047,0.018,-0.1074276923873869,0.0738512198507277,0.0810501108508935,3,12.4,237113000.0,237113000.0,12.0,12,2022,2,0
1915,0,0,1,0,0,1,0,40,40.0,20.0,50.0,0.0,0.0,1.0,1.0,635.0,0.017,0.018,0.3150940126320251,0.4148642562123768,0.1235501417736122,2,33.0,138152000.0,52682000.0,3.2,12,2020,5,1
1917,0,0,0,1,0,0,1,25,30.0,20.0,50.0,8290.0,1400.0,0.0,0.0,109.0,0.015,0.014,0.3013893792275559,-0.272943340731819,-0.0193863617099552,1,2.1,29651000.0,29651000.0,10.2,12,2022,12,0
1918,0,0,1,0,0,1,0,59,60.0,30.0,60.0,0.0,0.0,2.0,5.0,692.0,0.028,0.089,0.2061293045594003,-0.0538275888930339,-0.0811687380656151,1,10.7,160164000.0,160164000.0,25.7,36,2022,3,0
1921,0,0,1,0,0,0,1,22,70.0,30.0,60.0,139690.0,23870.0,2.0,1.0,371.0,0.054,0.032,0.0659176870361229,0.1314330491443567,-0.0205773039377563,1,23.4,104494000.0,52247000.0,0.8,24,2021,3,0
1922,0,0,1,0,1,0,0,36,80.0,40.0,60.0,59450.0,3920.0,1.0,1.0,380.0,0.046,0.039,0.1816407332573011,0.6051107574516199,0.1834234296392536,3,43.8,247781000.0,84668000.0,4.2,12,2019,6,0
1926,0,0,1,0,0,1,0,7,60.0,30.0,60.0,189640.0,-42390.0,3.0,2.0,572.0,0.058,0.046,0.4228220444901948,0.2078452015130009,0.1774070981155434,8,88.8,477978000.0,62757000.0,10.7,12,2015,9,0
1927,0,0,0,1,0,1,0,19,70.0,40.0,60.0,0.0,0.0,0.0,0.0,197.0,0.007,0.006,0.1566859455853135,0.3277939163957908,0.1287361364152365,1,7.0,41521000.0,41521000.0,4.9,12,2022,7,1
1936,0,0,1,0,1,0,0,25,130.0,70.0,80.0,0.0,0.0,3.0,4.0,698.0,0.045,0.066,0.0275636195296859,0.5925266988902602,0.2502817202498719,2,29.6,253454000.0,73918000.0,6.6,24,2020,8,0
1938,0,0,1,0,1,0,0,16,60.0,30.0,60.0,193750.0,-6980.0,1.0,1.0,363.0,0.03,0.027,-0.021008477211296,-0.2090089564949702,-0.128898455041914,3,33.5,213832000.0,80067000.0,4.0,12,2020,4,0
1939,0,1,0,0,0,1,0,15,50.0,20.0,60.0,0.0,0.0,8.0,5.0,3051.0,0.03,0.021,0.2911745445589986,0.5264992854441558,0.1837841409969302,4,61.7,795738000.0,204074000.0,0.1,12,2017,12,1
1940,0,0,1,0,1,0,0,38,50.0,40.0,60.0,0.0,0.0,2.0,3.0,415.0,0.05,0.086,-0.3430625300465906,0.5577548428845909,0.1613685468345253,5,38.3,320948000.0,96264000.0,10.3,12,2019,12,0
1948,0,0,1,0,1,0,0,31,40.0,20.0,50.0,0.0,0.0,1.0,2.0,670.0,0.022,0.029,-0.4473716014570327,0.0294348559933323,0.0989078750381791,1,14.7,96646000.0,0.0,-2.4,12,2021,11,1
1951,0,0,1,0,0,1,0,19,60.0,30.0,60.0,127660.0,14840.0,2.0,1.0,563.0,0.035,0.028,-0.1855299940751286,-0.325834684206254,-0.0446201933843272,1,10.3,88375000.0,88375000.0,1.7,12,2022,4,0
1956,0,1,0,0,0,0,1,6,50.0,20.0,50.0,0.0,0.0,5.0,7.0,2904.0,0.02,0.03,0.2191323227008541,0.1194269584458112,0.2133444684852356,1,1.1,182849000.0,182849000.0,10.9,12,2023,1,0
1960,0,0,1,0,0,1,0,14,60.0,30.0,60.0,0.0,0.0,6.0,2.0,618.0,0.107,0.046,0.0570180790937374,0.0958649013622746,-0.1134077378588865,1,0.6,46114000.0,46114000.0,11.6,12,2023,1,0
1967,0,1,0,0,0,0,1,27,50.0,30.0,40.0,0.0,0.0,4.0,5.0,1238.0,0.037,0.047,-0.1104998950278988,0.7614233496839086,0.1777309435652272,4,43.9,588500000.0,318924000.0,28.5,36,2019,6,0
1970,0,0,1,0,0,0,1,43,90.0,60.0,60.0,0.0,0.0,1.0,1.0,426.0,0.036,0.04,-0.2091705932620895,0.1672587300413824,0.0902149540445425,2,25.1,136431000.0,40465000.0,11.6,12,2021,1,0
1973,0,0,0,1,0,0,1,44,70.0,30.0,70.0,0.0,0.0,1.0,1.0,211.0,0.055,0.052,0.1624801537698164,0.4250887971646016,0.0994754297650303,1,4.6,121496000.0,121496000.0,19.9,24,2022,9,0
1975,0,0,0,1,1,0,0,27,60.0,30.0,60.0,24710.0,200.0,0.0,0.0,192.0,0.011,0.014,-0.2041649082899378,0.0520875408974599,-0.0055439837429981,3,17.5,134597000.0,59411000.0,6.5,12,2021,8,0
1976,0,1,0,0,1,0,0,22,80.0,50.0,50.0,1109980.0,-4730.0,6.0,8.0,2090.0,0.032,0.048,0.1004074767956269,0.1931072001917368,0.2288681603429063,1,1.7,186584000.0,186584000.0,10.7,12,2022,12,0
1982,0,0,0,1,0,1,0,10,40.0,20.0,50.0,79520.0,2540.0,1.0,0.0,251.0,0.037,0.019,0.1375432722347461,0.0327485343103914,0.0277060314082163,3,15.3,57565000.0,36105000.0,10.3,12,2021,11,0
1983,0,0,0,1,1,0,0,25,60.0,30.0,60.0,24130.0,2370.0,0.0,0.0,107.0,0.046,0.045,0.053620864833065,0.4800840715979739,0.1561755304534917,2,15.2,73121000.0,39299000.0,9.0,12,2021,11,0
1984,0,0,1,0,0,1,0,17,40.0,20.0,40.0,235300.0,47200.0,2.0,4.0,463.0,0.058,0.091,0.0007435313501843,0.3792425766851885,0.21672268772275,4,44.0,172186000.0,45770000.0,4.7,12,2019,6,0
1986,0,0,0,1,0,1,0,57,50.0,20.0,40.0,0.0,0.0,1.0,1.0,218.0,0.038,0.043,0.1273024753859831,-0.1951615681594523,-0.1341193903215281,3,42.6,135924000.0,37124000.0,5.6,24,2019,7,1
1988,0,1,0,0,0,0,1,23,40.0,20.0,40.0,0.0,0.0,5.0,5.0,1529.0,0.043,0.043,-0.0248887244500572,0.325712211320234,0.0920349973373445,2,36.1,341374000.0,150826000.0,1.4,12,2020,2,0
1992,0,0,1,0,1,0,0,90,70.0,40.0,60.0,0.0,0.0,1.0,1.0,385.0,0.028,0.018,-0.1263804638562695,-0.3567193449045427,-0.05777678749913,1,1.9,130524000.0,130524000.0,10.7,12,2022,12,0
1994,0,0,1,0,0,1,0,23,60.0,30.0,60.0,275320.0,60570.0,2.0,1.0,457.0,0.048,0.038,0.0961334073307912,0.0859750102042737,0.0956343902409584,1,5.1,36764000.0,36764000.0,6.9,12,2022,9,1
1999,0,1,0,0,1,0,0,20,30.0,20.0,20.0,0.0,0.0,2.0,3.0,1187.0,0.018,0.025,0.3680857901853912,-0.3908072943122885,-0.1397245548223518,1,6.7,149351000.0,149351000.0,5.3,12,2022,7,0
