company_id,employees_ext,avg_salary,entry_salary,industry_salary,company_revenue,operating_profit,monthly_hires,monthly_leavers,hiring_rate,attrition_rate,attrition_growth,hiring_growth,headcount_growth,employees,firm_age,size_class,product,truth_renew_p,last_end,churn_ref
1,392.0,60.0,30.0,9010.0,167980.0,-2620.0,0.0,0.0,0.006,0.003,0.274852052701344,0.0072592271400748,-0.0098797622454715,392,27,MEDIUM,both,0.7617,2023-01-15,1
2,633.0,50.0,30.0,40.0,0.0,0.0,1.0,1.0,0.011,0.014,0.3387378694114137,-0.274907577922909,0.0710815355286379,633,18,MEDIUM,posting,0.6329,2024-03-04,0
3,158.0,30.0,10.0,40.0,0.0,0.0,0.0,0.0,0.006,0.009,-0.0792516861047232,0.3523100923572806,0.0489391661147876,158,49,SMALL,diag,0.3199,2024-03-01,0
6,874.0,80.0,50.0,50.0,0.0,0.0,2.0,2.0,0.026,0.032,-0.2578510615061973,-0.609919364649214,-0.0245432778329764,874,29,MEDIUM,diag,0.429,2019-10-22,1
8,376.0,40.0,30.0,50.0,0.0,0.0,1.0,1.0,0.034,0.023,0.263838327175823,0.1305134300142942,0.0483981418869875,376,28,MEDIUM,diag,0.7491,2026-08-19,0
10,1156.0,70.0,40.0,60.0,0.0,0.0,2.0,2.0,0.023,0.018,-0.1559000363541379,-0.0218402032330945,0.0007597842687271,1156,15,LARGE,diag,0.678,2024-11-26,0
11,847.0,20.0,10.0,30.0,60420.0,-2870.0,2.0,1.0,0.026,0.014,-0.3551231057843785,0.2271629922302917,0.0418332686414611,847,13,MEDIUM,posting,0.7383,2020-08-18,1
13,163.0,60.0,40.0,50.0,0.0,0.0,0.0,0.0,0.027,0.033,0.1017449262851582,0.4439102774038505,0.2865989032641777,163,26,SMALL,diag,0.9008,2024-03-04,0
15,125.0,90.0,50.0,60.0,23570.0,5880.0,0.0,0.0,0.019,0.016,-0.1362055692541721,0.5875852414752136,0.2098185983289764,125,26,SMALL,diag,0.8875,2024-07-30,0
16,309.0,50.0,30.0,50.0,0.0,0.0,2.0,2.0,0.069,0.097,0.0717720825187129,0.2842851997964193,-0.0029489636637892,309,6,MEDIUM,both,0.8671,2025-02-12,0
17,152.0,60.0,30.0,50.0,48340.0,-4200.0,0.0,0.0,0.013,0.007,-0.3173723531040135,-0.163218001976865,-0.0271822831112748,152,17,SMALL,both,0.7788,2024-08-15,0
18,571.0,60.0,30.0,60.0,0.0,0.0,1.0,1.0,0.013,0.012,0.3383260647839438,0.2262592441273655,0.033996126890919,571,17,MEDIUM,diag,0.6369,2019-11-24,1
19,202.0,40.0,20.0,50.0,0.0,0.0,0.0,0.0,0.027,0.025,0.2834449750957412,0.061138603237578,-0.0590163892265986,202,18,SMALL,diag,0.6488,2024-09-03,0
20,203.0,60.0,30.0,60.0,0.0,0.0,1.0,1.0,0.033,0.037,0.2846037575167319,0.1713163403531292,-0.041160963092949,203,27,SMALL,diag,0.5765,2024-12-10,0
21,1627.0,60.0,30.0,60.0,332780.0,10730.0,7.0,9.0,0.05,0.063,-0.0970450771203866,0.1921237622034368,0.0933516856286184,1627,35,LARGE,diag,0.8872,2025-04-03,0
24,449.0,50.0,30.0,50.0,166790.0,6390.0,2.0,4.0,0.049,0.109,0.2228266566011007,-0.0581310238927477,0.1144160193653249,449,10,MEDIUM,diag,0.6904,2024-04-21,0
26,401.0,70.0,50.0,70.0,55240.0,9180.0,1.0,0.0,0.016,0.014,0.1079601621070874,0.2077463317700014,-0.0009750473332187,401,12,MEDIUM,diag,0.674,2024-05-08,0
29,303.0,90.0,60.0,80.0,0.0,0.0,1.0,1.0,0.024,0.031,0.144153298110011,-0.026986856059253,0.0040913900808627,303,17,MEDIUM,diag,0.6776,2024-10-19,0
30,31.0,100.0,50.0,70.0,10620.0,1180.0,0.0,0.0,0.086,0.064,-0.0867886593252691,-0.3841950283255189,0.0936147986825617,31,67,SMALL,posting,0.6283,2024-02-02,0
31,553.0,60.0,30.0,60.0,441250.0,33310.0,1.0,3.0,0.02,0.065,0.26290193185589,0.5672267310342509,0.0675903672888356,553,10,MEDIUM,both,0.7693,2022-09-13,1
32,464.0,50.0,30.0,40.0,0.0,0.0,1.0,1.0,0.035,0.037,0.1349721224645627,-0.1044079353078065,-0.0188409420719103,464,57,MEDIUM,diag,0.6358,2024-03-13,0
33,83.0,50.0,30.0,50.0,0.0,0.0,0.0,0.0,0.042,0.059,-0.0681448955140608,0.0672052720799311,0.1495045456654591,83,23,SMALL,posting,0.635,2022-03-14,1
34,2461.0,60.0,30.0,70.0,455800.0,16260.0,15.0,11.0,0.075,0.055,0.3388327982279022,0.3501776973073287,0.1861903385716171,2461,9,LARGE,diag,0.9422,2021-09-12,1
38,309.0,100.0,50.0,60.0,45420.0,370.0,0.0,1.0,0.013,0.032,0.1608143187426737,0.2105431037523645,0.0875959666099936,309,29,ETC,diag,0.6904,2021-02-15,1
39,435.0,60.0,30.0,60.0,0.0,0.0,2.0,1.0,0.058,0.039,0.2949925147011479,0.1053260866576693,-0.0025713394712879,435,1,MEDIUM,diag,0.7936,2025-09-17,0
42,123.0,60.0,30.0,60.0,14990.0,810.0,0.0,1.0,0.046,0.112,0.0277723987681409,0.223518879855334,0.0366846395932627,123,31,SMALL,both,0.6088,2023-02-12,1
46,1401.0,30.0,20.0,60.0,0.0,0.0,8.0,3.0,0.072,0.022,0.1974523926441301,0.0333467599114605,0.006815562465913,1401,26,LARGE,diag,0.6867,2025-02-06,0
48,504.0,60.0,30.0,60.0,0.0,0.0,3.0,7.0,0.08,0.157,-0.0003839718948615,-0.1573055850984167,-0.0775941185626733,504,6,MEDIUM,diag,0.2655,2020-12-07,1
50,160.0,50.0,30.0,40.0,0.0,0.0,1.0,1.0,0.066,0.09,0.2604080170714036,-0.0939335567513518,0.0533862355137432,160,52,SMALL,diag,0.4751,2021-12-07,1
51,167.0,60.0,30.0,60.0,92320.0,-8390.0,0.0,0.0,0.017,0.026,-0.2509595882870075,-0.095551501540798,-0.0340645533069013,167,24,SMALL,diag,0.408,2019-02-21,1
52,607.0,60.0,30.0,60.0,60570.0,-1270.0,1.0,1.0,0.017,0.015,-0.0888553388425698,-0.3479007632789712,0.1071734767732342,607,23,MEDIUM,diag,0.8125,2023-07-10,1
53,152.0,40.0,20.0,50.0,0.0,0.0,0.0,0.0,0.03,0.017,-0.3767696257209416,-0.0579397567987536,-0.0500569555009513,152,36,SMALL,both,0.6588,2024-11-11,0
57,869.0,50.0,30.0,50.0,0.0,0.0,3.0,4.0,0.038,0.052,0.2457029359974533,-0.1424432824329285,-0.0047252015180445,869,23,MEDIUM,posting,0.7104,2024-11-12,0
58,73.0,60.0,30.0,50.0,0.0,0.0,0.0,0.0,0.041,0.063,0.0572540725695554,0.0708991393914951,-0.0553734536027571,73,41,SMALL,posting,0.1947,2021-11-07,1
60,323.0,30.0,20.0,40.0,0.0,0.0,1.0,1.0,0.031,0.029,-0.234004930087834,-0.7883352729920079,-0.1980964751205184,323,55,MEDIUM,posting,0.1205,2020-09-11,1
61,1208.0,80.0,40.0,70.0,0.0,0.0,2.0,3.0,0.022,0.026,0.0154542662416958,0.0141438588688428,0.0469776378415056,1208,34,LARGE,diag,0.672,2025-01-25,0
62,88.0,70.0,40.0,60.0,0.0,0.0,0.0,0.0,0.017,0.018,-0.052857949805527,0.5525943317426012,0.1980400805524583,88,1,SMALL,both,0.8922,2024-11-30,0
63,165.0,40.0,20.0,60.0,0.0,0.0,1.0,1.0,0.076,0.086,0.1192138087724621,0.0018910108617242,0.0394206782467522,165,15,SMALL,diag,0.5072,2021-09-15,1
64,269.0,60.0,30.0,60.0,0.0,0.0,1.0,2.0,0.051,0.089,-0.0162190180883623,0.0616537431582869,0.0041369571308261,269,27,SMALL,both,0.6639,2019-12-18,1
65,366.0,60.0,30.0,60.0,268130.0,27110.0,3.0,10.0,0.11,0.331,0.0091950930838639,0.007040624378679,0.1033795704884311,366,41,MEDIUM,diag,0.6785,2024-09-01,0
66,780.0,60.0,30.0,60.0,76220.0,7610.0,1.0,1.0,0.02,0.014,0.2531126490910712,-0.0427633620607643,-0.0317849236099807,780,9,MEDIUM,diag,0.5581,2023-07-04,1
67,422.0,60.0,40.0,60.0,83050.0,1300.0,2.0,2.0,0.065,0.06,0.1941615666956546,0.2963046173414951,0.1084321978096591,422,24,MEDIUM,diag,0.6119,2025-06-20,0
68,308.0,60.0,30.0,60.0,0.0,0.0,0.0,0.0,0.011,0.014,0.1865561733864025,0.2771190632912838,0.2222464213262375,308,35,MEDIUM,posting,0.8298,2024-02-14,0
69,930.0,70.0,50.0,70.0,65820.0,9360.0,1.0,1.0,0.013,0.012,0.006013031927987,0.08720917703457,-0.1530152433834435,930,3,MEDIUM,diag,0.7005,2024-05-20,0
70,3009.0,70.0,50.0,50.0,0.0,0.0,4.0,2.0,0.015,0.008,0.1678490905569559,-0.1074154880129279,0.0013090718877019,3009,55,LARGE,diag,0.6166,2026-09-19,0
72,298.0,60.0,30.0,60.0,73150.0,4190.0,1.0,0.0,0.03,0.015,0.3489048359742941,-0.3316523122736874,0.0410474060836438,298,5,SMALL,posting,0.7654,2025-09-09,0
74,330.0,90.0,60.0,70.0,0.0,0.0,2.0,1.0,0.058,0.046,-0.2585286859744018,-0.0395919970567599,0.1216245082208999,330,59,MEDIUM,diag,0.7418,2024-03-11,0
75,1454.0,70.0,30.0,40.0,0.0,0.0,4.0,5.0,0.037,0.039,0.4564640281593397,-0.6608794860635918,-0.1953301740537779,1454,17,LARGE,both,0.448,2025-12-28,0
78,782.0,50.0,30.0,50.0,210010.0,-8150.0,0.0,0.0,0.005,0.003,0.2925823319416595,0.3583043750570982,0.0610181897247475,782,59,MEDIUM,posting,0.511,2025-01-01,0
80,178.0,60.0,30.0,60.0,0.0,0.0,1.0,1.0,0.052,0.042,-0.2409789123277187,0.2499311386995652,0.1314631621588547,178,38,SMALL,diag,0.7392,2026-09-18,0
81,4050.0,60.0,30.0,60.0,0.0,0.0,12.0,7.0,0.034,0.022,0.4753489385554025,-0.0646157152508468,0.1136312225442432,4050,26,LARGE,diag,0.8998,2025-02-25,0
83,445.0,70.0,40.0,60.0,0.0,0.0,1.0,0.0,0.022,0.013,0.2160081147388665,0.382982706579937,0.0550206714721911,445,26,MEDIUM,diag,0.683,2021-12-21,1
85,292.0,40.0,20.0,40.0,61890.0,-280.0,1.0,1.0,0.035,0.036,0.1227196652650554,-0.7106231896033819,-0.2041737273654168,292,35,SMALL,posting,0.1954,2025-08-31,0
86,257.0,80.0,50.0,70.0,0.0,0.0,2.0,2.0,0.071,0.111,0.105256473388181,0.0128531286532642,-0.0147441968571293,257,9,SMALL,diag,0.7032,2024-09-22,0
90,469.0,50.0,20.0,60.0,167560.0,6970.0,0.0,0.0,0.004,0.004,0.139505086588559,-0.3957531747010885,0.1285983838813322,469,13,MEDIUM,diag,0.8569,2024-03-02,0
91,1650.0,80.0,60.0,60.0,416970.0,-26710.0,5.0,4.0,0.036,0.032,-0.1994143354327209,0.005961036109007,0.0563378359613257,1650,48,LARGE,both,0.907,2026-10-03,0
95,483.0,70.0,30.0,60.0,32660.0,2310.0,1.0,0.0,0.015,0.012,-0.0543141869575533,-0.2627964542723131,-0.1703646267475035,483,31,MEDIUM,posting,0.2469,2019-08-09,1
99,169.0,50.0,40.0,60.0,0.0,0.0,0.0,0.0,0.008,0.009,0.043281378178083,-0.0360194662558957,0.0069737030336011,169,26,SMALL,both,0.5316,2024-04-27,0
100,714.0,30.0,20.0,40.0,0.0,0.0,1.0,2.0,0.013,0.031,0.0821721672458533,0.4814924711719573,-0.0459083992220463,714,23,MEDIUM,both,0.4306,2018-12-24,1
101,224.0,60.0,30.0,60.0,202500.0,37000.0,1.0,0.0,0.056,0.025,-0.087095583626042,0.5182331232013415,0.0762456950700624,224,3,SMALL,diag,0.7388,2024-03-21,0
103,954.0,50.0,30.0,60.0,0.0,0.0,8.0,15.0,0.103,0.188,-0.0743443737080031,-0.0928864101883156,0.0648776437458664,954,21,MEDIUM,posting,0.818,2022-12-23,1
105,180.0,60.0,30.0,60.0,40180.0,3300.0,1.0,1.0,0.075,0.08,-0.2621399307236799,0.0022153579218348,0.1070633344806388,180,25,SMALL,diag,0.6813,2021-11-25,1
107,1224.0,60.0,30.0,60.0,0.0,0.0,4.0,3.0,0.04,0.029,-0.3521824207927329,-0.1478823752675922,-0.1676455449524629,1224,28,LARGE,diag,0.4067,2023-08-08,1
109,251.0,70.0,30.0,60.0,0.0,0.0,1.0,0.0,0.026,0.017,0.0557731914179329,-0.6863397138752414,-0.0422678688153527,251,15,SMALL,both,0.6788,2023-12-05,0
110,2175.0,60.0,30.0,50.0,0.0,0.0,10.0,8.0,0.055,0.043,0.0821533361671079,0.1640124356700293,0.0229753480095885,2175,31,LARGE,diag,0.6817,2021-12-11,1
111,368.0,50.0,20.0,50.0,0.0,0.0,0.0,0.0,0.014,0.005,0.0566518866200625,0.2346546075411946,0.0581031025172639,368,70,MEDIUM,both,0.7291,2024-12-26,0
114,312.0,70.0,40.0,60.0,41900.0,-520.0,0.0,0.0,0.009,0.009,-0.1349826314583156,0.3321224623815785,-0.0358846479661079,312,4,MEDIUM,diag,0.5108,2021-09-04,1
117,830.0,30.0,20.0,50.0,0.0,0.0,1.0,1.0,0.016,0.011,-0.273851685423131,0.0830760382445649,-0.0110763997012826,830,28,MEDIUM,both,0.8779,2024-03-20,0
120,126.0,60.0,30.0,60.0,0.0,0.0,0.0,0.0,0.04,0.022,0.0592934823772439,0.1864947954034792,0.2017769012210035,126,29,SMALL,both,0.9625,2025-08-06,0
121,283.0,60.0,30.0,60.0,44090.0,1110.0,1.0,0.0,0.025,0.012,0.4539441475283065,0.371071493871472,0.2043117705834305,283,23,SMALL,posting,0.8762,2023-05-18,1
123,79.0,70.0,40.0,70.0,0.0,0.0,0.0,0.0,0.064,0.035,0.0048226363549101,0.2888668457234792,0.0614112774825742,79,8,SMALL,both,0.8164,2024-11-23,0
124,114.0,70.0,50.0,60.0,50420.0,6750.0,0.0,1.0,0.037,0.06,0.0987848247206795,-0.022373861932198,-0.0718448817079653,114,18,SMALL,both,0.4915,2023-08-08,1
125,271.0,60.0,30.0,60.0,0.0,0.0,2.0,1.0,0.1,0.066,0.1379990632444541,0.0758880468284576,0.0224478682860697,271,39,SMALL,diag,0.4777,2024-04-30,0
126,129.0,50.0,30.0,60.0,16310.0,-1100.0,0.0,1.0,0.037,0.071,-0.1102542911805844,-0.1713247425886372,-0.0622498698818749,129,43,SMALL,diag,0.2562,2023-11-15,1
127,813.0,100.0,60.0,60.0,0.0,0.0,3.0,5.0,0.044,0.076,-0.0941836936573991,-0.7428739299233188,-0.1122065696407954,813,74,MEDIUM,both,0.5546,2021-08-31,1
129,427.0,60.0,30.0,60.0,0.0,0.0,2.0,1.0,0.052,0.032,0.4643081136993864,0.0216305618924226,-0.0093587979020973,427,7,MEDIUM,both,0.8235,2021-10-25,1
130,142.0,30.0,20.0,40.0,0.0,0.0,0.0,0.0,0.016,0.018,-0.0511107776202074,-0.0246037088728651,-0.0811010075516814,142,16,SMALL,diag,0.1994,2026-01-25,0
131,452.0,60.0,30.0,60.0,0.0,0.0,2.0,3.0,0.063,0.091,-0.5552412359442461,-0.0500166638342912,0.0403679400021546,452,53,MEDIUM,posting,0.5505,2024-09-13,0
132,2382.0,50.0,30.0,50.0,0.0,0.0,9.0,10.0,0.047,0.049,0.0761545652715437,-0.1034075306136834,-0.0104907398337194,2382,45,LARGE,diag,0.5255,2024-02-24,0
135,679.0,40.0,20.0,50.0,531360.0,72750.0,2.0,1.0,0.033,0.021,0.214139462792586,-0.0486847616571543,0.0942905184476566,679,13,MEDIUM,diag,0.7769,2024-04-18,0
138,664.0,40.0,20.0,30.0,0.0,0.0,2.0,3.0,0.035,0.047,-0.2293952087390291,0.1386826746156024,-0.0407799521919634,664,13,MEDIUM,posting,0.5899,2025-11-17,0
139,233.0,60.0,40.0,50.0,0.0,0.0,0.0,0.0,0.023,0.017,-0.1582445194565339,0.0509860400288977,0.0280811229841896,233,55,SMALL,both,0.62,2020-06-30,1
141,312.0,60.0,30.0,60.0,120680.0,4890.0,1.0,2.0,0.042,0.07,0.2768412206986005,0.7044165684068302,0.1997703693242389,312,33,MEDIUM,both,0.768,2024-03-25,0
142,117.0,60.0,30.0,70.0,0.0,0.0,0.0,0.0,0.034,0.016,-0.1478863925145161,0.4380179320166568,0.1221084081132631,117,7,ETC,both,0.9366,2024-10-13,0
144,798.0,80.0,30.0,50.0,55880.0,3850.0,1.0,3.0,0.021,0.042,0.1668287573047878,-0.0597640579327458,-0.0493578562141027,798,7,MEDIUM,diag,0.5266,2021-06-06,1
145,1924.0,50.0,30.0,50.0,2668170.0,163320.0,3.0,4.0,0.02,0.028,-0.4399431459756148,-0.1323611414507408,0.0361515906384484,1924,43,LARGE,both,0.6996,2024-11-25,0
149,162.0,60.0,40.0,70.0,0.0,0.0,0.0,1.0,0.022,0.043,-0.0712179591159388,0.2652530948435338,-0.0183230613786427,162,22,SMALL,diag,0.2564,2019-08-03,1
150,158.0,50.0,20.0,50.0,244990.0,-40.0,1.0,1.0,0.056,0.061,-0.2090542255204918,-0.5449535471838618,-0.0527096425929412,158,58,ETC,posting,0.3153,2024-06-07,0
152,251.0,60.0,30.0,60.0,0.0,0.0,0.0,0.0,0.007,0.005,0.3485174988802918,0.273399284651917,0.0894464643042586,251,16,SMALL,both,0.9135,2024-11-30,0
155,155.0,30.0,20.0,40.0,0.0,0.0,0.0,0.0,0.021,0.005,-0.1645120469342942,-0.276819163591474,-0.1089947902421054,155,43,SMALL,diag,0.4257,2019-12-09,1
156,1310.0,30.0,20.0,60.0,0.0,0.0,4.0,8.0,0.037,0.069,0.1962213770296176,0.4353999785021536,0.0272308075953645,1310,35,LARGE,posting,0.4664,2022-02-20,1
157,349.0,60.0,40.0,50.0,105350.0,10040.0,1.0,1.0,0.044,0.022,0.2956886255961307,-0.4043881583841403,-0.0623033619475405,349,30,ETC,diag,0.4635,2022-02-10,1
160,7610.0,120.0,80.0,70.0,2958780.0,131020.0,17.0,9.0,0.026,0.014,-0.2440808750950627,-0.7977997967219923,-0.090797867309146,7610,30,LARGE,both,0.8983,2024-04-19,0
162,75.0,60.0,40.0,50.0,0.0,0.0,0.0,0.0,0.022,0.017,-0.3744954276986714,-0.1404495313716578,0.0214980604345779,75,60,SMALL,diag,0.3239,2021-11-13,1
163,85.0,50.0,20.0,50.0,0.0,0.0,0.0,0.0,0.017,0.024,-0.1232950549085637,0.7713609760209859,0.1317695165747906,85,12,SMALL,posting,0.4513,2023-04-28,1
164,771.0,60.0,30.0,60.0,366230.0,31010.0,2.0,4.0,0.026,0.056,-0.0138905498080469,0.0177251407620936,0.1768230237976352,771,43,MEDIUM,diag,0.6754,2025-06-06,0
165,748.0,40.0,20.0,50.0,141380.0,4660.0,10.0,3.0,0.166,0.053,0.0459014535087277,0.3265997303966761,-0.0389302483061049,748,57,MEDIUM,both,0.8163,2025-03-10,0
166,676.0,60.0,30.0,60.0,0.0,0.0,0.0,0.0,0.005,0.007,0.5527190779135065,-0.1904848034907175,-0.0667330273430042,676,5,MEDIUM,diag,0.3601,2022-05-05,1
168,80.0,100.0,60.0,80.0,0.0,0.0,0.0,0.0,0.041,0.051,-0.0209463783484927,-0.3865457360520224,-0.0787360304096656,80,22,SMALL,both,0.5762,2023-09-03,1
174,3800.0,60.0,30.0,60.0,486180.0,104520.0,26.0,21.0,0.081,0.067,-0.231115771313288,-0.5120881636676007,-0.1338316696782577,3800,1,LARGE,posting,0.7321,2024-02-07,0
175,1125.0,100.0,70.0,80.0,0.0,0.0,2.0,4.0,0.02,0.038,0.1373521956129691,-0.0580764592499518,0.0051366076170371,1125,39,LARGE,diag,0.6087,2024-09-21,0
177,622.0,50.0,30.0,60.0,0.0,0.0,2.0,1.0,0.04,0.025,-0.0167624295003857,-0.1262516636201338,0.0384684171922224,622,24,MEDIUM,both,0.8119,2019-03-20,1
178,517.0,60.0,30.0,50.0,33450.0,760.0,3.0,2.0,0.072,0.055,0.0528456206797739,0.0984294280360554,-0.0464493787300216,517,30,MEDIUM,diag,0.6982,2022-02-16,1
184,481.0,60.0,30.0,60.0,0.0,0.0,2.0,3.0,0.053,0.071,0.1682043086955401,-0.0628007202509272,-0.0238525854985741,481,4,MEDIUM,both,0.6418,2023-09-13,1
185,413.0,60.0,30.0,60.0,0.0,0.0,1.0,1.0,0.015,0.015,-0.0953605996432744,0.5019965177652402,0.1971616974464934,413,51,MEDIUM,diag,0.8664,2025-11-11,0
186,423.0,40.0,20.0,40.0,0.0,0.0,0.0,0.0,0.008,0.013,-0.1444520848295717,0.1923181638335478,0.0010284236497367,423,13,MEDIUM,posting,0.5541,2021-07-13,1
187,842.0,60.0,40.0,60.0,0.0,0.0,5.0,5.0,0.074,0.072,-0.0151193937197247,0.5108059347500679,0.0012908362450076,842,6,MEDIUM,both,0.8279,2024-05-16,0
188,695.0,50.0,30.0,60.0,366560.0,2270.0,5.0,5.0,0.094,0.088,-0.2782727757139526,0.0958233234701985,0.0094719516271167,695,15,MEDIUM,diag,0.5915,2022-05-02,1
192,1653.0,50.0,30.0,70.0,240500.0,-29190.0,10.0,14.0,0.076,0.099,0.2497105506770664,-0.5411988500662844,-0.1065123204182654,1653,36,LARGE,diag,0.366,2025-07-25,0
194,220.0,50.0,20.0,60.0,0.0,0.0,0.0,0.0,0.022,0.024,0.2221810971646241,-0.2890398784950692,-0.0288391839836224,220,5,SMALL,diag,0.2563,2023-01-21,1
195,735.0,60.0,40.0,60.0,185280.0,-1270.0,0.0,1.0,0.006,0.009,-0.1554445442249812,-0.1687274080160498,0.0527857501512647,735,21,MEDIUM,diag,0.5787,2024-03-17,0
196,632.0,50.0,30.0,50.0,148120.0,9970.0,2.0,3.0,0.042,0.052,0.1473441512627643,0.1671450700983779,0.0596469009546716,632,20,MEDIUM,diag,0.7861,2024-04-27,0
198,323.0,60.0,30.0,60.0,0.0,0.0,1.0,0.0,0.03,0.01,-0.199154651213919,0.2690105769059455,0.1567444016930923,323,12,MEDIUM,diag,0.8265,2023-07-21,1
200,181.0,40.0,20.0,30.0,32410.0,1190.0,0.0,0.0,0.002,0.003,-0.0740945399965562,-0.1413330450235631,-0.0096957503808513,181,10,SMALL,diag,0.2191,2026-11-17,0
202,1991.0,60.0,30.0,60.0,850450.0,-43570.0,6.0,4.0,0.034,0.024,-0.2035268554712748,0.1320050644340489,-0.0586569880565281,1991,24,LARGE,posting,0.5462,2022-06-04,1
204,203.0,30.0,20.0,60.0,12850.0,600.0,0.0,0.0,0.02,0.012,0.0310540846079638,0.4965686269935568,0.040322010645379,203,13,SMALL,diag,0.3772,2024-05-13,0
205,636.0,40.0,30.0,40.0,0.0,0.0,4.0,3.0,0.074,0.05,0.3752806495462902,-0.1149162877749496,0.0433290474216211,636,15,MEDIUM,both,0.927,2027-02-19,0
206,625.0,60.0,30.0,60.0,0.0,0.0,3.0,4.0,0.06,0.068,-0.1559925041444569,-0.0454673345795726,-0.0084727807364934,625,28,MEDIUM,diag,0.6375,2024-10-31,0
207,765.0,70.0,50.0,60.0,0.0,0.0,1.0,1.0,0.008,0.008,-0.1278369287740656,0.5265313670438165,-0.010460566272959,765,57,MEDIUM,diag,0.3651,2026-12-13,0
208,101.0,60.0,30.0,60.0,23420.0,-600.0,0.0,0.0,0.019,0.013,0.2241201871357335,0.0203707635680896,-0.0287674912609033,101,20,ETC,diag,0.4895,2024-03-10,0
209,260.0,90.0,60.0,70.0,60360.0,3600.0,0.0,0.0,0.015,0.008,-0.0285412286869894,-0.399526423727822,0.0679456087679169,260,45,SMALL,diag,0.4669,2023-01-04,1
210,180.0,60.0,30.0,60.0,5650.0,460.0,0.0,0.0,0.019,0.03,-0.2476653796754716,0.2006269892584021,0.0734871267525814,180,22,SMALL,both,0.7633,2024-08-26,0
211,1268.0,90.0,50.0,70.0,0.0,0.0,1.0,1.0,0.01,0.005,0.1440793516806287,0.0262561312775411,0.0368164587297855,1268,17,LARGE,diag,0.7234,2022-09-16,1
213,306.0,40.0,30.0,50.0,0.0,0.0,1.0,1.0,0.031,0.025,0.0293481401545466,0.18165259895243,0.1015171178815314,306,34,MEDIUM,diag,0.6508,2024-07-19,0
214,370.0,60.0,30.0,60.0,0.0,0.0,2.0,2.0,0.06,0.068,-0.0968712609872242,-0.2138037834444509,0.1398741965435856,370,8,MEDIUM,diag,0.7483,2024-04-12,0
215,71.0,60.0,30.0,60.0,0.0,0.0,0.0,0.0,0.06,0.043,0.3837335350230066,0.0228332268633769,0.1643042661278421,71,27,ETC,posting,0.7574,2026-10-08,0
216,530.0,50.0,30.0,60.0,44970.0,2580.0,1.0,1.0,0.022,0.032,0.3566391538329791,-0.2516915208920014,0.0817733588373798,530,5,MEDIUM,both,0.9258,2025-12-12,0
220,1121.0,60.0,30.0,60.0,268270.0,-4030.0,4.0,3.0,0.04,0.029,-0.0371743401839822,0.0978965709105636,0.0807196065441577,1121,13,LARGE,both,0.862,2024-03-14,0
221,313.0,20.0,20.0,30.0,266140.0,26520.0,0.0,0.0,0.01,0.005,0.0577448920837176,0.6458093166292177,0.1984178735902649,313,57,MEDIUM,both,0.9024,2025-03-25,0
222,2509.0,40.0,30.0,50.0,0.0,0.0,9.0,14.0,0.044,0.065,0.0701368196744597,-0.5589305306562969,-0.20538178058889,2509,49,LARGE,both,0.6352,2021-08-08,1
224,1357.0,40.0,20.0,30.0,0.0,0.0,2.0,1.0,0.019,0.012,0.2675502339450119,-0.1060294158058182,-0.0708488690575782,1357,15,LARGE,both,0.781,2026-06-22,0
225,773.0,120.0,70.0,60.0,308570.0,780.0,4.0,4.0,0.061,0.055,0.3623870963684795,0.0126479918681173,0.0834327054587345,773,16,MEDIUM,diag,0.7472,2024-08-20,0
226,414.0,100.0,50.0,80.0,0.0,0.0,1.0,2.0,0.04,0.046,-0.2176186053028145,-0.3877003904940504,-0.0523781829137976,414,34,MEDIUM,both,0.561,2024-05-06,0
227,3401.0,50.0,20.0,60.0,0.0,0.0,14.0,9.0,0.048,0.031,-0.0081833490565635,0.2034271271907991,-0.093978656313075,3401,58,LARGE,posting,0.6655,2021-01-21,1
229,379.0,60.0,40.0,50.0,15120.0,-460.0,1.0,1.0,0.042,0.039,0.1738736842384633,0.3877746447362846,0.2083513784609171,379,32,MEDIUM,posting,0.8032,2018-09-01,1
230,1183.0,80.0,40.0,60.0,0.0,0.0,2.0,2.0,0.024,0.024,-0.1400559527246049,-0.3485836696153745,-0.0490173570462607,1183,7,LARGE,posting,0.7471,2026-09-26,0
233,612.0,40.0,20.0,30.0,53650.0,1710.0,1.0,1.0,0.021,0.014,0.1186458287419239,0.2229692632233241,0.0160944138044327,612,27,MEDIUM,posting,0.7083,2024-12-02,0
235,206.0,60.0,30.0,60.0,20650.0,-840.0,0.0,0.0,0.009,0.007,-0.0810648684925473,0.0164944417542628,0.1051805654343225,206,32,SMALL,posting,0.4302,2022-12-07,1
236,145.0,80.0,50.0,60.0,0.0,0.0,1.0,1.0,0.103,0.045,-0.0946673200572382,0.4522491713849226,0.1957102252938568,145,14,SMALL,diag,0.8022,2024-04-10,0
237,957.0,120.0,60.0,70.0,61960.0,4200.0,2.0,3.0,0.031,0.042,-0.0840025120917695,0.3350466669251479,0.128197702554767,957,45,MEDIUM,both,0.8239,2022-05-01,1
239,4778.0,80.0,40.0,80.0,788570.0,64120.0,3.0,3.0,0.006,0.007,0.4066303423235408,0.1897168119566726,0.043628339012764,4778,68,LARGE,posting,0.5636,2022-06-25,1
240,762.0,60.0,30.0,60.0,272020.0,-2140.0,1.0,1.0,0.017,0.02,-0.1589961784607513,0.3520052493768668,-0.0582656464738477,762,40,MEDIUM,diag,0.4848,2020-01-03,1
244,221.0,60.0,30.0,60.0,33240.0,-1210.0,1.0,2.0,0.08,0.122,-0.3604600992115946,0.5771954967039596,0.1076880466849377,221,49,SMALL,diag,0.6497,2022-03-14,1
245,350.0,60.0,30.0,60.0,96340.0,9670.0,1.0,1.0,0.039,0.035,0.1740895264516977,0.228449749915853,0.1713591200607571,350,24,MEDIUM,diag,0.8693,2024-01-04,0
246,90.0,60.0,30.0,60.0,19870.0,4040.0,0.0,0.0,0.02,0.019,0.3686325469736212,0.0311458709219142,0.1382891202686026,90,45,SMALL,both,0.8344,2024-05-10,0
247,172.0,50.0,30.0,60.0,0.0,0.0,0.0,0.0,0.018,0.024,-0.1307215064756796,-0.2540391381766373,-0.0195789581444636,172,18,SMALL,posting,0.4824,2026-09-05,0
248,143.0,50.0,20.0,60.0,0.0,0.0,0.0,0.0,0.006,0.005,0.122654337566196,0.0018240421697293,0.0010689979283432,143,53,SMALL,posting,0.3041,2023-01-19,1
249,350.0,50.0,30.0,50.0,0.0,0.0,1.0,1.0,0.03,0.045,0.2332402782139662,0.4422857746023134,0.1058382398615033,350,19,MEDIUM,diag,0.5745,2026-03-02,0
250,277.0,50.0,30.0,50.0,46400.0,3130.0,0.0,0.0,0.006,0.01,-0.0537834251551932,0.3702210664256355,0.0013171961497004,277,6,SMALL,diag,0.6192,2020-01-25,1
252,1960.0,60.0,30.0,60.0,1746470.0,67460.0,2.0,1.0,0.01,0.009,0.7374569067382496,-0.2804589324978258,-0.072687999753584,1960,21,LARGE,diag,0.6095,2024-04-25,0
254,483.0,40.0,30.0,60.0,0.0,0.0,2.0,2.0,0.04,0.045,0.2313833190701466,-0.3468609671538748,-0.0267149346639891,483,8,MEDIUM,diag,0.5998,2024-12-14,0
255,1003.0,60.0,30.0,60.0,341020.0,-22210.0,1.0,1.0,0.009,0.017,0.0363978305475098,-0.5401561289536516,-0.0293770627328257,1003,22,LARGE,diag,0.6448,2024-11-05,0
256,2327.0,50.0,30.0,70.0,455880.0,-650.0,2.0,3.0,0.011,0.014,-0.1283813857408256,0.4316241489662175,0.0635921972819408,2327,34,LARGE,posting,0.6634,2024-05-23,0
257,1397.0,50.0,20.0,50.0,0.0,0.0,5.0,5.0,0.043,0.046,0.0849710337117252,0.582726764511222,0.1959474277720112,1397,19,LARGE,both,0.9459,2024-11-04,0
259,536.0,60.0,30.0,60.0,130170.0,8150.0,1.0,1.0,0.014,0.031,0.0897972056193529,0.24814494470668,0.1268977638684133,536,36,MEDIUM,diag,0.6936,2019-12-19,1
260,703.0,50.0,30.0,30.0,0.0,0.0,4.0,5.0,0.065,0.088,0.2213800797639704,0.2976464263086399,0.021310457189699,703,33,MEDIUM,posting,0.4508,2023-08-19,1
261,866.0,60.0,40.0,40.0,226750.0,17190.0,3.0,2.0,0.048,0.03,0.3002599760685822,0.2376356224086945,0.0330197397347212,866,8,MEDIUM,both,0.898,2024-10-24,0
262,257.0,60.0,30.0,50.0,0.0,0.0,0.0,1.0,0.02,0.061,-0.1001919395576143,0.0192878821362156,0.066352919185383,257,9,SMALL,both,0.804,2022-07-20,1
263,325.0,40.0,20.0,50.0,0.0,0.0,1.0,1.0,0.033,0.031,0.2307980514419778,0.0932964968941173,-0.0149388288894667,325,38,MEDIUM,diag,0.4822,2024-02-15,0
265,200.0,60.0,30.0,40.0,0.0,0.0,0.0,0.0,0.02,0.006,0.0614520886851672,-0.5555048112638186,-0.0254105491436976,200,30,SMALL,both,0.8174,2025-01-04,0
266,83.0,60.0,40.0,40.0,75680.0,5590.0,1.0,1.0,0.137,0.142,-0.2277251767214874,0.3257269027392982,0.0562875099531939,83,4,SMALL,diag,0.6564,2016-09-09,1
268,169.0,60.0,30.0,60.0,0.0,0.0,0.0,0.0,0.002,0.002,-0.3406841794366571,-0.3683857427429374,-0.0743802424817249,169,29,SMALL,diag,0.2458,2021-11-04,1
270,415.0,50.0,30.0,40.0,66060.0,-8600.0,1.0,1.0,0.039,0.023,-0.1480409655358069,-0.4700039086622347,-0.1034266483856309,415,30,MEDIUM,diag,0.6229,2020-05-04,1
273,454.0,60.0,30.0,60.0,247890.0,12910.0,2.0,2.0,0.054,0.046,0.1962562500917163,0.3872749031538319,0.0163358370366338,454,23,MEDIUM,diag,0.8295,2024-10-31,0
274,151.0,60.0,40.0,60.0,0.0,0.0,1.0,0.0,0.04,0.036,0.3819266037318886,-0.1545483943477667,0.0861407603101463,151,22,SMALL,both,0.8663,2025-07-18,0
275,526.0,40.0,20.0,40.0,197260.0,1430.0,1.0,1.0,0.023,0.025,0.3094878844419872,-0.4941188545281129,-0.0942838655931577,526,45,MEDIUM,both,0.6715,2021-07-22,1
276,291.0,60.0,30.0,80.0,25880.0,2890.0,3.0,2.0,0.111,0.085,0.0463797852092963,-0.2724553752949363,0.1154063567406956,291,70,SMALL,both,0.7504,2023-01-19,1
277,381.0,60.0,40.0,60.0,76490.0,9360.0,1.0,1.0,0.027,0.02,-0.1601785966106407,0.4512676970796324,0.066206059600117,381,36,MEDIUM,diag,0.7178,2024-06-11,0
282,1376.0,70.0,30.0,50.0,171390.0,9250.0,6.0,12.0,0.051,0.102,0.3412122682955416,0.2817620819168019,0.1293542833159786,1376,58,LARGE,posting,0.7247,2024-09-12,0
283,182.0,70.0,40.0,70.0,22900.0,2390.0,0.0,0.0,0.024,0.005,0.5942844360361951,0.3136864147385386,0.0598249922418677,182,38,SMALL,both,0.9192,2024-05-22,0
284,2946.0,60.0,30.0,60.0,777900.0,109820.0,6.0,6.0,0.026,0.024,0.0428056476902583,0.1689663836210129,-0.0413756546158681,2946,3,LARGE,posting,0.5775,2019-02-02,1
286,271.0,60.0,30.0,60.0,240190.0,7770.0,1.0,0.0,0.032,0.021,0.0496622164295253,0.2426531571608873,0.0405651167059758,271,4,SMALL,posting,0.4799,2024-07-13,0
287,155.0,60.0,30.0,60.0,75350.0,6920.0,1.0,1.0,0.074,0.102,-0.1166055092695846,0.6841309853522122,0.1668591996445279,155,20,SMALL,diag,0.7631,2024-02-14,0
288,531.0,50.0,30.0,70.0,0.0,0.0,3.0,4.0,0.061,0.093,0.1224216945251174,0.4353409710945791,-0.0482883121158806,531,17,MEDIUM,both,0.6815,2025-02-03,0
289,499.0,60.0,30.0,60.0,0.0,0.0,1.0,1.0,0.023,0.017,0.3612685566189482,-0.4559989982506038,-0.0571953070038807,499,23,MEDIUM,both,0.7848,2024-07-19,0
290,482.0,70.0,50.0,60.0,0.0,0.0,3.0,2.0,0.069,0.045,0.4266826826716369,0.1362357222320912,-0.1074546209995353,482,39,MEDIUM,both,0.6768,2025-07-08,0
291,755.0,60.0,30.0,60.0,80210.0,-3890.0,0.0,0.0,0.004,0.003,-0.5727076309306769,0.2362740744318941,0.0473606207884454,755,21,MEDIUM,both,0.7009,2026-02-14,0
292,343.0,30.0,20.0,40.0,0.0,0.0,1.0,0.0,0.019,0.017,-0.1585087149975177,0.2095790772089807,0.0074935980259643,343,9,MEDIUM,posting,0.4564,2023-07-21,1
293,1057.0,100.0,60.0,70.0,148310.0,10250.0,3.0,5.0,0.032,0.062,-0.1927802455991271,0.7236787857181717,0.1695933343516774,1057,68,LARGE,diag,0.7632,2024-04-12,0
295,240.0,50.0,20.0,50.0,36290.0,-2960.0,1.0,0.0,0.029,0.022,-0.1443563799328268,-0.4678726322359409,-0.2330853499255633,240,7,SMALL,both,0.3624,2024-08-28,0
296,593.0,60.0,30.0,60.0,158440.0,-6900.0,1.0,1.0,0.027,0.023,-0.015122051001318,0.3089861636850334,0.2193817417012508,593,8,MEDIUM,posting,0.8485,2024-02-22,0
298,315.0,60.0,30.0,70.0,0.0,0.0,1.0,1.0,0.038,0.044,-0.1352062108135014,-0.112551525069131,-0.0699074028212473,315,15,MEDIUM,both,0.7082,2024-12-03,0
299,1623.0,40.0,20.0,40.0,472420.0,34550.0,1.0,1.0,0.006,0.005,-0.1208787727177062,0.1422071061952198,0.0089738849398154,1623,16,LARGE,posting,0.7844,2024-03-05,0
300,337.0,60.0,30.0,60.0,0.0,0.0,1.0,1.0,0.033,0.022,0.3310126202153404,0.1851877329540367,0.1349771753702557,337,3,MEDIUM,diag,0.8395,2024-07-19,0
301,179.0,40.0,30.0,70.0,0.0,0.0,0.0,0.0,0.032,0.029,0.0507362261462833,0.1333305134302073,-0.0476334051551905,179,59,SMALL,both,0.4499,2025-12-23,0
302,1039.0,100.0,60.0,60.0,193990.0,17330.0,3.0,5.0,0.039,0.059,-0.0739026192691911,0.2597283800123386,-0.0451725253965778,1039,34,LARGE,diag,0.4288,2024-12-23,0
303,86.0,60.0,30.0,60.0,0.0,0.0,0.0,0.0,0.045,0.058,0.0021334859479006,0.1879014137529004,0.102795177682427,86,6,SMALL,both,0.7769,2023-09-17,1
306,129.0,50.0,30.0,70.0,27330.0,150.0,0.0,0.0,0.008,0.005,0.3752249539994781,0.0403319428805565,0.0649487557210544,129,13,SMALL,diag,0.5737,2023-08-01,1
307,398.0,90.0,50.0,60.0,0.0,0.0,0.0,0.0,0.004,0.004,0.2704568740049083,-0.6698097996660193,-0.2320602401139513,398,34,MEDIUM,diag,0.0764,2022-12-10,1
308,278.0,70.0,40.0,40.0,0.0,0.0,1.0,3.0,0.064,0.122,-0.5839479322222207,0.1025728388066725,-0.0712299113213921,278,46,SMALL,both,0.7051,2024-03-28,0
309,1682.0,40.0,30.0,50.0,1559420.0,82370.0,4.0,2.0,0.025,0.013,-0.1909233849522915,0.6593602585108066,0.2333995910398862,1682,40,LARGE,posting,0.8892,2025-05-22,0
310,63.0,50.0,30.0,40.0,0.0,0.0,0.0,0.0,0.017,0.024,-0.2204691483793016,0.2233272890433855,0.1242591781145302,63,18,SMALL,both,0.6546,2023-03-18,1
312,210.0,40.0,30.0,40.0,0.0,0.0,1.0,1.0,0.083,0.04,-0.0984913252598205,-0.0874832437525178,0.02129119941218,210,2,SMALL,both,0.7618,2025-02-10,0
313,453.0,20.0,10.0,30.0,0.0,0.0,2.0,2.0,0.048,0.046,0.175851622515276,0.5521795419242447,0.1026966753249676,453,49,MEDIUM,posting,0.729,2024-03-03,0
315,478.0,40.0,30.0,60.0,0.0,0.0,1.0,2.0,0.036,0.041,0.0525712543509526,-0.1967635756838844,-0.0346954882581017,478,3,MEDIUM,diag,0.6158,2024-02-15,0
316,1429.0,30.0,20.0,40.0,461080.0,43600.0,4.0,5.0,0.037,0.042,0.437294236666321,-0.0899353186788856,-0.0404029116961336,1429,68,LARGE,diag,0.5419,2024-10-13,0
317,628.0,60.0,30.0,60.0,143550.0,17310.0,2.0,1.0,0.037,0.025,-0.4275887117277658,-0.2655070046549629,-0.0409347260574094,628,14,MEDIUM,diag,0.7163,2026-08-06,0
322,186.0,70.0,30.0,70.0,44250.0,-3920.0,0.0,0.0,0.008,0.009,-0.2178088654508672,-0.1733648028319305,0.0285194326723964,186,8,SMALL,diag,0.644,2021-02-07,1
323,951.0,60.0,30.0,60.0,0.0,0.0,2.0,2.0,0.026,0.02,0.3410294084908414,0.0474892147860126,0.0805508808330728,951,20,MEDIUM,diag,0.5018,2019-03-19,1
324,150.0,70.0,30.0,50.0,65890.0,-1240.0,1.0,1.0,0.047,0.064,-0.3052698290524734,0.2749368195337844,0.0331934406104669,150,54,SMALL,both,0.8008,2026-08-12,0
325,1016.0,40.0,20.0,50.0,0.0,0.0,0.0,0.0,0.004,0.004,-0.1269925528901411,0.4055102741892449,0.0808283598477045,1016,29,LARGE,posting,0.7451,2024-08-13,0
326,1061.0,40.0,30.0,50.0,112210.0,18200.0,3.0,2.0,0.036,0.019,0.1690565497570048,-0.5020865562721787,-0.0487790645297366,1061,31,LARGE,diag,0.4178,2021-02-15,1
327,310.0,60.0,40.0,60.0,37440.0,340.0,1.0,1.0,0.04,0.037,-0.1295868696022172,-0.3008938946581,0.0204945184073631,310,15,MEDIUM,diag,0.5983,2020-09-24,1
328,169.0,60.0,40.0,50.0,4760.0,600.0,1.0,0.0,0.04,0.026,0.526217746193539,-0.5066788109682576,-0.0645786785093373,169,49,SMALL,diag,0.3275,2024-09-19,0
329,1237.0,60.0,30.0,60.0,0.0,0.0,2.0,1.0,0.021,0.013,-0.0574939880134788,-0.7531873022831804,-0.0599744459898046,1237,8,LARGE,diag,0.6262,2024-10-23,0
331,508.0,40.0,20.0,50.0,59740.0,7120.0,5.0,5.0,0.114,0.111,-0.1481567708035642,-0.0554677693610747,0.0030758449833988,508,26,MEDIUM,both,0.8472,2024-07-01,0
333,1250.0,60.0,30.0,60.0,157240.0,10840.0,1.0,0.0,0.008,0.004,-0.1560684570790263,-0.0023821505107764,0.0348255194244199,1250,82,LARGE,posting,0.4096,2024-12-03,0
334,445.0,50.0,40.0,60.0,180950.0,14040.0,1.0,1.0,0.021,0.04,-0.0906826516091223,0.0421940956870478,0.0979576758882426,445,13,MEDIUM,diag,0.6708,2024-12-26,0
336,958.0,40.0,20.0,40.0,419890.0,53790.0,1.0,1.0,0.016,0.01,-0.0260600715743344,0.2126056607914458,0.0644560674362988,958,41,MEDIUM,diag,0.6816,2023-05-14,1
339,347.0,30.0,20.0,40.0,309920.0,49570.0,1.0,1.0,0.039,0.045,0.0670329268211992,0.2766198716840377,0.044129749942341,347,25,MEDIUM,posting,0.4113,2020-11-01,1
340,312.0,60.0,30.0,50.0,0.0,0.0,1.0,0.0,0.027,0.015,-0.2502567056369733,-0.4636832203283633,0.1150401907934353,312,14,MEDIUM,both,0.8106,2024-11-20,0
345,4066.0,60.0,30.0,60.0,0.0,0.0,19.0,10.0,0.055,0.029,0.0068284316591958,0.3345594870862501,0.244530959771259,4066,14,LARGE,both,0.9815,2024-05-10,0
347,822.0,60.0,30.0,60.0,225520.0,54560.0,3.0,4.0,0.046,0.054,-0.4061102244083608,-0.1007723702191456,-0.0336863472270441,822,20,MEDIUM,diag,0.39,2023-02-09,1
348,910.0,40.0,20.0,40.0,0.0,0.0,2.0,2.0,0.025,0.022,-0.1805466668813741,0.1434449204423842,-0.0797215724725283,910,13,MEDIUM,diag,0.4769,2021-02-04,1
350,654.0,60.0,30.0,60.0,0.0,0.0,0.0,0.0,0.003,0.002,-0.0603435463265531,0.7255308437415178,0.1418085726272826,654,34,MEDIUM,diag,0.7759,2025-07-27,0
351,212.0,60.0,30.0,60.0,0.0,0.0,2.0,1.0,0.107,0.074,0.0478661361786929,0.1689769282236166,0.1337534840619236,212,27,SMALL,posting,0.6033,2022-06-21,1
353,740.0,60.0,30.0,60.0,155060.0,28430.0,2.0,4.0,0.035,0.058,-0.0276601265839207,0.1324103250916249,-0.0211300839434341,740,11,MEDIUM,posting,0.6022,2022-09-01,1
356,691.0,50.0,40.0,40.0,296080.0,-13990.0,1.0,1.0,0.014,0.023,0.0786966140538885,0.2361889002317423,0.0955013057480076,691,11,MEDIUM,diag,0.753,2024-11-02,0
357,1240.0,60.0,30.0,60.0,0.0,0.0,3.0,2.0,0.034,0.021,-0.2080790917969117,-0.3547282512740382,-0.0510325243570785,1240,16,LARGE,posting,0.5973,2026-01-25,0
358,323.0,30.0,20.0,50.0,131180.0,9330.0,1.0,1.0,0.035,0.045,0.1897764931777663,0.0061534704885728,-0.0437429010687138,323,6,MEDIUM,posting,0.4862,2024-10-22,0
362,490.0,60.0,30.0,60.0,0.0,0.0,3.0,4.0,0.062,0.109,-0.327728971815834,-0.0122798970879313,0.1510761126335476,490,34,MEDIUM,posting,0.6285,2024-11-15,0
363,119.0,60.0,30.0,60.0,0.0,0.0,1.0,1.0,0.064,0.088,-0.3293995982793205,0.2285425132339962,-0.0654834431947882,119,67,SMALL,diag,0.2734,2024-06-12,0
364,610.0,60.0,40.0,50.0,83280.0,2310.0,0.0,1.0,0.006,0.012,0.4032982880129066,0.0460366600165807,-0.0578710672790639,610,51,MEDIUM,diag,0.2876,2023-11-03,1
365,409.0,60.0,30.0,60.0,0.0,0.0,2.0,3.0,0.049,0.09,0.4997166062770687,-0.1527133694411638,-0.086680342009663,409,33,MEDIUM,both,0.4944,2021-08-23,1
366,411.0,80.0,60.0,70.0,127330.0,44780.0,0.0,0.0,0.002,0.002,-0.5206611305809984,-0.0548240486778057,0.1859627128314822,411,30,MEDIUM,diag,0.8242,2024-04-20,0
367,1105.0,60.0,30.0,60.0,411160.0,6320.0,3.0,5.0,0.033,0.05,-0.0885419863360924,0.4668193214029616,0.1439375387746713,1105,51,LARGE,diag,0.8327,2024-04-25,0
368,1207.0,40.0,20.0,40.0,2557870.0,100820.0,10.0,33.0,0.101,0.333,0.0672134846053823,0.4620556256241749,-0.002633236668741,1207,14,LARGE,diag,0.7333,2025-03-24,0
369,79.0,30.0,10.0,40.0,21010.0,3770.0,0.0,0.0,0.016,0.012,0.2719376814804499,-0.1407530951315593,-0.0980391274010019,79,20,SMALL,posting,0.3512,2022-04-24,1
370,146.0,80.0,40.0,80.0,24710.0,3790.0,0.0,0.0,0.038,0.037,0.3525818420571981,0.5979207891786833,0.0523411736546218,146,23,SMALL,diag,0.5395,2024-06-26,0
373,2678.0,60.0,30.0,60.0,0.0,0.0,14.0,17.0,0.065,0.076,-0.1373055111895833,0.4706095269742855,0.1610134758932179,2678,6,LARGE,diag,0.8886,2025-09-07,0
374,1013.0,60.0,30.0,60.0,0.0,0.0,1.0,1.0,0.01,0.016,0.3448491900872417,0.1971271592420867,0.0632189621025595,1013,6,LARGE,posting,0.6529,2024-05-02,0
378,451.0,70.0,40.0,80.0,259060.0,-10550.0,0.0,0.0,0.005,0.006,0.1197929903546645,0.0430335318810191,0.0841080274725003,451,10,MEDIUM,diag,0.7841,2023-11-17,0
379,154.0,70.0,40.0,40.0,0.0,0.0,2.0,2.0,0.118,0.125,-0.0560023079686784,0.1773574985349141,-0.0686484790989729,154,19,SMALL,both,0.5763,2024-04-06,0
387,387.0,30.0,10.0,30.0,121830.0,-10220.0,2.0,1.0,0.057,0.031,-0.3409696367440529,0.4253133071130272,0.1620171130388651,387,30,MEDIUM,diag,0.737,2020-01-05,1
388,671.0,70.0,50.0,60.0,0.0,0.0,9.0,5.0,0.153,0.085,-0.1235405703877014,-0.0636878381161502,-0.0174831168963786,671,25,MEDIUM,both,0.919,2025-01-30,0
389,1455.0,50.0,30.0,50.0,0.0,0.0,7.0,13.0,0.054,0.108,0.1358884988839337,0.2276335238880608,0.120776015658588,1455,50,LARGE,posting,0.7094,2024-02-25,0
390,377.0,70.0,40.0,50.0,0.0,0.0,2.0,2.0,0.066,0.07,0.1123689258705243,-0.1020474912418188,-0.0540692730234972,377,16,MEDIUM,both,0.5417,2024-12-31,0
391,205.0,60.0,30.0,60.0,0.0,0.0,0.0,0.0,0.013,0.006,-0.1217024278835928,-0.1355700700641672,-0.1120018299306293,205,47,SMALL,diag,0.2726,2024-10-07,0
397,1168.0,90.0,60.0,60.0,188950.0,35230.0,8.0,3.0,0.079,0.036,-0.0063259813451832,-0.2197778319360994,-0.1029792810547491,1168,11,LARGE,diag,0.5993,2024-08-04,0
402,428.0,50.0,20.0,40.0,0.0,0.0,2.0,1.0,0.056,0.034,-0.07648331082846,0.0198181986095942,0.1678358414408507,428,45,MEDIUM,posting,0.7296,2024-03-24,0
403,206.0,60.0,30.0,60.0,51140.0,4080.0,1.0,1.0,0.039,0.054,0.3188868779517691,-0.0929606816930731,0.0141737245680929,206,22,SMALL,posting,0.5756,2022-07-05,1
405,2632.0,50.0,30.0,60.0,0.0,0.0,6.0,8.0,0.028,0.037,0.2882007048596163,-0.3298119684745935,0.0374685114080489,2632,20,LARGE,diag,0.6834,2025-03-11,0
406,1641.0,60.0,30.0,60.0,303190.0,-7370.0,4.0,6.0,0.032,0.042,0.1485767605801793,0.5543791948980467,-0.0050542486000559,1641,49,LARGE,posting,0.6194,2024-10-16,0
408,293.0,50.0,30.0,40.0,0.0,0.0,1.0,1.0,0.024,0.021,-0.0545150803944432,-0.3491145976243605,-0.1394167640053655,293,19,SMALL,both,0.5943,2024-05-15,0
412,266.0,70.0,40.0,50.0,0.0,0.0,0.0,0.0,0.018,0.02,-0.081700883851761,0.0877272394306585,-0.1078426864765805,266,12,SMALL,diag,0.3685,2024-09-07,0
413,289.0,60.0,30.0,60.0,0.0,0.0,1.0,1.0,0.041,0.03,0.44599048530392,0.5202352024067334,0.1365293579473528,289,31,ETC,both,0.9117,2024-12-22,0
414,368.0,50.0,30.0,50.0,0.0,0.0,2.0,5.0,0.057,0.15,0.5251564698338019,-0.1172575332458092,0.0357653980619427,368,16,MEDIUM,diag,0.4332,2024-09-16,0
416,740.0,60.0,30.0,60.0,419560.0,-16340.0,2.0,2.0,0.038,0.037,0.3698985035200097,0.1300920037096051,-0.0105716269349468,740,51,MEDIUM,posting,0.6209,2023-03-16,1
417,908.0,60.0,40.0,60.0,0.0,0.0,1.0,1.0,0.016,0.01,-0.2881124027882209,-0.3335893270459802,-0.0183098309402876,908,39,MEDIUM,posting,0.5423,2022-08-02,1
418,187.0,60.0,30.0,60.0,0.0,0.0,0.0,0.0,0.011,0.008,0.2769268233025906,0.0579047562991717,-0.0574191253582207,187,23,SMALL,both,0.6725,2024-04-06,0
419,140.0,50.0,30.0,40.0,39350.0,1650.0,1.0,1.0,0.052,0.092,0.4637350200902463,0.2528777568407404,0.0114503403836162,140,18,SMALL,diag,0.5436,2020-04-20,1
420,3092.0,80.0,50.0,70.0,1296450.0,74080.0,15.0,9.0,0.058,0.035,-0.0650824883684489,0.0538885645479168,0.0100072425311157,3092,38,LARGE,posting,0.8435,2024-04-11,0
421,1053.0,50.0,20.0,50.0,0.0,0.0,3.0,8.0,0.035,0.086,0.2725906078628518,-0.0226463238585355,-0.048126174733493,1053,10,LARGE,posting,0.4251,2024-12-09,0
423,268.0,70.0,40.0,60.0,0.0,0.0,0.0,0.0,0.015,0.012,0.1668666263476781,0.1624341275534046,0.0987501967227568,268,42,SMALL,posting,0.5199,2025-07-22,0
425,110.0,30.0,20.0,40.0,5390.0,540.0,0.0,0.0,0.018,0.021,0.0943561588245445,-0.2711742306388962,-0.0510984080143995,110,13,SMALL,diag,0.4095,2020-02-21,1
430,91.0,90.0,60.0,70.0,0.0,0.0,0.0,0.0,0.01,0.011,-0.0129373257526263,0.2397302017942546,0.0231513944526886,91,20,SMALL,posting,0.3725,2016-06-23,1
432,272.0,50.0,30.0,60.0,0.0,0.0,0.0,1.0,0.021,0.031,0.0866657763478334,0.3291441045256558,-0.0772535733982753,272,11,SMALL,diag,0.4198,2022-07-04,1
433,403.0,60.0,30.0,50.0,173090.0,-2530.0,2.0,3.0,0.065,0.084,0.256022313591123,0.3241332569081914,0.1086586910563898,403,17,MEDIUM,both,0.7827,2024-03-12,0
434,774.0,50.0,20.0,40.0,225900.0,-17890.0,0.0,0.0,0.004,0.002,-0.1404929794686927,-0.0767002671456153,-0.1113409074017393,774,12,MEDIUM,diag,0.5199,2020-07-01,1
435,883.0,60.0,30.0,60.0,0.0,0.0,2.0,1.0,0.033,0.019,-0.0821478249579932,-0.2650169227153114,0.01927989535291,883,31,MEDIUM,posting,0.6062,2019-09-14,1
436,334.0,70.0,50.0,60.0,47700.0,10180.0,0.0,0.0,0.006,0.005,-0.2169855541175142,-0.0890290780001645,0.0622532036694259,334,19,MEDIUM,diag,0.8106,2026-01-08,0
437,192.0,60.0,30.0,60.0,0.0,0.0,1.0,1.0,0.034,0.051,-0.0658113304104555,-0.2262796237669506,0.0495150827539186,192,17,SMALL,diag,0.5103,2016-10-04,1
438,3159.0,60.0,40.0,50.0,0.0,0.0,5.0,12.0,0.018,0.044,0.1232687415015913,0.5658563758392733,0.1784213533269882,3159,20,LARGE,diag,0.8792,2024-06-13,0
439,108.0,40.0,20.0,30.0,0.0,0.0,0.0,0.0,0.004,0.004,-0.2253288677752285,0.1538719323899433,-0.0922918655251596,108,7,SMALL,both,0.1927,2023-10-13,1
442,372.0,50.0,30.0,40.0,0.0,0.0,0.0,0.0,0.01,0.013,0.2774471670052844,0.3426144403941077,-0.0641666264440971,372,24,MEDIUM,both,0.5298,2025-04-13,0
443,1325.0,60.0,30.0,60.0,943930.0,236100.0,3.0,2.0,0.024,0.021,0.0085882401314568,-0.1003289823285799,-0.1273991867842069,1325,25,LARGE,diag,0.4719,2024-03-16,0
444,178.0,50.0,30.0,50.0,27780.0,3830.0,0.0,0.0,0.009,0.015,0.3598873765573435,-0.5672973314432774,-0.1092030184450516,178,34,SMALL,both,0.3432,2020-04-23,1
445,50.0,30.0,10.0,40.0,0.0,0.0,0.0,0.0,0.007,0.004,0.2900746083693482,0.4688575589187319,0.0879276450892936,50,47,SMALL,both,0.7526,2024-09-16,0
446,672.0,60.0,30.0,60.0,0.0,0.0,1.0,1.0,0.011,0.011,0.0102000425775886,0.1180010609523787,0.0187836185972284,672,16,MEDIUM,posting,0.6306,2021-03-19,1
450,346.0,60.0,30.0,60.0,0.0,0.0,0.0,0.0,0.015,0.014,-0.0572509039074056,-0.3707340363904725,-0.0275744059466094,346,21,MEDIUM,both,0.682,2025-02-04,0
452,1519.0,60.0,30.0,60.0,0.0,0.0,1.0,0.0,0.004,0.003,0.0298760122327687,-0.2903731789864461,-0.0102953192274749,1519,15,LARGE,posting,0.6789,2024-07-10,0
453,249.0,30.0,20.0,30.0,82060.0,-1400.0,0.0,0.0,0.014,0.005,0.3265721489574048,-0.3602883236456564,0.0656063667667579,249,17,SMALL,diag,0.7416,2021-01-05,1
454,315.0,60.0,40.0,60.0,55870.0,4130.0,1.0,0.0,0.026,0.019,0.2883573294725505,-0.0395743860867912,0.2118282732924944,315,37,MEDIUM,diag,0.8972,2024-02-20,0
455,948.0,60.0,40.0,70.0,0.0,0.0,2.0,3.0,0.028,0.034,0.2782603027035563,0.1363278168737132,0.0467878569221033,948,41,MEDIUM,diag,0.7296,2024-12-09,0
457,320.0,60.0,30.0,60.0,0.0,0.0,2.0,2.0,0.061,0.058,0.0696260937195978,-0.0128286174008401,0.0991043898918635,320,17,MEDIUM,posting,0.7494,2024-10-15,0
459,507.0,50.0,30.0,50.0,23800.0,1600.0,3.0,3.0,0.073,0.067,0.0715960284248914,0.1826309128940763,-0.1374515524634843,507,41,MEDIUM,diag,0.2941,2025-10-03,0
460,4404.0,30.0,20.0,30.0,0.0,0.0,22.0,22.0,0.06,0.06,0.174680431722998,0.4135099352093531,-0.0022215371616659,4404,24,LARGE,diag,0.8547,2024-08-18,0
462,277.0,60.0,30.0,60.0,38950.0,-70.0,0.0,0.0,0.005,0.004,-0.276425846623698,-0.5987793722763688,-0.2789038913968857,277,19,SMALL,both,0.1767,2023-02-20,1
463,3065.0,40.0,30.0,50.0,0.0,0.0,1.0,1.0,0.006,0.005,0.1327597553980258,-0.3622001239276676,0.0755844073764237,3065,13,LARGE,posting,0.8323,2024-05-10,0
464,111.0,50.0,20.0,60.0,0.0,0.0,0.0,0.0,0.028,0.026,-0.1944816996056083,-0.0237121823438295,-0.0228540037478848,111,40,SMALL,diag,0.3949,2021-11-01,1
465,1767.0,60.0,30.0,50.0,238260.0,44560.0,13.0,19.0,0.091,0.127,-0.127832188462403,0.0870635019913169,0.0541313710191556,1767,43,LARGE,both,0.8647,2024-07-17,0
466,327.0,50.0,30.0,70.0,0.0,0.0,0.0,0.0,0.01,0.008,-0.0563681697082199,0.200256785891845,0.0112835343565857,327,27,MEDIUM,diag,0.5145,2020-06-23,1
467,930.0,60.0,40.0,60.0,0.0,0.0,5.0,12.0,0.066,0.16,0.3884516088735966,-0.1733846455835022,0.0806862952451416,930,15,MEDIUM,both,0.8366,2026-05-24,0
468,555.0,60.0,30.0,60.0,0.0,0.0,1.0,1.0,0.016,0.014,-0.0646752706873468,0.0983914163823802,0.0981261804443653,555,8,MEDIUM,diag,0.8276,2025-10-30,0
471,255.0,60.0,40.0,60.0,0.0,0.0,1.0,2.0,0.029,0.08,0.0650478080413205,-0.2094688216220529,-0.0383098699038596,255,36,SMALL,diag,0.312,2021-05-26,1
472,636.0,60.0,30.0,60.0,77550.0,230.0,0.0,0.0,0.006,0.007,-0.1540356215769667,0.4330350536591,0.2184021779904093,636,26,MEDIUM,posting,0.89,2025-03-04,0
473,196.0,60.0,40.0,60.0,0.0,0.0,0.0,0.0,0.018,0.018,-0.0576463646618321,0.1870202073852487,0.053926592651411,196,40,SMALL,posting,0.5934,2025-03-22,0
476,1420.0,60.0,30.0,60.0,1666730.0,84710.0,6.0,9.0,0.053,0.079,-0.1908913143363299,0.2837190457093364,-0.0188389216502298,1420,19,LARGE,diag,0.7463,2025-09-08,0
477,1735.0,80.0,50.0,60.0,0.0,0.0,4.0,3.0,0.03,0.023,0.0934861493372742,0.0480640960744066,0.0320808441560706,1735,12,ETC,both,0.8921,2024-12-20,0
479,293.0,60.0,30.0,60.0,577880.0,51210.0,1.0,1.0,0.045,0.061,0.2474189595736967,0.3216532691485514,0.1579498349086396,293,37,SMALL,diag,0.6446,2020-07-14,1
480,1175.0,70.0,50.0,50.0,392400.0,-67130.0,2.0,3.0,0.023,0.029,0.2106453534113854,0.084505697763915,0.1097759624027298,1175,57,LARGE,diag,0.5918,2019-12-03,1
481,414.0,40.0,20.0,40.0,0.0,0.0,0.0,0.0,0.002,0.003,-0.2323863359822832,0.2716836425872206,0.0291878664408696,414,8,MEDIUM,diag,0.6834,2020-05-03,1
482,323.0,60.0,30.0,60.0,0.0,0.0,1.0,0.0,0.021,0.012,0.0833527093319146,0.598449498771208,0.2484295783112396,323,5,MEDIUM,diag,0.7685,2021-11-02,1
483,591.0,50.0,30.0,50.0,0.0,0.0,1.0,1.0,0.029,0.016,-0.2680575739976142,0.6909580336592135,0.1769812561093792,591,18,MEDIUM,both,0.9515,2024-08-14,0
486,696.0,60.0,30.0,60.0,145290.0,14180.0,4.0,6.0,0.065,0.1,0.2057704074495484,0.1196786147379987,0.0566739521446628,696,11,MEDIUM,diag,0.6624,2021-03-18,1
487,374.0,50.0,30.0,40.0,91680.0,11510.0,1.0,2.0,0.045,0.059,-0.0312729821396941,-0.4220698774139208,0.0282085986726302,374,14,MEDIUM,diag,0.6127,2016-01-06,1
488,499.0,60.0,40.0,60.0,0.0,0.0,1.0,1.0,0.025,0.031,0.1540652306042595,0.2130806504463999,-0.0831293552168803,499,3,MEDIUM,both,0.6623,2019-01-20,1
489,332.0,50.0,30.0,60.0,0.0,0.0,1.0,1.0,0.053,0.038,0.0432276989019824,-0.3617607366043582,-0.0577434334918323,332,36,MEDIUM,diag,0.6001,2024-10-10,0
491,478.0,80.0,50.0,80.0,0.0,0.0,2.0,1.0,0.049,0.02,0.0633239182267854,0.4482984838289972,0.1675751566218591,478,50,MEDIUM,diag,0.6986,2019-09-19,1
492,1252.0,40.0,20.0,40.0,0.0,0.0,2.0,3.0,0.02,0.027,0.0080978414798472,0.3117572499773056,0.041438126070747,1252,61,LARGE,diag,0.6896,2023-06-10,1
493,530.0,60.0,30.0,60.0,0.0,0.0,1.0,1.0,0.016,0.026,-0.4372861325783296,-0.0367509606677134,0.1143992124544846,530,4,MEDIUM,both,0.8892,2025-11-29,0
494,672.0,70.0,30.0,50.0,66930.0,5060.0,2.0,2.0,0.03,0.04,0.2173536684205705,-0.3384713266550513,-0.0049550848427867,672,17,MEDIUM,posting,0.4986,2023-11-19,0
496,228.0,60.0,30.0,60.0,119940.0,-4340.0,1.0,0.0,0.034,0.013,0.2077329380235193,-0.1125160401153202,-0.0369298267953699,228,4,SMALL,both,0.8366,2024-07-13,0
500,576.0,40.0,20.0,60.0,83190.0,1760.0,3.0,2.0,0.058,0.044,0.0074392844512753,0.1044159895207814,0.0348762069869591,576,34,MEDIUM,both,0.8243,2024-10-23,0
502,761.0,70.0,50.0,80.0,810330.0,81110.0,2.0,2.0,0.039,0.026,-0.2968949315436609,0.2010636721649752,0.1631548109973159,761,49,MEDIUM,posting,0.7688,2024-03-07,0
503,2181.0,30.0,10.0,30.0,0.0,0.0,8.0,13.0,0.045,0.07,-0.1015975570729797,0.3273257344701121,0.1696341157009832,2181,21,LARGE,both,0.8956,2024-06-09,0
505,503.0,80.0,40.0,50.0,0.0,0.0,2.0,4.0,0.054,0.084,-0.0784328501457573,-0.2313286962252137,-0.0432860954284222,503,21,MEDIUM,both,0.7131,2022-09-21,1
506,366.0,50.0,30.0,50.0,176770.0,1350.0,0.0,0.0,0.014,0.016,0.5783420163460653,-0.0715458179437484,0.0513443373472303,366,14,MEDIUM,both,0.7923,2025-02-15,0
507,51.0,40.0,20.0,40.0,0.0,0.0,0.0,0.0,0.028,0.032,0.1759776132757986,-0.1765723704322409,0.0806106113571224,51,26,SMALL,posting,0.582,2024-12-07,0
510,185.0,60.0,30.0,60.0,9220.0,2210.0,0.0,0.0,0.028,0.013,-0.0555926101272475,0.1416309305372939,-0.0235633225296314,185,13,SMALL,diag,0.4555,2023-12-22,0
515,369.0,50.0,30.0,50.0,0.0,0.0,1.0,2.0,0.043,0.063,0.2877006633170175,-0.0422555754500068,-0.0215352915610109,369,18,MEDIUM,diag,0.2531,2022-06-19,1
516,371.0,60.0,30.0,50.0,0.0,0.0,5.0,4.0,0.17,0.133,0.1484924904329159,-0.022417046353114,0.0338604789663842,371,11,MEDIUM,both,0.9204,2024-04-06,0
518,1010.0,40.0,20.0,50.0,517530.0,16220.0,3.0,3.0,0.039,0.037,0.2514549826543646,0.0048810392433066,-0.0211294890659285,1010,36,LARGE,posting,0.5306,2020-05-20,1
521,181.0,60.0,30.0,60.0,13440.0,1990.0,0.0,0.0,0.021,0.015,-0.2877594567102532,-0.3604088686112232,-0.0650650961418933,181,12,SMALL,posting,0.3184,2022-01-19,1
522,936.0,50.0,30.0,50.0,331580.0,-32230.0,5.0,4.0,0.069,0.05,-0.0296839499235709,0.2377690563395521,0.1302603490871305,936,20,MEDIUM,posting,0.893,2024-03-10,0
524,866.0,40.0,30.0,40.0,0.0,0.0,1.0,1.0,0.009,0.01,0.2728227546812986,0.2652781853487935,0.0680438349792775,866,8,MEDIUM,both,0.9365,2024-07-24,0
528,179.0,60.0,40.0,60.0,0.0,0.0,0.0,1.0,0.023,0.043,0.1636334714368969,0.3590041678445598,0.1272882914793622,179,25,SMALL,both,0.8224,2024-10-13,0
529,313.0,70.0,50.0,70.0,149470.0,14680.0,2.0,3.0,0.086,0.124,0.1613907509881045,-0.311235336093571,-0.1542036740250783,313,27,MEDIUM,diag,0.2202,2021-07-25,1
531,148.0,60.0,40.0,70.0,0.0,0.0,0.0,0.0,0.012,0.011,0.1217113731123012,0.7191252751590408,0.2816456378949338,148,30,SMALL,diag,0.7894,2020-04-13,1
532,1416.0,70.0,40.0,50.0,99000.0,13780.0,7.0,9.0,0.063,0.076,0.2258375583379256,-0.2638470610442416,-0.021133150723363,1416,29,LARGE,posting,0.6792,2025-02-21,0
533,419.0,50.0,30.0,40.0,0.0,0.0,2.0,2.0,0.052,0.044,0.1096846808348492,0.4527281136504243,0.2280787883077826,419,14,MEDIUM,posting,0.9721,2024-09-04,0
534,89.0,40.0,20.0,50.0,0.0,0.0,0.0,0.0,0.035,0.018,-0.0569881327272761,0.5157825872370065,0.2000384988807056,89,21,SMALL,both,0.923,2024-08-17,0
535,1545.0,40.0,30.0,40.0,163460.0,-11640.0,2.0,3.0,0.015,0.026,0.0397792576282641,0.2731740571351223,0.0194636418506597,1545,12,LARGE,diag,0.6724,2026-11-17,0
537,465.0,60.0,30.0,60.0,80410.0,-7060.0,1.0,3.0,0.038,0.066,0.1871914250822567,-0.1564595306066257,-0.0350331513492182,465,20,MEDIUM,posting,0.3814,2023-07-12,1
539,1699.0,100.0,50.0,80.0,0.0,0.0,1.0,1.0,0.009,0.005,-0.1805969585464132,0.1367460435750078,0.0468740882373464,1699,17,LARGE,diag,0.7969,2024-11-08,0
540,755.0,50.0,30.0,60.0,234650.0,-2450.0,3.0,6.0,0.056,0.093,-0.1983616936180595,-0.1794410813871825,0.0927895822061313,755,11,MEDIUM,diag,0.7248,2024-11-22,0
541,84.0,60.0,40.0,60.0,9650.0,-1330.0,0.0,0.0,0.042,0.034,-0.182520224291277,-0.0669030191032492,-0.0893854440783319,84,19,SMALL,diag,0.3074,2022-11-05,1
542,910.0,90.0,50.0,70.0,0.0,0.0,11.0,21.0,0.142,0.271,-0.0065254629161473,-0.4003730127355983,0.0735807495699132,910,6,MEDIUM,diag,0.6347,2024-05-06,0
544,754.0,80.0,40.0,70.0,0.0,0.0,4.0,12.0,0.064,0.196,0.0091101013736596,0.1044769208843729,0.0986089715188492,754,5,MEDIUM,diag,0.8119,2024-06-13,0
545,286.0,60.0,30.0,60.0,0.0,0.0,0.0,0.0,0.007,0.006,-0.0373515845544321,0.2243950219027471,-0.0401324785738075,286,74,SMALL,both,0.5154,2019-02-21,1
547,887.0,100.0,50.0,70.0,0.0,0.0,1.0,1.0,0.013,0.018,0.1181389904257597,0.3607904781924259,0.0576075600853438,887,41,MEDIUM,both,0.8262,2024-11-16,0
548,707.0,60.0,30.0,60.0,68750.0,-310.0,2.0,1.0,0.032,0.023,-0.1464793577340175,0.0518089069326238,0.0235501004585225,707,6,MEDIUM,posting,0.6356,2024-07-03,0
549,373.0,50.0,30.0,60.0,114210.0,2430.0,0.0,0.0,0.011,0.006,-0.3649466932832869,-0.2870701953216225,0.0507216192392217,373,12,MEDIUM,diag,0.5348,2022-05-10,1
550,413.0,70.0,40.0,60.0,0.0,0.0,1.0,1.0,0.024,0.032,0.2737613699009839,-0.2478735873414873,-0.070417667142187,413,16,MEDIUM,diag,0.6467,2024-12-26,0
551,470.0,60.0,40.0,50.0,266740.0,-9490.0,0.0,0.0,0.008,0.01,0.0755599489310985,0.1147109585908606,-0.0364876164510342,470,30,MEDIUM,both,0.724,2021-06-19,1
552,204.0,40.0,30.0,60.0,0.0,0.0,0.0,1.0,0.029,0.039,0.360874513945406,-0.2079732710134115,-0.0095404761523073,204,8,SMALL,both,0.8192,2025-04-19,0
553,558.0,100.0,60.0,60.0,0.0,0.0,2.0,1.0,0.053,0.027,0.3156050106693382,0.025612822265589,-0.0017346028275346,558,8,MEDIUM,diag,0.7486,2025-12-22,0
555,7.0,60.0,30.0,60.0,0.0,0.0,0.0,0.0,0.039,0.062,0.371760663040013,0.1846929884804129,0.1309858075167314,7,43,SMALL,diag,0.27,2024-03-02,0
556,502.0,60.0,30.0,60.0,327740.0,2570.0,1.0,1.0,0.034,0.032,-0.5202192440766127,-0.368151700494899,0.0478355064017613,502,40,MEDIUM,diag,0.4442,2024-04-19,0
557,462.0,80.0,40.0,60.0,0.0,0.0,1.0,1.0,0.021,0.034,-0.0716790208005339,0.0843776718437821,0.0699587411208274,462,38,MEDIUM,diag,0.5412,2023-02-11,1
558,144.0,50.0,30.0,60.0,0.0,0.0,1.0,1.0,0.053,0.085,-0.2437322750277545,0.2603319481018589,0.0803399258477874,144,13,SMALL,posting,0.8191,2025-02-01,0
560,1285.0,80.0,40.0,60.0,0.0,0.0,5.0,10.0,0.047,0.091,0.0822959117270842,1.0219954194725294,0.0892606964306036,1285,32,LARGE,diag,0.7505,2025-03-21,0
562,155.0,60.0,30.0,60.0,34170.0,2820.0,0.0,0.0,0.013,0.013,0.3414317184601725,0.0744053951600381,-0.042593495630052,155,17,SMALL,both,0.8069,2025-09-15,0
564,723.0,60.0,30.0,60.0,75030.0,-3840.0,12.0,20.0,0.205,0.324,0.3057126470452259,0.1970271420413034,0.0475198062315178,723,32,MEDIUM,posting,0.7672,2024-07-07,0
566,244.0,50.0,20.0,80.0,0.0,0.0,1.0,1.0,0.028,0.059,0.1069834847418473,-0.3495798542407132,-0.064366776042212,244,22,SMALL,diag,0.4002,2024-12-26,0
567,137.0,60.0,30.0,60.0,0.0,0.0,0.0,0.0,0.015,0.03,0.2218867938951438,0.1292102588880739,-0.0263831510144578,137,16,SMALL,both,0.6535,2026-10-23,0
569,626.0,70.0,50.0,60.0,0.0,0.0,1.0,2.0,0.028,0.034,0.078152448409629,-0.4563727118656862,-0.0865099634330497,626,26,MEDIUM,diag,0.4988,2025-01-04,0
570,176.0,60.0,30.0,60.0,25720.0,660.0,0.0,1.0,0.031,0.046,-0.011606136980256,0.4872489266904781,0.2283292191458606,176,21,SMALL,diag,0.7924,2024-11-04,0
573,164.0,100.0,50.0,50.0,28440.0,-170.0,1.0,0.0,0.039,0.023,0.0599210926236458,0.0862089051561718,0.0129408047050817,164,6,SMALL,both,0.7826,2023-01-11,1
575,387.0,60.0,30.0,50.0,0.0,0.0,1.0,1.0,0.031,0.022,0.0362430308037025,0.4609089437729379,0.0695048261719729,387,50,MEDIUM,both,0.8787,2025-06-30,0
576,231.0,40.0,20.0,40.0,295640.0,-2630.0,1.0,1.0,0.032,0.028,0.2379425430553692,-0.588129060665444,-0.0444694956008421,231,6,SMALL,diag,0.4073,2023-03-10,1
578,356.0,60.0,30.0,60.0,155500.0,24420.0,1.0,0.0,0.022,0.013,-0.1035390110978949,-0.0976739286211283,-0.0520151969926688,356,31,MEDIUM,posting,0.5515,2024-08-03,0
579,111.0,80.0,50.0,70.0,0.0,0.0,0.0,0.0,0.052,0.052,-0.1372676251805287,0.2495148437306724,0.0368487860492319,111,37,SMALL,diag,0.5584,2024-02-18,0
582,276.0,60.0,30.0,60.0,0.0,0.0,1.0,0.0,0.024,0.012,-0.3102784540968413,-0.0745502817975766,-0.1136116854430913,276,12,SMALL,diag,0.2349,2019-10-25,1
583,297.0,60.0,30.0,60.0,18440.0,-930.0,1.0,1.0,0.047,0.058,0.1323128223249005,0.0218968852508658,-0.0819744002983447,297,11,SMALL,posting,0.3649,2024-03-01,0
586,937.0,60.0,30.0,60.0,0.0,0.0,7.0,4.0,0.086,0.057,-0.0874076920152092,-0.0790510187066567,-0.10223410319442,937,12,MEDIUM,both,0.7923,2024-03-04,0
588,2113.0,70.0,40.0,50.0,0.0,0.0,6.0,5.0,0.034,0.029,0.3641746543476849,0.1471229194475981,0.1022675632654299,2113,35,LARGE,both,0.9471,2024-06-25,0
589,216.0,110.0,50.0,70.0,0.0,0.0,1.0,1.0,0.04,0.049,-0.0790531199245784,-0.177708779200257,-0.1218589974441724,216,57,SMALL,both,0.5403,2024-11-03,0
590,120.0,60.0,30.0,60.0,0.0,0.0,0.0,0.0,0.018,0.007,0.2476511624967674,0.2191164300759071,0.1257095536106904,120,29,SMALL,posting,0.6605,2023-12-22,0
594,2319.0,60.0,30.0,60.0,1316890.0,-50920.0,14.0,22.0,0.072,0.115,0.0292831366246182,-0.183513161502119,0.0874864337829238,2319,10,LARGE,posting,0.8493,2024-12-03,0
596,645.0,60.0,30.0,50.0,0.0,0.0,0.0,0.0,0.002,0.003,0.0485072966485939,0.1900038464202663,0.0716389351034838,645,7,MEDIUM,both,0.8218,2024-05-12,0
599,2433.0,60.0,30.0,60.0,1789510.0,180090.0,7.0,11.0,0.034,0.054,0.2063676455126444,-0.0906130698943126,0.1447455122555062,2433,26,LARGE,posting,0.7134,2022-08-12,1
601,148.0,60.0,30.0,60.0,0.0,0.0,0.0,0.0,0.018,0.023,0.1567188028246474,-0.3217234162912749,-0.0865006357635075,148,10,SMALL,posting,0.2648,2023-04-04,1
603,218.0,60.0,30.0,70.0,71140.0,13110.0,0.0,0.0,0.021,0.012,-0.1243395093182884,0.2655926324482743,0.1367531132520319,218,76,SMALL,posting,0.6508,2022-03-19,1
606,137.0,30.0,20.0,30.0,0.0,0.0,0.0,0.0,0.014,0.016,0.1517890911966342,0.0219331615670547,0.0404836660531148,137,29,SMALL,both,0.5428,2024-11-26,0
608,436.0,40.0,30.0,30.0,205430.0,27920.0,2.0,2.0,0.053,0.062,-0.1233116972931444,0.3525463283245922,0.0550419406787694,436,15,MEDIUM,posting,0.6714,2025-01-21,0
610,2966.0,60.0,30.0,60.0,1548930.0,-238760.0,10.0,5.0,0.039,0.019,-0.0571397218916107,0.3132798027233974,0.0669254488922179,2966,6,LARGE,diag,0.8611,2024-03-15,0
611,127.0,60.0,30.0,60.0,22560.0,1200.0,0.0,0.0,0.002,0.002,-0.1105908108744871,0.320270334293869,0.2045451125869715,127,77,SMALL,diag,0.5089,2025-09-22,0
614,497.0,80.0,50.0,50.0,73720.0,12840.0,2.0,4.0,0.048,0.095,0.5047977635057352,0.503533287545959,0.282139623232686,497,21,MEDIUM,both,0.9277,2024-06-11,0
616,714.0,90.0,50.0,50.0,0.0,0.0,1.0,1.0,0.012,0.014,0.1496907328625909,0.1628683871396585,0.0359600332806924,714,22,MEDIUM,both,0.882,2024-12-03,0
617,343.0,60.0,40.0,60.0,0.0,0.0,1.0,2.0,0.038,0.054,0.0367640965239277,0.3595588574685586,0.0110628076624699,343,38,ETC,posting,0.5418,2021-11-18,1
621,219.0,30.0,20.0,50.0,0.0,0.0,0.0,0.0,0.002,0.002,0.2630039184249705,-0.2786506412977441,0.0221416115341014,219,25,SMALL,diag,0.3496,2023-12-15,0
626,111.0,60.0,30.0,60.0,0.0,0.0,0.0,0.0,0.045,0.033,-0.1727697449411389,0.3023585020977741,0.1610333547753359,111,24,SMALL,diag,0.8409,2024-05-05,0
627,199.0,50.0,20.0,50.0,0.0,0.0,1.0,0.0,0.067,0.028,-0.2159773058536965,-0.0964335682137108,-0.0983560259977613,199,21,SMALL,posting,0.3807,2024-10-12,0
630,177.0,60.0,30.0,60.0,11290.0,-170.0,0.0,0.0,0.014,0.006,0.1790192900676171,0.1286921276583325,0.0656264249545665,177,23,SMALL,diag,0.6578,2022-07-04,1
631,138.0,60.0,30.0,60.0,27080.0,1080.0,0.0,0.0,0.023,0.024,-0.1220172948173528,-0.2557323988470205,-0.0090500878168481,138,18,SMALL,diag,0.4214,2022-09-16,1
632,883.0,70.0,30.0,70.0,83260.0,5860.0,7.0,6.0,0.096,0.083,0.3926265686917322,-0.28586360234228,-0.0079180791510087,883,17,MEDIUM,both,0.8431,2022-07-24,1
633,474.0,60.0,30.0,60.0,0.0,0.0,0.0,0.0,0.008,0.005,-0.0209402743369097,0.0751219620890743,-0.0293009430324547,474,13,MEDIUM,diag,0.6664,2024-04-19,0
634,521.0,60.0,30.0,60.0,0.0,0.0,0.0,0.0,0.005,0.004,-0.2381498582561104,0.0842334247226527,0.0950878451232428,521,17,MEDIUM,diag,0.5516,2025-01-28,0
635,1225.0,60.0,30.0,50.0,557790.0,-26550.0,4.0,4.0,0.038,0.038,-0.0216432727081553,-0.0790373517369252,0.053995474572461,1225,14,LARGE,posting,0.829,2024-05-09,0
636,160.0,60.0,30.0,60.0,60220.0,1430.0,0.0,0.0,0.025,0.017,0.2651150577884656,0.4589637966760592,0.2518333430815949,160,68,SMALL,diag,0.8614,2024-11-05,0
638,159.0,60.0,30.0,60.0,0.0,0.0,1.0,2.0,0.087,0.134,0.4052216727605646,0.1348358534808519,0.0666960699450479,159,22,SMALL,posting,0.6755,2024-03-01,0
640,1215.0,70.0,40.0,70.0,0.0,0.0,1.0,2.0,0.011,0.015,0.06913738933859,0.3738072842728239,0.0965343594236653,1215,25,LARGE,diag,0.701,2023-11-01,1
641,112.0,60.0,30.0,60.0,0.0,0.0,1.0,1.0,0.117,0.112,-0.0524301512169897,-0.2334790001186898,-0.0500601041263334,112,11,SMALL,diag,0.5807,2024-02-11,0
642,4377.0,120.0,80.0,70.0,0.0,0.0,5.0,8.0,0.013,0.022,0.2682207065321503,0.1980907485433806,0.0637965873821362,4377,13,LARGE,both,0.8327,2023-03-30,1
643,3933.0,90.0,50.0,70.0,1097410.0,-57920.0,7.0,17.0,0.021,0.051,0.1424999375080476,0.1586930713357046,0.1527369873847051,3933,10,LARGE,both,0.9316,2019-01-23,1
645,790.0,110.0,70.0,60.0,518170.0,43510.0,3.0,3.0,0.041,0.047,0.1595223198945419,0.3545189463518476,0.0853978727569384,790,24,MEDIUM,diag,0.5274,2024-09-18,0
647,540.0,60.0,30.0,60.0,56130.0,2320.0,3.0,1.0,0.064,0.029,-0.4825295623218035,0.3691677486719011,0.0393158580722366,540,48,MEDIUM,both,0.874,2025-02-24,0
650,327.0,50.0,30.0,50.0,0.0,0.0,0.0,1.0,0.017,0.039,-0.0570570970834978,-0.1607117910042362,-0.0221447653033115,327,30,MEDIUM,diag,0.3639,2023-03-14,1
651,1240.0,40.0,20.0,30.0,0.0,0.0,8.0,4.0,0.077,0.035,-0.5383947257296378,-0.2024476468917371,0.0667943035698117,1240,23,LARGE,diag,0.8393,2026-05-02,0
653,2331.0,60.0,30.0,60.0,728380.0,27200.0,3.0,6.0,0.015,0.032,-0.2692963405873615,-0.1208326425728296,0.1519854354077966,2331,26,LARGE,posting,0.7915,2024-09-02,0
654,132.0,50.0,30.0,50.0,0.0,0.0,1.0,1.0,0.058,0.053,-0.4474490752004511,0.1979697296610379,0.0269249838865532,132,36,SMALL,both,0.8216,2024-12-21,0
655,2379.0,60.0,30.0,60.0,0.0,0.0,6.0,7.0,0.029,0.033,-0.2308975217225016,0.1564211713385186,0.0469758594615596,2379,16,LARGE,diag,0.8371,2025-11-06,0
656,289.0,40.0,20.0,50.0,0.0,0.0,1.0,0.0,0.027,0.015,0.1605879462526069,0.244787985151908,0.0475595397024482,289,26,SMALL,diag,0.7382,2024-10-19,0
657,69.0,90.0,60.0,60.0,8520.0,-20.0,0.0,0.0,0.05,0.069,-0.0165175305038955,0.2159197520569798,0.1313498689476272,69,16,SMALL,diag,0.7786,2024-10-10,0
658,541.0,30.0,10.0,40.0,64590.0,-6660.0,1.0,1.0,0.016,0.011,-0.0183946866735324,-0.3487213542141665,-0.048038096944498,541,16,MEDIUM,diag,0.3751,2024-05-22,0
659,1948.0,60.0,30.0,60.0,234680.0,21350.0,19.0,31.0,0.115,0.194,-0.0977967088255015,-0.0687048832118371,-0.0187600970982581,1948,32,LARGE,diag,0.5809,2024-05-18,0
660,365.0,110.0,50.0,60.0,79500.0,4260.0,0.0,1.0,0.016,0.017,-0.1519280447873705,0.5151369109413303,0.2328285269342168,365,38,MEDIUM,posting,0.8119,2025-01-15,0
661,382.0,50.0,40.0,60.0,0.0,0.0,2.0,1.0,0.066,0.039,0.3815528196202522,-0.193502650453304,-0.0412419282772174,382,35,MEDIUM,both,0.6963,2025-01-20,0
662,336.0,60.0,30.0,60.0,0.0,0.0,1.0,1.0,0.033,0.026,0.1806819609389164,0.373383098883298,0.0697404192159821,336,32,MEDIUM,posting,0.678,2022-05-05,1
663,27.0,60.0,30.0,60.0,0.0,0.0,0.0,0.0,0.033,0.038,-0.0210477670343569,0.5697274804480671,-0.0357013701410186,27,67,SMALL,posting,0.1362,2021-09-15,1
665,2435.0,40.0,20.0,50.0,0.0,0.0,2.0,1.0,0.008,0.006,-0.1836982456484193,0.2930561947594718,0.0061788621827642,2435,46,LARGE,diag,0.3964,2022-06-16,1
666,1560.0,60.0,30.0,60.0,995180.0,62470.0,5.0,7.0,0.037,0.054,-0.116018426358103,-0.3119986960052912,0.0569273554274247,1560,5,LARGE,both,0.9148,2025-06-16,0
667,482.0,50.0,30.0,60.0,241230.0,-2720.0,0.0,0.0,0.011,0.009,0.2130958996439632,0.0879681708129893,0.0620100342442676,482,10,MEDIUM,both,0.9254,2024-09-10,0
670,1715.0,70.0,40.0,50.0,210030.0,51250.0,3.0,3.0,0.024,0.018,0.179305383009083,-0.3781606352994772,-0.0007547695741861,1715,24,LARGE,diag,0.5724,2024-09-13,0
671,745.0,60.0,30.0,60.0,309760.0,820.0,6.0,7.0,0.091,0.109,0.0917173805929358,0.1994873680366934,0.0505994000156967,745,38,MEDIUM,both,0.671,2023-05-14,1
674,444.0,60.0,30.0,60.0,0.0,0.0,1.0,3.0,0.038,0.084,-0.2494829451345376,-0.2089308275579089,-0.0397226927219989,444,48,MEDIUM,both,0.7059,2023-07-31,1
675,164.0,40.0,30.0,30.0,0.0,0.0,0.0,0.0,0.017,0.034,0.0852506005301456,-0.0952744723203402,-0.0377693904408458,164,37,SMALL,both,0.6632,2022-06-13,1
676,652.0,50.0,30.0,60.0,0.0,0.0,1.0,1.0,0.024,0.022,-0.1442624627637959,-0.3101947685064447,-0.0388468979858076,652,26,MEDIUM,both,0.608,2023-07-19,1
677,2770.0,70.0,40.0,60.0,0.0,0.0,0.0,0.0,0.002,0.002,0.2179571645616758,0.2865076924835034,0.1377867533766666,2770,3,LARGE,both,0.9196,2026-08-24,0
678,2729.0,60.0,30.0,60.0,0.0,0.0,3.0,3.0,0.014,0.012,0.0646035318069796,-0.0330907877931937,0.0237242971289702,2729,42,LARGE,posting,0.6648,2024-04-14,0
679,651.0,50.0,30.0,60.0,0.0,0.0,2.0,1.0,0.028,0.027,-0.0441146936795648,-0.0092955963128095,0.1508929637035829,651,18,MEDIUM,diag,0.8359,2024-08-18,0
680,113.0,80.0,40.0,60.0,16890.0,3100.0,0.0,0.0,0.022,0.016,0.2728264733081908,-0.0622591745276197,-0.0480933324712077,113,43,SMALL,diag,0.3837,2021-06-19,1
681,889.0,60.0,40.0,70.0,0.0,0.0,2.0,1.0,0.02,0.019,-0.1754661034515988,-0.357665435982393,0.0503179484984166,889,24,MEDIUM,diag,0.7646,2023-08-22,1
684,142.0,60.0,30.0,60.0,0.0,0.0,1.0,1.0,0.047,0.065,-0.0615767277609647,0.6257689861758889,0.155222379990162,142,33,SMALL,both,0.8907,2024-07-01,0
686,433.0,60.0,30.0,60.0,0.0,0.0,1.0,1.0,0.04,0.018,-0.1297498441726856,0.1016987530247807,-0.0429256517465665,433,17,MEDIUM,posting,0.8582,2025-01-14,0
687,995.0,60.0,30.0,60.0,1065260.0,335990.0,3.0,5.0,0.041,0.057,0.1202515294260085,0.2552379715589501,0.090081424293377,995,9,MEDIUM,posting,0.7346,2025-01-06,0
688,428.0,70.0,30.0,60.0,36900.0,1430.0,1.0,1.0,0.038,0.032,0.168473942630014,0.1412654055282272,0.0217923429104243,428,16,MEDIUM,diag,0.5853,2019-06-26,1
689,50.0,40.0,20.0,40.0,0.0,0.0,0.0,0.0,0.025,0.02,0.1864299751812062,-0.1185657272523244,0.0842314911774738,50,49,SMALL,posting,0.4365,2020-03-21,1
690,603.0,90.0,50.0,70.0,0.0,0.0,3.0,3.0,0.06,0.051,-0.0526916977565647,-0.1026925899905171,-0.0237214275816973,603,129,MEDIUM,posting,0.2405,2024-11-14,0
691,736.0,60.0,40.0,60.0,0.0,0.0,1.0,1.0,0.016,0.012,-0.2319757865016919,-0.3196308665749063,-0.1266511132097251,736,22,MEDIUM,both,0.8004,2021-07-02,1
692,766.0,60.0,30.0,60.0,0.0,0.0,1.0,1.0,0.017,0.021,-0.3721476088894938,-0.3173691494859689,-0.0550319896370664,766,62,MEDIUM,diag,0.3238,2024-01-05,0
694,252.0,60.0,30.0,60.0,41190.0,7780.0,0.0,0.0,0.011,0.009,0.1908755029100949,-0.2714835881748554,-0.1653990691274671,252,24,SMALL,posting,0.3402,2021-03-13,1
695,186.0,50.0,20.0,50.0,40180.0,4180.0,0.0,0.0,0.032,0.031,0.2501456337872543,-0.0203253077291118,-0.002557493036649,186,30,SMALL,diag,0.3074,2021-02-09,1
696,794.0,60.0,30.0,60.0,0.0,0.0,0.0,0.0,0.006,0.006,-0.316790974020383,-0.0358482116986891,0.0203792336856764,794,26,MEDIUM,both,0.478,2020-09-05,1
699,1340.0,90.0,50.0,50.0,0.0,0.0,1.0,1.0,0.005,0.012,0.0736870642482904,-0.0991673505649577,0.0256453530509241,1340,5,LARGE,diag,0.5938,2024-02-22,0
700,179.0,40.0,20.0,60.0,0.0,0.0,0.0,0.0,0.017,0.013,0.001145043040656,0.3420754866544853,0.1410819760846026,179,28,SMALL,both,0.8038,2024-05-06,0
701,1350.0,80.0,50.0,60.0,958900.0,137140.0,3.0,1.0,0.025,0.009,0.2464275574737482,-0.4015515441847271,-0.0574207608644739,1350,36,LARGE,posting,0.5453,2023-08-26,1
702,744.0,60.0,40.0,60.0,388610.0,-37110.0,4.0,6.0,0.063,0.096,-0.0796583508594952,-0.2019302787819711,-0.0388069988161046,744,12,MEDIUM,both,0.7019,2024-05-11,0
705,2526.0,60.0,30.0,50.0,294640.0,71150.0,12.0,6.0,0.055,0.031,0.3097753811364883,0.1827171408226221,0.0055501455040041,2526,17,LARGE,both,0.9207,2020-01-03,1
707,153.0,90.0,60.0,80.0,0.0,0.0,1.0,1.0,0.077,0.069,0.135088132772322,-0.3357849265910815,-0.0566310645049759,153,6,SMALL,both,0.6303,2016-12-03,1
708,337.0,60.0,30.0,60.0,63090.0,-2410.0,1.0,1.0,0.031,0.037,0.5260142186723794,0.1572249895942944,-0.0786846111375051,337,8,MEDIUM,diag,0.1812,2023-12-18,0
709,401.0,60.0,30.0,60.0,0.0,0.0,0.0,0.0,0.012,0.012,-0.2371628164306262,0.1875415684759502,0.0644093173949149,401,11,ETC,diag,0.7863,2026-09-12,0
710,1839.0,80.0,50.0,60.0,772390.0,84940.0,5.0,3.0,0.032,0.017,0.0383259189748389,-0.647733629291493,0.0068466813386886,1839,22,ETC,posting,0.6873,2021-12-31,1
711,102.0,60.0,30.0,60.0,0.0,0.0,0.0,0.0,0.015,0.019,0.3790022712848548,0.1502997074178573,0.0687591208231423,102,22,SMALL,posting,0.4573,2022-12-11,1
712,345.0,60.0,40.0,60.0,0.0,0.0,0.0,0.0,0.01,0.009,0.1427443957636596,-0.0546320910739762,0.0524225042299687,345,36,MEDIUM,posting,0.5634,2022-11-03,1
719,988.0,30.0,20.0,40.0,0.0,0.0,5.0,6.0,0.066,0.079,0.2730546947509695,-0.3307899477862177,0.0253397702482266,988,39,MEDIUM,diag,0.7016,2024-02-24,0
720,169.0,60.0,30.0,60.0,46920.0,-8630.0,1.0,0.0,0.046,0.025,-0.0131354019886496,-0.0991602480005584,0.005310669306286,169,17,SMALL,diag,0.453,2024-04-15,0
721,624.0,40.0,20.0,30.0,238060.0,-2360.0,1.0,1.0,0.011,0.01,0.1652403203982196,0.3848267373433723,0.029994468927334,624,14,MEDIUM,both,0.8696,2025-01-16,0
724,1177.0,60.0,30.0,60.0,235430.0,38910.0,3.0,5.0,0.03,0.054,0.3849651622831929,0.085320265001393,-0.0767688836184171,1177,23,LARGE,posting,0.3499,2019-09-02,1
725,244.0,40.0,20.0,60.0,31130.0,540.0,1.0,1.0,0.039,0.071,-0.0193523717196294,-0.1624562712125712,0.0465893308391159,244,9,SMALL,both,0.8948,2022-06-30,1
726,476.0,60.0,30.0,50.0,77210.0,-7850.0,5.0,11.0,0.127,0.287,0.2868636614933429,0.0185779356692958,-0.0813784123036805,476,29,MEDIUM,both,0.3981,2024-09-20,0
729,1084.0,60.0,30.0,60.0,0.0,0.0,3.0,4.0,0.031,0.043,0.1813638494122827,0.3530298338583683,0.0442405813993903,1084,7,LARGE,both,0.8741,2023-07-07,1
730,281.0,140.0,70.0,80.0,30710.0,2700.0,1.0,2.0,0.035,0.071,0.0589147587139571,0.0093505469918142,-0.0036566314194532,281,15,SMALL,diag,0.5643,2024-07-14,0
731,598.0,40.0,20.0,50.0,0.0,0.0,4.0,4.0,0.082,0.077,0.0712168443708229,0.007344266550397,0.0113171175658065,598,14,MEDIUM,posting,0.8496,2027-02-18,0
733,1075.0,50.0,30.0,50.0,0.0,0.0,2.0,2.0,0.022,0.017,0.3066692683214819,-0.1216376129771165,0.0218290721028081,1075,9,LARGE,both,0.8412,2024-03-24,0
734,160.0,30.0,20.0,30.0,217510.0,21050.0,0.0,0.0,0.006,0.007,-0.2914753885535346,-0.0060836721653517,-0.0008037565788021,160,14,SMALL,both,0.8128,2025-01-11,0
736,102.0,30.0,20.0,40.0,0.0,0.0,0.0,0.0,0.031,0.028,-0.2018187821157638,0.4572006520667671,0.1275607702157809,102,42,SMALL,diag,0.5927,2022-10-13,1
737,541.0,60.0,30.0,60.0,50690.0,-3630.0,1.0,2.0,0.033,0.046,-0.098710780292624,-0.0378845750857494,-0.0563593589822182,541,30,MEDIUM,diag,0.5178,2019-03-19,1
738,394.0,40.0,20.0,60.0,0.0,0.0,0.0,1.0,0.01,0.024,-0.1381243607786739,0.2503830081452584,0.2235633759312492,394,23,MEDIUM,diag,0.8266,2024-10-24,0
740,1085.0,60.0,30.0,60.0,0.0,0.0,3.0,4.0,0.035,0.044,0.0161551584250708,0.3615792872406653,-0.0441935954746247,1085,19,LARGE,both,0.8435,2024-03-09,0
741,151.0,60.0,30.0,60.0,51590.0,1320.0,0.0,0.0,0.006,0.017,0.3228856488367609,0.5951842411255552,0.1002956876960751,151,80,SMALL,both,0.6802,2025-04-25,0
743,773.0,60.0,30.0,50.0,0.0,0.0,0.0,0.0,0.002,0.002,-0.1784303321384239,0.3276282756483625,0.0702879243034155,773,42,MEDIUM,both,0.7532,2022-08-25,1
744,137.0,80.0,50.0,50.0,80790.0,3280.0,0.0,0.0,0.003,0.002,-0.0962611240740554,-0.2069586004245515,-0.082661814755858,137,31,SMALL,both,0.5718,2024-09-07,0
745,382.0,30.0,20.0,30.0,13800.0,2680.0,1.0,1.0,0.036,0.042,-0.3513288540013319,-0.0510871640541695,-0.0332539853968028,382,17,MEDIUM,diag,0.3758,2022-07-26,1
749,3414.0,60.0,40.0,60.0,0.0,0.0,9.0,6.0,0.032,0.021,0.1584091274042769,0.2844927742440095,-0.0138179114071565,3414,75,LARGE,both,0.779,2025-01-31,0
750,498.0,80.0,40.0,70.0,0.0,0.0,1.0,1.0,0.018,0.031,0.1252839334611163,-0.6633444851816801,-0.1241027733046606,498,20,MEDIUM,diag,0.2692,2024-11-08,0
751,217.0,60.0,30.0,60.0,0.0,0.0,0.0,0.0,0.018,0.014,-0.0217141142054524,0.1506422202295582,0.0596428438281327,217,30,SMALL,posting,0.6851,2020-07-17,1
752,188.0,30.0,20.0,30.0,60060.0,7800.0,1.0,2.0,0.061,0.119,0.0417014628868843,-0.0852044754499554,-0.0997340875885686,188,29,SMALL,both,0.5308,2017-05-02,1
753,384.0,60.0,30.0,60.0,0.0,0.0,3.0,2.0,0.101,0.07,0.0674943529398806,-0.3009873336852969,-0.0707127713544346,384,20,MEDIUM,both,0.5834,2020-11-11,1
754,346.0,70.0,50.0,60.0,164090.0,7460.0,1.0,0.0,0.029,0.007,0.209510860612226,0.7185297828851098,0.1755789397298277,346,3,MEDIUM,posting,0.9114,2024-03-03,0
755,657.0,40.0,20.0,40.0,0.0,0.0,1.0,1.0,0.013,0.01,0.0063184717582518,0.0573938790659352,-0.1195094842480385,657,26,MEDIUM,diag,0.3039,2021-03-06,1
758,5564.0,80.0,50.0,70.0,0.0,0.0,9.0,5.0,0.019,0.012,0.0023588233909425,0.453305758290927,-0.0455426118647845,5564,26,LARGE,diag,0.8077,2022-12-15,1
759,36.0,60.0,30.0,60.0,0.0,0.0,0.0,0.0,0.011,0.01,0.332167546692341,-0.2552702149617881,0.0097534646491521,36,46,SMALL,both,0.4182,2021-02-13,1
760,382.0,60.0,30.0,60.0,69370.0,460.0,0.0,0.0,0.002,0.002,0.5852322230285621,0.4004649329073603,0.1132158027441909,382,36,MEDIUM,posting,0.7359,2024-07-21,0
762,534.0,110.0,50.0,60.0,22780.0,1850.0,4.0,5.0,0.084,0.11,0.1444520993384222,0.2542424951163869,-0.0950966617456884,534,29,MEDIUM,diag,0.3955,2024-06-03,0
763,68.0,70.0,50.0,70.0,0.0,0.0,0.0,0.0,0.075,0.045,0.2062557344351154,0.0500362796046876,-0.0377086866363838,68,7,SMALL,posting,0.6196,2021-03-21,1
765,310.0,20.0,10.0,30.0,0.0,0.0,0.0,0.0,0.007,0.007,-0.0573305166770821,-0.0930893920398783,-0.144281772057192,310,4,MEDIUM,both,0.4166,2024-04-08,0
767,9570.0,60.0,30.0,40.0,0.0,0.0,44.0,102.0,0.055,0.127,0.209256726429641,-0.0205939702634203,0.1089628958935251,9570,24,LARGE,posting,0.8992,2026-04-02,0
768,1085.0,60.0,30.0,60.0,343580.0,19100.0,2.0,4.0,0.022,0.042,-0.1365640358620764,0.2098075300253093,0.1734355974191383,1085,3,LARGE,both,0.9575,2021-11-03,1
769,746.0,30.0,20.0,40.0,679720.0,8320.0,3.0,2.0,0.053,0.038,-0.0277944682620209,-0.1863040757543303,0.0424462063667107,746,18,MEDIUM,posting,0.718,2024-06-15,0
770,463.0,40.0,30.0,60.0,0.0,0.0,1.0,1.0,0.022,0.02,0.3181082747662994,-0.168743192639465,0.0767246975270164,463,9,MEDIUM,both,0.7347,2021-06-20,1
771,525.0,60.0,30.0,50.0,0.0,0.0,4.0,5.0,0.099,0.121,0.1929687279433167,-0.2346867904022451,-0.0635749869168004,525,7,MEDIUM,diag,0.5641,2023-06-30,1
773,396.0,70.0,50.0,60.0,0.0,0.0,2.0,2.0,0.054,0.061,0.0245994737354937,0.0477630294018025,0.0268924321851362,396,20,MEDIUM,diag,0.8005,2019-03-06,1
774,231.0,30.0,10.0,40.0,0.0,0.0,0.0,1.0,0.02,0.041,0.1845870410417388,-0.2088280500654971,-0.0554289736972014,231,20,SMALL,posting,0.1785,2023-12-31,0
776,244.0,60.0,30.0,60.0,0.0,0.0,2.0,3.0,0.089,0.133,0.0338846989666707,0.1240012135926238,0.1128977928894472,244,29,SMALL,diag,0.7208,2020-11-05,1
777,1496.0,50.0,30.0,40.0,924380.0,-29060.0,1.0,2.0,0.009,0.014,0.1413761368035383,0.0861874144013928,0.0743389274133254,1496,9,LARGE,diag,0.8182,2025-02-14,0
779,1830.0,50.0,30.0,50.0,0.0,0.0,4.0,7.0,0.028,0.047,-0.0123237690646048,0.1314932233182092,-0.0136070217132236,1830,25,LARGE,posting,0.5979,2019-04-11,1
780,923.0,70.0,40.0,60.0,163520.0,26080.0,6.0,6.0,0.077,0.075,0.0566614760976023,-0.1404265052916151,0.1749148795840441,923,12,MEDIUM,diag,0.8713,2024-11-23,0
782,388.0,50.0,20.0,50.0,0.0,0.0,0.0,0.0,0.015,0.009,-0.3199941071808755,0.2027025812013182,0.0207197599027617,388,9,MEDIUM,diag,0.5559,2021-10-22,1
783,365.0,60.0,30.0,50.0,152550.0,600.0,3.0,11.0,0.084,0.375,0.1672495463037971,0.1226422084895551,0.0184623473974598,365,68,MEDIUM,both,0.5177,2019-08-24,1
785,1170.0,90.0,50.0,80.0,0.0,0.0,2.0,1.0,0.021,0.013,-0.1025238988913352,0.6116594622418695,0.1749616060910881,1170,19,LARGE,posting,0.9035,2024-10-24,0
787,622.0,50.0,30.0,70.0,0.0,0.0,1.0,1.0,0.013,0.011,0.075639432114038,-0.223437236467979,-0.0705389747341983,622,28,MEDIUM,diag,0.196,2024-03-11,0
789,182.0,60.0,30.0,60.0,0.0,0.0,1.0,1.0,0.059,0.043,0.0772247253545696,-0.0203070655353981,0.0441485527055367,182,47,SMALL,both,0.6785,2024-09-24,0
790,1491.0,60.0,30.0,50.0,861370.0,57580.0,5.0,11.0,0.039,0.089,0.1866020829454898,0.2566284024710364,0.0907346220320754,1491,42,LARGE,diag,0.7016,2022-08-02,1
791,541.0,60.0,30.0,60.0,838420.0,49840.0,0.0,0.0,0.004,0.004,-0.2618518595387514,-0.0666825798436318,-0.0538267688760049,541,17,MEDIUM,diag,0.3689,2024-06-10,0
792,1356.0,60.0,30.0,60.0,0.0,0.0,2.0,3.0,0.022,0.029,0.2519134118531648,-0.1479885732179992,-0.0229216360207336,1356,35,LARGE,diag,0.6844,2024-10-31,0
794,237.0,50.0,20.0,60.0,0.0,0.0,1.0,0.0,0.032,0.017,0.1285217252625424,0.1872789852752205,0.0218568847585531,237,31,SMALL,both,0.8212,2024-07-26,0
798,236.0,60.0,30.0,50.0,78650.0,3590.0,1.0,2.0,0.074,0.086,-0.0625254845693842,0.4177668982063374,0.2095461218486765,236,18,SMALL,both,0.9279,2024-05-26,0
802,305.0,60.0,30.0,60.0,102750.0,1280.0,0.0,0.0,0.008,0.006,0.0138327096491263,0.3753923375616809,0.1333868969262896,305,7,MEDIUM,posting,0.6768,2024-04-10,0
803,715.0,70.0,40.0,70.0,158380.0,3110.0,3.0,2.0,0.054,0.033,0.0218200013530066,0.2845503748045151,0.1409526888017327,715,18,MEDIUM,diag,0.7912,2024-02-14,0
805,660.0,60.0,30.0,60.0,0.0,0.0,2.0,2.0,0.028,0.027,-0.2971255326055265,-0.0141813482342734,-0.1748241118023228,660,31,MEDIUM,diag,0.2323,2021-01-09,1
808,84.0,50.0,30.0,50.0,10790.0,1090.0,0.0,0.0,0.022,0.036,0.2675021519181137,-0.3292281296487662,-0.1112125635773432,84,26,ETC,diag,0.253,2024-08-15,0
810,396.0,40.0,20.0,50.0,0.0,0.0,3.0,3.0,0.078,0.08,-0.0032966263610039,0.1352741978890493,0.074889960854956,396,8,MEDIUM,both,0.8898,2022-11-08,1
812,332.0,90.0,60.0,60.0,0.0,0.0,1.0,1.0,0.031,0.025,0.0750025120337188,0.2130467543762452,-0.0526077989413616,332,96,MEDIUM,posting,0.1523,2018-08-20,1
815,459.0,40.0,30.0,40.0,365750.0,54760.0,1.0,1.0,0.016,0.017,0.2307394529577027,0.0026546758022954,-0.0280136515375016,459,14,MEDIUM,both,0.6407,2024-03-26,0
817,930.0,90.0,50.0,70.0,526190.0,73770.0,7.0,5.0,0.093,0.069,-0.1363626764896033,-0.29701262860378,-0.0164968595213799,930,5,MEDIUM,diag,0.6466,2024-11-02,0
818,126.0,120.0,70.0,90.0,14170.0,240.0,0.0,0.0,0.021,0.017,0.2472274310496716,0.1876326199249065,0.1053018450699023,126,24,SMALL,posting,0.6985,2027-01-09,0
819,149.0,60.0,30.0,50.0,22060.0,-900.0,0.0,0.0,0.023,0.018,0.1104284842056657,0.2517781055068117,-0.0310083130305387,149,13,SMALL,posting,0.5349,2017-10-10,1
821,483.0,90.0,60.0,70.0,0.0,0.0,0.0,1.0,0.011,0.013,0.0418735532143131,0.1143953355458683,0.1560041591121853,483,51,MEDIUM,both,0.8539,2024-07-18,0
823,1065.0,70.0,40.0,70.0,98590.0,11780.0,4.0,7.0,0.045,0.074,0.1613820185442797,0.0084848531207315,0.02059616187174,1065,3,LARGE,posting,0.6351,2023-08-17,1
825,247.0,60.0,30.0,60.0,0.0,0.0,1.0,1.0,0.037,0.034,0.5425798920964384,-0.3478428566551386,0.0149329903838617,247,4,SMALL,posting,0.6263,2025-09-09,0
828,449.0,50.0,30.0,50.0,136150.0,26710.0,1.0,0.0,0.016,0.009,0.0302319826479042,-0.0221086247597287,-0.0696029709044596,449,64,MEDIUM,both,0.5867,2024-12-23,0
829,747.0,60.0,30.0,60.0,186070.0,-12700.0,1.0,1.0,0.017,0.02,-0.3772861513045406,0.4551985549124565,0.0339289606551135,747,31,MEDIUM,both,0.8741,2019-03-11,1
830,388.0,50.0,30.0,30.0,0.0,0.0,3.0,4.0,0.082,0.11,0.0892043007873632,0.4033944380038699,0.1216562066155394,388,15,MEDIUM,posting,0.8444,2024-09-17,0
832,272.0,60.0,30.0,60.0,17590.0,400.0,2.0,2.0,0.07,0.089,0.03614068578027,0.519348231743056,0.1034704844411899,272,16,SMALL,both,0.8329,2024-11-20,0
834,857.0,60.0,30.0,40.0,0.0,0.0,2.0,3.0,0.034,0.043,-0.1425446726120144,0.131396222732299,0.062811086977009,857,43,MEDIUM,both,0.7865,2024-08-10,0
835,224.0,60.0,40.0,80.0,0.0,0.0,1.0,1.0,0.038,0.073,-0.3655743548864316,0.3997988739870848,0.1286302573688417,224,39,SMALL,posting,0.5111,2020-09-15,1
836,174.0,80.0,40.0,60.0,0.0,0.0,0.0,0.0,0.012,0.015,-0.0332337689598237,0.2196932591365778,0.1281151424646331,174,19,SMALL,diag,0.7511,2024-03-25,0
837,781.0,100.0,50.0,70.0,0.0,0.0,0.0,1.0,0.007,0.009,-0.096989885171397,-0.0734011493342029,-0.1618990964018899,781,44,MEDIUM,posting,0.1278,2024-01-12,0
838,576.0,50.0,30.0,50.0,177220.0,20050.0,1.0,1.0,0.016,0.016,0.2312034932793072,-0.1822273825863247,0.0175871008538303,576,42,MEDIUM,posting,0.4514,2021-12-06,1
839,957.0,60.0,30.0,60.0,0.0,0.0,1.0,1.0,0.015,0.007,-0.0355480271401934,-0.0517870501247141,0.1538330952004661,957,44,MEDIUM,diag,0.7886,2024-02-29,0
841,1025.0,30.0,10.0,20.0,0.0,0.0,9.0,9.0,0.11,0.106,-0.0200691462525798,-0.0467096098798071,0.0801016765224525,1025,27,LARGE,both,0.904,2024-10-14,0
845,433.0,70.0,30.0,50.0,0.0,0.0,1.0,1.0,0.031,0.025,-0.0790882200494411,0.1859185728965376,0.1525838950073057,433,39,MEDIUM,both,0.8201,2024-10-06,0
848,606.0,60.0,30.0,60.0,480770.0,66450.0,0.0,1.0,0.009,0.02,-0.0710465399049528,0.0603331899720057,-0.0467555072585971,606,20,MEDIUM,both,0.6177,2024-08-20,0
850,547.0,70.0,40.0,50.0,30380.0,5140.0,0.0,0.0,0.003,0.006,0.1813760911034094,0.4047743932780705,0.1482514363811441,547,8,MEDIUM,both,0.7846,2024-02-29,0
851,238.0,50.0,30.0,50.0,0.0,0.0,0.0,0.0,0.015,0.014,-0.1558279697134268,0.111822358323567,0.0346997690837789,238,30,SMALL,both,0.6233,2023-12-03,0
852,529.0,40.0,30.0,70.0,371550.0,44890.0,1.0,1.0,0.028,0.022,-0.0487305800213728,0.1309667380852589,-0.0816815883205849,529,9,MEDIUM,diag,0.5725,2022-07-25,1
854,1740.0,80.0,40.0,50.0,0.0,0.0,10.0,18.0,0.071,0.123,0.0288440300128663,0.2810608847455564,0.062355740025684,1740,2,LARGE,diag,0.8185,2025-08-19,0
859,257.0,50.0,30.0,60.0,0.0,0.0,0.0,0.0,0.017,0.01,0.1515465261085245,-0.1686699514201979,0.0535137984807434,257,20,SMALL,diag,0.7126,2024-11-16,0
860,1658.0,60.0,30.0,50.0,678500.0,22830.0,2.0,2.0,0.016,0.012,0.2779595553771729,0.0080685252858255,0.0981235789028445,1658,43,LARGE,both,0.8884,2025-09-07,0
862,1832.0,60.0,30.0,60.0,0.0,0.0,3.0,9.0,0.017,0.058,-0.0751047348064688,0.2240600523857592,-0.1358300745980756,1832,37,LARGE,diag,0.0741,2025-08-08,0
863,240.0,60.0,30.0,60.0,0.0,0.0,0.0,0.0,0.004,0.003,-0.0206365933600938,-0.0770448621520574,-0.0883612836539222,240,20,ETC,diag,0.223,2020-06-10,1
865,52.0,60.0,40.0,70.0,22460.0,-360.0,0.0,0.0,0.072,0.043,0.1723825992925747,0.0385930616963686,0.1032680631095905,52,47,SMALL,diag,0.6671,2020-08-05,1
866,124.0,60.0,30.0,60.0,0.0,0.0,0.0,0.0,0.012,0.012,-0.256681896512385,0.7493051682331531,0.0810410619440313,124,66,SMALL,both,0.7673,2022-10-17,1
867,415.0,60.0,30.0,40.0,0.0,0.0,2.0,1.0,0.044,0.035,-0.2171947949953984,0.7745776306045447,0.1972838970459284,415,10,MEDIUM,both,0.9516,2024-09-12,0
869,1924.0,50.0,30.0,50.0,0.0,0.0,8.0,6.0,0.048,0.038,0.0787045990378842,0.0703771789169801,0.0756397587126241,1924,10,LARGE,both,0.9491,2024-06-15,0
870,380.0,60.0,30.0,60.0,0.0,0.0,2.0,2.0,0.048,0.064,0.0316772557894493,0.4620324950455168,-0.0180689135107559,380,29,MEDIUM,diag,0.4807,2021-05-20,1
873,1892.0,60.0,30.0,60.0,0.0,0.0,7.0,16.0,0.046,0.103,0.3844100919492644,0.2911371032565528,0.0480189815746256,1892,18,LARGE,diag,0.6952,2025-01-21,0
874,709.0,60.0,30.0,60.0,0.0,0.0,2.0,3.0,0.032,0.045,-0.0450850806702033,0.1780709300438715,0.1185801054760943,709,21,MEDIUM,diag,0.691,2020-05-15,1
876,189.0,60.0,30.0,60.0,70230.0,-4640.0,0.0,0.0,0.02,0.01,0.2817560919323219,-0.08248241017553,-0.0691503232943967,189,12,SMALL,diag,0.4594,2020-12-05,1
879,445.0,40.0,20.0,60.0,0.0,0.0,1.0,1.0,0.022,0.021,-0.3308889027608673,0.4365210479328706,0.0976860710584742,445,51,MEDIUM,posting,0.6699,2021-08-08,1
882,339.0,60.0,40.0,70.0,0.0,0.0,0.0,1.0,0.012,0.018,0.1556782814604795,-0.3703962622194851,-0.0211965892642494,339,30,MEDIUM,both,0.7272,2019-02-01,1
883,667.0,60.0,30.0,50.0,0.0,0.0,1.0,1.0,0.011,0.021,0.0613225277612564,0.176803720595911,0.1145732854845781,667,36,MEDIUM,posting,0.5004,2025-01-17,0
885,831.0,60.0,30.0,60.0,0.0,0.0,1.0,1.0,0.013,0.014,-0.1412137726068567,0.0291538624983216,-0.0184730207014299,831,56,MEDIUM,diag,0.4269,2024-12-26,0
887,244.0,70.0,40.0,60.0,0.0,0.0,0.0,0.0,0.01,0.008,0.003697624533101,0.3916625596845007,0.0523070369243185,244,16,SMALL,both,0.8515,2018-11-05,1
888,367.0,60.0,30.0,60.0,0.0,0.0,1.0,2.0,0.037,0.052,0.3675554055663312,-0.1195435202767506,0.0041395535273347,367,25,MEDIUM,posting,0.5007,2026-02-17,0
891,414.0,50.0,30.0,30.0,0.0,0.0,1.0,2.0,0.029,0.053,0.3888906070039252,0.3792787304456393,0.0686896284261356,414,49,MEDIUM,posting,0.5744,2021-07-02,1
893,551.0,20.0,10.0,40.0,0.0,0.0,1.0,1.0,0.012,0.023,0.2045643380625074,-0.26489319661678,-0.0107484620715203,551,6,MEDIUM,posting,0.4466,2024-05-16,0
894,119.0,60.0,30.0,60.0,60420.0,14620.0,0.0,0.0,0.019,0.016,-0.0021646148872128,0.1659021956667522,0.0431364784954277,119,32,SMALL,posting,0.5903,2021-10-15,1
895,146.0,40.0,20.0,60.0,0.0,0.0,0.0,1.0,0.033,0.045,0.0595849861896914,0.0300808115518729,-0.0054972900783352,146,41,SMALL,both,0.3472,2023-12-13,0
896,66.0,60.0,30.0,60.0,6320.0,-110.0,0.0,0.0,0.051,0.041,0.1677992561798783,-0.9,-0.2340108861093847,66,22,SMALL,diag,0.1122,2024-08-16,0
897,202.0,60.0,30.0,60.0,80640.0,5620.0,1.0,1.0,0.083,0.068,-0.1311403865755899,-0.6979036271480893,-0.0811279099297712,202,20,SMALL,both,0.5433,2025-02-04,0
899,380.0,40.0,30.0,70.0,176510.0,20610.0,0.0,0.0,0.011,0.006,0.0971996153567875,-0.0093207306792838,-0.012534116438344,380,49,MEDIUM,posting,0.5478,2024-06-09,0
900,2301.0,40.0,30.0,40.0,0.0,0.0,2.0,2.0,0.012,0.012,0.3810554176188262,0.5153995873575414,0.0808791893176143,2301,8,LARGE,both,0.9006,2024-03-26,0
901,184.0,50.0,30.0,60.0,31820.0,-790.0,0.0,0.0,0.018,0.016,-0.098101888732934,-0.0372019092166118,0.0600411784492506,184,53,SMALL,posting,0.4336,2024-03-29,0
905,355.0,100.0,50.0,60.0,175030.0,34200.0,2.0,2.0,0.073,0.062,0.2818601527443752,-0.4584530189033146,-0.1079712455527426,355,5,MEDIUM,posting,0.6376,2022-01-22,1
906,279.0,60.0,30.0,60.0,39410.0,2920.0,0.0,0.0,0.005,0.005,-0.5926667458357873,-0.2198658507382301,0.0465446113268804,279,22,SMALL,posting,0.4278,2023-10-17,1
908,244.0,60.0,30.0,60.0,115060.0,6470.0,1.0,1.0,0.064,0.055,0.2850229493673396,-0.8992675660287683,-0.164493659776702,244,28,SMALL,diag,0.1367,2020-10-20,1
910,440.0,60.0,40.0,60.0,54660.0,1670.0,2.0,2.0,0.048,0.05,-0.0965815462385222,-0.3912066381068343,-0.2436351081050347,440,18,MEDIUM,both,0.3161,2019-07-03,1
911,489.0,110.0,60.0,60.0,0.0,0.0,2.0,7.0,0.055,0.165,0.1124930599862479,0.1833802541307732,0.1540143039577207,489,9,MEDIUM,posting,0.794,2019-03-04,1
912,237.0,60.0,30.0,60.0,0.0,0.0,1.0,1.0,0.038,0.042,0.1602152591091001,0.1435923320989386,-0.0483837556472063,237,17,SMALL,both,0.5388,2023-05-14,1
913,229.0,80.0,40.0,70.0,0.0,0.0,0.0,0.0,0.012,0.012,-0.2084275784071377,0.2208684624283539,0.0257922940559301,229,6,SMALL,posting,0.4998,2024-10-04,0
915,669.0,90.0,40.0,70.0,649880.0,-25680.0,4.0,2.0,0.065,0.037,-0.4768278794188554,-0.0481992690639775,-0.076416696056412,669,43,MEDIUM,both,0.6357,2021-11-05,1
917,341.0,20.0,10.0,40.0,219420.0,-7930.0,2.0,3.0,0.056,0.089,0.445375328579412,0.2462967285216055,0.1178165358787943,341,23,MEDIUM,posting,0.645,2021-05-01,1
922,667.0,30.0,20.0,50.0,180730.0,34440.0,6.0,7.0,0.116,0.117,0.0123863792081488,0.5363183617659637,0.1676397913153866,667,48,MEDIUM,diag,0.8269,2026-12-09,0
923,385.0,40.0,20.0,40.0,48250.0,7610.0,0.0,0.0,0.006,0.004,0.1968975586672284,0.6279058836675169,0.0075456847834078,385,25,MEDIUM,diag,0.4475,2024-04-10,0
925,3706.0,60.0,30.0,60.0,0.0,0.0,3.0,5.0,0.01,0.015,0.1011898362330604,0.2580039134164209,-0.0122901073964734,3706,2,LARGE,posting,0.5616,2022-10-26,1
926,835.0,40.0,30.0,60.0,179140.0,780.0,0.0,0.0,0.004,0.002,-0.0979565539674811,0.1140427496810509,0.155837132680691,835,11,MEDIUM,diag,0.8417,2024-04-24,0
928,6336.0,100.0,60.0,60.0,631070.0,45670.0,17.0,22.0,0.032,0.042,-0.2622682950282461,-0.0119317216289849,-0.1000069072066497,6336,17,LARGE,both,0.6336,2023-12-02,0
929,217.0,60.0,30.0,60.0,0.0,0.0,1.0,1.0,0.073,0.031,0.334254396816692,-0.0517455959942006,0.0287026390180658,217,27,SMALL,both,0.914,2023-08-16,1
931,250.0,70.0,50.0,80.0,97890.0,11230.0,1.0,1.0,0.049,0.027,0.3903117335647788,-0.6909088583194611,-0.0864563779269636,250,10,SMALL,diag,0.8112,2024-07-09,0
932,323.0,40.0,20.0,50.0,0.0,0.0,1.0,2.0,0.039,0.08,-0.0438366962371713,0.2639737033261923,0.1359615564030108,323,19,MEDIUM,diag,0.8081,2024-05-08,0
934,642.0,80.0,60.0,70.0,62290.0,9070.0,0.0,0.0,0.007,0.007,0.0660332630378613,0.0188550499220085,-0.0626857432168147,642,51,MEDIUM,diag,0.4068,2023-04-11,1
935,887.0,70.0,30.0,60.0,0.0,0.0,11.0,8.0,0.145,0.103,0.3298322049930459,0.0275261548176314,0.1189490136829772,887,11,MEDIUM,diag,0.877,2024-09-01,0
937,147.0,30.0,20.0,50.0,0.0,0.0,1.0,0.0,0.077,0.039,0.3698420418521622,0.0581446753883636,0.0272869022900939,147,9,SMALL,posting,0.7425,2024-06-14,0
940,487.0,60.0,30.0,60.0,0.0,0.0,1.0,0.0,0.027,0.012,0.1356323888297418,0.2540565639420821,0.1401963118714392,487,15,MEDIUM,posting,0.9584,2024-08-14,0
944,196.0,50.0,30.0,70.0,0.0,0.0,1.0,1.0,0.046,0.048,0.1577497767859763,-0.1806804817468716,-0.0096047999929424,196,11,SMALL,diag,0.4897,2021-10-25,1
946,193.0,80.0,40.0,70.0,0.0,0.0,0.0,0.0,0.011,0.01,0.0212981416030991,-0.2707854647295911,-0.0891694813181122,193,9,SMALL,posting,0.2533,2023-09-26,1
948,306.0,40.0,20.0,50.0,0.0,0.0,0.0,0.0,0.003,0.003,0.4861959507983099,0.0724106495021589,-0.0822155188457288,306,11,MEDIUM,diag,0.236,2025-09-13,0
951,217.0,40.0,20.0,30.0,0.0,0.0,0.0,0.0,0.005,0.002,-0.0173127925959805,-0.3033009139137778,-0.1360010716983226,217,3,SMALL,both,0.6065,2024-10-12,0
954,715.0,90.0,60.0,60.0,0.0,0.0,1.0,0.0,0.011,0.008,0.1787256583707304,0.2080818669453495,0.0257655748342089,715,24,MEDIUM,posting,0.616,2024-06-15,0
956,253.0,40.0,20.0,60.0,0.0,0.0,1.0,0.0,0.027,0.017,0.0979490968554442,0.4827651256982556,0.1771661124766794,253,12,SMALL,diag,0.8751,2024-06-15,0
958,650.0,50.0,30.0,60.0,0.0,0.0,1.0,1.0,0.021,0.019,-0.3413550322742009,0.3488243166170937,0.0745441452365907,650,34,MEDIUM,diag,0.7447,2024-04-12,0
959,1007.0,60.0,30.0,60.0,71050.0,2380.0,2.0,2.0,0.027,0.019,-0.0139470034624717,-0.6653908948693404,-0.0656565334821201,1007,40,LARGE,posting,0.589,2019-10-08,1
960,362.0,60.0,30.0,60.0,213080.0,-4520.0,0.0,0.0,0.013,0.01,0.1370337699551759,-0.0889982854490549,0.146456272399939,362,20,MEDIUM,posting,0.9005,2025-01-02,0
961,2525.0,70.0,40.0,50.0,0.0,0.0,9.0,9.0,0.043,0.044,0.2521977818643629,0.5525766580074453,0.1238337363599102,2525,37,LARGE,posting,0.844,2023-12-18,0
962,29.0,60.0,30.0,60.0,7170.0,-460.0,0.0,0.0,0.163,0.087,0.3078996366988621,-0.0362887971947834,-0.001730299966183,29,12,SMALL,diag,0.5382,2021-11-06,1
964,617.0,90.0,50.0,70.0,0.0,0.0,1.0,2.0,0.029,0.041,0.185517542176551,-0.1800693138391111,0.0028466598574814,617,27,MEDIUM,posting,0.5722,2021-04-13,1
966,249.0,60.0,30.0,60.0,39440.0,2350.0,1.0,1.0,0.026,0.034,0.1702662279961512,-0.0331495624249859,0.0153558983972614,249,16,SMALL,both,0.5732,2025-12-10,0
967,324.0,40.0,20.0,60.0,0.0,0.0,3.0,5.0,0.115,0.172,0.1199973914931575,0.3279058001887761,0.0970780470172743,324,22,MEDIUM,diag,0.6106,2023-11-26,0
969,285.0,60.0,30.0,60.0,0.0,0.0,0.0,1.0,0.018,0.05,0.0572007377033168,0.4246130986214287,-0.0108088059273077,285,26,SMALL,diag,0.3026,2021-07-20,1
970,764.0,40.0,20.0,50.0,96070.0,2320.0,1.0,0.0,0.011,0.005,-0.0398657032451396,-0.2466821620541533,-0.1100685663577482,764,5,MEDIUM,diag,0.5588,2024-12-08,0
971,988.0,80.0,30.0,70.0,436800.0,15860.0,3.0,4.0,0.037,0.043,0.1983287047101493,-0.5505481023557011,-0.1008041688913189,988,32,MEDIUM,posting,0.504,2024-10-02,0
974,489.0,60.0,30.0,60.0,0.0,0.0,2.0,2.0,0.043,0.042,-0.0917731464176187,0.4103068378657757,0.0776341922185386,489,23,MEDIUM,diag,0.7757,2024-06-05,0
976,2454.0,70.0,40.0,60.0,0.0,0.0,8.0,17.0,0.039,0.082,-0.0824698030286586,-0.3152651111926454,-0.0471765188592302,2454,48,LARGE,diag,0.6306,2021-03-11,1
979,247.0,60.0,30.0,60.0,0.0,0.0,2.0,5.0,0.088,0.231,0.1767177421361382,0.0946190196953381,0.0767426699308459,247,18,SMALL,diag,0.3996,2021-07-06,1
980,200.0,60.0,30.0,60.0,0.0,0.0,0.0,0.0,0.024,0.015,-0.0604058233274624,-0.0546231683256004,0.0901789572275311,200,72,SMALL,both,0.6771,2020-12-03,1
982,1921.0,60.0,30.0,60.0,0.0,0.0,5.0,2.0,0.03,0.015,-0.1928982613258809,-0.3976771860439692,-0.0538095404709141,1921,74,LARGE,posting,0.5337,2021-01-02,1
983,448.0,60.0,30.0,60.0,121490.0,24870.0,2.0,2.0,0.06,0.053,-0.264836393738574,0.5094553351117522,0.1687110622508819,448,21,MEDIUM,posting,0.8683,2021-03-06,1
985,149.0,50.0,20.0,70.0,0.0,0.0,1.0,2.0,0.106,0.159,-0.0730124088068156,0.1664204780427463,0.1625835632137232,149,35,SMALL,diag,0.6679,2025-10-10,0
986,538.0,50.0,30.0,40.0,128420.0,-6690.0,3.0,2.0,0.061,0.04,0.3302771973152845,0.5210179244783211,0.1870643375464194,538,15,ETC,diag,0.7276,2023-11-02,1
987,476.0,40.0,30.0,50.0,0.0,0.0,2.0,1.0,0.04,0.037,0.1213696925464631,0.1434436044060828,0.0863218476201559,476,26,MEDIUM,diag,0.7761,2022-11-19,1
988,1158.0,40.0,30.0,60.0,0.0,0.0,2.0,4.0,0.017,0.037,0.1012123741611044,0.7128776073639429,0.1748883357893918,1158,3,LARGE,both,0.9169,2024-05-21,0
989,403.0,50.0,30.0,50.0,0.0,0.0,1.0,2.0,0.027,0.046,-0.1311872221133174,-0.3115748127568279,-0.0365248881392861,403,17,MEDIUM,both,0.6469,2023-03-10,1
991,248.0,40.0,20.0,50.0,0.0,0.0,0.0,0.0,0.005,0.006,0.4833815964184221,0.0452096565556681,0.0698695239130925,248,15,SMALL,diag,0.443,2024-06-08,0
992,413.0,50.0,30.0,40.0,0.0,0.0,3.0,3.0,0.1,0.089,0.2172252244180066,-0.4383529768471162,-0.2314629678456286,413,37,MEDIUM,both,0.4361,2024-02-20,0
993,546.0,60.0,30.0,70.0,0.0,0.0,0.0,0.0,0.009,0.009,0.2553660897807761,-0.4254330335910299,-0.009657585747627,546,44,MEDIUM,both,0.7064,2024-08-12,0
995,210.0,60.0,40.0,50.0,0.0,0.0,0.0,0.0,0.018,0.015,0.06242902487984,0.0226607097675989,-0.0047847494946648,210,37,SMALL,diag,0.4757,2024-10-15,0
996,561.0,70.0,50.0,60.0,0.0,0.0,3.0,4.0,0.057,0.079,0.1138689442328847,0.3933704495485655,0.1608283528932556,561,13,MEDIUM,diag,0.8378,2024-09-29,0
998,267.0,50.0,40.0,60.0,75470.0,11270.0,1.0,2.0,0.066,0.111,0.0363140567723952,0.3051207039766691,0.0324278963615507,267,37,ETC,diag,0.4389,2022-07-15,1
999,755.0,60.0,30.0,60.0,0.0,0.0,3.0,4.0,0.055,0.063,-0.0411626684266584,-0.2255426525826864,-0.0213740148488089,755,29,MEDIUM,diag,0.4599,2020-12-10,1
1000,133.0,50.0,30.0,50.0,126300.0,6690.0,1.0,1.0,0.057,0.077,-0.0693219827212181,-0.0833623881592061,0.1828415165055792,133,29,SMALL,both,0.856,2024-06-11,0
1002,1152.0,50.0,30.0,50.0,366680.0,105000.0,4.0,2.0,0.039,0.023,-0.0546689189549836,-0.3683553917663052,0.0371984880292189,1152,25,LARGE,both,0.8546,2024-12-20,0
1008,901.0,60.0,30.0,60.0,0.0,0.0,4.0,4.0,0.048,0.05,-0.0557927084556505,0.2428805549721625,-0.0019478779507836,901,32,MEDIUM,posting,0.7307,2022-10-15,1
1009,225.0,60.0,30.0,60.0,0.0,0.0,0.0,1.0,0.021,0.033,-0.1577573022356286,-0.0849195605005597,0.0889347975955032,225,35,SMALL,posting,0.7233,2024-12-26,0
1010,219.0,80.0,50.0,70.0,0.0,0.0,3.0,2.0,0.137,0.092,0.1042191164321769,0.55229479431514,0.1375855060440076,219,12,SMALL,posting,0.7381,2022-03-13,1
1011,985.0,70.0,40.0,60.0,0.0,0.0,2.0,2.0,0.027,0.018,-0.1589891124107894,0.0425934605073627,-0.0197918181194168,985,59,MEDIUM,both,0.754,2024-02-17,0
1012,276.0,60.0,40.0,50.0,18980.0,550.0,0.0,0.0,0.017,0.02,0.1247077330120336,-0.4752543211739397,0.0022917872292622,276,18,SMALL,diag,0.3707,2023-04-07,1
1013,550.0,50.0,30.0,50.0,0.0,0.0,1.0,2.0,0.021,0.037,-0.1840305858065501,-0.530054329189301,-0.1124745291878969,550,16,MEDIUM,diag,0.3439,2023-02-28,1
1015,459.0,50.0,30.0,60.0,0.0,0.0,2.0,4.0,0.042,0.118,0.2560568207427285,0.4590649996401891,0.0419366478425986,459,24,MEDIUM,diag,0.5669,2024-12-18,0
1020,176.0,50.0,30.0,60.0,224500.0,40740.0,0.0,0.0,0.032,0.019,-0.0546658006074206,0.2346088874550026,0.1407425453369823,176,18,SMALL,both,0.8501,2024-07-12,0
1022,543.0,110.0,70.0,80.0,146580.0,11050.0,5.0,13.0,0.103,0.278,0.135731834668712,0.1146166249686336,0.0020845437503121,543,18,MEDIUM,diag,0.477,2022-02-17,1
1023,712.0,70.0,30.0,50.0,0.0,0.0,4.0,5.0,0.071,0.078,-0.0450858129175798,-0.2101093948413755,-0.1064342378410786,712,30,MEDIUM,both,0.7975,2025-10-10,0
1024,398.0,30.0,20.0,60.0,0.0,0.0,0.0,1.0,0.014,0.021,0.2738606607901082,0.3663893415174554,-0.1100938091509216,398,12,MEDIUM,posting,0.3979,2023-03-05,1
1025,172.0,60.0,30.0,60.0,0.0,0.0,0.0,1.0,0.024,0.036,0.1426053238183267,0.2708851038028268,0.0198319028807664,172,70,SMALL,diag,0.4445,2024-07-04,0
1028,144.0,60.0,30.0,60.0,61170.0,1880.0,1.0,0.0,0.063,0.041,0.1715096847435545,-0.0176750335103486,-0.0583723451192043,144,30,SMALL,diag,0.2789,2025-08-21,0
1029,834.0,30.0,20.0,30.0,0.0,0.0,3.0,2.0,0.037,0.029,-0.0251790933763473,0.2066710297726576,-0.1251746166759461,834,19,MEDIUM,posting,0.4842,2026-11-02,0
1031,496.0,40.0,20.0,40.0,0.0,0.0,1.0,3.0,0.035,0.075,-0.0997940537604514,-0.0266851858040465,0.010231681873606,496,20,MEDIUM,diag,0.718,2024-09-03,0
1032,177.0,20.0,20.0,40.0,0.0,0.0,0.0,0.0,0.005,0.011,-0.0513664823805964,0.3369452964456508,0.0710081855611795,177,25,SMALL,diag,0.4076,2025-11-25,0
1033,999.0,60.0,30.0,60.0,0.0,0.0,1.0,0.0,0.006,0.004,0.037676144880486,0.4920244681950153,0.1872572413221838,999,14,MEDIUM,diag,0.8417,2021-01-16,1
1037,1896.0,60.0,30.0,50.0,0.0,0.0,5.0,8.0,0.035,0.048,-0.0593384800345745,0.1961876006318343,0.0628540780168893,1896,18,LARGE,posting,0.777,2024-10-22,0
1038,62.0,60.0,30.0,70.0,0.0,0.0,1.0,1.0,0.098,0.141,-0.0741790717442219,0.2634144453066271,0.0925166874343664,62,22,SMALL,posting,0.6523,2024-06-24,0
1040,503.0,60.0,30.0,60.0,0.0,0.0,1.0,1.0,0.031,0.034,0.0300211274977133,0.3093115454694257,0.0396861740416774,503,30,MEDIUM,both,0.8414,2024-10-11,0
1041,1705.0,20.0,10.0,30.0,0.0,0.0,1.0,1.0,0.009,0.008,0.1819715324601897,0.1408079252275597,0.0591009791370588,1705,31,LARGE,diag,0.8841,2020-07-09,1
1042,756.0,60.0,30.0,60.0,0.0,0.0,1.0,1.0,0.017,0.018,0.3439519168100342,0.1908827843304169,0.0466809880673013,756,36,MEDIUM,both,0.8112,2024-11-21,0
1043,660.0,60.0,40.0,40.0,277770.0,2040.0,2.0,1.0,0.042,0.027,0.3643475457236957,0.0697197336215922,-0.0008981109734617,660,17,MEDIUM,both,0.857,2024-06-09,0
1044,93.0,60.0,30.0,60.0,0.0,0.0,0.0,0.0,0.041,0.04,0.1732734118673644,-0.0632142645994209,-0.015849506508258,93,31,SMALL,posting,0.1682,2023-07-09,1
1049,687.0,60.0,40.0,60.0,250220.0,-6730.0,1.0,1.0,0.021,0.023,0.213575315438824,0.2802709412049808,0.0195596636867498,687,17,MEDIUM,both,0.8345,2024-05-26,0
1054,195.0,50.0,30.0,50.0,42440.0,2990.0,1.0,2.0,0.088,0.116,0.0195432866992863,0.3356780681194336,-0.0256698914744584,195,21,SMALL,posting,0.6138,2024-04-03,0
1056,1783.0,60.0,30.0,60.0,451430.0,9140.0,2.0,3.0,0.012,0.021,-0.0338428706412587,0.5804418390829901,0.2229621323357697,1783,7,LARGE,posting,0.892,2024-12-13,0
1057,239.0,60.0,40.0,60.0,0.0,0.0,0.0,0.0,0.002,0.002,-0.4615283850281469,0.2383041270538644,0.0744744575341983,239,44,SMALL,posting,0.4642,2025-02-12,0
1058,372.0,60.0,30.0,60.0,0.0,0.0,0.0,0.0,0.011,0.013,-0.3105667004093008,-0.3558038308123697,-0.0565634941925087,372,28,MEDIUM,both,0.5797,2024-05-25,0
1059,838.0,40.0,20.0,40.0,0.0,0.0,4.0,2.0,0.062,0.022,0.0007871428999085,0.2511855567354724,-0.0012038923543958,838,48,MEDIUM,diag,0.573,2025-03-19,0
1060,3124.0,120.0,70.0,60.0,0.0,0.0,8.0,3.0,0.029,0.012,-0.1546967107216602,-0.3097932999079812,0.0419507296911382,3124,14,LARGE,diag,0.6197,2024-08-04,0
1064,285.0,30.0,20.0,30.0,33690.0,950.0,0.0,0.0,0.021,0.014,0.2187198288256248,-0.0234755440543004,-0.0040657852648328,285,12,SMALL,posting,0.7244,2024-03-31,0
1066,182.0,60.0,30.0,50.0,46560.0,-2630.0,0.0,0.0,0.004,0.009,0.09939314947326,0.4980418834633883,0.1651287045051059,182,20,SMALL,posting,0.6508,2023-04-25,1
1067,694.0,60.0,30.0,60.0,0.0,0.0,1.0,1.0,0.013,0.014,0.0035385529179725,0.1502408080829579,-0.1044392157245402,694,40,MEDIUM,diag,0.3406,2019-01-13,1
1068,445.0,90.0,60.0,70.0,0.0,0.0,2.0,3.0,0.055,0.074,0.1333381762642388,0.0761235761879276,0.0368826564506775,445,15,MEDIUM,diag,0.6459,2024-09-21,0
1069,851.0,30.0,10.0,30.0,386210.0,1760.0,3.0,1.0,0.036,0.019,0.3178015712157923,0.0968420432729502,0.1393296769790463,851,69,MEDIUM,diag,0.8117,2024-10-04,0
1070,396.0,70.0,30.0,50.0,0.0,0.0,1.0,0.0,0.02,0.014,-0.1891896045721244,-0.2858391789718738,-0.1203724211419189,396,64,MEDIUM,posting,0.1405,2021-08-09,1
1071,1081.0,30.0,20.0,40.0,221690.0,-340.0,3.0,2.0,0.031,0.024,0.2690412100939967,0.8335396042119632,0.2932059351013741,1081,34,LARGE,posting,0.9163,2021-01-26,1
1073,1144.0,50.0,30.0,50.0,0.0,0.0,2.0,2.0,0.017,0.026,-0.0043474807975879,0.1194944046526572,-0.0882301424207843,1144,13,LARGE,both,0.5768,2022-08-25,1
1077,2250.0,60.0,30.0,50.0,133050.0,-18410.0,2.0,3.0,0.013,0.014,0.3761505631804214,0.2795663009412847,0.0366804981465604,2250,27,ETC,both,0.8238,2024-10-06,0
1080,475.0,50.0,40.0,50.0,171650.0,14650.0,0.0,0.0,0.002,0.004,0.1362969939674889,0.3271596249183881,0.1235889839776222,475,5,MEDIUM,diag,0.7306,2025-10-16,0
1081,334.0,60.0,30.0,60.0,0.0,0.0,0.0,0.0,0.011,0.011,0.0297491319436899,-0.3390655033634055,-0.0738813634166886,334,20,MEDIUM,posting,0.4478,2021-01-13,1
1085,992.0,50.0,30.0,40.0,0.0,0.0,6.0,7.0,0.072,0.079,0.144983177926078,0.0809840419675296,-0.1215064917969883,992,10,MEDIUM,both,0.6964,2023-08-22,1
1086,126.0,40.0,20.0,40.0,0.0,0.0,1.0,1.0,0.049,0.054,-0.087411318404312,-0.3188052001090073,-0.0216147696397489,126,29,SMALL,diag,0.5346,2024-03-07,0
1087,79.0,60.0,30.0,60.0,23720.0,-2270.0,0.0,0.0,0.018,0.009,0.3114773348646827,-0.3876240416602688,-0.0449042545423322,79,25,SMALL,posting,0.3046,2023-01-08,1
1088,857.0,50.0,30.0,40.0,0.0,0.0,2.0,4.0,0.027,0.055,0.1702580714983611,0.1385986221442466,0.1486899430106402,857,4,MEDIUM,both,0.9151,2024-05-12,0
1089,589.0,70.0,50.0,60.0,716450.0,226300.0,2.0,1.0,0.042,0.019,0.1924167859134937,0.1273419210595942,0.0652967127361556,589,4,ETC,diag,0.8342,2024-09-08,0
1090,288.0,80.0,60.0,60.0,101020.0,2270.0,2.0,1.0,0.066,0.037,-0.115918622920295,0.1086705784671779,0.0815283571835824,288,24,SMALL,diag,0.6935,2024-05-11,0
1091,167.0,80.0,40.0,70.0,0.0,0.0,0.0,0.0,0.036,0.028,-0.1730754656784562,-0.3233642571424487,-0.0413312208474252,167,3,SMALL,posting,0.4425,2024-02-15,0
1097,2844.0,60.0,30.0,60.0,0.0,0.0,5.0,8.0,0.02,0.034,0.3502710195056389,0.4454237610100465,0.1960374475055551,2844,16,LARGE,diag,0.9101,2025-08-23,0
1099,409.0,80.0,40.0,70.0,0.0,0.0,2.0,3.0,0.055,0.08,0.0101956908700909,-0.4075876781087888,-0.0830992205443811,409,34,MEDIUM,diag,0.4784,2022-07-12,1
1100,122.0,60.0,30.0,60.0,0.0,0.0,0.0,0.0,0.015,0.023,0.3043784341332395,0.6494545646194664,0.2956167581927863,122,7,SMALL,both,0.9563,2026-10-18,0
1103,1094.0,60.0,30.0,60.0,0.0,0.0,6.0,6.0,0.061,0.066,0.2406886673712487,-0.2449458724981752,0.068336185815934,1094,11,LARGE,both,0.862,2024-04-14,0
1105,1918.0,40.0,20.0,40.0,133850.0,-7490.0,7.0,5.0,0.043,0.031,-0.212373686360974,-0.3565713002743445,-0.0038570606125513,1918,34,LARGE,diag,0.7229,2023-10-05,1
1106,1317.0,60.0,30.0,60.0,0.0,0.0,3.0,8.0,0.031,0.07,-0.0592257737349596,0.1455395392435339,-0.0401543935849592,1317,5,LARGE,both,0.7797,2024-11-14,0
1108,96.0,40.0,20.0,40.0,93770.0,-8710.0,0.0,0.0,0.028,0.051,-0.1870359272562192,-0.18109692193817,0.0809246521082454,96,7,SMALL,diag,0.7523,2025-02-23,0
1111,1133.0,50.0,30.0,50.0,0.0,0.0,3.0,3.0,0.034,0.028,0.0181270265935802,0.3532515704837096,0.0845177280749502,1133,5,LARGE,diag,0.687,2024-11-11,0
1112,1757.0,70.0,50.0,50.0,219070.0,33840.0,3.0,4.0,0.023,0.026,0.3763527719900095,0.4540469943879455,0.1326300343973084,1757,15,LARGE,posting,0.7789,2024-08-15,0
1113,152.0,70.0,50.0,60.0,0.0,0.0,1.0,1.0,0.084,0.084,-0.1584925669702391,0.2275803248278596,0.2250876981389163,152,47,SMALL,diag,0.7834,2023-05-26,1
1114,974.0,60.0,30.0,60.0,331630.0,12150.0,4.0,2.0,0.045,0.019,-0.1806949430714003,-0.2022496478750666,0.0023423297404517,974,44,MEDIUM,posting,0.7729,2023-03-27,1
1115,277.0,60.0,30.0,40.0,0.0,0.0,1.0,1.0,0.038,0.028,0.5111748214773801,-0.5006529533647047,-0.0133361301038177,277,7,SMALL,both,0.6063,2024-07-08,0
1116,217.0,90.0,50.0,70.0,0.0,0.0,0.0,0.0,0.005,0.005,0.1072829132412343,-0.3494424701716979,0.0133453081430541,217,13,SMALL,both,0.3397,2020-01-09,1
1118,703.0,40.0,30.0,40.0,0.0,0.0,4.0,9.0,0.061,0.148,0.3940997007581568,-0.0741036147139036,0.0255373659025487,703,40,MEDIUM,diag,0.4481,2020-07-01,1
1121,149.0,70.0,30.0,60.0,0.0,0.0,1.0,1.0,0.08,0.046,0.3206124827671198,0.8136279546237262,0.1959009387945053,149,39,SMALL,diag,0.746,2025-02-05,0
1122,726.0,60.0,30.0,60.0,0.0,0.0,1.0,1.0,0.021,0.016,-0.0566083522438173,0.2733528763668211,0.1270811310686691,726,28,MEDIUM,both,0.8669,2025-04-14,0
1123,673.0,60.0,30.0,60.0,0.0,0.0,4.0,3.0,0.079,0.046,0.0040919459806206,0.1407937371106682,0.1918772327656712,673,35,MEDIUM,both,0.9065,2024-09-13,0
1124,903.0,50.0,30.0,50.0,357540.0,78160.0,3.0,4.0,0.043,0.053,0.0052722340034623,0.2688490864086832,0.1558093437313567,903,49,MEDIUM,posting,0.8516,2024-02-26,0
1125,602.0,80.0,50.0,60.0,0.0,0.0,2.0,2.0,0.044,0.033,0.0990082304071454,-0.5338610315299251,-0.1136698991846392,602,25,MEDIUM,diag,0.3515,2023-06-11,1
1126,441.0,70.0,40.0,70.0,40980.0,-730.0,1.0,0.0,0.016,0.009,-0.2111253622729138,0.3906603333855411,0.022317462065771,441,1,MEDIUM,both,0.8223,2025-01-19,0
1129,198.0,60.0,30.0,60.0,114270.0,7500.0,1.0,0.0,0.033,0.023,-0.0411783726915525,-0.0683213421316226,-0.0771370646860914,198,27,SMALL,both,0.4954,2019-06-06,1
1132,985.0,60.0,30.0,50.0,0.0,0.0,2.0,2.0,0.024,0.025,0.1360080720530756,0.3626396474055959,0.1283657141942011,985,3,MEDIUM,diag,0.7963,2022-05-29,1
1134,288.0,60.0,30.0,60.0,0.0,0.0,0.0,1.0,0.017,0.029,0.1939840634201814,0.3521100684403208,0.0611057858568747,288,25,SMALL,both,0.6934,2020-04-22,1
1135,2422.0,70.0,40.0,60.0,0.0,0.0,1.0,1.0,0.003,0.003,0.3616610154287723,0.090988973235355,0.0474441852146956,2422,31,LARGE,diag,0.6423,2023-01-02,1
1138,4760.0,60.0,30.0,60.0,0.0,0.0,4.0,2.0,0.009,0.005,-0.3165514361847467,0.0486122148282849,0.0722730199845321,4760,27,LARGE,diag,0.7678,2024-08-27,0
1139,953.0,60.0,30.0,60.0,0.0,0.0,5.0,8.0,0.069,0.095,0.0491799540842712,-0.0544813918024111,-0.0163020324039951,953,16,MEDIUM,both,0.7105,2024-04-21,0
1142,953.0,60.0,30.0,60.0,0.0,0.0,4.0,4.0,0.046,0.049,0.1551491836988434,-0.0201176332604692,0.2049638042016404,953,7,MEDIUM,both,0.9644,2026-01-11,0
1144,474.0,50.0,30.0,30.0,0.0,0.0,2.0,3.0,0.047,0.069,0.1517909861329321,0.4135190033620469,0.2039125225713792,474,27,ETC,diag,0.8418,2024-10-17,0
1146,272.0,80.0,50.0,70.0,0.0,0.0,0.0,1.0,0.018,0.026,-0.0883224177799913,0.3708729911592668,0.2241450554313949,272,53,SMALL,diag,0.7225,2024-08-02,0
1147,773.0,50.0,30.0,60.0,0.0,0.0,3.0,4.0,0.039,0.065,-0.0591468440782365,0.1997985949948955,0.3254472944907063,773,17,MEDIUM,both,0.9838,2024-12-03,0
1148,2469.0,50.0,30.0,50.0,1130650.0,41130.0,5.0,2.0,0.026,0.012,-0.0534512868970224,-0.07710302747203,0.054961024583801,2469,41,LARGE,diag,0.7777,2024-03-27,0
1149,363.0,50.0,30.0,60.0,0.0,0.0,1.0,3.0,0.037,0.095,0.0437293019325082,-0.2907502628999823,0.0018057243663229,363,21,MEDIUM,both,0.5627,2024-12-18,0
1150,244.0,110.0,70.0,70.0,0.0,0.0,0.0,0.0,0.014,0.006,0.2328070485621117,0.2569471866320384,-0.0171053720459159,244,19,SMALL,posting,0.5827,2020-09-30,1
1151,238.0,60.0,30.0,60.0,0.0,0.0,1.0,0.0,0.047,0.014,-0.452784857323707,0.0425447011903515,-0.0681916352590843,238,22,SMALL,diag,0.702,2021-09-12,1
1152,533.0,40.0,30.0,50.0,455350.0,16550.0,1.0,0.0,0.013,0.01,-0.1759582535321998,0.2152922741658461,0.0138826085075339,533,15,MEDIUM,posting,0.4432,2021-06-01,1
1153,41.0,40.0,20.0,50.0,0.0,0.0,0.0,0.0,0.025,0.027,0.0264099855883865,0.5287469692052864,0.0639035916587892,41,31,SMALL,both,0.7895,2025-06-05,0
1154,194.0,50.0,20.0,60.0,168960.0,28230.0,0.0,0.0,0.013,0.01,0.375735900582867,0.0828615717766318,0.1079259556952224,194,18,SMALL,posting,0.5824,2022-03-14,1
1156,449.0,50.0,20.0,40.0,0.0,0.0,0.0,0.0,0.009,0.007,0.0779196234666219,0.1755852837475214,-0.0750163368220376,449,17,MEDIUM,diag,0.3546,2022-06-14,1
1158,230.0,60.0,30.0,30.0,0.0,0.0,0.0,0.0,0.019,0.013,0.1468036998290739,-0.1603379581390187,-0.0824766857427059,230,30,SMALL,both,0.7513,2024-03-17,0
1159,174.0,40.0,20.0,50.0,0.0,0.0,0.0,0.0,0.018,0.014,-0.1062939772618816,-0.6017152629213275,-0.1374336286183446,174,5,SMALL,diag,0.2556,2024-06-12,0
1160,328.0,50.0,40.0,50.0,0.0,0.0,1.0,1.0,0.049,0.035,-0.1700120037127532,0.3918459922859019,0.1682310071518468,328,5,MEDIUM,diag,0.8225,2024-04-16,0
1161,540.0,40.0,20.0,40.0,0.0,0.0,2.0,1.0,0.036,0.027,0.0451540438703976,0.1588792012421833,0.039660225217926,540,10,MEDIUM,diag,0.7604,2024-08-03,0
1162,462.0,60.0,30.0,60.0,45750.0,2560.0,1.0,2.0,0.034,0.048,0.321924199379996,0.638632360948564,0.269594979351345,462,25,MEDIUM,posting,0.8916,2021-08-26,1
1165,595.0,30.0,10.0,30.0,0.0,0.0,4.0,5.0,0.079,0.099,0.161769146684741,-0.0799444937133856,-0.0075293105768504,595,43,MEDIUM,both,0.7761,2025-01-24,0
1167,211.0,30.0,10.0,50.0,6760.0,-270.0,1.0,3.0,0.085,0.161,-0.2670118267659744,0.6022032365930872,0.1406209694731282,211,7,SMALL,both,0.9158,2024-11-15,0
1168,1455.0,60.0,40.0,50.0,0.0,0.0,5.0,9.0,0.043,0.071,-0.3412587023851598,0.5806148959745574,0.0923796497095184,1455,13,LARGE,posting,0.6716,2024-07-21,0
1170,659.0,70.0,50.0,70.0,0.0,0.0,0.0,0.0,0.006,0.009,0.2718814116175821,0.1049019745215638,0.1140465158137601,659,5,MEDIUM,diag,0.7523,2023-09-08,1
1171,151.0,30.0,20.0,70.0,0.0,0.0,0.0,1.0,0.034,0.04,0.0950010148660439,0.0387822956874522,0.0823283690528599,151,21,SMALL,both,0.6468,2022-06-01,1
1174,2117.0,50.0,30.0,40.0,0.0,0.0,14.0,11.0,0.078,0.063,-0.3032326343544825,0.5443449713630097,0.1418458307236257,2117,50,LARGE,both,0.9518,2025-07-17,0
1175,1607.0,50.0,20.0,60.0,0.0,0.0,7.0,12.0,0.053,0.092,0.1167242334078066,0.6143390670516281,0.064996292580113,1607,32,LARGE,both,0.9516,2024-05-02,0
1177,99.0,40.0,30.0,40.0,0.0,0.0,0.0,0.0,0.03,0.04,-0.0188586101461426,0.3806370056325322,0.1847105902205505,99,22,SMALL,diag,0.5263,2017-04-25,1
1179,393.0,70.0,40.0,50.0,0.0,0.0,1.0,1.0,0.027,0.039,0.1255910309959262,0.3521979004356466,0.0622648527162055,393,29,MEDIUM,posting,0.8272,2024-05-06,0
1181,582.0,50.0,40.0,70.0,0.0,0.0,2.0,1.0,0.051,0.03,-0.1136109128181857,-0.3296377863350174,-0.1342425213002287,582,28,MEDIUM,both,0.5994,2021-10-12,1
1182,502.0,30.0,20.0,30.0,0.0,0.0,1.0,1.0,0.021,0.014,0.0085009912817921,-0.0735794373185952,-0.0250764860481466,502,54,ETC,both,0.7612,2024-09-01,0
1184,1013.0,60.0,30.0,60.0,0.0,0.0,7.0,6.0,0.083,0.068,0.0193041731674113,-0.526962974989386,-0.0957182118741966,1013,27,LARGE,diag,0.5422,2022-12-10,1
1185,1741.0,50.0,20.0,60.0,390460.0,74840.0,2.0,4.0,0.017,0.028,-0.2229946574600119,-0.0362069827595252,-0.0646349235114466,1741,52,LARGE,both,0.7126,2024-06-16,0
1187,162.0,40.0,20.0,50.0,0.0,0.0,0.0,0.0,0.027,0.023,-0.2254952483828701,0.5915615501327179,0.0806381703318142,162,9,SMALL,diag,0.7009,2025-01-13,0
1188,243.0,80.0,40.0,70.0,93200.0,7710.0,0.0,1.0,0.018,0.029,-0.5060298057754377,-0.4551618294987634,-0.0553767513373596,243,4,SMALL,diag,0.2602,2023-05-05,1
1191,841.0,60.0,30.0,60.0,503750.0,-110140.0,0.0,0.0,0.004,0.003,0.1496905616994769,0.0841008734381721,0.0965169412449737,841,17,MEDIUM,posting,0.7341,2021-07-12,1
1192,614.0,60.0,30.0,60.0,0.0,0.0,4.0,3.0,0.08,0.063,-0.0346761300160736,-0.3039780851900805,-0.0496258133433092,614,50,MEDIUM,diag,0.5547,2022-06-26,1
1193,220.0,60.0,30.0,60.0,0.0,0.0,1.0,0.0,0.04,0.02,-0.0198883832181256,-0.0903364355164536,-0.0220105404458351,220,49,SMALL,both,0.729,2026-12-08,0
1194,327.0,60.0,40.0,80.0,79440.0,-9230.0,0.0,0.0,0.003,0.003,0.2996220397108955,0.1139769442404524,-0.0520275233002243,327,22,MEDIUM,both,0.508,2026-01-23,0
1195,952.0,70.0,40.0,50.0,0.0,0.0,3.0,2.0,0.039,0.02,-0.2737150485145553,-0.2366316153319508,-0.1620657438012062,952,6,MEDIUM,diag,0.4041,2021-03-26,1
1196,618.0,110.0,70.0,80.0,0.0,0.0,2.0,1.0,0.042,0.021,0.0437057281862796,-0.3869740409633239,0.0387144753428707,618,7,MEDIUM,both,0.8896,2025-10-09,0
1199,1094.0,70.0,40.0,60.0,0.0,0.0,4.0,5.0,0.043,0.057,0.1495379143122015,0.4144933516626693,0.2175334092744843,1094,30,LARGE,both,0.9351,2023-07-26,1
1201,101.0,70.0,40.0,70.0,0.0,0.0,0.0,1.0,0.05,0.089,-0.1351015624928344,0.012657382629431,-0.1136817783518847,101,23,SMALL,diag,0.1269,2023-06-23,1
1203,2496.0,60.0,40.0,60.0,174860.0,21250.0,7.0,5.0,0.033,0.026,-0.0362697014000214,0.3712946897128469,0.1912806730395086,2496,41,LARGE,diag,0.9431,2023-06-04,1
1205,1192.0,60.0,30.0,60.0,0.0,0.0,5.0,3.0,0.046,0.035,0.0986664296591949,0.4907439830889984,0.120843059593435,1192,87,LARGE,both,0.7783,2023-01-25,1
1206,92.0,70.0,30.0,50.0,25080.0,5080.0,0.0,0.0,0.047,0.052,-0.0194468367290092,-0.0515887846142493,-0.1229718843901917,92,4,SMALL,both,0.6867,2022-01-05,1
1207,321.0,50.0,30.0,40.0,48380.0,1210.0,2.0,2.0,0.061,0.083,0.1793992453306976,-0.1764546351089063,-0.0385137972515414,321,41,MEDIUM,both,0.648,2023-09-17,1
1209,205.0,40.0,20.0,60.0,0.0,0.0,1.0,1.0,0.035,0.031,0.2952430982063498,-0.1402266540143028,-0.0116660408154932,205,11,SMALL,diag,0.4741,2019-06-12,1
1210,154.0,50.0,30.0,70.0,0.0,0.0,1.0,1.0,0.04,0.057,0.1071655386106917,0.2490856158143137,-0.0477380378468466,154,66,SMALL,posting,0.3723,2023-09-26,1
1211,488.0,70.0,40.0,60.0,88600.0,5240.0,1.0,1.0,0.016,0.026,0.1022688077900726,-0.4955890077601579,0.030551026644512,488,51,MEDIUM,diag,0.2435,2024-02-15,0
1213,1025.0,60.0,30.0,60.0,0.0,0.0,5.0,13.0,0.058,0.149,-0.2839141501112334,-0.0469291853145004,0.0650557332696418,1025,14,LARGE,diag,0.6667,2024-06-20,0
1214,162.0,60.0,30.0,60.0,0.0,0.0,1.0,1.0,0.069,0.077,-0.061271607816558,0.5097993613361829,0.1100972396927599,162,16,SMALL,diag,0.6312,2020-09-20,1
1215,531.0,50.0,40.0,70.0,0.0,0.0,0.0,0.0,0.002,0.006,0.1085263146401971,0.6036212736069864,0.2577049938274862,531,12,MEDIUM,both,0.9003,2022-06-19,1
1219,911.0,80.0,40.0,70.0,0.0,0.0,3.0,3.0,0.035,0.035,-0.3025756476859272,0.3971410359832129,0.0985146488197167,911,35,MEDIUM,both,0.8951,2024-04-10,0
1220,589.0,60.0,30.0,60.0,268030.0,35180.0,2.0,2.0,0.046,0.05,0.1529765214530483,0.590371484649016,0.1977458557746936,589,24,MEDIUM,posting,0.9282,2024-10-24,0
1221,87.0,70.0,30.0,70.0,0.0,0.0,0.0,0.0,0.047,0.053,0.06852976503798,-0.0102945479675425,0.0856133241278278,87,27,SMALL,diag,0.583,2025-06-04,0
1223,84.0,60.0,40.0,60.0,26810.0,660.0,0.0,1.0,0.055,0.099,0.3144236485715741,0.1514628864020767,0.1867663772313957,84,23,SMALL,both,0.8955,2026-01-05,0
1225,975.0,60.0,40.0,50.0,412740.0,-62820.0,2.0,3.0,0.025,0.04,-0.3325854558801609,0.1168602476956565,-0.0290684124325061,975,27,MEDIUM,both,0.6564,2023-12-19,0
1226,366.0,90.0,40.0,60.0,0.0,0.0,1.0,1.0,0.037,0.047,0.1084781431270462,0.5757978097369261,0.1815321805767985,366,39,ETC,diag,0.7649,2024-07-04,0
1227,1023.0,50.0,20.0,40.0,281300.0,5030.0,2.0,3.0,0.028,0.04,0.0627280047511254,0.6512989746930171,0.0852314265966934,1023,14,LARGE,both,0.8889,2020-09-04,1
1229,224.0,60.0,30.0,60.0,0.0,0.0,0.0,0.0,0.008,0.01,0.3651278283560394,0.2257054824238522,-0.0545567570083181,224,6,SMALL,posting,0.6123,2022-11-18,1
1230,187.0,70.0,30.0,50.0,0.0,0.0,0.0,0.0,0.002,0.004,0.2486957770416219,-0.6233901887918606,-0.1233923040225617,187,15,SMALL,posting,0.1391,2022-06-07,1
1232,1148.0,60.0,30.0,60.0,406590.0,19650.0,2.0,1.0,0.02,0.008,-0.0076641249338963,-0.2761747698559659,-0.1031946773764481,1148,14,LARGE,both,0.6879,2024-07-12,0
1235,421.0,60.0,30.0,60.0,42490.0,4880.0,2.0,1.0,0.058,0.031,-0.1685949274788637,-0.6134988556665877,-0.1878343801367284,421,17,MEDIUM,posting,0.2335,2022-07-10,1
1236,945.0,170.0,100.0,90.0,305650.0,29940.0,2.0,6.0,0.023,0.073,0.0765942868447545,-0.1780266025315287,0.0222538724986445,945,56,MEDIUM,diag,0.6601,2024-05-06,0
1237,737.0,60.0,30.0,60.0,219090.0,44730.0,0.0,0.0,0.003,0.003,-0.2376939330216687,-0.4960531444057777,-0.1638269520404185,737,13,MEDIUM,diag,0.3967,2020-12-20,1
1238,534.0,80.0,60.0,60.0,33040.0,510.0,2.0,2.0,0.046,0.045,0.2128132590319841,-0.143170783819987,0.0801128221211568,534,14,MEDIUM,diag,0.7409,2025-06-15,0
1239,1622.0,90.0,50.0,70.0,0.0,0.0,0.0,0.0,0.002,0.002,0.2113788678362994,-0.2909305547170077,-0.1190537833641179,1622,2,LARGE,both,0.4615,2023-09-08,1
1242,556.0,60.0,30.0,60.0,121810.0,7870.0,2.0,1.0,0.039,0.024,0.0652236180618465,0.1747594496575766,-0.0581991898146686,556,37,MEDIUM,diag,0.6077,2022-08-31,1
1244,606.0,60.0,30.0,60.0,243430.0,4720.0,1.0,1.0,0.027,0.012,-0.0020071604794534,-0.1219534234516127,-0.0497662517644467,606,56,ETC,diag,0.4368,2024-12-16,0
1245,2489.0,60.0,30.0,60.0,0.0,0.0,8.0,10.0,0.04,0.046,-0.4408038396111518,-0.0405795702531939,0.0289887667385963,2489,31,LARGE,diag,0.6164,2025-08-09,0
1246,990.0,50.0,30.0,60.0,89940.0,-390.0,2.0,1.0,0.019,0.01,-0.0530208501576844,0.2360536729477655,0.070574595645436,990,72,MEDIUM,posting,0.6482,2020-10-26,1
1249,1035.0,50.0,20.0,50.0,136560.0,-460.0,8.0,15.0,0.098,0.175,-0.0270335223543386,-0.3218487641571266,0.0019010601617145,1035,36,LARGE,diag,0.6084,2022-12-15,1
1250,996.0,60.0,30.0,60.0,0.0,0.0,6.0,2.0,0.068,0.025,-0.037718771117708,0.1899403881808738,0.0865409398258148,996,9,MEDIUM,both,0.9741,2024-06-08,0
1251,753.0,80.0,50.0,60.0,240790.0,58060.0,5.0,3.0,0.085,0.05,0.2891972114374753,0.3024973454273594,0.1212935442785444,753,20,MEDIUM,both,0.9415,2025-05-20,0
1252,412.0,80.0,50.0,50.0,0.0,0.0,2.0,2.0,0.062,0.046,0.1127740530143569,0.5225474554737968,0.2343281125980635,412,35,MEDIUM,both,0.9637,2024-03-07,0
1253,115.0,110.0,70.0,70.0,88410.0,12840.0,0.0,0.0,0.009,0.012,0.1410323073104895,0.0327454838418917,0.0286700104741644,115,32,SMALL,both,0.6585,2023-07-19,1
1254,421.0,60.0,30.0,60.0,0.0,0.0,2.0,1.0,0.058,0.042,0.2457430234990849,0.8366839916761211,0.1855273447087462,421,16,MEDIUM,diag,0.8661,2026-04-20,0
1255,1265.0,60.0,30.0,60.0,395170.0,36230.0,2.0,4.0,0.021,0.041,-0.0256384727424035,0.0661629989378872,0.1102768527829005,1265,32,LARGE,posting,0.842,2024-06-27,0
1257,629.0,50.0,30.0,50.0,0.0,0.0,4.0,4.0,0.072,0.086,-0.1797627861130303,0.0873754447793931,0.1302984945439655,629,43,MEDIUM,both,0.9097,2024-10-22,0
1258,2870.0,60.0,30.0,60.0,525860.0,4070.0,2.0,2.0,0.008,0.008,0.3208108227218652,0.2343619877230644,0.1063118215198861,2870,4,LARGE,diag,0.8684,2024-04-09,0
1259,667.0,60.0,40.0,50.0,0.0,0.0,0.0,0.0,0.003,0.003,0.3950571528513237,-0.146088778060139,-0.1287775558933329,667,23,MEDIUM,diag,0.2884,2020-09-25,1
1260,620.0,80.0,40.0,60.0,0.0,0.0,1.0,2.0,0.017,0.043,0.2976545781691727,0.055966350697086,-0.0541120573900153,620,23,MEDIUM,diag,0.6529,2023-11-15,1
1261,383.0,30.0,20.0,60.0,0.0,0.0,1.0,1.0,0.027,0.034,0.1213908930084677,-0.1427183170920131,-0.0157135525017049,383,16,MEDIUM,posting,0.4642,2024-10-20,0
1262,726.0,60.0,30.0,60.0,0.0,0.0,0.0,0.0,0.004,0.004,-0.1693537898746642,0.5059704465514512,0.1397449849158533,726,49,MEDIUM,posting,0.7518,2025-01-15,0
1263,9526.0,60.0,40.0,50.0,0.0,0.0,49.0,52.0,0.062,0.066,-0.2534508738134007,-0.7272964817113492,-0.2350689148207624,9526,21,LARGE,posting,0.4324,2024-09-30,0
1264,142.0,60.0,30.0,60.0,32110.0,4370.0,0.0,0.0,0.01,0.008,0.2269455703238656,0.0739022829279949,0.1073698154598621,142,40,SMALL,posting,0.4018,2023-12-14,0
1266,455.0,40.0,20.0,50.0,0.0,0.0,1.0,1.0,0.02,0.015,0.131356136154355,0.0712232356085837,0.0650422985421137,455,13,MEDIUM,both,0.8844,2024-03-17,0
1270,319.0,50.0,30.0,50.0,0.0,0.0,0.0,0.0,0.012,0.008,0.2125950748148662,0.2088496469407679,0.0362826145721415,319,13,MEDIUM,diag,0.6059,2024-11-19,0
1271,33.0,60.0,30.0,60.0,0.0,0.0,0.0,0.0,0.05,0.079,0.2885326493908009,0.4479676599308455,0.1021589023118004,33,4,SMALL,diag,0.6485,2024-11-04,0
1272,145.0,60.0,40.0,60.0,0.0,0.0,1.0,1.0,0.074,0.048,0.2040353774205175,-0.5277938164041694,-0.2090418723072085,145,11,SMALL,diag,0.2162,2022-08-26,1
1275,504.0,40.0,20.0,40.0,195500.0,70070.0,1.0,2.0,0.03,0.039,-0.0497111451166051,0.2783021709007717,-0.0444396036405568,504,34,MEDIUM,posting,0.5576,2022-04-08,1
1276,501.0,30.0,20.0,40.0,0.0,0.0,1.0,1.0,0.023,0.014,0.1664934902844402,-0.2047990999926164,-0.0046546237638452,501,21,MEDIUM,both,0.6759,2025-05-20,0
1277,337.0,70.0,30.0,60.0,0.0,0.0,1.0,1.0,0.04,0.046,-0.2611586497983463,0.2559027182516352,-0.0370116238957823,337,18,MEDIUM,diag,0.201,2024-11-04,0
1278,553.0,80.0,50.0,50.0,0.0,0.0,1.0,1.0,0.018,0.03,0.2427870683971967,0.2575582180536335,0.1361813494603105,553,31,MEDIUM,diag,0.7165,2024-08-05,0
1280,276.0,60.0,30.0,60.0,0.0,0.0,2.0,1.0,0.065,0.038,-0.3004270946461168,0.1147305514782963,0.0056052328964546,276,26,SMALL,both,0.9239,2024-12-26,0
1281,130.0,40.0,30.0,50.0,23710.0,-260.0,0.0,0.0,0.028,0.036,0.0775226760017609,-0.6475405049725804,-0.1096675421688496,130,22,SMALL,posting,0.2138,2023-06-13,1
1282,355.0,50.0,30.0,60.0,0.0,0.0,2.0,2.0,0.067,0.064,0.3359042440052217,0.3011312918810456,0.0209928629760773,355,28,MEDIUM,both,0.4936,2019-07-12,1
1286,3556.0,70.0,40.0,60.0,513110.0,35050.0,3.0,5.0,0.01,0.018,-0.2787889901795123,0.5867787714499972,0.133852322236887,3556,20,LARGE,both,0.9454,2025-01-30,0
1290,1667.0,70.0,50.0,60.0,0.0,0.0,2.0,3.0,0.011,0.025,0.0084228716421988,0.1577171742675751,-0.0003805931671534,1667,2,LARGE,both,0.5869,2024-05-05,0
1291,2345.0,60.0,40.0,60.0,452270.0,5270.0,12.0,15.0,0.06,0.076,0.2478783941145219,-0.0156256315636559,0.1415937810781161,2345,66,LARGE,diag,0.8105,2025-02-12,0
1292,981.0,50.0,30.0,60.0,0.0,0.0,6.0,5.0,0.068,0.06,-0.0629927722722624,-0.1077177580344195,-0.0196169308870779,981,6,MEDIUM,diag,0.8019,2021-07-26,1
1293,1536.0,70.0,50.0,60.0,383220.0,-11410.0,4.0,6.0,0.031,0.047,0.5494112506836265,-0.5090479608093085,-0.2015308785567993,1536,14,LARGE,diag,0.1629,2021-07-06,1
1298,803.0,80.0,40.0,60.0,119450.0,-2560.0,1.0,1.0,0.009,0.011,-0.0640050134225333,0.3573396413611373,-0.0028122669439783,803,15,MEDIUM,posting,0.6539,2024-05-24,0
1299,486.0,70.0,40.0,70.0,64180.0,2570.0,1.0,2.0,0.029,0.047,0.0072172874605088,-0.2536051317505948,0.0185600497856032,486,46,MEDIUM,both,0.4081,2020-05-11,1
1301,1918.0,40.0,30.0,50.0,0.0,0.0,7.0,6.0,0.041,0.04,0.0741692527387132,-0.0537327186369483,-0.0015727501466091,1918,46,LARGE,posting,0.5892,2024-04-01,0
1303,120.0,60.0,30.0,60.0,0.0,0.0,0.0,0.0,0.008,0.004,0.4892068696717949,0.2963664138739068,-0.0138317139273921,120,32,SMALL,diag,0.4086,2018-09-08,1
1304,840.0,70.0,30.0,50.0,0.0,0.0,1.0,1.0,0.013,0.016,-0.0206302254869285,0.3032689348833547,0.0263826077003338,840,37,MEDIUM,both,0.6927,2022-07-21,1
1306,73.0,60.0,30.0,50.0,16310.0,120.0,0.0,1.0,0.062,0.124,0.1626588589409652,-0.0454269648941227,-0.1392184886364179,73,39,SMALL,diag,0.2377,2026-07-15,0
1308,581.0,60.0,30.0,60.0,0.0,0.0,2.0,1.0,0.047,0.023,0.0610626611709212,0.1636749597397439,0.1271326818913083,581,33,MEDIUM,diag,0.8124,2021-04-13,1
1309,585.0,60.0,30.0,60.0,0.0,0.0,6.0,3.0,0.114,0.063,0.2085429762231665,-0.1638149743143883,-0.019283968144432,585,34,MEDIUM,diag,0.6799,2024-06-14,0
1310,1107.0,60.0,30.0,60.0,568660.0,-13360.0,4.0,8.0,0.042,0.088,-0.1406226693735443,-0.0855251325700607,0.0819197027179496,1107,44,LARGE,diag,0.8324,2024-10-06,0
1314,180.0,40.0,30.0,50.0,96680.0,10270.0,0.0,0.0,0.033,0.022,0.3332139602715251,-0.1341124875598774,0.0257763373950979,180,15,SMALL,both,0.7292,2025-02-12,0
1316,646.0,60.0,30.0,50.0,0.0,0.0,10.0,14.0,0.189,0.257,-0.1044871694261351,-0.2314822061169624,-0.1556815532080805,646,29,MEDIUM,both,0.7116,2021-05-20,1
1322,352.0,60.0,30.0,60.0,0.0,0.0,1.0,1.0,0.02,0.025,0.2187945168368618,-0.1754692278507725,-0.1378944752734951,352,22,MEDIUM,diag,0.1804,2024-10-13,0
1323,390.0,30.0,20.0,40.0,0.0,0.0,1.0,1.0,0.027,0.045,-0.2949952604734057,0.2484414710124041,0.0440360142514773,390,24,MEDIUM,diag,0.4685,2020-07-17,1
1324,128.0,60.0,30.0,60.0,37800.0,420.0,0.0,0.0,0.027,0.029,0.2761239686426535,0.5406211980448021,0.1041765877050942,128,4,SMALL,diag,0.6605,2024-07-19,0
1325,300.0,40.0,30.0,40.0,0.0,0.0,0.0,1.0,0.013,0.032,0.128509481533768,0.5587464930425874,0.1141351598970553,300,29,MEDIUM,diag,0.664,2024-02-16,0
1327,2022.0,60.0,40.0,60.0,929460.0,-38200.0,6.0,5.0,0.036,0.031,0.3628038076430938,0.2352151959443648,0.0805698282990423,2022,14,LARGE,diag,0.7975,2024-12-13,0
1328,666.0,60.0,30.0,60.0,100280.0,7380.0,3.0,2.0,0.048,0.043,0.1259629474900184,-0.3436549379853918,-0.1322423964477806,666,29,ETC,posting,0.3279,2022-05-05,1
1330,178.0,40.0,30.0,70.0,9160.0,1510.0,0.0,0.0,0.008,0.006,0.405913640161256,-0.6716423204951825,-0.1659828646063474,178,11,SMALL,diag,0.1591,2023-01-11,1
1331,413.0,60.0,30.0,60.0,0.0,0.0,0.0,0.0,0.009,0.011,-0.0293911080422306,0.2441367813081922,-0.0053334577709672,413,7,MEDIUM,posting,0.4416,2023-09-11,1
1332,726.0,50.0,30.0,60.0,0.0,0.0,4.0,7.0,0.067,0.112,-0.3261202328884788,-0.3240046957871856,-0.029794784614785,726,20,MEDIUM,diag,0.5232,2019-08-12,1
1333,289.0,40.0,20.0,40.0,280440.0,-35460.0,0.0,0.0,0.005,0.004,0.0284239297829878,-0.9,-0.1060739104738303,289,37,SMALL,both,0.553,2023-09-14,1
1334,261.0,60.0,30.0,60.0,0.0,0.0,1.0,1.0,0.029,0.024,0.6385474895930949,0.2184832458617412,0.1012058290044295,261,55,SMALL,both,0.8597,2026-06-20,0
1335,1423.0,80.0,40.0,60.0,0.0,0.0,0.0,0.0,0.002,0.004,0.2040123449407566,-0.0467733526717972,-0.0389005215537315,1423,8,LARGE,posting,0.5852,2024-07-16,0
1337,33.0,60.0,40.0,40.0,0.0,0.0,0.0,0.0,0.02,0.006,0.1709375821097981,-0.0203099019993328,0.1355832068863188,33,3,SMALL,both,0.8296,2025-01-21,0
1338,6073.0,170.0,100.0,110.0,391490.0,-36000.0,10.0,25.0,0.019,0.05,-0.034061816673153,0.6020457057287719,0.2098317262725394,6073,27,LARGE,both,0.9786,2024-06-11,0
1341,438.0,80.0,40.0,70.0,98020.0,15290.0,0.0,1.0,0.011,0.014,0.4411335276804845,0.4012194406049317,0.0311607009158444,438,48,MEDIUM,diag,0.5699,2024-06-23,0
1342,335.0,50.0,30.0,60.0,0.0,0.0,1.0,1.0,0.035,0.036,-0.0702205683943862,0.1216502197255129,0.083721395958773,335,10,MEDIUM,diag,0.9052,2024-07-19,0
1343,738.0,40.0,20.0,40.0,0.0,0.0,4.0,3.0,0.068,0.042,0.0735984079350435,0.00341935782322,-0.1086859880549622,738,23,MEDIUM,posting,0.5795,2023-09-16,1
1344,328.0,40.0,20.0,50.0,0.0,0.0,3.0,4.0,0.108,0.144,-0.1726649485459905,-0.0446758181672293,-0.0268463168856002,328,8,MEDIUM,diag,0.3822,2022-12-07,1
1345,616.0,60.0,30.0,60.0,199400.0,-7150.0,2.0,2.0,0.03,0.034,0.2471226571910866,-0.8766688129866849,-0.2342045749666889,616,22,MEDIUM,both,0.3753,2026-05-24,0
1348,448.0,60.0,30.0,60.0,0.0,0.0,2.0,1.0,0.042,0.024,-0.2614733684180893,0.0574649176032079,0.1287904262042837,448,6,MEDIUM,posting,0.872,2023-03-16,1
1349,94.0,90.0,60.0,60.0,0.0,0.0,0.0,0.0,0.013,0.019,0.1434201349278799,0.0951944834865182,0.0403591287593808,94,34,SMALL,both,0.4288,2024-07-14,0
1351,350.0,60.0,30.0,60.0,0.0,0.0,4.0,3.0,0.128,0.119,-0.0671925452021956,-0.1339178216907359,-0.0408898663495152,350,44,MEDIUM,diag,0.508,2022-01-05,1
1353,505.0,30.0,20.0,50.0,0.0,0.0,0.0,1.0,0.01,0.019,-0.3406094420496387,0.1506702357607083,-0.1290052825007305,505,8,MEDIUM,diag,0.5555,2021-02-23,1
1354,950.0,50.0,20.0,40.0,998320.0,152570.0,6.0,4.0,0.071,0.053,0.1069014435280785,0.7386371416224479,0.1881744290492579,950,11,MEDIUM,both,0.9573,2024-09-11,0
1357,695.0,60.0,30.0,60.0,314600.0,16990.0,2.0,2.0,0.039,0.028,-0.0342512601471973,0.2672356945947197,0.1495542573767943,695,51,MEDIUM,diag,0.7783,2022-11-07,1
1360,2353.0,50.0,30.0,60.0,0.0,0.0,3.0,3.0,0.013,0.016,0.0178726727548592,-0.060435849757891,-0.0272009822291109,2353,11,LARGE,diag,0.5936,2024-09-24,0
1361,121.0,60.0,30.0,60.0,0.0,0.0,1.0,1.0,0.053,0.076,-0.0689614350865352,-0.0181135863442259,-0.1203790288620795,121,13,SMALL,posting,0.1794,2025-02-06,0
1362,899.0,70.0,50.0,70.0,0.0,0.0,1.0,1.0,0.019,0.012,-0.342404151740629,-0.1552920080299554,-0.038054213230907,899,32,MEDIUM,both,0.7383,2022-04-24,1
1363,641.0,90.0,60.0,60.0,0.0,0.0,0.0,0.0,0.002,0.002,-0.0904194482791553,-0.0608641363876929,-0.053390059441247,641,25,MEDIUM,posting,0.5685,2025-02-18,0
1365,175.0,40.0,20.0,40.0,0.0,0.0,1.0,0.0,0.052,0.034,0.2474309332524565,0.2403665213933483,0.2397234791513625,175,42,SMALL,both,0.9527,2024-07-24,0
1366,581.0,50.0,30.0,50.0,0.0,0.0,3.0,4.0,0.068,0.093,-0.2288567808831357,0.4679983890513464,0.1150795451241501,581,18,MEDIUM,posting,0.7907,2024-08-31,0
1367,940.0,60.0,30.0,60.0,159850.0,25820.0,7.0,12.0,0.089,0.153,-0.505869010327591,0.0659654543513832,0.0794058419776766,940,10,MEDIUM,diag,0.8801,2026-03-04,0
1369,146.0,60.0,30.0,60.0,0.0,0.0,0.0,1.0,0.024,0.041,0.2803801650714462,-0.003029054413809,-0.0022793724604661,146,18,SMALL,diag,0.4018,2022-05-05,1
1371,1226.0,60.0,30.0,60.0,1053610.0,1660.0,15.0,9.0,0.144,0.089,0.2443754663064147,-0.1622756812919634,-0.020257013633769,1226,42,LARGE,both,0.8758,2024-04-04,0
1372,794.0,90.0,40.0,60.0,0.0,0.0,5.0,5.0,0.083,0.068,-0.5198425800334824,0.3195328879322689,0.0077979104164241,794,18,MEDIUM,posting,0.7711,2024-02-02,0
1373,262.0,30.0,20.0,60.0,170380.0,9610.0,1.0,1.0,0.045,0.035,0.6757361499550314,0.1700764214402763,0.1125225492540195,262,18,SMALL,diag,0.7764,2023-05-02,1
1379,648.0,60.0,30.0,60.0,224610.0,8570.0,1.0,2.0,0.022,0.045,-0.2024183575748984,-0.0599845606681658,0.0190115876953804,648,20,MEDIUM,diag,0.5508,2018-04-17,1
1380,219.0,60.0,30.0,60.0,17130.0,2680.0,1.0,1.0,0.042,0.055,-0.3796283374560578,0.5778900034404113,0.2539138745175318,219,5,SMALL,diag,0.9217,2024-05-07,0
1381,873.0,60.0,30.0,60.0,0.0,0.0,2.0,2.0,0.027,0.026,0.0022117426849165,0.1185681778461384,0.0903478327945153,873,24,MEDIUM,both,0.8773,2026-01-04,0
1382,548.0,80.0,50.0,80.0,0.0,0.0,1.0,1.0,0.018,0.016,0.5313183307837618,0.1202632669663622,0.1016798053391997,548,31,MEDIUM,both,0.9244,2024-03-19,0
1386,365.0,70.0,50.0,60.0,53710.0,1440.0,2.0,2.0,0.058,0.055,0.0191126854609277,0.4739964872644249,0.1449365400882255,365,13,MEDIUM,diag,0.8823,2024-05-26,0
1388,179.0,60.0,30.0,60.0,0.0,0.0,1.0,1.0,0.055,0.046,-0.1053000091107937,0.5852072594269104,0.0723852763901218,179,19,SMALL,both,0.7091,2023-11-15,1
1389,174.0,90.0,40.0,60.0,111480.0,5840.0,0.0,0.0,0.01,0.016,-0.0232282880940474,0.3868545787835781,0.102721972260321,174,9,SMALL,diag,0.6766,2024-05-06,0
1391,491.0,60.0,30.0,60.0,0.0,0.0,1.0,2.0,0.029,0.052,-0.1450653694256345,0.0974019148602706,-0.0447254458667557,491,17,MEDIUM,both,0.6782,2021-02-17,1
1392,2340.0,60.0,30.0,50.0,0.0,0.0,9.0,4.0,0.047,0.023,-0.0220065713052981,0.1831769812101379,0.0578785957779941,2340,27,ETC,posting,0.8401,2023-11-09,1
1393,187.0,60.0,30.0,60.0,34810.0,2490.0,1.0,0.0,0.064,0.028,-0.2058778006817906,0.1773641022536771,0.1293530488650548,187,5,SMALL,diag,0.7609,2023-05-12,1
1397,102.0,50.0,30.0,30.0,26410.0,-670.0,0.0,0.0,0.057,0.037,0.4638643955815488,0.2134351910836637,0.1308618686428253,102,16,SMALL,diag,0.7958,2021-06-03,1
1398,1752.0,70.0,50.0,60.0,810310.0,65070.0,3.0,3.0,0.018,0.023,0.2413984620983665,0.011032661065632,-0.0322591309038115,1752,16,LARGE,posting,0.5658,2025-03-21,0
1399,3337.0,90.0,50.0,60.0,0.0,0.0,5.0,4.0,0.019,0.016,-0.1810775127583704,-0.0983434559011491,0.0193731985723169,3337,15,LARGE,diag,0.715,2024-06-05,0
1402,717.0,70.0,40.0,50.0,93610.0,11980.0,2.0,2.0,0.04,0.031,0.2285370829741959,-0.0799166279356757,-0.141019895147065,717,21,MEDIUM,both,0.6013,2024-03-07,0
1404,409.0,60.0,30.0,60.0,33430.0,1330.0,2.0,3.0,0.058,0.095,-0.0263934548027909,0.6833932733015824,0.2145168634628624,409,48,MEDIUM,posting,0.8475,2024-06-22,0
1406,127.0,60.0,30.0,70.0,0.0,0.0,1.0,0.0,0.084,0.042,-0.1802703257505964,0.1519206907667353,0.0025504416381418,127,25,SMALL,both,0.8679,2021-03-02,1
1407,575.0,30.0,20.0,50.0,0.0,0.0,1.0,1.0,0.02,0.019,-0.1888286710955696,-0.186882598403398,0.101601951376626,575,46,MEDIUM,both,0.8362,2022-05-22,1
1409,2038.0,100.0,60.0,70.0,0.0,0.0,2.0,1.0,0.011,0.007,0.0385534927394512,-0.5005129669776132,-0.1229358939503297,2038,24,LARGE,both,0.6939,2025-12-10,0
1410,1035.0,50.0,30.0,70.0,0.0,0.0,0.0,1.0,0.004,0.015,0.3015082864628105,0.6347933478978377,0.0883072470085368,1035,49,LARGE,diag,0.3869,2019-01-26,1
1411,327.0,40.0,20.0,40.0,18510.0,-610.0,1.0,2.0,0.038,0.089,-0.2821867208400966,-0.1326005411684549,-0.0814946641602442,327,21,MEDIUM,diag,0.3637,2021-06-22,1
1413,101.0,30.0,20.0,60.0,0.0,0.0,0.0,0.0,0.013,0.007,0.348952826150618,0.0257802800456802,0.1855416220475593,101,40,SMALL,posting,0.8215,2024-03-11,0
1414,959.0,50.0,30.0,50.0,1120080.0,133400.0,2.0,1.0,0.022,0.009,0.1295444257884668,0.3614818627858738,0.2016082014766604,959,8,MEDIUM,both,0.9668,2025-02-21,0
1415,723.0,100.0,60.0,60.0,1273500.0,145780.0,1.0,1.0,0.023,0.01,0.2369259703756082,0.2598104296168056,0.0246672497754007,723,28,MEDIUM,both,0.8695,2024-11-30,0
1416,87.0,60.0,40.0,50.0,40720.0,-4220.0,0.0,0.0,0.055,0.035,0.4418488908230089,0.0912447560537573,0.1231153729100695,87,25,SMALL,posting,0.7418,2019-10-24,1
1417,317.0,30.0,20.0,20.0,24600.0,-820.0,1.0,1.0,0.027,0.031,0.2720358734934615,-0.1515527974729832,0.0866626044051663,317,5,MEDIUM,diag,0.6493,2024-11-03,0
1420,46.0,60.0,30.0,60.0,28030.0,700.0,0.0,0.0,0.043,0.041,-0.1155819642035083,-0.040815307334322,-0.1055106617850457,46,31,SMALL,both,0.5145,2024-10-05,0
1422,282.0,60.0,30.0,60.0,112130.0,1190.0,0.0,0.0,0.016,0.019,0.1727830392974887,0.2408647965662992,0.1280552641795339,282,21,SMALL,diag,0.6797,2022-12-01,1
1426,159.0,40.0,30.0,50.0,133770.0,11830.0,0.0,0.0,0.024,0.026,0.1180484859232014,0.6485487108048964,0.1988815915813022,159,33,ETC,posting,0.8376,2024-02-24,0
1427,635.0,90.0,40.0,80.0,0.0,0.0,1.0,1.0,0.026,0.02,-0.156789659668623,-0.1070102129157117,-0.0033260472799437,635,15,MEDIUM,diag,0.6109,2025-12-29,0
1428,379.0,50.0,30.0,40.0,0.0,0.0,1.0,1.0,0.026,0.024,0.1438066130437078,0.0946459025031621,0.0378719286600108,379,60,MEDIUM,diag,0.3965,2023-01-31,1
1429,181.0,50.0,30.0,70.0,27400.0,3270.0,0.0,0.0,0.021,0.018,-0.1136264069202262,-0.3317146337825013,-0.0149531371920536,181,8,SMALL,posting,0.4828,2025-09-03,0
1430,808.0,30.0,20.0,40.0,0.0,0.0,5.0,4.0,0.071,0.055,0.0912842315291173,-0.2372122256284186,0.1030317336679983,808,9,MEDIUM,posting,0.6595,2025-12-08,0
1431,131.0,40.0,20.0,60.0,0.0,0.0,0.0,0.0,0.012,0.012,0.1887579346006716,-0.0828075875185758,0.0445488737761136,131,31,SMALL,both,0.6688,2025-06-28,0
1433,318.0,50.0,40.0,60.0,43140.0,5650.0,1.0,1.0,0.024,0.025,0.314703651324128,0.1132279640523684,0.2030279713014008,318,11,MEDIUM,posting,0.7633,2024-02-27,0
1434,672.0,60.0,30.0,50.0,103760.0,9320.0,5.0,5.0,0.084,0.084,0.1362072613364624,-0.0194963656591993,0.0839838739061695,672,16,MEDIUM,both,0.8564,2024-03-10,0
1435,244.0,60.0,30.0,60.0,91960.0,19980.0,2.0,1.0,0.074,0.056,-0.3859986315509393,0.4845560285026611,0.1563745201604524,244,67,SMALL,both,0.8499,2024-03-13,0
1436,339.0,40.0,20.0,20.0,60330.0,-2620.0,2.0,3.0,0.053,0.106,-0.1292575369202603,0.3267764278101687,0.0411783138634593,339,32,MEDIUM,diag,0.4503,2020-03-11,1
1442,1253.0,40.0,20.0,60.0,0.0,0.0,3.0,3.0,0.029,0.027,-0.0577047670395856,0.4867246079349913,-0.0825311150983804,1253,34,LARGE,both,0.6802,2024-04-25,0
1443,1475.0,60.0,30.0,60.0,0.0,0.0,1.0,1.0,0.007,0.009,-0.0657074849229222,-0.1278810058516069,-0.1019511723355416,1475,58,LARGE,diag,0.3355,2024-06-24,0
1445,938.0,50.0,30.0,60.0,0.0,0.0,0.0,0.0,0.006,0.005,-0.1438428685664273,0.222318229442041,0.0772582707212463,938,3,MEDIUM,posting,0.6349,2024-12-11,0
1447,722.0,60.0,30.0,60.0,0.0,0.0,2.0,3.0,0.04,0.057,0.091749953786542,-0.5001775055374423,-0.0563606964422769,722,23,MEDIUM,both,0.6543,2024-03-25,0
1448,909.0,60.0,30.0,60.0,554850.0,-4910.0,2.0,2.0,0.027,0.026,0.1295486810751247,-0.2066073014470839,-0.0207379022166996,909,25,MEDIUM,posting,0.4398,2024-06-26,0
1450,509.0,50.0,30.0,40.0,0.0,0.0,1.0,1.0,0.025,0.012,0.1056373473684201,0.1401056535085723,-0.0154030363600273,509,28,MEDIUM,diag,0.5554,2023-10-21,1
1451,1391.0,70.0,50.0,90.0,0.0,0.0,4.0,2.0,0.031,0.018,0.3117996059990313,-0.2011985726459227,-0.1231889379550542,1391,3,LARGE,diag,0.595,2023-06-14,1
1453,1652.0,50.0,30.0,50.0,0.0,0.0,12.0,13.0,0.085,0.094,0.6259079516802454,-0.4774781012113767,-0.0013449766299245,1652,19,LARGE,diag,0.7167,2024-03-31,0
1454,1522.0,40.0,20.0,60.0,0.0,0.0,1.0,0.0,0.004,0.003,0.1078526513168096,0.435563572564684,0.0864768785242899,1522,21,LARGE,posting,0.7837,2024-07-03,0
1455,597.0,40.0,20.0,60.0,0.0,0.0,2.0,2.0,0.042,0.048,-0.2664961696175302,-0.0146824830049622,0.1519062824322858,597,10,MEDIUM,posting,0.789,2026-12-25,0
1457,610.0,90.0,60.0,80.0,90390.0,-1790.0,5.0,4.0,0.097,0.078,-0.1234862950418741,0.0304657722922405,0.0514199719561546,610,37,MEDIUM,diag,0.7188,2024-08-04,0
1458,856.0,60.0,30.0,60.0,241540.0,6550.0,3.0,5.0,0.044,0.065,0.0159756037510045,-0.1095148560184987,0.0317570874907315,856,17,MEDIUM,diag,0.3974,2022-09-03,1
1459,801.0,70.0,40.0,50.0,0.0,0.0,3.0,5.0,0.043,0.068,0.0157796740824301,-0.0156522784546513,-0.0894475597204552,801,19,MEDIUM,posting,0.426,2023-04-21,1
1461,714.0,60.0,30.0,60.0,0.0,0.0,1.0,1.0,0.02,0.015,-0.0298736505478988,0.3064628228609878,0.0397354830673194,714,10,MEDIUM,diag,0.4358,2025-05-16,0
1463,697.0,50.0,30.0,50.0,0.0,0.0,1.0,1.0,0.009,0.01,-0.2957776379330351,0.3447169884205009,0.0692687316659843,697,17,MEDIUM,both,0.8892,2024-09-24,0
1464,2605.0,60.0,40.0,60.0,283470.0,35490.0,18.0,13.0,0.082,0.058,0.6336032380857717,-0.0009222806683702,0.0883908771567976,2605,19,LARGE,diag,0.9079,2024-07-13,0
1467,337.0,50.0,30.0,40.0,0.0,0.0,1.0,1.0,0.033,0.021,0.4966534156277191,-0.2720148578297335,-0.1480286187888085,337,7,MEDIUM,both,0.6711,2024-04-11,0
1468,1291.0,60.0,30.0,60.0,419280.0,18360.0,8.0,16.0,0.079,0.151,-0.2418049112189277,0.1876677604467979,0.0608856060405287,1291,25,LARGE,posting,0.7434,2024-08-23,0
1469,11457.0,30.0,20.0,30.0,3352910.0,304290.0,34.0,31.0,0.035,0.032,-0.147801647195776,-0.467653714150817,-0.1087008297612725,11457,15,LARGE,diag,0.587,2022-05-15,1
1470,530.0,60.0,30.0,60.0,536330.0,15040.0,1.0,1.0,0.023,0.014,-0.3371276588425279,0.3729834105579602,0.1372058304258717,530,24,MEDIUM,diag,0.7546,2025-12-30,0
1471,350.0,30.0,20.0,30.0,107370.0,-13450.0,0.0,0.0,0.009,0.006,-0.3149554626705005,0.4519652148115932,0.2205747426862058,350,19,MEDIUM,diag,0.9031,2024-09-21,0
1472,262.0,60.0,30.0,60.0,82600.0,6750.0,1.0,1.0,0.035,0.025,-0.089966625421831,0.3568468832955328,0.0113852380369284,262,31,SMALL,posting,0.5818,2021-04-18,1
1475,364.0,40.0,20.0,60.0,0.0,0.0,0.0,0.0,0.009,0.005,-0.1711172100933853,0.0516449656655982,0.013125053488765,364,57,MEDIUM,diag,0.5102,2020-01-26,1
1478,280.0,60.0,40.0,60.0,54510.0,7800.0,0.0,0.0,0.017,0.012,0.0455194988024306,-0.1379971490758756,0.111645997621232,280,41,SMALL,diag,0.7712,2025-06-08,0
1479,389.0,60.0,30.0,60.0,0.0,0.0,2.0,1.0,0.059,0.032,0.0339005680063554,-0.0193175031138573,0.0014423634453049,389,11,MEDIUM,both,0.8491,2024-11-01,0
1481,1188.0,60.0,30.0,60.0,1034050.0,179800.0,12.0,9.0,0.125,0.095,0.3140363819212365,0.3509017166605321,0.0215026696212646,1188,14,LARGE,diag,0.8567,2025-05-12,0
1483,588.0,60.0,30.0,60.0,113250.0,-2290.0,2.0,1.0,0.031,0.017,0.0108406860689571,-0.2551626086354268,0.0902866595427033,588,54,MEDIUM,both,0.829,2022-05-04,1
1484,256.0,80.0,50.0,60.0,119320.0,-780.0,1.0,2.0,0.046,0.075,0.1273620673581372,0.0553527259119216,0.0934677335143818,256,19,SMALL,diag,0.7032,2024-01-06,0
1488,943.0,60.0,30.0,60.0,218960.0,-21860.0,8.0,13.0,0.096,0.166,0.2828922966088895,-0.0256417509135575,-0.0524395377372366,943,70,MEDIUM,diag,0.1779,2022-07-03,1
1490,123.0,100.0,60.0,70.0,9530.0,1470.0,0.0,0.0,0.041,0.048,-0.3271025831280499,0.095455354714545,-0.0619369284381397,123,11,SMALL,posting,0.5374,2023-07-07,1
1491,147.0,60.0,30.0,70.0,0.0,0.0,0.0,1.0,0.032,0.045,0.1662313710529881,-0.1175765705461917,-0.1825656970288311,147,24,SMALL,both,0.3357,2018-11-20,1
1494,1411.0,60.0,30.0,60.0,852750.0,2410.0,5.0,8.0,0.046,0.072,-0.0092401695929696,0.5056808266280725,0.3392370228122137,1411,16,LARGE,both,0.9825,2024-07-16,0
1495,618.0,30.0,20.0,40.0,120210.0,-4760.0,1.0,0.0,0.021,0.01,0.2557497937681378,-0.0154855016190818,0.0289676593711492,618,13,MEDIUM,diag,0.7734,2022-06-11,1
1496,139.0,40.0,20.0,50.0,32740.0,820.0,1.0,1.0,0.053,0.053,-0.3271396556636193,0.2134289420680988,0.0722523763246357,139,64,SMALL,posting,0.7368,2024-12-26,0
1498,397.0,30.0,20.0,30.0,0.0,0.0,1.0,1.0,0.032,0.026,0.208324105634037,-0.269323009347583,-0.0480471199160072,397,20,MEDIUM,both,0.8326,2023-10-08,1
1499,498.0,60.0,30.0,60.0,0.0,0.0,2.0,2.0,0.044,0.046,0.3132804109126389,-0.1417337906543496,-0.1021019338151821,498,32,MEDIUM,diag,0.2857,2017-12-09,1
1500,233.0,50.0,20.0,60.0,0.0,0.0,1.0,1.0,0.031,0.066,-0.4263613077117918,-0.2209709115251027,0.0811470966898479,233,25,SMALL,diag,0.4287,2016-07-03,1
1501,202.0,60.0,30.0,60.0,74650.0,8110.0,0.0,0.0,0.021,0.02,-0.062530562590277,0.1720792655119499,0.0657110375996265,202,12,SMALL,diag,0.7172,2024-12-31,0
1503,232.0,40.0,20.0,40.0,0.0,0.0,0.0,1.0,0.023,0.026,-0.0079861279351936,0.2706338321540845,0.1048520960217132,232,30,SMALL,posting,0.6756,2016-11-06,1
1504,102.0,50.0,30.0,40.0,5110.0,280.0,0.0,0.0,0.019,0.023,-0.0188736286316209,0.5268679269223022,0.1443939501313032,102,59,SMALL,diag,0.6247,2023-11-21,0
1505,388.0,60.0,30.0,60.0,0.0,0.0,1.0,1.0,0.023,0.036,-0.0195900735583113,0.0741152318413645,0.085534137640946,388,22,MEDIUM,both,0.739,2024-04-19,0
1508,343.0,40.0,30.0,40.0,0.0,0.0,2.0,3.0,0.077,0.12,0.1982148093247857,0.0256420932037822,0.0903795829467448,343,22,MEDIUM,both,0.71,2024-11-23,0
1511,306.0,60.0,30.0,60.0,47540.0,3480.0,0.0,0.0,0.014,0.01,-0.0663503782870585,0.0844218978180523,0.1992813544065373,306,7,MEDIUM,posting,0.9086,2024-05-13,0
1512,2086.0,70.0,50.0,50.0,941600.0,-62610.0,6.0,7.0,0.033,0.038,-0.3566669351679897,0.4948976117752668,0.2516824280848062,2086,15,LARGE,diag,0.8765,2025-01-08,0
1513,63.0,60.0,30.0,60.0,0.0,0.0,0.0,0.0,0.019,0.019,-0.0142439728777995,0.4441642942639714,0.0033425453125281,63,20,SMALL,posting,0.3284,2024-05-12,0
1514,32.0,60.0,30.0,60.0,2610.0,-110.0,0.0,0.0,0.054,0.045,0.1855745503625037,-0.3782884446776918,0.03110179246725,32,35,SMALL,diag,0.5995,2023-02-03,1
1515,522.0,90.0,40.0,70.0,94800.0,7910.0,2.0,2.0,0.042,0.052,-0.4134196909068446,-0.4715116790390805,-0.1723271204604436,522,9,MEDIUM,posting,0.1935,2024-09-22,0
1516,235.0,40.0,20.0,50.0,0.0,0.0,0.0,0.0,0.018,0.02,0.1538580087054966,0.2466259512911456,0.105997230919249,235,13,ETC,diag,0.736,2021-07-20,1
1517,2447.0,60.0,30.0,60.0,377580.0,39310.0,2.0,3.0,0.011,0.015,-0.0922061427619182,0.2232796306949967,0.1050973839504952,2447,16,LARGE,both,0.904,2024-07-14,0
1518,865.0,70.0,50.0,70.0,418790.0,87810.0,1.0,0.0,0.01,0.006,-0.1558169503123799,-0.138606679543731,0.0925028877321949,865,20,MEDIUM,both,0.9571,2024-09-20,0
1519,689.0,60.0,30.0,60.0,0.0,0.0,1.0,2.0,0.014,0.027,-0.1319130728604607,-0.012937362941276,0.1235975037238845,689,20,MEDIUM,diag,0.7785,2026-08-06,0
1520,733.0,60.0,30.0,60.0,82070.0,14350.0,3.0,7.0,0.057,0.11,0.0446161216274716,-0.4038895760497736,-0.1520752063226626,733,25,MEDIUM,diag,0.6413,2025-03-03,0
1522,334.0,70.0,30.0,70.0,0.0,0.0,1.0,0.0,0.027,0.014,0.1746041153993317,0.7043680374840712,0.2360621011324047,334,16,MEDIUM,both,0.9343,2024-06-15,0
1523,2862.0,70.0,50.0,70.0,0.0,0.0,18.0,19.0,0.077,0.078,0.2067273772931475,0.2657448199180612,0.1569117895969614,2862,10,LARGE,diag,0.8685,2025-04-13,0
1525,286.0,60.0,30.0,40.0,83110.0,-7590.0,1.0,1.0,0.022,0.041,0.2858075717393677,-0.0288752632021836,0.0515442387379644,286,20,SMALL,both,0.6984,2024-08-15,0
1527,581.0,60.0,30.0,60.0,0.0,0.0,4.0,4.0,0.08,0.093,0.1069395980150249,-0.1882623966416648,-0.1264690499702015,581,7,MEDIUM,diag,0.2881,2024-07-20,0
1528,819.0,80.0,40.0,80.0,0.0,0.0,2.0,1.0,0.023,0.013,0.0223002269420513,0.0786284415720673,-0.1284324906911273,819,7,MEDIUM,diag,0.4954,2022-11-22,1
1529,107.0,60.0,30.0,60.0,0.0,0.0,0.0,0.0,0.015,0.015,-0.2467720759830378,0.0816040236539747,0.0811578875681512,107,13,SMALL,diag,0.3939,2024-03-13,0
1530,295.0,60.0,40.0,70.0,86840.0,-1780.0,1.0,1.0,0.052,0.041,-0.0684187311977388,-0.2223168978416906,0.0327768438522089,295,15,SMALL,diag,0.3452,2023-03-18,1
1531,1323.0,60.0,30.0,60.0,136190.0,28610.0,1.0,1.0,0.012,0.013,0.2534406187763601,0.3940887895113517,-0.0040888012246993,1323,39,LARGE,diag,0.6182,2021-08-31,1
1532,328.0,50.0,40.0,60.0,253380.0,-10.0,0.0,0.0,0.01,0.008,-0.1499789870382715,0.0526734706417955,0.0523999970259532,328,33,ETC,both,0.7834,2021-11-24,1
1533,95.0,60.0,30.0,60.0,0.0,0.0,0.0,0.0,0.02,0.04,-0.1191493764714359,0.0468881800266054,-0.0179597463505833,95,25,SMALL,diag,0.1675,2021-11-21,1
1538,217.0,50.0,30.0,40.0,193470.0,-6780.0,0.0,0.0,0.025,0.024,-0.2538453844306872,-0.0212044905138221,0.0051558526924,217,43,SMALL,posting,0.471,2024-03-17,0
1539,522.0,40.0,20.0,40.0,0.0,0.0,2.0,2.0,0.048,0.054,-0.0433308899700362,-0.4571162710308,-0.0581977443752021,522,28,MEDIUM,both,0.8005,2023-05-28,1
1540,413.0,60.0,30.0,60.0,259610.0,4380.0,2.0,1.0,0.048,0.025,0.1609281191402241,0.0976156324145929,0.0235061901749977,413,30,MEDIUM,posting,0.4946,2020-05-11,1
1542,2307.0,50.0,30.0,50.0,0.0,0.0,1.0,0.0,0.003,0.002,0.1256496406085349,0.4084595217168999,0.0510002905877651,2307,12,ETC,diag,0.8596,2024-07-25,0
1544,119.0,40.0,20.0,40.0,11050.0,1330.0,0.0,0.0,0.028,0.021,0.177650521567518,-0.0171732831256687,0.0374076436005948,119,42,SMALL,diag,0.4697,2024-06-21,0
1545,329.0,60.0,40.0,70.0,142630.0,-7730.0,0.0,0.0,0.004,0.005,0.1273999427824592,0.202018619156293,-0.0129650808642889,329,22,MEDIUM,diag,0.5358,2025-11-01,0
1546,1566.0,50.0,30.0,50.0,265680.0,8130.0,3.0,7.0,0.025,0.057,-0.1902151886297283,-0.1565960452271896,0.0464266545289648,1566,31,LARGE,posting,0.6156,2022-11-13,1
1547,246.0,50.0,30.0,60.0,0.0,0.0,1.0,1.0,0.044,0.03,0.3432276912365407,-0.2178771690164853,0.0484035986204801,246,33,SMALL,diag,0.6313,2024-06-24,0
1548,628.0,20.0,10.0,30.0,0.0,0.0,1.0,1.0,0.025,0.017,-0.0555592714786235,-0.3394931992915092,-1.860532581179908e-06,628,37,MEDIUM,diag,0.5784,2019-02-02,1
1549,350.0,60.0,30.0,60.0,91750.0,3260.0,2.0,1.0,0.06,0.036,-0.3525943365401712,0.0307810984980569,0.0925539364411837,350,41,MEDIUM,posting,0.714,2024-05-07,0
1552,811.0,60.0,30.0,60.0,296190.0,57450.0,3.0,1.0,0.04,0.019,0.0355631538153496,-0.0104124929576864,0.011442545021194,811,16,MEDIUM,posting,0.7754,2024-12-10,0
1553,171.0,60.0,30.0,60.0,0.0,0.0,0.0,0.0,0.019,0.022,-0.032294409400008,-0.1979362208558235,-0.0492313928635237,171,43,SMALL,diag,0.13,2024-01-07,0
1554,239.0,60.0,40.0,60.0,66520.0,2880.0,0.0,1.0,0.02,0.035,0.0974710160863273,0.3707943139994738,0.0534997143468441,239,36,SMALL,diag,0.396,2025-03-02,0
1559,163.0,60.0,30.0,60.0,146130.0,35320.0,1.0,1.0,0.079,0.042,0.3174017926193005,-0.684947610002671,0.0347093626686707,163,28,SMALL,diag,0.5304,2025-02-11,0
1561,429.0,90.0,50.0,60.0,118790.0,2730.0,1.0,2.0,0.041,0.066,-0.0154268026041567,0.3339190433955455,0.0392253586887993,429,27,MEDIUM,both,0.8202,2023-12-06,0
1562,539.0,40.0,20.0,50.0,0.0,0.0,2.0,2.0,0.04,0.049,-0.2314278130227987,-0.2257814744908502,-0.0802473780703263,539,7,MEDIUM,posting,0.4526,2022-07-26,1
1564,373.0,80.0,50.0,60.0,190610.0,-2390.0,1.0,2.0,0.035,0.06,0.1552689023318555,-0.0848030820584634,-0.0538948538198685,373,52,MEDIUM,posting,0.4196,2023-10-06,1
1565,172.0,80.0,50.0,50.0,35650.0,-780.0,0.0,0.0,0.013,0.022,-0.0309006503117362,0.0163801845403202,-0.0618571429161492,172,2,SMALL,diag,0.5861,2024-08-18,0
1567,331.0,80.0,40.0,70.0,109580.0,8620.0,1.0,2.0,0.037,0.059,-0.0272778502570386,-0.0679310942672242,-0.0342832777559347,331,43,MEDIUM,both,0.5491,2025-12-05,0
1569,94.0,60.0,30.0,60.0,0.0,0.0,0.0,0.0,0.034,0.049,-0.0907760311698728,0.0315369028790193,0.0351658607799492,94,23,ETC,diag,0.2778,2022-01-13,1
1570,2319.0,40.0,30.0,40.0,0.0,0.0,10.0,10.0,0.051,0.054,0.0352435861915478,0.0903332338845955,-0.1049831799337449,2319,38,LARGE,both,0.8325,2024-11-14,0
1571,237.0,70.0,40.0,50.0,0.0,0.0,1.0,0.0,0.037,0.021,-0.3013677899188228,0.1088583074487244,0.0843040490002164,237,31,SMALL,posting,0.5378,2025-06-23,0
1572,363.0,80.0,50.0,70.0,21900.0,-2760.0,2.0,2.0,0.059,0.057,0.0412092418082123,-0.1205383172025299,0.0476533777829233,363,8,MEDIUM,diag,0.5453,2019-02-13,1
1573,1200.0,60.0,30.0,60.0,160680.0,-7260.0,1.0,1.0,0.005,0.005,0.1329370359759439,-0.3984593849305732,-0.0535950128657838,1200,55,LARGE,diag,0.3085,2021-11-06,1
1574,970.0,40.0,30.0,40.0,0.0,0.0,6.0,6.0,0.068,0.069,-0.3165567223545407,-0.2312016161862658,-0.0580489265257236,970,9,MEDIUM,posting,0.5143,2024-06-16,0
1577,7284.0,60.0,30.0,60.0,618070.0,-20820.0,27.0,60.0,0.044,0.099,0.3837149348476443,0.5106013254572984,0.177164502360921,7284,19,LARGE,diag,0.9581,2024-06-26,0
1578,319.0,60.0,30.0,60.0,0.0,0.0,2.0,4.0,0.074,0.146,0.0137723666465575,0.2194118345816724,0.082520900960371,319,4,MEDIUM,diag,0.786,2023-05-01,1
1579,720.0,60.0,30.0,60.0,0.0,0.0,1.0,1.0,0.021,0.011,-0.1611324608516968,0.2738047913869787,-0.0468340135484462,720,17,MEDIUM,both,0.7694,2025-06-15,0
1581,228.0,60.0,30.0,70.0,138770.0,-3410.0,0.0,0.0,0.016,0.025,0.1512188515921623,0.4780174877227142,0.0276669771973051,228,4,SMALL,diag,0.5965,2024-12-12,0
1583,394.0,70.0,40.0,60.0,124380.0,2280.0,3.0,1.0,0.08,0.043,0.0851682218546481,0.4816924864849276,0.1377859991889863,394,12,MEDIUM,both,0.9577,2024-12-04,0
1584,425.0,30.0,20.0,40.0,44730.0,8100.0,2.0,2.0,0.056,0.051,0.268929922518005,-0.829953844531215,-0.2008211505234022,425,93,MEDIUM,diag,0.0868,2021-05-26,1
1590,26.0,40.0,30.0,40.0,0.0,0.0,0.0,0.0,0.002,0.003,0.2319309950781656,-0.4886640217664681,0.0284425122350006,26,15,SMALL,diag,0.3583,2021-01-16,1
1591,2060.0,70.0,40.0,60.0,312500.0,27060.0,6.0,4.0,0.034,0.026,-0.2944714308782371,0.4071548944685842,0.0408413903882965,2060,6,LARGE,both,0.8397,2021-03-10,1
1592,167.0,60.0,30.0,60.0,38190.0,6410.0,1.0,0.0,0.045,0.027,-0.2092289945167355,-0.0238646356484644,-0.0345087009809964,167,30,SMALL,diag,0.4886,2024-05-22,0
1593,166.0,60.0,30.0,60.0,37360.0,540.0,0.0,0.0,0.006,0.008,0.098738970553235,-0.0143201281636701,0.0886759996735881,166,9,SMALL,diag,0.7104,2022-01-19,1
1594,654.0,60.0,40.0,60.0,194290.0,-7850.0,3.0,3.0,0.048,0.048,-0.0706160203944804,0.442281742184364,-0.0145644657636079,654,17,MEDIUM,posting,0.7162,2024-10-24,0
1596,592.0,60.0,30.0,60.0,0.0,0.0,1.0,3.0,0.03,0.056,-0.0146687495370309,0.2607204750436616,-0.0110353768747342,592,10,MEDIUM,diag,0.4699,2024-05-14,0
1597,197.0,60.0,30.0,60.0,131020.0,-9830.0,1.0,2.0,0.032,0.095,0.1447227465456408,0.1269372463707289,0.1073548970271694,197,21,SMALL,diag,0.6028,2021-11-13,1
1600,751.0,30.0,20.0,40.0,0.0,0.0,1.0,1.0,0.016,0.017,-0.206844059326301,-0.0550569266129809,0.0470948213151297,751,37,ETC,diag,0.9083,2024-10-19,0
1604,840.0,40.0,20.0,50.0,0.0,0.0,1.0,1.0,0.013,0.009,0.0310332728951374,0.6417736682046857,0.2031152537243642,840,94,MEDIUM,diag,0.6405,2023-07-13,1
1609,91.0,50.0,30.0,60.0,0.0,0.0,0.0,0.0,0.023,0.031,0.0628001875508247,0.1380997428911729,-0.0321632866826969,91,55,SMALL,both,0.503,2024-07-18,0
1610,124.0,30.0,20.0,30.0,29860.0,1500.0,1.0,1.0,0.09,0.095,-0.1139306986864723,0.0788401919704054,0.0205136700320502,124,22,SMALL,both,0.7781,2021-03-08,1
1611,618.0,50.0,30.0,80.0,159960.0,-2450.0,1.0,2.0,0.022,0.03,0.1717624743227704,-0.4393750147254041,-0.1377069120190143,618,0,MEDIUM,diag,0.1152,2022-09-19,1
1612,170.0,70.0,40.0,60.0,0.0,0.0,2.0,5.0,0.112,0.356,0.0953768672582083,0.2566672449442106,0.109546147798873,170,11,SMALL,both,0.8377,2024-05-23,0
1613,630.0,80.0,40.0,60.0,492480.0,8500.0,1.0,1.0,0.012,0.014,0.1558545710108326,0.1250621565308145,-0.0083358634158716,630,15,MEDIUM,posting,0.6292,2026-03-13,0
1615,4376.0,60.0,30.0,40.0,556290.0,9310.0,22.0,18.0,0.061,0.048,0.3434386342057989,-0.3148799434538015,0.0786322333887141,4376,18,LARGE,diag,0.8398,2023-12-20,0
1616,109.0,60.0,30.0,60.0,0.0,0.0,1.0,1.0,0.087,0.075,-0.1186343445973895,-0.4421012410240742,-0.1144637324430924,109,33,SMALL,both,0.5908,2022-02-04,1
1618,1214.0,60.0,30.0,60.0,160330.0,15600.0,8.0,17.0,0.083,0.17,0.1107206601723093,0.4640932346645593,0.0226853673078033,1214,4,LARGE,both,0.8883,2024-07-26,0
1621,6406.0,40.0,20.0,60.0,0.0,0.0,29.0,28.0,0.055,0.052,-0.244799687699774,-0.1262113996198064,-0.0368473628515844,6406,7,ETC,posting,0.6054,2022-06-25,1
1622,160.0,50.0,20.0,50.0,0.0,0.0,0.0,0.0,0.019,0.023,-0.0554161388586718,-0.0993548759929534,0.13629281121465,160,12,SMALL,diag,0.3837,2024-05-15,0
1627,501.0,40.0,30.0,40.0,110860.0,5760.0,3.0,7.0,0.074,0.157,-0.1644960262395867,-0.1269480767834415,-0.0251826138229384,501,30,MEDIUM,posting,0.5591,2024-06-15,0
1628,872.0,60.0,30.0,60.0,300550.0,-18060.0,0.0,0.0,0.005,0.003,0.0564376871659525,-0.6485812317023855,0.0038380671308713,872,18,MEDIUM,both,0.7639,2022-06-04,1
1632,158.0,60.0,30.0,60.0,0.0,0.0,0.0,0.0,0.005,0.006,0.1865524874989628,0.1035069722613977,0.0327204050658854,158,15,SMALL,both,0.6797,2025-01-20,0
1633,690.0,40.0,30.0,40.0,0.0,0.0,7.0,4.0,0.114,0.076,-0.0384389055468958,0.6370459642802059,0.1996329851218699,690,16,MEDIUM,both,0.9672,2025-02-02,0
1637,759.0,60.0,30.0,60.0,724390.0,150940.0,1.0,1.0,0.013,0.018,0.3421527315417512,0.0527301001526843,0.0795122793743462,759,42,MEDIUM,posting,0.7051,2024-06-05,0
1640,658.0,60.0,30.0,60.0,0.0,0.0,1.0,0.0,0.014,0.007,0.187817806793631,0.2582583162152587,-0.0215767305648809,658,61,MEDIUM,diag,0.5214,2023-08-16,1
1641,293.0,60.0,30.0,60.0,21280.0,260.0,0.0,1.0,0.015,0.026,-0.0894459514893761,-0.1452326429411982,-0.0915295415937453,293,3,SMALL,posting,0.378,2021-07-02,1
1643,71.0,60.0,30.0,60.0,0.0,0.0,0.0,0.0,0.016,0.021,-0.3063131322932947,-0.0825645315423007,-0.0845276477566298,71,9,SMALL,diag,0.3662,2023-08-02,1
1645,2922.0,30.0,10.0,30.0,0.0,0.0,1.0,1.0,0.004,0.004,0.1097521282292915,0.0370234699313176,0.2633274919572693,2922,31,LARGE,diag,0.8764,2025-02-17,0
1648,388.0,70.0,30.0,60.0,0.0,0.0,1.0,1.0,0.025,0.026,-0.1532552370795264,0.1984431601526969,0.0245964280274093,388,30,MEDIUM,diag,0.6581,2022-12-19,1
1649,158.0,80.0,40.0,80.0,0.0,0.0,1.0,1.0,0.076,0.06,-0.2322456355913184,0.3933659456038057,0.101667557423037,158,30,SMALL,diag,0.7321,2024-07-26,0
1654,261.0,60.0,30.0,60.0,0.0,0.0,0.0,0.0,0.002,0.002,0.2143116369081455,-0.8513149580243742,-0.0758814370054138,261,39,SMALL,both,0.3683,2024-05-18,0
1655,1021.0,60.0,30.0,60.0,309430.0,-13320.0,2.0,1.0,0.018,0.01,0.0957001489748945,0.0658991997922397,0.0409826488316091,1021,101,LARGE,posting,0.4966,2023-10-11,1
1656,182.0,60.0,30.0,60.0,58050.0,9990.0,1.0,2.0,0.064,0.101,0.0221331891945422,-0.2979396651599155,-0.0178157041731629,182,80,SMALL,diag,0.203,2017-11-17,1
1657,355.0,70.0,40.0,60.0,0.0,0.0,1.0,1.0,0.032,0.038,0.0535551192798356,0.1470480572699136,0.0221334014507777,355,71,MEDIUM,diag,0.4788,2019-03-03,1
1661,147.0,60.0,30.0,60.0,0.0,0.0,0.0,1.0,0.035,0.089,-0.1838233324383213,0.5533358589409335,0.0744413900481126,147,18,ETC,posting,0.5323,2024-09-11,0
1662,720.0,60.0,30.0,60.0,82440.0,-1380.0,0.0,0.0,0.006,0.005,-0.0387169187564304,0.7029473108692169,0.1748850382357463,720,34,MEDIUM,both,0.8872,2024-11-29,0
1663,476.0,30.0,20.0,50.0,0.0,0.0,0.0,1.0,0.01,0.014,-0.4032913500764521,0.9064273912377756,0.2334035499107788,476,44,MEDIUM,posting,0.7866,2024-04-25,0
1666,2219.0,50.0,30.0,50.0,0.0,0.0,5.0,5.0,0.029,0.028,0.1082857154036442,-0.2363880576946688,0.0436245131755477,2219,14,LARGE,both,0.89,2024-12-08,0
1667,297.0,60.0,30.0,60.0,0.0,0.0,1.0,1.0,0.025,0.027,0.2512439908279329,0.1789225688896738,-0.0695879075470645,297,8,SMALL,posting,0.454,2019-08-23,1
1669,582.0,60.0,30.0,60.0,165740.0,23000.0,1.0,1.0,0.018,0.016,0.2798212515004528,0.0930065389771111,0.1598279577570389,582,39,MEDIUM,posting,0.8135,2024-06-16,0
1670,582.0,60.0,30.0,60.0,0.0,0.0,2.0,2.0,0.039,0.031,-0.1607173611689514,0.3139950091212789,0.0918187403556243,582,26,MEDIUM,diag,0.7245,2022-07-16,1
1672,577.0,60.0,30.0,60.0,71670.0,1570.0,2.0,1.0,0.034,0.027,-0.0989336569377245,0.5809385279981665,0.0822057483531472,577,17,MEDIUM,both,0.8858,2024-05-23,0
1673,2387.0,60.0,30.0,60.0,3632800.0,216380.0,4.0,1.0,0.019,0.005,-0.1441803564305274,0.2061848271256994,-0.0546696609125266,2387,45,LARGE,both,0.7276,2021-04-21,1
1674,531.0,60.0,30.0,60.0,0.0,0.0,4.0,1.0,0.083,0.031,0.1430303620456819,-0.0611284656101078,-0.0060017364957295,531,50,MEDIUM,posting,0.505,2017-06-22,1
1677,86.0,60.0,30.0,60.0,42500.0,-2630.0,0.0,0.0,0.014,0.023,0.2437126046040648,-0.2729958040380518,0.052660711746304,86,29,SMALL,diag,0.3474,2026-08-08,0
1680,71.0,60.0,30.0,60.0,0.0,0.0,0.0,0.0,0.011,0.022,-0.2872251297261192,0.4176875780774507,0.0665586554730274,71,43,SMALL,diag,0.4385,2020-11-08,1
1682,237.0,60.0,30.0,60.0,0.0,0.0,0.0,0.0,0.024,0.018,0.3231647959180156,-0.0286509493006724,0.0314430662330915,237,26,SMALL,both,0.9048,2024-06-02,0
1685,765.0,80.0,60.0,50.0,448090.0,9340.0,3.0,3.0,0.046,0.041,0.0631550097679535,-0.3858356066088839,-0.1447420976843185,765,13,MEDIUM,posting,0.5162,2025-02-26,0
1688,291.0,60.0,30.0,60.0,0.0,0.0,0.0,0.0,0.005,0.006,-0.2619107707238673,0.0953689292454937,0.0608293897402908,291,5,SMALL,both,0.75,2024-06-11,0
1690,614.0,60.0,40.0,60.0,0.0,0.0,2.0,1.0,0.04,0.018,0.1509287512946087,-0.0304621365704115,-0.0946855323236518,614,12,MEDIUM,posting,0.3572,2021-10-13,1
1691,520.0,60.0,30.0,60.0,0.0,0.0,1.0,0.0,0.021,0.01,0.1557882714964111,-0.0205919608252246,0.0169151872677615,520,1,ETC,diag,0.5802,2024-05-09,0
1693,172.0,60.0,30.0,60.0,0.0,0.0,0.0,1.0,0.023,0.048,0.0809430735110994,-0.3042280831794416,-0.0407075892481154,172,46,SMALL,diag,0.4125,2023-07-17,1
1694,121.0,50.0,30.0,70.0,0.0,0.0,0.0,0.0,0.012,0.018,-0.0528712778571323,-0.2629143240949964,0.0051850324901557,121,46,SMALL,posting,0.3542,2021-11-18,1
1695,506.0,60.0,40.0,50.0,95650.0,21680.0,2.0,1.0,0.04,0.022,0.1171384066557313,0.318210436754439,0.1295411083841772,506,17,MEDIUM,diag,0.7225,2024-10-24,0
1696,2029.0,60.0,40.0,70.0,942360.0,-43580.0,2.0,3.0,0.014,0.018,0.0102454334977402,-0.2589984160040139,0.0467131076288422,2029,24,LARGE,posting,0.5919,2026-03-29,0
1697,314.0,50.0,40.0,70.0,73480.0,4120.0,0.0,0.0,0.014,0.013,0.2721142294538634,0.2607630434167831,-0.0183364268262182,314,32,MEDIUM,posting,0.3304,2024-06-05,0
1698,677.0,50.0,30.0,50.0,0.0,0.0,2.0,2.0,0.035,0.04,0.2379537945050069,0.6237471856177373,0.2694674501016138,677,75,MEDIUM,posting,0.7844,2023-08-04,1
1700,269.0,60.0,30.0,60.0,0.0,0.0,1.0,1.0,0.036,0.06,0.5375710359309941,-0.1651992155200222,0.07181681038401,269,24,SMALL,both,0.8549,2024-05-20,0
1702,138.0,60.0,30.0,60.0,46500.0,-3470.0,0.0,1.0,0.037,0.055,-0.1339487850925374,-0.3612797300037316,-0.1546298200204941,138,32,SMALL,both,0.5069,2023-02-20,1
1703,870.0,40.0,20.0,40.0,0.0,0.0,6.0,5.0,0.083,0.063,0.0689257582886604,-0.1362362376963244,0.0138298254037559,870,6,MEDIUM,diag,0.6896,2024-04-21,0
1704,233.0,60.0,40.0,50.0,0.0,0.0,0.0,0.0,0.01,0.009,0.0262988760883154,-0.3604830057930052,0.0486745659675097,233,28,SMALL,both,0.7657,2021-08-31,1
1709,134.0,60.0,30.0,60.0,0.0,0.0,1.0,2.0,0.101,0.196,-0.3606913730450988,0.5248239073392318,0.2786534998490093,134,29,SMALL,diag,0.8237,2024-12-16,0
1710,609.0,60.0,30.0,70.0,0.0,0.0,0.0,0.0,0.002,0.002,-0.0868627689042547,0.3459649320414286,0.0723494013294547,609,27,ETC,posting,0.5717,2022-05-31,1
1712,64.0,60.0,30.0,60.0,0.0,0.0,0.0,0.0,0.069,0.044,0.3647045731636801,-0.1726881994758929,-0.0562896549111636,64,64,SMALL,diag,0.5836,2022-06-07,1
1713,655.0,60.0,30.0,60.0,0.0,0.0,3.0,3.0,0.053,0.051,0.1845360871952618,0.3850919929708765,0.0924575275737709,655,20,MEDIUM,both,0.9182,2026-02-10,0
1714,322.0,60.0,30.0,60.0,203760.0,16050.0,1.0,2.0,0.047,0.075,0.4039933542726273,0.1776737814100138,0.0227510297784397,322,28,ETC,posting,0.5458,2023-12-25,0
1715,619.0,60.0,40.0,50.0,87650.0,22060.0,4.0,3.0,0.083,0.066,-0.042299393552742,-0.1017675576673833,0.1670483905353524,619,16,MEDIUM,diag,0.8673,2025-01-16,0
1717,377.0,40.0,20.0,50.0,0.0,0.0,2.0,2.0,0.061,0.056,-0.254172018658825,0.0180735762388003,-0.0037301852970044,377,11,MEDIUM,both,0.883,2024-12-24,0
1718,890.0,60.0,30.0,50.0,170750.0,23180.0,4.0,3.0,0.05,0.045,0.0099053945579315,0.1146902123139963,0.0985016096399543,890,23,MEDIUM,both,0.9285,2024-05-10,0
1720,825.0,30.0,20.0,40.0,0.0,0.0,3.0,5.0,0.051,0.069,-0.2966752997516504,-0.2073996905251853,-0.0532511708356162,825,18,MEDIUM,diag,0.6533,2023-10-12,1
1722,251.0,30.0,20.0,40.0,0.0,0.0,1.0,1.0,0.03,0.033,0.4428318810659946,0.5861355549611446,0.0560712215076025,251,35,SMALL,diag,0.4469,2024-07-31,0
1723,149.0,50.0,30.0,50.0,37120.0,9180.0,0.0,0.0,0.039,0.018,0.1421538079228478,0.3819292955667043,0.1484294250128108,149,5,SMALL,diag,0.8734,2026-06-07,0
1724,313.0,130.0,70.0,70.0,0.0,0.0,2.0,2.0,0.08,0.082,-0.1216807691805468,0.2821309808975759,0.062063970496917,313,26,MEDIUM,posting,0.7759,2024-05-26,0
1725,1408.0,50.0,20.0,60.0,0.0,0.0,1.0,1.0,0.005,0.008,0.4806834162192378,-0.505822612819176,0.0782559412553048,1408,17,LARGE,both,0.8409,2024-10-09,0
1726,1356.0,40.0,20.0,40.0,0.0,0.0,6.0,10.0,0.052,0.085,-0.1622895924258244,0.1735756727062192,-0.0189791772343557,1356,13,LARGE,diag,0.3545,2023-11-16,1
1727,914.0,60.0,30.0,60.0,0.0,0.0,1.0,1.0,0.007,0.008,0.1083302910964788,0.3040471060604472,0.0824064553302718,914,16,MEDIUM,diag,0.6123,2021-06-19,1
1728,341.0,30.0,10.0,40.0,27070.0,1890.0,1.0,1.0,0.031,0.028,0.0094761157792857,-0.2095951179642338,-0.1519245247480622,341,38,MEDIUM,both,0.542,2022-10-18,1
1730,423.0,60.0,30.0,60.0,0.0,0.0,1.0,1.0,0.036,0.026,-0.0656306491374006,-0.1710013851688421,0.0756060160901775,423,16,MEDIUM,diag,0.8706,2024-01-01,0
1731,387.0,60.0,30.0,60.0,66400.0,4630.0,2.0,2.0,0.048,0.055,0.4445228278923073,0.3622149282086325,0.17487286641274,387,15,MEDIUM,diag,0.775,2024-09-20,0
1733,172.0,60.0,30.0,60.0,63570.0,14160.0,0.0,0.0,0.007,0.009,-0.0740966132048709,-0.100181343455958,-0.020757615590833,172,47,SMALL,both,0.4123,2025-06-22,0
1735,1062.0,90.0,60.0,80.0,0.0,0.0,11.0,8.0,0.121,0.089,0.5037632716710505,0.0755177623168368,-0.0447258703940825,1062,23,LARGE,posting,0.5323,2019-11-04,1
1736,182.0,60.0,30.0,60.0,0.0,0.0,0.0,0.0,0.01,0.008,0.2466845730196137,0.4533202958271161,0.2041825104745181,182,119,SMALL,both,0.8122,2022-09-23,1
1737,763.0,80.0,40.0,60.0,67710.0,-4670.0,1.0,1.0,0.016,0.015,-0.0036512605771658,0.1525001411955918,-0.1340278662130692,763,54,MEDIUM,both,0.4497,2024-04-23,0
1738,511.0,60.0,30.0,60.0,0.0,0.0,2.0,2.0,0.057,0.036,0.0602438057297523,-0.3800843787572591,0.0842651163464012,511,16,MEDIUM,diag,0.698,2023-04-08,1
1741,336.0,100.0,50.0,60.0,0.0,0.0,0.0,0.0,0.007,0.011,0.2219344900773038,0.0626814357765794,0.0985427076197852,336,27,MEDIUM,posting,0.6642,2021-09-02,1
1744,282.0,60.0,30.0,60.0,83830.0,7860.0,1.0,2.0,0.033,0.067,-0.2444434233590778,0.3136006397551238,0.1244882971167423,282,13,SMALL,diag,0.7985,2024-04-26,0
1745,1868.0,70.0,40.0,50.0,286330.0,12410.0,9.0,10.0,0.059,0.067,0.4754191492487162,0.0938867209569239,-0.1222417761699067,1868,19,LARGE,posting,0.4188,2022-09-12,1
1747,547.0,40.0,20.0,50.0,0.0,0.0,2.0,2.0,0.045,0.04,0.2773974804493386,0.2682594133961061,0.1387308332655243,547,14,MEDIUM,diag,0.7297,2022-12-13,1
1748,727.0,60.0,30.0,60.0,0.0,0.0,5.0,6.0,0.09,0.092,-0.1830514260910369,-0.141772097152048,0.03833431239641,727,38,MEDIUM,both,0.7918,2022-12-19,1
1749,164.0,50.0,30.0,70.0,173190.0,41960.0,0.0,0.0,0.019,0.016,0.382062943179969,0.0520812802933239,0.0297994720296163,164,35,SMALL,posting,0.6435,2022-01-06,1
1751,2895.0,50.0,30.0,70.0,0.0,0.0,6.0,3.0,0.025,0.014,0.173170975659554,0.1843198386173657,0.1108057666997932,2895,8,LARGE,diag,0.8778,2024-05-01,0
1753,358.0,90.0,50.0,60.0,124180.0,13220.0,1.0,1.0,0.036,0.035,0.0910383063136198,0.0906913634229441,-0.0590377625348953,358,6,MEDIUM,posting,0.4454,2026-09-21,0
1754,310.0,60.0,30.0,60.0,0.0,0.0,2.0,1.0,0.065,0.042,0.2889099415923766,-0.0994959810922089,0.1713101044812349,310,19,MEDIUM,posting,0.8689,2024-07-13,0
1755,937.0,60.0,30.0,60.0,0.0,0.0,4.0,6.0,0.05,0.071,-0.0725241641575558,0.19077525049061,0.149083902946504,937,11,MEDIUM,posting,0.8893,2024-04-20,0
1756,492.0,60.0,40.0,50.0,230900.0,11400.0,4.0,4.0,0.101,0.092,0.0229548137445561,0.4884555295546348,0.0347978692355164,492,50,MEDIUM,diag,0.4102,2024-09-19,0
1757,568.0,50.0,30.0,70.0,273590.0,9530.0,1.0,2.0,0.03,0.033,-0.3513328931908178,-0.4594618013465564,-0.1877247199455258,568,52,MEDIUM,diag,0.3017,2023-07-31,1
1758,153.0,60.0,30.0,60.0,9950.0,-350.0,1.0,1.0,0.059,0.042,-0.0795314143434357,0.1389266292438438,-0.0267931308840569,153,57,SMALL,diag,0.6308,2025-09-02,0
1759,188.0,40.0,30.0,50.0,48580.0,2240.0,1.0,0.0,0.044,0.031,0.1549909928256087,0.2756257066624024,0.1253305082163517,188,11,SMALL,posting,0.7677,2024-12-24,0
1760,804.0,80.0,40.0,70.0,0.0,0.0,1.0,1.0,0.014,0.014,0.1983374552009157,0.2513322088733217,-0.0823082184620987,804,31,MEDIUM,both,0.7894,2023-03-14,1
1761,3541.0,60.0,40.0,80.0,0.0,0.0,31.0,20.0,0.107,0.066,0.34256472449,0.2718351503287471,0.0548456601427583,3541,12,LARGE,diag,0.8591,2024-07-26,0
1762,1197.0,80.0,50.0,50.0,1512870.0,-54640.0,3.0,3.0,0.025,0.03,0.1634993805885373,0.1290861163684985,0.0090641116705533,1197,35,LARGE,posting,0.5071,2016-05-18,1
1763,725.0,60.0,30.0,60.0,376080.0,-24230.0,4.0,12.0,0.065,0.198,-0.0954024978187811,-0.1524021502433793,0.0435908034911168,725,19,MEDIUM,diag,0.4018,2024-06-04,0
1764,127.0,50.0,30.0,70.0,0.0,0.0,1.0,1.0,0.1,0.075,-0.0583245770095518,0.1464189871870436,0.1267533563617731,127,16,SMALL,diag,0.8162,2024-07-15,0
1765,562.0,60.0,30.0,60.0,79110.0,880.0,1.0,1.0,0.016,0.024,0.1332428420993273,0.5544627358479991,0.1958734005530292,562,13,MEDIUM,posting,0.7405,2025-01-13,0
1767,1244.0,50.0,20.0,50.0,381070.0,31000.0,3.0,2.0,0.027,0.019,0.3102665944394652,-0.0210117369642914,-0.0376046406120189,1244,54,LARGE,diag,0.3911,2022-11-10,1
1770,5287.0,70.0,40.0,60.0,0.0,0.0,12.0,15.0,0.028,0.033,0.5224316781415812,0.1846518669366865,0.1082716266765265,5287,50,LARGE,both,0.9017,2024-11-02,0
1771,477.0,60.0,30.0,60.0,140970.0,12480.0,3.0,5.0,0.069,0.12,0.3838402918752419,0.107887752934618,0.0752972583159367,477,57,MEDIUM,diag,0.5307,2019-02-15,1
1772,247.0,40.0,20.0,40.0,0.0,0.0,1.0,1.0,0.024,0.033,-0.0853674339296077,0.2318506524560307,-0.1093262370377073,247,38,ETC,both,0.5105,2023-07-16,1
1775,204.0,30.0,20.0,60.0,0.0,0.0,0.0,0.0,0.024,0.018,-0.130199538454298,0.1351868270225237,-0.0186630265536669,204,3,SMALL,diag,0.519,2024-12-23,0
1777,106.0,50.0,30.0,70.0,0.0,0.0,0.0,0.0,0.018,0.035,0.318054480408132,-0.2364307328029866,-0.0564544921383407,106,70,SMALL,both,0.3308,2024-03-18,0
1779,689.0,60.0,30.0,60.0,0.0,0.0,0.0,1.0,0.008,0.01,-0.4250414749773512,0.1833436651784404,0.0996494197186732,689,10,MEDIUM,both,0.8245,2024-07-15,0
1780,366.0,50.0,30.0,60.0,0.0,0.0,0.0,0.0,0.005,0.007,-0.3738322509600009,0.2948652379710509,0.1474194864465097,366,17,MEDIUM,diag,0.6623,2022-03-20,1
1781,286.0,60.0,30.0,60.0,129680.0,8260.0,1.0,1.0,0.045,0.058,-0.0469799702492438,-0.2456997403461367,-0.1131542127358784,286,43,SMALL,both,0.4557,2024-08-16,0
1782,149.0,60.0,30.0,60.0,34150.0,5300.0,1.0,3.0,0.111,0.234,-0.1183373298897257,0.2237781744291693,-0.0051456610279398,149,12,SMALL,both,0.8297,2024-07-04,0
1783,181.0,60.0,30.0,60.0,0.0,0.0,1.0,2.0,0.059,0.109,0.2113712447958386,-0.341640941885896,-0.095215912848391,181,60,SMALL,diag,0.249,2022-12-16,1
1786,604.0,110.0,70.0,60.0,0.0,0.0,0.0,0.0,0.004,0.004,-0.0074653984200962,-0.2648406041624824,-0.0479272046746158,604,51,MEDIUM,diag,0.1744,2023-11-11,1
1789,742.0,60.0,30.0,60.0,0.0,0.0,4.0,3.0,0.067,0.05,0.0211102342872269,-0.2372565435078723,0.019253072044056,742,5,MEDIUM,posting,0.794,2024-11-23,0
1790,840.0,60.0,40.0,50.0,0.0,0.0,2.0,3.0,0.028,0.037,-0.0512781681978034,-0.2103566206488872,-0.2022759277809195,840,11,MEDIUM,posting,0.2999,2026-08-16,0
1792,234.0,40.0,20.0,50.0,0.0,0.0,0.0,0.0,0.017,0.016,0.3280747521797447,-0.0038054053679145,0.0942584774103162,234,17,SMALL,diag,0.7881,2024-10-19,0
1793,677.0,60.0,30.0,60.0,0.0,0.0,2.0,1.0,0.032,0.021,0.0906027732923323,0.0141903527892329,0.0452382796692085,677,27,MEDIUM,both,0.9362,2024-08-01,0
1794,1451.0,40.0,20.0,40.0,184880.0,680.0,4.0,14.0,0.031,0.119,0.0461508600761582,1.1738807753196927,0.173756390596777,1451,19,LARGE,posting,0.5217,2024-07-13,0
1795,853.0,60.0,30.0,60.0,0.0,0.0,4.0,3.0,0.058,0.044,0.0751863052866781,-0.2347173355991424,-0.0882021461596979,853,53,MEDIUM,posting,0.5555,2024-08-09,0
1796,607.0,60.0,30.0,60.0,0.0,0.0,2.0,3.0,0.036,0.059,-0.1095073859353119,0.168632978476293,0.0799382032141907,607,30,MEDIUM,posting,0.8002,2024-08-14,0
1799,115.0,20.0,20.0,40.0,106990.0,-680.0,1.0,1.0,0.088,0.083,0.2798760871315776,0.223229410562718,0.1766009406161613,115,4,SMALL,diag,0.9198,2024-11-22,0
1800,378.0,90.0,40.0,70.0,120050.0,2830.0,1.0,1.0,0.033,0.044,-0.2642952834103225,-0.2470929143484252,-0.0318489148684189,378,12,MEDIUM,diag,0.57,2023-04-08,1
1801,214.0,60.0,30.0,60.0,0.0,0.0,1.0,1.0,0.055,0.07,0.1948418651456713,0.5747224417285719,0.0729539005989257,214,19,SMALL,posting,0.6583,2025-11-18,0
1802,507.0,50.0,30.0,40.0,249680.0,9820.0,1.0,1.0,0.024,0.022,-0.2009032188323342,-0.4580126901269419,-0.1593258213376751,507,30,MEDIUM,both,0.5146,2024-06-15,0
1804,817.0,60.0,30.0,60.0,186230.0,14280.0,0.0,0.0,0.006,0.006,0.4651432864031128,0.7244533662718972,0.0671880351198334,817,10,MEDIUM,diag,0.7549,2024-12-19,0
1809,915.0,70.0,30.0,60.0,0.0,0.0,2.0,3.0,0.022,0.036,0.1364703479517218,0.0122958307713333,0.0074867013051721,915,13,MEDIUM,both,0.7449,2023-06-11,1
1811,249.0,60.0,30.0,50.0,19220.0,110.0,0.0,0.0,0.005,0.006,0.0392575999877467,0.1803428919137043,0.0834244340863314,249,14,SMALL,both,0.7642,2024-04-16,0
1813,395.0,60.0,30.0,50.0,368560.0,57310.0,0.0,0.0,0.003,0.01,0.2906191957032772,0.3330635176075692,0.1492187472224795,395,28,ETC,diag,0.6003,2023-06-04,1
1814,2890.0,60.0,30.0,60.0,0.0,0.0,1.0,1.0,0.004,0.004,0.3319758479146805,0.5607882430330314,0.1056809272563815,2890,2,LARGE,both,0.9043,2021-01-10,1
1815,74.0,60.0,30.0,60.0,41090.0,4030.0,0.0,0.0,0.065,0.041,0.0502530501079558,-0.2791850249594861,-0.0483943838824308,74,58,SMALL,diag,0.5284,2023-01-07,1
1816,199.0,40.0,20.0,60.0,129720.0,14820.0,1.0,1.0,0.034,0.032,-0.2018234016620351,0.0866170373960213,0.0383157522564437,199,65,SMALL,posting,0.3399,2024-08-22,0
1817,608.0,60.0,30.0,60.0,0.0,0.0,1.0,1.0,0.018,0.02,0.4451030696836655,0.4001936512044505,0.1878050370418985,608,17,MEDIUM,diag,0.9011,2024-12-09,0
1818,1003.0,50.0,30.0,50.0,0.0,0.0,6.0,6.0,0.078,0.073,-0.0537932123020153,-0.3066652140840828,0.0096596086960419,1003,14,LARGE,both,0.8623,2025-12-06,0
1819,483.0,130.0,70.0,100.0,0.0,0.0,2.0,2.0,0.042,0.058,-0.1818871297119481,0.1393019193336748,0.1510382076588189,483,33,MEDIUM,both,0.866,2021-07-19,1
1820,773.0,60.0,30.0,60.0,0.0,0.0,5.0,6.0,0.077,0.099,0.1013410928059572,0.4851666712864947,0.1709634946816065,773,24,MEDIUM,diag,0.7783,2024-06-09,0
1822,369.0,60.0,30.0,60.0,0.0,0.0,1.0,1.0,0.036,0.03,0.084153720398666,0.1059187501145194,0.0158061006029924,369,35,MEDIUM,diag,0.5382,2025-01-26,0
1823,229.0,70.0,40.0,40.0,0.0,0.0,1.0,1.0,0.057,0.039,-0.2445746717597584,0.3847078312307413,0.080883601824735,229,20,SMALL,posting,0.8444,2024-10-04,0
1824,108.0,40.0,20.0,50.0,38040.0,1660.0,0.0,0.0,0.015,0.014,0.4294566028646442,0.1482523132250508,0.0769567305541145,108,64,SMALL,diag,0.3505,2024-04-05,0
1827,95.0,60.0,30.0,60.0,21990.0,2440.0,0.0,0.0,0.013,0.008,0.0379362797981506,0.3069169733482274,0.0864213064088474,95,15,SMALL,both,0.8534,2021-06-13,1
1830,72.0,60.0,30.0,60.0,21470.0,-150.0,0.0,1.0,0.069,0.092,-0.2247346720171397,0.0581265139098262,0.0159058981072068,72,36,SMALL,posting,0.6002,2023-12-20,0
1832,398.0,80.0,40.0,80.0,520310.0,20930.0,0.0,0.0,0.005,0.003,0.075308232772079,-0.0867672545416212,-0.1774191172479762,398,21,MEDIUM,posting,0.2289,2024-10-11,0
1834,128.0,50.0,30.0,50.0,0.0,0.0,0.0,0.0,0.026,0.036,-0.1186467604183281,-0.2453694666140053,-0.053278988364782,128,3,SMALL,posting,0.5386,2024-08-16,0
1835,523.0,50.0,40.0,50.0,0.0,0.0,6.0,5.0,0.137,0.108,0.0927140429513909,0.0437203289267848,-0.1473977632899604,523,6,MEDIUM,diag,0.4235,2022-12-21,1
1836,150.0,60.0,30.0,60.0,0.0,0.0,0.0,1.0,0.019,0.059,-0.1386778698098603,-0.1736130438450631,0.0241793444385394,150,19,SMALL,diag,0.6466,2022-07-19,1
1837,290.0,60.0,30.0,60.0,0.0,0.0,1.0,1.0,0.044,0.05,0.0260658094491448,0.1583067569024144,-0.0479256802956602,290,36,SMALL,diag,0.6531,2025-10-05,0
1839,580.0,60.0,30.0,70.0,0.0,0.0,1.0,1.0,0.03,0.031,0.1117367544372858,-0.0872768655700303,-0.0039940152645786,580,53,MEDIUM,both,0.7474,2024-10-02,0
1842,2026.0,40.0,20.0,40.0,328110.0,-17480.0,19.0,12.0,0.114,0.071,0.0836485777410433,-0.0605666345319211,-0.0280780555149459,2026,21,LARGE,diag,0.4704,2021-07-15,1
1846,532.0,50.0,30.0,50.0,0.0,0.0,1.0,0.0,0.024,0.011,0.5595003057762395,0.215217319175462,-0.0225280530805323,532,15,MEDIUM,posting,0.7267,2024-02-25,0
1847,2276.0,60.0,30.0,60.0,0.0,0.0,1.0,1.0,0.004,0.004,0.3484389655753893,0.5552095642212397,0.0784827610347907,2276,7,ETC,both,0.8415,2024-08-11,0
1848,490.0,60.0,30.0,50.0,145340.0,24050.0,1.0,1.0,0.032,0.035,0.2783141012504331,-0.035502061513012,0.0319709230803936,490,22,MEDIUM,diag,0.7677,2021-06-16,1
1849,753.0,50.0,30.0,40.0,0.0,0.0,4.0,4.0,0.057,0.067,0.1500062561058801,0.180265751316261,0.0606158044596563,753,37,MEDIUM,posting,0.7589,2025-02-28,0
1850,1276.0,80.0,50.0,60.0,0.0,0.0,2.0,2.0,0.019,0.015,0.1218226024343117,-0.0320731957001483,0.0628056140056401,1276,33,LARGE,posting,0.6155,2024-10-15,0
1852,263.0,30.0,20.0,30.0,74940.0,-4290.0,3.0,2.0,0.118,0.107,0.1338779393784024,-0.3822725315595073,0.0700237187836438,263,54,SMALL,diag,0.4621,2024-12-10,0
1854,269.0,40.0,20.0,50.0,85160.0,14140.0,1.0,1.0,0.06,0.035,-0.2629482809119633,0.4121690071771814,0.0826635706935333,269,6,SMALL,both,0.7567,2025-11-04,0
1856,184.0,90.0,40.0,70.0,105160.0,10510.0,1.0,1.0,0.046,0.044,0.3044767087095719,0.406480079920535,0.1781234632499043,184,10,SMALL,both,0.9414,2024-11-12,0
1857,820.0,60.0,30.0,60.0,114260.0,7000.0,2.0,1.0,0.028,0.02,0.3001344295957215,0.4366753077271346,0.0380254668656741,820,3,MEDIUM,diag,0.822,2024-06-20,0
1859,1301.0,60.0,40.0,40.0,332770.0,6530.0,1.0,1.0,0.007,0.006,-0.3353657690100561,0.0393917851958923,0.0149903429204374,1301,10,LARGE,posting,0.7793,2024-05-27,0
1860,103.0,40.0,20.0,50.0,30180.0,-70.0,0.0,0.0,0.016,0.009,-0.0670532871843337,0.2159943780800149,0.1095740016659726,103,9,SMALL,both,0.8311,2024-06-25,0
1861,152.0,60.0,30.0,60.0,46780.0,8000.0,1.0,0.0,0.044,0.038,0.218253374586357,-0.1397191232877494,-0.1332313990453856,152,30,ETC,both,0.5842,2023-04-22,1
1863,56.0,60.0,30.0,60.0,42730.0,260.0,0.0,0.0,0.074,0.049,0.1758469406358158,0.3404688229695612,0.3076564999086402,56,32,SMALL,diag,0.9123,2025-06-16,0
1864,2462.0,70.0,50.0,80.0,0.0,0.0,6.0,8.0,0.03,0.04,0.5076337059661116,0.0431183690280381,0.079512368902304,2462,45,LARGE,diag,0.7185,2025-04-13,0
1866,333.0,60.0,30.0,60.0,185630.0,8230.0,1.0,0.0,0.018,0.008,0.008732815278483,0.1482038229108706,0.0231799721849608,333,66,MEDIUM,diag,0.459,2023-06-13,1
1867,633.0,60.0,30.0,60.0,0.0,0.0,4.0,9.0,0.07,0.176,-0.1671884736234604,0.3925827187641341,0.2033549626206847,633,17,MEDIUM,diag,0.8067,2025-01-18,0
1868,474.0,60.0,40.0,70.0,75410.0,-9340.0,3.0,2.0,0.077,0.046,0.5303686809688427,-0.4635242772681274,0.0175836085010449,474,43,MEDIUM,diag,0.6822,2024-03-07,0
1869,1406.0,50.0,30.0,50.0,858520.0,27500.0,5.0,6.0,0.046,0.052,-0.3192221091644932,-0.3441218593920335,-0.0092737261359325,1406,7,LARGE,both,0.8412,2022-02-22,1
1870,4090.0,50.0,30.0,40.0,460230.0,-12200.0,26.0,33.0,0.076,0.097,0.1244076684576912,-0.3217184183938625,-0.0862320517670317,4090,34,LARGE,diag,0.582,2024-09-09,0
1872,213.0,110.0,60.0,70.0,124820.0,11200.0,3.0,4.0,0.143,0.206,-0.1131221042769533,-0.0989021160315378,-0.0498009851579107,213,34,SMALL,posting,0.4203,2021-05-23,1
1873,953.0,60.0,30.0,60.0,0.0,0.0,2.0,1.0,0.027,0.017,0.0345969179010015,0.3195766222735266,0.1571509378289749,953,85,MEDIUM,both,0.9621,2024-12-20,0
1876,423.0,50.0,30.0,60.0,0.0,0.0,1.0,1.0,0.034,0.037,-0.1517680551615885,0.2064428579841153,0.0052187409714573,423,6,MEDIUM,posting,0.4422,2022-09-20,1
1879,146.0,60.0,40.0,60.0,0.0,0.0,0.0,1.0,0.026,0.085,-0.0165495046672629,-0.2942691193349184,-0.0828639238626511,146,30,SMALL,diag,0.1588,2022-07-15,1
1880,225.0,50.0,30.0,60.0,0.0,0.0,1.0,1.0,0.028,0.037,-0.1449315844042746,0.0559751438271231,0.063461839478548,225,16,ETC,diag,0.6134,2024-05-09,0
1881,401.0,30.0,20.0,40.0,0.0,0.0,0.0,0.0,0.011,0.006,-0.2218727817560425,0.1636880358359485,0.0322574721118879,401,83,MEDIUM,diag,0.399,2024-09-07,0
1882,106.0,70.0,50.0,50.0,46560.0,12040.0,1.0,1.0,0.077,0.06,0.3259251736784507,0.4690027480785594,0.0247718412297888,106,37,SMALL,posting,0.5706,2024-09-22,0
1883,8250.0,80.0,40.0,70.0,0.0,0.0,5.0,10.0,0.007,0.014,-0.1635682041905046,0.3981024147306944,0.010828566784393,8250,40,LARGE,both,0.8973,2024-10-03,0
1885,1291.0,60.0,30.0,60.0,0.0,0.0,2.0,2.0,0.022,0.019,0.4276826707567369,-0.0115157741296237,0.1346702080562736,1291,7,LARGE,diag,0.916,2024-06-10,0
1887,134.0,60.0,30.0,60.0,8630.0,790.0,1.0,1.0,0.076,0.08,0.1886266569996534,-0.0172344592516064,0.0123628483678086,134,11,SMALL,diag,0.4599,2022-09-18,1
1889,885.0,80.0,40.0,70.0,115640.0,-9820.0,1.0,2.0,0.013,0.022,0.2977228214874871,0.4515170930620659,0.0391707764385937,885,32,MEDIUM,diag,0.4205,2023-12-26,0
1891,259.0,60.0,40.0,60.0,0.0,0.0,1.0,1.0,0.069,0.057,0.2275475666200425,0.1283106896751005,0.0390735472039111,259,21,ETC,diag,0.6747,2022-03-04,1
1894,1006.0,50.0,20.0,60.0,586520.0,44860.0,1.0,2.0,0.012,0.023,-0.1004682704538986,-0.3743032087615767,-0.0159949839299604,1006,23,LARGE,diag,0.6241,2025-02-02,0
1895,614.0,40.0,20.0,30.0,0.0,0.0,0.0,1.0,0.008,0.019,-0.0567294266573555,0.3764186416312328,0.0118298081063845,614,22,MEDIUM,posting,0.3932,2021-10-05,1
1897,916.0,60.0,30.0,60.0,0.0,0.0,2.0,1.0,0.021,0.017,-0.1880289399000445,-0.0107132670667134,0.0697162405555403,916,8,MEDIUM,both,0.8835,2026-09-02,0
1898,835.0,60.0,30.0,60.0,707840.0,81930.0,3.0,2.0,0.044,0.033,-0.0104088172851668,-0.0819207835575675,0.1048006735414387,835,28,MEDIUM,both,0.9379,2024-05-06,0
1901,295.0,60.0,30.0,60.0,217320.0,37490.0,1.0,1.0,0.037,0.034,-0.2370662171994927,0.4372499623440125,0.0210211813527003,295,17,SMALL,posting,0.8001,2024-10-03,0
1903,1121.0,80.0,60.0,60.0,501740.0,9500.0,1.0,2.0,0.014,0.017,-0.0372104257721683,0.476298906733945,0.0652526302090549,1121,11,LARGE,posting,0.7692,2024-03-20,0
1908,71.0,60.0,30.0,60.0,35320.0,3770.0,0.0,0.0,0.029,0.032,-0.0294560584927324,0.2652807978822005,0.0713560429757843,71,17,SMALL,diag,0.5935,2023-05-16,1
1909,1364.0,80.0,50.0,50.0,429550.0,34020.0,5.0,2.0,0.047,0.018,-0.1074276923873869,0.0738512198507277,0.0810501108508935,1364,8,LARGE,posting,0.9079,2025-02-25,0
1910,203.0,60.0,30.0,60.0,0.0,0.0,2.0,2.0,0.102,0.09,0.3437913601411829,0.1643689804954902,0.0543271685582119,203,25,SMALL,both,0.677,2021-10-17,1
1912,1517.0,60.0,30.0,60.0,0.0,0.0,2.0,2.0,0.016,0.015,-0.1301675413532103,0.0675322258733357,0.0403324958033862,1517,22,LARGE,posting,0.7561,2021-10-14,1
1914,1171.0,60.0,30.0,50.0,274670.0,5910.0,1.0,1.0,0.009,0.006,-0.0834985982271893,0.0337214736778,0.0284644160299407,1171,19,LARGE,posting,0.6071,2024-05-03,0
1915,635.0,40.0,20.0,50.0,0.0,0.0,1.0,1.0,0.017,0.018,0.3150940126320251,0.4148642562123768,0.1235501417736122,635,40,MEDIUM,diag,0.8163,2023-05-24,1
1916,407.0,70.0,40.0,60.0,125070.0,1310.0,4.0,6.0,0.11,0.189,0.0961882243247875,0.0761756503880515,0.1088630820245497,407,38,MEDIUM,diag,0.626,2025-07-26,0
1917,109.0,30.0,20.0,50.0,8290.0,1400.0,0.0,0.0,0.015,0.014,0.3013893792275559,-0.272943340731819,-0.0193863617099552,109,25,SMALL,posting,0.2523,2023-12-22,0
1918,692.0,60.0,30.0,60.0,0.0,0.0,2.0,5.0,0.028,0.089,0.2061293045594003,-0.0538275888930339,-0.0811687380656151,692,59,MEDIUM,diag,0.3779,2025-04-08,0
1920,544.0,60.0,30.0,50.0,0.0,0.0,1.0,1.0,0.027,0.027,0.2080448566386105,-0.2307166525541887,-0.1733202894578952,544,23,MEDIUM,posting,0.1438,2020-04-19,1
1921,371.0,70.0,30.0,60.0,139690.0,23870.0,2.0,1.0,0.054,0.032,0.0659176870361229,0.1314330491443567,-0.0205773039377563,371,22,MEDIUM,posting,0.5241,2024-03-10,0
1922,380.0,80.0,40.0,60.0,59450.0,3920.0,1.0,1.0,0.046,0.039,0.1816407332573011,0.6051107574516199,0.1834234296392536,380,36,MEDIUM,both,0.8879,2024-06-23,0
1923,106.0,60.0,30.0,70.0,0.0,0.0,0.0,0.0,0.032,0.041,-0.1784749177145099,-0.4769233043940311,-0.0985645539755945,106,19,SMALL,diag,0.183,2022-01-01,1
1926,572.0,60.0,30.0,60.0,189640.0,-42390.0,3.0,2.0,0.058,0.046,0.4228220444901948,0.2078452015130009,0.1774070981155434,572,7,MEDIUM,diag,0.8735,2025-01-15,0
1927,197.0,70.0,40.0,60.0,0.0,0.0,0.0,0.0,0.007,0.006,0.1566859455853135,0.3277939163957908,0.1287361364152365,197,19,SMALL,diag,0.6894,2023-07-15,1
1929,468.0,50.0,30.0,60.0,0.0,0.0,0.0,0.0,0.009,0.008,0.0425974872505906,0.3682840601592314,-0.047215389824788,468,20,MEDIUM,posting,0.4506,2021-05-10,1
1932,271.0,50.0,30.0,60.0,132090.0,-310.0,3.0,3.0,0.136,0.148,-0.0223325753017829,-0.3441281765870732,-0.089501622943854,271,18,SMALL,posting,0.4438,2024-10-08,0
1936,698.0,130.0,70.0,80.0,0.0,0.0,3.0,4.0,0.045,0.066,0.0275636195296859,0.5925266988902602,0.2502817202498719,698,25,MEDIUM,both,0.9666,2024-09-04,0
1937,390.0,70.0,40.0,40.0,275210.0,39120.0,1.0,0.0,0.016,0.013,0.2127741793205879,0.1095796492589493,-0.002002604377448,390,10,MEDIUM,posting,0.5147,2021-05-16,1
1938,363.0,60.0,30.0,60.0,193750.0,-6980.0,1.0,1.0,0.03,0.027,-0.021008477211296,-0.2090089564949702,-0.128898455041914,363,16,MEDIUM,both,0.5606,2024-06-16,0
1939,3051.0,50.0,20.0,60.0,0.0,0.0,8.0,5.0,0.03,0.021,0.2911745445589986,0.5264992854441558,0.1837841409969302,3051,15,LARGE,diag,0.9456,2023-02-19,1
1940,415.0,50.0,40.0,60.0,0.0,0.0,2.0,3.0,0.05,0.086,-0.3430625300465906,0.5577548428845909,0.1613685468345253,415,38,MEDIUM,both,0.9164,2023-12-26,0
1941,127.0,40.0,30.0,70.0,0.0,0.0,0.0,0.0,0.008,0.005,0.3172058714213365,-0.1727626771394825,0.0233727203422412,127,44,SMALL,diag,0.5341,2022-10-11,1
1948,670.0,40.0,20.0,50.0,0.0,0.0,1.0,2.0,0.022,0.029,-0.4473716014570327,0.0294348559933323,0.0989078750381791,670,31,MEDIUM,both,0.8547,2022-12-04,1
1949,217.0,70.0,40.0,70.0,0.0,0.0,1.0,1.0,0.074,0.078,0.2529276231057793,-0.099570918494015,0.1116871173342359,217,8,SMALL,diag,0.7922,2020-07-11,1
1951,563.0,60.0,30.0,60.0,127660.0,14840.0,2.0,1.0,0.035,0.028,-0.1855299940751286,-0.325834684206254,-0.0446201933843272,563,19,MEDIUM,diag,0.7128,2024-04-09,0
1952,406.0,60.0,30.0,60.0,30870.0,-1350.0,1.0,1.0,0.029,0.028,0.0192065720409552,-0.0373009215171893,0.0840791582971179,406,21,MEDIUM,diag,0.5829,2021-05-04,1
1953,687.0,80.0,40.0,60.0,78670.0,-10250.0,2.0,2.0,0.031,0.032,-0.0470649634433823,-0.0080460838431168,0.0773810638054985,687,34,MEDIUM,both,0.7795,2022-07-13,1
1954,157.0,50.0,40.0,60.0,35300.0,-3650.0,0.0,0.0,0.013,0.017,-0.0853502653005109,0.2601024672037073,0.183741945919906,157,25,SMALL,diag,0.5715,2022-07-19,1
1955,343.0,70.0,30.0,60.0,0.0,0.0,1.0,1.0,0.026,0.018,-0.1650488835911601,-0.6163970238047188,-0.1200889815810969,343,31,MEDIUM,posting,0.1487,2016-12-13,1
1956,2904.0,50.0,20.0,50.0,0.0,0.0,5.0,7.0,0.02,0.03,0.2191323227008541,0.1194269584458112,0.2133444684852356,2904,6,LARGE,posting,0.9162,2026-01-14,0
1957,471.0,50.0,30.0,40.0,0.0,0.0,3.0,2.0,0.074,0.042,0.0383688613376684,-0.2738390348653222,-0.0121944038221331,471,31,MEDIUM,diag,0.4803,2022-06-13,1
1958,211.0,70.0,50.0,70.0,121770.0,22250.0,0.0,0.0,0.016,0.015,0.1287491671472464,-0.3756677474717599,-0.1674052589855297,211,8,SMALL,diag,0.2826,2020-07-02,1
1959,717.0,110.0,70.0,70.0,0.0,0.0,0.0,0.0,0.005,0.003,0.0469456463693356,0.417381449207837,0.0579761578565803,717,38,ETC,diag,0.6601,2022-03-20,1
1960,618.0,60.0,30.0,60.0,0.0,0.0,6.0,2.0,0.107,0.046,0.0570180790937374,0.0958649013622746,-0.1134077378588865,618,14,MEDIUM,diag,0.4445,2024-02-02,0
1961,2514.0,60.0,30.0,60.0,0.0,0.0,16.0,38.0,0.076,0.181,-0.220194737866915,0.1029228453160093,-0.0060989069302763,2514,26,LARGE,diag,0.5511,2024-09-13,0
1962,244.0,50.0,30.0,50.0,0.0,0.0,1.0,1.0,0.056,0.05,-0.0406295207993448,0.0044369669994598,0.0222122531595085,244,56,SMALL,both,0.7162,2020-02-23,1
1964,813.0,40.0,30.0,30.0,0.0,0.0,1.0,2.0,0.02,0.031,0.4442703350143253,-0.0606622191451452,0.127494048610802,813,16,MEDIUM,both,0.8572,2020-12-12,1
1965,491.0,60.0,30.0,60.0,0.0,0.0,0.0,1.0,0.008,0.014,0.1056935267223746,0.0519029583721402,0.0992534398283468,491,24,MEDIUM,diag,0.5013,2022-04-25,1
1967,1238.0,50.0,30.0,40.0,0.0,0.0,4.0,5.0,0.037,0.047,-0.1104998950278988,0.7614233496839086,0.1777309435652272,1238,27,LARGE,posting,0.8897,2025-07-02,0
1968,31.0,70.0,40.0,60.0,0.0,0.0,0.0,0.0,0.029,0.016,-0.0364915089474675,0.0942762782980004,0.0744753685970953,31,35,SMALL,posting,0.6712,2022-03-19,1
1969,334.0,60.0,30.0,60.0,0.0,0.0,1.0,1.0,0.018,0.023,-0.0154303312435491,0.2045520980154236,0.0392346029978823,334,10,MEDIUM,diag,0.7999,2024-08-21,0
1970,426.0,90.0,60.0,60.0,0.0,0.0,1.0,1.0,0.036,0.04,-0.2091705932620895,0.1672587300413824,0.0902149540445425,426,43,MEDIUM,posting,0.5239,2026-02-04,0
1973,211.0,70.0,30.0,70.0,0.0,0.0,1.0,1.0,0.055,0.052,0.1624801537698164,0.4250887971646016,0.0994754297650303,211,44,SMALL,posting,0.6324,2024-10-12,0
1974,133.0,50.0,20.0,50.0,45810.0,5350.0,0.0,0.0,0.022,0.02,-0.0030892908832233,0.4294480612965859,0.0448418791643411,133,23,SMALL,diag,0.6535,2024-09-21,0
1975,192.0,60.0,30.0,60.0,24710.0,200.0,0.0,0.0,0.011,0.014,-0.2041649082899378,0.0520875408974599,-0.0055439837429981,192,27,SMALL,both,0.7063,2024-09-02,0
1976,2090.0,80.0,50.0,50.0,1109980.0,-4730.0,6.0,8.0,0.032,0.048,0.1004074767956269,0.1931072001917368,0.2288681603429063,2090,22,LARGE,both,0.9519,2024-01-08,0
1979,478.0,40.0,20.0,40.0,0.0,0.0,2.0,1.0,0.048,0.036,-0.0256002428765499,-0.3521740111288782,-0.0607779597968622,478,53,MEDIUM,diag,0.5491,2016-04-14,1
1982,251.0,40.0,20.0,50.0,79520.0,2540.0,1.0,0.0,0.037,0.019,0.1375432722347461,0.0327485343103914,0.0277060314082163,251,10,SMALL,diag,0.6495,2023-12-27,0
1983,107.0,60.0,30.0,60.0,24130.0,2370.0,0.0,0.0,0.046,0.045,0.053620864833065,0.4800840715979739,0.1561755304534917,107,25,SMALL,both,0.8819,2024-11-16,0
1984,463.0,40.0,20.0,40.0,235300.0,47200.0,2.0,4.0,0.058,0.091,0.0007435313501843,0.3792425766851885,0.21672268772275,463,17,MEDIUM,diag,0.8477,2024-07-07,0
1986,218.0,50.0,20.0,40.0,0.0,0.0,1.0,1.0,0.038,0.043,0.1273024753859831,-0.1951615681594523,-0.1341193903215281,218,57,SMALL,diag,0.2693,2023-08-04,1
1988,1529.0,40.0,20.0,40.0,0.0,0.0,5.0,5.0,0.043,0.043,-0.0248887244500572,0.325712211320234,0.0920349973373445,1529,23,LARGE,posting,0.8282,2024-03-29,0
1992,385.0,70.0,40.0,60.0,0.0,0.0,1.0,1.0,0.028,0.018,-0.1263804638562695,-0.3567193449045427,-0.05777678749913,385,90,MEDIUM,both,0.5858,2024-01-06,0
1994,457.0,60.0,30.0,60.0,275320.0,60570.0,2.0,1.0,0.048,0.038,0.0961334073307912,0.0859750102042737,0.0956343902409584,457,23,MEDIUM,diag,0.6947,2023-09-13,1
1996,2386.0,60.0,30.0,60.0,175210.0,370.0,5.0,2.0,0.024,0.009,0.002880193667036,-0.0301036848556092,-0.058112197212719,2386,2,LARGE,posting,0.7088,2024-07-08,0
1999,1187.0,30.0,20.0,20.0,0.0,0.0,2.0,3.0,0.018,0.025,0.3680857901853912,-0.3908072943122885,-0.1397245548223518,1187,20,LARGE,both,0.7151,2024-09-01,0
2000,578.0,80.0,40.0,70.0,0.0,0.0,1.0,1.0,0.016,0.023,0.1968039817877436,0.0652350729370835,-0.0222654351245029,578,30,MEDIUM,diag,0.6341,2020-12-21,1
