size_ETC,size_LARGE,size_MEDIUM,size_SMALL,product_both,product_diag,product_posting,firm_age,avg_salary,entry_salary,industry_salary,company_revenue,operating_profit,monthly_hires,monthly_leavers,employees_ext,hiring_rate,attrition_rate,attrition_growth,hiring_growth,headcount_growth,n_contracts_T,tenure_months_T,total_revenue_T,revenue_last12m_T,remaining_months_T,current_term,first_year,first_month
0.0,-0.0017490934097002375,-0.029414847781622278,-0.03729852711036942,-0.033302386955899065,-0.042712315543032564,-0.0033217771196538256,-0.12090046492762391,0.07553711123424013,-0.025546111743540118,0.19948896096469348,0.031041318596429127,0.030593511935421876,0.02821373571517995,-0.056913510652047535,-0.12123760793914126,0.8283215795859619,-0.09420782737576017,0.4561358209055597,-0.03650208760026984,0.15716696007804098,0.10394581532978578,-0.06973768141841959,0.12403271355922199,4.84789899105844,4.947898491064512,-0.09415403313454826,-0.005795135977541905,-0.5935690523701792
-0.02171804128859621,0.011356861318605145,0.06125424528244394,0.002184118851532299,0.06579840879036046,-0.02207849512262306,0.017668861915050935,-0.053665371316033154,-0.0826805976814067,-0.007683124463229739,0.15919073803380124,0.027145726408678805,-0.03705872929829202,-0.10837624152095984,-0.01631209277036901,0.0904500757187036,0.25344133979082023,0.0003669659884733672,0.20559275396943483,-0.009603808227820579,-0.9806790320664547,0.09355754475199023,0.12734323410700035,-0.05415222538278424,-0.449133019923648,-3.0744276857036623,0.5654595610343613,-0.01856914139875214,-0.581772809520336
0.0,-0.009027901102052472,-0.027368346349042113,-0.02289930889753693,0.055455334435163824,0.08663218711023438,-0.000769750611622257,0.27212030989778674,-0.008972175096451974,0.00449689503728125,-0.10199386090055453,0.21074804970679656,0.11594206497445851,-0.0729632606803418,0.23733058035544785,-0.5489495200933715,0.13033709308866923,-0.014975378576171964,1.117420729001835,0.04053795297714297,-0.20275665925164998,0.0984998539646038,-0.20739886582032332,-0.21220578185023853,-0.8104114516389602,1.6340376966761259,0.1596429954228176,-0.03504183194195558,0.12697048011860254
0.0,0.0,-0.05986975627886185,0.002008407109226766,0.06946896439936863,0.036263931233553495,-0.013736970833493222,0.06582019750070092,0.22565267812098852,-0.011529620527312946,-0.06778512460152256,0.1469229929481301,0.25216942300179324,-0.011278504802607683,0.09453014252856642,0.6230316620577065,0.3233703649584128,-0.20496513974542982,-0.023896899784167543,-0.43423676782850523,0.003994803416506244,-0.2361746329992957,0.1146543076489528,-0.09029067964368863,-1.4870159287958058,-3.2468308036166125,0.017208592997963575,-0.0006049933738428274,0.4612281483184917
0.0,0.004927328826646853,-0.002855877670196577,0.05301938386583939,-0.007614265051419281,-0.02583451235149633,-0.017110931590123016,-0.025233507146057297,0.07221718723602315,-0.0063415976814095824,-0.12886135887341493,0.30200800744346873,0.08893621079488087,-0.1001332474786913,-0.33589313078421246,-0.19430218284559234,-0.18384478754028638,0.13624501450464593,-0.049225452287192696,-0.49102371366372427,-0.8111571767498942,-0.07451481400581599,0.23719511793329798,0.04964518724686988,-0.3640394245657578,-3.1163370168688305,0.6987152258677183,-0.025238792968299374,-0.6921074776909666
0.0,-0.0017490934097002375,0.05144059200490175,0.06058852861661236,-0.009407335306171207,0.18620013979484662,-0.0030738234423545747,-0.2107518598926217,-0.15682925287467614,-0.09407881864266954,0.020780271128228625,0.0930844591042644,-0.012868665323356827,-0.00339011026735705,-0.03516580070344273,-0.31965955047054045,0.19226402106659088,-0.01149174339451356,0.536210736284695,-0.5085895602391092,-0.9949781616904385,0.1598693118828898,-0.04101034004099966,-0.051721529993136804,2.0606114536694995,2.103921519757682,-0.09926951256146901,-0.0025018536543339157,0.21907416018693351
0.0,-0.013998861156964384,-0.04356099907964139,-0.023719632267684816,-0.006823979103774512,0.003304139841766235,0.003167711778288153,0.13724928558523836,-0.1310006724636043,0.010716816434690746,-0.07825275270655423,0.21620435827609588,0.11709795863467465,-0.06065082362090198,0.00946994021940721,-0.08819642807896114,-0.3891135385521704,0.06745588192544082,0.3733467661727985,-0.113254178647462,0.10439786278393465,-0.7055862143224624,0.021000360913646217,-0.14773459434625572,-0.16370014866606625,-3.298509561792769,0.09996418157595448,0.04566739565837458,0.5290990960752796
0.0,-0.0017490934097002375,-0.01240191943273693,0.03730589675021775,0.034208833245266794,0.030598009827824287,-0.008706868751746066,0.23136558477187896,-0.18826223971734027,0.061725572579410526,-0.3963808151569735,0.06329121701611563,0.029043680828134175,0.07472585983421794,-0.08600693510331373,-0.3596314246081304,0.2558429122245513,-0.21174589659166151,0.5139176734715435,0.058841937809136734,1.4139693223281662,0.130701119704485,-0.3829154805929961,-0.2947469934075402,-0.2292633341127103,1.690931465246517,-0.11696829775119791,-0.005718510713563907,0.21204309528301604
0.0,0.0019801057468304575,0.04425135689517713,-0.015005655778690143,-0.009598385984550276,0.16517881145995916,-0.009355367622073557,-0.06316845642172052,0.028499906066681943,-0.03832273529101376,0.011564041062400048,0.11024043687352175,-0.1287864272882974,0.01853375878817876,-0.45026458630723937,0.4988775710918818,0.22494956671305097,0.16784208089562863,-0.6942135122682633,0.279158963855325,-0.8934432265169868,0.19864374903001555,-0.30011632533107735,-0.6242461782818497,-0.4449244192685283,1.649261177188247,-0.09777763345106727,-0.00010286795188767586,-0.5426208082620768
-0.015207894673775762,0.001526246641574692,-0.01265666423155229,-0.02657234628022299,0.050533331330760274,-0.03318163243637513,0.022424133469840506,0.03408295014885856,-0.13923441534860612,-0.03435419581720838,0.4236598087064417,-0.027268832700102472,0.051178314398332564,0.03697135755859485,-0.046153430877741625,-0.19200612433429406,-1.4504103296649637,0.13423832037525463,-0.4449689634584837,0.48889983431005596,-0.7021736520854778,-0.06587905496383034,0.22562022753875588,1.1406716887430364,1.5501766144822446,-3.121606995363999,-0.070350192759451,-0.004694533847726434,-0.2882598637296888
0.0,-0.007083768625866125,-0.007116086530531835,0.005297007528264927,0.07907034562443609,0.33189005621262263,0.003307695654358073,-0.37519326626345345,-0.04559672016105232,0.006121398150004816,0.21505621180766454,0.14269457894533308,0.08491603338960405,-0.07082613820135783,0.21779220185809178,-0.09955215621444063,0.2849049160663515,0.171385460142004,0.3782892725061786,-0.7668415940349603,0.47926127292475784,-0.0009745484308627859,-0.42180361380729664,0.05654964226450722,-1.409391688030213,2.039547680302364,0.11210608996589969,-0.04898742513330629,-0.5304727852461368
0.0,-0.0017490934097002375,0.01518983854496072,0.026321189583500465,0.017287691244730174,-0.03398438231573769,-0.002202637796820657,-0.2893139525019485,0.0785617709098496,0.003898394917924009,0.06723016288390579,0.03759080244722736,0.029859924358196087,0.02676492315307963,0.02549898729876762,-0.060162200519662534,0.2435553630482132,-0.006414753793386198,-0.06255322252645273,0.25142726258758624,0.19319925306295818,0.19387503322358757,-0.07130878318718474,0.5019775238940177,4.80395289558088,5.176304995369164,-0.07209050492393466,0.002816940362330482,-0.5960305623422947
-0.024087263987142508,-0.0348821194180665,-0.015475556786231637,0.0036977223385735204,0.0932762784093524,0.011344268473032382,-0.01604142306939864,-0.01041210335081992,-0.10841926318024145,0.024253066534136124,-0.16647698281022758,0.13808406187593975,-0.00042331768906215053,0.18807002357898617,0.06080804470908449,0.4347231891428254,-1.163000831058154,0.2777904381730596,0.5726120034650884,-0.07667171240584131,-0.197084234711307,-0.02227828542155139,0.004757323686169523,-0.16182326243251147,-0.18062344279273998,-3.050982829469327,-0.06176523822189633,-0.015086271771088984,-0.7875050647695092
0.0,-0.0017490934097002375,-0.014689304114225308,-0.01728100207925831,0.011875566051797211,0.1967301930800467,-0.006487670136067958,-0.003532819784255156,0.09123876475064008,-0.0317834498392152,0.021062405886928665,0.03611584104267999,0.03355390929907451,0.005235628973888245,0.018446867650839305,0.2584815059655872,0.2857324604043445,-0.025141972626176012,-1.190085350128009,0.24239771900795137,-0.702747901350325,0.011420294256242277,0.010873082329003898,0.4500483672890941,1.6015876883175761,2.110457451058337,-0.08127569498887592,-0.006308823457457435,0.2839028622021042
0.0,0.0,0.08264994643921772,0.02194011854137839,0.06490245152393195,-0.010255879461502448,0.027863757910734133,0.19641474112002894,-0.17197522605329799,-0.008405524138601288,-0.02571906126682906,0.1633166783834928,0.25855888888586653,-0.035097639767274834,0.38694003771029734,0.729578994036464,0.1251422661620746,-0.20257082458551223,0.16329564336483338,-0.29983117041325646,-0.27753591193417193,-0.06704024038342733,0.07796857626734825,-0.23216584004561222,-0.3511000473860136,0.3629011209763514,0.020095218908342247,-0.0008516525593529418,0.6842762247406212
0.0,0.05833228250215325,0.04025579784918822,0.003813317705821414,0.05087576070121559,0.19678091444332355,-0.011932951546379364,0.12794559060290855,0.2945527270930793,0.04885921248757066,-0.058686434193123214,0.14207101108831754,0.06889220567945627,-0.09762947039063459,0.23565750582111394,0.6158507260296848,-0.14974718112812982,0.15709507370142337,0.02580336842038107,-0.30806388489897973,-0.06470173662067943,0.016058929249985112,0.5397334078873005,-0.29111383725039824,-0.11457945168668421,-3.361626321168934,0.13125525331518215,-0.010086901422794975,0.4966036488523544
0.0,-0.006166326377123689,0.006764750303682344,0.00190549892095998,-0.029073850096722094,-0.18209720253204892,0.0006625637023414426,-0.0726982231602738,0.09739089762533222,-0.0061716579256514,-0.06762019387553082,0.21918824217470745,0.1041389311689988,-0.022302329001968376,-0.29999162365275495,0.0782204268522528,0.04580341949303993,-0.2740084243497758,-0.6482394419078469,-0.18866348689870913,-1.1802280926508235,-0.037689843619387084,-0.09629150466839112,-0.3748912041882673,0.027092858146898085,-2.68569638609977,0.1607398100398168,-0.004063689544103617,0.49492787322451137
0.0,0.0,0.07580203495866239,0.03478137232592477,0.1289381963022781,0.09245238702270304,-0.01513206378413172,-0.7133169990511647,0.11269946844211119,-0.00977428826672842,-0.06852505395434534,-0.3951806687403612,-0.1539520606536502,-0.01614777919959586,0.008397372297989989,0.6496850049949245,0.5163113912415366,-0.4627588508304166,0.8042541779933232,-0.347908113685183,0.8823274145574667,0.15515593041419418,0.12307173147056548,-0.36980490357852797,-0.4561913089564906,2.5042049756260036,0.1388487054923291,0.03390314302806032,-0.034599937703335894
-0.012735645202158235,0.007556447277457574,-0.052003102244298306,0.003723378527383338,0.04081980990602514,0.05605062993290504,-0.007669686817431923,-0.1748736172721723,-0.024627536213279108,0.004238192267458743,-0.19726779006373918,0.43004358810424037,0.113964884547014,-0.04154628171671939,0.08861421500601702,-0.02644907712198702,-1.9724807187563764,-0.5531785354519122,0.6495097297772533,-0.39407598850726405,-1.186945703118167,0.07018103981593508,-0.24729384064300206,-0.26308336335621113,-0.9196989292250793,1.3882753468944404,-0.300236057083095,-0.025557098649025414,-0.2657166508176952
0.0,0.0,-0.10898170123966308,0.02239595136074409,0.09203525666774391,-0.04577042693523106,0.10902809957036191,-0.29731055485102525,0.09390613973546261,-0.01076653969406024,-0.06958629872866205,-0.011809426414525311,0.12955179278697168,0.027871753139136857,-0.21784500449710012,-0.4876021444123159,0.3269130223984752,-0.21590545750657467,0.3863219117739958,0.3214533859999334,-1.0602001459411674,-0.10682745380666056,-0.10803172387819511,0.6511916140501021,-0.3547764345966806,-3.2920950906433997,-0.017613557883887812,-0.017488387659383264,-0.393769528740538
0.0,0.01502973299906869,0.048430035209571815,0.00038712985153348695,0.10226957144013331,0.01921051300841593,-0.006327985750486572,-0.35803100396485976,0.10644473514675819,-0.1768985331583635,0.26391455718563533,0.19904684994154478,-0.06138654940127237,-0.011363041109152344,-0.12184656272647924,0.65394686033756,0.7149672899733298,-0.13698577130158454,-0.1152586154937343,0.26199422143421036,2.377807089422823,0.020959683580101245,0.28097817992025764,0.00667966734772974,-0.28018416227417975,2.8574242344067664,-0.13879573673945989,-0.006310328394800774,-0.05838682776287325
-0.009607318241648776,-0.01441140413563147,-0.06537602574791582,-0.000893166449287225,0.07929887676708537,0.018390865397358763,-0.029691770826856895,0.19724592107805855,0.2225151531264584,-0.03001523040608049,-0.2508690607065625,0.20063218554131915,0.03685530951853067,0.11273407740381358,0.1420075187683645,0.04663627214230537,0.16033833727544505,-0.018856781566415553,1.1411747938356744,-0.1802250933205316,0.17625995933632355,-0.014904589193360109,0.054381578215085866,-0.4002422928099517,-0.05778724619115627,1.9337422058355898,-0.10473184567746761,-0.02370067431301856,1.0809387148156808
-0.00921583245863587,0.010673625979426317,-0.05703564218390167,-0.005380605039946959,0.13525738291111492,-0.03149659787740329,0.054601256221801016,0.14823391490455662,0.07296937129046999,-0.008967481449138455,-0.23729476354480436,0.4675536465805088,0.11614575303422092,-0.12015201947140172,-0.06602845459270953,0.07952026178135935,0.3301721281951156,0.01707496719989181,0.11886749807463196,0.08458772633796467,-0.7517333322038028,-0.01243133529346021,0.07176329156439579,0.08599501065513897,-0.6448557400689802,1.788560194828254,-0.10817909571633094,-0.022405361133966337,0.3277029167002853
-0.00988112436966118,0.003050704813105558,-0.008897937778769889,0.004202568396887184,0.07075187174441473,0.07187921537926434,-0.005460134976455717,-0.25703825463123386,-0.054308093699174685,-0.1127789109373683,0.6535710455904583,-0.1297029516735267,0.008376519951475873,-0.021581914958124494,-0.002447667306873383,0.14091686154608338,-1.366614524619707,-0.2852421940323976,0.26414251285443224,0.1428968957463178,-0.573857189767379,0.11969695833250617,0.3179548979945035,1.0505380810628904,1.6123369359934239,2.371172946546504,-0.06841186345525607,-0.013585631387299723,-0.33782267549474887
0.0,-0.02959424757497664,-0.06164189685883614,0.012284806305774963,-0.042412563752196465,-0.028142162199808963,-0.0066651413781249665,0.12015413092609536,0.06757658586448544,0.004027368702080409,-0.16111149697724322,0.3496122401651285,0.10277008972274662,-0.013194563017898469,0.6940375872684941,-0.07650230448885355,0.11810416669447744,0.26127487500623153,-0.49080116560025516,-0.3462110137961803,1.7700776628256234,0.00362081111302384,0.007278963125588953,-0.011609347845042065,0.014583960523571447,-3.774900226530213,-0.0583828255706929,-0.0017475949962790136,0.46292533743740183
-0.02306997020594515,0.003443648173255446,-0.020795033299452842,0.0025406079523211805,0.08574296897107808,-0.03391839155413317,0.006353080133322108,0.2612604754401916,-0.027248822745457382,0.01204004227954648,-0.1375694840214754,-0.5050184937603694,0.014214001186073189,0.010848589227267384,-0.05443117350295758,0.12952871101951113,0.7261108771404121,-0.2914919469666843,1.4390194026098546,-0.10278665553541433,-0.8640557637955113,-0.010391857810701451,-0.3231530462951206,-0.5424926746840517,-0.21358201519275707,-2.8453307027591657,-0.21844416760552396,-0.007259252147378036,-0.5540465557787545
0.0,0.0,0.068211135440595,-0.02125054872160646,0.10264903273036331,0.08398175121708121,-0.0211231591964895,-0.3161584085858176,0.13551035041486387,0.002456799358986813,-0.032996945174826646,-0.02010351640945152,0.13706171716045631,-0.026502365871957725,0.05760889552838186,-0.3143360531330175,-0.06532475812282726,0.45435963060551104,0.11900526934051467,0.5885626738333168,-0.051876461164549935,0.16237815805824216,0.1439241881078716,1.6215916392573384,1.4024904233559745,1.7502293480427251,-0.02133311082645203,-0.015230658317067866,0.09592515720634207
0.0,-0.013366930423509565,0.012569548995993985,0.008643440075698212,0.01141333788067857,-0.02837842813071925,-0.011449225136397631,0.09119361499333127,0.20780178806203106,-0.27543877211444046,-0.04357028181663145,0.2043623537275591,0.059250397458460245,-0.0856697276237176,0.052786438627911214,-0.18261984302700143,-0.9538798067837985,0.14101649971898728,1.1061466357871945,0.09475384388289558,0.9235699948953885,-0.07433300179601306,-0.12722193553487388,-0.7432922394512195,2.078742291397549,1.2861482488916507,0.11285397964552754,-0.012110599558419978,0.37366002978737556
0.0,-0.020286519217613187,-0.0352298378500987,-0.004874736340125451,0.049171040513388706,0.24793731037885056,-0.016978586948962864,-0.17494375493681855,-0.10551345228286126,0.15979503613707088,-0.04737855956185974,-0.27698115225627196,-0.08711921167144944,0.04828810487478063,-0.011846958304820637,0.11622716344399968,0.24942645750954104,0.26496336236553064,0.11943796366918988,0.4252170064800374,-0.3735700216273099,-0.04114770339406368,0.039739454898370434,-0.026615384357746446,-0.5846090528508004,-3.083921688258448,0.050271086803707454,-0.0282498743634889,-0.36212308010280714
0.0,0.028563883145692498,0.0396988432660867,-0.0011977079838605955,-0.14866482576889295,-0.1258017070459303,-0.002896417922521606,0.5078995564586027,0.19734406846023902,-0.30361060274770757,-0.03193978772662756,-0.17882332972376547,0.0982484775530323,0.11476180323302412,0.24522286424735545,-0.2324878109377675,0.5150627531951883,0.08524554852526747,-0.27241232634300755,-0.48358724118376456,-0.10371059647042494,0.057152445964959386,0.20990839797523034,0.13895320150826707,-1.356292184976266,1.0327309724409577,0.1293556860739895,-0.040851593101710944,0.3555718177691404
0.0,0.0,-0.060881823659647574,-0.02269473649282597,-0.1896782990935157,-0.0692073882954974,-0.018606493088439573,0.16422040715939887,-0.22268938889469403,0.007766364337647605,-0.08191822356775175,0.06620089532887777,0.1579914446747514,0.03903973040419455,-0.1905950057170616,-0.08385492684189025,0.31610286405200305,-0.28153621910329263,-0.22750547043897773,-0.6551589572699443,-0.5226620014148494,-0.017853196114205407,-0.6202167169672196,0.0009016590226346142,-0.8315562384259002,1.3582789378972713,-0.022036088138729756,-0.023199865998565345,-0.6044177469451416
0.0,-0.0026728350658643085,0.04434389792802321,0.03207848326389145,0.009181196057285321,0.10060320837262617,-0.002438544798724951,0.37047726661103764,0.08021213749471363,-0.023208836485944268,0.06797571413779495,-0.17099099077311689,-0.2900234680274414,0.0021289034848424233,-0.014963108655187301,-0.1767047674475415,0.06981807410764054,0.09619251821360549,-0.5578317660412613,-0.30062431104752274,-0.15011348899606447,-0.015622768463074485,2.079356036072386,-0.08480774076499066,4.7310860175919185,4.926633982981867,-0.06831814122775276,0.047494533897783395,-0.3183589172984651
0.0,0.01851662940399638,0.03158002035782262,0.001218583391158864,-0.010298332611942058,0.0026150506079063124,0.015820128852454193,0.007731542121574324,-0.1170419743558318,0.013570982406579554,0.062354726432493346,0.40230407829768,0.15809958166592022,0.30888054130406306,-0.04682744602457289,0.5514865784117168,-1.2567336017286066,-0.2803753491141692,-0.24305183949488693,0.03706670647222107,-0.3586882665646728,0.08461944040305487,-0.03638362616142321,-0.03689943807303885,4.602998008150833,5.3801404986425565,-0.06950934328876553,-0.015534589077737573,0.5091088416425571
0.0,0.0019801057468304575,0.005625926947651546,-0.0203844064389817,0.02944630810315144,0.10318464695476498,-0.002841115390091137,-0.09412028034148469,-0.010398649596316728,-0.06065431255364225,0.010562773497249137,0.23406007540212073,0.03601184399191864,-0.0029469915041538826,0.07878458876592284,0.8687492915989917,0.3581462572454355,0.17735863267183055,-0.6778052779386279,-0.34455449973753416,1.2050800529585082,0.1268345723326385,-0.4819694544947671,0.2948889047041272,-0.26397098695956234,1.9202347081264448,-0.11294002823766422,0.004377465874930042,0.28926490716057845
0.0,0.0,-0.01014518321032871,-0.0017818007174406488,-0.13010040675796805,-0.04153889085383748,-0.011121200143321512,0.11503296268043664,0.21688029008121856,-0.014411212127569087,-0.03733777712158711,0.029025341767626264,0.1514385291580928,-0.0522622761071703,-0.21536268394787075,-0.24010203352186235,-0.034899759596650544,-0.41658042576486687,-0.33025177384952736,0.1853738659632094,0.7243528633900452,0.05830593996896946,-0.5676870685062253,-0.6827924053604061,0.3684394078842725,-3.776217340673464,-0.017048265239275773,-0.013822922179994056,0.2377160000587784
0.0,-0.017246647738805493,0.01977549414435076,-0.028762624680574403,-0.00898597737047888,-0.09583772253879204,-0.003684850942197225,-0.005250616801576645,-0.026882276275268797,0.25845209580631134,-0.14004247241379855,0.12867685261147774,0.06307318895791987,0.009505090438795454,-0.019610387301715028,0.3452386309913251,0.09948419229831766,0.12962832330295698,-0.2090873204027453,-0.08500938231518937,0.043703948412571796,-0.052440514603193614,-0.20303641863645766,0.08165012730535222,-1.6033783611725703,-3.2602713423881937,-0.10148632698232003,-0.00012706568192895904,-0.40221087770287794
0.0,-0.017246647738805493,0.06013461873089079,0.032496848461186716,-0.006801282387746781,-0.07197827010036449,-0.007359476140657938,-0.37400880146774573,0.029812393775617202,-0.030021350751277223,-0.005017762362157179,0.07141136331508796,0.06103057361254342,-0.00796377148697321,-0.09653184366068772,-0.08314031848589765,0.05748414917054153,-0.1850260961910167,0.07662453642698405,0.04123206377740667,-0.6249466784644538,-0.08452248952217317,-0.2346948829156041,0.019982914769585376,-1.5116423252934923,-3.093140715075803,0.7765350029798125,0.001640237302385441,0.07772953338474856
0.0,-0.004731406264044955,0.0427576736648603,0.008643113234267943,0.04395815996198093,-0.5815010828827636,-0.04225394087637656,-0.027971739187744253,0.004299784044973082,-0.0034820921215423686,-0.04202007408245018,0.07971840230153177,-0.2675954425513484,-0.0604762818190145,-0.4252003483698357,-0.37439966005399633,-0.059044469808080965,0.07613303036877415,-0.623676533346758,-0.303982196452357,-1.2550771599504147,0.08862213318118353,0.005276086297624492,0.0011969718479431322,0.024610241643334026,1.5426174068119236,0.08766779596282137,-0.012910180001969565,-0.1431519136567086
0.0,0.0044505763448198935,-0.02264461432306352,0.009592146440249086,0.03395088792562011,0.06894516267035804,-0.01100995494200813,0.1949993202149591,0.04754914075001243,-0.0012205310698601053,0.12357677708415916,0.3745238236560901,0.08232228039083797,-0.08404482351126007,-0.22979552813569695,0.5810655476913508,-0.3600625208330827,0.10021432659619205,-0.16088403935496243,-0.08647500088128084,-0.2347380319636916,-0.039900342727990784,-0.01238780482246547,-0.45632789072966623,0.7211704614529273,-3.6121739042052123,-0.07986117225534697,-0.01674875844033077,0.21018759852903973
0.0,-0.0017490934097002375,0.004379577393118082,0.01787541217490867,-0.026121280490505477,-0.013009198038568441,-0.008056436959485774,0.05406587710789902,0.07785156817756442,-0.1359812729494231,0.07040655392698705,0.15396876651277697,-0.13489187237630063,0.1006979448995293,0.04391410940028938,0.08395771114834003,0.35199798278805816,0.5921783664089552,1.007779983901699,-0.09750277342433002,2.0803899556986987,0.04105581065070586,0.00499463237065216,0.48331939799734575,1.5157529334582611,2.1440266913519728,-0.1055246583171897,0.001982595510400977,0.32474515934167086
0.0,0.0044084902004490655,-0.08295929129177586,-0.07723438359350146,0.06294982064665143,-0.05594912239039272,-0.012901929851686759,-0.3282896741819705,-0.08131743950028397,0.008996864862985496,0.06559559020276606,0.10672969177357405,0.08886562462293787,-0.062092064722645564,-0.06371638200862009,-0.4113866175384819,-0.2110119739440781,0.39409536483055047,-0.4795197949682675,-0.03966015022268615,1.7975993278487938,0.04925732395684973,0.013308628272613763,-0.9673506088593435,0.6682360473940031,0.13915519577199165,-0.12419707904237683,-0.00863977186688905,0.31930251316703223
0.0,-0.0038545802518774232,-0.01043072695275724,0.0018971733038725376,0.053776449387068,0.18147593118112856,-0.009936708789281672,0.11833933064617304,-0.08641507009833464,0.11423449061250637,0.3073815552265842,0.1738840798173372,0.07596893838930685,0.038468959755429834,-0.13440700190637278,0.299410929771749,-0.17339161139443013,-0.47857169169725033,-0.6257942617316802,-0.33040529693095083,1.7056221958909557,0.019486332265701737,0.09939158399999205,0.028507631232490394,-1.5607254702777391,-3.0792234521821134,-0.1597684235438215,-0.014348813313118935,-0.34161659647272463
0.0,0.005076691429178244,0.04474346056532118,0.026821340286544648,-0.007701273050383554,0.07457836028689326,0.05352341097610411,-0.08594162900769181,0.12133905850910541,0.027025195090043762,0.077216208771674,0.15627347447091078,0.09261849130938515,-0.08475355367772475,0.07174648385007455,-0.7004299441247669,-0.9767999967500968,-0.16883320892362333,0.060023665939713415,-0.03807275178360936,-0.6388940938667116,-0.015809984682569007,0.011973242294126713,-0.1505306523194229,-0.17472664536073323,1.6291912745800428,-0.11995982119533774,0.0017650592018682162,0.41179326544599054
0.0,0.0,-0.04610940742937749,0.013797366647769812,0.014765911349176406,0.0514555775711581,-0.011517910911334866,0.034672255729384566,-0.06975356923075264,-0.012273084684773365,-0.014460278564873108,-0.031886322549867334,0.10484966304069875,-0.016847046224527443,-0.09174304514774298,-0.2517004967058786,0.14606208830143552,-0.26018359731574375,0.21528521915916224,-0.33095966477267214,-0.10096818896996834,-0.11398458793607964,-0.09893200315252014,-0.0689461057364682,-1.8840006604872377,-3.038927087872513,-0.037431059538281825,0.000459973821076966,-0.3660284505123006
0.0,0.0,0.014305602461986887,0.014036294239289789,0.07578306739932224,0.1226953462547186,-0.011356502368087506,-0.2791200976547804,-0.07828688074528216,0.09978530413116764,-0.013140821442423338,-0.22155104156187813,-0.8775582378063691,-0.031243596089108008,0.04774012431971901,0.3032076829633039,0.18009379874333353,0.08264291177359603,0.22753182007186507,-0.28129701961729886,-0.7908969079370924,-0.07191721731546309,0.09423846645935417,-0.433510519338635,-0.37191288062559175,-2.88671517979845,0.00889264645181157,0.005938474466476995,-0.26725729194851666
-0.024046799078905758,0.00901326742952275,0.03289405946358855,0.00962098520667548,0.08495658922647562,-0.026373361196354878,0.04816682891042191,0.10147209808126686,-0.0006300270678839821,0.02755307857942674,0.48435165557442206,0.0723749608966017,0.0353054627355123,-0.06461202591476853,0.0654427649618531,0.04631734400330032,0.16138933565469757,-0.23198490905140676,-0.1747628077412348,0.012084779915496486,1.1581018402288608,0.05785264571338319,-0.5669365922242868,-0.08159218176950715,-1.1354300021556663,-3.9923744952289373,0.510253340436721,-0.01181902731501824,0.520675185593635
0.0,0.0,-0.08727269077331087,0.006529325671219159,-0.07080063127278693,-0.04708439057196595,-0.01378339168119258,-0.2942998627170763,-0.009336609354894998,-0.003637795862668768,-0.11312192720501293,0.12754622367268248,-0.004000982152838491,-0.004668856066191212,0.0525130887040727,-0.194053232804638,0.014676716845227745,0.04153701819734355,0.40107000865815706,0.3979109489310329,-1.109692447692484,-0.16846026834946096,-0.1533761203748741,-0.3313926676236173,-1.4117787686350782,-2.1156405404033225,0.11578849781117619,0.005512835795874613,-0.2776822020128171
0.38854107995284054,0.0006752880932715307,-0.018087945282420016,0.0036702932607945928,-0.3868778233497877,-0.019236311125314,-0.02308831255875129,0.1929656675489498,0.019418201131359048,0.014785024873095721,0.7381817176920739,0.03390387844886751,0.02110335019451149,-0.0028677527182274535,-0.07736749477565687,-0.32551733478760864,-0.017910366721239183,-0.10842769784477348,-0.678837357910752,-0.544417149841529,-0.45788818987817187,0.050387200988167395,-1.0522464412121677,0.5599032713857061,0.29698062762647115,0.7648827575915349,-0.10646655010345706,-0.027571846351694223,0.4656282390498824
0.0,-0.05057773849159787,-0.05500265706872544,0.02419445527890247,0.01991710886655262,0.012870342286696482,-0.016882510409999572,0.6158208865059698,0.010129471847784607,-0.014466697409666707,-0.10551579971370954,-1.3348669576654342,-0.5251663324827047,-0.07194264888539241,0.21591830410343474,0.060914321209906,0.06059787546820655,0.13735777568864868,0.2788889257483365,-0.10948536861316696,-0.2327109987242902,0.2899390284419716,0.032531928129375685,-0.014316328280468192,-0.19631009449570838,-3.3356132393813884,-0.07829110324468594,0.0006457480068591143,0.3571407951027909
0.0,0.019524506874119434,0.012869626745839843,-0.02157112370489575,-0.015315423580986294,-0.08094536418082009,-0.001902225736557216,-0.18638341332101174,-0.01402089460324362,-0.05462495091977532,0.17895694299338463,-0.7447667802001628,-0.2380041215993928,-0.0836396618243048,-0.5743506232010455,-0.02738814805923601,0.33017072938473624,-0.13038946171537025,-0.08683656421142778,0.7298980303064821,0.9739119635884569,-0.7772996883465854,0.2698385794108362,0.2157861103001974,-1.1285395790419424,-3.352854098691147,0.4338631488082247,-0.07128141963344321,-0.25536269193332006
0.0,-0.00398397361149139,0.031263988710710136,0.00190549892095998,0.02137209131692701,-0.4337320243047823,-0.05137084047198952,0.04787146695730468,-0.07513147026437109,0.11786697887094319,-0.004499393778725566,0.2702509097791819,0.14967065123019746,-0.0019243695029546983,-0.2182722567038072,-0.03925324625525508,0.3531675235144916,0.21357286521077415,-0.6736495492420304,-0.7545909721130372,-1.786844721302804,-0.043434873460962455,-0.1743061477838635,0.18343445050627322,1.4399647784374094,1.5843967383599904,0.14760975733526488,-0.005484421821334075,-0.233851619657299
-0.024951738349153166,0.0004336867914350672,-0.010988358324979398,0.008319624716142079,0.07254525303786222,0.026239390727649716,-0.012247942889522568,0.15974697200361543,-0.019804380832460694,-0.009361118540900893,-0.18962719042997556,-0.5813388481688729,-0.22874539284148054,-0.0631395463751558,0.03436756793943052,0.026324397452246177,0.31449452747730944,-0.07611209007227313,-0.671916600892338,0.001429221830328193,-1.0570308715132049,0.05428483023991407,-0.1692513626640282,-0.41082866558168063,-1.111656809466804,-2.865626228633935,0.5938216135116462,-0.01807874555179308,0.05731516402946559
0.0,-0.005087005255433033,0.0022135436135734344,-0.0029631514482831986,-0.05082323584058401,-0.15829101669799941,-0.0005345978070342068,0.0744438729110534,0.0016737716657985583,0.25859878226495847,-0.051653675232072246,-0.4362686892671575,-0.23895409968861672,0.2407558705766545,0.10939689566919802,0.506814685279343,-1.3863861081428017,-0.09582143172858315,0.006893484487730326,-0.16736086832086483,1.7305641262938178,-0.0842617967020799,-0.1291498313466129,-0.06882776537494328,-0.3066042941157012,1.8899062821811319,0.04955974536889733,-0.037124373387503705,-0.612825829417466
0.0,-0.003365457000009149,-0.01774938441741614,0.0077948296927866055,-0.09391362697569992,-0.05199146250784399,-0.010447669239646363,0.12894164577650635,0.2913203414394886,-0.18150593503698498,0.031678255199282246,0.219590099636813,0.11330200555613933,0.04732522226816758,-0.1570096114244242,-0.05904926208694984,0.670886272936156,0.003048231675604851,-0.1429278527866668,0.6142982189207741,1.845505539211982,0.06902480570547519,0.13724347295565437,-0.31546146176644646,1.3991637314858973,1.5852098328124582,-0.2951357370558812,-0.01577721469404313,-0.034784815186284714
0.0,0.0,-0.005978133109337225,0.0027776255260927893,0.023211180517457415,-0.05213462371001925,-0.0068267568939713846,-0.23915444984072795,0.05092204449312046,-0.014391596037348069,-0.03161954220099007,-0.5030449637210075,-1.030387743614972,-0.034434893758175454,-0.12254002351278763,-0.2532631563704791,-1.229959645383304,-0.07676504100804074,0.3685881923896268,0.21522805982156534,1.631673281844279,0.12099738791735981,0.06390742343047547,-0.2565929422923271,-0.8958291772984392,-3.0168913132711173,0.08936371495779323,0.0003781704754450813,-0.15287981670176393
-0.023183422560289074,-0.005035941471625637,-0.0015979037821610823,0.010940817591139807,0.09648437691427272,0.022644327048230196,-0.02571516717107158,-0.17890992893577323,0.017336060116420166,-0.04551265790160795,0.49968001810044893,0.09838656725549731,0.00839672389435737,-0.030177328625024907,0.1027095965641757,0.597404944272202,0.569108300188201,0.28915494208637604,0.8170646527369269,-0.025326100683999653,0.02858440145457482,0.07406487200911956,-0.2972102086663409,-0.284890944203021,-0.7234977012906078,-4.136380200939508,-0.1772786208949357,-0.026273070660687237,0.556044203551717
0.0,0.0,0.08845635154865392,0.024331315804052095,-0.058614757702475886,-0.028888796744728034,-0.01833804064870485,0.0685386597351768,0.1267491503437997,-0.00475545778495459,-0.09087869095785588,0.14962648251443597,0.2898579585804256,-0.06386229804347661,0.051449127348958554,-0.19566685006640128,-0.6103712964755857,-0.1257998358065963,0.4684995668535946,-0.2354692833814869,0.38707192432946297,-0.14953971530512075,-0.10550201634801122,-0.38611192274524875,-0.54625969476076,1.702518421223108,-0.027707058788889988,0.020101800530747543,0.06989366011481214
0.0,-0.006871747568514027,-0.0034366101085072367,-0.0011186545201399376,0.0435598056046559,0.24832579919167122,-0.0049282740928115725,-0.015060189383690682,-0.041673297162878715,-0.006630697723585105,-0.07302847367836812,0.08938070529183678,0.10590451917979546,-0.05940763368637459,0.07474319855364787,-0.12340433719036482,-0.10797901565074394,-0.1746764561416024,-0.5129304050194634,-0.28085172774335365,-0.5965744451944839,-0.5937773475321743,0.20238541576146907,0.0035295300370356774,-0.8620122635043469,-3.027013292761623,-0.21969036131113523,0.0522322827434965,0.23753841736013573
0.0,0.0,-0.02829708185078869,-0.01034080753307287,-0.07598455996609517,-0.02602707754840038,-0.0006183178790874436,0.028074040182336467,0.08716683310514603,-0.02259990743809162,-0.10858640800791533,0.1312615888613469,0.23518537036934303,-0.05774241242985193,0.26046175375802644,0.1300352548518533,-0.5301535658927182,-0.12103005787970203,-0.39210287172970903,-0.39326074022272994,0.033764001710456265,-0.057008275550929285,-0.08176262125118404,-0.11269219453758296,-1.2379925246005254,-2.7385539507473107,0.10996657726839858,0.003307144458359024,-0.11768946811110828
0.0,-0.01522554066992534,-0.02028426484534611,0.005025526098176488,0.03032551708977834,-0.038665936364958686,-0.011987192827718686,-0.051277205378043325,0.004066863702270005,0.009269788827603981,0.06396111202886633,-0.2571580874333491,-0.12227670853813699,0.5186914613939427,0.1638229080864209,0.0020444850932746037,-1.1084192700988806,-0.3158090075323852,0.009369585778038795,-0.024147883480852395,1.1379753405015045,-0.0063650465878796825,-0.0700140811814963,-0.2265980803512355,-1.4022186618029233,-3.0871535720188525,0.6022453791566736,-0.008609138233935167,0.24808574751487786
-0.007053327650197012,0.005741478080169069,-0.013888524196427722,-0.008006507201574094,0.08627832700677958,0.02948139546820294,-0.002109242550139352,-0.06781779278859865,-0.062295548531948325,0.0023746796878948715,-0.13269045552659448,0.058426109335391246,0.05485046659733459,0.03680064002158074,-0.05766436274440308,-0.26508105536431803,0.2266833511991179,0.232743318105865,0.33402859159943343,0.12836134753416456,0.8391539636731719,0.10607609861630715,0.4352142983311212,0.7658781798013582,2.0656248565963065,7.078094567069178,-0.06678462831476366,-0.029889213678055613,-0.37779078555029616
0.0,0.017464019835584745,0.05686982493233326,-0.002767432102372399,0.0018328625186505528,-0.013125121862434183,-0.010455426871992336,-0.258204291337765,0.030619075763384275,0.015498192466748613,-0.0025493699674392534,-0.30444845128281073,0.1276332674174211,-0.09470435951527699,-0.22757001465366425,0.18074228013588878,0.8557513355353349,-0.013321477735270676,0.009254702579955053,-0.24312793472839717,-0.6875938663488378,0.22145843297233045,-0.5658976984514323,-0.46739861028913476,-1.0789773641447724,1.7486468755091356,-0.10103546987279048,-0.007683716384425301,-1.2275771632073764
-0.009970670120378264,0.00737604994726022,-0.05858657248454085,0.0012156970146122018,0.05113629566479007,0.08476172468255089,0.004746468627390014,-0.0755935918719342,-0.07526897056619007,0.006209890225730699,-0.23610441484402409,0.3973715145721703,-0.26193515134688033,-0.03984804730911812,0.044861635093177865,0.11389410752425921,0.6949601277892253,-0.18184177977142557,0.6678772475598198,0.2456904280626047,-0.9050148389881842,-0.4555951535153422,0.09268195563011297,-0.4290400018464478,0.7458687600604481,2.175620964116692,-0.06344785964733694,0.09830638021007257,-0.4632767673631098
0.0,0.0,-0.08491350805638767,-0.001938897564920396,0.18694927607123948,0.14320239157213388,-0.03103830318140636,0.07615931154512792,0.22910326572917583,-0.001703943469737198,-0.06868482737274673,0.03832425487591224,0.23101878184563815,-0.030552085190353066,-0.1874920803900421,-0.3166611292730246,0.0546806503323452,0.21748267106199412,-0.21042564429282787,0.021052575556550518,-1.4216039996365808,-0.3346114274779194,0.5020597195106336,-0.4545158137681163,0.5136588741152004,1.746335635584337,-0.017809897702399168,0.03754406173537703,-0.12761032108608317
0.0,0.003378871773452535,-0.12882086569156842,-0.015692267974590893,-0.013076834660972977,-0.03854989049582933,-0.007858844200493239,0.09834961077884474,-0.0960131049256211,0.05540896296512368,-0.08102589828484036,0.39116973624052853,0.09175572134069125,-0.1093022603016833,-0.33421818261216424,-0.21141627045551248,1.2797820063181085,-0.17980559784277578,-0.4707607978487744,-0.43628861321293844,0.21217452428362896,0.2029334979111954,-0.4819595593636716,-0.7840033271380729,-0.8221090837067725,1.2322166984298377,-0.10281500652803492,-0.0011154444127833276,0.5672980321197798
0.0,-0.0026728350658643085,0.03161780097045977,0.03675569459194101,0.015690318208629532,0.1572629470780306,-0.0029660634756897655,0.26488718609850503,-0.1313800875473877,0.1623176275915997,0.03391408428997185,0.11517819854714628,0.011747471123118657,-0.0005484654168720581,-0.05594773446677966,-0.19385227089010743,0.3291748330759099,0.11632703138170845,-0.48304172350776087,-0.22761652650445402,-0.08353113820816985,-0.9194784479102733,0.22590513804082207,-0.09441807761845515,1.8159137582657674,2.4513520123081936,-0.09431759726341715,-0.06947568477596043,-0.417103028021062
-0.019157440362452084,0.007666996871180974,0.01820681835252409,0.0010413543947456363,-0.06062473806321287,-0.010449903647856432,-0.003826004104024587,0.003869539893035779,-0.0412457935376279,0.004442602410679909,0.20052666580884987,0.08373262627441294,-0.007213027192550194,0.1264467538454408,0.0187371011271528,0.05480496280205438,-1.1188973615973512,-0.23977806343481126,0.23943583286039533,-0.11631343472199074,-0.6321123031792246,-0.30354006345218565,0.1823568653031016,-0.2479559250852597,-0.5562452175761001,-2.93891292174524,-0.14802302305204773,0.04875695406891974,-0.38849146734431955
0.0,0.0,0.08906704197518575,0.013032397843006175,0.05743685633594216,0.1114077811073782,-0.004461025389511727,0.2341955035280031,0.08533248795862625,0.002539992033298796,-0.09605266179552627,0.15583656004577018,0.25692653687294636,-0.036895178156642894,0.33197303437557124,0.4738464465857549,-0.9436108458381399,-0.5437495198664094,0.019634104809906086,-0.3119763143997972,-0.05273614758833394,-0.31387157351619493,0.11846102587342387,-0.022217211761048596,-0.2806797617533965,1.510983281847913,-0.020183347390770556,0.041280784008476075,0.06691679200312134
0.0,-0.004023364561983259,0.029594849276227866,0.00704971337077323,0.061561416032435354,0.3152166906879116,-0.00829210797256755,-0.036981493394496315,-0.033672956470621206,-0.26235949458262997,-0.0500081965543474,0.09937772935727555,0.15103590377137113,-0.08067760912684525,0.06075023186290409,0.5572602118008234,0.2502706966198263,0.2438179387354164,-0.5243002169603636,0.437327210372983,0.31057345849441326,0.06442901161649385,0.23594415687674752,-0.34539242160090566,-0.27142315831725605,-3.3328387497472485,0.10873346094136611,-0.012787712406012295,0.5008955203847811
0.0,0.0,-0.0029059555875834064,-0.028172214154747865,0.10161401464646716,0.1159761268797083,-0.010727657779540885,0.2685800692877635,-0.07796056000225648,-0.03736168340791826,0.02213239562420062,0.12206571076643995,0.046123439691348515,0.03944245869998422,-0.1616177960770078,-0.1150844778378326,0.27998381605937744,-0.3198751433522778,-0.12139212090389503,0.4206694890896546,-0.5512676401063755,0.06222115637300252,0.21377276355242664,-0.46596628676310414,4.647655156776839,4.973970444168824,-0.013772387303817546,0.0005320908982655941,0.36238250690660007
-0.02441437395498567,0.003293976467987832,-0.011216395666881589,0.005667696970293869,-0.24035825411026793,-0.02462072460836038,-0.024411348833780662,0.20860178215495148,0.008321589212698885,0.011079805839579168,-0.2279889998644176,0.11754562713906845,0.04213631273130222,-0.043995751164384686,-0.05752112517737004,-0.20801037918238274,0.30293911069275153,0.6348579089463624,0.10832245693807427,0.5187523650050092,-0.7110058180647714,0.04813749123423365,-0.7818357279338074,-0.026361031038561286,-0.04738432849315349,-3.430079754573742,-0.2328145231825718,-0.01741527643942813,0.233693254537325
0.0,0.0,0.0293600997929302,0.006152356844959546,0.04996251132236618,-0.06664224345953133,0.049169772579704764,0.01655405445895664,0.14449917120324113,-0.0027511395580049136,-0.07109651639787334,-0.08277223283078651,0.11228509246379506,0.03268861016770752,-0.26341568576373436,-0.7181705291206519,-0.05068183674668013,0.36846446589785414,-0.37506085206156786,-0.24912126436190538,-0.8059782116121945,0.2319204089208578,0.14029044684967612,-0.6099874540465656,1.7090848803579552,1.3566595000198642,-0.017264025311657855,-0.015282990181244974,0.01737051529140639
0.0,0.004223263740966219,0.01829132280765669,0.0012399363702021056,0.0011747583965139874,-0.013919896267603316,-0.005668289755456423,-0.013686463806346406,-0.13054575812283162,0.002203098279686215,0.11464257955980053,0.4652653634527099,0.07123485832702957,-0.0007858682347338952,-0.10077168162662677,-0.35481156799749275,0.003501692277914435,0.1753995224248997,0.018052011010882444,-0.2715688653010564,-0.7937324824850349,-0.24268916148221842,-0.17862562028356954,-0.17900662952958885,-1.0912944127808093,-3.007347860932684,0.6503478739429494,-0.014893045944270272,0.44995699896518565
0.0,0.0019801057468304575,0.056888483814516486,-0.025083301756112356,-0.01701422372029226,-0.12850741730697224,-0.013652831667782389,-0.09809349488956859,0.033739001367731274,-0.04714889186632865,0.019411980232013404,-0.20316907744297844,0.04942448375119923,0.018678235084784955,0.04694121699939009,0.8563065064212759,0.25421923001332636,0.388014524955208,-0.6860659021281552,-0.17520050118867794,-0.6935398035538834,0.17821252762497425,-0.4362062811340106,0.3042347464416759,-0.7291122447249273,1.729689761360024,-0.10787220457753101,-0.013885122014498109,-0.5659526170331598
0.0,0.0,0.001692893327839505,0.01945676333495923,0.06438648258577524,0.08600926728971733,-0.0071447603540693285,-0.3372293426788317,-0.30151101682583537,-0.03611836972651829,-0.10021326761423834,0.460748192684401,0.17416292429148705,0.020130663724946863,0.3159911604227836,0.6826224629750164,-0.24399919866994285,-0.43333116728874155,-0.10399798530133474,-0.2923462966151181,-0.6654583716133929,0.22178308111333114,0.2680824296595942,1.0573650352386141,-0.5708719272047011,1.8750686580470723,-0.02020866798157199,-0.025474171504798082,-0.07276305231557299
0.0,0.009152458688292604,0.09061954878628974,0.09378819702106712,-0.08751102623840107,0.0043231418094157184,-0.011913592418981753,-0.3499704361837447,-0.263380142268116,-0.20656142697918986,0.09874835033263256,0.23828438252680004,0.15988909696715603,0.020151424124320142,0.3222810925120317,-0.2661899194188512,0.36029328613529804,0.42519875018592435,0.21570358742706802,0.05327915522359411,2.287855361758797,0.4258653960467724,-0.11512519375030934,1.2387987236923739,-0.34204566970139016,3.132343215702118,-0.08356139135063477,0.004332698773019359,0.16192372087687198
0.0,-0.0017490934097002375,0.023590774785656073,0.04654099401488886,0.005880329701565598,-0.07448409826229414,0.011919114211116156,-0.32089631095521476,0.05469076597657823,-0.019033359227079116,0.024532610529979987,0.033500131943682405,0.00896091039494198,-0.00844273028182213,-0.057040705436164345,-0.25249652313428506,-0.048819881939274855,-0.09739464074865618,-0.7917593911685118,-0.19674738385139987,-0.5290578297680881,0.10921516391543529,-0.10126754896760011,0.022574613784346803,5.421408441597196,5.33999130018348,-0.08583823012237096,-0.006383680395120524,0.2944631308141633
0.0,-0.0017490934097002375,-0.0840371631204461,-0.04352112285701738,-0.0043927453196371214,0.13324409354437242,-0.003601342119319389,-0.06919857913872478,0.03699758563958191,-0.018671154852378906,-0.016306675070276968,-0.02397308842601428,-0.13757043645896033,0.007163136694688885,-0.044887660528785296,-0.3445501973920543,0.052199926492568875,-0.05436986219893264,0.6035190359551482,0.21531083836195322,-1.1054649872727913,0.12578701471020406,0.15475699739600873,-0.6056535801083754,-0.1401191075217602,-3.2044208465142474,-0.1116147835900659,-0.0032716658131104787,0.3271335504274162
-0.009554315557704448,0.0022607900012490603,-0.008764031481625124,-0.004739767586652054,-0.13921747546668753,-0.044233455309339385,0.005217410875170742,-0.36841890020287005,0.03351647275365896,-0.000713327251314073,-0.2563582320009916,0.1504723797580642,0.12043754201496934,-0.006580822675744085,-0.09960424245364864,0.15971402324918169,0.5392893375928703,-0.14192260405343718,0.05609636515504909,-0.06774132661953769,-1.2770265397611267,-0.04859858995990324,2.3437077554782566,-0.05847932639964584,-0.717547424492869,1.5644796963874341,-0.10671351739585509,0.16345892321635266,-0.5450905312482413
0.0,-0.004841851473168706,-0.0007121709104311204,-0.0042363355534328455,0.07006967358176772,-0.28520487119069327,-0.02617416752617881,-0.4000420517203773,-0.07989550700678678,0.09404586118730737,-0.012098621270231693,0.10291630362970558,0.11971668302093365,0.02092460398690876,-0.1719924617206539,-0.19943466159294118,0.5324620992739796,0.13246603683002978,0.4394663807792625,0.02232092524152509,0.5396732275206166,0.004518802584451784,0.10271171156851591,-0.07187193036669086,3.8804791314868585,4.7763577926704865,0.07092866829319615,-0.005755836509736543,0.7236941891457326
0.0,0.0,-0.030130908654336683,-0.006731304999179162,0.036685645378893225,0.04360731489872441,-0.016818520144420205,0.1505691603579962,-0.06917567032326903,-0.01948649747684476,0.03792453914565499,0.050546144224885396,0.20333186408582277,-0.018480879356267497,0.036319520117974485,-0.19854364910363564,0.03534088205025999,-0.0408941612281368,0.14503676751956107,-0.3848806058662778,-0.7881062111078864,-0.1464598254429321,-0.18207060904072705,-0.5621084300293584,-0.32042646189074603,-3.0830744956635767,0.009789788150892641,9.964151093046097e-05,-0.3641811999289207
0.0,0.0,0.03295174024131406,0.02339279971324737,0.03643171463621711,0.027031980897283935,-0.00934309263511159,-0.5153490004402744,-0.14819806438402208,-0.011343365827311927,-0.0843134100866986,0.07951398756969814,0.23832429006279812,-0.07148006042694101,0.08899724608950689,-0.16980835839581065,-0.12290638071609568,0.02607893858897383,0.4876454243200391,-0.1396999990298716,0.2891078424123713,0.11879702242766946,-0.3885774323139361,0.4160717901111283,-0.4699484881913069,-3.3448823840839803,-0.013961570145886011,-0.025005943871465444,0.39657239462097654
0.0,0.0,-0.04842527075730514,0.026923372011833792,0.15053749741927325,0.09716268901689717,-0.02175549188487127,0.03452961440834994,0.1263213466735929,-0.004048046144438815,-0.08675453984459187,-0.014694092158820346,-0.32312272349701426,-0.042213240655547074,0.016000273438660877,0.9168185097864948,0.3168005964949751,-0.2763421615211513,-0.503468654612686,0.24571107641967657,0.45831083810754264,0.03060752683902866,0.034106122839137915,0.04114786239123484,-0.258339166252594,1.7636364010533385,-0.02089285217156521,0.0007288683700993957,0.4637479590467306
0.0,0.0,0.032291431855102824,0.008372422146232218,0.08161648795034514,-0.08997462919983806,0.014150167791069127,-0.072574349280615,-0.018942274491876444,-0.009752509258943961,-0.09703229644026556,-0.36450334688875363,0.20576735730578646,-0.028449872239172773,0.08057179022898103,-0.01981428522490315,0.40806719492629806,-0.36414030755734184,-0.2223769633550273,-0.2913013456839396,-0.5546587544089865,0.015044393427999103,0.16989735805700587,-0.6581019948728078,-0.7006688143342623,1.6703021662896578,-0.02710597876443621,-0.001068555957625909,-0.03926088398591246
0.0,0.05746367900876003,0.10602442343478692,-0.005161969272789296,-0.03844371675421007,-0.12937197139248308,0.026038758494162643,-0.01838552473057907,-0.06220236564844791,0.2732467126478525,-0.08040013359829709,0.30354217376614384,0.13624704199526555,0.14012888722855216,1.2368579268532793,-0.10180578794865554,1.0106699922463953,-0.15821232573373825,0.26290000554068466,0.27716800673393066,-0.861971738665191,0.003705160182308203,0.7289538691065253,0.16276967215124089,-0.8806123059065984,1.2089548409361441,0.15961848236726325,-0.02145114119469488,1.0415782537536218
-0.012155355162032032,0.001982050240341599,0.010030689353199767,0.011622897467611004,0.08964133427317561,-0.008930858697959884,0.024090785130809554,-0.45000366165573447,0.030869815629222246,0.00499246719199902,0.49881997605908807,-0.026297824908842922,-0.00810647051673682,0.15892378020569678,0.282013509863666,0.21079110767655843,-1.5486213625465788,-0.2484975220553725,0.9229343527351539,-0.3210826993393559,-0.5086611793576221,0.06837411205873184,-0.48764580846515837,0.3639835334508815,-0.6880709495283225,1.6320108858089897,-0.11496695583584539,-0.01144087433076926,0.4371827670912851
-0.015565243649154603,0.008850248318968286,0.02357597232024332,-0.0022129988337515507,-0.15208295976365666,-0.030858122648406136,-0.010200952736893778,0.038332061636245945,-0.03200948990396421,0.021856497244722006,0.2907359009865923,-0.9867296150655431,-0.3694077572361401,-0.061422035047249385,0.09154629434344967,0.050669080383172714,0.6472452684189367,0.3958407589773486,1.1984967724311213,0.294040272570491,-0.5234523173596142,-0.07609248683785515,0.03689501071171692,-0.38403791191988246,-0.8812346298360719,1.025113275046485,-0.06600821112262036,-0.009093093482800633,0.6896449526171672
0.0,-0.007785995403776118,-0.003821115615169928,-0.005046522419046632,0.04424964885254163,0.13480370924934493,-0.006546319565396216,0.00768124216589043,0.014453782861144127,0.17581218924824613,-0.0819318725515164,0.12563522579817313,0.050571238626977245,-0.07699337916864474,0.2159798008498884,-0.3697873270803431,0.21600616298936817,0.10067439959444704,0.13027766048013864,-0.053826281346265444,0.6115287076094088,-0.0392035168275061,-0.09825945974486017,0.19731613762252664,-0.10067566478077766,-3.3956038890129605,0.14646329820020243,0.0022397362112330666,-0.42513201577434373
0.0,-0.006166996481553995,-0.018853269018208586,-0.00029491938384015176,-0.05888644701809146,-0.13473049073945312,-0.016944154137639614,-0.29330375064655345,-0.058633967144803664,-0.0028012713163879117,0.32434143378612285,0.12856716636699145,0.10904873173981275,0.004440056443569308,-0.19737382823004232,-0.4207498749565584,-0.14015174001475902,0.24062658285756192,0.3010611601120868,0.6108691584397419,1.1275634476506466,0.03835850428461141,0.14768136106760135,0.2818330952396919,-0.6197878169471549,-3.3527458404835335,0.03928867943754266,0.056308076898845615,0.5092495343647089
0.0,-0.0017490934097002375,-0.08192790295589629,-0.024956297211066666,-0.018613649694383557,0.07917940086718615,-0.008706926142630522,-0.0035864300266075268,0.02125313039035219,-0.0044839816571394225,0.0007366999841620293,-0.327013274439377,-0.36679217776885686,0.02778985050643194,0.10081435670143805,-0.20339574461936002,-0.008825370408400257,0.25139975012075155,1.0790334440485247,-0.015231822464163514,0.33963262548626066,0.13393998653366046,0.3967928545225952,0.7158503744611647,-0.5288899751635571,1.3785373133650318,-0.12288242537522531,0.008925954549770828,0.5851470519867782
0.0,0.007827007840374468,-0.0028159948786949016,0.05718299380004157,-0.01112759429376132,0.027634550577571037,-0.010648261395005054,0.36152229156985716,0.13469338691375196,0.012685234081747977,0.1512897527498332,0.3705990788174342,0.12453692281119777,0.05512816410920982,-0.292401286057115,-0.15835666866273893,0.06817123857274972,0.1356314578501973,-0.17531879944154216,-0.38299146666187406,-0.8817923070160189,0.17972673263777827,-0.04375950638810153,0.7874782019961707,1.1592634624832379,2.4381401923765296,-0.08110870444926903,-0.005905626222750341,0.3886700075656358
0.0,-0.003221260065935256,0.017325754779928648,0.0027088731294609937,0.014323784706314194,-0.17323958284736618,0.03493421706865898,0.3672936459012127,-0.009181932048409416,0.028923991196643156,0.030754974449605916,0.11949605620249898,-0.17295103712765875,-0.023952650360971346,0.03930732135432141,-0.08296263645694427,-1.2130082632737902,-0.05527862241616432,0.2875081220529658,0.42232694066732634,-0.0768752581524162,0.09405016286065754,0.2437900765110092,0.08816395756165304,4.183039448860378,4.67676924955563,0.10726321971936373,-0.0005756508769647114,-0.25101863357408805
0.0,0.0,0.07829742951337415,0.02687615191841642,0.1257138645366179,-0.06561348720181402,0.06723079322747526,1.1244646163143135,0.12936446705992177,-0.0032096687273740513,-0.017236675123398576,0.26471875539456824,0.0048003232928077975,0.02446436986841618,-0.22679709286068456,1.1546719163511105,-0.03706720773205592,-0.0069571554397012516,-0.18601762286548765,0.6268101345360337,-0.22377467857358052,0.29224079914059375,0.5240493466868639,1.105738114092737,-0.23544874157485496,2.267586708880215,-0.01800525079890225,-0.006541768247089555,0.2385912348880077
-0.007985782125393049,0.0007014991991332452,0.028984182013874742,-0.004352317651193324,-0.1578011012649731,-0.04345776182337324,0.005389093520328351,-0.6526305404572587,0.22174307863109394,0.04035125947534773,0.7833418696124433,0.07174957664955489,0.16036943655381086,0.014243435259418399,-0.11205619385855047,-0.27517466998511664,0.4472346305084524,-0.07754218359178955,0.23685267600372412,-0.005192467128084705,-0.9624234397092225,-0.12552001851602235,-0.04483527771213529,-0.02600009648599169,1.0012494182188996,2.043021735869794,-0.1258500863501651,-0.014004897901876336,-0.3923028132166144
0.0,-0.0017490934097002375,0.07430787670709812,0.03955474583911674,0.0030480431130466175,-0.11137715139511555,0.01249238405728095,0.08767720923192947,0.08469141650936936,-0.023501984372595756,0.04331808877192976,-0.26469268931434,-0.0968835740325562,-0.008175596379173634,-0.07617810587356093,-0.09325923032206321,0.24796011437933474,-0.19022159499903843,-0.39220259278666636,0.22668247500026772,0.11979224773199126,0.21543408209229023,-0.006489892519060093,-0.625448380920446,0.7750890346023052,2.3589438529449174,-0.0819977496718764,-0.0018414058627875423,0.27315492060251717
0.0,-0.0017490934097002375,0.03987714518684059,0.06307643583853668,-0.004521046224908803,0.11067287028436443,-0.0028271445353039056,0.0056265594245149785,0.04459314833111863,-0.028286805572197857,-0.043833971256858915,-0.001803230978962643,-0.04183436906950156,-0.005356721454180723,-0.023875052131676264,-0.23326286070845975,-0.3598367513580315,-0.3416225050949328,-0.1850765801584658,0.03357515851110129,-0.9716030709020419,-0.011012521353652441,-0.14273407681130126,-0.22435973455242358,0.3183412708251163,-2.4413815827324585,-0.0852225637654224,-0.0030307607063806605,-0.5274907454540071
0.0,0.003651772538835794,0.017467756670577907,0.01713560249298963,0.030106368209968686,0.06985211336185813,-0.011210005350928084,0.16655684928348322,-0.02466231353403562,0.01039522043354045,0.11469100179003668,0.3273900310149673,0.09338615549632882,-0.1625090488583632,0.23942303694794148,-0.4422125438334337,-0.6070774800982445,-0.20109596672366253,-0.07031218593536462,-0.5004784048651888,1.8927931657049524,-0.18683334634516688,-0.09707461103778875,-0.1929089620987571,-0.05521096841200285,-3.1378793880617915,-0.10215647451835552,-0.01479097804800005,-0.8241233821623387
0.0,-0.008023035893947351,0.009326816517401394,-0.0014166941985324503,-0.03877673646796275,-0.12224143684203949,0.003928138060746111,-0.13631454592971373,0.017606888119729255,-0.28350214028443554,-0.022022743947678097,0.10131517678087988,0.12781258195705528,-0.007414027177736127,0.1440542972036037,-0.09138093335984343,-0.7775672852833931,0.004918562762972392,-0.8447864843815801,-0.0116763518080103,2.645299516102104,-0.029993243240455603,0.05395799930637497,0.0918422389763735,-0.5957861668197153,1.9289602595612856,0.07368996511043054,-0.03207401457077665,-0.13345212990413746
0.0,-0.008164550570679094,-0.03957320447147893,-0.03221366824129996,-0.012132526967818982,-0.07781716180716257,-0.0028237996529236007,-0.017407922552018385,-0.0018599254909625752,-0.0474561704540418,-0.06175721945666287,-0.1541484258920696,0.05110681051741075,0.03491302083497661,-0.08111514689352045,0.003850889436001838,0.5829236370600168,-0.2472175497977476,-0.3063100270398973,-0.014698306618075599,-0.13765274490949916,0.01346087654484918,-0.2846592465284351,-0.06461201524686327,-1.6142673701040795,-2.997299504382786,0.8378321800510945,-0.001742805351494884,-0.5041949117189143
0.0,0.0,0.015272984999658543,-0.007448586667921126,0.0970192949907582,-0.13281159594615857,0.06451716598667522,-0.6625529892392384,-0.4176697728535837,0.040366573338834484,0.12417967970523582,0.11508697318392833,0.18087594074476795,-0.033196048710189836,-0.2980946350760341,-0.20350783742795028,0.06080974710884348,-0.5761463988245247,-0.3905473914314207,0.39323411773884415,-0.34334536062459425,0.11297493052164008,-0.46659496594403116,0.8645092669144613,0.6812670511222819,1.6425303614196545,-0.01751548406875213,-0.024561962437290526,-0.05017555804148117
0.0,-0.0017490934097002375,0.03390055540218042,0.03876145684043945,-0.06729540629951737,-0.04411178797506648,-0.00366484999036972,-0.1254282856934267,0.014561002167033502,0.14751058836370612,-0.20565780825636176,0.3954976665244558,0.06583570875608158,-0.028823719528850697,-0.08119135776267267,-0.28434472849135245,0.4537053739255266,-0.28915253535702795,0.4541229645704813,0.8126755319300527,1.188832029634456,0.11510890662416065,-0.5656201844699419,-0.26090016897073365,-0.39507711708772597,2.338269995603295,-0.09574880729966156,0.002883262472359979,0.22767329246849802
0.0,0.0,-0.13195262044367437,0.0066868751709809,0.06656523139679328,-0.08039493360687122,0.04481272519327109,-0.762448739161637,0.1289785546116914,-0.0101414258114663,-0.060888779438248795,-0.07832200972877851,-0.15739921791174702,-0.047139539645087006,-0.05196864523228544,-0.13906285092994636,-0.01874929718694828,0.08220071832099378,-0.45854413382361003,0.20849089859789388,-0.6779492076327166,0.13879781490264256,-0.23558118457345842,0.49268596092754774,-0.31843614253219604,-3.153387810759493,-0.013970195470598488,-0.010176639429337242,-0.32467117595274986
0.0,0.005819421582881879,0.056177445060814964,0.043796043395869,-0.04452209216440205,0.04478901311205481,-0.010875907043286172,0.20721231424727699,0.06407009899498294,0.013537636699854852,0.11012030895596063,0.37979294634099414,0.1710312522331198,0.028405011217594874,-0.05346637822469479,-0.060445617575658354,0.05712397324354945,0.308906485698569,-0.049476842299660005,-0.18830922848086426,1.6551703796636479,0.023658297259449696,-0.16570617364698523,0.8120161908052899,0.0429620930360093,-3.919877523901216,-0.06412263431043971,0.005038890095431811,0.4974756781721533
0.0,-0.0026728350658643085,-0.04254450890138211,-0.027195961689294657,-0.00273807101787217,0.23727095721355312,-0.007359476140657938,0.5390954698515978,0.06674660437467377,-0.015602601573481941,0.020830101848108837,0.20687505805337994,0.05855250095482346,0.005975422790878515,-0.03675509027366809,-0.44740760709093547,0.22843111636397648,0.020199945201454603,0.8701382400126974,0.11239749307645397,-1.4124596191488556,-0.6304383746204589,-0.13653019261130245,-0.27198704354037645,-0.7478135252963681,1.945976506615419,-0.1308863149434683,0.018824035774715916,0.16210292218240943
0.0,0.0,0.008791095815511437,-0.0035174252578389093,-0.12022402670946271,-0.0388173025128007,-0.03128410953760357,0.0005379536234569032,0.19227603499355128,-0.011636625490972679,-0.05633354947438347,0.09186943426347961,0.21108738655703704,0.062427672905268995,-0.18302689440065736,-0.30183498387319946,0.07146083039087926,-0.22099626453090346,-0.4007466984714285,0.5739138819578264,-1.0011979376544344,-0.27128331123763194,0.1707429947751536,-0.32691576166338615,0.7695528977815925,1.4366201795263625,-0.021262257019089018,0.033664688509138264,0.022452596287917573
0.0,0.0,-0.034097329114883605,-0.03257249922347374,0.07794237199106929,0.07489218266402776,-0.025782940105582627,0.0018312722312941597,-0.3382139931243979,-0.018118484876446402,0.013567763606489378,-0.09227823994923186,0.10583153867384816,0.032926326866871136,-0.32242063379258534,-0.6700404600182646,0.417012864665996,-0.5613451695586984,-0.7200884640294142,-0.4543887628965732,-0.9827889067559613,-0.06538002493779202,-0.03109091836275761,0.41813754827618416,1.1416126878225152,1.5841997542349648,-0.024975075221143103,-0.003965290511302502,-0.08013672730646415
0.0,-0.0017490934097002375,-0.018507521922143125,-0.042834146987369315,0.02083491068577914,0.07108598011227352,-0.0023541764477377288,-0.27172637529413024,-0.023416310405155478,-0.013072638088516757,0.025465817731357764,0.025069988658987227,0.02855183250734685,0.025830906007736066,-0.004132282919460816,-0.15565856781007645,0.6786504691682923,0.05936934359695435,0.33501139342576985,0.6520194812935208,0.7287754789789156,0.12471825009548604,-0.06688082270640437,0.6687863506015106,4.039042623011272,4.971558736110021,-0.08104688048090575,-0.005773839587326775,0.24581566285708242
0.0,-0.0032692514173069238,-0.0005130065963507745,-0.0009034050794352881,-0.03269427102972172,-0.1284065141322405,-0.009446873345656776,-0.261477078325782,-0.03435750557272446,0.020838560800780462,0.15360708270945253,0.1646069104366309,0.1462751175902677,-0.0674219701318827,0.12729542893643409,-0.24705251902120456,-1.4096841001100573,0.24500600925127244,-0.2151833864971336,-0.09435348444931568,2.08604361811656,0.07939448225103977,0.0375825343716793,0.0949325370115098,-0.8810624313586399,2.4367289958649008,0.09530619307022248,-0.04625319989158687,-0.29452735848078215
0.0,0.003025851017959595,0.051118388466426086,-0.02846899096606107,0.00397560200578049,-0.2067512796242654,0.008369150958544774,1.0346301128618365,0.03646771598763049,-0.04371953680124742,-0.15600656596142184,-0.5303774613750301,-0.29989531025185684,0.0007635549153230808,0.04422980038537489,0.5175425067425289,0.38947945017795826,0.059522319972200005,-0.15700111523778523,-0.23544571377851697,-0.5702424465319981,-0.1711246796811255,-0.24197849820463802,0.07878320122751876,-0.6660290534770106,2.3745781034583167,-0.09910394437000197,-0.010995526087054125,0.1774838268247922
0.0,-0.0017490934097002375,0.0076088273496169034,0.04214902008051909,-0.020164025694721557,-0.10640293989718047,-0.0044846845759108495,0.27597485208116235,-0.040071802848634555,-0.023098131843003626,-0.056638338050720556,0.03968528728056772,0.040481404328599355,0.03356273239770413,-0.05135240715004645,-0.8790022422196389,0.33423272750510225,0.1815731647077983,0.5321377941799841,0.16723040783701132,-0.6543196140890037,0.0060136212112509545,-0.1026344426837553,0.013415257954561808,0.25933406085806443,1.6164880737172653,-0.10263952860903083,-0.016026782828834317,-0.5515722955597888
0.0,-0.004055519433448891,0.021605936402518018,0.0019058257623902498,-0.01807785937706776,-0.11491783671053538,-0.004295357186251299,-0.09072287850179774,-0.08561805069741807,0.03157172547158161,0.236063927719523,0.14636870879744518,0.08852950435394763,-0.06432396488243287,0.05824374941471007,-0.221086020830643,-0.9730366307927784,0.04628835012235848,-0.6993505829438055,-0.5662702504412515,-0.00023350878041393974,0.06254751141936225,0.14274242333414686,-0.5553705658290641,-0.6698377263367108,-2.338262215639983,0.10603865588378468,-0.004657930056050575,-0.3545148060154246
-0.02661402493205077,0.005465283203949964,-0.03462267057833325,0.00499012564525892,0.034998055990475736,-0.006798607248863438,0.004163924651041402,0.00184919250950036,0.022928674041154895,0.03811851693842644,0.2991188018211731,0.02839578422942303,0.0033192749131302564,-0.0638439936642009,0.09553397214551608,-0.006382962575719785,0.2999903808730545,-0.3954655401675597,0.588748122484178,-0.6711290153190215,-0.6841855365019353,0.07357172073026562,-0.24233283359588323,-0.08812906346160236,-0.9161893831487232,-3.1617107304580303,-0.24390926022603698,-0.017196966613882838,-0.49431079845661474
0.0,-0.0026728350658643085,-0.00353378221887672,-0.02336105077120159,0.0038256116002275994,0.1298326417436518,-0.00366484999036972,0.2522630306262921,-0.13702974047771113,-0.013613761322721053,-0.04068898537171469,0.21197421321587398,0.07209939339367925,0.010716493915141583,0.04864176160187554,0.008213182067377688,0.12880511572437686,0.2712340930635474,-0.335723468576286,0.03531113559020801,1.212972036586917,-0.008782421194384013,2.5985368849813844,0.04559043910244918,-0.1628500938573914,-3.5294046874726677,-0.0943937407250181,0.046628376929151547,-0.597960842251639
0.0,0.017425987358427306,0.02925177667462737,-0.0029504138263688985,0.05234374571814593,0.25865961014343203,-0.001910812333245008,0.888800551620566,-0.026952364130773804,0.21964904810458696,0.26478357709247186,-0.3873492916036544,-0.18730323896888992,0.09322842713552859,0.8822330916732386,-0.1734854133055561,0.46323189705396917,-0.08233207465224178,-0.900765113417254,-0.28668834494481704,0.7088026342049887,0.04925539321009582,0.13451227267400515,0.009898473171951081,-1.3801641586059872,-3.198094715403124,-0.16305648897601657,-0.010995766650906267,0.3356271663410735
0.0,0.0,0.06871613761724195,-0.10504482090232757,-0.1175739563360558,-0.08356032884061443,-0.016481336237573568,0.5578929944055016,0.08597072044718972,-0.0002899725714340896,-0.048271514944359085,0.043757981040655584,0.18438808116417246,-0.03672322684819822,0.013726540555711451,-0.4939280660980148,0.24051518703409858,0.02854903965185055,-0.13999767121319298,0.13669618088765212,-0.6182180362043066,0.21237436617251407,0.03530933625614502,0.17594375714348973,-0.41044670538954264,1.8032327356985642,0.006952664766037264,0.011339480357391216,0.058744463300594345
0.0,0.009242887438504642,0.05775431843696134,-0.022993173181939035,0.0012562560003182334,-0.18108282491812,0.010854610816501409,-0.19241804768510348,-0.00980365431676206,0.37915419853933874,-0.1855973659274661,0.11757198453136869,0.04907419204983655,-0.005879153687544012,-0.08359694811602193,1.0063669786254315,0.5224508032093478,-0.18455240243250967,-0.14199383001093793,-0.06758906382169791,-0.7234730068955358,-0.0068101451467259,-0.22561386337405834,-0.1993904582910778,-1.8967251007917545,1.7875993684372913,-0.12392501370844425,-0.02022963219693283,0.24686112342957445
-0.012759615400295422,0.0061206921305507235,-0.02003740108160471,-0.00898938544842684,0.11612610266243557,0.024759225565962852,-0.015123726082042866,-0.06642612787891033,-0.00905782478439163,0.020167622160785284,-0.1561688943193993,-0.0103191814558902,0.03777229010312153,-0.10617328689731002,-0.07887033794503341,-0.41077273839670797,0.19975966232566492,0.002625563118664538,-0.24465320024966133,0.6528304635562424,2.3172668158565264,0.12752399868473674,0.32010173857066926,0.34913444132236376,0.39770412929030013,1.3375737388368079,-0.18475814617817204,-0.004757220241445777,0.3919476319763811
0.0,0.0,-0.09103609688662652,0.02359817781291497,0.1633125380419686,0.041623771198757396,-0.01182865281625703,-0.4443326768673041,0.15238485031314908,-0.00896304123449832,-0.08232697915900833,0.26370317658038545,0.292714231122935,-0.043051765498740326,0.014815661014419673,0.6433120351744842,0.4559256255305998,-0.3821543748777152,-0.8356879608422617,0.28136099027230577,1.9798237712351217,0.057862874299739596,0.054108093489141154,0.11551504089163551,-2.0594838844344276,1.896994347319654,0.0249118318291508,-0.009015481214170725,0.44766664723296445
0.0,0.0,0.07744524889301929,0.01394958736432494,-0.0727283171749768,-0.08160094982605962,0.0002822495241742678,0.16476776689533243,0.020004409182814188,0.04643419361174083,0.002333367531750263,0.07093686398340933,-0.12938842176129678,-0.022371146765704997,0.29741184393789605,-0.14926663365615309,-1.6919784150128505,-0.008449760323499214,0.17716525409772216,-0.20661412638246376,-0.06087432369619937,0.0324275787253414,-0.01055864124043181,0.03575284379879107,-0.5322818981459277,1.8121284331662972,-0.021579674411675534,-0.0027740056288662433,-0.07585121339712243
0.0,0.0,-0.0007696941959059161,0.0206624137712945,0.16613296705266395,-0.07779040887358678,0.0346486810644556,1.4273792900611433,0.08921079747637892,-0.01096062154560026,-0.05219960104293195,-0.01781020344169494,-0.771125164726021,-0.0425248521091259,-0.14322203165019556,1.1271472575375165,0.22444845952645293,-0.626436237898419,-0.15325288931733785,-0.7027456270030785,-0.516088172326951,0.06874203162675668,-0.3170530184036991,0.2643016143040771,-0.25442442829178796,0.7148592627525322,-0.017389773340681505,-0.005531035764537849,0.4718135026953261
0.0,0.004110357343033973,0.0074655287480507315,-0.0014665315221343437,-0.00026537443986567044,-0.026417929497313402,-0.006698578349221199,-0.05868291820934285,-0.08146837317818112,-0.00424865027966165,0.11482257657153241,-0.36029898568969415,-0.6383350035566466,-0.02173559100343754,-0.14751440404836635,-0.32391206472500833,-0.030228024161997064,0.16734207504755438,-0.49857197645338047,-0.03987215870874108,-0.8215044360266816,-0.4360038230899317,0.14251308609387145,-0.1347794512561893,-0.4194059477587773,-3.0651377078388005,-0.09402339787593365,0.034006114166386034,0.2674259874677487
-0.011979536850854856,0.006249591123501053,-0.016779371009820417,0.008950338180704296,0.06641094441399926,0.08806036278382255,0.0030912525171896458,0.06438569376698618,-0.18223779185568673,0.02295463811502968,0.25953398297741415,-0.9787006973800425,-0.23469194203456775,-0.12748477625938687,-0.04771972082200082,0.07804622161082109,0.21546113678935527,-0.09639717795483954,-0.6257352771700946,0.435191418077238,-0.947410288131026,0.09828651522904848,0.019532880325950953,0.16339101508779402,0.9132488875258193,1.5443511555419693,-0.2856822403050877,-0.005933795712737634,-0.4843286454058919
-0.019396635921757364,0.010336691150786458,0.07247118255492926,0.0022617923545352556,-0.24153583974465823,-0.032848868963890596,-0.022486117707375207,0.03065210990716457,0.04894412394141858,0.007015654404660921,-0.10845350663731167,0.12896504248251656,0.026669711104977928,-0.10119407349692133,-0.043521472856033055,0.09558577897614641,0.3242758561887326,-0.015374667226187572,0.22350064020038385,0.5038839019376187,-0.36399157252729264,-0.43062334072730196,0.6972730808756351,-0.3107527751736868,-0.20867882101398255,-3.77845812323599,-0.03507631047395227,0.06754980570838384,0.3913434381679446
0.0,0.014632637248540643,0.06879487718535612,-0.005161969272789296,-0.07061305216097952,-0.12003209875474244,-0.004285769974048474,-0.05907488130401149,-0.025949701326425646,0.0017164233411569641,-0.029121540792623284,0.23222780432799361,0.05099058497653048,0.339019289534626,-0.606050793690319,-0.10979145849787297,0.3731321526349119,0.11109500868281806,-0.25560606583535295,-0.10313784929435849,-0.2869787898522328,-0.6836405612205336,-0.31229297498004266,-0.014931374871543822,-0.423648771128781,-2.8102657470087284,-0.23928611378704714,0.05081502325526678,-0.23957364931030703
0.0,-0.003841919161622106,-0.009798279944036146,-0.0022162507996606015,0.03929909910824862,0.29501737366083575,0.015140344390940795,-0.2156866338777234,-0.013645589242273548,0.00929404657548352,0.0038284869777471886,-1.3030628837987335,-0.4868253106026523,-0.02725632632115072,0.1703727900539657,0.22747715449996492,1.1158511982754322,0.0019341965911119643,0.3901810831283149,0.12228183928355166,1.4560445098113435,0.008001476897763657,0.07979489676791986,0.1235369481254964,3.4244971139897764,3.89819871590118,0.09767734234631377,-0.005934346394397733,-0.2838990844515211
0.0,-0.007356055938290333,-0.00791795843753524,-0.0002405311089378192,0.06769711250274366,0.6839210056208996,0.0004345815469942653,0.2648595262851425,-0.029327979352494534,-0.0038461104858603635,-0.05230851268886153,0.18597698053310477,0.14811979021825994,-0.04186651441009195,-0.07360671298248767,0.709101613966756,0.4261171264666992,0.3951076609160295,-0.9582095198598687,-0.03276426448380143,-1.4766405071509872,-0.023972182754082052,0.023313639471994843,-0.004703862277263575,-0.517352734456351,2.428696569810363,0.10373872131059891,-0.011649724640665597,-0.05129274616135246
0.0,0.0,-0.0546156448593091,0.0043631329166847685,0.14948360543991823,0.1373503123651742,-0.013658027139111843,-0.7244918999518735,-0.2578578667117177,-0.006821959970279354,0.20014720536119435,-0.1221486874188599,-0.10138836607621854,-0.021068537117363128,0.021540633865143186,0.3073929959931203,0.31008096355870185,0.2784613024165796,0.5747333676183818,0.689331598278523,-0.6579278758252748,-0.10025667129690567,-0.32517589756428333,-0.07251924001388137,-0.3075950507223649,1.8823941214211195,-0.016916597203998674,0.0641158379629685,0.13398530773445852
0.0,0.01484494021512561,0.006173193971032219,-0.0013482875277862673,0.05491276907537832,-0.15938693146744268,0.03160747394908435,-0.004643938373359085,-0.05304999023651382,0.017429473268810055,-0.026977160245120885,0.21356475005691108,0.11920949740134176,-0.020784362990252606,0.12499435838779374,0.37227995407738607,0.4013786561559463,-0.3048623870657142,0.055233122321961085,0.0451685953316221,1.1788691373168014,0.05811116836612257,0.049362820930488084,0.08613650239993587,-0.453505123192189,-3.1785673201238764,0.11862326798377566,-0.035109481276029315,-0.3208568476797548
0.0,0.0,-0.011198902776934638,0.016963997001265243,0.051424111880185114,-0.07959357049253592,0.06485243067197174,-0.4610593501810471,0.06356173625236126,-0.0040529583484254575,-0.11367718802093038,0.03517337604664794,0.16433025561982587,0.01080148698793424,0.3335689832156385,-0.4609041039974851,-0.7100737104730687,0.05174559112491137,0.02972064325477944,-0.38553894667581146,-1.3790504465141662,0.011480955252384852,-0.027344460515101497,-0.04451730455485374,-0.6139873897287513,1.4057614849113533,-0.022670653514048886,0.010555837052563714,0.4541565699040856
0.0,-0.0030564348497919987,0.012331140069179774,-0.0009034050794352881,0.019620852813150708,0.15103183515140092,-0.0017158869826596362,0.3529976712961999,-0.024308122263664224,0.026520051380862435,-0.04360489999484577,0.03757593307595969,0.07241886768645835,-0.044385219151655594,0.18259678892565875,0.04398803926756886,-1.0883885635387143,0.18676917329698733,-0.3470052884070701,0.44002373108323867,1.1864956359547225,0.08218827932643942,0.22286216544809878,0.6802536201977192,1.268604028795266,-3.409438032786596,-0.23967219810982296,-0.01843627166905626,-0.11876203219871467
0.0,-0.007566146043969078,0.022314427950533906,-0.0016185939309698689,0.097582456687261,0.29123346485674345,-0.011752878022259246,0.13394242546010893,-0.08988694917394112,-0.03144599008105494,-0.09322221108093556,0.027845004308376886,-0.09046461437678889,-0.03988711090211709,0.1126941952958599,0.6766407172642588,0.1629713382521058,0.20015076042683796,-1.0739414965515526,-0.03786423082666848,2.0523388029085314,0.05089479140383331,0.13844953115714553,0.07063168139889768,-0.28003437768921663,1.100888925491399,-0.08606923059865446,-0.007955521173347578,0.26662667936338763
-0.011696944475738763,-0.004314562124548899,-0.02049499627836313,-0.004736676287041612,0.1282290509127101,0.09136835363534039,-0.009779882069048397,-0.27418944371521253,0.036344675627047726,-0.07283833255235972,0.9114621750093546,0.2538758466562213,-0.10320995644129277,0.011708686739339192,-0.06619955510580071,0.10207338377687397,0.7402438307660303,-0.48384491115751316,-0.27069836626258287,-0.08040055334679871,-1.4451882817165942,0.04787285812335279,-0.7839605753341417,0.4694608392830301,-0.7051054141864098,1.3722007501013758,-0.11692697807911495,-0.03656670221795198,-0.579841082359038
-0.011946857001357846,0.009213158317821876,0.007408650366036808,0.0016531015552332749,0.08663319622964252,0.029228316526683052,-0.008454808012664836,0.5924041554765225,-0.029944102548016577,0.003163661305659292,-0.18111752421455546,0.17533790845074143,0.01339489703667005,0.17482710912785776,-0.02382849704185138,0.3594018405361842,-0.8665523872643263,0.34215564971592627,-0.3634257627618516,-0.8731179780420781,-1.2226932771292351,0.0457596560694852,-0.37692059611037476,0.2928349131574714,-0.6987639270485043,1.238128299143257,-0.11029350975295228,-0.0175168933857399,0.18440648853665717
-0.02330065514183535,0.0016255003847475726,0.03893263210972162,0.0036702932607945928,0.1490892468730403,0.05560059267142879,-0.04830680877795444,-0.15039492447042374,0.22088389357637603,0.028305826499712115,0.798643412670409,-0.43158991031501576,-0.056872672378724294,0.05832132784414937,-0.06816498058757818,0.021616226395615015,1.0002737798971513,0.18390439077320422,0.30352208780930723,0.05405524523129742,-0.8979407152742624,0.04269868129779187,-0.6946380871674437,0.6355222103297345,-0.17679789612856123,0.012031555025104383,-0.06480611109688984,-0.023582199633309115,0.6005387579909853
0.0,0.0042574027772722236,-0.07476782308159415,-0.0235061205245521,-0.019832429780137543,0.02265679374231306,-0.004412682786557376,0.4768621218387182,0.08414091687021885,0.011424471469411729,-0.18005238682293698,0.392496542917628,0.13608771279132534,-0.038554504064264375,0.15472259432575852,-0.10257591582878038,-1.373285754973753,-0.22204462303789513,-0.18571524822365568,0.7215748216907466,0.7987883013660654,0.2795898581261573,0.01697848753500709,0.7657919607283441,1.6598089856588756,2.599754806501151,-0.09311619351097745,-0.0017482227268267475,-0.7496032564126663
0.0,0.0,0.040724986744341024,0.0011261417403042016,-0.1079012908065654,-0.049149649873092956,-0.004971158681799237,0.28732310701303854,0.039548688725164455,-0.056785927251421495,-0.08742575831556465,0.1349763722700648,0.22828525950042647,-0.04613188982769645,0.2239230579411356,0.1009594426572321,-1.2516483779250598,0.5909793675630657,0.04721021337830452,-0.24755255952388447,0.17287735498967727,-0.200623248194704,0.4508755791186858,-0.1747101367774497,-0.32040272511382945,-2.922282502969175,-0.018510889711852118,0.02943815604099483,0.4147583967802111
0.0,0.0,0.056606581810847566,0.011003323157220635,0.029280386096296497,-0.05346982864306309,0.013774791168498246,0.14717654589077503,-0.10801776637850442,-0.00868520717041229,-0.022730546873066332,-0.013560304964283391,0.13408434671278008,0.005244652460071557,-0.05392157787996668,-0.13621289544472634,-0.3893931945809499,0.12980532856377394,-0.053780200639157755,0.6095953592477193,-0.4847479944504533,-0.0853443665632927,-0.16265789474947295,-0.4061556013405447,-1.6907678945492974,-2.921063996670203,0.10614870345218985,-0.011320073720689085,-0.40466427585463116
-0.02310294913777432,0.011243040384649898,0.03503463027361872,0.011690158478270318,-0.0903094785336987,-0.014763704213255315,-0.027283200773499956,-0.011867732747559537,0.06390190141850563,0.01650009295179629,-0.11664309257660423,0.1269756932137717,0.02264328322069967,-0.11710970200281758,0.09985103409179255,0.020819742655749686,-1.2335478031613505,0.6497714000521561,0.16636355208359274,0.2245970143807995,2.0191329478601663,-0.0018854835736231523,0.1107485510731343,-0.04923120466122728,-0.30323760921612136,-3.7153302590386708,-0.07462446768411873,0.0006558275412421888,0.6093414079548783
0.0,0.0,-0.012405819353882533,-0.03377850201453604,0.1667912884494571,0.1068418421563489,-0.023011424857326816,-0.15947103996724543,0.14334812892156257,-0.00499765053801691,-0.024883193313684975,0.05182141914173688,0.13509735150167212,0.10834126982021369,-0.1709182830636391,-0.39686059183654687,0.5345879153249398,-0.4123862495644843,-0.19827493563651907,0.24737243762655098,2.5785617884206276,0.04944241355637968,-0.23311073739813112,0.673843841779567,0.9373365490960909,1.8920309950659349,-0.018227468539693384,-0.022611467474893593,0.16099966005470864
0.0,0.01628035084080905,-0.0010799773995466126,-0.005191995740210187,0.03447086389871383,0.1728435015701761,-0.005110434013380939,-0.4302505044186905,0.2433716155995555,-0.18107019609641073,-0.045582007780252703,-0.8114124651551271,-0.40331508449176734,0.2832728528208287,0.08399704479178022,0.5024934573964577,-1.7226078982613038,0.10872065133242048,-0.5673807417895302,0.14156736448103244,2.3628576867175144,-0.007621291443209436,-0.015843288561889313,0.08355224596255267,-0.3080604813385484,1.950228387691135,0.06899632220313522,-0.027703270329242805,-0.005299344375974322
0.0,0.009242887438504642,0.039757496653154076,-0.02617785271599464,-0.007923887748303354,0.05129043570076589,-0.006099234237920873,-0.009749919892987222,-0.07460434629280802,-0.03424572248261535,-0.014672342163963419,0.0993464713444274,0.03746611832910843,-0.03834382670884845,-0.2636979848669123,-0.1376887090015051,0.2681201989009951,0.10574341003393299,0.21448133105048034,-0.228257543424089,-0.14859657895685377,-0.026566267780358258,-0.11160896555793329,0.2631961457718095,-1.1194978155916036,-3.24244328632627,0.6209387579592075,-0.00575409204260543,-0.5476616685045448
0.0,0.019524506874119434,0.049947934432614034,-0.020322675005338874,-0.0032536208508293554,-0.07132571856366282,0.016952948169596836,0.7007570405441466,0.018304716758875163,-0.026458504009964454,0.0070712535587223865,0.17944744452808845,0.07307277957415811,-0.025772883081911842,0.5008968044015152,0.5728695382988163,0.4173875268910931,0.16716900394847548,1.1992596893156384,-0.03215777352715241,0.30589658454436064,-0.023288856880840453,0.6951659756612395,0.3800526240878381,-1.2078724163930532,1.4535235266656001,-0.1043096202393494,0.07684394124703287,0.3286242923508535
0.0,-0.004156074295869222,0.01954991621355685,0.0006614027916182984,-0.04615296949014697,-0.13725580792862935,-0.008838299165061644,0.06287203884430173,-0.08696072918250715,-0.00167396182966646,0.2834041834765157,0.22001493435828023,0.09273671314379059,-0.06581022178420978,0.08082684919173036,0.11666100357537387,0.002067217056192337,-0.3831471804738116,-0.4885573919600251,0.5748404165646687,0.9472516886653181,0.026322789584492717,-0.01312070678770088,0.10829368184718936,-1.4404783685270435,-3.182046337936594,-0.16940344283655628,0.0008711386447349057,-0.2766314545459044
0.0,-0.014137149344361721,0.06254868130691511,-0.02179155247868848,-0.0695733161444251,-0.18307361849006093,0.00550238596201298,-0.28471184817838147,-0.024962646060971497,0.004766054251993697,-0.06890672624298606,0.08990547223293807,0.14629997754969043,-0.05018843959379609,0.10126656493483556,-0.49560379481494704,0.4614872790352981,0.07405983645620733,-0.8629911236578666,-0.03852448691372737,-1.3344940618802947,-0.06064912953814042,-0.3112628945299673,-0.05082173769783023,-0.6207743274298894,-3.029443368702445,0.11970501187467193,-0.010946981368519654,0.45151976205149047
-0.01944967591739163,0.007083986085895559,0.012403981524584813,0.0027515011382342894,0.03364911485659534,0.024489563763374175,-0.0074198146702983605,-0.1296374876082857,-0.01741600793819896,0.0006461990273150302,-0.0797502160886776,0.04906461152333816,-0.02732985208863417,-0.014601076421466736,0.19843691665199129,-0.06945200091308838,-0.6836820399590432,-0.7285851382835901,0.08204502395530812,0.0047821089993684545,-0.7311872870395565,-0.10123767189652486,-0.16942587307890553,-0.23998146511938387,-0.07795395406337777,-2.9362763015990816,-0.2097414800871576,-0.00805498309188643,0.1363645101938191
0.0,0.01902818628495573,0.020541746809836024,0.03615140902293909,0.0025385254799718477,-0.012794083499060622,0.015490509094792822,0.5007511057169763,0.05322450878465114,0.00958817328241413,0.08777187210218296,-1.406454982215559,-0.2000323696828655,-0.03633941929369911,0.14661904519779884,0.42290152617752297,0.13150750188190014,0.07841615231042309,-0.3131033923621765,0.2346529121985551,0.2726830882229467,0.2573368397612411,-0.03841125600571074,0.8234467978467909,2.1073983900499216,2.4197178513147337,-0.09926245384877927,-0.0010947403176010603,-0.9871068894379038
-0.00924833322158307,0.010790545318264105,-0.006717732868452986,-0.0031073891246797525,-0.22770958635588917,-0.025625078035557126,-0.006299709537387571,0.012200471199708782,-0.03203627687712317,-0.007980167389316204,-0.23265536243982196,0.0697687563884478,0.020737668776169376,0.06859920213914596,-0.06018811095604548,-0.06856581466960217,0.6420005813208085,-0.4933201333709723,0.8938090562203682,-0.0008223978450450524,3.1993189885305275,-0.07959645994872974,0.47483943409965,-0.18202929983327906,-0.486763333013864,1.9353043502854987,-0.12560639172217503,0.014844883090374541,-0.7353443894253219
0.0,0.0,-0.017159301338627156,0.012280855574669347,0.03126154861368475,-0.057858904279195225,0.019777664078887133,0.31665673067908384,0.052163797035201485,-0.029397280291311542,0.00430640979198921,-0.13986862328151242,-0.5082677167279486,0.022209356591410018,-0.12453306296014025,-0.06122057157139838,-0.7962989255351175,0.6056875483288846,-0.451784421804523,-0.2698421306111352,-0.219217155879236,-0.07391086366053796,-0.0024908034174286556,-0.2895848485467048,-0.7892647116919217,1.5398236823439957,-0.028303825823009016,-0.00653036403429566,-0.4740660010702389
-0.021924554064712835,-0.06856414973400685,-0.025638138109669337,0.003425209265135992,0.06568482267122217,-0.013944645425852734,0.03967655341130228,0.013246716679019162,-0.05247828816717674,0.024533410289282513,-0.10669520209265776,0.1382182872330604,0.029228772980992163,-0.08824336029112356,-0.04676733338888857,0.3388613829882971,0.17027876106580153,0.07940261581018004,0.943048366765903,0.012886834937952323,1.493080834112005,-0.00570498798602629,0.03169368878125642,-0.19615482851884447,0.025670027599363685,-4.195100950570184,-0.029832090708022913,-0.0037791917451933765,0.6375008819999004
0.0,-0.0017490934097002375,0.022390705319349904,0.05211718427780643,0.019310081550883453,-0.05461884105410115,0.026063423578781268,0.3111006085419086,0.03489953388329967,0.0147145012810288,-0.017958594897877107,-0.03602723262481263,0.03791363717765934,0.0024295056884402547,-0.19042974268206586,-0.43356259809832803,-0.054028750325737084,0.3932116068926612,0.8306709650189555,0.04780363111380996,-0.8500029851551644,0.12493507868362057,-0.22692484712003463,0.6010358064007636,-0.42042953582197845,-3.2144717467472628,0.7162849870616662,-0.007056222256090693,0.307044509152046
0.0,-0.027434104798513565,-0.06184157678083513,-0.005191995740210187,0.021905052904392912,-0.16363493043466434,0.006089228556169457,-0.03336508343287835,0.01820311718879777,0.005612311618490515,-0.11409247623701387,-0.4593874975775118,0.1662154235343766,-0.06957324718912997,0.09379249666542283,0.05246458088196387,-0.5456854760536911,0.041294457286625265,0.9725808402638326,-0.05112969998604556,-0.7678155100147073,-0.12011871370206088,-0.12195654172149377,-0.15616542487912494,-0.8264617928982296,1.9486470259659858,-0.20802113989710022,-0.014312479582856637,-0.5011965310768699
0.0,-0.006048528170333388,0.01709379343079252,-0.005749017918207573,0.062155346961445056,0.2710448498317621,-0.03017922186605833,0.18090948435666024,0.07759245422406076,-0.08614658556966784,-0.03466665590220687,0.14498112904051094,-0.2718964329317096,0.014065025602001199,0.06254787597409035,0.00656240374232684,0.39142947736526457,0.4374857704856621,0.19660200102344247,-0.29038770996326,-0.3667114078267939,-0.016368258228457683,0.1478930543194652,-0.019524490259505225,0.3185601566795793,-3.4021874265503644,0.09072225798513005,0.06689125001479314,0.48645754017273324
0.0,-0.010176366990810386,-0.006756179692266879,-0.008997895782978244,0.0012703415340101056,-0.03446096789811963,-0.009629747336995367,0.019793527040645895,0.09215714072020269,0.019210954137264445,-0.24317786562192892,0.5366043377430455,0.1343943816743099,0.15764918508480763,0.2991964508778068,0.11668188942114269,0.5862452999896983,0.30023447606649817,0.1178846474724306,-0.18503224425781573,-1.1157076723673973,-0.22090791056397424,1.57783318507792,-0.029386757906360687,-0.8909298894706326,2.14476037864963,-0.06967592075787969,0.11285350970874772,0.1810753752774982
0.0,-0.00467327966801204,-0.05806592154178949,0.001057215379478643,-0.1713098803626983,-0.15380203178521473,-0.018484990159894077,-0.017466454614850437,-0.1402131338367715,0.15721818029301324,0.17778198192530834,0.26074013242046984,0.1756185592885081,0.01589730067952917,-0.0042506985477725155,-0.0555258854311803,0.3156079247896907,0.20357761331732666,0.002513539140138987,-0.040255542928950394,2.4115548630240156,0.07833147384115316,0.3972433778299773,0.2691047561827911,-0.2911344257734743,1.128014056182578,-0.11250084092835425,0.010831146226133128,0.30101025897588907
0.0,0.0,-0.0034007455645320614,0.003764658626833208,-0.1433159288916397,-0.047410474063544046,-0.0069587703338817196,0.1568149927288676,-0.15599203047704907,-0.022005241338331365,0.1417704204446939,0.11500679330666767,0.23331180440377108,0.05625486304562989,-0.29193972898070814,-0.08881735096284966,0.36007702327626023,-0.27734269865608197,0.4903961791809476,0.24705791094100982,1.5804091164428522,-0.09998574781072771,-0.47856304857593407,0.008778297628959743,-1.0971356961668022,-3.4636718025059494,0.10473101949849799,0.01921143805239663,-0.3330541303556831
0.0,0.0,0.02848506753560093,-0.03569878295130271,-0.15070452964687198,-0.04297704201988215,-0.02049910564673969,0.14657848882009414,-0.044882055994954664,0.09191454382322825,0.24886524828532522,0.00038380830557526845,0.1473717894812648,0.03738612041323001,-0.20585020040346622,-0.13060512527114043,0.6455003550905909,-0.4376603766215958,0.3092222149174001,0.24724254885383776,-0.7784248776100227,-0.2211729058466941,0.07663100196134139,0.04283723800032125,-0.25898587604665707,-2.890539683107108,0.011127482985526486,-0.006069724698802178,0.17454455812675354
0.0,0.0021937201622493846,0.05771834694839833,0.02779299217798751,0.014349425296259707,0.010948383129095907,-0.006140285816376758,0.07211044364414079,0.0786165777403695,0.012539187803029933,0.03219849132464804,0.2271047187920523,0.09895432592356253,-0.06150464441049179,-0.40246091974191256,0.01581141838124622,0.27544357722873625,-0.4220723799956407,-0.20597709992916133,0.2107472158759084,0.5413654791404653,0.2236521619971239,-0.21943356526472121,-0.41115510300350927,-1.4742832639047005,-3.3866608875147755,0.7044192195946991,-0.01478762225778977,-0.810547645326724
-0.011489345924202253,-0.026033930039041257,-0.036048143052124296,0.003690317660909749,0.1365532520072539,-0.02067159482628462,0.06313438257446297,-0.06857257238848738,0.027826681723048346,0.004447112626536335,-0.2854114560530262,0.18671724177877627,0.018510174592311815,-0.1581321904097362,-0.08678156999377162,-0.09119979227452729,0.6451385507392463,-0.7064554334120777,-0.9999908522803386,-0.024834024999925316,0.3773068091409122,0.06409903411285532,-0.48887742795337485,0.0951633933440231,-0.7668949288314976,2.2225716934261155,-0.11359063227982996,-0.030875129052259746,0.19071730304679244
0.0,0.0,-0.06332397646157835,0.02032167790912883,0.09246099797398502,0.057010498746523176,-0.02846827592356669,-0.21089391274341526,0.0532261441922304,-0.0010611518767997962,-0.05430390782806032,0.2554964866687296,0.06564831905724623,-0.05183996985971407,-0.2081890970624291,-0.3769439050927842,0.03150940734646296,-0.022008166245604758,0.5506080357752233,-0.3683479165085585,-0.608996697650032,0.17708439291337943,-0.16777000901687178,-0.6102870757447543,-0.12266610450562916,-3.21475245598291,-0.020517579435434044,-0.02261570653912502,-0.25996383856961275
0.0,0.019524506874119434,0.07415722756156343,-0.010203211089710857,-0.020811441785426883,0.06299088666819656,-0.0042478734142968625,-0.1723879758761143,0.017045477537159265,0.20713034579989303,0.08409471231542005,0.17869230534998007,0.0895984679920612,-0.10803653340023678,-0.5294603073206768,-0.015435233673018283,-0.5574768854860613,0.11626685161785634,1.0390409834527672,0.18616443616253933,0.224934574872224,-0.021272327912499302,0.4787833229406694,0.2311893765783041,-0.8939563193105345,1.7855690629276615,-0.08805950742005333,-0.06617281217695496,-0.03573990292852338
0.0,-0.0017490934097002375,0.024185694422525394,0.049729834042593325,-0.058282489102218636,-0.05589985587763179,-0.002765497241671981,0.0909963733340358,0.006320844778520751,-0.051404683975983724,-0.013017776507915493,0.5386622428030728,0.07536045865243537,0.08220274238347598,-0.05779460268278552,-0.057904047617293036,0.7351344770646197,-0.4352947113386737,0.08970781270690373,1.0642758005217157,1.1479841516416867,0.0892951210389232,-0.32480873090653267,0.14789539095605858,-0.832642111716684,2.271335139219483,-0.10934779318531547,0.0011200939785224215,-0.4861265080739442
0.0,0.0019801057468304575,0.014102900219002266,-0.028617416316934447,0.005794717644381662,-0.15217924899709756,0.02126827635145535,-0.03800491994286425,-0.0916725361744249,-0.05974072246550786,-0.17916413848967241,0.16929562438849707,0.0281419674621002,-0.0013755874960044894,-0.028421177051775576,-0.20046038872167307,0.5722019266922024,-0.2760057730648158,0.3711416513024604,0.3864482041776671,-0.8505621419222799,0.11160419127217927,-0.45925532225851,-0.19655298313160102,-0.9304708108602363,1.9567120733535606,-0.13785515232211212,-0.023861262847059767,-0.3103745800800548
0.0,0.009242887438504642,0.03167636226097764,-0.014047374835404323,0.019015790852754937,-0.1058393825050211,-0.002395859126902568,0.6479900066996055,-0.006169523577689176,-0.02633040903079061,-0.20273866268517535,-0.0565293694752365,-0.1861341605728473,-0.06544851864338685,-0.5287126003410637,0.1041625655928514,-0.9590650147955544,-0.3049123588771789,-0.04369237843493038,-0.08237023358301582,-0.3297120277122912,0.15309545192174057,-0.12320740654871983,-0.16287440057195862,-1.7101875869175587,1.7950093900654915,-0.09917151848670225,-0.013507811333375879,0.23538254474589917
-0.009498685226340892,0.00715322462323062,-0.007671588220554362,0.0017054057983112352,-0.08322401622004853,-0.01942905503658677,-0.005718949414302331,0.05665084714417094,0.012500585510741707,0.02833223960839126,-0.16438366973727472,0.1440430121824045,-0.012488086172148548,0.046563716339155,-0.014060346162492441,0.23285551050114014,-1.3952120711883074,-0.9531323732594994,-0.22292478581092606,0.09026633682430224,-1.2720889688193286,-0.01910137274485325,0.004504066828332666,-0.1422365350482285,-0.8378918222010997,1.3355555162130948,-0.11097654114687898,-0.018545104893469316,-0.6885229124354806
0.0,0.0025688602149476995,0.06939071771997778,-0.010073730224411673,0.011077842888560221,-0.06262919357770837,-0.008805841123749707,0.07971130811801105,0.1968582616212384,0.020340700725108234,0.09625273272069958,0.3120152966020806,0.11553431429570633,0.018164274117430334,-0.15317732174561982,-0.4226346078208727,0.8645495098994136,-0.25398232395659026,-0.5368030605456223,-0.08107534636530489,-0.8214463341987552,-0.5666660723857329,1.3011719810368965,-0.14674076234046501,0.9943372983311195,1.6174527092174338,-0.09390545038033926,0.08076033567567842,0.2615557837241302
0.0,0.0,-0.08245411594271834,-0.014452399535315021,0.07757916641668862,-0.08069919506998617,0.02201400539328068,0.1240004154368257,0.07839333471836085,-0.008502480409408163,-0.10184052101312514,-0.11013835272705284,0.15044885496348828,0.007197755494101846,-0.1072696583799085,0.12554200833290566,0.3570128161122092,-0.56304355900746,-0.28900961596204383,-0.3196248981304587,-0.8355177275633834,0.1144939639233898,-0.31867122563683126,0.09758928827914973,-0.7141855479879627,-2.71801677360027,-0.004566798914323499,-0.009900038531431662,-0.34577575623350104
-0.025879409126413486,0.0059615886876421146,-0.03113957811480718,-0.03147882967828743,0.08625079524103745,-0.025015681330801735,0.04182501866706802,-0.4210442392403506,0.03275039501665311,0.04905583012296568,-0.20069645287921603,0.08642602076034828,0.006669170688247373,0.026292060126586168,-0.06514938469786954,-0.2567659076809396,0.26391681724757043,-0.20782987708191533,-0.4860278654267659,0.44783532238602536,-0.6644866810585089,0.08128711618143995,-0.014944818428126505,-0.052895070533630524,-0.1644980429239668,-3.0886820371274193,0.585662375424388,-0.019748051244875324,-0.5431979220792494
0.0,-0.01183711859291826,-0.030732224939961618,0.005838190113422658,-0.008344672788475359,-0.022201760539716918,-0.009652370981788175,-0.15116617761360263,0.07029623682864532,0.002750242287693116,0.13431606606515023,-2.768516197742516,-0.6852658531681751,0.4556532781247291,-0.011480227066709104,0.14362590916960324,-0.1427738580464195,0.33964291937717195,0.03668694791524172,-0.09327508589883582,0.5148933842956641,-0.2935715363463975,0.7228320996218526,-0.14610134260913824,-0.43370734836746183,1.8465112224497842,-0.07857604368541926,0.021290795844745358,0.3464529033469234
0.0,0.0,-0.027834158146136247,0.0020574607092871053,-0.048393500990620064,-0.014202422089629498,-0.014829173992420668,0.053083336201006276,0.24018475088472344,-0.03636654317094805,-0.06911812053794272,0.1327630474507996,0.2374113191852046,-0.059731078007879954,0.10162544376998349,0.12712464043823865,0.17950895203245149,0.21480046167719757,0.37807718382397026,-0.26505656575628433,-0.29854958474046767,-0.09955797826736718,0.06398411408456148,0.009600961419315355,-1.043667410573141,-3.4756211980782243,0.11594668610289888,0.08462110351406874,0.41906458418581394
0.0,0.00636299080432239,0.09119269965242031,-0.01657784305094981,-0.004398243472616207,0.037418144003630714,-0.026420536004294372,0.06621679287429444,0.027003527938338094,0.010545178553027505,-0.10224934564315169,0.3885656926290421,0.13297616219398758,0.007979550052589764,-0.18694534897465137,-0.6496857708105668,0.21550689537419704,-0.33673389049587615,0.015782751111807176,0.5489076167125432,-1.5919729859382354,0.23573997503362046,-0.08810642171115321,-0.30628681440885813,-0.5294757292097796,1.380549023676246,-0.09227440282071278,0.0009345989278005304,0.31531096831224703
0.0,0.008149981371894544,0.155268726231916,0.11484629019432838,0.08725345267453975,-0.06971210836185313,-0.018038722262211964,-0.4823415771634718,-0.035125125504339445,0.0215034606592153,0.0011349416910541557,0.2008065001672202,0.14657026234794016,0.011743245107819242,-0.08671308430440869,-0.23147871667548522,-0.006897557190142158,0.13960354281750129,-0.018709861319295713,0.24784070322623764,1.8789474255792977,0.25011097380223485,-0.22448015248542502,-1.129100388918659,-0.6335996416452784,1.7412184119508016,-0.11978514209760747,0.0035069119869988773,0.5831826942761686
0.0,-0.060674466755117194,-0.10135193537054725,0.03731933036086526,0.0037341182252593344,0.022718261568973032,-0.012664316986542223,0.8191177653847586,0.07851052238436042,0.11866327166922667,-0.26879798311820147,0.29245451149583723,0.10215175280092909,-0.07738638407772028,0.24490870863603162,0.4070958399929433,0.36855670045737127,0.21743483975511355,-0.07471676459811763,0.14531255474481128,-0.3938089235726665,0.41314821381823835,0.045170834537304215,0.21019700497952634,-0.3813717780129014,2.7723717605128138,-0.1048875058844348,0.02162088129628198,0.48743074704473377
0.0,-0.00813054485886815,0.00012138189146253253,-0.0013482875277862673,-0.08938151448617257,-0.09197995842655118,-0.012660045302983532,0.0928374247083347,0.029253864461735366,0.004553162104851859,-0.012848624667902608,0.20389431546528908,0.07224393877990419,-0.051852675421835935,0.026032060524964505,0.16211132939573236,-0.0868198110426618,-0.035328966668935494,0.39736027421571124,-0.2091259743137379,-0.23628045767491562,-0.7334083029195622,0.23028347652033718,-0.029573385681092832,0.24762766298230424,-3.1045292793446713,0.11888835199130281,0.057245161986165506,0.23877376926466604
0.0,0.0,0.005013907084074154,0.02020363078543352,0.040468580456906975,-0.0468040532921307,0.03928043707714354,-0.11704919509719543,0.16269738361642894,-0.009645421012422394,-0.07094208229888532,-0.08459050341620183,-0.18321465681535637,-0.059063105939461846,0.0701054238495055,0.4615665894186383,0.18813965897626728,0.4262027763996167,0.26092550227222955,0.08652207840041272,-0.20821689699679638,-0.03844235946837843,0.009943492873822249,-0.03905640599476832,-0.16926324094356168,-3.524725361890667,0.010135362982971319,0.012399211545347401,0.3662837650962636
0.0,0.004884782606307934,-0.050121986515710044,-0.027120167893900562,-0.0634913485068213,0.031327152656088764,-0.01012884464622275,-0.20354052072815756,0.051655901314239555,0.02156356887861704,0.06554921786668633,-0.20460994001675648,-0.16709092168721168,0.022751515117623605,-0.4219711758723707,-0.3725514982994676,0.08503521936092008,-0.39797648145151887,0.5530340012527071,-0.01677886968646184,2.5122905994247704,0.2514776094773338,-0.21647519590719944,-0.876562482189793,-0.613357712600268,2.504704994398908,-0.12804472211417015,-0.0014448102759588815,0.2640526750268979
0.0,0.005610722875708472,0.01655965628055526,0.011313023610578852,0.024516623831551378,0.06123885148626354,-0.018275107588830494,-0.17555408122825564,0.0021492946871631436,0.13274862581932884,0.06447021944003088,0.2124386674220729,0.08297947493947573,-0.10775955150239766,0.10088615192656986,-0.7577901845791546,-0.8016248563382921,0.06694440959421967,-0.030364858608697455,0.08065992855665687,-0.3179065273494831,-0.08997209947577228,-0.15288324435421372,-0.2845699012885022,-0.45294256546953887,1.0809406773638686,-0.11009363180418162,0.0022165519401458485,0.7459195320875632
0.0,0.0,-0.09330798418188366,0.007517907370032887,0.1163435867159839,-0.09190419843317758,0.048903342535087005,0.9158935944878376,0.1312370937063941,-0.04343799885036845,0.009094046254798075,-0.011667698881488673,-0.5693453982262885,-0.029895511587058977,0.07686696001064139,0.42329145612255326,0.29517790053876386,0.6233096835548413,0.3068831829524271,0.7662569559901532,-1.1966745920112254,0.015270031709998447,0.02463803514050655,-0.19598084894575618,-0.651582755150224,1.5379053209769036,-0.020436534151468868,-0.0007255433858972887,-0.42648004880022333
0.0,0.004192500577276742,0.014372016841638217,0.027560252232084616,0.02810848988509885,-0.015249390122366946,-0.006203400762239655,-0.0062318713803567825,-0.05637562867157676,-0.011363881316468965,-0.20443414145806213,-0.06734287571412981,0.04226961693422501,-0.07894514735772828,-0.37737962029833394,-0.11581775431398782,0.48878808294811193,-0.17451136761122593,0.04814029286445335,-0.25518741586067245,-0.4712730366156059,-0.22743731122573613,0.2796424501491168,-0.29092167744259345,-0.6524393016778113,-2.825321625638387,-0.12547333412937975,-0.0113829268195809,-0.5731440009557099
0.0,-0.003381791459162343,-0.016987437651622042,0.001057215379478643,0.05259678570247181,0.13771932075772078,-0.011140016371910552,0.15317646465456194,-0.05203321780127802,-0.008782481243699777,-0.06749478839400222,0.21859744251422658,-0.1278779059576731,0.006403102887144977,-0.3089969785772828,-0.3956418362033094,-0.019552901105901403,-0.3889000584725442,-0.7813460465501466,0.12277844756180659,0.9421567107401335,0.011351013087429697,0.19035359462055013,0.2556772583620535,1.3766146828699455,-3.8664514379474495,0.11515507218183467,-0.005928910452970034,0.44508521365457737
0.0,-0.007183828907111011,-0.040022635903569526,-0.023719632267684816,0.0005791839487580744,-0.09895781793460118,0.0028526887330563543,-0.07318971169764757,0.022247728858443262,0.011232854549658859,-0.039616939482773804,0.15617782981772602,0.08835089526100637,0.10018669100695124,0.13975782334641154,-0.22966570961452928,-0.8556926080403126,0.30414481334731325,0.9370881700269684,-0.4772598256818042,-0.10944732055624418,0.1095431185512004,-0.38038664173942494,-0.3848214973644331,-1.0194773023666928,1.443624155621532,0.10558281860162066,-0.04210520626996901,-0.4917332968819141
0.0,-0.017246647738805493,-0.0806353280711475,-0.015205382571611052,-0.01340247675565586,-0.07491977539301485,0.008877460035753607,-0.18491554855918765,0.013064375468853646,-0.029005810699257943,-0.16181052587177405,-0.10827866276361976,0.0549812063158171,-0.03538135589396835,0.017904806851180934,0.4201255113788115,-0.445833496338705,-0.10473382155462803,-0.609824126392682,0.07080998122230092,-0.5016494414613787,-0.08456129355203999,2.445081856419084,-0.04273913265582715,-1.135287584867269,-2.8676182049010905,0.7099548162673317,0.08466935990542376,-0.27837046269024107
-0.00966155581728008,0.010918903089598638,-0.005194306491541863,0.002220233699515064,-0.19887189171316574,-0.015948012880484416,0.006873174464172388,0.11125782865888541,-0.21670199471949947,-0.004283743378715293,0.167325027893597,0.20710558355178918,0.03430630130490504,-0.11210123871954983,-0.06197193193381925,0.09548510396838998,0.6196188985554928,-0.08275582006777431,0.9737635419675466,0.48155361893354576,-1.2835139313482788,-0.007562594893732723,-0.038072120184782926,-0.5008450232007362,-1.1492916764361478,1.8273809669143226,-0.07523624907016373,-0.027179724898072667,-0.06332897230498807
0.0,0.0,0.07646749128955425,-0.012499718225935234,-0.12193693355324682,-0.03778373573308589,-0.010736868531959848,0.24406857964604994,0.06783198577456943,-0.016086965986419382,-0.07623271391654393,0.18617675683214643,0.24177719769633588,0.06025670778977171,0.0336466616725212,0.1103347479617734,0.233300805592661,0.34322427360694274,0.22135728220827855,0.2875800793011918,-0.39675342277153064,-0.08108523708271449,-0.057901816829562656,-0.21026081185556802,-1.3182001138490518,-3.3131685152447785,0.09926848129464344,-0.009066031894971021,0.49785346178568307
-0.024158964863116496,-0.013372143664145596,-0.003031530676870471,0.010885566744670087,0.0669606104719353,-0.022631657150719825,0.033836093182961886,-0.11322330292083826,0.09843328422294725,0.05596373306205384,-0.11321599524616484,0.24547287666045153,-0.13558312554825477,0.14643833393241315,-0.020236443771081004,-0.05753168437113495,-0.6320691423810737,0.46785057974543115,0.66373372186784,0.3108805350620051,0.14219360378488163,0.08466473664841476,-0.17104368177879092,-0.1022066055711658,-0.8426988329753746,-3.162947343550917,-0.20272386413615262,-0.01670797275469838,-0.5691476465378242
0.0,0.003922440994893046,0.058919855148113126,-0.02067650235405456,-0.0019989816840704795,0.06963901589858897,0.06729990715710013,0.04548927440376842,-0.0660077913857918,0.022646115610051937,-0.017975203401157627,0.44620995595840623,0.1341603375323684,-0.0029547408856392624,0.16069777342184888,-0.4351510945477764,-0.1472897947800482,0.16310792732853927,-0.04252054580117539,-0.381217413539418,-1.4438658428062443,0.16950733105425334,-0.26283493776560113,-0.5051466694197179,-0.5454816376845427,1.466972153451301,-0.10486230488878608,0.008066128000321863,0.3220832651702099
0.0,0.0034495246357990044,-0.0036947115834970075,0.026251530988010554,0.0013507326977575543,0.02607605334048423,-0.01674180194440303,0.10128186169402248,-0.14315086014539558,0.12381958078386927,-0.18281009428852146,0.35953293471279985,0.11039420052901715,-0.11080236709688326,-0.24953725853446287,0.24498182887756376,-0.12663680482161255,0.01583125390606134,-0.4277465435610998,-0.41672315876225496,-0.8021939775156276,-0.5209156667745023,-0.35437974989964477,-0.24245705115670266,0.8371155903351074,2.383607389128364,-0.0979967906432779,0.004061286653331201,0.19682113284377245
0.0,0.019524506874119434,0.07443510058997826,-0.01378026394376136,0.005995755611320936,0.22671254323976378,-0.005446020072580513,-0.2680518039091954,-0.03791948161535151,-0.07151096566508805,0.2013382490698212,-0.3098894385404828,0.10228518747953025,0.01253232578953184,0.030059443250404647,0.3172944250253015,-0.15991998256345707,-0.13141263688752347,-0.6367178559644913,0.19661563464411216,-0.10359369756455843,-0.15919576429103918,-0.30006433067942223,-0.042393235021592764,-1.6237978692245738,0.48870743226600455,-0.14601246169227372,0.045703374480937836,0.3705796562956126
0.0,0.0,0.032948676226178704,0.034897542198538335,0.05285090549223287,-0.059571636208750244,0.048201842040727014,-0.03623253292833058,0.03711299957964371,-0.011494871638613563,-0.05797787694901666,-0.32391918593380437,-0.39020243527052084,-0.03229770218196128,0.0762989430831236,-0.23791217085529723,0.38214491515930626,0.03227975065012908,0.551344599219045,0.11634813770473276,1.965375591428353,0.1518699639411665,0.10873039248227045,-0.35203511977997953,-0.5882407833078922,2.456530522324376,0.13598709852168353,0.028634008945836897,-0.07162103051319978
0.0,0.03129832602504656,-0.020717809123633933,-0.0013482875277862673,0.035361148334194285,0.14938594611746384,-0.025504513430962595,-0.13289832747009306,0.15705962115578767,-0.23034072363440514,-0.03190669129558963,0.28888951156223325,0.12543792078638924,-0.08960950371499117,0.0012176377439942834,-0.2373711854391542,0.08936612963415679,0.4301061550504546,-0.23496236336486706,0.11496029668888301,-0.5192709378234613,0.0006886738956579501,0.4080430668305537,-0.16607206013549788,-0.414929182391471,0.6853512544199561,-0.19825664808610854,0.12293100679254602,0.34340924101399567
0.0,-0.00729973181545531,-0.04173413923989743,-0.004827096438399003,0.00030299020771131977,0.1819563501687248,-0.024601262169033203,0.23349086051027468,0.1085691834033884,-0.019580522068454228,-0.012947370301944509,0.29915574067669226,0.0753432451556205,0.028920811795124374,-0.6333767371969881,0.5965980202848519,-0.8049751904709959,0.16657076656553627,0.31070215649845584,-8.746718757448126e-05,-0.61835637981456,-0.045251280435199125,-0.19173747756834825,-0.004905628094873573,-0.6366437342011934,1.7096407724270952,0.12631956685353268,-0.01836866107596707,-0.1644438516463456
0.0,-0.03309077266924465,-0.009767632370125201,0.005297007528264927,-0.11548696518370884,-0.10616702118385174,-0.0162111820772924,0.3552470966405214,0.23745026233668998,-0.32646017831710694,-0.04403639289381045,0.13166591992641646,0.12598336735718882,-0.09529989947876337,0.08242434042554184,0.3314777758786609,-0.38237859192485985,-0.3642935951047496,0.37659197224064755,0.007781883733384963,-0.1999942438045229,-0.028944169673695785,-0.19885640331533266,-0.18334626472055476,-0.511062403034531,0.27987499550161477,0.12836032238606288,-0.016325230019674494,0.7122760622546498
0.0,-0.008164550570679094,-0.02440634195094162,-0.03651660625410678,0.009463303714618173,-0.0825520790634683,0.03273264387134071,0.15798800748777145,0.02793382346675935,-0.029054641133754368,-0.07647527017918057,-0.16838575449991153,0.09360123263593768,0.006454549544560883,-0.05596741057292139,-0.10672910719573306,0.24064166946154059,-0.2474879702666215,0.39198894942056745,-0.036568377672845626,0.09942879887592164,0.15794152319936447,-0.006910853181400086,-0.19126372898351335,-0.6053117481682208,-3.426876625244893,0.7466730902991533,-0.0013481483313849988,0.10421401424505443
0.0,-0.0017490934097002375,0.0044918827671342485,0.02186620915909543,0.037714437425587374,-0.059254035563377605,-0.010288822894142562,-0.21757198089354846,-0.13364520514262493,-0.017098949417307222,0.03154955241840033,0.09215121129672117,0.044748531831361384,0.07006991585391276,0.0007415797021037142,-0.2726480666908056,0.3683262676097229,0.5195102888476416,-0.48578080180042427,-0.1505623474899581,0.2847720883624103,-0.07385887691894392,-0.3903809881947938,0.33419569109547187,-0.603999388701474,1.71747861735141,-0.10373147558694915,-0.006532574241857854,-0.2335065692173104
0.0,-0.0017490934097002375,-0.011747898917378694,-0.03394070257816077,-0.019977079019891646,0.06522931623715918,-0.005645151233679597,-0.2526469426443418,-0.1316170179448015,-0.07481075227173398,0.0025757898831638027,0.06614132941845932,0.06217921499982004,0.022351240014994115,-0.027837964913345295,0.0013850035266658916,0.09440636525391072,-0.08336152945430439,0.970895613579066,-0.15595856976533143,0.05024816168747153,0.10979228853317188,0.0069705045636473915,-0.44402037851242027,0.30202766610973647,-3.299609270237543,-0.10311950272978812,-0.0030621407368190017,0.3714134342289743
0.0,0.0,0.049286443953679204,-0.03715609237549072,0.04930323636553083,0.05349013373691777,-0.019774380178591927,0.09159776942941396,0.060129400796248664,-0.009498566933186061,-0.021334304066581274,-0.13787181084322353,0.07026060790442687,0.045585686093481084,-0.22245523050632787,-0.4376202999640828,0.013358880589146043,-0.05916509173869196,-0.5789862373981383,0.2464989955744928,-0.10270916998781562,0.16117961793258404,-0.0348868208214161,-0.5833953866386579,2.0228802884127144,-3.217108246726765,0.014520153482765185,-0.01191819572574927,-0.1633177435455749
0.0,0.0027624227617562658,0.025051407775193598,0.0022896860100613254,0.003109560207132095,-0.018299410636194932,-0.012311692676060242,0.250244733152991,0.0406679880788462,0.0023277859459508972,0.08305518949784739,-0.2545629992647243,0.0750062667742848,-0.0444547208690783,-0.12280493312239418,-0.393186822237821,-0.1925114531442595,0.1232618974374288,0.20859123639749666,0.495205161940674,-0.411919653653922,-0.017655209962670004,-0.10381218548771055,-0.24645764711307855,-1.339612329612927,-3.071108546008165,0.7148144962412192,-0.039671913038074685,-0.7117480958504179
-0.0092926651491484,0.0008850249976979701,-0.00042541764222719556,0.02246835105528356,0.08556362652194589,0.050599986983843805,0.004142682449726008,-0.3778288810197273,-0.06282235766986374,0.010028084596921975,-0.11295590635333179,0.12143370890565085,0.045398558294870356,-0.06865957012463392,0.021578067446140988,0.06564195249150467,0.6819333602657454,0.4912937633028987,-0.4437528243588691,0.21866679621585644,-0.7646707280841211,0.10565956878187216,0.3877334068035423,0.5779380216355705,2.8904768415009516,5.787146755971605,-0.0473093715785072,-0.012413731183043872,-0.3589192803255838
0.0,0.0,0.030932163008415548,0.007015820137142554,0.019078246305061816,-0.03608765223967384,0.011004529024380899,0.13700539794568492,-0.11327681060126622,0.003301344353895179,-0.046295937892152375,0.03415874419721283,0.17950577640956,-0.04519585687165358,0.019058135600468255,-0.150952575907512,-0.31650173825727734,0.6426763081605437,0.42996937023907106,-0.14858579950257317,-0.6242055166474884,-0.21858363345587029,0.00987266649067266,0.013130129403298323,0.5851451808353669,-3.058924684681881,-0.020350454596668392,0.003966955806347137,-0.13433429514930856
0.0,0.009242887438504642,0.07857410566234534,-0.013336968124634667,-0.0056603594710861686,0.07117236460836945,-0.002609010985797316,-0.16786444320325558,0.01428627285538589,0.02466534566164223,-0.0503982899206751,0.0990884615856815,0.05694641810990173,-0.018942812799166518,-0.4186175509300377,0.6650968372285384,0.15177656703278278,0.21810842123712487,0.12570825160100643,0.19238186518135345,-0.7661570738427975,-0.05914826442053802,-0.19047470101422803,-0.024855107102548415,-1.267249798232184,-2.9314551563320803,0.6523914464558483,-0.005168960840854329,-0.6258667010279895
0.0,0.0,-0.03398755091987152,-0.019183516680658992,-0.12215156480643738,-0.03253181679375144,-0.010734607211057238,0.062369602498909514,0.05375083504239603,-0.0229040349256228,-0.06699983183438701,0.12536345700950305,0.08087515223349188,0.08698174665669403,-0.24385664444990346,-0.04720170534789429,0.16851351103856302,-0.3738518835746472,-0.24444232888591771,-0.28270398751632264,1.0771300914205115,0.11760968558252237,-0.08242754713369867,-0.37026907608725557,-1.1736437930630708,-3.130534343847679,0.12538803651749877,-0.008654187767534377,0.2449563488155513
-0.010585195848727762,0.0029977001933418727,-0.01917457627590418,0.002890762356736058,0.028963416634546373,-0.043372544549188555,-0.007083424651962611,-0.4085962175546235,-0.020030682356970038,-0.004312914150800162,-0.18726196958559585,0.16777113236005115,0.033286443194853736,0.09299724666150788,0.007495875130553718,0.058507421323693354,-2.0523765507662395,-1.0467673828812818,0.7120553104076746,0.18424604119429325,-0.9851606267280845,-0.3572193452754373,0.09978772992528259,-0.21526175347284898,-0.821173124713704,1.3627124516163747,-0.17603245218183738,0.07934011265393555,-0.2354737336263199
0.0,-0.0017490934097002375,-0.014431029425847657,-0.019149629439221,0.018766073463751597,0.1521731754050449,-0.0031843652718132037,0.042367712124329326,0.04027967044583668,-0.035854841523687946,-0.0035948710003471974,0.15259713735192845,0.07965426992352839,-0.005755221558757025,0.05481039063515509,0.40630843074281925,0.3569386871392801,0.05300759363691954,0.24975038578396916,0.6351773693673411,1.6230254672201976,0.10294093895788207,-0.20092104148326953,-0.744415532803313,0.5480436048590481,-3.645007898673473,-0.08938713204615865,-0.002913378179895091,0.3796190558392476
0.0,-0.017246647738805493,0.05921511989014498,0.05159670198253306,-0.0005642631207485978,0.08457015771534362,-0.003601342119319389,0.025196682149916546,0.0420189303354387,-0.02510921723146495,0.004937492159903335,0.1357965833919838,-0.047095666616646256,0.010474820689654805,-0.008934247679576566,-0.04497206864251795,0.2931701129384322,0.15957383131668237,-0.5889861956020592,-0.2056850451025008,-0.8940194769159203,-0.19345247598890755,-0.3755924537272107,-0.2697232910840593,-0.18848377405735464,-2.8164327736569565,-0.10755736887689016,-0.0006975267411547729,0.35781583602253314
0.0,-0.0026728350658643085,0.01969237861555793,0.032239901609815845,-0.013825740123327613,-0.05297063478632029,-0.004515990469769636,0.3147678811026009,-0.11274337094418795,-0.09533460643768302,-0.3135869871738915,0.1466847734994759,0.0672840389759442,-0.002635905696147172,-0.030685614179007472,-0.17521378840876495,0.07474326342807942,-0.14186075695250097,0.017837750527821376,0.01306429102068519,0.1027894435211483,-0.0875569775346685,-0.21410400556675724,-0.04183519583304586,4.518229918593026,5.2342868696258344,-0.09592515863373433,0.049411050072139036,0.2733011745513629
-0.01090645269036634,0.0010812491783780812,-0.020937156649703133,0.010020121465056766,-0.2279548603337622,-0.044198694441900166,-0.002842131242647462,-0.032524140244740145,-0.0016688757464974153,0.010794941386313175,-0.11607062979366985,0.2455225267791886,0.06300401544632032,-0.13555128441786157,-0.06703117161779763,0.034992346419292726,0.40685896869535554,0.1454962075999348,-0.7696506311042645,-0.6828812040588959,-1.060063305341412,-0.030366372155530934,2.4721368130311916,-0.24664532148129786,-0.7217981320976511,1.549758758518763,-0.16277126052546975,0.1473251076745213,-0.44849597201387853
0.0,-0.0017490934097002375,0.02404505807310621,0.028294661585264967,0.033650331967833035,0.06858411918761963,-0.0069201231607044856,0.24191427566330792,-0.15068527634002307,0.053994186483735336,-0.15979853885969925,0.003988978004120673,0.024661113501486576,-0.027484944693001074,0.03148909171766197,-0.1952810780166743,0.22511224932854002,-0.07060947750383605,-0.03519761966049018,0.755472897545219,1.2262965653436688,0.1635827799618266,-0.1227989234970949,0.036578440979444175,2.197264623772399,2.017014300962634,-0.1121838085689813,-0.005038983806366562,-0.5893110525351765
0.0,0.0030537414091186084,-0.016458819081332874,-0.016766098116939788,-0.010664047379256181,-0.034495299199105135,-0.01724757586050306,-0.5545017082645052,0.01001967192517156,-0.14860018046087006,0.14251471077235875,0.1907532934816155,0.0818601165174566,-0.043457637661736936,-0.3094418308126198,-0.037116056650963125,0.003983759776826107,0.11047813601517052,-0.12289670987090154,0.3572210109339748,-0.4167889624724901,-0.47226806997729087,-0.45274063958845917,-0.19025362325847375,-0.4530320667200642,-3.0915457127096087,-0.07010761941089325,-0.01436595660336185,-0.4425116563797688
0.0,0.0,-0.019393346116587384,-0.023168558790068877,0.028834455774791413,-0.02346472320864437,0.05516764580154794,-0.015473034478157299,0.10937655413364722,-0.01655852519413162,-0.037688080848265165,0.056148900159371816,0.28844658051015376,-0.03106041234088141,0.018335745833054962,-0.1423845930031673,0.322679588778964,0.08045775496532752,0.22442213486462687,-0.21326239042216924,3.0898486098067792,-0.04654977841691455,0.08837455838947454,0.08610436303458185,0.0778593740715962,-3.7286181534263076,-0.028173484913361583,-0.02659698501561963,-0.21772414068479948
0.0,-0.0026728350658643085,-0.0094822714391671,-0.014421059004692411,0.0074427724607668624,-0.07419085195551521,-0.004785946278845704,0.0681821874566867,0.0054153363579043596,-0.046062317014643764,-0.04767548183225107,0.19639030778632824,0.07823723922801423,-0.05016315962895885,0.011725324389853395,0.3171181774786011,-1.4649457726903523,0.2061357251038075,-0.9027888766967693,-0.31529396146350563,1.2401963765442283,-0.02108281821840618,2.478859329447545,0.11001971113958714,-0.16679279873313185,-3.149653840190626,-0.08125689394319285,0.04401695517943024,-0.48991109760015583
0.0,-0.0017490934097002375,0.007058539589470681,0.02700513555341613,-0.03816290497733612,-0.07091131192140264,-0.0030087277396268295,0.14371027785730672,-0.003031277339384123,-0.1035430471174096,0.2215334375135178,-0.0029979470820147595,0.03918116184560501,-0.023631835124762683,0.013030113076195678,-0.29599571752842085,0.2781559783318086,0.25239749657420474,-0.9543630877146488,-0.0033948972186714334,1.8718698161135936,0.16802377044137826,-0.13244543720680663,-0.8713667389229499,-0.22919583758079007,1.1398366355454073,-0.0987136504536728,-0.0014626344525903744,0.33336657964545435
0.0,0.004952059421889576,-0.04852365773872728,-0.0213688136214599,-0.013375674546225035,0.046594230520707915,0.017198064827037077,-0.5451312363957092,0.035841745488233774,0.001424875126229226,0.04831093099116998,0.1293683474251382,0.07548123926596656,-0.18266269705925292,-0.3182544056168491,-0.3229234827294083,-0.1712643445998598,-0.1603765519454297,0.03562396402704833,0.3607572221109926,-0.6140469212023383,0.14482951062178578,-0.5708230659823949,-0.6572685094060765,0.591116878308083,-3.9513288419174333,-0.11112237354965339,0.004961298537007684,0.15279889047905193
0.0,0.003025851017959595,0.0217446323429213,-0.033520162487814455,-0.010026387246073971,-0.1116870641414804,0.006814853503471867,-0.4404300953536006,-0.004140174852296215,-0.055792766694782246,-0.05374962555974745,-0.7831496164303671,0.018169813043557772,-0.11066997936847078,-0.34030418669366314,-0.43878042748395485,-0.5203925627190337,-0.0680949993065326,-0.48082945517559483,-0.4241004772937611,-1.11253051227511,-0.10442583912967981,-0.294766716925894,0.028445430048596884,-0.528548210907942,0.22722969551397354,-0.10275094822991014,-0.01993123570312951,0.293584389375997
-0.007549656136627289,0.007944335914759425,-0.005331885830387271,0.0062658957935141125,0.16697373121045192,-0.040728902946713434,0.02522163080352961,0.17469222443860893,0.048871202224097895,-0.005919626014296542,-0.1857899092422796,-0.05120669652820182,0.00036286340055521915,0.04855159832846365,-0.06572828175758279,-0.23552107437052794,0.4491230157395432,-0.018969800808047707,0.8318340014362082,-0.05784232001255629,2.3144954618768026,0.07903324255399782,-0.9692920978612375,-0.32158033268434333,1.470003736528499,2.107484202213312,-0.11492805380949593,-0.027252690119794833,-0.4214157797276021
0.0,-0.014339641626002576,0.03005547204721686,-0.00029491938384015176,-0.08244582446482371,-0.07885308488865801,-0.016706204823745192,-0.1500394390416869,-0.09749547924452409,0.18854329056577238,0.3352174399421878,0.11743553028935674,0.07926167373251725,-0.02667802935824352,-0.38380599978245195,0.04911865504294462,-0.3836806371554519,-0.4083819477533439,0.3703631876079953,-0.28810242243988876,-0.13776845924832212,0.05166563541633573,-0.24710622893935572,0.08192046174780972,-0.41169738088874286,-3.026036758319637,-0.2848593690395053,-0.00819739637301381,0.55276083484082
0.0,-0.0017490934097002375,-0.08567534746129836,-0.02902211363365922,-0.01767062743981818,-0.082299113220503,0.01054480341372159,0.04715009924360867,-0.04984735567448864,-0.016582666308593026,0.34498117212672913,-0.22791567042166488,-0.34022843808745573,0.015538963268605736,0.0026519157057536694,-0.08841971311545377,0.11434159884278342,0.2710513399692198,0.19732233278693787,-0.07406692581353624,-0.13138498720966577,0.13073239924867905,0.19448043958547953,-0.7134517614634563,-0.3120872890418511,-2.7256372442750476,-0.09406866129080177,0.0030741480482121882,-0.6968066014806472
0.0,0.0,0.0774831988547775,0.005082141168146507,0.07689200414558671,0.13813459952645799,-0.017445209391763226,-0.1639204803065962,0.1897869268347287,-0.013982890404801263,-0.048207283364558824,-0.6491092578688523,-0.1602875717425497,0.034042256952000076,0.3690080822536,-0.16896953589705274,0.07179404779279219,0.3493673019814329,-0.43363764846825203,0.2166132772449973,-0.6040356247919029,-0.02642562495126451,0.12132572158897771,-0.36343238605001155,-0.5920206201602186,3.1742636060431813,-0.015618498112691151,-0.001101033415148211,-0.4868325687350109
0.0,0.007392609231318919,-0.03964099957386499,0.008429247926124091,-0.012343957294927212,-0.011075832769542208,-0.022779462144544967,0.6767674523784649,0.03866440616967051,0.011549892096770329,0.01858622734286314,0.1018749702179809,0.08958109433521354,-0.11386572634736708,-0.2940084856685521,-0.0318985768151852,1.1025215922936018,-0.15007045596881394,-0.22401590585515302,0.06853356913000191,-0.6329799941083971,0.2017505654193406,-0.4591241691132086,0.7582355891456147,0.1111302637597977,-3.000185541200668,0.6764800868349047,0.007695820226971766,0.3918905126541678
-0.010603700891518813,0.0013026595019062807,-0.04653412740107872,0.0031069314153607417,-0.10843796118283165,-0.03856489373290103,0.0012892164333538037,0.0038283416007753998,-0.0023930492673308397,-0.04441812042097015,-0.17779808580972212,0.2614157188544296,-0.2914428307188907,0.016848206622263426,0.07909050381436523,0.06226434119349621,0.49960598988974714,-0.8748462821763576,0.4455987959824736,-0.7915419111095737,-0.5654657880100202,-0.029102893558893585,1.744554395514839,-0.27891948046033654,-0.7495479728764104,1.7112784736743725,-0.07316978666962466,0.14241992358888697,-0.4185175464881932
0.0,0.0,0.015521474760841605,0.0020782857038537145,-0.17745448794561103,-0.033411613564508294,-0.015980545746678072,0.17607692221111199,-0.20806743787379633,-0.0702378990093607,-0.031489372114356214,0.1571586149589482,0.23636458843705843,0.00326387233018063,0.028355722989278267,0.22249317660292664,0.2335693368645246,-0.31564001640674866,0.43431732880712615,0.024248133816094405,-0.46288015440403174,-0.018566157259619957,0.07612074889041008,0.005283108749666903,-0.3911477445110574,-3.408560107798356,0.011557949849658921,-0.012727506254813004,0.6180377250652613
0.0,-0.005771919229491163,-0.006996802334580652,0.0077948296927866055,0.0480802795451733,0.19638191614594072,-0.009862809974825675,0.09581559855216921,-0.09408885266057382,0.061201519183800276,-0.08369197015645133,0.11146706716620508,0.08068697018436216,0.002412588254684031,-0.21838807766027166,-0.3531488755001607,0.3326298294703399,0.307539813887277,0.42697983982603643,0.29992301001882365,0.1695861512173322,0.06350749692376811,-0.19102584559355695,0.6149024176603958,1.8058781918707654,-3.992295987975008,0.07059206379528367,-0.008492645789978272,0.3715076059049363
0.0,-0.003942466002577351,0.03763401844194143,0.00190549892095998,0.024493918570352467,0.5610126109839659,0.013025524960599414,-0.07977964122960964,-0.011080379113392342,0.008659885750962567,-0.04740492889764447,0.2068752440359916,0.10496221811142525,0.0016548981940077937,-0.30391853901871224,-0.15189913851046621,0.938107725907088,0.23423099938556666,0.026570851844063118,-0.3856705705239832,-1.800584101795885,-0.021898792392521106,-0.17616565334005127,0.2561529577504891,1.720550546263151,2.1960470806209855,0.1743854639655995,0.0040399824186519995,-0.21741228321975617
0.0,-0.00551548392669774,0.04832483090461843,-0.004006773068251117,0.11714023218107913,0.5243022643777747,-0.006484211199872754,0.04194103203543781,-0.03389353595651904,-0.03049474325120197,-0.024124133303267393,0.2873397094370863,0.06040082135403928,0.06131934356499242,0.019165015871740763,0.19735258268648226,0.4541823361877862,0.07423181563942909,-0.2923170191391044,-0.17110548351958998,1.8840630609051072,0.0006013496260307478,0.36722803962179296,0.09275076275090138,-0.681340142859958,1.7077537891652408,-0.11987682037486459,-0.002983674684768585,-0.6115889166959447
0.0,-0.007047635479063798,0.01948956541646605,-0.0013482875277862673,0.053258103358361904,0.2684979027988409,-0.023492595353258282,0.10010773448138749,-0.016112531793214167,-0.01284768117355902,-0.0440682172540247,0.2054209160138716,0.09211749614953113,-0.03143530977491971,0.016807429467933985,0.1792184960911662,0.24724348486855457,0.3418759098223648,0.13339758884635852,0.046525994530706306,-0.5392372055269015,-0.772501389777612,0.4534939735301792,0.008439395802502535,0.3811736429635934,-3.463557966422018,0.1384702592716076,0.05884654584641318,0.46221672167585376
-0.02167830730825076,-0.03768636894499002,-0.007688604881875127,0.0022948400650329394,0.03554004811270241,-0.01713474702426764,0.05817644327935986,-0.20508871409547685,-0.006280259859469656,-0.001580655334013678,-0.10442541513729385,-1.1759093550202453,0.12715770055714337,0.12737309893926038,0.06186906558331329,0.09928124815352127,0.29266730801791946,0.28664449769515854,-0.5812388798189381,-0.17499607342114468,-0.5775642858273151,-0.1270771388715099,-0.46863039809857715,-0.5364487772910145,-1.1005782858810813,-2.993830760493701,-0.22987811190165672,-0.007019090462948095,-0.5325463717560182
-0.011011964902107213,0.006371555030809922,0.03575278625767827,-0.0035128281182227545,0.036397855263659976,-0.02368295778612569,0.003600851596750833,-0.06424232658225724,0.028964432042278266,0.0017843677003496518,-0.1017839616262819,0.02798036715653559,0.016570758230046136,-0.06295687802844069,0.05225766155201206,-0.09531833656278789,-1.8538297157252401,-0.8925551011830828,-0.26711299910878894,0.03639517264836617,-1.1494815280433843,-0.046665597010353624,0.11845325511053643,0.11461900736736956,-0.23366432527365,3.684925574495842,-0.10400393930158854,-0.012705073411452357,-0.5176172374434022
0.0,0.07075087315119888,0.000306722478660053,-0.004006773068251117,0.03497337563853026,0.15814617916163282,-0.021920770586053625,-0.18674943384033685,0.043167921162706555,-0.012139765972839946,-0.033032293655185195,0.2891726660436576,0.14182922688894858,-0.07443142443760206,0.10362033930206548,0.6091091227705736,-0.2919053891581135,-0.2621431436678888,0.3084468799125502,-0.19815192401809092,-0.7415253665158626,-0.015567248014444476,0.11666180504062405,-0.17397079615416405,-0.5399059392997395,0.5448919365638515,0.09448745246342016,0.11519107580384098,0.37267513219133863
0.0,0.0042850252454196625,-0.03502762951681221,-0.014321770566057879,-0.004829802836042697,-0.0768254363446863,-0.005410532409047413,0.24112082851949848,0.09533128038739397,0.013231625842463323,0.05963210442139483,0.28074706287334694,0.08954218313846381,0.013961028354873437,-0.028390776768232703,-0.12613017870747684,-1.1134558968137442,-0.2241049959086582,-0.2820886481075472,0.029982511098983526,1.1005694903495293,-0.04308224972548289,0.0887742495833681,0.43568727513166716,1.1575656572084523,-3.8656025703342696,-0.09024466738574109,-0.002066974292672896,-0.36676319679413266
0.0,0.052067271867770576,0.047596760647347865,-0.004818732395165215,-0.04004204496539629,-0.21100961438290133,0.006678438003929959,-0.03956294816036127,0.15594548270295475,-0.24857865221586906,0.05623246367279749,0.24201976709346743,0.03928947584586145,0.03326540134541864,-1.042953111416161,-0.5537833690337698,-0.24552683769121939,0.005428443969595931,0.7847580205757478,0.14325368582817077,-0.4571939513265932,-0.03262135050219204,0.8715284806336949,-0.11710155811231569,-1.4338609393134982,1.486388500115028,-0.1161575305239635,0.15928811542993032,-0.6559809888781016
-0.02453900802198217,-0.0024559597078198285,0.003589201363243623,0.004649682787689051,-0.22398967058327862,-0.04961270907446255,-0.018684283929040806,-0.07939301356944686,-0.04228177862056713,0.010760162353193353,-0.21959476190975574,0.3877879878529961,0.08261137610045757,0.009214973025335355,-0.06502992151120024,0.001321078985120393,-0.5498770347276724,0.524188987329685,0.004734573899340642,-0.5949108873100973,-0.3794646559777672,0.009446674489604737,-0.35772429660222405,-0.029401191518984626,-0.9050978248162831,-3.162308752993827,-0.234103304473076,-0.011222969726188513,-0.4524126003072683
0.0,-0.0017490934097002375,0.011774333030247377,-0.017658435210550105,-0.009037574574988248,0.11684294463127282,-0.010288822894142562,-0.538057538729359,-0.07861882450341633,-0.016838851598625634,-0.1717006982620591,0.013540274502739253,0.019052281078407556,0.052136149637801735,-0.010896823878588542,-0.1401316895471575,0.3021347614215334,0.18670848591231123,-0.9003313287314032,-0.13092491110337665,0.3986816591383813,0.1712170656328519,-0.18764436969234788,-0.8959780550062086,1.3847477331227507,1.8037487076037066,-0.027731128898038887,-0.010930489318809024,-0.626959506286513
0.0,0.0,-0.044432859287909576,-0.0026378885763443404,0.07683514668166874,0.0801833723938195,0.009382013459473634,0.1375403694892714,-0.11682906503794839,0.04276558687141028,0.11845907090691238,0.07382019884473531,0.19755194306523527,0.016937861094064862,0.3986547449450522,0.7666359872441975,-1.1625706656442574,0.5361870792512858,-0.1852740187224892,-0.06477174090779192,-0.5267163438043476,0.14374905644013222,-0.5944092737375999,0.6433847361726835,-0.7996654685590396,1.4612957663652384,-0.02161985699899694,-0.011022237545356393,-0.5579748812732854
0.0,-0.04186596335080579,-0.00564694983330597,-0.013366842825418914,-0.0007716853182336607,0.015277281375537594,0.05189012569258508,-0.031572244173286794,0.08059165217893614,0.0005399089815427425,0.12617879443614305,-2.071910002033675,-0.42324268457229247,0.04455565453217381,0.8905265906540704,0.09019261002014813,0.735090492800405,0.23695304822550364,0.055114462262881025,-0.11601671999409711,-1.4960409475700724,0.02504569521512134,0.15067831568397044,-0.15076674817297916,-0.6071096290401815,2.000636673053092,-0.0825673712219669,-0.014634740338204014,0.320352638704222
0.0,-0.0017490934097002375,0.018460263780559306,0.06624038700121909,0.031171835199840237,-0.029778996622803748,-0.0030105683165792896,-0.5985582772283894,0.057728225802402444,-0.009859050508963508,-0.229922750026367,-0.010375842560554302,0.03384182085275974,-0.012639791450277469,-0.0357253471550525,-0.3012732091838815,-0.24161766201611726,0.13283600797056597,-0.42748389633051004,0.2365381879581728,0.14389796825566026,0.1471166244412406,-0.006298717904312147,-0.6263905216470229,0.13429733659495627,-3.145146164706175,-0.09328880977764933,0.0047154638967331665,0.32627952619875905
0.0,0.004217231172519465,-0.03549171298430716,0.0641981751455627,-0.017329703082586502,-0.10004956649709706,-0.007348885838137393,0.3501087316037548,-0.016118909395890682,-0.15785530038603912,0.04641939610405233,0.31875095046216706,0.11634371323494067,-0.12447985782773854,-0.20330891693473996,0.6629718195533425,-0.012383218090989351,0.2937862335462077,-0.033014483261434864,0.8645535468597547,-1.0246383237870627,0.15719083961398153,-0.7749807572161527,-0.5608986575724607,0.8255150727232471,1.2676445023184384,-0.08425563517518739,-0.006869951240819322,0.1091338854472006
0.0,0.008417630438922493,0.11248036527918742,0.013365109385597915,0.06103212287411818,0.011281522737280503,-0.009399472190880023,-0.05859270203051933,-0.046454413272546805,0.09273457184080423,-0.09574518822672823,0.2232814635878384,-0.17191971296950317,0.002142815111330309,-0.1467865988893632,-0.5834834703538122,0.5479025520723991,-0.0684540711566753,-0.14127945936546832,-0.06597546149053278,2.1909704863248507,0.47317124466311117,-0.2931504363774078,0.4274387495177486,-0.6080384433320358,2.7573518960778256,-0.11920828652262813,-0.0016824107913223055,0.06067839167132257
0.0,0.0,-0.03328133466030548,0.006567419698874711,0.02456064884686882,0.08464861204041177,-0.0061085001971484115,-0.15666604413961827,0.013676370804834425,-0.006379696159084446,-0.0595391543019961,-0.18393738698233128,-0.6997646417891669,0.0030990774210460505,0.03750144324895071,-0.06768867359250828,-1.0476557550061976,0.07108969367809902,-0.38146235655041427,-0.354380868702538,0.05716658358347978,0.10800919251112909,0.06763153393465952,-0.3009460574657475,-1.4810041126232665,-2.541568980029204,0.004541174175737901,-0.008458999414923334,-0.09356899530136521
0.0,-0.005598345790029614,0.004240746027250457,-0.004111310587070819,0.0416960511347056,-0.2512017387626836,0.03650535699824485,-0.010649912523238218,0.10993719934242238,-0.2018350235153409,-0.04459232866132538,-0.05900810961097675,-0.20378525837694889,-0.026033137975903092,0.02069503557881083,-0.2828520253145083,-0.039695560736135616,-0.13751122880079347,-0.30625220456092755,-0.39590871366120506,-1.2205717454927674,-0.514317623991663,-0.14680650378391163,-0.027345661345640676,-0.2250112897908475,-2.8307550677919173,0.11611166878926134,0.05348449972175282,0.43936627798112926
0.0,-0.0047787219094163015,-0.028699415044394723,-0.011760224145844007,-0.03136167207850842,-0.08339035006692459,0.003140109609406966,-0.20508908268648812,-0.016159629085227868,-0.020646904426246303,-0.05217395467206501,0.055728324600275096,0.07588253122858671,-0.05530356324972702,0.18691972768624596,-0.15801753263158205,-0.26168009748880156,0.03340953875804961,-0.8589697584308501,-0.2164643065488277,1.0612142957947812,0.07039650413667882,0.21338696123198062,0.005673552620227794,-0.31407451482592263,-2.933074895668673,0.07485082733234334,0.0017828471031205387,-0.32948264159950497
-0.024432851324150684,-0.01816556779249574,-0.016005959777188196,0.008628343498238562,-0.12454359275161564,-0.025016034284889535,-0.015484353747803556,-0.1793279606505572,-0.010273352290440917,-0.004464051637440404,-0.1945489789178276,-0.9399131831544552,-0.1972113289872556,0.10767368265276957,-0.024644712596692278,-0.1286314105645079,0.05489881561808165,-0.05078794620229312,-0.7180700127035318,0.12931401587953173,-0.5056356590019351,0.047666734900567914,-0.260896317265387,-0.3450538139547868,-1.0340489776203117,-2.8455810041391825,0.6400821986788118,-0.021557962020561344,0.025327213505726108
0.0,0.0,0.02525063109938186,0.028180773817489298,-0.19695988996845654,-0.10911966203083727,-0.018036180109956022,-0.741113773349859,-0.2995446109259188,-0.017634013525207142,-0.0700242720430729,-0.4568113736162305,0.03356168552936836,0.03843603665656998,-0.23512340208125393,-0.18953475835985498,0.14906326248030163,0.01901183826720427,0.7063963022485721,-0.11158798177554026,-0.8966525096853177,0.20348956483490438,-0.11539826897311779,-0.13782433779393555,-0.40549297584403765,1.7880194745737845,-0.019114896205572177,-0.010590189974914111,0.062355083286676265
0.0,-0.05695114527876687,-0.08223362206612074,0.012298510123490508,0.0004209883455346334,-0.048402745086212576,-0.010741672210632429,-0.10141525087392536,0.034150728542135314,0.02949810934338523,-0.3825606461829529,-1.0485801284233343,-0.666859522035492,0.016451804011998465,0.17837007378060696,0.12771512688712558,0.21476602594524014,-0.08406153992669682,0.2988199557706541,0.3323179657360726,0.3183399379222796,-0.010033962851317668,-0.06793009032080245,-0.12360442591735969,-0.5632849997570066,2.127687544506625,-0.11133626309157306,-0.004402113998022379,0.6407748503499415
-0.01266475641301538,0.0015074576348059728,-0.030169826291213116,0.0026423341100112684,-0.14587408280720135,-0.04281556536829645,-0.012411066841151938,-0.2527264841628864,-0.017554246411088232,-0.003063706041311972,-0.19575327035736081,-0.6634023645538788,0.0029373400113813673,0.05965282956269618,0.03864465786670368,0.008775587947946403,-1.8899709071784236,-1.1457145454335105,0.012111714397377814,0.16635633561732077,-0.7629502889932169,0.055038678266518246,-0.6036934672617518,0.26301102060152604,-0.9860553641809436,1.0277900468154038,-0.14073008675123702,-0.003258063767209034,-0.48065344444057406
-0.009190866689655509,0.0029711621227372113,0.04270100515492624,0.008843739079468593,-0.1785631465096497,-0.03741765490071785,-0.006459574470157896,-0.19923115575821004,-0.005913421930320662,0.014891027442887745,-0.1490148835762004,0.16124976040351083,0.048694136775683974,-0.1012931733234179,0.059767177223571125,0.16530218034585586,0.38314280769780995,0.9051291237594763,0.12224207847687438,0.4535747560238257,2.598912785699059,0.0073509043084476824,0.3607376252463312,-0.15527094683432302,-0.32117570706743587,2.563599859353678,-0.22928849838257734,0.007328191285464238,0.07004286604967226
-0.0102830471755059,0.010401155945847828,0.09955238880537327,0.0054378392184456364,-0.2671057209785829,-0.01867586689796069,-0.00674493242923002,0.04095478446457627,-0.07112172701399046,0.01443156792835462,-0.2435676490647567,0.2730742929499587,0.05865546272236964,-0.11027083411364495,-0.006251780012656383,0.14347289396265428,0.7017560260470824,-0.10176287616409542,-0.19031581706054204,0.4536350268342219,2.3669852754331764,0.020778610109825037,0.402238279987115,-0.23668234600172522,-0.15990103715350645,2.515899978425239,-0.10787478206184192,0.003082542725873854,0.30894192028482964
0.0,0.0019801057468304575,-0.0066619936776838,-0.01757359282141502,0.0031567344356717058,-0.09157898359000068,0.030704883962827993,0.7008812828648302,0.028221788771351668,-0.06172366664248346,-0.007695765812511868,0.019586605911090703,0.03130633564123416,0.0012195390798775904,0.08642732694023945,-0.004723578639123909,-0.11859999305056812,0.10351958391875689,0.5784557542995145,-0.49121063008319976,-0.011993899314874195,-0.02853549172886061,-0.134350086892964,-0.009301338740587228,-0.41945438901883747,1.8764642778855196,-0.11714256099997557,0.008994825409038414,-0.5251430654771696
0.0,-0.020468235634496675,0.02204914284055164,-0.0013482875277862673,0.02304988195874554,0.13732916282165933,-0.012325356765140117,-0.26035611281095217,-0.05266884482226505,-0.013151350445137306,-0.0402780008776084,0.2644563859773923,0.11289306668872248,-0.09100461158594239,0.10146107778462315,0.29483887654508356,-0.08175224023898059,-0.40127538187548417,-0.07499198935875422,0.37599315173047587,-0.5350054534835408,-0.0019083419365033775,-0.2941054368847172,-0.6198962549138313,-1.1112650056788849,1.1115267573814318,0.12177688687642027,-0.002722393966769833,-0.04474027015708802
0.0,-0.0026728350658643085,-0.005677528362844751,-0.04202897086428078,0.020083769463044694,-0.08011848742137938,0.031049119132884065,-0.0701432946613869,0.03284825213948677,-0.025645764767676944,-0.04361904812218368,0.19002434535708818,0.10107130815965709,0.014657047105978073,0.0018997606721835307,-0.07917057730917158,0.23945655982429584,-0.3078299946963471,0.11550945474745895,-0.0929138699658577,1.1890626628021261,-0.013362564277182657,0.6751186873393836,0.1230823265563254,-0.1657465547106245,-3.517900279419115,-0.0854964358348261,-0.05672174977387248,-0.517440176679533
0.0,-0.0026728350658643085,-0.06344596611401754,-0.03392703818325993,-0.013039013547428285,-0.06132359833846963,0.010854610816501409,-0.5265433612831678,0.03214787426396063,-0.03157527565739171,-0.00637278712684267,-0.8636044337174459,-0.4037520968507161,0.006095817292233244,0.6502428940480197,0.4613452343054802,0.21608695481129295,0.1046171391971282,0.3521933818078146,0.1477816334290416,-0.845749515387527,-0.01713241245906383,2.1697158501580383,0.0083102751220014,-0.31656225777137936,-3.317984559970781,-0.08240062531058251,-0.029626604040321174,0.3113021601531952
0.0,0.02022776002013179,0.08366980078220067,0.0685158358134784,-0.007472765457134849,0.03743005108806298,0.04721590409291969,0.5340705595160098,-0.2969351910300986,-0.15621733953782807,0.06508132656384322,0.2270420633128332,0.09314349085223689,-0.11654885506681147,0.1424836979671894,-0.11716056618234923,-0.5789844589676024,0.20448823216638892,-0.3287686225338286,-0.23124688453390368,1.2947471436433176,0.3485780626811551,0.1258521639525917,-0.12674738753061493,-0.5671275703612387,0.7531058407948281,-0.12874262761881475,0.004205637001605116,0.6594690300093201
0.0,0.023864485719870265,0.08998907252554678,0.049202211449320216,0.051508884578773416,-0.014477574886497271,-0.01738034567261843,0.27691930332053394,0.03778071323716639,0.008956482825858413,0.04751568274713597,0.21291767163065123,0.1350812056434271,-0.014805939783513192,-0.07038484432164932,0.32230263790781494,0.4706587309252778,-0.11905623280231689,0.1888388812476645,0.0644952522137313,1.2763310308572962,0.059899429483418976,-0.029345234518072652,0.027586036949513323,-0.32658445258380636,-3.8160449815719835,-0.10941059579985152,-0.0032111271840993333,0.6731236674206129
0.0,-0.029891982808084923,-0.05373932393762831,0.01795485273643744,-0.0034667550460606906,-0.030151990868511547,-0.00634936631445107,-0.2504809646400272,0.012954062526411356,-0.10870170908010464,-0.21491391787378164,0.2087931622344356,0.07678013877316557,-0.05313675193669192,-0.1821266564709199,-0.20024753755960187,0.9552300380614734,-0.30542119946340185,-0.1482640727365833,-0.44131651381201525,-0.28421467423400865,-0.05818249178887213,-0.3042561603168656,-0.25256034736451427,-0.6085586095927117,-2.6365728412387,-0.11030059525197908,-0.0034102475865140382,-0.7941208378555424
0.0,0.0,0.09061602151636744,-0.0076444405566518745,-0.26888660503194833,-0.10770042870441288,-0.02528246808320444,0.21005135100366626,-0.23515058294117366,0.07290436738999817,-0.09050451384913763,0.021014984963501036,0.19065635352267227,0.016059140769933526,-0.23260085662692034,-0.22086666318331571,0.6440499788669131,-0.3761404704084778,-0.3694335871708289,0.26991340292063015,-1.0760697947243023,-0.08718545375427542,0.13995325370282202,0.05126296140563714,-0.22854086561013423,1.7090740586888336,-0.015778656170463656,0.011649035148269512,-0.6511067177503929
0.0,-0.05695114527876687,-0.07581269811446967,0.03287123723462462,0.08008843961124605,-0.00025968767351047155,0.04800809381513689,0.2515663113896015,-0.005757510802917478,-0.13195200672516766,0.05911764816674217,-1.340403662232606,-0.6040085815305904,-0.01047332813557571,-0.0777534422905769,-0.03127792608992703,0.16145179684638916,-0.10102602736387852,0.14951741964749457,-0.05134255487759359,1.2179578906834665,0.1865046841350771,-0.4166169656674734,-0.167621125345962,-0.44459049336996403,2.2077160100316573,-0.11541955040509665,-0.000509610643315366,0.330785658146776
0.0,-0.0017490934097002375,-0.03656183253885808,-0.039479357476727706,0.017642786828955783,0.1303889065715705,-0.008706868751746066,-0.16822393336688218,0.011557150014692201,-0.042846083822811104,0.015130338689297177,0.03474718865256139,0.049231460464903856,-0.021928869348043493,0.005151805371451523,-0.1456920873263737,0.310026919071901,0.07435641016329435,-0.23570421412757805,0.13272376825366194,1.0701125446713184,0.1106214850841075,-0.23773864887892882,0.8166364355536841,1.5439779768441182,-3.8534389005805108,-0.10581779990840703,-0.002641736192739885,0.2526294465893377
0.0,0.0,0.03509415640046761,0.0017047835355876767,0.14061269805205306,0.1190885327293517,-0.0279957871447215,-0.24658011079857947,0.2667619820655567,-0.005542758346975657,-0.02195344853109794,0.050651467578358894,0.1817957596673545,0.03825885606708606,-0.1711405320366638,0.239453159414603,0.36406347708076636,0.05549753952911063,0.23873679341328924,0.4068163609082708,-0.8690015906497957,0.09906655009695775,-0.3209427279856679,-0.9543022375563824,0.5387267595733798,1.688165264487415,-0.015445389228610476,-0.01631967265557469,0.018091412155749973
0.0,0.0,0.020507062621993453,-0.010910292256344909,0.08674381095902314,-0.07115665081781067,0.04828933680978478,0.07297033933176325,0.1780943273483512,-0.009292778280814668,-0.03578588740701976,-0.0019556081314423823,0.20657464003575596,0.028595024914836203,-0.21522036030910674,-0.7665842251309561,0.2636195393301943,0.1000565292158984,-0.7436782502008193,0.03875622808046375,-0.5756715587946691,0.14275552942022762,0.12478797244998781,-0.578082954964544,4.096574584086771,4.866479297144397,-0.01566139199722083,-0.0034109660248924836,0.5421882056904644
0.0,0.0,0.0105337897782945,0.026774457331258664,0.02591131159027145,0.03593692548395671,-0.004222558101682891,-0.08477501693432295,0.013502406426303478,0.08956803132384554,0.22639755844748247,-0.03079659532576845,0.13067777140594988,-0.042089352682946495,0.17798448935938488,0.7754075231237937,-0.6074935688770495,0.5886825707604122,0.31788853419817653,-0.13891386528854657,-0.37442563179339566,0.24332681895220357,-0.13042779542128485,-0.22682520412471988,-0.45477466639060654,-2.9717783673560874,0.09280492255883337,0.014486800033008989,-0.47111279363351866
0.0,0.002976298872981947,-0.02547730863239632,-0.012485991294161829,-0.014906912374755325,-0.0745522742626116,-0.005468611734024412,0.3124092197679614,0.09784861070707083,0.019296329786368662,0.07451758292007234,0.48184974973271455,-0.07078460672939711,-0.026862584118912278,-0.2856848887603963,-0.20021934382397188,-0.041652886522817324,-0.11203174776574268,-0.18610029854871735,-0.15232040560612792,0.09693576618860421,0.19532391513577374,0.0023408268532813794,-0.5061127549108105,1.4270337501627732,-3.979382273663472,0.6250006596438802,-0.010349056674164909,-0.5762370399745472
-0.024955822001260772,0.005151514390466258,0.007425789051052853,0.00962098520667548,-0.34452697392004894,-0.03224144439858119,-0.013889639658888795,-0.08189970955514993,-0.04600056596231302,0.014727579538980403,0.44387210816769734,-0.3591859706658091,0.055238474060728855,-0.08632488308926024,-0.037476468776667174,0.1608731432300176,0.27972058065832517,0.04632575694553853,0.980814337883906,-0.27799625616000523,-0.35301267974501405,0.06924023497134195,-0.38527178435655846,0.8637816771270226,-0.40020704739506247,-2.96417904120639,-0.07661171550314305,-0.023502544119112834,-0.5688936190322373
0.0,-0.004539254532354496,0.003985215587478545,-0.004446841270726712,-0.07962246362319564,-0.06558087978487898,-0.007686338923726227,-0.14961079259590696,-0.03254439262333225,0.003989485144552764,-0.12039210192122451,-0.02819298454947364,0.11451630533890089,0.08085988231590066,-0.5700526154780692,0.05378954376042959,-0.6638338691662061,0.20081835518677518,1.0752955937625206,-0.1478635614217673,1.8855959106152038,0.10410036812426908,-0.06085978024637722,0.1128486088110331,-0.5375096540829024,1.1789425050015787,0.08931985387813907,-0.015952126302264003,0.324785933911277
-0.011073148823400039,-0.03337413461528077,0.023950702998726658,0.0025519760322121007,-0.11804964522568771,0.010826579192387623,-0.005931588576852187,0.27056090157497514,-0.034586539519273346,-0.001787887533212124,-0.20166526041277139,0.2773704755910046,0.046506660424353426,-0.03380044866593408,0.09620181079023428,0.5827322592799442,0.3558317064288519,0.08055647885783064,1.0601103469485933,-0.25936295350840105,-0.8890597517676289,0.04148394452123369,-0.03610762019279408,-0.42610578739584803,-1.0088082070996927,2.0925197278702585,-0.2664143775443577,-0.022191063749168297,-0.05410490371907031
0.0,0.017795700420681147,0.05442955835269013,0.013489841077791265,-0.021748511426065254,0.0897428124344656,0.02130195174989232,-0.004839586745769474,-0.0601694004705608,0.04644701721162218,-0.059174705072977736,0.25244647848268637,0.08263699255999933,-0.04405146401452962,0.2158193464051906,0.06470810024434764,-0.9634456511333745,0.2602557107284567,-0.13566313648169318,-0.20725591530808504,-0.042087398607192794,0.20636954826020085,0.164114928772726,-0.1471505454996262,-0.001420905957742435,-3.2201158093813773,-0.10419550434091261,-0.0022550999101332643,-0.7190305252797957
-0.00908411155591289,-0.03132827505291194,-0.03255333913622978,-0.00016858688246447313,-0.13615577291660214,-0.01573747589767291,0.00023484710965331854,0.18484694259265114,-0.1324476269590099,-0.0042793089540348744,-0.32562768413327836,0.21522237250022727,0.05042270528107108,0.028963214099852634,0.12836245335930724,0.28900677134287867,0.34302324502657516,-0.3098062910392227,1.0753632623863616,-0.4249132704636553,-0.6613747276798674,-0.04001143303166958,0.4490904793193378,-0.44040357112105977,-0.43918154593440084,1.767436944958738,-0.10744253181602242,0.1203066947252677,-0.8089861403381464
0.0,0.0,-0.02208886111125415,-0.03634069882138087,-0.12396708591395744,-0.08081379424844974,-0.019858752512454718,-0.1618049854815776,-0.09048359027813029,0.07861796895483895,0.14664300893636148,-0.4907762058594199,-1.2361112592322983,0.043734394300390445,-0.08277104064061391,-0.018316926470979916,0.5302533941400241,-0.42373705195308503,0.2493897982463491,-0.3780497647360673,-0.31142571660049256,-0.13382334226698595,0.18225251799197706,-0.3797325698758516,-0.30729090073154813,-2.6932654207810787,-0.025682746693934395,-0.0005160660053167266,0.4374244408890067
0.0,-0.0017490934097002375,-0.04865297500615405,-0.07755369380892871,0.0032756887526852923,0.13354628516516073,-0.003601342119319389,0.173596574753054,-0.10714609951946406,0.10081231565634216,-0.052536868275186915,0.008812981632786043,-0.0033521910585577568,0.020827715652156884,-0.01826759561195763,-0.16536873980500566,-0.36433772719503105,0.04101756844902282,0.05744214592467701,-0.0007355032755684582,-0.9918589624158188,0.1493211977122617,-0.07387629178355543,-0.33694503108218926,-0.3657947652399537,0.6957037876753391,-0.10389728108506598,-0.008133317539525025,0.16256070226802224
-0.024543240957400816,0.0023655027885759678,-0.0045622288807308,0.010940817591139807,-0.26752510117328515,-0.021728564921184735,-0.017733768223133817,0.2034393032202348,-0.031067225122183767,0.05526572279622156,-0.23855163801578802,0.11386070510737285,0.0009006629366643277,0.28032016187675224,0.12624723685161146,0.4167736406775154,0.33580537172370994,0.2781979499309767,1.005597022771325,0.045946538458990965,0.19980298402577826,0.06173136577483444,-0.4858378806830032,-0.2819861928576,-0.8675588905338262,-3.3656246974780184,-0.15199215784279732,-0.03498019716487774,-0.6941131103841227
-0.010338887570699281,0.0017585257203181822,-0.03598859658617723,0.0022499113884966097,0.11655379064915196,-0.04406778785369004,-0.01804168997988227,-0.18873216249236616,0.19465528251561828,-0.03622512050005283,-0.17586173874933245,0.17396959938249562,-0.05087905214687584,-0.05302746675415023,-0.07016520332205164,0.1599169996262117,0.3054239637627805,0.049373051747758405,0.9222344179697611,-0.8530331887836735,-1.2970222172060557,-0.012282041839447116,0.22838634313810352,0.7795785566923001,1.088925110709776,1.6973493063284137,-0.0868342461610024,-0.026322120282125664,-0.4897481386185479
0.0,-0.03795418361380365,-0.05363640113808944,0.016077605642790725,0.01532158507633801,0.005024618619467608,-0.0047836295462192705,0.0771197247119521,-0.13918222513590714,-0.1649610286870126,0.15965548088384957,0.45789713401502147,0.14207673003416044,0.5916093199755155,0.721227867117501,0.16230694978586915,0.05517038132867647,-0.007653984681035494,-0.18854689093416946,-1.1741279676926597,1.3009381481414675,-0.28617470583944515,-0.044014506756800874,-0.18024768577350864,3.2388785615640536,4.601425119249473,-0.07186308074466154,-0.011255745363639139,0.5132423948389878
0.0,0.008267045912118161,0.035455414558924064,0.008135981388551936,0.029821003890265676,-0.02553001238611504,0.015349734410452304,-0.17070324505054446,0.06419464815139868,0.00304876593850709,0.04625876156713223,0.16827913992493257,0.03601221864934774,-0.08124130165768653,-0.20080955006679638,-0.3120003053822872,1.4610289118111388,0.12171605009029131,-0.12924368462454652,-0.6566291947563452,-0.9210662844489346,-0.015461950882969231,0.08075268185800963,-0.08821304481609306,1.771029934383058,2.3982811218580924,-0.11624541557166462,-0.02188140233205808,0.4175970931371797
0.0,-0.005140541291928507,0.006259558916544674,-0.0029003840209759634,0.03843208440951689,0.11822597658512145,-0.007053955550202601,-0.05331119726028618,0.066014898332382,-0.2893268093369637,-0.0528206625998217,0.10505874729156171,-0.1979034029644389,0.05496074033097126,1.223932807144947,0.30688307530740266,-1.5296224736112116,0.1594612946567081,1.008461294094576,0.4972014809221067,2.2784669644018627,0.13183280622428242,-0.20565171792939518,-0.5625959722016984,-0.5908023428390237,1.8505149377862529,0.09409650355618487,-0.018716403893687464,-0.32903480585283085
0.0,-0.014552347753617571,-0.020370193926815407,-0.0020127680510691826,-0.009994290200548196,-0.011841472890188892,0.017010517907373197,-0.0635012733408088,0.08841419336006237,0.016013589030426958,-0.3367338160489807,0.3015997909127398,0.10581885559453592,0.5644126995264159,0.1827901006542459,0.0744810615576401,-0.18122110303315278,-0.36959382069208757,0.2947247089468964,-0.29496268702844386,-0.8961575844369585,-0.16107286508542393,2.109463956240202,-0.14498504983646424,-0.7833918112443005,1.6537013161463727,-0.08266666075445359,0.09879108424537211,-1.0371481976221382
0.0,0.0,-0.008823688335458239,0.005984869914876374,0.030407448437030818,-0.0926606963393553,-0.017380247701714053,0.184904125442528,-0.20411931035020084,0.044919367030585584,0.11842201840255567,-0.28516839946030853,-0.10678276219036399,0.025006019139965863,0.13257202497308387,0.6929395732455194,-0.3145203643939679,0.6797400195879941,-0.27756432775919165,0.4761158576857242,-0.3767403598737546,0.20232845639937116,0.20881938545426776,0.4352746178175472,1.658844040791626,2.3947288073652304,0.005730163256993732,0.01729917018001563,-0.0570252502297098
0.0,0.0025657143928552537,0.05680336333618093,0.010905698061905908,0.07086125881691882,-0.05269393750616127,-0.004706342750366081,0.22165074015739186,0.08689043583955842,0.01451708693613737,-0.23251332904156327,0.3323054418738075,0.12153957786031981,-0.008668004802114743,0.6093289670932076,-0.31107066099524056,-2.083084471665431,-0.4292866758095318,0.36921966362911246,-0.23561487943283113,1.7407790509580958,-0.31837998386649186,1.3690422962394344,-0.07275682396213727,-0.3763036299278473,1.973414353598076,-0.11439985113802954,0.05415969414520889,-0.6267250636329397
0.0,0.0,-0.01143487283273766,-0.02583811280924562,0.050344989157759666,-0.024350443019003607,0.035905059563021466,0.3227489172396036,-0.13041076009304567,0.06894740995131213,0.17331500985293188,0.07790327759700096,0.19381166642657804,0.13896125182547575,0.1308977013457777,-0.18895246502642296,0.18933819968658047,0.2755665549431649,0.5306583546265923,0.22339701599800138,1.0178723053865113,0.10763608527235952,-0.44186056030149823,0.5560323754413131,0.8205815307726881,-3.993905895165504,-0.018578088909292103,-0.024374556354227542,0.29189738081707167
-0.02508459817465418,-0.04886299347179681,-0.00798961793519298,0.0030727557271105484,0.0692341542193272,0.03682439504912973,-0.020006735937101734,-0.11501756507680327,-0.06427332176211904,-0.01295506512866867,0.33547546972419745,-0.8405930079208095,-0.027617603944643458,-0.07985665802267297,0.08645287391183722,-0.337814866902356,0.08178463520350689,-0.1672581725502461,0.724398728839933,-0.02349341307940191,-0.7837090530924663,0.04751811730170088,-0.2788093521364049,-0.4060092883002194,-0.9280771728467366,-2.969624459143477,-0.21965678469131067,-0.018696281872870976,-0.5486341829856094
-0.015807806566715894,0.0031004073692991454,0.02476119002339413,0.002790874297311479,0.0256237614603991,0.037460201379489584,-0.02447083134249881,-0.008732271829796938,0.09995438984119247,0.03207416400759419,-0.19510210647674173,0.11822571624984109,-0.23280383174382985,0.00980996723834448,0.07760556641275593,0.18332006862912847,-1.0841218660555223,0.3983025409857154,-1.076407464701153,0.06146554227233436,-1.1504885504981417,-0.011747548680170888,0.04723259471442939,-0.2590307651857756,-0.6121511696870118,0.7276467772343089,-0.24234993303346983,-0.015490024272269795,0.6537084142957044
0.0,0.0019801057468304575,0.08142640447428405,-0.05126642460413194,0.0005286933326416396,-0.14743486887839288,0.008889477142251927,0.1678406592379718,-0.15522201713211234,-0.14992308113349584,0.09889312119813315,0.18102799565658892,0.0935626653126372,0.04806685307030286,0.008765616588262503,1.119717040158061,0.1280863917699311,0.0031193658571947794,-0.8755707776722947,0.188104083718698,-1.2523303600824671,0.1776237707542535,0.10394077531695392,0.49543559239625484,-0.4386870340723374,1.0165511232133955,-0.08718661830577558,-0.014247999090309936,0.3661340839093235
-0.02229465365645563,-0.01441140413563147,-0.021281952705057432,0.004249007417321779,0.06630155272420783,0.02330071955922753,-0.017378367731534665,-0.2699332512492872,-0.030897959015576966,-0.011327177591246108,-0.19350026849705343,0.1104795995877424,0.013360342535882447,-0.05116882917129402,0.06769249951626603,0.4564394634916036,0.5277844217710823,0.47051006739167345,0.6497198418283424,-0.04662868751814596,0.4627759301577563,-0.025368719641193777,-0.08606048714442695,-0.3056460793940693,-0.9170159489032224,-4.090198860155793,-0.16908328819773105,-0.012220697182830935,0.6502413196570683
0.0,-0.0017490934097002375,0.041917286221027895,0.03931153249675598,0.006186476423789533,-0.06227039384903792,-0.01246506016396907,-0.2578512440658363,0.03188059923368179,0.23680329007305193,0.030455749793719584,0.12138700814420218,0.07670852157173626,0.010003770067401064,-0.17265307318074136,-0.691438449290927,0.3099917520010678,-0.2523005905392459,0.7928205137792266,0.1085147515981182,0.17291970761469533,-0.02668990699065743,0.03393452959843762,-0.2852101241197112,-0.7305884625963012,2.335152198240098,-0.13059616073328256,0.006423711624260699,0.4595807326396685
0.0,-0.005779858117869961,0.08587748301251386,0.0024585283142419916,0.04013798158081962,-0.20248241967721572,-0.009633559643520001,-0.0328944836101171,-0.0026307334501262927,0.01611992492897368,-0.004514150890322279,-0.07355670368262325,-0.1636361409868697,-0.0807321069142267,0.003517816058603047,-0.1442228938262805,-0.7559389513825912,-0.05955161295197363,-0.7245105959615789,-0.28723814212122445,-1.33102959825683,-0.012148025960923955,-0.31464732292264175,0.02748136426454777,-0.11188143531165566,-2.210814640162515,-0.2508264765623473,-0.015087636298191515,-0.3223348635238026
0.0,0.0,-0.14098337122731447,-0.0022365106571243533,0.17419556104579306,-0.1639178635732482,0.0715645864156807,-0.2919115065963315,0.23734323274847435,-0.004810802687500188,-0.04418171121581356,-0.12017660351025806,0.15153246385716979,0.03715036558498753,-0.11404918517237447,-0.002551076734246518,0.4191744037765834,-0.5734988113464311,-0.3277902743504042,0.30323473516834504,-0.5152111136359491,0.15504885910131222,-0.40631491808748343,1.9513455583992994,1.7416660199825877,2.367349106214343,-0.018476436836107467,-0.01106388017140058,-0.2868663069777826
0.0,0.0,-0.12202600889637938,0.012311294861912332,0.04549205904366577,0.08932381594613795,-0.001551838604479893,0.006686370168314216,0.13560261964840897,-0.03924808502417962,-0.04226355630064518,0.03676237371957911,-0.11028498110406262,0.024251943929819504,0.05062870264442422,0.19706181052276417,-0.045495012905057856,0.3492546721827499,-0.37933989891892816,0.12019362723516061,-0.6072476229733005,0.23258193603093433,0.03656238475752108,0.641527582297072,-0.30432110333880874,-3.2523457827012447,-0.014080192359205114,-0.011018219965336015,-0.43597548138717984
0.0,0.008444771549520962,-0.14934533939269476,0.06452849501808505,0.04868396658668152,-0.09545809164383298,-0.012811584241219101,0.05656304928853575,-0.17636638653415526,0.020652186313419252,-0.30462628275553727,0.2865692309606537,0.122288264227068,-0.09662068862179725,-0.3290262753342268,0.26104376218151715,0.007527454018598202,0.1499400438328728,0.031338872439074406,-0.046866491130441126,1.9636071416593954,0.17395857248385266,-0.2792181453512666,-1.0600861721356443,0.24121121070594725,2.014051213218235,-0.0902497058758659,0.0023750055943024054,0.20825783760534552
0.0,0.013945514609425263,0.04943745053804916,0.008932032471165658,-0.0002734435956921572,-0.043073156602470436,-0.00846086096228301,-0.22243975585116346,-0.24540575153612454,-0.1917755328813154,0.13678101570603804,-2.101703183455942,-0.5611129837067713,0.5950980106186885,0.6228659940551737,0.4836519617969271,-1.5783866984308648,0.12330811576529781,-0.10080322870710481,0.06733186510317617,0.5118151546259029,-0.4490963833081551,0.024801980121697854,-0.08885697695974415,-0.4943003270709263,1.2096544774656186,-0.0838570090511252,-0.013127074950649194,0.39243866954255296
-0.01922371191105002,0.0020495326697808174,-0.00063416717223361,-0.005242561221150615,0.12447417496613024,-0.02507155477176895,0.05385591578844951,0.10743332117966482,-0.04880792549793887,-0.03365538670357162,0.5317611835459625,0.018175765351942135,-0.00014466830125699323,0.06830494199551537,-0.07346028393281658,-0.4588416537831864,0.29083645533566177,-0.10428906311633705,0.2138314234329345,0.3388589122123269,-0.5333376865673669,4.896262922712206e-05,0.17079326970155684,0.7984291199105614,0.6910661343297629,-3.934500661555162,-0.020925457479700753,-0.005539528569794127,0.45998185413554826
0.0,-0.0017490934097002375,-0.027040642091919965,-0.040082827809596905,-0.001387635505599791,-0.2336018152144065,-0.0035682700491538122,0.721019717818412,-0.1373255940373886,-0.17100336353704204,0.33282467954160355,0.003467461674603426,0.009015383576289763,0.020838800721020245,-0.020009796134623142,-0.4042401401749353,-0.04939781127535213,-0.16464436248979714,-0.3095429530655096,0.023688204774373205,-1.2038637474939047,0.15509622010505383,-0.08377699463111629,0.5844219054051611,-0.5863875786205668,2.1599276556412526,-0.08526869982256424,-0.021222387587370824,0.37241957682091026
0.0,0.0,-0.06074687744877178,0.018821879904237927,0.027434224608546002,-0.026602869630917264,0.06021715293551842,-0.7162957020444151,0.23257107904661345,-0.005726356246233605,0.0012594934191099043,-0.31012443214088586,-1.3483176284348934,0.0052039609600609184,0.30585571034366177,0.847001676089792,0.22095529248560886,-0.26355011155657004,0.4439305615397495,-0.1392223023119556,-0.6330884737610531,-0.13461865230903303,-0.07428259799807373,-0.03925350452028872,-0.5609856078128592,1.9556847224613096,-0.03077071765656817,-0.008907084469161431,-0.00025553154943956397
0.0,-0.015081250015953052,0.06712686435102341,0.0077948296927866055,0.028464241437006155,-0.09408934156723803,0.01285217611805631,0.09060945954248405,0.00846669991110935,0.016598632590400998,-0.05045195928278715,0.1326155901974949,0.04514138225598533,-0.06136618629618193,0.15512398424569498,-0.1709039583168998,0.48668329294927143,0.048077522332875926,-1.198537595334784,0.07587738637184636,0.05960797333816903,0.06831271653893416,-0.094182563840365,-0.424561854303545,-0.20890284043341537,-2.9766815940485953,-0.27282119451542824,-0.01145408298937208,0.26167550823219404
-0.020932225639313674,0.002288291213708909,0.04553423971353342,0.01841760190627562,-0.3020271404862977,-0.02621790644990929,-0.03719767894368627,0.3025353494965367,-0.04400586602647856,0.00017818386226574508,-0.11858505483624975,0.208081785751457,-0.2092862766970465,-0.09855988623211938,-0.05279123489289804,0.13545059485495817,0.2301933871848252,-0.05309491316214844,-0.8330059495028328,-0.05287764093915367,1.8131454839537433,0.0007620901559114168,-0.7051541702481124,-0.03610255231779951,-1.0746395404613545,-3.456636851103616,-0.0646678202877988,-0.0351899248197514,0.5368695630834824
-0.023401280861234476,0.0068480029788248395,-0.03425726298298165,0.0027515011382342894,0.02834492346963922,-0.009569419020727924,0.03487063305216572,0.033206828127862166,0.028132385462696915,0.003123659025549853,0.3347618495645795,0.11279023223490474,0.013140496575503431,-0.060803461443692926,0.054277600196815906,-0.1258110060174952,-1.4203394520002839,-1.1932948417457556,0.2710714643230751,-0.5897410139495195,-0.6150677649204627,-0.0350454358314979,-0.1791041793258094,-0.1297744383810537,-0.5714157167537783,-2.8967454863590403,-0.23857132516883423,-0.006459419953090651,0.2490038829660114
0.0,-0.005567125868444426,0.03022831449728499,0.0077948296927866055,0.055084450052291095,0.4314383711513612,0.01341200067111063,0.31313565824451356,0.11407284343151455,-0.0020443801957149075,-0.05160100753813073,0.28276610897352267,0.09468606812554772,0.07741391496915974,-0.16762265124245557,-0.30813617024846307,0.1847225778070559,-0.36255280130401163,-0.34223661973723346,0.8014442818973446,-0.3286184735768378,0.07708541797583211,-0.23224843472896503,0.3514515068092106,-1.1351210014519553,1.883718102577732,0.1385200126034533,-0.029462850881232433,-0.4725874227876274
-0.020268222021393226,7.849232757304952e-05,0.05130878288922694,0.029713945746091784,0.1684935388562063,-0.023843147832175025,0.09967596319468082,-0.05220449890922563,0.06803798864382933,-0.026885487585788646,0.5910975400726117,0.01815507773370598,0.00048770094659400553,0.09160208268409685,-0.009578422989733338,0.16281095310200888,0.9810132612493305,0.01725260014371913,-1.014276861931061,0.008955958773916844,1.6118827863472203,0.08229945853188116,-0.9669079966597687,0.19074675639700592,-0.12937763372669547,-3.687389445531547,-0.04991754741620365,-0.020573665505536878,0.5373430524919909
0.0,-0.008164550570679094,-0.0032317816294969207,-0.012566407789902274,0.007212329642615013,0.2275593674512831,-0.013652831667782389,0.4855978281733122,0.0401564989068666,-0.06331922464541041,-0.0029803178585950055,0.021633772358504985,-0.002727292289078803,-0.0022043483080442508,0.003007209868865957,0.9839952587017258,-0.07437529428102281,-0.24956661327779803,-0.6462845722794562,-0.576338704767321,-0.8317623033988638,0.11558095449985216,-0.4522901741643124,-0.07152418780686289,-1.7680773661847609,1.5413065373538213,-0.12152948088683127,-0.012380602398706001,-0.7652629432194353
0.0,0.0,-0.07925240062601638,0.024035714849676246,-0.23545788303948437,-0.11632486554012349,-0.036325890893377004,-0.31258703887098377,0.13645153721495978,-0.002114273481218855,-0.029585179555428626,-0.013847128715074382,0.15140631099579996,-0.022157614307105215,0.005900288690679815,-0.5363240627414259,0.23812359762530538,0.5775613945021093,-0.5842624151661973,0.6425966752637735,-1.4949862206154214,-0.18572991675541248,0.048059775151948904,-0.11165266052111626,-0.4595328349019914,1.6191821869686855,-0.029505906852414582,0.014736276112878297,0.10345377564313583
-0.009358792508774829,0.007850696440610087,0.11711223571681154,0.016559800540042215,-0.34025995219650884,-0.031151921787117332,-0.031415557089221086,0.0033424999486906847,-0.02168782374321239,0.008514603521723518,-0.2636605924663899,-1.1462659576789036,-0.1644667332157922,0.067097613482603,-0.012349216526992838,0.23074237699495287,0.3667550714014882,-0.08653967928785465,-1.1837537523580228,0.007898996903578728,1.7490406517937274,0.049716057726626725,-0.8874287007486712,0.12583993101616228,-0.2523728785265182,1.773221612820269,-0.11893246115131992,-0.027168651092776035,0.4073922710504974
-0.011288589203161071,0.002644366283450311,-0.03705164521808092,0.002882736012422857,-0.25298984909006444,-0.03858496184068684,-0.006214767903247424,0.11603482562234374,0.2761244346894195,0.04673077669285,-0.2572157870442028,0.22458887887930537,0.0329140739822531,-0.018471894797734877,-0.07372619329763373,0.05332204579343506,1.3135298715888293,-0.08763729997757427,1.1709123256075649,-0.23480996758228054,-1.3457836549080648,0.03817437033264607,-0.08910556640837407,-0.21464866926185558,-0.9611082206151722,1.6372791200367787,-0.10706527723341251,-0.062063578708829316,-0.6981566799830393
0.0,0.004657269244263157,-0.07670927049536222,-0.043981882790390864,0.00016770452572125827,-0.00288831557232164,-0.017319752822752034,-0.4500090426159893,-0.031227880623093535,0.013940949175564883,-0.1238584453230815,0.16147372185376635,0.11659706945750027,-0.1298311699052598,-0.36713836766944474,-0.37639098446215774,0.3286326228003455,-0.385204583613764,0.053050384613287885,-0.0717358997506555,-0.4539737360561308,0.3224282678289689,-0.19330439640220295,0.0399671075558047,-0.656990911795605,-3.47442391076476,-0.060399873575985794,-0.007823268411262952,0.4880523762023932
0.0,-0.0026728350658643085,-0.032516477623163516,0.06952096003894206,0.007937229512707747,0.09760611779912282,-0.006621665064629169,0.11822023619367968,-0.05990293846986095,-0.015422772075171612,0.05748736748530531,0.11933699965019086,0.07455160715644277,0.022172088753392057,-0.074650756337105,-0.19843339820898662,0.28693233355862957,0.5291701962976667,0.8143112009830449,-0.5901247573360462,-0.5552846506129725,-0.9535503525980459,0.2675149695963497,0.1465457791534977,0.9757986382088498,1.2541025660127751,-0.09718367832660864,-0.011214793634330186,0.30398489124624617
0.0,-0.02646210626591679,-0.03551216318225514,0.011291366586658714,0.010414484963425494,0.005726162337321305,-0.012512641131808493,0.3830812460931009,0.03174742647430637,-0.01288996427907612,-0.20865934667745942,-1.140994580973634,-0.405873200491757,-0.15716673387148564,0.0941667883530383,-0.05916178835113013,0.44831853210651795,0.1160446730417592,0.13661299419240033,-0.12043297895475208,-0.5431823661652514,-0.23410224572480784,0.07693498722647156,0.08214488367233806,-1.1656543117460425,-3.218086760936286,0.707382307714248,-0.01797575586242779,0.26602894176947783
0.0,-0.0026728350658643085,-0.04134755130302853,-0.05681128057561344,0.009060301303926405,-0.11151763234774113,-0.0030105683165792896,-0.04169013613084606,0.038389904907894276,-0.016911332388402648,0.08474304433066839,0.23012525914611232,0.10603008927085601,0.055791894963170593,-0.024471765406883735,-0.3803613105060307,0.31239949393248273,0.05170817943605522,0.09222834810937731,-0.3739308142824764,-1.3440851067027624,-0.11906792881789337,-0.11511833607921727,0.2643074743752708,-0.8207842993236041,1.3870650821200619,-0.10329339432458,-0.0020127651136915502,0.19402581129914262
0.0,0.06033113860935404,0.07071467854319166,-0.004818732395165215,-0.036237602004363746,-0.22189840530394658,-0.001169453893913603,-0.33117843281664483,-0.1343086633890465,-0.004222540969801181,-0.13136518064442848,0.27997977966761245,0.05336188501364917,0.3312928095552741,0.3267234298116427,-0.7788215898637368,1.4047907533169712,0.21148230917537617,0.27646915844918346,-0.01976374003661483,-0.5253884890985551,-0.002604425899068586,-0.009656069096184074,-0.06174966470160105,-1.5026195191547613,1.728233922733395,0.1453195159451449,-0.04762700040770751,-0.5333865949528867
0.0,-0.02823856521302747,-0.008258156479108178,-0.007327044894435968,-0.008180216201340657,0.009386406353952735,-0.01070461501250674,0.07392259394497316,0.05306163678788162,0.002930936373037971,0.08641382655217407,0.3017473989449887,0.06869776774706658,0.7392836534400388,0.374400291975848,0.09819896024806536,0.14546479190791908,-0.41502031317098115,-0.228560221210926,0.12581245323732554,-0.2313990477283096,-0.1798864129882848,-0.11797137459726546,-0.20218457130661577,-0.4449381247221567,-2.9548155082747196,-0.07306144213305428,0.0015924230985336955,-0.8005711769714557
0.0,-0.019841902790734972,-0.01801132970944705,0.005297007528264927,0.07144056246443913,-0.11020236610113278,0.05254590517250113,0.1556840975540419,-0.04262966919637022,-0.0059988711072291485,-0.054684804546991705,0.11849386837163076,0.07948399840643498,-0.07144589647068149,0.09457230658939315,0.5287019871138098,-0.3249784277893958,-0.272787754424229,0.20600339788500835,0.13734455537994392,-0.36408439331835246,0.0573145557915684,-0.10234115866637172,-0.07881474686402389,-0.40698486605175443,-3.3334282386696565,-0.3164123610280583,-0.017114620341596005,0.5914660863038527
-0.0214877389573656,0.003717117926550366,0.01993588831944084,0.013194827075606876,0.06707442306037784,-0.021522426888157187,0.056960805126636566,0.055000624031953965,-0.02871570024658472,-0.006648728900380868,-0.1926381979366552,-0.0718938623413832,-0.03260114784253525,-0.07574517344777441,0.07256294493473937,0.026780981274355492,0.10109399658498494,-0.24532085701003856,0.22635251909087462,-0.10555827792970397,-0.15963139047221148,0.06831827065261198,-0.47060265821576364,-0.10790816805259926,-0.931465196694541,-3.161154811644348,0.5744934110711302,-0.018541139007713075,-0.504285890747974
-0.011344000762477732,0.011647168553366033,0.05874696293222049,0.001572219888615579,0.09099111158851632,-0.00816956248149273,-0.01590396057495472,0.49124446018671136,-0.19451894439502201,0.00976207410918897,0.17517978108618132,0.161201854496849,0.01623186812808741,-0.11282908225283872,-0.034684607625665054,0.15568505562100202,0.4399829326150722,0.21823546247879896,1.0182398025783717,-0.04611737026881176,0.5628067208863166,-0.06617424653837171,0.27866793153964386,0.10347398883127312,-0.6600266910348503,1.9594570651174268,-0.08997809105176091,-0.0004882551650760409,-0.7512727636358567
0.0,-0.004173216856922339,0.011141012602921581,-0.0042363355534328455,-0.06559480764494252,-0.092371812099104,-0.002373177907545242,-0.15758155823502948,-0.007609877975053412,0.13895646823420127,-0.05551407656684273,0.11172530059881532,0.11495640907961968,-0.05384421537486144,0.19757651001346443,-0.28608163149942306,0.04958722831917774,-0.015895114715355613,-0.08066554202609132,-0.3752038068057525,0.41194517446780793,0.05687767998745502,0.10343809100438574,-0.00944823507849013,-0.6520983077445048,-3.097140627160232,0.12860296661467294,-0.012611116386750628,0.4998012006445228
0.0,0.0,-0.01597761436132455,-0.011879815069153648,-0.07767112185833291,-0.04933608706810686,0.003275612766708873,0.1669537733157421,0.042448675350355486,-0.002559879525194844,-0.04117451693412206,-0.15310408267653566,-0.18185379632248144,-0.020556199345971197,0.03499928783702962,-0.043540324595282315,-1.2824649325787538,0.09316407369849766,0.18267576216802411,0.42726365003205935,2.031798544904225,0.03617714282122193,0.1637150228547542,-0.02374680797926377,-0.24014783968178208,-3.2444261338835014,0.01888962750418601,-0.0010926837987684168,-0.2262971819460493
0.0,-0.0017490934097002375,-0.015999162414418056,-0.0396237678844547,0.01581459366514093,-0.06946401189726704,0.02930078838622198,0.9040520398347031,-0.11889828310787287,-0.055397616638698015,0.3231058564428541,0.15422462003252232,-0.06327894973765232,0.0341067524440546,-0.1555628654075222,-0.36320852293425315,-0.23054628554800477,-0.24958209191204536,0.5471381336953344,-0.22759284350158582,-0.04580754742078188,0.10421449352194713,-0.19821313016850747,-0.23894222320078226,-0.42400790799502114,-3.368552646545064,-0.06580666469668206,-0.00196823798104812,-0.032281662261401126
-0.009354309177591775,-0.01550146640305312,0.029945528690766186,0.0013951181877234194,-0.1022787437038584,-0.006968757747791859,0.009059974692121575,0.13845838886076328,-0.1822882737787489,-0.005674837007804492,0.06079052058527707,0.1894969453036122,0.02603933730392156,-0.009555063740131653,0.15927303572114626,-0.18562663623167094,0.2340388598989657,-0.08218626043451556,0.3758050783108374,-0.12594956119648526,-1.176958875711396,-0.011412744233608732,-0.1668076764834936,-0.4366838802541866,-1.0538505151517592,1.8137776604710554,-0.2650263944588165,-0.00048159642425103094,-0.7114866932501498
0.0,0.008007159915704876,-0.07407034284597651,-0.06343384140982138,0.010321896277967072,0.007580303654408414,0.04012824128686936,-0.22867297047048196,-0.07394000463136159,0.011122352799815091,0.10360234628421684,0.20512452488782607,0.08539451777157213,-0.08246799442288413,-0.36363638624392974,-0.3103702735054339,0.2263679630406081,-0.19855772087574128,-0.16359962110662227,-0.041332855998250304,-0.5151720828199228,0.28556797247000976,0.0753813003985564,0.4072089631325144,1.31432077125164,2.597543741683317,0.011037312747284143,-0.01749697458718529,-0.7016322102568564
0.0,0.0,-0.01709431189473004,-0.008826986675273195,0.10789963350862264,-0.06544316325910243,0.0725075901196003,0.2093542898833848,0.20458827274377156,-0.00925379339372868,-0.0787434759188338,0.04757023597258519,0.07098112858462943,0.04914425396901869,-0.1347921760050401,-0.19053459772018497,0.608179125623263,-0.7019904824557541,0.2975895800428341,0.4997299185756657,-0.9752401472805396,0.06697418541538272,0.09740170528858973,0.716015592443291,1.5348983070492264,1.4430020966469248,-0.016442906612327963,0.008425539933898125,0.037672828004109406
0.0,0.0,-0.09150721332255217,-0.055324968323524265,-0.1534723456044469,-0.04273514282885271,-0.024223417961218734,0.1314358129010854,0.04982698343554502,-0.007959539050914101,-0.057670203880566165,0.1458613239879252,0.2672479707486832,-0.02282604227373435,0.047920127491790004,-0.15214109206621088,0.301643677170108,0.5693990458602649,0.5408595100938711,-0.0373452764085392,1.6795414395222854,-0.08780280077212599,1.5692174473184552,0.06425330484480096,-0.42834058498046923,2.2144301482848983,-0.03005339537648151,0.05627098916851756,-0.4125086409977132
0.0,-0.0063955146926036426,-0.03572397461825177,-0.0025333524703783027,0.05008691275047084,0.44223249505959666,-0.022643638475619458,-0.5374221027337566,-0.0882076169522862,-0.02846916441728583,-0.08106131330906566,-0.5276248316868655,-0.04235489850735425,-0.032382159087195724,-0.05749024314638944,0.09812732264406712,0.25434383351411227,0.43685705489575866,-0.6510104989220356,-0.1429610773224233,-1.2425480730241536,0.00012137494293369938,-0.04813628587157459,-0.07295092882694862,-0.4626384147668796,-2.7087469937176283,-0.14677760252083238,-0.005546087517446544,-0.3003735806676504
0.0,0.01183974785212899,0.009107112249171077,-0.002529343116717782,-0.13755800425263837,-0.11870764832738209,-0.0051425089990930406,-0.11809811849811992,0.23985831237780222,-0.13851953054463417,0.009858983592269967,-0.9300818443876911,-0.25182018819784274,0.36832588616047407,-0.7282892537331038,-0.4188805366123412,0.28013378391513033,-0.0924148860456559,0.10497162887552063,-0.22398647593560542,1.4390384427251008,-0.02514768909797275,0.0006454643277668491,-0.06468361415945767,-0.9305398462840245,-3.2197321641326924,0.06897678532249367,0.003558786858034024,0.5886774531405427
-0.007993012895430002,0.009474004630900035,-0.02973078704129274,0.0011002025748368693,-0.21500803108123331,-0.009695811428432597,-0.009047719128020756,-0.19692811872360533,0.021398633847933966,-0.001905315072515784,-0.22212168074310015,-0.21773966803905953,-0.056899641678538004,-0.06079108610720951,-0.056358147884406504,-0.5044954705170044,-1.5429286443846002,0.3133623990503651,-0.10203762307463556,-0.01624668404960692,-0.42871900375999306,0.08423035628670017,-0.873409349942539,0.7540123160446995,0.6517094669587621,0.9194854056313725,-0.13933825024467178,-0.014877261396178386,0.1867190306907851
0.0,-0.0017490934097002375,-0.06760226155019508,-0.018506302098815132,0.0006249470278473675,0.19412023405794518,-0.009525598591707204,0.06959557739553432,-0.13886944929824885,0.19863191112585804,-0.14257143378629297,0.12843460290754347,0.010676790628925636,-0.008495901804824641,0.00923356404272457,-0.2894743189508409,0.06054291600723026,0.7191915373257243,-0.8033957747560159,-0.03868732650868423,-1.6528231347769782,0.19107621554675686,-0.3384092526425938,-0.6928272519499212,-0.41125231487753205,1.7671589936528986,-0.11434085630472678,0.001031945963949562,-0.2326209379525582
0.0,0.01920395184676524,0.05820729232492261,0.03263482129085715,0.10564346135378555,-0.006400165049070548,-0.011600998591165975,0.22070354660516558,-0.04113021430881576,-0.13065909637416867,0.1824016619327342,0.3120897548057321,-0.02053309722115369,-0.038843642200531506,-0.3884291132730654,0.18561823177905173,0.8613859663741088,-0.5278226602119099,-0.05384527552459378,-0.0009895433992819602,1.801541110531335,-0.4782442996671491,0.17062799795103994,0.09967195048995724,-0.7310048257935283,1.744228101531222,-0.16689705632567614,-0.008786760935180353,-1.1785818854867072
0.0,-0.01700357219966923,-0.03601664108902389,-0.004827096438399003,0.00268577753275302,0.03681372519178645,-0.013242199024538057,-0.03551344303894918,0.007585828577098223,0.015266890764865699,-0.028786480571805086,0.2036544652551506,0.04129868225023726,0.18220783676632304,-0.8067185429487265,0.48699475124560704,-1.044516689771559,-0.06063248775029334,0.7376045660019022,-0.010563422256161662,-0.476912165228026,-0.027956541700869714,0.6148890619369493,-0.07097158887898034,-0.3561781978212639,1.6429984077963546,0.08905255419950078,0.1287878997662953,0.23188983269826763
0.0,-0.018516448391352462,0.031208116335331864,0.008643440075698212,0.008508236374492726,-0.21603455847011396,-0.006264525496172745,0.016807337560155136,-0.09895503860706918,0.12108524216577066,-0.03231216206496045,0.09304777379771727,0.07166415512200476,-0.04676691755745715,-0.2044340503477383,-0.29400611670697985,-1.064909741299481,0.08451882738245453,0.035834363223669126,0.018799685458145858,0.002565198277049486,-0.009779303476532646,-0.2231632691737528,-0.5216253515182904,1.1545253507167885,1.812448439343137,0.11048599976246513,-0.011155636546874372,-0.25278653436411685
0.0,-0.0017490934097002375,-0.002035525106522603,0.03189628342328551,0.04010749077981381,-0.01422390795342886,0.010450951722618545,-0.40695148397405007,0.10456938247896984,0.09573600049081558,0.4109114925290476,0.09040969141226196,0.03689781407461466,0.09578278111713709,-0.051565808551314284,-0.2999548232984237,-0.024567651973933624,-0.09810549178879892,-0.6896427571951562,0.12259712552070477,1.8887613505947598,-0.03544331129280702,-0.19452638874496672,0.22992933435588445,0.16337805527954993,1.04374785779916,-0.09866349836914097,-0.008631832914676093,0.27311041216258225
0.0,0.0,-0.0270726438496288,-0.05361532398657607,-0.21090344277927597,-0.05025859541567958,-0.018693720441187,-0.303642246970508,-0.2551721757638837,0.03670440152484339,0.21988465300111584,0.23147851564413952,0.30041185432089956,0.12131800193438422,-0.13060614295603257,-0.16133238006053702,0.652611346723677,-0.5375446839601156,-0.45867370128883506,0.35976725382941477,3.7587425279328484,-0.1330305147695002,0.131169267217766,-0.009778138529191292,0.29684851071610213,1.935305232886507,-0.015397402930276005,0.016085704994574714,0.19296503453389444
0.0,0.0,0.014103735803516667,0.015443007151133229,0.13833208982247927,-0.06752589173770504,0.09735627461269859,0.1301476557265767,0.04281849634864653,-0.030717073654690456,-0.04425596329766405,0.21109321753744384,0.2640928000198871,0.00723166648245782,-0.16437114994116045,0.5326081603626066,0.5200624989551355,-0.32214402866775255,0.7484656562292795,0.8106316021481891,-0.4826803555440237,-0.18005674770600888,-0.6619323691547427,-0.16152075159880913,-0.36125521786355286,2.4958510364902327,-0.024394919900007025,0.0642757972832335,-0.09856371758404339
-0.023959827856048863,0.0013026595019062807,0.002852993927283114,-0.004377501813390084,0.11228560369622367,0.03642199082157814,-0.011411970031620105,0.17325084765214388,-0.11877089752125004,0.03807858614790164,-0.16108584943109416,0.08887891266056995,0.026921698268309015,-0.09461442763533034,-0.06347099775737479,-0.21267420791008543,0.28128344814161554,-0.03038513539096953,0.24431582986275854,-0.3196676771708017,-1.2703194203854142,-0.029362757893578343,-0.10461738891075407,-0.07107205756516953,-0.3282601965645254,-3.176903555971393,-0.2595977387240914,-0.011195606067006158,-0.031362081385317105
0.0,-0.0017490934097002375,-0.014249133153974454,-0.05193347743729807,-0.0006184343067945365,-0.07901520051527212,0.02339595276544649,0.12378210478413965,0.030852149985891843,-0.039707596144609066,-0.027403362326629887,-0.24179640125093851,-0.0022547104881700444,0.014494112280562663,-0.11697619285486034,-0.2901673820866753,-0.2586432697635926,0.33417719199423845,0.5163605722741226,-0.4344742552218609,-0.8653931855392764,0.01649947641721541,-0.06415317347735215,-0.5612209840747879,-0.1672768403223068,-2.9723048282965263,-0.12313811239766305,-0.007621047842968942,0.3231626646552593
0.0,0.0019801057468304575,0.06246269773687685,-0.025200811587156667,-0.0032617955018078787,-0.052968710718994234,0.009643604781101673,-0.041328452590207024,0.012822617467598482,0.03136036460292092,-0.2706304818731639,0.037136805442534504,0.0459087511381521,-0.10782896421409885,-0.5836316062665794,0.054548212997855304,0.23549552748713465,0.0245272855103286,0.5287558343985359,0.1597804991445187,-0.7411967146620798,0.1302669344087236,0.1846087082158486,0.5182061556572196,-0.3077406124249074,-3.181898022615056,-0.08708799144203687,-0.003850867390774325,0.3152456875103882
0.0,-0.014865151779742382,0.07245972473167425,0.008634787617180499,-0.06040332481657921,-0.04669537269765108,-0.006340990070729373,0.079895338781487,-0.02151494484141893,0.007902802362346431,-0.03287679753268725,0.1637479594001606,-0.12575365981906064,-0.04563136802717992,0.13834163954061454,-0.20420770712285852,0.0175079624612399,0.034995394388231,0.48660903580534576,-0.42428982869593546,0.013261660079799769,0.07179509229056834,0.3629820736257793,0.007652681918049151,-1.2308582890987099,-3.2694432670544082,-0.2780968580467547,-0.016052495430134844,0.5309461570469193
0.0,-0.0074489690066061095,-0.06555025889884913,-0.023719632267684816,-0.0034202468229205226,0.07935927128375515,-0.0019013512175045295,0.07182086394929206,-0.01107733962091588,0.16821248247553874,-0.09262775167736088,0.1539276184610284,0.113857125097471,-0.0029156752676450675,1.0818088264617618,-0.3079409727721095,-0.8624931241736821,0.09526054741846653,0.3999821084736018,0.2466889167112902,-0.5243499004148656,0.12431470128779396,0.6373695903617472,0.3439596096917115,-0.4380887934678153,-3.283351087126974,0.14986310845924297,-0.009040258861967198,0.4871672871035261
0.0,-0.004920169250643669,0.012267491928900896,0.0006155989998306427,-0.009744553382746516,0.20265826183687705,-0.0008611824525357839,-0.09105201331161529,-0.0060393127794714525,0.10178252693274327,-0.053620534187456555,0.061363402707204875,0.09217863091148336,-0.06419487986407825,0.005021829914998892,-0.5145881195581306,-1.7616974955369427,-0.10607380646837157,-1.227058921589509,-0.09650577365200344,-1.67694840841516,-0.0034374284005398614,-0.11382324270962917,0.23961287122276728,1.4690244131405634,0.8849964510480556,0.17123167838555758,-0.026014475513339692,0.010769265026488506
0.0,0.004341863179808132,-0.015885691083261096,-0.0194219445207348,-0.01310307882610239,-0.05253740792483032,-0.013840098865801441,-0.10603636216345169,0.03479772562468128,0.006253299422506901,-0.015608173560879492,-0.3052261474884248,-0.04886265218590061,-0.0736396389352741,0.17039454775991528,-0.5315156422970937,-0.4635705445152035,0.05192462266697802,0.1563214808569147,-0.1505230084020409,-1.3972791840913381,0.263086048299222,0.11134520445023316,-0.4078951288745539,-0.7196549854583909,0.8270175230292589,-0.11364316043019937,-0.0018361132000748641,0.4170070374595196
0.0,0.00420364679769491,0.03229495336429222,-0.01372005471460849,0.004617343755852566,-0.017509941964236466,-0.004843212857988137,0.04470723126618483,-0.18560033257468422,0.007000092529724876,-0.24208309048465992,0.3976183034154597,0.1762191361162842,-0.06249457397936405,-0.12789390024705186,-0.2545592154791156,0.019173255637288625,0.15116625028347477,0.024783373793476695,0.15499697319031133,-0.5987806544641084,-0.28372450197360194,0.6859632252982929,-0.325529739756319,4.047024602329534,5.437405768778932,-0.08577637104483989,0.03660612670568234,0.4249162550249783
0.0,0.07425213901268109,0.05461941101946658,-0.005161969272789296,-0.06637245757783294,-0.16472559589620295,-0.0029441396401494848,-0.08440112634442148,-0.11636409388213671,-0.00043895663684851094,-0.051228275230729765,0.1917450275615114,0.1009808506031777,-0.04302781249756788,0.17391618516708024,0.38888479272329657,-0.08772885143330561,0.0298250647507121,0.1685633205745736,0.044661323333949836,-1.1318323979990583,-0.5598171058830097,-0.268415272798155,0.029857891738361893,-0.5942497365783188,-2.954460566161725,-0.1526454026671621,0.054723181895666245,-0.3455977628840246
0.0,-0.0047114839783014865,-0.00534485326305518,-0.0013482875277862673,-0.06287585211634096,-0.25476282015912266,0.00542857352884797,0.12790628973723914,-0.08538710654426646,0.008500493529777595,-0.10077587490520934,0.38285893249021763,0.12805298311196545,-0.06679570314370628,0.13387449882830274,0.12728251065579224,0.3492386584266554,0.30484483896279835,-0.24238230913974804,0.06407844138754334,1.7147450425744541,0.07873771791643404,-0.5113444673078038,-0.09296768191788227,-0.754291612990895,2.235093265321407,0.09292650550702322,-0.05092575270868236,-0.351155020604654
0.0,-0.0017490934097002375,-0.017228187520544985,-0.020329228627570164,-0.018183895562190126,-0.07705658119306864,-0.0027395116907417915,-0.10079096518519218,0.03195330610776902,-0.029943001538436712,0.29260380186406665,-0.020492584231663464,0.031739731012952674,0.019098893641398523,0.0023408405180119964,-0.18804052712278774,-1.0223928420519757,0.6236916023147195,0.3376148022482546,0.8599567911222465,0.9204716279224624,0.10720504519551988,-0.1352674576417036,-0.18461900499472114,-0.10358255007217457,-3.121736543937751,-0.1282967840661813,-0.002505605475952659,-0.6760111356804889
0.0,-0.0017490934097002375,0.004030578400390676,-0.049550777182942825,-0.024591631272850717,-0.05733108419073201,-0.0027274315730538533,0.45192564106920086,0.030292528038397798,-0.051494452532336296,0.3541683577739236,-0.04771210476006498,0.028800810667334257,0.05053739955720657,-0.12424990152770746,-0.24812448105064974,0.04343671036094276,0.19174951944441213,0.44874485880807335,0.5070812597318837,-0.03193532064169826,0.12984820565683072,-0.2917484966472261,-0.1841611335064173,-0.4210162296386422,-3.5193722920015738,-0.057153575264645096,-0.005875772759179871,0.2902674445079955
0.0,0.004113700022822646,-0.18662136713074118,-0.09441259697126624,-0.0033714827703094823,-0.07088533193104661,-0.019598316027852135,-0.47054952956657004,0.0792236000652602,0.006531356499016182,-0.19579886696126197,0.049698461045715965,0.09297373542645553,-0.16823593106225151,-0.3769997733537555,-0.5349270873056079,0.037197971946742625,-0.31059695281278515,-0.11423083088812197,-0.044160493160116,0.30439634843165086,0.140991159938637,-0.8075502750991983,-0.9225725095764588,0.5893444535649599,1.5796337175285387,-0.12837724903078798,-0.00011206319730774645,0.2698141978632104
0.0,0.0,-0.07006468912720748,0.00880843683966878,0.053766997240888605,0.03434367716838932,-0.006926018686599535,-0.11794638318373327,0.10087887639589678,-0.06959784082674683,-0.17921915094667304,0.055597292175358734,0.24009131327375066,0.009532303332961805,0.3604490203424058,0.11057546472935759,-0.37811323115545636,0.08623258874247154,0.2968647675114272,-0.5154861064019939,-1.370285554368915,0.3387155354487771,0.4077637126078457,0.6282314564999713,-0.5111357866714545,1.8066703667679322,-0.018928958994219328,-0.022902449273419168,0.0642142424605078
0.0,0.006889846070411224,-0.051177160323978794,0.010977100912207084,0.004524937161168717,0.02140364687671919,-0.015566805729671868,-0.511970474349196,-0.05730301470998723,0.007840669048468012,-0.14911479491929366,-0.08396972837154863,-0.06533067837878943,-0.01825035956958048,-0.1640105331095325,-0.34839396466161443,-0.3135074357470988,0.24539642073207685,-0.3831310418054253,-0.24536901795894198,-1.2525359207628366,0.2473049474515613,-0.1046449612875041,-0.8778403500381327,-0.9577642871541241,2.343416663039835,-0.11858081026034906,-0.008259869877981194,-0.8103333714052232
0.0,0.020188664632114262,0.08125745105602539,-0.002529343116717782,-0.043346435687896465,-0.15043735569459363,0.0008103982735243651,-0.16531989720682447,-0.06408539435507281,-0.007253096362430265,-0.10416687446906722,-0.39640609483282924,-0.3000388087397564,0.11147155463225752,0.10337077775654406,0.2566319719837504,0.8005131888066668,-0.01592080814290062,-0.5774857776446258,0.23245451377806028,-0.06491444443192522,0.06295529175979882,0.3886494535955727,0.08702962932041293,-1.2104057276808056,-2.9893896929045263,0.10066068968412185,-0.034745882231861036,0.4829336099404383
0.0,0.0,-0.016043361101822792,-0.0401698412130183,0.08827223895042201,-0.05545818416400058,0.11265748834953035,-0.4025819727868435,0.09811239884318813,-0.009909523039533784,-0.06670451146646947,0.014781833724259778,0.18360544488261102,0.06350400953805335,0.0532093290338339,-0.5455877340694404,0.24217364747364375,0.24154478159796977,0.22671513671520627,-0.09397149723080142,-0.7703848978662159,-0.15823459345196608,0.10186482142003254,-0.3557840109696686,0.06166031846333417,-3.3802688044804956,0.027853481410821144,0.019677844049391782,0.4226294597166003
0.0,0.0036692085312319688,0.042426717300101065,0.018603746768808858,0.013018964081381982,0.012222394566855973,-0.01180625710141695,-0.08202443760346766,0.05899222179702744,0.017676581819575234,0.11914568780001845,0.15845856713387302,0.09253845274857225,-0.11047534792797706,0.22055339638326252,0.6794205208303616,0.040911652600010756,-0.1036254718587429,0.08877259628067813,-0.1271379437309908,0.31246568019837795,-0.46271313689760035,0.890610331889542,-0.10966206609299313,-1.1875645606165512,-3.529094925556755,-0.11969925242651244,0.07801510881757337,-0.7093723422222766
0.0,0.003485494258347605,-0.0943236324144247,-0.02720962462646748,-0.0005835221035496288,-0.029807312688311553,-0.010701438694217504,0.3913306228047928,0.1431274734237494,0.022989552580926217,-0.21530993564365364,0.3258934310369645,0.03090627547818527,-0.10181945276349383,-0.3417588797634613,-0.22127110174911688,1.300480198510326,-0.06112883486104432,-0.154819402519518,0.03141365512070168,0.13146171948797725,0.26508841583396087,0.1732784916649017,0.41246145306902476,1.363172274472767,2.9417027697849703,-0.021206556726452573,-0.00958945101730694,-0.965585562960527
0.0,-0.0017490934097002375,-0.004978475318277767,-0.03338371203656381,0.03607979435627744,0.08943243244155928,-0.007377733398862258,0.16215800953587897,0.026899212535917157,-0.034671537568586416,-0.12791477986293398,0.23932835923980453,0.08839164441808396,-0.014423746598089841,0.04258082165436439,-0.22680754170300887,0.35709177797928543,0.38569830614708417,0.6541500998133403,0.9930876115991489,1.7833841834660746,0.11781058906449449,-0.28418992735479137,0.21501141293577591,-0.46621059075766885,1.8491612887240547,-0.09385029014544057,-0.005237621104151456,-0.5785344954914589
0.0,0.0,-0.04247885091506298,0.010699006711011023,0.0212155479918579,0.034001147475388405,-0.017439449710615715,0.047812640613430636,-0.06314644702990321,-0.0023724999350202003,-0.08181585104081651,-0.03774797814370704,0.13775444509376852,-0.028514615428340637,0.3371053845306782,-0.037700918646537546,0.04664157917020266,-0.1581357969442041,0.3791158118620131,-0.2573697825012852,-0.3037384292723648,0.17048066106294557,-0.1575569197690497,-0.9648523311287625,0.10051039664404111,-3.394699268501079,-0.014361739466450231,-0.007022488264389811,0.2521138606674448
0.0,0.0,0.0877584902497836,-0.03821358054977982,-0.2949927514288619,-0.15353192536142518,-0.021578019992781278,-0.10480877527100614,-0.21789690273172743,-0.0005080854856910856,-0.0629288086196166,-0.2102019298734268,-1.1181123936833481,0.015908770101393147,-0.21813384047973222,-0.2649586339790404,0.08993248650009303,0.02824281372922467,-0.5292471855577746,0.856436661091863,-0.8601886473162103,-0.27005579732127105,0.46046373080421277,-0.450675085392837,0.2938774221474027,1.8157058476441224,-0.020279906229583186,0.023132027934866274,-0.13612023872125212
-0.013069557850695804,0.0034154805497768484,0.05435644006787408,0.0001434226323254055,-0.09806338041308793,-0.02647909437669358,-0.019202332961592856,-0.08037253157674082,0.020539136308936463,0.006353559215088932,-0.08008271689349682,0.2593994402723362,0.05331192787105512,-0.02459486021105789,0.21391787739152684,8.03908173200175e-05,-1.6609576025416357,0.41989579503191843,-0.7813337199265552,0.28661309981862004,2.184352781852029,-0.3856913440769426,-0.19239848506820573,-0.11551132401720371,-0.2547872550180432,1.4898905087893517,-0.09626789144644095,0.04128109149779475,0.5795466523318283
0.0,-0.0017490934097002375,-0.03283628348246785,-0.029678119488118177,0.05698832456251745,-0.08869935958918518,0.025478997747424806,0.25423209574626876,-0.1455295634473822,0.09468644071691758,-0.03863313428023911,0.17407377115264563,0.07045709906627527,0.07567758099510824,-0.002135530887831197,-0.42777939975798507,-0.15214840992644166,-0.1691471362429066,0.7357076682342535,-0.025144299227925455,1.8660727391096732,0.12574344613860558,-0.3457786168978014,0.17325409067899186,-0.599707396604129,1.3524520533378601,-0.15690115188381507,-0.015768435284104453,-1.0966587860069197
0.0,-0.007809886549927807,0.01729535514670243,-0.0042363355534328455,0.06411689021608405,0.086852809161367,-0.0006425517238470041,0.8146969062944421,-0.04710970859059358,0.014293474450379302,-0.0660793185318882,0.08229851345346256,0.10658440192347808,-0.02634663193805892,0.19949212199434357,-0.41142535372683803,0.010986148074919488,-0.04167915758469483,0.38951880838668207,0.4040922865487474,0.07326104133353663,0.0999557439510257,0.049028810424554,0.3267857199831649,-0.716411125116315,-3.211650073676318,-0.27093885677470814,-0.013348559676357381,-0.008391667972298508
-0.011131693680226087,0.0020171398101698607,-0.022363755306670126,-0.021501306993985735,0.14651361253646808,0.0332287161638666,-0.018169933711161244,-0.2528505198745493,0.010041836402768853,0.003506131601990598,-0.20480647471686442,0.6328273896811926,0.11830144819043491,-0.07849021432425904,-0.0734733143203272,-0.3330808063231048,-1.0187637837308203,0.3661634812887709,1.3909101685243985,0.15864831016260322,2.0218424825847823,0.08601697524884229,-1.0358946985188262,0.06110764524528645,0.5380237446161552,1.8443715546990058,-0.08676293419346241,-0.023358641103328665,0.2990663250778346
0.0,-0.008164550570679094,-0.009675403396718752,-0.020041006121293,-0.008784029940208452,0.13776845239806945,-0.005882550905618358,0.12356375676398296,-0.06451133172977745,0.21341025084972545,0.2595534513739419,0.13734773113356447,0.07561965679077579,0.008036462550763663,0.10546503003802285,-0.05976334294078927,0.23567605076713913,0.7301548699366139,-0.03740247017463977,-0.44007266117291954,0.2658727082474013,0.17937387663054244,-0.23541538687208918,-0.13826325169487022,-0.17533395633470153,-2.97791541158525,-0.07342342960930909,0.0029002075044017367,0.20611443262199947
0.0,0.0,0.03482770195769885,0.012417787090741228,0.05390855950197355,-0.03422212300447682,0.04653970326605958,0.2032762351838979,0.1581092201752787,-0.006269074200885039,-0.011194740592229835,0.21788926230762445,0.29630942928023907,-0.042336570200972645,0.06086667283837173,0.11734776842807652,0.1220558409241789,-0.1770812200394032,-0.4033592636303237,0.9585400448592414,-0.5091654981874112,-0.16188509793695072,0.0270161595560358,-0.07394312624676624,0.004707635153616835,1.562576765182972,0.008521137944633592,-0.01059138337809611,0.6959409746256424
0.0,0.0032138637179881446,-0.01764033250525849,0.014394957406081309,-0.010816402758385876,0.025941121714443797,0.03130036877146329,0.23881524481757355,0.17193060906703753,0.022967786917670346,0.19118296563869341,0.4295291265512975,0.12089257066873732,0.023047298748829808,-0.006065716773250827,0.114441428799713,-1.7316283717668217,-0.4555952334769179,-0.2962489568876339,0.799675028315455,-0.5017728431052527,-0.25070068029899567,0.9722355181115204,1.0603532911898919,1.1160485657200292,2.1765412169244915,-0.08442442946506981,0.04902287102756293,0.06717953840592555
0.0,-0.0017490934097002375,-0.03800253261525762,-0.052821982026295636,0.003913068466256274,-0.10075111793419854,-0.0031483410101676,-0.4924901547691091,0.034840519605791834,-0.012599446762387632,0.007109010485666817,0.11705104652188848,0.05984319433554198,-0.002659062482605112,-0.044541757906456196,-0.14327413463459102,0.42181694020699667,0.0836139162930132,-0.6027077162518819,-0.10014363444554655,0.13816873468448757,-0.08524069539762238,-0.14918354458834948,-0.23825211545013164,1.6497612932542804,0.9168205364746227,-0.0680455614251158,0.008229711858389435,0.30106411011279377
-0.02159714004931155,0.001738622190299474,0.03023255294709326,0.004392588111574876,-0.3185193509407932,-0.025898630267325966,-0.028512965977428927,-0.299832271916443,0.004380039174720548,-0.0007889566326885001,-0.2671442751894632,0.05488355930855614,-0.009544098078253849,-0.10733342006710078,-0.0497028890134151,0.16050743154761582,0.42934415118342917,-0.003167092017638454,0.5260515278064003,0.29830881135921067,-0.5370371048981011,0.069449895529196,-0.38729756464913706,-0.056103643375297135,0.09410940891047051,-3.2451183774986863,-0.0581696093380781,-0.03584226623411736,0.6728015460209199
0.0,-0.0042563879737080625,0.01563472188027982,-0.00029491938384015176,0.04051537226382396,-0.20357378516432972,-0.016419559440873185,-0.40634171456240453,-0.03908633950059057,-0.0014793992751829725,0.008901555466327656,0.110812856144855,0.06845349532741336,0.019110220197770866,-0.5228358683321312,-0.5818447345323713,0.5851350683151911,-0.06571623738729557,0.7295879883815926,-0.1989544521302567,0.7438315312814873,0.0746494721538805,0.13741110898488057,0.09777045235640147,2.0276339843562234,2.792850777276655,-0.3528322805346835,-0.013665439795278506,-0.020961946485463723
0.0,0.017639785397394258,0.00035989560539702325,0.00833866884668331,0.016784239997727376,0.027417051695653383,-0.011706798909165594,-0.13007836695580494,0.042353521071624475,0.004013437098636217,0.14208654208359936,-1.1531273861760796,-0.11851749904852693,-0.032929185178929316,-0.1881634890278319,-0.024678083155768554,0.33216742086230994,0.009753851184692658,0.48897810039212036,0.08872381055019155,-0.1948808831878795,-0.09307628093587407,-0.14908908450570565,-0.39963866004551685,-0.8675074852908241,2.5622058426138574,-0.11789054075574044,-0.012257478980380512,-1.4072617847479967
0.0,0.009242887438504642,0.08223454938580653,-0.018234095631088396,0.0020494360088475156,-0.12113483246600905,0.009643604781101673,-0.3094987364930281,0.013450457650708167,-0.05068209723037646,-0.050953092415622805,-0.6461285409117417,-0.17602032726164787,0.023036078660848586,0.016615428917470046,0.07939578109498237,-0.23084730814145157,-0.09991296656789271,-0.7555233937892265,-0.17915566081818382,-0.35790632225583857,-0.0636674437483032,-0.25001072511199696,0.007623009390875469,-1.173340229098208,-2.8398099752462045,0.8392295044869493,-0.005280894679479625,0.2032126698409776
0.0,0.0037111271223520584,-0.05523111334618256,-0.02368388728596306,0.005051863905368967,0.03801115278335299,0.03848560827606681,-0.34068600427996565,0.057541287265216054,-0.0026015631678855834,0.029430128690503852,0.07424758341795208,0.06862867149225595,-0.10132877685865349,-0.2740231818694561,-0.17354568973880383,1.4825529967198074,-0.047329204530252175,0.1972424922299723,0.530992875276325,-0.5722249539036238,0.04931697558070467,-0.09246895290715303,0.1495195830997192,1.0813264844911068,-3.5444237112447543,-0.0854512274589877,-3.637659739237761e-05,-0.48212820244149984
0.0,0.0,0.07635177095424803,0.004204554789384542,-0.33933681267446764,-0.07285745021134359,-0.010869069633042943,0.24280217126240933,0.1628236984419504,-0.010950235969112909,-0.0622350493470783,0.23312231959072127,0.2080135286730128,0.08297110816084208,-0.1037070929990675,-0.057764594996687436,0.38580315353032785,-0.6502406546696673,0.2607270450709775,0.3492105221549404,1.9943080848621684,0.026371043888530756,-0.7600984200909425,0.12324256659589183,-0.4572620845266236,2.49926588601634,-0.013769377426979782,-0.031327784450091274,-0.12686951430973364
0.0,-0.013913959973117023,-0.025760217612974066,-0.0014166941985324503,0.03976553136457919,0.26569248485050656,-0.004218411280134456,0.5748254104381497,0.02866519171793643,0.28372170558306026,0.22954723870228544,0.15644754795581206,0.09942320646408238,0.09007993788510654,0.18188440203231315,0.6597317101429723,-1.2548148623743298,-0.008752695927367554,-0.3505300886832714,0.7644426556456458,0.0331404872102357,0.1496843003191125,-0.11996840087238973,-0.4879361520873439,-0.7560202264822238,1.6732490969062557,0.12412337383593788,-0.025160869661705016,-0.6474806533871788
0.0,-0.01687971833267293,0.017712331435172056,0.008643113234267943,0.0459487521245155,-0.5499883263271673,-0.044003243971193734,0.019462596141113477,-0.003955319919416127,-0.008675167188658748,-0.06151136546051823,0.04241719704209306,0.04585908236204085,-0.029313159621314127,-0.09117601229734319,-0.5059808063249513,0.3246486270209834,0.2610759355977836,0.46161423249106825,-1.1536574168535847,-1.6256953388437596,0.015664853064726102,0.9724914364025611,-0.3134548599445707,1.1861041882821397,1.4934799914896122,0.09445273910416294,0.09003854000292655,-0.2542619327320426
0.0,-0.0017490934097002375,-0.03042788656025984,-0.03252392678722043,-0.03793317797288819,0.040754419071886344,-0.0032418585311226097,0.09047413695086247,-0.12039273449493534,-0.196002294579547,0.38804049696994347,0.1174195697056078,0.0800677005507606,0.00600864126621699,0.1154748451602527,-0.3667275677981397,-0.11811493461790679,0.3895474129971634,0.787215765513371,0.11374836079118213,-0.005431445625878433,-0.005983055512033745,-0.1325849151050747,-0.2580142570551356,-0.6199149576483893,1.875933725876037,-0.12825142843142281,0.0060983587100971095,0.29990627787912316
0.0,-0.008164550570679094,-0.019812595367111264,-0.014899431318073674,0.008647598599341012,0.19106692888502247,-0.006906475031506148,0.6156659096909332,-0.008115577882741042,0.20627748912814378,0.19375767666964672,-0.015887587084815306,0.01854115716633794,0.04661813296622132,-0.011739453725441848,0.6301013182451786,0.04447172039210982,-0.007495602081195348,0.8516421251580616,0.023008489123942898,-0.7878533912806671,0.11294322127615418,0.2187387311980555,-0.4046288219799755,-1.4863626466633528,-3.2322561664265512,-0.0758414093574458,-0.00797126854532502,0.35107597546028263
-0.01471490272770076,0.007872221895777017,-0.004203797699058222,0.002441213527646473,0.11718706656559946,0.07928457745568657,-0.027391315968003923,0.3045423006599584,-0.16562445806995765,0.013951106573700169,-0.1825005063042349,0.09522107988329283,-0.2794906832316371,0.0555948268396584,-0.06968805886442145,0.20741451377880007,1.0062537315719466,0.33692655722829024,0.8113977195274645,0.1168751468340325,-0.8380146999698328,-0.015802930639481714,0.40876812937842916,-0.0861830607103384,-0.1654562226872483,1.3086730180645751,-0.0597784345841265,0.004072087806717731,0.748256579760178
0.0,-0.009541243491530403,0.0009037392491965971,-0.00258791635961762,-0.04092179641418913,-0.01618312574012065,-0.016958580754567194,-0.22670844893311917,-0.14036119925825574,-0.014843760198719214,0.0503381989906503,0.28355114306046475,0.07195049514780479,0.1989302219573538,0.3095047192688919,0.5314817560484465,-0.792197475205805,0.1316822555582295,1.035458731144348,-0.040721304140766884,1.448431219332005,-0.028281347827280052,-0.02462251107919884,0.14017254938382667,-0.2027102478153124,1.9161889600322661,0.08608882965321842,-0.030640097853645413,0.21296501580620514
0.0,-0.003122775312835454,-0.004461010415781966,-0.007032533697148114,0.018405817028767382,0.34766433296148036,0.017395078544478887,0.035868963089414986,0.006652645636202888,0.1140172017206765,0.10668245804109888,0.23441421862017178,0.10214673109639386,-0.05311651092045596,0.3128280003841609,-0.0574063214181659,1.0108484376943931,0.21963443206142932,-0.18796222142309793,0.666869296032379,1.4838377632683821,0.07023688811015921,0.11238273578378415,-0.258358117956835,2.0795406404893564,2.7276467507136117,-0.19600270436782274,0.0026145265433022203,-0.21319817245115055
0.0,0.009511996201656674,-0.07222128900210509,-0.023035550445618832,0.023972910768105576,-0.009525560198970535,0.014538842401030563,0.04682651228949297,0.08988450163829285,0.012018767691897659,0.1318264029071351,0.3049400778971446,0.1680729677668094,-0.11308361111800277,-0.21976961341186796,0.1908634809158436,-0.0007944011592786041,0.011867752055222858,0.060209446864864895,0.16181528950495513,1.2308706600932635,0.23557679753514288,0.240381050545795,-0.2819149456779562,4.043434340762015,5.306462885023493,-0.05940384009391346,-0.007819637015246655,0.402969257518545
0.0,0.018425636619589864,0.028280388753565037,-0.014036365429731098,0.011876346083977217,0.02101131249283953,-0.011830068047714493,0.040793091683648745,-0.1583746436678349,0.005178482258509749,-0.3296813986534942,0.3146305424776026,0.09155270841371625,-0.08624207907414126,0.450074822859512,0.40792383929199677,0.2538946403192498,0.3443789176689585,0.2820046741881754,-0.13580672342040442,-1.8021232156120672,-0.10105136620551129,-0.2266589264316217,-0.20970310602876438,-0.9358026764852132,2.279302540880242,-0.09241203586839661,-0.019242536409594335,-1.3770770907465064
0.0,-0.026992761233738106,0.08370321113548809,-0.004874736340125451,0.034207350455710744,0.11777509941833844,-0.004997288558998378,-0.24991575260826313,0.06710453916027086,-0.1784801867601962,-0.07201054911884561,-0.7996930318555532,-0.06347007422502983,-0.09977623387360932,0.06663999758825624,0.08277962545715659,0.6394671041854455,-0.28334420828982226,0.5198714493986749,0.0820270315472367,-0.21377428859571437,0.07872847060320962,0.040548972979143276,-0.36943066363921656,-0.09558500137721265,-3.202376947490243,-0.27372733699664625,-0.017697968078111546,0.10910201670429615
0.0,0.0051015502801469185,-0.0019577464446206743,0.02900191868802025,-0.018024571574093703,-0.030748475960885552,-0.011042627205724943,0.06032821328989787,-0.17063097893486073,-0.16326828980272146,0.046229472352583026,-0.1390861280413153,0.10635944295664367,-0.06141052957893753,-0.18499037465360993,-0.3310050890512322,-0.6886254125458362,0.13830894377704733,-0.3330070758411156,-0.07512194227229868,-0.8758076954832607,0.33536529052258224,-0.29208127272958584,0.10520346363848383,-0.9840299534710609,2.4963186332322134,-0.11876887289028634,-0.002923340109282788,-0.932581633844362
0.0,-0.003980085052335234,0.00421557572507358,0.001057215379478643,0.051597775887231585,-0.11073383323492002,0.031946911119233326,0.06097390961597512,0.3753531170887919,0.010788798625915393,-0.00734815580176763,0.28048480907390516,0.09554514340413468,0.08573590130654393,-0.23924710441706404,-0.026699202179079368,0.3078269035247065,-0.012060836685015243,0.32869345565765734,0.08340023519490156,1.1287930172827654,-0.02482176290690951,-0.04882798372797518,-0.01157549416902699,-0.13092000863035022,-3.119204194089943,0.12313169551726462,-0.032175695362351105,-0.2779163975665492
0.0,0.07862097340584318,0.05435061218853481,-0.004827096438399003,0.00805430500539374,-0.04378765258434109,0.012722504557728075,-0.009461780400675359,0.04355428727446411,0.016448351784321524,0.02046060861530613,0.24585447210000855,0.026968680472910445,0.19248173313936348,0.26625135667437716,0.6595154598068598,-0.7055702347021171,0.11094760782281717,0.9050878871919578,0.06311329956976014,-0.3091123853694278,-0.6649819704993125,-0.5272096095403759,-0.12396871525971692,-0.459815806131251,1.513890069355048,0.05921611982879821,0.11722239472010601,-0.4659080855461103
0.0,0.0,-0.030024114567380623,0.0118764610173613,0.06896316015686048,0.09435738317130749,-0.008009524534409907,-0.14878197081406053,-0.10605523236144862,0.09208660746303,0.2643148468434893,-0.07101564989030167,-0.4238725478776012,0.05293027278871005,0.3278303197476544,0.0258775114099784,0.18757026699738769,0.5208494659988663,-0.22257798136179327,-0.29420507590351186,-0.3573392990412189,0.11222530131020804,-0.19150071481232245,0.25435407633397983,-0.6926196094684206,1.5968868657633615,-0.021702328977296383,-0.006769722718535582,0.1562196017295945
0.0,-0.00752548601956749,-0.05280722193965367,0.013985091180985842,-0.04826657981011036,0.0015201357145616776,-0.01003623222721282,-0.004284134352336884,0.09415692353225373,0.02010506966338116,0.12568215420951503,0.47865284300133665,0.13885816122591024,-0.11696701590398277,0.3196020905931802,-0.155972238473851,0.11917535841075654,0.4194198996211625,-0.6031336846865456,0.22676866569711424,2.1652552983092366,0.03454303834563423,0.6545744677994579,-0.1798748047576417,-1.4869234660953734,0.3202462812053492,-0.0886755884774597,0.06788605329251238,0.5000441349588347
0.0,-0.004336341519352837,0.016996623542388543,0.0019551084193486445,0.014911393190235243,0.2902923941073715,-0.001391851109239206,0.016305588663279653,-0.11145155853140297,0.10375404571784569,0.2682308095487564,0.08063228021201627,0.11488609694009409,0.02209016659620818,-0.27812558268863047,0.14948323528466312,0.1101037816634102,-0.06167568638377779,0.34564471853568113,0.14912166657397943,-0.4589560788337176,0.022811269133520454,-0.005189609769211889,-0.11575325001905948,0.18759688476172398,-3.008516390564087,-0.2942996231429657,-0.02402646600890391,-0.3245925004832633
0.0,0.033184104087601446,0.038352183167549285,-0.004006773068251117,0.06371179707495654,0.19617977397150566,-0.019358968233772297,-0.28524546256447125,-0.15356596936776098,-0.013415851937634058,-0.0644031914912633,0.38578118773047476,0.15975994863492413,-0.0004717705028282704,0.15574850622863462,0.810743690198374,0.3032741173440481,0.0302200297574498,0.04831942785339756,0.045561996674379955,-0.7406927970709307,-0.03713752335543224,-0.4567698374466358,0.035717705731175796,-0.5484219615998946,0.4549271174443806,0.1647891637474148,-0.018432243849103812,0.37486987866703997
0.0,0.019524506874119434,0.09974442495916552,-0.027003965148163844,0.004343085458947112,-0.16119708387634513,0.009643604781101673,-0.16201078433277835,-0.0019692105002032485,-0.13671288875615922,-0.379477110661099,-0.3830709877401845,-0.31733382838776936,0.025490900838099385,0.038929217031770616,0.4026676653253171,0.13306847959545712,-0.009341357550467722,-0.006986492694328972,-0.03485106287829559,-1.1356438990021742,-0.08887891229791688,-0.44794895364178244,-0.26647133354420155,-0.49041381067446677,1.4237167641073558,-0.14228985759459328,-0.01638351773589153,0.2738317297557959
0.0,-0.0033848918260096675,0.026042126500401445,0.0006155989998306427,0.0009938360257655122,0.3763767015454911,0.00852550089988728,-0.04093952787132619,-0.00367004013354516,-0.3322002561217873,-0.061363696565894854,0.0665910831631302,0.07132199854439941,-0.05414777222854096,0.02515798210315346,-0.5248934922640056,-2.1829753041065016,-0.20413199134142215,-0.5970857243476093,0.24345157399631587,-1.8941908612455052,0.08209573207798139,-0.17905282837706352,0.16908541207235644,1.1211221258508004,1.722640608213723,-0.2828580479068384,-0.023139846666993084,-0.1256837141398943
-0.008930070471372013,0.0036895836824246725,0.021893678671669806,0.0026576516917353726,0.09242473429992071,-0.07743270539490373,0.0070885946553058635,-0.17744569419277811,0.025883600752061968,0.012111388591145694,-0.13832994655814337,-1.0747292370339618,-0.25569976438318287,0.11355188871791486,0.0876877957930438,0.15483412361566642,0.864769004068081,-0.05758284177472677,0.1516055391679205,0.12411331830407211,0.11790850361330114,-0.11246188508209479,-0.21426097318076692,-0.265200433639647,1.9321699836062358,2.1349552266299274,-0.1005903039226019,-0.006505249053870842,-0.5968576230075768
-0.02001956253826153,-0.0006436782452643548,0.014234041044660656,-0.006636255935059846,0.05505138581916364,0.025825398153219336,-0.00584209680749165,-0.4313877653731403,0.08185372840405325,0.0018505918083967887,-0.16104954200193508,-0.11928559095427894,0.0006395393581539292,-0.03722505291513157,-0.027041137984898607,-0.3617838606619194,-1.292508210029467,-0.19110620265834735,1.0961215420570132,-0.429966238955866,-0.4748326892540382,0.07031337207934285,-0.45061463678122055,0.18438256499883088,1.3253509819975808,-2.912348212073388,-0.08509272891152041,-0.010823350084696865,-0.28554148571597354
0.0,0.023588791424129212,0.05736129949425005,0.03169898444563923,-0.007042392852746616,-0.010956089773849329,-0.017778065949631747,-0.3891930100433857,0.053781913671590575,0.016184098163028106,0.09802839481275469,0.2784747145206651,0.10485663405077388,-0.014025285307061292,-0.226573879436404,0.34166669080151024,0.1736474471787113,-0.3752279986959483,-0.24560040837060063,0.09060477272656144,-1.0186847885586665,0.3567723357703271,-0.23378883934343794,-0.24913658440027006,-0.7818364826707149,1.8344478521175247,0.04185711175673867,-0.04441806325356681,-1.3370411542382967
0.0,0.0,0.009256442787817063,0.007934002111945193,-0.09318377524675518,-0.06192489251623842,-0.01708618490483778,-0.5487654190535852,-0.0028744430448731707,0.003931030205321808,-0.0969001189957128,0.022506860459679066,0.14733060842319584,0.005143167707380126,0.04099818369389208,0.12123551576323496,-0.8905997690419025,-0.21298341404902843,-0.45745350849423483,0.04027022548408359,-1.0798350800739267,-0.06196066175504035,-0.20852949982420285,-0.5204651315484977,-1.862309686861268,1.4519804180573326,-0.03143749852155138,0.0013223497081543652,0.06934177360448368
0.0,0.02718480219930167,0.030552112618870746,0.004621522576969893,-0.0008389757209826919,-0.008687473047985015,0.04093952319055285,0.8338620407245902,-0.060272274311248715,-0.015358113423499837,-0.22325928675908882,-1.7120654855485695,-0.6735986213695914,0.027043959130078378,0.28817531050299217,0.7100740371684614,0.13778597190315198,0.1788894036068804,-0.18655484350833346,0.13217163623639147,-1.2629945519018102,-0.12663269115448417,-0.20356539277520277,-0.09363976442022481,-0.7685328587597834,3.1274787114926497,-0.08574854086638568,-0.01902456801989423,-1.0769754150848088
-0.012285671985926136,0.010746868436133098,-0.002938887945617325,0.0054378392184456364,0.09620227596597682,0.016201528119749023,-0.02026156101511004,0.11126054177878893,0.04358671857116894,-0.10205898430820295,-0.16418282096557335,0.16788755444904732,0.05271189455143941,-0.10689604588957317,0.12626451325476784,0.062389236096642764,0.6090477896281915,0.6140033790297141,0.33366400333240176,0.9034684126601288,3.0123068802074915,-0.0010567424639857143,0.2903920838305347,-0.011799961996290685,-0.4951324705444983,2.7384813080586454,-0.07589681620276847,0.002582980000272359,0.0528389750010259
0.0,-0.0026728350658643085,-0.034612739724774716,-0.04629961751654229,-0.016162906846794993,-0.06341923470963352,-0.003671293444396224,0.21099467642228611,0.023532212817528125,-0.00886629905457591,0.16572015452500943,0.3804326721249476,0.08589748327810769,0.011720323129353158,-0.0880787428960824,-0.17189019961034296,0.11210983261435827,0.05242684898261457,-0.012036717999286566,-0.1917798523034429,-0.07379243928085248,-0.029220432520692907,2.300374787117595,0.13262630530662242,-0.6075905435166747,-3.391538951619047,-0.09265960940038512,-0.05306911681669757,0.2645106259468881
0.0,0.0,0.029513660048361957,0.00894482370160434,0.06910477800150602,0.12182237693486454,-0.008921555856138581,-0.1294093234061109,0.1904721397944916,-0.0026523907228694064,-0.04597292497274578,-0.0032970852627489692,0.23808270218296995,-0.034370281678632236,0.041865811570635306,0.006099375018150454,0.5180087751805545,-0.41595794966059163,-0.6610277406545956,-0.050247540458485104,-0.5270173262048993,0.20049285686987345,0.19408484188344569,-0.33959188364566895,4.505947416573901,4.592116225223415,0.10795007939569896,0.026110082940661358,0.6248789216195747
0.0,-0.05057773849159787,-0.0318551660523024,-0.012773573890419805,0.002884630047984847,-0.006230506838327891,-0.009644763843105275,0.2111610776301813,0.10801266683821935,0.02711975225879905,0.08608041066816038,0.3456908631060174,0.09954986045086371,0.160463221793208,0.2436191763944265,-0.1309423210920942,0.5901504561360301,-0.5484988983461206,0.041751653110580184,-0.0992426557286574,-0.874501281971873,0.07260485102637486,0.0869557396375511,-0.2832356490494029,-0.5776011126738871,1.9902953656587858,-0.11175296283704224,-0.012408930230936076,0.44494232585389293
0.0,-0.008164550570679094,-0.005363750540779945,-0.011629971801285624,0.030222000202647373,-0.0531200411555557,-0.009763690131069844,-0.029916654421154435,0.015375926353127648,-0.050942737862921424,0.011102707044037778,0.18783370444187972,0.052058996364646705,-0.040617002031533136,-0.1806577794021826,0.5221981651878081,-0.911050761994116,-0.10066966394620183,-0.39863720330366686,-0.341818659075337,0.6529023426982408,-0.07953773073082714,-0.09810094373192152,-0.06357140358040592,-1.8552228010574767,1.8880828244548733,-0.08567202140015616,0.004122304070295085,-0.2528073554661235
0.0,0.0,-0.0017680408963809302,0.0008698723286513048,-0.1074180185225281,-0.017494406463722943,-0.012905229709135047,-0.07616325430822578,0.08821258855982071,-9.351172482234592e-05,-0.11829736400882722,0.11513216459406372,0.2366497851310494,-0.03504405577364831,0.23411640878258594,0.20552039828515217,-0.016909349347917085,-0.22413429898167092,0.30325763700313824,-0.29491831936573926,-1.13683016202861,-0.16045117246303986,0.698008293334318,0.034412619147676834,-0.8520663129788174,-3.13303319620911,0.1081096766421442,0.05719362088231205,0.3835789220523163
0.0,-0.0017490934097002375,0.11323848170004219,-0.028161202682881165,-0.031787860152823984,0.1528508530709011,-0.0030620120949491044,0.02729189848025395,0.03802079090785071,-0.012806917057138484,0.2596862960014882,0.1451872581568038,0.08254433906508596,0.025582139806215348,0.07095536221175121,-0.18947983198565133,0.21420832952061447,0.06901631964139657,0.8993412926808425,-0.0757361650164345,-1.4128857278257998,-0.07358105286331423,-0.5568164292302918,-0.29223748653054293,-0.5073379787038814,1.0796898849638368,-0.13766578974953045,-0.014704249154552046,0.46962796950274943
0.0,0.0,0.12922929669142846,-0.03291969096168279,0.09544849798108897,0.16564544384536142,-0.019261259931065262,0.5706479787964295,0.049817687902178893,-0.06951196421151873,-0.021157635060541708,-0.05922883016692274,0.14379960214826143,0.04556339165686003,0.08144924617233662,-0.45374870133646256,0.41310509978553567,0.4076455826282023,-0.6330905003926287,0.25390492860304503,-0.8793877765436129,0.1943857917698382,0.0720038581574347,1.1570240400513514,0.8657205820319046,2.0719253491323975,0.00936304496706919,0.011300510479598397,0.03108395290226017
-0.023124662069543913,0.0032810530229728267,0.01650035374378867,0.015164322944165403,-0.09533316469690495,-0.008469391163705294,-0.021889660934777448,-0.016169882332170312,-0.03275698143379449,0.011561324952966166,-0.14498691419834706,0.190892697748096,0.042724226362863736,-0.055111653592563314,0.06988048391117183,-0.10137787950264054,0.19701282396612257,-0.08660682362680547,-0.6348795384373785,0.5448320075094112,-0.613520367308817,-0.013222618444580128,1.9059942299745012,-0.26951554262074734,-0.4956380850139737,-3.5015096025947874,-0.21444015690821583,0.10803308888854868,0.4526599103409389
0.0,-0.035328587674859024,-0.08219149891737632,0.026280184294415112,-0.0006558264909134881,0.023959551939529054,-0.00825024836652834,0.7891693820491904,-0.013628751507578415,0.002828840705362951,-0.13173538685556693,-1.0581261446293595,-0.43062490051338714,0.218932945852937,0.16061426697918862,-0.007986028384774187,0.18356031740266554,-0.16600134006430012,-0.09114814827229387,-0.1246892216525616,-0.5089449813239777,0.2933795043762702,-0.2125698487922194,-0.07612891352736251,-0.8811131995833218,2.020422015838098,-0.10685518674860177,-0.0028383943512601782,-1.0314182297157777
0.0,0.006761239681592294,0.0743161669951241,0.020021800845087513,0.02039631002721672,0.0343590556868538,-0.01045621103726378,-0.019704871338814295,-0.10025284341259236,0.011851232105674946,0.05471244240757282,0.2517811333288757,0.10999194164116559,-0.012226542584178792,0.19584037995886047,-0.07688637417003744,-0.19963971578932113,-0.1992883158065085,-0.1608357872129054,-0.08146330369491828,0.09803696159356139,0.21310737767624016,-0.14222483849728926,-0.31233264238121106,-1.3187340152229494,-3.5030256719645605,0.6394154470957336,-0.0023423541793725577,0.5457219110722108
-0.024018632886693578,0.006641310185497063,-0.03153928175996494,-0.033739958122945404,-0.1917630443607196,-0.021140504424303812,-0.01939125528558488,-0.02563074247601579,-0.03617287026195903,-0.008781742049898178,0.3246347114661717,0.06261139073493231,-0.0015758807754149753,0.08753961032884443,-0.042376176995499254,-0.19934137484194892,0.21344195647609876,-0.319776948431378,0.7343359947991444,0.03282009246764722,2.535517437315911,0.08224116974643796,-0.005481572910763674,0.0009040256834921879,-1.02879417105223,-3.8006235885992803,-0.12992023270288489,-0.04182423096874481,-0.5382271242142814
0.0,-0.003783735978745062,-0.001827906387752883,-0.00017855513277559602,0.054314546776082315,0.20537473180746607,-0.012212891779516217,-0.18462287734501978,-0.10139339666658002,0.08223094619168592,-0.035374887271200285,0.14006993794045106,0.08233733561946607,0.04421415934799385,-0.30224036104479174,-0.1089649417400689,-0.03233642807844925,-0.406158579627475,-0.14229993729053728,0.512152835067227,0.8528541071183742,0.04383390863605805,-0.31372936394878875,-0.0964514164565084,-0.24932622495665802,-3.1415192024959278,-0.0971759849207329,-0.014153781155228433,-0.15887537912741356
0.0,-0.004022561459995103,-0.02915314923579242,-0.006569025341639532,0.046641939993413095,0.5165438217975227,0.008977684413006573,-0.23587527048387041,-0.08426933457999854,0.03167149180563551,-0.039120879655508395,0.21278584912741857,0.12670650381706808,-0.0398527412574946,0.0837514871391915,-0.08795382479990801,0.9883564342745993,0.2543439242255103,-0.19292950388997743,-0.6891509514130753,-1.6960389545896506,0.08363470045021744,-0.07062547690296606,0.12541357864215427,1.2981762883090144,2.27854193651501,0.16886166377155462,-0.037587164732176374,-0.17313384446155736
0.0,-0.006070658386370424,-0.02007235460263372,-0.004006773068251117,0.04524178847968037,0.2534215495993428,0.0025458878754179262,-0.4844789118333924,-0.11317739657161081,0.0965076235704216,0.16960874933740372,0.23381115158562135,0.05637530904539738,-0.046758337454709656,0.1584588208102719,0.3642352601660709,0.25983794876794586,-0.011963942623421753,0.0078311204135781,0.011567905848861205,-0.08337732002414072,0.07929883702438423,0.09456862832868575,0.30890424650845233,1.4689198623514705,2.2137536240752866,0.19066550237057361,-0.027128313669417793,-0.022686284360455392
0.0,-0.017246647738805493,-0.009844784270633183,-0.010231693888188034,0.0057827314821619815,-0.05645844183399324,-0.004719812934051668,0.1559290014110652,-0.044383600977821146,0.13239326790412725,0.23743752834749968,0.02265828292192375,0.04746482221050956,-0.005109614589048164,0.6632263795727191,-0.08998122251796384,-0.7995335275046662,-0.10067030870029976,0.6606070418523514,-0.2696825415692793,0.10198005556656367,-0.9028851857339224,1.8296090811397179,0.18074268773046223,-0.9923531759136164,-3.0038250857713336,-0.015217961361946619,0.06614715308312603,-0.5391119992483007
0.0,0.004298466259344002,-0.007566713707316354,0.027175656445619666,0.007914519553452782,0.03401897258704748,-0.016949258247380805,0.0027561583351182976,0.00044120843518574704,0.13596158417399498,-0.16425858135119423,0.2818531762699435,0.11211976349641917,-0.02300766202198724,0.08627489182948411,-0.2752509841607498,-0.9887973189736101,-0.3262361789294525,0.11180817112811536,0.90018059032995,-1.4973489535160098,-0.3423539626616806,0.007164753991167259,-0.2987845962805065,-0.6579350938035987,0.4965613493383169,-0.11601370564853279,0.03663738697724748,0.45563321656000316
0.0,0.01840071984930654,0.07077729703880414,-0.01477741125922386,0.013992629477585707,-0.019489050735969897,-0.01530754774799091,-0.1543817227840978,0.03186997465857674,-0.19981536608552616,0.18053860959763884,0.29507215956031546,0.09823919606949566,-0.09629254951470301,-0.32070310437857324,0.20154955827044038,0.9151161242466378,0.1883252051043577,0.354542103320777,-0.23907378034545332,-1.2429059105114841,0.1403152947342842,-0.8452674210457188,-0.5105215682438415,-0.6751816412859312,1.5533516036462955,-0.10696034949064652,-0.01180643441164025,0.38871820501168486
0.0,0.019524506874119434,0.059310023081421324,-0.013747299706953072,0.02235255350403569,-0.11813547757010989,-0.0014986976227461199,0.37017764808932047,0.04948671031979789,-0.04119183630340158,0.057266432846486796,0.0722505659827697,0.025473181700187898,-0.10511628719699136,-0.5042608765450729,-0.06792441914304834,-1.006196523906064,-0.0740797739114021,-0.5440346499827665,0.0003352770888999733,-0.9756888770081974,-0.11939511943314017,-0.30026659309215437,0.16940367513453244,-1.2547380734015496,1.703052474465671,-0.08822710142917502,-0.01688434003845363,0.09880588147150234
0.0,0.0,0.03170915617399247,0.0018552263313280117,-0.03485672124291584,-0.03979635288927971,-0.0023096938084256778,-0.24743803201060494,-0.04859862034164998,0.06634658242707783,-0.09028103191777286,0.04244718735935033,0.15749981868161073,0.05712744448035659,-0.05397835168249497,-0.056626410701419015,-0.1609558784613458,0.26257811312692114,0.027730544753789804,0.6451454343639386,-0.2619720494170797,0.2424652364218874,0.07498547643864399,-0.21608472873224405,-1.2359134362966662,-2.2480686865900363,0.023398419284758297,-0.008496074804748649,-0.42235520062221704
0.28885412013535966,0.0011408693571081361,-0.0788580635930831,0.01812502096815387,-0.3396107796955851,-0.017855241458972913,-0.023486533087833467,0.4352016955753885,-0.01225425793667018,0.03333996850564294,0.6886287474607768,0.079902710299193,0.011382380641714875,-0.11793096424518765,-0.019600133323104625,0.19683992418309382,0.7141287324800317,-0.37663030370523626,-0.7859282715102024,-0.16797939286125016,1.2762817960869652,0.06295443653807466,-0.9434918044363231,0.07189954787977015,0.036050192263291016,1.7334434827967047,-0.12372920640232882,-0.038667342756587744,0.5276412256976503
0.0,0.011262683786969471,0.008671806886932998,-0.004827096438399003,0.027353478694752947,0.09193620366799912,-0.001518667800532437,0.08376741954136695,-0.0009644078652952773,0.006025547830065314,-0.004694582568997338,0.20851730495664716,0.09741935406204184,0.1455409058976615,0.19036227113048093,0.5611716428527229,-1.4291313728029396,-0.12950469621721683,0.22410555622448242,0.7257907844695897,1.3398891884927322,0.01787084752948638,0.06053758543891269,0.09739864739739018,2.891984519570225,5.204838836941337,0.05609931029491992,-0.008476204114515327,0.7905740258856272
0.0,-0.004727399601372862,0.008046822134734887,0.001057215379478643,0.03369048618724718,0.21920752966464993,-0.003561608292212968,-0.1035074032240423,-0.0874533695556249,0.144111621238176,-0.06113096419668968,0.191339598581937,0.12513897001077717,-0.02316239272853723,-0.2545429485834878,-0.21713872610070514,0.035475066329416105,-0.11575781408750634,0.0889600189731255,0.4088397582439226,-0.45447466042680856,-0.03374756007624785,0.4927668305930551,0.2126474260454443,-0.40403999325588835,-2.7031687365753947,-0.31082593252686247,-0.029059866429916918,-0.3231018140426003
0.0,0.004172962991184906,-0.04944783544558256,-0.03474915554607603,0.07769709127244245,-0.02047691326702933,-0.009626549085734935,-0.08530726115660121,-0.08146111763201247,0.010772068954812917,0.14445409354148417,-0.11436577500094694,-0.09548456835990739,-0.12126822149527547,-0.16979095052783366,-0.27215128094255764,0.32742279753265224,0.1847991308503864,0.09997942185985738,0.10485079408242985,1.1369407284216098,0.19576891091267276,-0.2333468594151238,0.270529455894873,1.0769238943895896,3.0085731769013657,-0.0950465556915475,-0.0021254542853678276,-0.7182505508199838
0.0,-0.004268511219289961,0.019516376796971914,-0.023767272169411265,-0.13517953653771544,-0.1849810518546977,-0.010757030046849476,0.14281360677235025,-0.0726961912626884,0.013280643505534385,0.02339161336043718,-0.030556830648659397,0.051716923590007846,-0.024587669511415444,-0.12404128619964208,-0.1157121841405958,0.19224777959762002,0.05943863930564972,0.8056875019672242,0.03228536899078058,1.2173300767901223,0.053127791329790196,0.021428821733267444,0.4385161572769531,-0.4365894652642423,-2.9140541437170757,0.08387626177129585,0.002712794190991673,-0.41136459851601126
0.0,-0.014520536179505864,-0.043068080656985544,-0.004006773068251117,-0.048088130265065164,0.013516856874166336,-0.024428115584465792,0.11858135955004181,0.27646530764984906,-0.34124121711145483,0.04533787183394232,0.37349483147222257,0.12370289097252993,-0.06961309172821749,0.05957036826755301,0.49612215771553797,1.1482783511281225,-0.35608135772870886,-0.057206964021635755,0.4665592740059152,-0.24343474326696338,-0.01575022378223939,0.25975944414037205,0.2720919752284481,-0.483739888669137,1.9947675398451226,0.12593848194372687,0.005396459590733779,0.1418325230798562
0.0,0.0,0.05225271365121818,0.006288291705548847,-0.13728821876001332,-0.06875690028125447,-0.011671492566899908,-0.3837516730101144,0.1939723761253144,-0.012649767027922997,-0.14827136305280667,0.06972925571251071,0.17820855670657232,-0.0035580774761243164,0.2767995680228009,0.6918483294948212,-0.03055579051086654,-0.47454474113526285,0.4086793753654666,-0.8201362355968914,-1.654364723355726,-0.26761519446756094,-0.035808453345354915,-0.5131287125625603,-1.7707944160137783,1.7990460845970617,-0.03853301615009599,0.09392553154653421,-0.09198452551720615
0.0,0.0,-0.004076550454830017,-0.003474141359547503,0.0699502094170639,0.06914477433868345,-0.014233931528955048,0.15772585507892722,0.1278999213910962,-0.02534889900409342,0.013070377571876129,0.10465782587302387,0.2037276421806415,0.14628497697897663,0.05207578853662982,-0.6215828796831906,-0.04541226921548676,0.1067577852760814,-0.1513357254642644,-0.1849044709604201,2.2828256775103273,0.10101714025691949,-0.14914315950061094,1.1020972004756777,1.3983325199067358,2.2552352323467444,-0.01898845783164858,-0.03117283721447813,0.013702309354966098
-0.014408635704949739,0.008363802027276388,0.052168691393485386,0.008687481896821881,0.13982019883226166,0.08682414434773653,-0.004355814077418394,0.04989214364253972,-0.01395429295574316,-0.012038195294029243,-0.2198473255347768,-0.05455431495900637,-0.3630999366899704,0.3218151122788771,0.36867808263410234,0.18410316392738632,0.5129253718845476,0.601109170302862,-0.8009681198557415,-0.39667209504116896,-1.2702209336256491,0.04530171248411747,-0.05167353774166215,0.043474231654210604,-0.4758930470953626,1.7359173076372358,-0.08453676063119453,-0.016762090759780038,-0.482057233678581
0.0,0.04412900192823696,0.02453843152811165,0.005297007528264927,-0.10035370248751865,-0.25668852932708164,0.021583843449579636,0.8305196371093113,-0.008537416937572779,0.029987804300518926,-0.016093327177158157,0.20981896201762834,0.17463175188843955,0.0654231600194077,0.25307924735458204,0.8694267869514507,0.8760397096205003,0.10698871235659586,0.48815972498386334,-0.9873893723386442,-0.0543993206309631,0.08738730795911784,0.15646960196534881,-0.4203401169960892,3.032349524487053,4.50734838017441,0.13185636347869895,0.0016901253627138566,-0.37784977597560726
0.0,-0.006483532137970646,0.005537372612371249,-0.011760224145844007,-0.030948741194923537,-0.016330339909368562,0.003915341882136908,-0.012900920253580715,-0.015630731919349408,0.007746250244853887,0.09912156311712711,0.13167772250225496,-0.210874678780978,-0.04470430137624116,0.2065500265444989,-0.3808794518266066,-0.5136418789675722,0.056433675155123354,1.1188867330360037,-0.3010997998280963,1.7050201375316496,0.10463330853437473,-0.15783994850452115,-0.03749433181099854,-0.547248947161037,1.7087412723207085,0.06606388634623132,-0.032193102410029775,0.3809991094651257
-0.015404787287104711,0.005983582316146516,-0.009403789808265835,-0.01663836558105046,0.08578258198786548,-0.015530962718012912,0.06527266305407524,0.023799038354062756,-0.06473735493550993,0.022036350886123955,0.5021229750118084,0.08988495860323939,0.014303264719380492,-0.14366055344650422,0.008936250121802219,-0.31982565020832815,0.2563172591513133,-0.0472355873713883,0.34861080456626437,0.3223818533764331,2.0406776993574174,0.003295569216566066,0.30878540369253116,0.5397497920547603,0.542350224000955,1.6041399187904912,-0.08560860234581512,-0.0047872597786697635,0.5535901033831722
0.0,0.0046799290561040435,0.027491545151516673,0.045111414024833145,-0.0008999905973970402,-0.006479387365672104,-0.012424998203654516,0.29701984605570586,0.06769329338579855,0.026707071010326367,0.05615402093027674,0.09686565523695209,0.028862837375133694,-0.01993062481767551,-0.12360306565550112,-0.5898125895899963,0.48986734254004805,-0.012537015403355271,-0.08956343688074629,0.12314602600380645,-0.23878117672765342,-0.06100398690289007,-0.22504527460108478,-0.16313067088483127,-0.4867814453892321,-3.1654072271980636,-0.12087519720789335,-0.00012955833022069844,-0.7492064516386265
0.0,-0.025722407178281743,-0.08566844267235593,-0.005191838010843153,0.036239336657272046,-0.14399713262359062,-0.0023178252042100767,-0.28899325940895004,-0.002729765606960055,0.0008303639878224542,-0.015505023184517621,-0.6431738966728044,-0.6050994986110857,-0.08060353481891415,0.07051042061953292,0.2292594211255181,0.831771446428474,-0.32511266305124814,0.6664728589663866,-0.3572139393875012,-1.7884914045984919,-0.04918145454746205,-0.4076184229108436,0.06392315749482888,-0.47675400072413365,1.3678354238392276,0.129550396135576,-0.02136091151260235,0.34260170382372845
0.0,-0.013824404740170283,0.07624307819478256,0.008643113234267943,-0.0011265648118336043,-0.1566933068818612,0.018289031519522186,0.09332981782550859,-0.006006261575663332,0.03505720935574171,-0.04955023623243665,0.14899230434876892,-0.12951956908735016,-0.05280590456301359,0.15424512913034855,-0.002016332547232917,0.3461392767453083,-0.07289715400498475,0.6341564513523249,0.2287340194353648,-1.5030597417814746,0.022203250935588958,0.08007780280332101,0.19991305145636296,1.2348545437394205,-3.3864442476479226,0.19552992775067793,-0.010115505552251443,0.4808801439886867
-0.02074174217184041,0.008454436395228627,0.04005682704979249,0.0036977223385735204,-0.2699200911852135,-0.038273406435860656,-0.024532667155284408,0.06136640130227021,-0.020133953781600857,0.04351855821000397,-0.04114122851475649,-1.0205987357076998,0.0297513075962932,-0.02892433453263176,0.07887255848072047,0.11737963078055558,0.3692309922616979,0.37826250033030034,-0.19725231294731074,-0.012416801395983694,0.6921253542478253,0.008468124721557724,-0.45845436977343695,-0.24028887538835128,-1.0496988033864196,-3.7372223022899598,-0.044955743258912384,-0.01667356484940924,0.5349571719669217
0.0,-0.027203883827927978,0.04217161367585478,-0.011758856774270712,0.027162720972525055,0.49167650985465255,0.016820245494846852,0.12217181445363237,-0.01152020395467647,-0.012337683700545601,-0.05547266857026213,0.12981073984037084,0.11460207943791799,-0.06683380563364501,0.17284101958150724,-0.7464346559613495,0.5676993090092651,-0.4382669883256274,0.22221661420430144,-0.18677649281218453,-1.6871263453569054,-0.04913103621272745,-0.23912903788792375,-0.5246262285447411,-1.097388920450559,2.0485590731130756,0.134454147988632,-0.025021546561812186,-0.026571158152754775
0.0,0.0,0.02736979024064112,-0.017197432570540135,0.09930995315697819,-0.09218471130020539,0.04461723832268796,0.013055932162930741,0.2154685702567826,-0.014759951673546101,-0.03918084104237367,0.07867908357520113,0.2859271551985401,0.10217683912718947,-0.16262481569099188,-0.013197823431604232,0.4130890546862579,0.057067711054375435,-0.8756807884837591,0.5155016103600052,0.8752971618745977,0.15255416571687275,0.1770808923171176,0.35352043777904546,3.7333664586675708,4.633433004434684,-0.01301377371825537,-0.0007184623268963459,0.48891017706648277
0.0,0.0,0.027036533820068008,0.014313829554598234,0.11193007369541215,0.08684033901288285,-0.009753213146165379,1.0275206972227018,-0.23509363616302817,-0.06176458382317224,0.019031677549775843,0.4597784963111795,-0.9127834413992344,-0.038041168478720314,0.18722323991179174,0.6995420298928607,0.45883344334417564,-0.2878463968397112,0.4259270546635937,0.2508918180799638,-0.6652154193353693,-0.045369484086449384,0.15144105157051785,-0.30399358770345786,-0.7067292533067755,1.7217236841306733,-0.017028851117517948,0.0014992338122953928,-0.34795359148833177
0.0,-0.03338180425350437,-0.052737095843629525,-0.004006773068251117,0.013787768041813846,0.31600873780033273,0.006506110101021214,0.01020105186787109,0.16118486003712965,-0.39240384116807303,-0.0173176094740703,0.2770672601036448,-0.05001905724858285,-0.11029291816490365,0.06718897956575114,0.25075688072977864,1.1159359443628134,-0.08105276438429311,0.5285548012986172,-0.13251399947572368,-0.8172429084132972,-0.006516680091058565,-0.24064315928283433,-0.514479136445043,-1.0610299936395482,1.9410963359213687,0.11896511606778304,-0.03862561787656546,-0.39266738947679963
0.0,-0.030953884358152356,-0.06461813654203402,0.020915941359998323,-0.10548995773986128,0.008886453328233637,-0.0058013981755282076,0.11658922654351211,-0.08708910529455006,-0.25348334654636107,0.27533363201746547,0.2904587673150289,0.11135687728412048,-0.07920365412225952,-0.35442367327461444,-0.5378535286616349,0.8039778934706683,-0.8167142165712317,0.39051050433283707,-0.36916934571439836,2.5124906580621946,-0.3268031476354332,0.3079211571706109,-0.23853671336636278,-0.8380680933802686,2.1533985190902296,-0.1374227585919855,-0.0058766034533298235,0.4825978533720493
0.0,-0.01775033112512471,-0.05788317488393509,0.020958658747097937,-0.0004951228157139319,-0.006831113353193931,-0.010002725942439445,-0.3184353103708544,0.065735577635035,0.022239444076092123,0.07975824020913319,0.2986327728102279,0.09877787163286457,0.7221784004703978,0.2591530627597232,0.2859547664488136,0.5527090227361935,0.3546239377356873,-0.02276505629485568,-0.2106908324942447,-0.13390440479263693,0.15469777916022712,-0.240129614797092,-0.21955308469977194,-1.8407537680945962,1.9834393817875269,-0.08052699241568086,-0.0016957574476537038,0.4506109737386719
0.0,0.0019801057468304575,0.00809438797114027,-0.007738923254587706,-0.00847117420984982,0.0910224810363796,-0.0019496405949449977,-0.007820539892463138,-0.0013655100409591336,0.09462001204303958,-0.21030986560404194,-0.05852448068851969,0.04270526799927672,-0.06279488144722384,-0.6359423169337503,0.5042922892512717,-0.7446659562747963,-0.22738924173172473,-0.40851185832271497,0.05318481075865723,0.12562027471747064,0.020365294456609118,1.2711419646046072,0.08879121735251277,4.1342437801594825,4.98437099755042,0.4537908063702402,-0.03736568165336927,0.27237736620814224
0.0,0.006729886560355488,-0.006063050914913177,0.0005082585563706205,0.021837252301068852,0.05927659074100448,-0.006353013881085751,-0.0725752625494914,0.04380493417355857,-0.12276878517733619,0.08726603710370173,-0.6994304013731375,-0.35161993883335063,-0.06518698437695176,0.06870560011850001,0.14737603346140646,-1.014418832315054,0.03332349843817498,0.2156184875531726,0.030773588136781136,-0.5677880728818159,-0.1756258450543961,-0.06169976082408983,-0.04935272964702639,-0.9212387783543501,-2.6092918731274586,0.6854168498751029,-0.026170580685123054,-0.5534497547350912
0.0,0.0,-0.019258756497850547,-0.05239122593344805,-0.13086340032979413,-0.0689274692746878,-0.029092181122070414,0.03019320136966817,0.030295206989226036,-0.022397941872380516,0.032919387840408786,-0.09855583215606596,-0.7375420494034615,0.04489471763087455,-0.2092482722682877,-0.5465981827519437,0.46092226590918983,-0.06545524529605715,0.4210008975904774,-0.24270033363019627,-0.4751823763646506,-0.0001824041857938673,0.23215231647259668,0.8552055062972603,1.1099321693802986,1.8781047206298997,-0.027862851911243346,0.001994810800605641,-0.011463847729949345
0.0,0.0028727463750055577,-0.02532908335425375,-0.012440196464462486,-0.011554707810487517,0.003457799136805502,-0.020363526083808772,0.31383214253839237,0.06600822116138072,0.01657034750512994,0.11347991717998857,0.44571055744048654,0.13212311482387773,-0.037959954299279994,-0.1721858684134562,-0.23966927231012186,-1.328194773493228,0.16385599194170145,0.3474719470149597,0.06666223619208708,-1.2215612224274845,-0.24486400658735255,1.7858587086627848,-0.39974127360707656,-0.7525389776494974,1.6528941687808838,0.0058504934952448365,0.0745051963122229,-0.883218957929851
0.0,0.0,-0.03365752152454015,0.025600457691608063,0.12385101561856367,-0.08076382334683097,0.07257911063709854,-0.07465394437133135,0.11172652610816781,-0.007323052030146562,-0.05200379643130722,-0.044022265711994295,-0.9506540170114629,-0.031209527880359078,0.3348872409767649,1.2232576556738983,0.5516306845192042,0.6082097254590891,-0.1507447060509996,-0.01173195083433667,-0.48370677759194164,-0.18775459127717042,-0.04445670936455786,-0.5505025765293348,-0.3054910099282543,2.430193419637015,-0.024294479295837668,-0.0001145035338961319,0.014073821033322925
0.0,0.0,0.08028648877034684,0.03207643220069947,0.11798829252231983,0.02245853625266699,-0.013081597657632154,0.1815535731047856,0.1791373053755343,-0.0025365320746528757,-0.06843771946388134,0.18155673142272952,0.2555562339092297,0.0017872222964984605,0.13963200945996138,0.6543107600579262,0.623726621940864,0.19081708955112645,0.6711646106986551,-0.3903362020888872,1.4426924659381244,0.147296993307895,-0.21222775159922824,0.23053923801298223,-0.24242735566864446,0.6808344524668343,-0.01838010591928641,-0.022944795404626767,0.551784973679858
0.0,0.0,-0.054567768113717385,0.0003084144905477483,0.08864160795374522,-0.07567551199744425,0.024665238605976195,0.4461773411329075,0.07206303233311386,-0.006019610142419458,-0.09134873504006977,-0.022440097425150202,0.11607264930590627,0.029714393871550032,-0.12753322766114672,0.5386059826014752,0.5493382129870017,-0.5987585649315932,-0.2924818777135085,-0.12132213581629159,-0.612668299692779,0.09170200828920783,-0.28840422613853206,-0.22521787729207912,-0.03425343062439085,-2.9364042993717,-0.019276523111967928,-0.008343744965163847,-0.41211458455852473
-0.02132163961805721,-0.016689965365050057,-0.016446795070754857,-0.0022129988337515507,0.03307532729338344,-0.02736968215616793,0.03795321912893462,-0.01644526992318828,-0.004136109472270063,0.06562287325702282,-0.05730126203133112,0.11205502037280503,0.03592845941140152,0.0903797237500248,-0.13660551672246146,0.23292965827705134,-0.7921266453845386,-0.083789560059062,0.29499669117778116,0.7122735110293572,1.31372542757903,-0.05687153154656979,0.2360813076820596,-0.33083503743764686,-1.1863062398873923,-3.688307004705122,0.49262854649195287,0.0016391762452725022,0.36027591091869476
0.0,0.0,0.031262247782222016,-0.06216059921216958,0.08189878265695422,-0.07248853879054522,0.06282570678114462,0.0019129267522090313,0.08136210751227245,-0.01490717462281562,-0.054557638008410195,-0.014528091927578398,-0.042155819862123634,0.05911836377698147,-0.2579790560980493,-0.5398767405488458,0.28949398125638887,-0.266412616601379,0.28033344705294233,-0.26057589177155455,-0.39611521703320146,0.13916268683029573,-0.029489591461448986,-0.4044661877791491,2.159454743173549,-3.4064595882058466,0.024005692677652145,-0.00041868938437962793,0.3563673630637688
0.0,0.0,0.053996448905866114,0.009397289645284844,-0.12339050271847588,-0.053059242961435944,-0.01002727523986689,0.10118945851685796,-0.16920098706889072,0.0709979517308034,-0.03912383923044238,0.13660257920117216,0.21294191241503976,-0.03459161636785556,0.05483140218667555,-0.1353269717775778,0.23733847905429045,-0.4499597156783902,0.12937131895635312,-0.07968271588293405,-0.6324037128353502,-0.026597215730602853,0.08371051176256307,-0.020195904325466054,-1.4250825760761336,-3.0275957757546443,0.00990942266337123,0.005047490830999474,-0.4266019026523082
-0.014459092809489421,0.00834292646073526,0.04393853079335322,0.002441213527646473,0.14378826159171876,0.025693653594208492,-0.02761995680186238,0.3036001508298427,-0.15105348242472091,0.013239744011757319,-0.1797291967776968,0.050722192949991994,0.0005061419434495566,0.05186828889270685,-0.11922773164538865,0.07225207343526696,0.2697556859099094,0.3129452955961355,0.5280262813254631,0.4548524943931967,-0.8317487166432792,-0.00964652034423363,0.10988274849871452,0.1226672614792767,-0.33555565790272507,1.1359510002068198,-0.05719831714596088,-0.0033180926373489877,0.7741802999744659
-0.01954426838672295,0.007778155664043269,0.053386118890451334,0.005872529206271554,-0.0911125330966715,-0.01800153996899031,-0.004869253688347428,0.011639993760967424,-0.11043783337344582,0.024319152972001958,0.2566118828273675,0.09480557218112065,0.029235377537915046,-0.05890276352374889,-0.02339828552269169,0.19157675293665483,0.3298907765181004,-0.07325550092738344,0.6337895182031889,-0.13609760397547335,-0.04088470733553157,-0.4093747976273324,0.04886297884888482,-0.2939162134612138,-0.49499467201938413,-3.558198732905898,0.5271313934479995,0.07164409029949656,-0.5261698257470524
0.0,0.0,-0.09856942794959878,0.04143234567473363,0.10572065000308528,0.06340775116667809,-0.019584374806012127,-0.23878105563827887,0.09228377351716101,-0.049592402185236806,-0.013474984593195951,0.052426994393842886,0.20912813850379086,-0.02955017925401451,0.04077754867456711,-0.061514259773336605,0.5807907710083106,0.3738487647723832,0.6435556901489504,0.5063893060615031,-1.122698817145033,0.2615643198806291,-0.12556941991053186,-0.013787391099884245,-0.3758846220874949,2.2692298174470342,0.021620934632148002,0.0052265726454423156,0.023973462255671183
-0.022838698753483738,0.01079732069451059,-0.03117339475909789,-0.01575018406528938,-0.14905998374409793,-0.05676506428426026,-0.02885252413300203,-0.0953612930081964,0.015532046877440683,0.015558475578384249,-0.13084141198402446,0.06381411584634945,0.017878208761112416,-0.04628034826739199,-0.03725235621679798,-0.14925508888366476,-1.02075700517898,0.36311942539898867,0.17203311853391062,0.0009571649082107963,-0.22335538502141378,-0.09929593213977406,0.20806645292964648,-0.0770511430322867,-0.10644102091107004,-3.7273255784663117,-0.06157883893797621,-0.00032877910996625807,0.5170607726746603
0.0,0.008515735255553264,-0.12788103649768137,-0.030071927392036846,0.0720247111098737,0.035922414171253365,0.012724152564878587,0.26635186217190177,-0.24404290840174817,0.027042922351029355,-0.3061390338181954,0.3163043348447324,0.1414139981583071,-0.1330324285281333,-0.3177837306675808,-0.2516050699782867,-0.02892017963675121,0.20813928135127652,0.10586254169943031,-0.009145577957692002,1.6918486445379048,0.2653255448790012,-0.05304235586560611,0.5983818602235451,1.4348992002871843,2.8883118413018622,-0.0880548919641998,0.0013702838520685346,0.23106168972142513
0.0,0.009242887438504642,0.05495023411571864,-0.031716566032663936,-0.0037188437455824112,-0.08696009430327802,-0.0024353637547765154,-0.15624247784208425,0.03922104171987994,0.021186698570776236,-0.0577510085830448,-0.6298066325898539,-0.2625727247326567,0.02587097013393892,0.7960365492506686,-0.12054744990544217,-0.22161831624204933,-0.104411963463494,-0.4468430659900093,0.16681750566634002,-0.7850795195219133,-0.007758642917827067,-0.25061850370192984,0.18461788320067538,-1.104393715443156,-2.7620427564183783,-0.10239075025725117,-0.006337572265712941,0.19325439523212862
-0.023188628672174912,-0.013404506754299527,0.0041505545175915416,0.0036985196528774725,0.032368651760653226,0.02343903926983716,-0.005769878097263066,0.22215760761740277,-0.01865957016785377,0.05343252539064282,-0.15023469366439776,-0.7190378112750347,0.07953341951023064,0.12011776198867818,-0.07655258885223382,0.2785672092789078,-0.5393089934869593,0.5695672956934981,0.6775069878173132,-0.05074177693115742,-0.816650849897335,0.0545641232353286,-0.07744059007265232,-0.3565066056862725,-0.9748760400994063,-2.6058129353139927,0.6134129105772549,-0.01697297648339864,-0.4590045359901956
-0.010446301079002815,0.008224118932215327,0.026638628657191292,0.013220192316855846,0.07984856411580024,-0.04054116122755782,-0.010723000258304988,-0.02726139630177684,0.07317415440141688,0.01977452350949553,-0.2061225750042985,0.028207819470339207,0.09395265722855568,-0.09379591313131519,-0.06359315876307725,-0.13770420931444696,0.645935100124776,-0.08474983386778515,-0.9845822787504046,-0.21821993323983416,-0.10198929095308586,-0.2883938544625066,0.38943293104658705,-0.5015672844901766,-0.7990438499300213,1.5781212263196447,-0.08614241714829828,0.10439723661434097,-0.7193243521149302
0.0,-0.009541243491530403,-0.02047237676476422,-0.0029003840209759634,0.017806108156240945,0.09175321012145153,0.002617942139426413,-0.11829374654074297,-0.029413478295815764,0.022294679370637966,-0.04366482156445783,0.1624257914955713,0.08936301394622932,0.22035444663293524,0.17174061912390068,0.47224264010746303,-1.678945637059615,-0.09102180310351318,1.0198628398728855,-0.3046439603191708,0.8080428221206026,-0.005655351362668154,0.12170208146769093,0.23965108828517934,-0.3818630528620097,1.8516570932267205,0.0547263721894075,0.008264734826741291,-0.19354966209968946
-0.02325623427812698,-0.01256836385015734,-0.0065638114611695775,0.004587156528455722,0.04337657749357479,0.04100888875163962,-0.01799740088746983,-0.002053221371187873,-0.007057368480734196,-0.013007229309750273,-0.16062259897516654,-0.9495080841675518,0.05892085171638504,0.07334163238961865,-0.08890079404340938,0.2438774992263071,0.4249005626994921,0.16448722333461308,-0.35837897092556137,0.02571386022926688,-0.7879466222377653,0.07464737673119684,-0.13651854597099444,-0.2676545831437989,-1.0838013497872194,-3.2491269704333683,0.45669287878988873,-0.009160958712380955,0.39588233662605044
0.0,-0.021693028305707143,0.03402949915792383,0.008692722732656607,-0.10574089035868109,-0.15735595474030675,-0.0017833858282558914,0.14785987288067093,-0.0901670209897659,-0.014984441397132866,-0.10791585953253494,0.08374890746989729,-0.17789813253418957,-0.014094483708044026,-0.29417254878245086,-0.37890448860139275,-0.040148887454821154,-0.2477533882680861,0.10316311518797332,-0.28234107023036153,-0.06338034230760721,0.009497494604549177,-0.13308870782120225,-0.48082072468404646,-0.7299416647424188,-2.579608798497177,0.1206742274823951,-0.001352452055280753,-0.327368656106674
-0.022769190611552508,0.002644366283450311,0.024009553584998577,-0.005265683329151168,0.0769475011406365,0.03714111626548063,-0.009395642629200611,-0.11770774270185194,0.010496418193833523,0.0007398509785816554,-0.14434545185213216,0.38267933293928114,0.05087501372477689,0.058317505807104195,-0.0420105411851094,-0.31667769662514805,0.2880825785577914,0.29177943184688854,0.6784706741104589,-0.7496555059681067,-0.5492465062250617,-0.012860069675363163,-0.005366193912387792,0.4641507860006082,0.37623318868680394,-3.889197586647236,-0.22246608067200319,-0.005387836338056723,0.12260137070211975
0.0,-0.0017490934097002375,-0.05391855257086396,-0.03994795423619052,0.005940843880950527,0.10707428362353348,-0.003601342119319389,-0.3252297152547009,-0.07889122426222345,-0.029388869640638075,0.25907933696298224,0.077085143787261,0.04022249811853387,-0.012770761020264688,-0.03043745913012265,-0.38294565904847244,-0.11952735554991613,0.08479394791251164,0.26749731005997035,-0.2944918822020115,-0.7152406955976142,0.13523650189487976,-0.18116961136260207,-0.13016403579381772,-0.48112972675174703,-2.908420700213081,0.9147378514470611,-0.009650169687710734,-0.6803162790197144
0.0,0.0,-0.0014024767595264406,-0.02102940603738903,0.0792787584700299,0.07013472028961182,-0.008283049520676659,0.06038921025529523,-0.29454077662605405,-0.010742596363329042,0.03268534929179955,-0.06829097381355272,0.22068598439419132,0.0873116965690189,-0.14275889877409909,-0.08328996977019153,0.2854050392349783,-0.33869331857465407,-1.1362499994223632,0.1749069822503049,1.7739192587257278,0.11180555090886678,0.23759502629692705,0.640053903049939,3.7166093267223714,4.543551393034381,-0.014885560388632292,-0.0026900295139106124,0.317323273909022
0.0,-0.0026728350658643085,-0.037996946009822306,-0.04214990639499845,0.002878533834559476,-0.08237290960905133,0.028742377807469945,-0.0875133873160209,0.046302013060962315,-0.06039337512383557,-0.04090061415063192,0.17911769161549684,0.08327438033780647,0.013304844556406263,-0.10071049682643517,-0.3579776896300302,-0.16863153667162134,-0.23886483533604674,-1.287519432247819,0.09569834250147335,-0.03779848037927107,-0.14043479418416113,-0.0016568689495210756,-0.38478686413936874,-0.8979366044672006,1.3674289242571174,-0.14973146250922775,0.004758164813314239,0.32933843730099926
0.0,0.0,-0.005410722015109908,-0.11723638881724803,-0.2180224643893659,-0.03462572690210571,-0.01877186242925725,-0.2139062495623042,-0.12405360566569637,0.055336128722886485,0.18967765423244892,0.26994894922611073,-0.43230246172309683,0.10320772028249087,-0.13097872225551435,-0.1670239988748649,0.6409113144142705,-0.5793009913076806,-0.43900267277260097,0.07302274909991675,2.9201313111818616,0.05911773367913982,0.03622483268273703,-0.2274088770159839,-0.4243065159554345,2.0289262677405384,0.01329629599958424,0.0009188648655802706,0.1515648412291498
0.0,-0.0073817380239688665,0.013479663905586265,0.008643113234267943,-0.028023089426551007,-0.18628177817518665,-0.00022021824627934642,0.1348845644530175,0.04432639643168044,0.009002132946037808,0.23383767826982663,0.1541437328459007,0.07979350840575813,-0.04635974315365108,-0.18604629408345247,-0.04309012840309363,-0.16779928197830818,0.2041343705483136,0.4197788816273472,-0.1801105490887074,-1.1458134924981673,-0.7525279107098295,-0.3377644064489941,0.09312865257935997,1.3401654965607526,-3.1751949176798218,0.09326704936271678,0.03866660714558781,0.27585794382505424
-0.011476478543556675,-0.005340708714543041,0.02855698547800018,0.008892426281050646,-0.08820214508415557,-0.02753017701672316,-0.0011875477876768154,0.0646462927766903,0.06309741315438365,-0.03322135819108276,0.700941690889852,-1.5580813557142552,0.04292357425628795,0.12058476375517949,0.00023938548752919464,0.12133356081538202,0.35501834118595166,-0.20732700185197364,-0.8473249854737746,-0.9722532704297152,-1.132449672071083,-0.00605732343723397,-0.3301462652382082,-0.4695098526831641,-0.9991517712348059,1.4907845369581738,-0.2525007497887379,-0.03827188244016147,-0.011590237051788056
-0.009409607274771574,0.007286711888265129,0.01249927131573695,0.016063113071845568,0.07529205595442853,0.03311643279085509,5.140634815660331e-05,-0.013759679800391002,-0.03727029473880236,0.007227363598439671,-0.13071441395395447,0.09418847459988249,0.02293914431858523,-0.09929857979280124,-0.034819116956597854,0.13829946379313895,0.2779481884702857,0.37629220354131243,-0.8316496191106433,0.010564909463320914,-1.1660875748697062,0.0019287061568746553,0.0393539303927321,0.04168714672287798,1.2585658885376234,2.217160263607313,-0.30756596071404696,-0.014556169170735062,0.08030649632055942
0.0,0.0,0.031654414658607556,0.007713440037620738,0.07375461296550499,-0.03011484646653938,0.043665230533819786,0.15891147037999326,0.004244385557304307,0.032014388781645094,0.28040096061028996,0.2526116089781919,0.29191510939347,-0.059629874135955614,0.08231662639959522,0.4401112281324962,-1.3481527348412317,0.27502801003748883,0.6407526330585754,-0.35401256540536796,2.817050496768259,0.09133082920845097,0.04904958163066002,-0.37990763685866846,-0.1712484936626541,2.2862599354202295,0.10857158673335561,0.01088468660967126,0.21596039782958312
0.0,-0.0025374221265827266,-0.00433816942935668,-0.00656934128835546,0.010906732080815983,0.24032138189352814,-0.004637319132719662,-0.19454686476104435,-0.053619327300830334,0.08534263440195891,-0.07484013287956646,0.19498081968802553,0.12369546124510464,-0.012456887620249097,0.11202045333348412,0.061250692739304516,-1.6556090114694733,0.13902786818772822,-0.399593231541412,0.0008586806582033635,0.9482698622655332,0.0734011474494411,0.3429430275379389,0.5666923181316044,3.690463074354339,5.392675994488223,0.0942822892959371,0.0020895557200255105,0.6995922937008898
0.0,0.0029533448962058857,0.022150988245041154,-0.010277964857076115,-0.0008791552211231396,0.011396608742926828,0.03442654074214282,0.2251830067239756,0.09966595138412059,0.019895158425713936,0.1393240172602355,0.3415099916042289,0.1307765909633319,-0.08059387023956452,-0.3159610046795915,-0.2771250502436647,0.09645017329093267,0.030546249101164005,-0.08798955221771625,-0.14737878855188857,-0.9524508031753558,-0.21060660364665587,1.3183630143560154,-0.1344877306527109,-1.00735779723244,1.9740704424511613,-0.08482623205633626,0.11094305207064555,-0.7531370202270359
-0.012369398534709726,0.004830830357402811,-0.016865315843670972,0.0034406129077903503,-0.1644199316736701,-0.03366810311881839,-0.014910483156302815,-0.08452118518493598,0.027097572861777833,0.02776158084849705,0.49382627642433724,-1.306658280467751,-0.25354963573728445,0.11860641020985814,0.037045088280485555,0.284557161972652,-1.1481237415378858,-0.5685829913601423,0.07102529328754789,-0.8207790808962706,-1.0569163832841528,0.03715219874677578,-0.07645423084441505,0.034579739896781966,-0.5712112918262009,1.5496189718957196,-0.12726212684319727,-0.022566279463433234,0.8056534437420299
0.0,-0.022668674675817135,-0.08606791804904544,0.021194638146818295,-0.001713523511286052,-0.004862428805112366,-0.01208450904059463,0.036730461869221354,-0.16122800408045904,0.012329085768106896,0.060338085248539376,0.3441492297040397,0.11086505122354337,-0.04205139660730801,0.23403860021621975,-0.22583044653168574,0.38406298928985777,-0.4687690287058257,-0.18106598929592696,-0.19657289824521268,1.1512055957915845,0.0003441441999484836,-0.7238441521299739,-0.2913147329687597,-1.9145143912176632,1.9585863657169982,-0.13013678487564115,-0.011737655336661679,0.5177051335850503
0.0,-0.0017490934097002375,0.012888727574351078,0.03578374987430441,-0.002912818721330567,-0.06178757462861518,0.028700337660833006,0.24328793996051504,0.02759198210723129,-0.03667350905687642,-0.006150115510009745,0.13891803605177752,0.06728084872395511,-0.020875461146860334,0.02007398796269279,0.07211923252395366,0.12193665679640582,0.6019249237954623,-0.8087925659849522,-0.2881520919302516,1.3619552868280416,0.12860402386202366,-0.22751462349222812,-0.7901024410307294,0.19951613767673518,-3.1620667396125,-0.06625895406456898,0.0016991591371487095,-0.649438081258365
0.0,-0.010502642136001862,0.022628735639723715,-0.0013482875277862673,0.0827408993950885,-0.14521604586570602,0.05486804338703841,-0.0754564839772621,0.41087713867590614,-0.1012614191901739,-0.05329708301118404,0.1762029500593286,0.05693293652587548,0.057790951390519436,-0.1061584713205717,0.36131810410546544,0.19625819588220925,0.13659181548332086,-0.48429059085596854,-0.42494590232311064,1.4534804778084263,0.01922036054225856,-0.13808190164959136,-0.5398617138180867,-0.553077857961117,-2.9152944534322516,0.09239739082629982,-0.013093951350500595,-0.36202543937333775
0.0,-0.01608728584880981,0.031240460778870546,0.002707458607143793,-0.058197775213383623,-0.3161076034405536,0.009618662740402316,-0.09921795998100014,-0.06447135715701373,0.19278094633183673,0.15539125578700885,0.1170841631824058,0.1639459590978038,-0.04574803767255766,-0.4787559433479252,-1.0110078853711593,0.6577473858700424,0.15044777395697334,0.5739396680922586,0.32175814468232256,-1.5943066491494018,-0.06219970018543082,-0.19105113251387673,-0.48470696870107993,-0.8516073613009422,2.237574580049221,0.15900540128069743,-0.02124656996294528,0.0439125443042637
0.0,0.0,-0.03558248833753305,-0.007256447119411879,0.05684011401725271,-0.07233725568738526,-0.005689776143204427,0.09817857604504669,0.01266355003039708,-0.00072898757946924,0.13341267908502324,0.04907020031760256,0.21058812281892714,-0.016871521677384666,0.3563222345030347,0.03637387263873354,-0.7893779350742094,-0.14675101352405326,0.1141180915400473,-0.8369792443910081,-0.7218681715573522,0.013716949249928978,0.00017718238481114813,-0.08669635151875817,0.3668114704535159,1.623165448532612,-0.01965868058999641,0.01005824911647399,0.018191849236433157
0.0,-0.0017490934097002375,-0.02459716629129981,-0.015344487226223278,-0.015475227092775195,0.10342533363611832,-0.009396150260178465,-0.12777702960891674,0.015384892906438618,-0.046721489604568484,0.01772015646702437,-0.2508928423774182,-0.32567712652497166,-0.019755980069461682,-0.2551697774583608,0.4381079764988175,-0.949014994418258,-0.16065746209804682,-0.017622141405814997,-0.08864694713268373,-0.7353249196380502,-0.018556893295807467,-0.16587453626196133,-0.2458917624233675,-0.7627622550089728,1.493806512186442,-0.10567216904034821,-0.0056738189724454356,-0.6367197908372478
0.0,0.017929279736624004,0.028517521889954617,0.008920827838845563,-0.011175696690299098,0.02969959794621934,0.03771658666659637,0.09133569087574775,-0.17409948291732152,0.009400885988352,0.03269732508383425,0.36935589361837334,0.08670967125020626,-0.0803031390936649,0.47549472036442375,0.3190093910279625,-1.228820596479601,0.15660370926719894,0.1244748869779657,-0.10830252361100563,0.07188109845690445,0.2473391040602239,-0.03292174423741817,-0.11315360928442152,-0.1922760793684397,-3.114348106884795,0.5849216766930425,-0.003717801332701412,-0.7652329324582733
0.0,-0.0026728350658643085,0.030595769047551277,0.02699181038739471,0.011745809969507467,0.16320118730553723,-0.013823062637416035,-0.05194542987905939,-0.13903559918212627,0.09502069364822845,0.06870620793917626,-0.03846743129840633,-0.20852689037405053,0.005883282991859878,0.003655078739204671,-0.22376498566239092,0.2246734369035579,0.12825396522535093,-0.7169947081192259,0.0012057373221531045,-0.774920006034618,-0.7817503883026624,1.7353597867329356,-0.27801585950365726,0.2512604094721135,2.0491925325265967,-0.1190553465795983,0.07492466848108788,-0.26125295654722697
0.0,-0.0039486616414708235,0.02773484502124809,0.00190549892095998,0.01848480067241261,0.4701678706343312,0.009902432597480165,-0.053820580224227456,0.0335475156449409,0.040557343470776365,-0.015197941636101692,0.23259133756850622,-0.18032933056159778,-0.04340947086605535,0.12276462405022258,-0.232101526301063,0.8158077623358743,-0.09325331666407434,-0.06810676157550949,-1.0690623292053707,-1.9575250039391527,0.08835682534330692,0.17301811103040515,1.0295272852585091,1.6741156998051916,2.2760954848941104,0.15487594601158494,-0.03145046894074094,-0.1981286011686042
0.0,-0.017246647738805493,-0.0351896171878387,-0.027905187254293366,-0.010385033005462112,-0.09967712927200716,-0.006906475031506148,-0.0006858657005713903,0.02873527480065166,-0.03216640988077048,-0.015373131768166714,0.17413424689046283,0.07915807505235277,0.044245822179664225,0.04765420652499778,0.2284546442026029,0.30045604480378696,0.04425397208691712,-0.5133743481394617,-0.13461855499498546,-0.5453453716718909,-0.8784510749231852,0.3152521476677323,0.15318712031200102,-1.0505031185960874,-3.197714993212304,0.521862651872882,-0.04991051286836935,0.23507214018443623
0.0,-0.0026728350658643085,-0.018448434410472402,-0.03151907571184597,-0.017279194538993313,-0.15157330919796017,-0.010314626685430053,-0.2676400237170543,-2.2518550704877442e-05,-0.12534069802744677,0.17902091076760546,0.03431213423568615,0.06033306770811552,0.013364569385303952,-0.014848689680240997,-0.2054456138376876,0.08678539762548255,-0.10835571599361381,-0.33037224435259654,-0.09735318605159635,-1.003394834052671,-0.058128575948607215,-0.183451718381521,-0.0052654986050986105,-0.7438233664890883,1.1525180140139986,-0.13968946681252414,0.010274304932625525,-0.8311056806446068
0.0,-0.0017490934097002375,-0.06197071711473993,-0.015355261017483293,-0.015164622564229204,0.22208242897595348,-0.0029660634756897655,0.18630401422714432,-0.030215609904475332,-0.15121414589318025,-0.001493479763883921,0.007796119274397833,0.010078458597316226,-0.0008407950142878993,-0.013423787917773272,-0.2123119479835183,-0.5102250409812333,-0.16047775980536613,-0.3512723465927064,-0.6900143190932843,-1.3975736081130923,-0.08087243321248921,-0.22273551304489966,-0.15944642869876344,1.3370413441513853,2.487232212688221,-0.10531001111302578,0.0004599083781715264,0.19500212783697232
-0.027273525790271393,0.001559439434541323,0.012014035479347956,-0.021978143417357893,-0.17961939344780126,-0.026333534727194543,-0.02508645049678163,-0.0578157985959792,-0.04915686669495812,0.014217316913200644,-0.25842993966536026,0.05953476508542661,-0.0001928501701778532,-0.0968389730762057,-0.04095771297453796,-0.2751273666915236,-0.7646153863119427,-0.4332677166057139,-0.9643320330982594,-1.1122881949354388,-0.9176348283779462,0.04616613898775296,-0.659555483803862,0.14592111596452545,-0.4546363257191076,-0.3204110292624302,-0.08660845016878799,-0.01476058421028989,0.5838401471866758
0.0,0.0,0.04276546691034777,-0.00045255289925908267,0.12881406524286787,0.14746269861140773,-0.020446937512877704,-0.5534723476181587,-0.12216985603470838,-0.02040446654798465,-0.12824469998371774,-0.006045690492688081,-0.18930870560936258,0.025749820129211207,-0.0917429345600119,0.0426622479603703,0.5981786372403497,-0.35353613260079614,-0.28212778088367924,-0.46402699570918465,-0.5400291072692519,-0.054565769351809235,0.2244939585134822,0.7537424970216858,-0.08214354452303353,1.9267074331519278,-0.01632071270470778,0.0023982867456014256,-0.45214890112863615
0.0,-0.0017490934097002375,0.05392711481552724,-0.03876733835636491,0.001298207825184994,-0.17476781202014188,0.023214644302601988,0.0008992205212306429,0.02045383343939612,-0.0626455641551415,-0.36742254892990117,0.18487776095515523,0.06981639689373502,-0.051848362088250353,0.08180429583344855,-0.052620087934976176,0.29515035880113266,-0.21045656225835985,-0.6921065460205021,0.0544371128022755,-0.38716044974476654,-0.06759692630063695,-0.42274869957382766,-0.3555559450963075,-0.7053950758646735,0.28758200320990085,-0.10936912008457932,-0.010366773735700276,0.4642729370482476
0.0,-0.0046316998537144554,0.029321655867397475,0.0019058257623902498,-0.004396501031225637,0.39903052381064735,-0.0006187481338828099,0.15310902440428945,0.013625170761920548,0.009852246237965248,-0.03923933306258197,0.12637936718722087,-0.14536743269540808,-0.057686160580301474,-0.1912916613237814,-0.4668471295330802,-1.5389879117503709,0.010910777432790201,-0.3250071885847371,0.057866507060873214,-0.3227831877345655,-0.015353862352219048,-0.08343398680765696,0.14277828970726417,0.002480360143354673,1.681193319301729,0.1560690242188602,0.00025760789471581487,-0.1891748599975455
0.0,-0.0413550822510251,-0.017591105089660775,0.009872780637325674,0.04665051822696486,-0.006425782342588621,0.01880618133690229,-0.10191837269507906,0.009667360714116618,-0.13428813639109433,0.1313610847949741,-2.256362359175583,-0.619385493007438,0.041232319221820864,0.17920624478587543,-0.24891488729134556,0.4239586042773829,-0.07126302371182822,0.31810320631108163,0.12923200490677564,1.998486610198132,0.3008366225167806,0.06385577136113842,-0.20427240037972025,-0.6886800517878673,2.443847729284674,0.07601735409547,-0.007062865879301196,-0.8886552129758899
0.0,0.033184104087601446,0.0422856478267666,-0.0013482875277862673,0.02849140384585668,0.38184661075781623,-0.01563547846048159,-0.16857052132029945,0.1883876544789633,-0.316524096660232,-0.01691216557346995,0.27738146769387517,0.04869156092190907,0.03033232757157239,0.180848261713799,-0.5095695358031511,-0.014928943707362304,-0.40758327859728344,-0.07698776771093375,-0.63440116302812,-0.36920510643278553,0.004607106956403974,-0.020458615444277576,-0.12156992157138513,-0.6975321309219994,1.6231020692931863,0.04730001077853259,0.01819820827836153,-0.18174178457224702
0.0,-0.010425139517310765,0.004723927716047322,-0.002635556261344068,-0.11564809444198192,-0.2147978639284123,0.0006863354110392819,-0.10964273532497353,0.01671265613530474,0.010963735851078469,-0.20510007597179772,0.004514711455106998,-0.3260823445813156,-0.046743862238326654,0.1578998813225849,0.3886797085248153,0.8732967159283497,0.14731542719450458,0.6683320293514657,-0.1416880292458415,1.8500955981890832,-0.6097182196041266,-0.3416524325510279,-0.1751133347294919,-0.3824047167734082,2.3887842484636983,0.034186968279251245,0.10654914573268248,-0.3885038470895363
-0.01337245052991811,-0.0006378919650072874,-0.05112930394050118,0.005326075468962693,0.11570410474870503,-0.013947831490474885,0.036867986142134865,0.027528714569657733,-0.02072032517167748,0.0034503609313375834,-0.2504875343571895,0.06154188855611095,0.03073397525403194,-0.011483966817985693,0.08524157999855705,-0.06853766331980303,-0.9792734860550684,-1.2096802010602463,-0.5949962275233397,-0.9571784109765703,-0.7707375088199677,-0.041750971193119275,-0.150337502185503,0.20916363237203514,-0.5918776879465478,1.4320830773420483,-0.09040230215667747,-0.012251003403367643,-0.01487270532289606
0.0,0.009242887438504642,0.01853947603637967,-0.012921180447748084,-0.045345696104131486,-0.10439944536380723,-0.002245475618279283,0.03354064692606139,-0.01979347977518355,0.03335475281668699,0.21935632925382667,0.12590915255167592,0.048116675169820246,-0.002869751387961611,0.022032176037812278,-0.17619986814701882,-0.06713962167069933,-0.24633487951812816,-0.39588321547957894,0.5205503307482399,1.3112175070576124,-0.010116857808054687,-0.24037763498151848,0.35009006930679315,-1.467361666529887,-3.226308108818673,0.5852230548453882,-0.0023859802670638613,0.2549944751965942
0.0,0.008535183913262238,-0.020873307882056637,0.0006541108356831512,0.0209064344684219,-0.014165763723183485,0.03476435819929314,-0.3903465643883516,-0.02921025506099816,0.051168409059858054,0.07330419280862091,0.0029956133129184436,0.08559096034903424,-0.10278240497570472,-0.2604479839679923,0.19081562590308518,0.9795644919327556,-0.07138454074038708,-0.23762162293603273,-0.06852798752246975,-0.9133919663181028,-0.01765092883254614,0.1016748394503583,0.6170183465670057,1.9567364950369717,2.315102777485829,-0.10533840135417795,-0.01641439387038874,-0.5414696138076501
0.0,-0.0026728350658643085,-0.06087823084140903,-0.016102543811742465,-0.002308459869262954,-0.10609107961337305,-0.002268313829091304,-0.5161814944188788,-0.030985917944934376,-0.011565591045346903,-0.25900722277568233,-0.7116698236326056,-0.2988744973939564,0.03897565564864372,0.008944882304855196,0.5787105336635145,0.14137550085368883,0.4231804260124859,0.20177653950523697,0.08581368911497783,-0.4759906917447882,-0.030586123166322702,0.27992072769130544,0.1441557016456539,3.881608410048352,5.038934150462143,-0.08014049082166606,-0.003606469493410197,0.2844758853298798
0.0,0.00910577974745503,0.04132160472464072,0.023519120252110063,0.009006734790035905,0.031994766459037614,-0.007748985670608141,-0.30006742200238506,-0.08005739508530274,-0.1539062139835892,0.11169640594783088,-1.4341691806891694,-0.6538821568007169,-0.06388459144053134,-0.1169922200377947,0.19401668113704157,-0.10138594020279161,0.16797612179056234,0.22484106523747055,0.17938585011636618,-0.06516401480561096,-0.21961264304641934,0.7347759731537936,-0.32892842849809795,-0.4549139845165158,-3.1359310573026367,-0.1052202814657611,0.028259707917894714,0.4707075765990247
0.0,0.0,-4.750077640017301e-05,-0.036714408285065045,-0.13813584378521362,-0.027661081295936286,-0.02554806018419843,-0.6821521318850683,0.1442578021776377,-0.006403951125234564,-0.018747197468119866,-0.017126552160398375,0.10935424112898061,0.1354942262083171,-0.2172263826398228,-0.2693613769166477,0.18473673173952934,0.4519873769415974,-0.16973867731657796,-0.08371704920929221,2.09031020644585,0.09225087659514987,-0.13801839365488885,1.184831110876536,1.2694418012736075,1.9785082424126208,-0.01707090073140494,-0.028229861750261178,0.11207939239417172
0.0,0.003870557023716225,-0.019390921355902542,0.020776389679854408,0.006267580225797244,-0.009030364448960085,-0.00494838760647817,0.0375575891012776,0.09450092563212933,-0.00516008567109437,0.10805859975027608,-0.33901183634271753,0.11206920548336334,-0.10884026283916536,-0.30317533244074246,-0.08865513168281382,0.8200625540641213,0.04035948462595424,0.2861359604518215,0.6039914703056762,-0.4617308890086359,-0.2813781753168149,0.7982245132309895,-0.12360361477091672,4.1181689124403995,5.271480349713964,-0.07073043881803887,0.03317244876741487,0.4138441277831602
0.0,0.0,0.08952233882077595,0.012083824812725007,0.05258544788444051,-0.13391037888528573,0.041717520841014266,-0.0612744500387197,-0.048957803544059146,0.0036234510943609325,0.17000049846016424,-0.009371427225945196,-1.242167146136788,0.022870526176064655,-0.19688031984066665,-0.15812192971034278,0.060432681703338854,0.29952195195653114,0.13814379121134068,-0.11166401498205711,-0.7514146047137823,-0.06956024878336864,0.04650018506903091,1.1393739796116749,2.3278499301676914,2.823325500934996,-0.013832432122691163,-0.011512062212836934,0.3339067013586792
0.0,0.007860579561206546,0.056591211676911106,0.020687210751732132,0.0007315866554370078,-0.04674104650855119,-0.00856611601070463,0.06653557733017003,-0.10550900483519544,0.03155315595173362,0.17991057008324177,0.3292897452438843,0.11299120641177024,-0.02847275411747197,-0.14114469420029202,0.006629187852511233,-0.03950498894618907,-0.05311697377238407,0.1237154408500622,-0.2931180261459321,0.2150815392071907,-0.33708806375843575,-0.08704800532437768,-0.1649800030670263,-1.4407875971208801,-3.4138015607893064,0.6516854773815457,-0.012057578749925808,0.48949095805964765
0.0,-0.0017490934097002375,0.012280910335761753,-0.02960582459395325,0.017503328527499536,0.09007675593908118,-0.003443342278657931,0.02868341084260701,-0.0554084128736673,-0.005829287330011559,-0.036348184380451565,0.012743009205934097,0.005129829794949961,-0.0043162320578050105,-0.006844567152734307,-0.22512993114379004,0.2784993864648256,-0.0357735219405456,0.2561646381066374,0.026186710007185747,0.023985179754745033,0.13731488964842473,-0.12833305134766645,0.42909479765428843,4.645027532601343,4.943885337989795,-0.08872869935677223,-0.005695845733826846,-0.7591595297582695
0.0,0.00497362132143853,-0.08343857726687326,-0.03866268810252916,-0.012528019631319321,0.05284670600291756,0.011313601056262376,-0.10961648642328707,-0.26243196457528634,0.030222733587207413,0.30867295761689156,0.4541713588845282,0.07267158455275609,-0.07996815113077392,-0.34713598966902376,-0.23564737059532906,0.1120665955898668,-0.10877107427255818,-0.4670343364177422,0.21998913382765872,0.6668838087557895,-0.31298737010158756,0.19744608701598643,-0.13417170825277241,1.8107229059836187,2.3126427808177072,-0.11404691645640157,-0.010870524733857278,0.3730381405179383
0.0,0.01920061416273,0.06178084181369529,0.004181467159145893,-0.01343817049105674,0.03555871226278262,0.020258825099915955,-0.2294743258841678,-0.045803532209163916,0.06128994575297657,-0.054942383223782684,0.29149929488793747,0.11201278915311062,-0.04128666891856308,0.1649638342539769,0.35636602716530413,-0.4031194408101037,0.0919754671602631,-0.16257142559287474,-0.37851064614095353,-0.9101074371104542,0.2815823468354806,0.12197507390453328,0.7620628419603295,-0.029821816702362842,-3.418977466528697,-0.0745263921006922,0.012525834183085966,0.5014852667112788
0.0,-0.0026728350658643085,-0.0008148995072963137,0.034874512555665656,0.004467354232669633,-0.10914276978668012,-0.007359476140657938,-0.2308855509568116,-0.1464819439818858,0.20274210500440912,-0.008010676318755024,0.10779583786821523,0.02822933942501328,0.023433356038798606,-0.15221100895771855,-0.34435627736811936,-0.3702064015449703,0.13546409864484416,1.0363235185924784,-0.41347585084045013,-0.2131723495790928,-0.13188045041334412,-0.17746759333309398,-0.29755173165562754,-0.7558104341380839,1.8632484864628582,-0.1507269902513819,0.020428718275009417,0.0988984559256045
0.0,-0.01989274452347911,-0.04993659366082681,-0.023719316320968888,0.0380598119829411,-0.2407564452217866,0.03619154615770022,-0.1407190729766981,-0.14701265123200893,0.035716514677962795,-0.03795925501973397,0.10270932699090252,-0.081473957155439,-0.0737340194584449,0.041888829307459505,-0.3707024337971476,-0.08373595856500271,0.0030035339245269486,0.8024094158237801,-0.03701859208044223,-1.1574427746072145,-0.016414619838653634,-0.07526950562661203,-0.022381180103641332,-0.33550288682512897,-2.7660683504589385,-0.26642351589003305,-0.025147985439183874,-0.39351416905012976
0.0,0.005314743645694546,0.007564052833829967,0.004291510766763712,0.00965940212840814,0.009266870025463251,-0.01873628781692316,0.6038710532356584,0.05009401147125739,-0.004085152727681236,0.07032451745017601,-0.04936529770058323,-0.45824767557422424,-0.07652320064389419,-0.14760927324923703,-0.3625404545666204,-1.1185101610741812,0.014764402486614174,-0.06392299045105289,-0.8688040617288454,-1.1002855175881987,-0.07974354503941655,0.010367854339176927,-0.276431340107593,-0.8422984222260711,1.4802870609660006,0.030151910251158938,-0.026656888665128053,-0.911463923332661
-0.02305729225281735,-0.009794834335368766,-0.0013565834780853068,0.017879961705664752,-0.19134599527106996,-0.024298883468113746,-0.010873067093959722,-0.08570164790710054,0.005385871049628643,0.03057323562068335,-0.21895069049106328,0.19834777628076566,0.01733676573987322,-0.08029720123140337,0.09264479758627811,0.25376591073490756,0.39207809583895703,0.39056511286040246,-0.6397478738700109,-0.5540915975403774,2.1388088925092403,-0.05211615396334634,0.10880696245995297,-0.27843138379626536,-1.057877973138703,-3.5746595948125552,-0.19202884720971344,-0.010096802911475087,-0.4208888629241355
0.0,0.009242887438504642,-0.004158769480384448,-0.023778010071498382,0.010032638191257189,0.2040809836748865,-0.0031843652718132037,0.3628070433698273,-0.027563518346006517,-0.07486406485039285,-0.03531807715564902,0.024854608290772042,0.019868943220693134,-0.003742991822699478,0.002570348392834344,0.339942822184705,0.597218128934415,0.027642751451254464,-0.9563846161223791,-0.3753939562781511,1.3688591186923331,0.00806186295460961,-0.06504384463601447,-0.37807861831641515,-2.0224252616563927,-3.2035154527437313,-0.09909605209791118,-0.001376173783785292,0.09434008868466665
-0.02092434627350683,0.008020310657847876,0.06074019292175456,0.0017720606466051136,0.08287943336603963,-0.0071438126519295705,0.0688275861927039,0.04500135810334435,-0.10069637899050853,0.005054763358938768,-0.1873568509855958,0.2072055976498697,0.052328955042360195,0.03668913363671937,-0.045533429560038904,0.15165979509575467,0.6185603334943213,-0.009756105984996745,-0.37798300407836916,0.5621161682173905,-0.6876293807637138,-0.42190484690267027,1.5886155268393727,-0.3192310613373528,-0.2823787202963878,-3.4890346536662693,-0.01082032437606003,0.048873219049255755,0.544486665867058
0.0,-0.008657461077443519,-0.002664079653195794,-0.004818732395165215,-0.08177194843671791,-0.10219733325444298,0.004508007675844803,-0.08059027586169046,-0.020304933691158773,0.014095114041235514,-0.0188965146391039,0.3039423058988584,0.08329841195776104,-0.05031813826116289,0.23474787451107648,0.4315206608856334,1.0326436663495566,0.5490455281965705,0.5805435835812379,0.7046526945303183,1.938599365340063,0.07482029110521439,-0.5302644543136963,0.06937544844037671,-1.885247660046211,2.1266665311844384,0.09669123417249481,-0.042694647599787826,-0.4673346914164456
-0.0104894151824102,0.0077364692511501555,0.04182191178103053,0.003384800469449731,0.1888282566854577,-0.0177079539766377,0.036863061294954695,0.14844702456563402,0.025206734410542244,0.001222205778817243,-0.20634964651717963,-1.158956770677709,0.061360883565163796,-0.01671350534984771,0.17143723982965037,0.47606588674714473,0.8159297733892789,0.4627074365685282,0.15741457379188914,-0.09425818504072825,0.710303762056083,0.0901521976249401,-0.2558957499190988,0.36729895846094707,-0.4091222728682438,2.240959313627246,-0.0828316804641334,-0.010797000935673285,0.16478718788734192
0.0,0.0035167121225227827,0.10847824587460925,0.028914333272457064,0.015519603153195642,-0.0518216354768558,-0.011970029619808099,-0.35203381808049167,-0.12050151335251766,0.01931509683122425,-0.32506308989413146,0.21343600419699874,0.14563514294273394,-0.0699690296359393,-0.1499340280962364,-0.49957014976993475,-0.02401711278664816,-0.11752946584459743,0.03670034632961259,-0.10798135600669304,0.2314118942081032,-0.38954883169685545,-0.6444386640949925,-0.414844691486505,-0.7152788501365148,1.0933010817205517,-0.1423029235730355,-0.012232498976273414,0.5370597589831146
0.0,0.01825724791628184,-0.023143818211436906,-0.0017675929894697337,0.07658273424762162,0.3423439978591075,-0.003969209941368906,-0.24825675063504885,0.06575840907417287,-0.2961994331537033,0.03944455550132266,0.25042236708347476,0.05213418250756274,0.04847311395781434,0.1588384651861415,0.061935775071584896,0.2618843743297675,-0.1783385880545335,0.9209958100047109,-0.3946832192438792,0.7582015260710558,0.0662500146775034,-0.421435528111114,0.05476633630476137,-0.6845117024909003,1.8962831671523281,0.08597644717989915,-0.03176121900727058,-0.20066017003382808
0.0,0.020641266485742844,0.050969543733689844,-0.005162137757385512,0.02143475184702987,0.11318855572062343,-0.005078181273766495,-0.08761172206228406,0.00014828952836001485,-0.004885492345643701,-0.04617789147850256,0.08705249769225251,0.010642625421026737,0.32876324275822505,-0.5691818859482803,-0.42056680226620397,-0.7590153232996509,0.0034904903391651493,-0.9562015745936571,0.40685502830505504,-0.033010519519741106,0.07960002493302289,-0.29041478187182196,-0.13285331165147468,-1.2812767511288103,-2.5556511438805902,-0.12462075797844689,-0.010713530167626767,-0.40913018937484946
0.0,0.0019801057468304575,0.05559073518542366,-0.03660009419072707,0.0021233533451987642,-0.21110754410918003,0.010854610816501409,-0.08292459997604204,-0.06421670090963999,0.2536395955259359,-0.02444356494315997,0.19133042853574647,0.06682786228746944,0.00972622626752238,-0.11158595270669963,0.6429284253523552,0.5291278056399343,-0.09524025264978872,0.4231552163521107,0.0238908687353368,-0.9880003541130027,0.16715786961455392,-0.18361083211714252,-0.2554353471414034,-0.4755710809200369,2.0679748583539728,-0.12890506785171751,-0.02597739644699647,0.3958997066253687
0.0,-0.0017490934097002375,-0.011579969102608745,-0.06318047686208984,-0.019434393730916693,-0.08038107526293302,0.023252308507965724,-0.28773794398132013,-0.08211147571733245,0.16293948824309296,-0.07083729545590237,0.1424468765056628,0.05199921307526165,0.041381434668556046,0.05210210226089249,-0.0992473958658432,0.25010955302652005,0.10534448849992839,-0.2675707542928935,-0.3740582674924219,-1.3204071375369726,0.0960853854156208,0.09133755898923933,0.3865625869911876,-0.5351283798855417,-2.881948229805184,-0.09524587190837529,0.001021522026649507,0.2407634952907706
-0.013172737538599067,0.0073517464722059975,-0.024003697462857437,-0.0009681399611730733,0.10544194519772163,-0.020771301998526864,0.04541023601458395,-0.03254516374372284,0.023540719521089024,0.020461804876773546,-0.12191174735027205,0.16296503436992885,-0.005976963507763247,-0.07800732125569963,0.18621280393724682,-0.12337626095239683,0.599277958821244,0.1916420895440941,-1.0398199284455611,-0.06545521521313444,2.834021027237506,0.05264959759701483,-0.9753711527349066,0.13178663058845305,-0.5752950977305087,1.5407477122342839,-0.08899990134627636,-0.024623075700514606,-0.7721787504287511
0.0,0.0,-0.02746038858723029,0.008158280015386819,0.11221280842650751,0.05852914095066653,-0.026712330390035847,-0.44485180382422806,0.2148010834511768,-0.0033883893552888395,-0.0588442814960265,0.15469511234338187,0.2955207965656086,-0.03317609673368355,-0.05106369451588774,0.24392208364755313,0.33943710184663944,-0.49971579761520074,-0.3600233778309979,0.09352003991670825,-0.6852277744447189,-0.05469165698584377,0.08969811472003093,-0.5611400887577944,-0.5174318448428854,1.826700286874316,-0.015736301889537768,-0.006686302651837171,-0.7938279965610872
0.0,0.020150689748744826,0.09550953928128215,-0.01816356782484603,-0.009975605379817034,0.021834148487940856,-0.021551901526601958,-0.04471722379319678,0.00022798347740457178,0.01291835737407104,-0.10902520727159944,0.4541471080032328,0.17431773406045342,0.013149060263077411,-0.10787061447186626,0.23074825675764798,0.6715891992115655,-0.029373661513136223,0.01464548125662132,0.21617455466644206,-0.6444819377103771,0.31739737931298906,-0.5583244558910022,1.4129164380571764,-0.28132959132463825,1.8871128708327447,-0.07116048896028529,-0.003464199640469739,0.49978011215587176
0.0,0.039938159343934646,0.04554049669563374,-0.005191995740210187,-0.0014955111249139422,0.1832733476598621,-0.004220469279326434,-0.2707969302729478,-0.030399039173683057,-0.016788189419009534,-0.0024511656580198933,-0.33952488397614017,-0.09934783673357378,0.22974960012383183,-0.7509727573625636,-0.4868723918606176,-1.003745684035621,-0.33670550960363765,-0.34471881598795634,-0.16198355866482156,-0.6255145328442316,-0.025070504219539946,-0.08192214921661993,-0.12599209816614734,-0.5206910564175211,1.8590366452331983,0.060370099504428607,-0.022805112425298847,-0.08131022034743618
0.0,-0.0070515315082993815,-0.03639471668870328,-0.002700334857270789,0.05074277927787153,0.31341720620359426,-0.01149499357884453,-0.21455357160730856,-0.0338636909873865,-0.006590448932038185,-0.08695218925714254,-0.5997932746863752,-0.2893688834190209,-0.07921553267777512,0.02998050896789842,-0.006743834734232337,-0.0434554344649129,-0.08428130522225787,0.15525269716164614,-0.2180399841734797,-1.0793057427597812,-0.02423232908406379,-0.2241666741740363,-0.12357983601519776,-1.3507180194503743,-3.0199132538266915,-0.16728062913828756,0.0021422327218483662,0.40986964194104475
0.0,0.0,-0.016957730230933252,-0.05459196178831971,0.11656123861512453,0.08858514429183355,-0.0183972077840096,0.18636168121052638,0.06309252194346007,0.011318881222149304,-0.04651512680793148,0.21003898462931916,0.0830359615403939,0.06088802530113976,-0.08950591123960992,-0.1693294359880951,0.2960709857670397,0.061635226197392194,-0.23186894633318444,-0.20805081701202216,-0.5181292430146294,-0.10010420153233594,1.706452728766096,0.027478864025511366,-0.45862098119099903,-3.1284891656534066,0.11081494561495843,0.029319885008751313,-0.2468380839336789
-0.022068281451721097,0.007983380688639312,0.03854095969405113,0.007126014876558858,-0.04836243493503154,-0.013482908523085573,-0.029611158992513344,-0.02777398554213832,0.019330252117232778,0.010343710553806045,-0.15255075672684867,0.14640313282941883,0.01832373411642335,-0.05354788494260147,-0.006386327680589296,-0.0477291378433186,-0.7556081089482061,0.25393347782347303,-0.7921198872819308,-0.007637885562630647,-0.07698257489354007,-0.05335104465454656,-0.11861723233305813,-0.09862276804477767,-0.3632442841872959,-3.5781619782675924,0.6934422757464185,0.029087535189536346,0.5695873193249604
-0.01160658506821256,-0.03443593806565372,0.027513569570907618,0.00032112190123456035,0.03569268760356938,0.027391907359791717,-0.002209792260687064,-0.05892273649319408,-0.03870513815866562,-0.0047726648882620345,-0.168474041339101,-1.1765877904339175,-0.24943505906457722,0.06884323433734316,-0.03502081860239268,0.13176388982281095,-1.8886141364549407,-0.9476951295177058,1.1379663471268053,-0.4263657058062391,-0.646264828969281,-0.03090670711320694,-0.177475520222632,-0.3374126050624762,-0.755666023534678,1.144777758540479,-0.130727847568454,-0.01766223236386988,-0.688703209979382
-0.025120418491363462,0.008052619225974372,0.021159684397989008,-0.006137473474536031,0.02912358845933638,0.049692790586867625,-0.024258884422333184,0.026707626243774703,-0.07085569390417559,-0.0702728943334118,-0.11375055767867372,0.33119163077607283,0.06761630516924365,-0.10499597989931359,0.1210600727683769,-0.14901502866773902,0.4898899067660313,0.4651624568233288,0.17609740232831733,0.14050795963814777,-0.9067353484459494,0.04677759557773058,0.07777609523729295,-0.03932849501874261,-0.17800552369290912,-3.8067903064240145,0.5213842044745552,-0.003135933381050428,0.4549105884370341
0.0,-0.0017490934097002375,0.009357646344965312,0.032437794004216786,0.0239661051334595,-0.05009800366944702,0.012441499073286025,0.2798498535891627,-0.04747212391825429,-0.014226082705921069,0.3473228538093945,0.09658443838086077,-0.025529784849542127,0.11741800451130578,-0.000687367866892506,-0.020419367388048698,0.307966696207553,0.2509744154961858,-0.3200723040038201,0.09267825535786406,1.6869365655950466,0.14672604296623717,-0.2597259392722579,1.325560483141147,1.2993448786091466,2.5428572704244674,-0.0880273479534792,0.006479810429657668,0.10316823956066966
-0.025133966436196007,-0.009397779211593358,0.031409425037284645,0.003754217580986924,-0.05925124042128582,-0.024246452240859924,-0.005615777263828467,-0.1034983554422876,-0.031419667458573844,-0.008799003247266303,-0.1665533028837718,-1.1462017929569652,0.05721186171268572,0.06123827469846834,-0.06430909838997007,0.2043572484186659,0.49926872960923774,0.5794546777310915,-0.7001365492782905,-0.6175364702310506,-0.42392144830386885,0.031554078119770686,-0.11681039231311188,-0.2636711446297917,-0.949313999408745,-2.762166220662462,0.6771362203042778,-0.013659827680114126,0.158364949824472
0.0,-0.008164550570679094,-0.012001969921229035,-0.0192953209631293,-0.06993820224787053,-0.057066063649925954,-0.00366484999036972,-0.003537142161184956,-0.13880405893648506,0.1541676167528983,0.1741813902388444,0.14115350897580473,0.07239314413763752,-0.01944938675591209,-0.01364884639861927,-0.2666192140674991,0.212761421656319,-0.30168193085395123,0.626089327798547,-0.1261781151296959,1.670536301230855,0.14672407302085355,-0.2733772594233225,-0.1318207585546742,-1.8800964161598328,1.4570569446774833,-0.12085454932712505,-0.016779270207519736,0.47117351740580443
0.0,-0.0026728350658643085,0.016766130071953607,0.05771043445423881,0.01136442126289061,0.10192798231146992,-0.007359476140657938,0.17562343748705345,0.06881512464692754,-0.018509754467339386,0.016775839604110096,-0.04675571950014186,-0.11060683103214777,0.015434425504103353,-0.06661813338033698,-0.12790799055579494,0.09372282010931339,-0.09970537109935428,-0.8627554032205397,0.0381881349815735,-0.2167985553865612,-0.0517375443183878,2.0128392950253917,-0.16810667330462759,0.21265348678453735,-3.233733801758791,-0.07638308344129918,-0.04391741045138296,0.17707724749651504
0.0,-0.0017490934097002375,0.022601960852176785,0.025122747537155984,0.0030624052173132627,0.09768817934841632,-0.0030738234423545747,0.23526901758323168,0.0037029680299542284,-0.021899521793492742,0.11676236788186893,-0.0027773479658823315,-0.005099670542765045,-0.008729430850853677,-0.06721881647317753,-0.31064803829785737,0.0010206228090930778,-0.14195255984765376,-0.4443228095427174,-0.21309870865532807,-1.1101729896524457,0.006411840776170011,-0.16336850234177572,0.43212560229613783,1.3282446712557419,-3.154188749988751,0.8406693154636153,0.04217477416432535,0.22640219921358487
-0.02134371163240479,0.008566391473924727,0.016989948564254363,0.0027515011382342894,-0.07568587957187459,-0.0007926466388451961,-0.010829424548754484,-0.036520297871594304,-0.03470388042321621,0.002997845021758397,0.2641739677110107,0.05865865121183056,-0.008166773460783358,-0.07034947050449253,0.0593722028119924,-0.08096721123915315,-1.2470588592876328,-0.848847351165625,0.5307200925519037,-0.031205023233259688,-1.0324592766213523,-0.0363141130763501,-0.20632439363734228,-0.1232577412028948,-0.27823001709234,-3.230546022571902,-0.08867938154865983,0.03754023806422244,0.6514475211852149
0.0,0.0045451752019357965,0.0430705159372571,-0.013681359098392108,0.003803648754251056,0.006071086492417578,0.04830584437869535,0.03872140484915132,0.13088837485262433,0.013587103081982653,0.029779162883318184,0.6203167004216429,0.05212935743795205,-0.1673868298188087,-0.298582908982125,-0.09158313059025193,0.5391129359753316,0.3185608983697143,-0.3604690029713742,-0.0338267844054912,-1.068877227834167,0.16684326897108373,-0.4792443063411934,0.5318071330916592,1.4348041328852665,2.5007921721339517,-0.08140584000145218,-0.016106788306871567,-0.8627236890667715
0.0,0.02093689556310754,0.042020269121781376,-0.0025333524703783027,0.05191048794584799,0.32095292129494357,-0.004808115200177196,-0.23429178180971902,-0.020112878759613304,-0.2257639415529299,-0.08555735043335864,-0.8620895755454474,0.07002235890168149,0.4315860982542701,0.18283425005063303,-0.03823585483149689,0.26068685959380633,0.005179395488942773,0.12232490805803756,-0.29719505911357735,-0.5834872324546574,-0.0009401614678988088,-0.2043596076922338,-0.07515368468649862,-0.49045022041439346,-2.8812274953440964,-0.2251000979584209,0.0658091737117754,0.6241401528134245
0.0,-0.005052067827554252,-0.006252527244884214,0.0077948296927866055,0.058425201826377844,-0.29152667449785613,0.01349316601799698,0.12091795908248751,-0.01102548692846017,0.010391571905598076,0.0016717575306588613,0.25950439126544145,0.10358248043614415,0.013263707171736017,-0.24125154185940376,-0.1157306611938703,0.10090774992561022,-0.2847303317490773,-0.005303439993593782,-0.7639675509759188,0.4713177313688264,0.10517604094519735,0.21180787109260932,0.5996494147396203,2.822820260309243,2.2008042869765703,0.14983116828324797,-0.008365722626860793,-0.245876274585281
0.0,0.0,-0.003961605196107573,-0.056705845535442334,0.0056340416728017035,0.045597211086720706,-0.009437400455855234,-0.38585825497262743,0.14214701708549998,-0.00044979138112434406,-0.03214974548139752,-0.060865899500684544,0.24739920182582026,0.0388587136945325,-0.14710128861390825,-0.6530964054026079,-0.35024167890148283,-0.1099829397928198,0.23646003145940037,0.2998961907056153,-0.2652954484353123,0.1786580343918461,0.13439833482286728,-0.4691752224952343,4.788524028976526,4.765623366357518,-0.013948510563670517,-0.01707513217713659,-0.22356512833877779
0.0,0.0,0.05244216333203174,0.010792409718336945,-0.14639912772822508,-0.0975224906622294,-0.01910598212924419,-0.4056125923773521,0.09516842044713582,-0.0023039173611305837,-0.05604450505630714,-0.21945221752302846,-1.0361502792918118,-0.02129083050816711,0.04911638640311126,0.019766508538619092,0.3153863592442119,-0.41782719457224604,-0.513296217118049,1.0191745038618383,-0.631884789308517,-0.21338925563070613,0.1765284050349378,-0.49281596713397485,-1.7609503410107608,1.8863764988957101,-0.019922663971821162,-0.008019207978254556,-0.07729138342183153
0.0,-0.006893680441743637,-0.03624369861114987,-0.002529343116717782,-0.07036067194942645,-0.21735502430614775,-0.01133446606726065,-0.2102845731219154,0.052033176366285634,-0.09142451782814964,-0.024839019278148706,-0.2958929058753687,-0.15371987129333664,-0.07836598157543198,-0.07496787902836621,-0.034442344649728986,-0.12087475555781116,0.2990151635626496,-0.3864637630918585,-0.3705938994513744,-0.5083474240192708,0.044355152269572366,-0.13737169691348355,-0.07782943677550204,-1.4129662651706316,-2.603855730348601,-0.07434518420305346,-0.03642254686622285,0.2311379346554137
0.0,0.0,0.08051783740057027,0.010202329734012102,0.12876946675560277,0.0855332241180731,-0.006927864120008024,0.05601788702847661,0.19623771866993422,0.005672816669351739,-0.054182905211937825,0.18379117167266393,0.24836249979716632,-0.03736867760626347,0.0980942163402634,0.6844201793332637,0.4496078206897588,0.5564033197184846,-0.319684652958121,-0.5165465555851776,-0.20144641337205355,0.10962738358147922,-0.2579012719672601,0.34649515757312793,-0.40286513537560564,2.0846738512704923,-0.01629520053152512,-0.01143959422965957,0.10205191823259102
0.0,0.007347792290417175,0.015508656618281998,0.007274326143378091,0.040644556879575855,-0.03898388300493758,-0.006017684124343148,0.005216395749322686,0.043484783562818805,-0.0036385561859148302,0.07486233152624854,-0.024120851484082804,-0.43821547481174034,-0.1019346110238476,0.5443410217899641,0.12753821025093562,-0.04047525443442763,-0.20022933095517162,-0.14260376639812225,0.04627188552774155,1.7928774701358414,-0.04162186490190997,-0.004094209226402824,-0.1380447431499665,-1.6175645819885613,-3.4514897603391876,0.5553691327635764,-0.014474521520237574,-0.5656572728317114
0.0,-0.015172778336294889,-0.07733747659324858,-0.023719316320968888,-0.0969717068517579,-0.4308676536730064,0.004798120722213735,0.06497657919405504,0.06631301023223246,-0.004243194162696537,0.00296669262041765,0.2726569956616129,0.1734143570583969,-0.04863663235464471,-0.19555017146416565,-0.4494453550875443,-0.09880092421253832,-0.17418868913597035,0.7154197043992022,-0.22634294286304474,-1.6259145494853349,0.025790581221297324,-0.11483344118693425,-0.10513090943187159,-0.947950305060074,1.5779658149802473,0.10015588142676507,-0.020428479648015252,-0.16316926966332276
0.0,0.0019801057468304575,0.07811314219214473,-0.017659220938524962,-0.024525468648836934,0.09684267026318905,-0.003630108950353855,-0.2676500182964767,0.05242984358410446,-0.15249110627494925,0.2269457908610883,0.16797033488480534,0.03006716591933825,-0.137150719540652,-0.4038932349834397,0.010962313568242298,-1.1596144613920927,0.0669274892790675,0.7304689461366473,0.20624154055595192,-1.345870993685191,0.13957055144461758,-0.3472269296313043,0.09312336448945936,-0.5912356844318039,1.6438051038343993,-0.1062787204009996,-0.008627416890805973,-0.271156336333936
0.0,0.0,0.0313548643090141,0.0160118964449203,0.0596757526759222,0.0625575593619578,-0.011610367227005645,0.12863185034084565,0.13460627166786207,-0.002980158705306239,-0.04738259416773372,0.17935030924052428,0.2742311495540973,-0.03780616456607157,0.3348796170881824,0.19451787277938956,-1.6240350830863708,0.14084840174320623,0.31371314614450185,0.05697014373167273,2.565376395355911,0.08759913622023774,-0.22661086425575658,-0.21255297554223457,-0.3194234511483876,2.3464507472420806,-0.022314400005161442,-0.0426651027292384,-0.05550247121126106
0.0,0.0,0.017823655778592174,0.005838959812965736,0.09597002870311819,0.09044917984268182,-0.011383416566714037,-0.21786332856027707,0.19650434163645636,-0.004208058210676236,0.04562338549498894,0.20079511880677275,0.3253331685030731,-0.060409725129197546,0.024244455835194398,0.4335486195583564,0.28006230187157916,-0.28319419834435866,-0.2808362864976291,-0.09346341053649145,2.193322146043886,0.0635407183514752,0.2179335994114752,0.09973267102326966,3.847836646196865,4.952414159938664,-0.01058396271663629,-0.003864210880017682,0.4150929086965014
0.0,0.004029063479788116,-0.029365607063322908,0.03048260620540388,-0.0035975964476170886,-0.03006693201780045,-0.010180521489693131,0.29386772019804713,0.14281186094659565,0.008712193843683647,0.16061072333189597,-0.12361930487575472,0.12874019339080855,0.006415953923913173,-0.17931449558106535,-0.10262484422278902,-0.09932640671437992,0.16757338476904543,-0.3675211212343987,0.1415651573114245,-0.13887467886892382,0.21381554147582865,0.0042185716443706705,0.7730624430963775,1.6013341315970622,2.636392599851046,-0.08481416314861207,-0.005713938530820445,-0.6221889652849902
0.0,0.0,0.01273490349540354,-0.016415481718601445,0.05413913119677397,-0.07965825458671827,0.10185244788889833,0.1868613007591828,-0.06453542508728638,-0.016203489515190513,0.12777730178114238,0.03795526413825807,-0.3320271244554247,0.05417517073246098,-0.23766629631315322,-0.3208551039868016,0.1947701998760825,0.23727912321574823,0.5308887449964576,-0.3888780699854737,-0.3585361765316163,0.08662277630961614,-0.10949622211543529,-0.14715621881612406,0.13505890715356772,-3.3892429693884245,0.015065015698925394,-0.00945652712183593,-0.31805704453521977
0.0,0.009152458688292604,0.0859369327915082,0.039353725170681975,-0.08389939011059991,-0.004601054687639351,-0.005407322582161651,-0.5310562206503028,-0.05851582805991599,0.06399533663950989,-0.22484175327373454,0.29583165069773515,0.1537959613497032,-0.11392506363230269,0.2807585161399229,-0.5802696288646224,-0.0319697445334302,0.3271210277049485,-0.35592166901089234,-0.0115313384989544,1.6659942000631724,-0.6318816701703263,-0.0952527134084804,-0.11087313734160174,-0.4050190629174346,2.2418536937251883,-0.11200393540984076,-0.013306301756580765,-0.1505415152916587
0.0,0.0,0.001349309121698378,0.010331251173293149,0.04438156030744341,0.07088906858894886,-0.01356074692760557,-0.12425695720688189,-0.24138434527805594,-0.017230347181627123,0.08057434407853925,0.19619367691660902,0.234941686725227,-0.034775140161757034,-0.21645765579412274,-0.15469709316729166,0.6411676346041286,-0.6332231273146877,0.12019462702138482,-0.13629814971734736,-0.7268489481426738,-0.08361137513270586,0.1418285465099716,-0.20471071691300813,-1.760876393880307,1.8247877065456457,-0.02486676196137667,-0.019363531957677062,-0.1090860335400573
0.0,-0.004509715235992582,-0.01769731433607617,-0.004111791409313318,0.019061629959572578,-0.2880807454476918,0.0029659556550680087,-0.13552169924802288,-0.0340445419196483,0.010340132438858974,-0.037202102908804845,0.04560675044686043,-0.10179026729994242,-0.07166990981473068,0.10955743695045882,-0.2661381599127308,-1.2338381384940624,0.10643695787507987,-0.3581593115799545,-0.15706571152181353,-0.5005747051262388,0.07833487182012638,0.011074122280310902,-0.3678043146643129,-0.06451996640880733,1.4268013283318388,0.12919139617943595,-0.03973768862747844,-0.4268190381686958
0.0,0.0,-0.01352436292277443,-0.03145565655059056,0.0750295082903976,0.08704241698350407,-0.02129359706607617,-0.06149519903666308,0.06767992847813724,-0.019490445365456816,-0.04128544821684915,-0.029540107885670006,0.11981392238066585,0.16220380510495291,-0.2699776303192826,-0.23979857085536135,0.3097954569731896,-0.049351905990803295,-0.20527130855943307,0.3037867111284785,0.8256039567245075,0.06733411927534906,0.10357754105282635,-0.21590917937430928,2.6435881600452333,-3.7188735023770594,0.02306124322350776,-0.01726491253918413,-0.2531953029675121
0.0,-0.0017490934097002375,0.07173062789635792,0.038109363975158746,0.01871471690924172,0.11669936782060461,-0.003601342119319389,-0.2537093446276205,0.01663344621977697,-0.006867719543626595,-0.030958064457369705,0.024398016847778408,-0.0452608237269544,0.01950115385087765,-0.025906251555239453,-0.358139737308524,0.13999493423388817,0.13172888556986595,0.3278723308014949,0.10794203218963627,-0.20025115094451912,0.12529938738317345,-0.3145753639676522,-0.1541402924501856,-0.2542355574048008,-3.1127678265905807,0.8215348805371251,-0.0040397390684861634,-0.8081018500074628
0.0,-0.0017490934097002375,0.023807653037548095,0.023030281662965682,0.0009966198736207452,0.04709921854020454,-0.0032721497795107964,-0.059027086182079594,0.0403779918187712,-0.01317553535207829,-0.007256495153721028,0.11094995621974282,-0.046526707104649415,-0.004858117715715141,-0.01898317163530481,-0.1490869224718592,-0.7816946757569811,0.002745191581618197,0.5035071341799866,0.5721754719236952,0.06097031154968055,0.10148838681392328,-0.031209380399095415,-0.06017692672366377,0.14753654154011253,-3.142126143148035,-0.11954466371477968,-0.0013089826142490815,-0.5460783020457338
0.0,-0.0017490934097002375,-0.08393736180736538,-0.010569520176785294,0.03168104182495546,-0.09042536498014918,-0.0030620120949491044,0.014273065155353206,-0.0674023771446313,-0.199945212786551,-0.036500966826670596,-0.14128151713296058,0.00017880326682789566,-0.004192374471987638,0.010293576964177386,-0.2970991802562139,0.24186047438865602,0.4146547917501013,-0.5654900919888443,-0.0851628377226527,0.07620153124931935,0.002449961374746708,-0.31813263614265297,-0.14938104250341908,-0.6707339393131957,-2.9031067561849153,-0.10950161939450591,0.004017784897011087,0.39158830903328246
0.0,-0.006514494390033237,0.0254980238953861,-0.011962123878281425,0.09465348043799972,0.023132678058685255,0.030888096025991893,0.006871529997600587,0.23582190295986807,-0.25103541207834446,-0.055780249524543614,-0.30805387482584606,0.12026565414736068,-0.07431270473182279,0.13538538776904263,-0.3763038058652388,0.2218902829400771,0.08531208651414358,0.975017830838975,-0.566991257282352,2.0896852754515693,0.008175535796798267,-0.17796066131109328,-0.10347564409187848,-0.832944250946731,1.411617863904163,0.08330705664112917,-0.020955352554831573,0.302486560576729
0.0,0.0,-0.026873508399737085,-0.03500866323033981,0.06152989273100142,0.04814178804428256,-0.013058442402315297,-0.1503024774313596,0.19710571395350845,0.003646327010918599,-0.08315853549610235,0.04831223255787395,0.2827618662473925,0.14728940849992828,-0.13224531544217968,-0.035888192820803806,0.36843403489233756,-0.0681866240736483,-0.33068416828162245,-0.3931179321914853,1.672206487042213,0.018388530796269485,-0.2008712229676479,0.021855011377803376,-0.2596483318081791,-3.468234361194389,0.015728495636954384,-0.015692706430074154,0.06626852185844143
0.0,-0.01260326626881515,-0.05886937556829517,0.021123499957965766,-0.09088468050024959,0.014796948784585713,-0.01241640040271624,-0.2665871175081659,-0.024254545076812864,0.01926504311059118,-0.15959921232590726,0.28197981184514254,0.1222857793263852,0.7982200194511776,0.436446710468342,0.2060712880283523,0.5221744770594031,0.23987357349287677,-0.01096288471344876,0.12655284211510373,2.330066113963704,-0.740331243763159,0.571155250116382,-0.0811453507716707,-0.10179962761802505,1.2074502801960505,-0.09100123983865918,0.029142921287266144,0.35533154581966353
0.0,0.0,-0.03772107542339658,-0.02930907652137931,0.1645376933300715,-0.08074697652687873,0.09996828177208358,-0.32957952417953307,0.20276118247568928,0.00802003144685945,0.008010567317671727,0.004675097546972763,0.17018719094896043,-0.06514135358853419,-0.17667068055635873,-0.45816654170439297,0.15291739628030346,0.26356259554551775,0.390458108824554,-0.22418867545668078,-1.049731264217354,-0.28388943252213034,0.3202364137985578,0.21401961563167843,0.9352301995054546,2.1429984372174107,-0.03022623847312817,0.010228734981337697,-0.07332640863996193
0.0,0.014283458499748405,0.10382299963615878,0.01559071797040291,0.08026603080073157,0.009985481491346862,0.018277188592933,-0.0010768388430340658,0.039595868173790905,0.01890615498281442,-0.04253537755611971,0.43738597499780907,0.14587312782485065,0.2482937711415292,0.6577302543413099,0.9434435335161029,-0.9570466820367258,0.38021528261026993,0.34021199027106275,-0.18193832040179936,1.4515973387899588,0.470739803295107,0.061988478530675004,1.212500206081482,-0.1744344573404101,2.8945556995014003,-0.06130799591127977,0.004056408570773796,0.20232456695690273
-0.010136491053060585,0.012004207604514285,-0.05344216168889172,0.002364241596210676,0.06842724114348783,0.026456763956342732,-0.008140745177698206,0.36911698193506387,0.035458228313787685,0.005480852746430997,-0.14885420222083148,-0.08310859227885353,0.00042785501869184255,-0.039941167363293284,0.02705433822135744,0.11280367649642215,-1.7370240498972525,-0.990569522098919,-0.7136900854265152,0.6865127878366492,-0.6074104195743663,0.0668594640995129,-0.6961275871517731,0.6970413450880351,1.6207344174648828,1.5330829316457264,-0.11570359815151464,-0.011621584011693087,-0.4517784681112848
-0.023789330841770866,0.004111152646777019,0.011018786911533105,-0.011473376157456529,0.07406376706335785,0.05556747483650302,-0.021169430535595887,-0.12275906489488482,-0.011715298810230722,0.008935153005101028,0.628270081452315,0.1755643061079305,0.0731838017554256,0.07062891390594486,-0.05513703594619365,-0.3498199956124971,0.44892876257111547,-0.017221200772029873,0.7083570645486104,-0.6452627306523092,-0.297593154370862,0.07154511806935454,0.04661910164206297,0.5495164280344798,0.9349601029755653,-4.258004396372691,-0.19137664934319032,-0.0023837363251217243,0.31360724509119514
0.0,-0.009736263155350419,0.0045774878308811155,-0.007032533697148114,0.0414312487130201,0.1737521384883716,-0.013196458923039995,-0.3542934091024981,-0.059042733726511906,-0.0017477527666712202,-0.04569747579187722,0.07212940587571212,-0.14898280190807223,-0.08045291456785018,-0.3904719398880771,-0.26061102890390847,0.9466033043217119,-0.16476876252124484,0.1379000336168429,-0.2731696470641268,1.2617412588175656,0.06726323475672516,-0.03553718463358402,-0.4352077300342212,-0.6977829755932394,-3.235720785061686,-0.26386432675257016,0.00327179363634311,-0.17536344595029157
0.0,-0.0017490934097002375,-0.06606933716331823,-0.022756728074251022,-0.009907263757679589,-0.08611578423534987,0.016952948169596836,-0.1462613926033714,0.011532993684177567,0.013045538344021217,-0.0662796383121417,-0.4611105542097564,0.09510921411924096,-0.00516117151896013,0.03826925025923639,0.021748299290670393,0.43555778596590344,0.3726102038599084,-1.2580979879810814,-0.34494800310983426,0.5329538976880906,0.24140117428873129,-0.42027440379420267,-0.20742284876417974,-0.8079462407344697,0.9084347914681596,-0.06069736701653264,0.0033077999792310436,0.35411016467922973
0.0,-0.0026728350658643085,-0.011985796159481654,-0.023429993109313634,0.0036136241715885664,0.20547618091536857,-0.006906475031506148,0.07386748813043656,0.021521347509272766,0.3579834975057528,0.3668120801898213,0.06494229915450145,0.06295350781097396,0.002959034384709052,-0.03860041512527904,0.3846887974963386,0.13526530126346334,-0.26135023262417617,0.3343275959099969,-0.557148721319957,-0.1559130508220907,-0.1545666067416614,-0.03132687959070255,-0.3374947756578033,-0.5335778564554214,1.1192567352213205,-0.11238761750219046,-0.003916706214576746,0.4578572974221478
-0.011656460548173356,-0.0041582933212029865,-0.008470336451929615,0.008687481896821881,0.1932828638814758,0.06762712950231645,-0.016017855510734234,0.3925371649680446,-0.1356007433610764,0.019888595253068377,-0.14155570257205954,0.11955309131708994,0.03123629277843748,-0.10367995039462821,-0.09091832827969779,0.20067545714444435,0.24581531141704652,0.09281259121930717,-0.9775878635963666,-0.5252235872642891,-1.5651322336840745,0.03700644801537926,-0.30971683458640653,0.4483232884213247,-0.8001775099416139,1.794675055586124,-0.0970098268019544,-0.03408084324196745,0.25218441905941763
0.0,-0.03179026388384752,-0.04480441816635609,-0.0010901737365600359,-0.018719262673654726,0.037071845441838565,-0.006262807465263904,-0.2106009085061895,0.03182713893783134,-0.013199272755775083,-0.07135174569367553,-1.6058406904103513,-0.08402009692794789,0.641081404376028,0.16365399018985455,0.05765018936666176,-0.4528937869067974,0.013165871847156781,-0.2992944453480637,-0.0004998438132458899,-0.6199547290167153,0.2193326598660777,0.10186529170431395,-0.10242101448030924,-0.3083124561489371,-2.4483793374763962,-0.06622289094208628,0.004302401598935291,0.35344278549729796
0.0,0.0,0.0031011520803318105,0.0008486264914439606,0.1110124689063587,0.12823819992964555,-0.007201388609359491,0.23687338387949897,-0.2992976174411239,0.04983379990722633,0.019457411998602868,0.02138084138633405,0.21655597869770699,0.031811159362946075,-0.27488740042709997,-0.21062019305508894,0.26018210018444443,0.2265745099607728,-0.46384186208049655,-0.008228497542563362,-0.6208520185780574,0.1268498438107123,0.3202472332750169,0.17919956760562353,3.1511227362448553,2.291509461661043,0.02584251697830132,0.011790269867001265,-0.2551750930930708
0.0,-0.0017490934097002375,-0.013414529861660118,0.07930600959836506,-0.007005224273311281,-0.015888792289738392,-0.007359476140657938,0.16486278377329794,0.07813097210199586,-0.030724094342417425,-0.017643556970774733,0.09324936769689254,0.03707225504856249,0.023281593125591638,-0.0738830788529858,-0.19883527198733844,0.6917302989652983,-0.3113131974060237,0.555179805753323,-0.032532792560344914,0.059559472184346186,0.11429881733556527,-0.22181756853660828,-0.22154654362835063,0.8603679182585233,-3.5663682076652767,-0.1296903478094593,-0.003535886298919558,-0.7552153039975477
0.0,0.017983040704698743,0.01583914538952596,-0.010043292601195063,0.020659196455740568,0.034238464275000886,-0.018562313404227246,-0.08125749570310634,0.0351159898885248,-0.0032278350091938376,-0.0714102142802241,0.29322972336704,0.07823925493218696,0.6039288023246663,0.20294665976635912,-0.010369503107101701,-0.9840414128752103,0.10226616174388012,-0.255523565808991,0.9500782496134242,-0.8283302317570498,0.2992727161883953,-0.1727612164499729,-0.2694605034571332,-0.32541287166537824,-2.334149680715314,0.6884043903658866,-0.012785243365309843,-0.6951127868106268
0.0,-0.0017490934097002375,-0.007921770669451144,-0.02261019923888727,0.010598989943832324,0.0834426425571958,-0.004834392207282297,0.2738150598507148,0.05200225888719951,-0.01008674489031192,0.027863424602681465,0.059725539750411345,0.06838885507025809,0.011135498156735696,-0.05337864427226629,0.5329817973603391,-0.15993225821000867,-0.11518977029013579,1.276736905157179,0.11428110038859104,0.7366224968819917,0.027898048455331125,0.7387963642854284,-0.20017930066630096,1.8971096901869016,2.2521071017401693,0.8006356724469383,0.08815789505175703,0.38401020720377727
0.0,-0.003492855672610835,-0.06277591150852285,0.001057215379478643,0.06880473993446364,0.16826568029483094,-0.011448834923375926,0.03579102635155761,-0.037823732411967646,-0.0014067636211397402,-0.011048723536652916,0.17549970010606009,0.053838130694475766,-0.006070094166091256,-0.22460718311594752,-0.13264400056824777,0.11415379417868096,-0.3448841373596331,0.061342341593591,-0.2939935829625061,1.5075216664361608,0.012269723752586895,-0.7742319867509756,-0.4452472181848955,1.5738693676189206,2.097765389535982,0.09142208508283453,-0.045287669819624274,-0.04883107670287507
-0.007292247890800916,0.0023728075599379174,0.008103731284319921,0.00469765364188109,0.07038231096655695,0.051266061120884596,-0.013978119149703419,-0.21649711665850188,0.09786648967531425,0.01628374484515941,-0.1280125289273816,0.17090647165219003,0.07704946221521165,-0.06618581898849532,0.04314854729158528,0.07130971965917587,0.5845561211154549,0.30462553811186666,-0.045559059849012165,0.556089196820096,-0.12807978136078768,0.08058493759284328,0.45166146661035816,0.34241871444903776,2.376640275075596,7.268832118785417,-0.03962719366565345,-0.0035407669937929345,0.43947089117262267
0.0,0.0,-0.0013454632142235335,0.014048916450095594,0.053405266690016315,0.0886874437242721,-0.00946998648108539,-0.2666242005739505,-0.0667241805943456,-0.037679015678406015,-0.10015541126472541,0.030116184995903957,0.17830484477305256,-0.038321184441258545,0.04894301539863264,0.10207142643554616,-1.2590069727550497,-0.3463374351329396,0.21445420987943029,-0.8627186295259947,-0.6745056799313582,-0.32471042227160724,-0.056674350107676776,0.5480869177273423,2.4197921638259685,1.411419487835568,-0.02298040783871563,0.00865092814451072,-0.09324191194976424
0.0,-0.0017490934097002375,0.009980437959612743,0.04254636536418926,-0.06901987821770243,-0.06532094511674619,-0.007556715914738056,-0.03976813880177543,0.0017975391773305685,-0.05957463724534306,-0.006439709456228834,-0.04916572574838005,0.027331887277489485,0.076112997073397,-0.11582758953997577,-0.3610629727740695,1.0411760604084335,-0.24452521758499812,0.8668974829358196,0.9829673224442242,2.0285360963285357,0.11956832840967241,-0.5099634054278492,0.12458804808334227,-0.4528327592724129,1.9305087137827672,-0.13304662850447177,-0.01313308958613074,-0.2753577567892287
-0.01435194262191741,-0.017005845839284817,-0.020376349696274138,0.0025406079523211805,0.0982027419371604,-0.04744845875833891,0.06508753228729698,0.4631048410868578,0.03647500438642258,-0.0007027585252414137,-0.26592671103263643,-1.3686003741192554,-0.04385606736616383,-0.02175184036734097,-0.020336313358494992,0.3011010629779806,0.1919480247906275,0.2789770598852262,0.3919643050127845,0.032983099118126594,-0.9218088938999768,0.00010470350655770815,-0.2709538277308431,-0.4736738293295185,-0.4074952381391171,1.4786250036881878,1.0612833936748298,0.12554155167021472,0.7430128865279054
0.0,0.0,-0.0032062598574734502,-0.0071767419707177834,0.03762299723899998,-0.060138798110924666,0.05137888547194934,0.043949967202207986,0.07386103393672945,-0.0009920380946986656,-0.16146054396554133,0.15951251879020897,0.21839511460697986,0.04121432964374376,0.017567564814467813,-0.3173860889810955,0.009188244806175427,0.14417642430425182,-0.049681311354779364,-0.867792444290956,-1.0997226521384593,-0.33363022612331567,-0.03540759824306699,0.06262810866224772,-0.5311844871261752,1.5027451178333813,-0.020733420908203112,0.00826378377981164,-0.0749275122961882
0.0,0.026099695775479784,0.05363025877489107,0.015670203319624487,-0.01627689848716156,0.006867347289377169,-0.019631489052643402,0.2776513660868673,0.024375035318008463,0.011165275370977097,-0.011869527358046746,0.22186755939705777,0.1424743484890108,-0.07962787947814466,-0.3459866894714698,0.415459900876483,1.0167198107620992,-0.0985634577309911,-0.23104150087002615,0.5576275218291432,-1.3850874930074344,0.27036245808677706,-0.15971456345024562,1.0212878346962442,-0.03435855072322371,1.2174782989203234,-0.0773338871877211,-0.008404816713471422,0.6165963188650095
0.0,0.003146219309391997,0.03530377767236558,0.018221395480263056,0.010245942997374677,0.0023836581238230684,0.06742306145969894,-0.12482132425777859,0.07084978080532782,0.10118884573295246,-0.09147550897479788,0.1561868295498791,0.13043070936585366,-0.08177316059541154,-0.19306664217421074,-0.42308946443378503,1.1661808274242282,-0.2822216140929192,-0.26784847213305135,0.2605968587442561,-0.7624711250498181,-0.2283735575301591,2.3005570026740427,-0.4288715942835829,-0.754523667598509,2.2368179525318634,0.049688076453493824,0.1052763880759411,-0.8161054300069703
0.0,-0.019078000068103788,-0.0631802647497392,-0.002766685182335673,0.019242878386515554,0.031305510638796046,-0.012133846944446454,0.06377732155653684,-0.1349386850918973,-0.0012631565199583542,-0.20145795580713516,0.3269459258841886,0.09022593769974552,0.026778521331533155,0.9529647338838722,0.006216147724031529,-0.035919282794162725,0.3056468426426432,-0.15419629425733888,-0.22679934054985232,-0.2538882511812954,-0.0037201420951660513,-0.0038747158567464307,-0.2241570096346667,-1.288081052566568,-3.5560904683534638,-0.06608398537766765,0.00019150452577991928,0.5563060701360045
0.0,0.004850804359745864,0.012398511131566424,-0.00664544792693244,0.006292054331138853,0.020400843620712792,-0.007108585765470612,0.0682689179574004,0.06858405640604635,-0.019053256130791854,0.07426463629978494,-0.10890198891070084,0.050444144024827955,-0.17281229766457484,-0.18508598186729894,-0.42785009622701853,-0.2102482739990282,0.029637072357424188,-0.4196995499707423,-0.4078408308628142,-0.7115874624875803,-0.2666657484404538,-0.1974606562667137,-0.47574586486891113,-1.0846018408955942,-2.9695998509399,-0.07003090807199953,-0.042643524571963846,-0.0109969472734654
0.0,-0.006941718098207038,-0.013664561038450084,-0.00029491938384015176,0.034257811237491345,0.15635989620522645,0.023027226432799176,-0.24471626212898723,-0.026144845883514213,0.007628979453259263,-0.034035196419588486,0.13740629380834707,0.10434809793071771,0.029789607464782385,-0.47088924251790676,-0.30656732950353893,0.16107401162594492,-0.08936108501666176,0.4273815894478389,0.4136978673472601,0.06762433959612732,-0.05899895937424945,0.16994018025777932,0.1009635188482608,2.3750821329714076,2.0156859268900584,0.16272241552388164,-0.01625205675829908,-0.027062652130317888
0.0,-0.0026728350658643085,0.01196810006147395,0.046591411028010135,0.013886782687617063,-0.07522834591132363,-0.006724197497028313,-0.07509251079769724,0.055725778581959186,-0.037303117345275576,0.037338084175817084,0.16213427552336943,0.06243304561838366,0.04650686406031158,-0.18746487279691565,-0.5460637727826411,0.27811837134003103,-0.19645100153008632,0.9821420154971597,-0.36525767917556096,-0.047889774454982825,-0.12479413886365645,-0.21726977854728438,-0.23957573035865906,-0.9035917406344762,2.456467658715079,-0.14013544301944988,0.005615907024861991,0.04321190172428504
0.0,-0.004464945516583914,-0.0005049364025070779,-0.002635556261344068,0.04622875745408912,-0.15386238825065676,0.01609207514956557,-0.18933213169069826,0.3399162851838478,-0.18403374893764912,-0.057097268675194546,-0.5121853050576626,-0.20003068382495662,-0.04547483500277147,0.07507758633010529,0.40223058247070936,0.7355719472445686,-0.05649798260297003,0.03121901659525287,0.31418408891986954,0.5936043803798204,0.05319417335167412,-0.08461107422578909,-0.4177258055480674,0.26471506772367615,-3.400914705016651,0.06864727168636348,-0.00856528375112594,-0.26807829800674166
0.0,0.0056268736320102255,-0.04821376077620365,0.0029192011303484982,0.007835748375729005,-0.0013754278351644246,-0.01144258474954703,-0.07722126296259077,0.15039077787000008,0.0451413764280507,0.09147250413111203,0.27247150717179325,0.1349632128497954,-0.0043156547601158925,-0.3857777440925311,-0.642737213304304,0.09144015710785745,-0.11683766047434453,0.3093129224275007,-0.22339440301740668,-0.12714002532839594,0.3406260917849104,-0.13544096616184076,1.3024838815813566,-0.823676889763765,2.898242725946904,-0.09519845097940066,-0.0013779029226190036,0.26757508137750236
0.0,-0.013530654536747153,-0.05549452349525022,-0.0042363355534328455,0.04186284069902069,0.2058643753241659,0.010178489803735993,-0.1783988653833776,-0.07128135313992282,0.02515760178822718,-0.012334413557135313,0.1332824520652196,0.08193846776813127,0.027955017075188587,0.23227326263858888,-0.5696392650447824,-0.012521489702540467,-0.11682253896322557,0.35664709348369494,0.40368821647755915,1.9905525489085418,-0.0346840149875364,0.4262245066264211,-0.5530930099968561,-0.7736212603978365,2.758405931530274,0.044403526910262614,0.008960798303629605,0.017112574054832515
0.0,0.0,-0.013520072077774184,0.0055495594454139305,0.10606626803957911,-0.10880803846549568,0.022185163192339586,0.059163433594143576,0.12542433484329998,-0.012128823261284566,0.04203094828426064,-0.5134171256121693,-0.3508643569111008,-0.014896277818185748,0.06185142878747488,-0.15339868864807416,0.2702729542441063,-0.06887415015090659,-0.36593989217294803,0.040375918306230524,-0.6585000220052782,0.053561988059979346,-0.44439054505327463,0.04188006717048646,-0.9491081155344804,1.2653670390942502,-0.014291330224437272,-0.012284892635191287,-0.4643205747146358
0.0,-0.0017490934097002375,-0.07482868681554336,-0.03947945582569116,0.01805746351384657,-0.05325941167379306,0.028018727126275164,-0.17683905223916016,-0.01075007388256562,0.01785680723069715,0.4269610273754805,0.05630322639026424,-0.023341907461711765,0.04658324616603588,-0.18299539274607104,-0.3745150758750923,-0.15831980646470875,-0.15080514002340636,0.9528405142906518,0.2143001372080061,0.3933762161831377,0.1306696241824581,-0.11137595243634298,0.6514301886182426,-0.4590808659320042,-3.3243858106486095,-0.03145736736817188,-0.0007184272704902463,2.6730029753922236e-05
0.0,-0.0017490934097002375,-0.04894367513884072,-0.03383642162731707,0.0007035978794059496,-0.09516502317531955,0.010854610816501409,0.37065052212286326,-0.0035333101397413496,-0.007572742927059176,-0.2550200863303494,0.053480365864368155,0.04452933041346992,0.047998509416405814,0.07059197111341664,0.7416667842690097,-0.04712570864798126,0.06891115022388138,0.8755547793016712,-0.09829061854135422,-0.9437415806097048,0.1732911905019886,0.036627529394902165,1.2244520250384365,1.6106527405110658,1.8743688594053751,-0.09554027320093189,-0.010199156140821446,0.35558491858152813
0.0,-0.02117926145145959,0.05936186997502539,0.0077948296927866055,-0.027721221861146863,-0.25344515639098825,0.024879804881232082,-0.04722877274066336,-0.017397825429657954,0.027206477435319947,0.02053318184473867,0.1806707641501035,0.07784389215675691,-0.03886959094898775,0.19190265231324993,-0.3425760920936672,0.19501299449580353,0.3049258973615254,-1.2725705901038329,-0.2484126221346349,-0.4694691820176114,-0.01473268526662307,0.006692400087900464,-0.00899560869860518,-1.08536614943525,1.759662611008706,0.0776688228613206,0.005539237766977057,-0.19252802350213508
0.0,0.008344357280447535,-0.03647364369241185,-0.04079764118350554,-0.1051252611708286,0.008811286405389737,-0.007572580767124661,-0.47623697494029416,0.061083478100041194,0.016406165918599686,0.08284946901695348,0.4575149014111705,-0.09270778578337037,-0.015060422405328452,-0.10602141945687438,-0.17524047632730166,0.17008328139499118,0.35637588646177787,0.2096530361605636,0.37005376821399977,2.5774345911368863,-0.02757910381313345,0.2561238273855939,0.12308856225528234,-0.5257888122233588,3.9512019333700223,-0.11763100350915308,-0.006408211200500078,-0.7122946021418601
0.0,-0.0017490934097002375,-0.012450760165279316,-0.016147315967685535,-0.020677602210147486,0.11607318702814401,-0.009546663232049734,0.1795377510606368,-0.04099527387968243,0.1995936135594058,0.03797452834912654,0.19861076341866277,0.05784905526911373,-0.017022708078787814,0.9434615992364658,0.4584069181550813,-1.2866187494844732,0.3136407319486117,0.25683663730145084,-0.5418733318930712,0.09015800076519509,0.16864057840977548,-0.2983689813386082,-0.23964459223072979,-0.529788039545241,1.7704765556937672,-0.11105164049418005,-0.0026082600168843687,-0.2572439431704063
0.0,0.005195825990038206,-0.020849705689925523,0.01118430081270588,-0.009221789791147777,-0.05178086845761896,-0.01680525616607864,-0.3000236002869641,0.03961953791006314,0.013798138572566614,0.03376647182894328,0.23813387661591773,0.08690830202702722,0.020092883166327225,0.06600292185740962,-0.14113595404734763,-0.6193822769835993,-0.2491578433403536,0.20214695412309522,-0.6537709086414608,-0.8036076108519419,0.22145303847595904,-0.07374096940277347,0.6030232945219312,0.20095753278630438,-3.301667871920866,0.748996934977288,-0.02130717821277931,0.3014626963796503
0.0,-0.02576432916485207,-0.089979166466682,-0.004818732395165215,0.002000528403727152,-0.022417841118409314,-0.0019098613169025822,-0.1500969031377826,-0.0089393445210738,0.018773903969311844,-0.015822801818573512,0.28622852689915895,0.12460467270381777,-0.04668744584545969,0.13995209311856435,0.38608620850863223,0.5070280378722254,-0.10580437501982864,0.5315410075672102,-0.1204556913667783,-0.6016166586395767,-0.07502284406273528,-0.095179516056106,-0.05224345844696098,-0.903377932837392,-3.4410647027337524,-0.2416915885161701,-0.03340454008895691,-0.5454597122344967
0.6315067839149237,0.014414223649661193,0.008926270322677132,0.013690861307885419,0.09057873628002382,-0.03672575706994446,0.03891608302229797,0.09001707342850296,0.02039379759772547,0.003169018226593593,-0.15990736745055717,0.0099613941351427,-0.08143309955669965,-0.050833249957342244,0.11671006321463141,0.09718115357100532,0.524924110268941,0.3257141013725511,0.3467175959289799,0.317117806056659,-0.27393028606703007,0.08432012539994807,-0.38947167754901374,1.0892720725314726,0.9112429135643174,-3.4772474790138896,-0.020794778311984525,-0.007687703913527223,0.3265109981367058
0.0,-0.0026728350658643085,-0.02045062913594175,-0.016952778439731333,-0.009368940343525941,0.16981916815990072,-0.0023654901296114635,-0.22983566643003844,0.03660416195735042,-0.007227986052460109,-0.21169614395024672,-0.09674746991057792,-0.20218001867595406,-0.003746213888611437,-0.02038120374012133,0.16109456085308238,-1.0083598139182477,-0.06571901429617444,-0.741359006040366,-0.36514847777691306,-0.9858850752634675,-0.14196185040090264,-0.20995493835727572,-0.18745239236124975,1.4587231431705956,-3.0406651596644694,-0.12860095036031655,0.049217115593121114,0.2387603531187131
0.0,0.0,0.04212424299672135,0.002348657995203857,-0.011859513165102075,-0.029611274810554474,-0.01289245831691866,-0.21210805337826164,-0.09131993723393408,0.09446986363919967,-0.07698068360755608,0.08558343323383776,0.2199164190647146,-0.053992892123750594,0.05623186853016448,-0.2104612301609505,-0.2888041993109796,-0.1708890766559637,0.5007914119423722,-0.3219932824709588,-0.1916956287734034,0.03142673593778466,0.11879570892284262,-0.10172322798886005,-0.3779213044176057,-3.030509578541635,-0.0198718099892261,0.006101275262239593,0.4407453463386567
-0.014438022068627937,0.005744629505357623,0.0501940695358001,0.00962098520667548,0.11473554518630992,0.038614007149095554,-0.021174663611215016,0.11941457543846652,-0.04257869641254725,0.025307427473190883,0.32566728428161235,-0.020650020159721012,0.0030987441395935195,-0.06853401383639077,0.22667923244682714,0.09106372008631128,-0.6054822940561349,-0.18882758399343408,0.1495040996229999,0.28163145889173813,1.7764859771787331,0.07879316057746474,-0.843804248859273,-0.1529519236400148,-0.04298003254174923,1.140013259937574,-0.08072418613370366,-0.010931204783444263,0.5889244720800901
-0.011553443582085985,-0.0003855723616941328,0.03977881430261371,-0.007221001614445503,0.1694848326226989,0.026073778658560524,0.0007010392805715949,-0.4663571847996883,-0.0632999526040458,0.042274131523537435,0.3858158818935921,-0.09755294526060099,-0.004437034417574612,-0.11750582302527707,-0.05078674984071624,-0.4380382010030128,0.5501941420587905,0.5127839587393948,-0.020111191580743256,-0.48641205061258463,-0.9237399377287893,0.06834988624974325,-0.17120622047996817,0.28711367773447927,-0.3803384746919458,1.6692475535133444,-0.07817603871794405,-0.0075929977203475,0.21890089506719748
0.0,0.0031512201360114718,0.010744187713758045,0.0055315816912355036,-0.017454234120137864,0.02561336858831032,0.05125029941507464,-0.018150834886069226,-0.06060135878061547,-0.17295628739264163,0.1495599621493338,0.38158564590516303,0.10347752840559614,-0.07620348985243391,0.0590745816865768,-0.19651593372154666,-1.607129807114559,0.35372280148305113,-0.37208273555783006,0.12422009817472977,-0.4329943125272898,-0.23825024793094857,-0.46721690092343315,-0.2462289698737581,1.178622772264108,2.6546929194049333,-0.11774427470671078,0.03842900841494456,-0.3612341150361377
0.0,-0.03730386526574269,-0.03941304094601174,-0.02094495238414963,-0.016666188672593257,-0.021248538800096504,-0.010196970094468762,-0.06638290700985211,-0.12559831230386512,0.07645233852648013,0.08631473782665686,0.1451030675326569,0.08368504710796759,-0.0381865310991843,-0.17187712668917024,-0.3150405173129731,0.6327584360855035,-0.48520119106832404,-0.20690073233227263,-0.24780135590294197,-0.9194287447769021,-0.0030734110083368562,-0.429865562368899,-0.4014020825645445,-1.6911986739402585,1.2589187479724466,-0.11806087704037502,-0.019019115081246957,0.661695704974079
-0.025514541983042753,-0.05099799588792383,-0.0486177591925281,0.003425209265135992,0.049004323716845787,0.02535576451188518,-0.03039511310720125,0.12240047024901234,-0.055425440467375894,0.022115978153980892,0.34969314349080166,0.19573942127663452,0.03977970629103369,0.03217082066467605,-0.0799794087769385,0.1845929578376778,-0.38184116028073545,0.30550533963967,-0.15981908971956083,0.10683845676373055,0.29763653921526606,0.007404927339594683,0.05789290397327228,-0.12633716134094636,-0.4431379078956129,-0.16818524575392,-0.03669126584835006,-0.0071327801452577035,0.7379568093108889
0.0,0.0,0.006903562824587197,0.00650030614610985,0.05726824796143039,0.04826005089286587,-0.018506600986934574,0.07017181912479588,0.14621539169910175,-0.004632145042010759,-0.08895303828333405,0.06287673978441535,0.20100707222966008,-0.049170138293449295,0.025136740984413444,-0.1879411190864047,-0.05966517576399114,0.2856876258045187,-0.4004381338832422,0.26626752392243835,-0.6869398476659405,0.03213299330791798,0.0410791087857081,-0.10059358962347305,0.6807056618420706,-3.77683966725864,-0.015025119262058425,0.006022046583048436,0.32297416072595353
0.0,0.0,-0.1349463716618108,0.012128948887701295,0.058635930558311934,0.0827515190969412,-0.020423495587185203,-0.11794570276594908,0.08686183164392153,0.0005509911655558204,-0.11420448094486721,0.20945452717231702,-0.053862354294777114,-0.04639461056567462,0.05154345826987123,-0.23489890733385094,0.12886883654455197,-0.4100172850252566,0.050269437829581,0.6749053329918863,-1.113381559230168,0.3522444923742771,0.3478661908590168,0.6605261279066338,-0.5409529542753813,1.7642561247666666,-0.021359432535701346,-0.006905773586415892,0.25894637309849766
0.0,0.007723476690677651,-0.046617698907719426,-0.037541242057166295,-0.01433888648514517,0.0028264588773638777,-0.007918145536615167,0.20135786694737828,0.10561551752149169,0.011904337677277945,0.07364385917837912,0.3104847102194616,-0.6460671930059297,-0.07759401845637914,-0.3536787148978885,-0.20433632809673605,1.0587140188959074,0.1166721538976637,-0.33494710381855813,-0.17272046152108997,0.8579086017090829,-0.5635726028974126,0.29483593270082736,-0.006378707724879824,-0.5985345697283904,2.2586653364901967,-0.1383030465429355,-0.008996937230763459,0.20432119202602259
0.0,0.01920395184676524,0.08199000620045364,0.04710907145171683,-0.094558579189607,-0.004899504284241372,-0.012590579974306883,0.15267761809946795,-0.039147625950879575,0.01448020380417246,0.03777537611618828,0.26873184974208314,-0.1183979073960248,-0.0068422889214003165,-0.10610879860223663,0.25371957699459446,0.7325032816707542,-0.3218533744568165,0.004737136047909207,0.3099367231806,2.7404944929513766,0.48491593797067667,0.19089044244586176,-0.23366819696644064,-1.0759845239336316,2.7939873151967483,0.153383875460313,-0.008685855775284053,-1.0222816036913682
-0.009593953390872855,0.00810895296203627,-0.007009338345050557,0.002909976217126348,0.040530065983181485,0.06254181255081842,-0.0003361319821131996,-0.04472073236244962,0.022091569403518894,0.017133145404366307,-0.14942311554165322,0.07973366634612669,0.040584510125894285,-0.013161485005203357,0.10584220052459548,0.12230932716087203,-1.3718358412654779,0.42867087037153473,-0.8413596942353706,0.6110659359803048,-0.8461657755709373,-0.025060146804131198,2.151952663540322,-0.37365912040568156,1.117670531255342,1.99523399240941,-0.05287188224435638,0.06446255837349117,-0.3919076661018376
-0.010957497860774587,0.003293976467987832,0.034890287206952975,0.008336798581155916,0.1403928404154186,0.07114396979069049,-0.010387469878591637,0.35474693465025525,0.005812806773576429,0.005376807512180264,-0.19353239757719054,0.5723232750866981,0.07541923729242463,-0.08636893485230933,0.12053392799574963,0.20511080571953624,0.5428749617949129,-0.1671961957898505,0.27569329486238725,-0.1082555534285371,-0.583963760121686,0.010819016073332948,-0.709080366587139,0.28398259899231804,-0.5932973161446097,1.6946078906106359,-0.07589014588497117,-0.015556520501562757,-0.48231813016242764
0.0,-0.0017490934097002375,-0.062441303659119686,-0.027624370517959053,-0.0057740322986714575,0.12626837307144145,-0.002268313829091304,0.06800270347323219,-0.10932665708743869,0.13387413355446046,-0.2618940759609135,0.10847718498769647,0.03718503256230709,0.05526080353648143,0.0019630691740014057,-0.05269121731273486,0.16810164457356724,0.1848305597602104,0.17994686410965532,-0.012763733454318416,-1.2026636769759924,-0.05913251475773969,-0.2466496887067776,-0.23771013196272137,4.047523480617295,5.153231587410699,-0.10396976847253954,-0.0015083302246277487,0.32663053946333637
-0.007470928738434551,0.0023845349678281924,0.0035565646798098546,0.0030599668916582315,-0.07377269335418686,-0.04953011808134885,-0.012108356615908937,-0.40303575231065303,0.0439054942601767,-0.004611864139629973,-0.09490714173676354,0.2196372641666348,0.07436981741405989,0.051885330880568944,0.01693100172362179,0.02861035252115872,-1.2395570243396399,-0.6658453580540341,0.22236825511578948,0.4398622007852791,-0.3703270342766289,0.09493641393295961,0.3459876181394057,0.026268495189231626,2.905110376032802,7.886127616283898,-0.09319710874294354,-0.0031676641687230487,0.4814584510822157
0.0,0.08663458622271221,0.061578709381790504,-0.004006773068251117,0.03461190892613521,0.45309229797637796,0.003242019132942228,-0.45826272571603677,-0.1456086106062655,-0.003231860449555066,0.07560557014907728,0.26563923882235146,0.028915276369039688,0.2981172416894335,0.15211759918786597,-0.42161486686553173,0.20167056016065674,-0.21804660598135944,0.7901945919944902,0.08659507225046104,-0.6183410003599993,-0.016446529042376076,-0.2862004197922572,-0.2039191347893199,-0.5967149952085038,1.6783005715216002,0.07883324847797199,-0.03576954074338546,-0.5677485217304084
0.0,0.0,-0.0034438404607141783,0.007490172747655148,0.0690616527883598,-0.08880753345253019,0.026966935634096297,0.1968458387899323,0.20753661816134475,-0.0020137545150418793,-0.08574251337129461,-0.01578606204022293,0.21549398985223273,-0.05048830329740493,0.06235257487135698,-0.15440082343462694,-0.610262396050943,0.5698356724457674,0.3055352461988969,0.18977692341584315,-1.3402430145051518,-0.35280398467597524,0.3894374809300724,-0.49735596077700495,1.5269650873140999,2.0833398360919335,-0.027192966307946216,0.08241459443394424,-0.13895395279344033
0.0,0.005610722875708472,0.029006222709405564,-0.0014112863176731186,-0.003410092984613541,-0.05697474931896924,-0.01885969025441297,0.5191139116085592,0.029727574867925828,0.006950924100489355,-0.11894944053914329,-0.31166724793932515,-0.23843719372431918,-0.10577624013438572,0.16306353432823745,-0.5727970030817833,-0.827663850308668,-0.06474089167220311,-0.13483612629745656,-0.527879485045252,-0.29660830243202974,-0.0765956021980581,-0.14492400592850668,-0.20250717214326705,-0.22799743393184932,-2.837850469504894,0.8192692762719334,-0.020119288931063274,0.3722789576929115
0.0,0.003914361468931581,0.05655458145507041,0.03131334088568492,0.10506261165862316,-0.01733410029375343,-0.005728564612552161,0.5562142111247668,-0.062195800167711736,0.004717998512684158,0.17026928811739542,-0.46827881131321475,-0.16199183556400001,-0.01292366846659326,0.2111151808669352,-0.43724741452197907,0.2644714909706263,0.1837426137679034,0.13179382477435697,0.12647125754239436,2.1829113042469066,-0.699279397975802,1.047918485431522,-0.047208435341010484,-0.4565367404291929,2.677686436388772,-0.12220749913897334,0.02626537050665303,0.1276620852140313
0.0,-0.009869296584157725,0.039596679660629325,-0.0009034050794352881,0.01392900625263511,0.10526336719653626,-0.008012633033519036,-0.4288638925042649,-0.040248160702650804,0.004347759423383985,-0.08648894267963075,0.0897715292437732,0.08165384925276824,-0.06381374541124127,0.20550446005096146,0.008088771714034276,-0.7185671643554572,0.05708270910181187,-0.484174348465063,-0.1104047877068301,0.8171884712055897,0.07203295169480142,-0.0038195187611158527,-0.38600916316039474,-0.02311076748511128,-2.660175554821407,-0.2471905319107681,-0.006128641536701467,0.08820730467185692
0.0,0.0,0.10447276459834672,-0.02866265308198325,0.0540293467919115,-0.030888365360781867,0.08016629001803267,-0.5033062058173199,-0.2258395414016521,-0.004207818783639027,-0.049930279578871556,0.2937682386942098,0.01765330124868965,-0.02641233600555139,-0.25374203565295084,-0.23489469934527235,0.036732898306428466,0.1518936973586194,0.17381076595637493,0.23327231129987985,-0.25572938903884335,-0.07886234428935344,0.01865395288331651,0.6130062033598693,-0.33370206816575726,-3.4850510066591793,0.012406118284167364,-0.013190003698589008,0.45386175543835366
0.0,0.007301069989212938,0.04567567248374149,0.040437247443122985,-0.10117218433508292,-0.003104039437816157,-0.008009277090772605,-0.5528905056801777,-0.04291333862654878,0.017444747689136616,0.2326505088544229,0.35366204103413923,0.13305949434928785,-0.001987226699437302,-0.11274708984463709,0.4038693257274401,0.9177467817323619,-0.3880230323058376,0.44619358508099943,0.571189260209716,1.7537968755411522,-0.7029061991145596,1.9755241799554908,-0.2715875830016642,-0.6133807261551815,2.1765317783820164,0.1647987386656641,0.03985404940478522,-0.9611436644077318
0.0,-0.03154204638356215,-0.015603400158519663,-0.003058705981998905,-0.01993122119065106,0.03449807077956143,-0.011438430390230108,0.021724251968761772,0.061670544403441115,0.014541980552095383,0.1811617900446338,0.47715538952553443,0.09751480108964676,0.3542115870222034,-0.09410171789538843,0.13625371181795243,-1.880819265200666,0.10490672975124332,-0.4453937137992731,0.479525110805457,-0.2679436468525326,0.23444424612449927,0.018781492608283597,0.885873552723887,-0.3630593273644184,1.6915015381299452,-0.08060425381861541,0.007238022787613192,0.4108787499553436
0.0,0.0,0.016572672060012866,0.008058379719694125,0.04529471146721511,0.0718976691574968,0.004742202251492416,-0.07020259301172531,0.0814320742125188,0.005297411480530049,-0.06755552307788731,0.09517941278090494,-0.35567354766551723,0.03584181452018093,-0.10788823721448053,0.32431879763521254,-0.7935301002105335,-0.19260858841713266,-0.29704528057984186,0.10965692675234293,-0.5237945425993025,-0.03760519170345955,0.05657699859655437,0.046867047219732165,-0.8150093186550471,1.7505535236555831,-0.013801179334014044,0.015528496786004983,-0.48998343066534605
0.0,-0.005205242951501525,0.03304457404586282,0.0019058257623902498,-0.031950547177235264,0.2918860718659882,0.0007171063949459652,0.09432690988060366,-0.024334006482441037,0.035177797949717544,-0.017647005723019905,0.14436744109014374,0.05822603141536909,-0.048609903072852005,0.08151920462209729,0.07434437213495093,-2.337820996117537,-0.10966069007973264,-1.327690645592914,0.0036576453143976834,-0.2124385198293536,-0.027424736586616084,-0.0595391537301204,0.24306404761439748,1.779880276980529,1.8120779409980803,0.16614967064217007,-0.020042767282014744,-0.24140382801642146
0.0,-0.0017490934097002375,-0.08473479907180578,-0.05039639689974242,0.004692764558526,-0.09699721565760334,0.010854610816501409,0.02819244994771075,0.03711196578627124,-0.018770644768079242,-0.062384200945303635,-0.0655307658874458,0.10024334071884311,0.005379422448670874,-0.02918300457580217,-0.10446219703271528,0.00010956967340186531,-0.08779404752979769,0.412154001086045,-0.1238711817839391,-0.7649146306816338,0.14529416891737945,0.3069146253346293,0.6385083085574857,-0.37951817609349026,-3.0702063416562693,-0.11253451448777338,-0.0064604266455771855,0.36723541036038676
0.0,-0.0017490934097002375,0.04882001408657087,-0.020530408122927814,-0.046515769129221264,-0.10844380979488724,-0.007896109725348766,-0.1637667013137811,-0.09197212888125188,0.19056296884582433,0.008311333751830992,0.03879780630599489,0.04544825299375373,-0.00946343271400691,-0.021761450417834734,-0.5016024617195779,0.4084303425967204,0.1868704686424263,-1.053180446954261,0.1619869878687644,1.4891752989834253,0.22596771399794166,-0.25035609739425346,0.38111451593105394,-0.10539881036876743,2.0835418573422966,-0.10110456110322531,-0.004898832578119752,0.14792750878742483
0.0,-0.0017490934097002375,-0.005112593637556218,0.08680378792252066,0.0122214044503849,0.07957887998046305,-0.008906057303729606,0.1287457313019337,-0.1575970208783106,0.0939796162380186,0.0007996347285318976,0.08697681695316445,0.06433258034768788,0.02255997016274969,-0.04916902828695388,-0.2632812953262757,0.2126541327805239,-0.22936768877097746,0.23425620103330141,-0.013747366558844504,0.4368561102880974,0.0394321570716814,-0.13041089101064282,0.32856212204433966,0.817582410328619,-3.7617192939660247,-0.07915316095424396,0.0017784056255918273,0.25899730142100175
-0.009339215829662599,0.0041545674389132,-0.007900082875983443,-0.005063253140780232,-0.2128394170629563,-0.044910979881887365,0.00430710262365192,-0.09399917709053006,-0.044953847026114366,0.013414536767823658,0.6950639776096252,-0.010623250681989788,0.015354238328130584,0.10743479968939672,-0.05875246040070563,-0.16244142124216332,0.773551439273549,0.5059166488603193,0.5715603926368227,0.31749526180359955,2.4980888288551357,0.003896170665447969,0.7455788716160255,0.35839765815795294,0.8850981834070941,2.79589702598269,-0.08745122627005839,0.010888857285202537,-0.38515031734624744
0.0,0.015097114547844157,0.05530221390153291,-0.01601949512444354,-0.015697398009889348,0.009861561272851455,-0.011565298968227368,-0.1991148849802374,0.08638902097564044,0.013361624093901308,0.0386510818682693,0.31793034108233176,0.13656974067367691,-0.12476453167924552,-0.20848023954727357,-0.13125824130931774,0.5127749329049102,-0.21267697435488825,-0.10496690866996106,0.6748422425531249,-1.0836154845639856,0.27753585545953896,-0.5096898570861896,0.004878345787061608,-1.4466534474327044,2.216443658938686,-0.0877537958285205,-0.01271820936346514,0.41174467447646934
0.0,0.0029627460830293642,-0.0010753946068314919,0.00025763769407684224,0.021518185964108188,0.026288293448147967,-0.011326808162591656,0.1632135714195138,0.12268279880300356,0.018077420383675942,0.11966926963282204,0.42885400773649296,-0.08998356767210573,0.005515718608946382,0.08843477231157618,-0.12435277941511447,-1.583202250584966,-0.5292572255766934,-0.43862718385301736,1.0550190334510277,0.1541667799940963,-0.3230297431346792,-1.0249807495699028,-0.05944233321974395,0.9515627637652978,2.113246767650611,0.7388417124363531,0.033667064667366985,0.0651589483000827
0.0,-0.00394512948599755,0.0030709671335972777,0.0027088731294609937,0.017691798764838222,0.12116654531632577,0.00417388698597492,0.13261340044573833,-0.00019902172980944635,0.03218816234823436,-0.020342122113034676,0.13824184206585027,0.13134980753450412,-0.03851563129185325,0.12625826988211866,-0.536790303130095,-0.8365943086499057,0.08597438569602918,0.5985200633412316,0.3075295590702339,1.4974022321146692,0.007858958177815043,0.038333114189019274,0.08077525971471962,2.938745101543026,4.943184320695379,-0.1016857796693977,-0.0067175026103074645,0.6746006896744775
-0.01963981595838479,0.0076261590625553745,0.07491520457608004,0.01684446286695932,0.18473051569269897,0.045085524002881475,-0.04648598080331189,0.23994351046914883,0.03825803313075748,-0.011520042879544128,-0.24116045273302233,-0.049976478836238514,-0.006754786029112101,0.07698379507651051,-0.099591618260519,0.2285410742056719,0.9365601771803856,-0.14041907789458116,-0.9300472239453342,0.23452114908375138,1.0959718066954771,0.08744621882899424,-1.1831777925147264,0.5783487771261457,0.9549169978316703,-0.14450587798280232,-0.0765823065404195,-0.019947682493987574,0.46321733036669144
0.0,-0.0017490934097002375,-0.011402434548449447,-0.03585161379574956,-0.04116978915877361,-0.04731810334357007,0.012460627526529091,0.1634046053566412,0.036941084637497644,-0.028039241462725864,-0.0605619229980003,0.19682867406219196,0.08623948655371388,-0.041540255319115045,0.052304974409140385,0.174418434666641,-0.49985547089972954,0.034111426666420024,-0.43723351996887133,-0.0443234888847704,-0.054614405731276794,-0.020021494306747045,-0.23757895465157652,-0.0632349874625134,-0.44824036036965237,-3.368711778756395,-0.11501749376649224,0.04192164839485879,0.3155388981123755
0.0,-0.007356162482165265,-0.009710912504701333,0.0077948296927866055,0.047578578169941814,0.22525970074149787,0.0019391376703038537,0.23163416582912744,-0.10968434072671493,0.05608291293191644,-0.09282671109420604,0.09998317561897543,0.009589923880410904,-0.047536446195804674,-0.4256172439872483,-0.4418949644537611,-0.09348775435764477,-0.24174958683359968,0.4654976816020205,-0.2845219748811369,-0.2746410307580562,0.06306081655970674,-0.3723745262180627,-0.16336700191826484,1.2693080610942038,0.2876977592103392,0.09979354214999647,-0.010571127313622301,0.10685119913265698
-0.010584580129292956,0.007556447277457574,-0.00229891239414105,0.0033205233379281687,-0.2384261622265593,-0.02647399072893148,-0.012310709890701594,0.1730452722551903,0.023675939059073017,-0.01041939926332438,-0.2923476165985336,0.20932003219071782,0.02057595053557663,-0.01748529918219027,-0.05528676556915936,0.04409178315998693,0.4045330706845807,0.05589750522982613,0.3582614272454711,-0.01618333191022206,-0.9145023765888611,0.05561535212465966,0.0629282387940133,-0.4354472466063535,-1.2654933305662617,1.8930611865986833,-0.2817134028811126,-0.02643754625336243,0.22024455570148443
0.0,-0.007703068898230546,0.013106866279786486,-0.0014166941985324503,0.04627503113369323,-0.029807685708827397,-0.0004497447961497431,-0.14009247872578665,-0.018517779113522963,0.0049312491105745,-0.04736938221556899,0.12620725524532075,0.13288189408824544,0.04150027066043703,0.1858346899943671,0.5046285996335003,-0.6283918163429334,-0.12620851409394707,0.6187945352272701,0.3225654088068011,2.1040646718294043,-0.018332366004301093,0.9795239806729538,0.19005536067218584,-0.15920647858799544,-3.6996930350892274,-0.07125389341816499,0.07446634386645752,-0.00761271027800823
0.0,-0.014520536179505864,-0.042019628293157724,0.006471803246286265,0.028977297178055694,-0.09785658075495898,0.022409186813840246,0.02627278951222546,-0.03763634623649062,0.02116370278941853,0.019522740121883778,0.3145463235549495,0.15174198019151278,-0.04538367374343772,0.2405592738548232,0.6014504844579944,0.6140658689294753,0.1480018437745464,-0.7191729931555642,0.04985348218260079,-0.7632885960638214,-0.7081357190680749,-0.2096048977308912,-0.012897688523834813,-0.2745095634091133,1.648552662558993,0.14720946063572402,0.12197318052671115,-0.049904127372983435
0.0,-0.005844365640894644,0.028104304314602906,0.009196142627549954,-0.001691519127522327,0.26803341602710035,0.010860388623386626,-0.01397530315139223,-0.07483231667583734,0.11896014443835133,0.3487746353752685,0.03263831724158927,0.015763001993162017,-0.05755226492427947,0.07982467559436478,-0.2912679709700684,-0.7107480095107547,-0.07882156655726515,0.6631398088167686,0.13496803650709177,-1.2810050030849358,0.12474026649549712,0.04410284888027287,-0.3590084275595943,0.5393125665706098,-3.34003489152791,0.10915983284245666,-0.005846648877040497,0.3842388228904427
0.0,0.003485494258347605,0.03886490195979549,0.0454860557419869,0.04875198150308956,-0.048056755511005946,-0.004832528762915708,0.0913921348657852,-0.23565387627223094,0.025749925486581476,0.14693736802991153,-0.43436277879275276,0.07217669874574494,-0.022641889272469275,-0.17121293110268393,-0.17559311929740687,0.17636641152935778,0.38907575441572817,0.29600179782875263,0.1844418905967337,2.7807200992771595,-0.027766477418423162,0.09254691449941649,-0.06333590111529594,0.0861155850625194,2.6245973428956493,-0.1042256037863924,-0.005801704011971038,-1.0991300358625975
-0.009695219601891748,0.0017726162472987618,0.05477546276067623,0.008097885583839486,-0.2381297557793161,-0.0382730903588378,-0.006701889081584205,0.0839063023253008,-0.01828211943943127,0.015105635598089053,0.3061117438012779,-0.6344950715382316,-0.27794644923297146,-0.12381485739451135,-0.020763113448353326,0.2891030322577965,0.6544527493188318,-0.19206659901581621,0.3395292003731038,1.4894207285748973,2.756657852019822,-0.049396186773892875,0.22929702703744115,-0.1961655871754574,-0.40061201473239266,2.330194587601013,-0.11811617650974206,0.007818499441551574,0.07859086427534846
0.0,-0.03309077266924465,-0.0693599408867748,-0.004006773068251117,-0.054240839888752605,-0.22379105109564776,-0.013837753486116853,-0.2276147645029552,0.1306388047495891,-0.00011894570472004979,-9.749465628951619e-05,0.3419013238067948,0.06379213518897424,-0.0836656667858587,0.15690116682157576,0.33651726058594095,-0.21366939493647724,0.2621400141786163,0.4399119682549752,-0.304099040109094,-0.0023301044986831568,-0.018590251489153976,-0.008318329847926261,-0.052043952140446076,-0.6892846103237593,1.8818324659034087,0.10879563723152808,-0.03273292174012483,-0.013077409918252632
0.0,0.007448097228144278,-0.06459133331849813,0.06653878375659941,-0.0011737832941963958,-0.0010279912521122302,-0.011320800030262201,0.31333820074754615,0.1285352746791784,0.016648274208242685,-0.13226755135911117,0.2865715949052266,0.0693289546650516,-0.13236881446192594,-0.3818001163085138,-0.11301744847275712,0.9204393092087346,-0.6745865599837316,-0.11834888504754591,0.551297950346662,-0.8870571789767078,0.28193614481923535,-0.4945467957669578,1.13473555375282,-0.9200463375057016,1.7713273663025513,-0.07749297532911874,-0.015804693159728926,-1.1739068714278111
0.0,0.008267045912118161,-0.03499775407391898,-0.0001384192083424745,0.013556131840280383,0.013306543312383226,-0.009841953664535224,-0.29102623876653627,0.0555995920806223,-0.007946941733620585,-0.19341914232214863,-1.5287854011487754,-0.5069529686469594,-0.11623181015853405,-0.14340222064057104,-0.11592656927840247,1.4734102243824436,0.5116280749127342,0.30863417717208325,-0.33363520545941544,-1.0979222047469608,0.013297927847956983,0.006552164162872307,-0.270209246589479,1.7980570288689184,2.54344751193459,-0.084771419364422,-0.017061865862606735,0.2133003508533833
0.0,-0.0017490934097002375,0.0021821209779853065,0.02671847072740357,0.006129589121322916,0.08291295158003589,-0.0020725988236287496,-0.1853417728824438,0.0400532094885104,-0.01530274597716222,0.049350764120570774,0.3298822271348354,0.05594281788551865,0.03237515369387494,-0.08209263573488432,-0.30199473399898696,-0.5877531622553175,0.031012474928630875,-0.09501404393259764,0.2495762527038314,0.7534574228924692,0.14026413148687952,-0.08735715061822005,-0.5376216030143328,4.630970610328785,4.962921852037215,-0.09175942844748011,0.0008769292340581724,-0.5329909099116736
0.0,0.0,-0.08785329578047921,0.00012176106697674377,0.0986525558905279,0.07082708212858466,-0.01457307620206997,-0.1926531376096902,0.11259472509386988,-0.018892959493789434,-0.13901496165152227,0.005022515367540689,0.1800170591680616,-0.03289704320543852,0.04681449173190075,0.3329379443234643,0.28679720395965386,0.18139064280921333,-0.5756758368211904,-0.273238142208755,-0.798260415471186,-0.10403806395273685,-0.056545706696803366,-0.14849331158129392,-0.04575700309440308,-3.0956797307671953,-0.01662478399454969,-0.0041394039815621335,0.4690465422864072
-0.01988535895114338,-0.03290982313880925,-0.03830408064342476,0.01149239342473609,-0.0682315667994538,-0.023159002844091087,-0.02347435707029992,-0.1259454054414796,-0.013938494205778505,0.0008787714184587125,-0.10678709803292419,0.20052880163151385,0.03277273870820654,0.042931162269369,0.019356309662322272,0.3120530950302162,-0.9846094482514302,0.453953553125382,-0.5658456515756642,0.09409641103917943,-0.25906487590045396,-0.3889283533742897,-0.3494633773224407,-0.20530882548281526,-0.2180240741056151,-3.4313780775660496,-0.05370178731950195,0.029191327269065877,0.5027740633831522
-0.013111589921015495,0.001483056832103636,-0.044141493646523484,0.0028929672528254353,0.04189092767527334,0.020641298258813123,-0.006023648641669242,-0.12031135348621122,-0.036362412789639365,-0.0009981552301106997,-0.176932857241309,0.14848156560357106,0.01869399451221266,0.05384304731014877,0.08227112692598498,0.01643045418666914,-1.948814058698388,-1.330336620829781,0.13113017587644557,-0.9031522546280735,-1.2952312153249637,-0.05726195850673045,-0.23331307326374395,-0.08744115138115938,-0.8736120820459872,1.3217649876765185,-0.12919491054106552,-0.02001834893665845,-0.5232456053955955
0.0,0.0,0.020634005980576665,0.012351408568946736,0.05671073387783816,0.06213111336790273,-0.021491094581671463,-0.4426677561643778,0.01957731777703829,-0.003719496374599679,-0.07673948118820613,0.06040496877553705,0.18331801010171975,-0.005462599073297811,0.06266947844668432,-0.2822877924646566,0.020147937763889685,0.08045923694725304,0.4733199801243049,-0.026141363786971704,-0.21205646688066593,0.0024095143772792688,0.9203475525317806,-0.06970897825565808,-1.1614500376121952,-3.4915584549948697,0.10005595560583565,0.05397759057030543,0.4120054247051587
-0.02669971786868057,0.004230171676519777,0.02470649777121861,-0.004377501813390084,0.057661748021147236,-0.02208274031692178,0.03854300523780435,0.08077880968435286,0.06230678710120742,0.0120480517760214,0.3108789468737093,0.11551673347734819,0.019667859184044487,-0.11387565590358231,-0.03462996652429867,-0.2987276941888385,-0.7914587539386956,0.2421563460093439,0.013451761468894582,-0.8314671747764032,-0.8133687544284409,-0.001318381104818505,-0.010541697714532337,-0.06204921502694353,-0.4525022163499523,-3.1480647408777456,-0.27550768549541516,-0.005630752065038044,0.14802273906555108
0.0,0.0,-0.00912769185099957,-0.012374859954058744,0.02732981383777317,-0.08004599450912209,0.043556702635138285,-0.20183759435299434,0.08400022572198543,-0.00673101615185188,-0.047265875512067596,0.005629503856357229,0.1445693996949182,0.06993409315960772,0.01856551781895871,0.06944455693415363,-0.479383786936874,0.1992371619305558,0.4211544200689994,-0.10502769707803852,-0.269157084699226,0.03043972598355347,0.14499390155430528,0.6979175263729435,2.203197192215519,-3.300513435508597,0.0999484205322451,0.024258951539760275,0.38373877676645557
0.0,-0.0017490934097002375,-0.01581047201793772,0.03482461820543437,0.026576741575131707,-0.022886141506700906,0.010521474905179979,0.38678765173821533,-0.06209883656732595,-0.029621641289660473,-0.3245670767400921,0.1275427860105588,0.0387628672280793,0.1019365062917745,-0.06262545530746895,-0.050959684332168555,0.39689250765303774,0.24978073612106375,-0.11455237028362136,0.048904877744787696,1.5929007638777355,0.140218989895198,-0.2783643963355072,-0.2001819500868566,2.0703325857771695,1.81972981004549,-0.09879906148584353,-0.004073409111531945,0.12388499061750852
-0.007313083319555557,0.001876849675556378,0.007916046762472225,0.0024657845128134978,0.04338601081422837,0.024470865852300166,-0.011185978632136797,0.4746171097165722,-0.025120923624529463,0.010739162118347193,-0.06907357830940143,0.2834206254678101,0.0860706483542851,0.011357403530229942,0.24307215976554386,0.10746961854594417,-1.1357356349875518,-0.6102837112291039,0.07748471963789533,0.24298024095456236,0.9570752857533187,-0.01120595612298602,1.1056765891087117,-0.09969754945899893,1.9016883849074442,6.656356045753267,-0.07531126501016877,0.03346676467461108,0.5725055164854433
0.0,0.00655424983225199,-0.08521880452194558,-0.0719394586503504,0.0595782168689958,-0.04950725884471556,-0.02271946710539153,-0.5689249648825502,0.08452572984022776,0.033413932435487376,0.09730867654281122,0.26333336487385534,0.1426543714163744,-0.0017367464659829536,-0.046811927663180534,-0.24959394889303388,0.4221923235301871,0.3848237483309203,-0.027630135580848415,0.40245658667906953,3.386107146936572,0.012532666447387125,0.036947356717153206,0.06656881928743393,-0.14476372966271697,2.231657906503646,-0.12049580211628007,-0.0064523469979877145,0.6336281530061153
0.0,-0.017246647738805493,0.0010371278092449292,-0.0261745344251799,-0.0021937058169869475,-0.06545593236602935,-0.0027274315730538533,0.3334937013423159,0.022567593590044115,-0.018103753576594255,0.23082019278080196,-0.007382771278123399,0.04706943309727455,0.01841130299415342,-0.013166198435498383,-0.1497119066160393,0.3414291526591186,0.029340455154027393,0.5016448619216801,-0.42972344729654655,0.11981176144339137,-0.07616559565320691,-0.04108040725444303,0.44673670999683457,-1.420198685223792,-3.574501447875857,-0.07518418061932261,0.0011515148193536587,0.3374561758454468
0.0,-0.0017490934097002375,-0.03689910048386754,-0.018132482227721652,0.015016120389568365,-0.10382788747019878,0.03165513240025237,0.2051542996654525,0.018383106543488376,-0.02133078851444595,-0.20913991723953376,0.14112904804642165,0.11539416800766182,0.0007146572133836595,-0.04910175340906544,-0.03704289681465381,0.32470700665931934,0.1981386003225005,-0.41371125143019394,0.23681534244200095,0.44012781655808314,-0.010192410548501906,2.6658371455031737,0.12938302239955943,-0.03560011015303608,1.5780648443000338,-0.11525101922562671,0.10529427560154149,-0.7989556649507026
0.0,0.007707968987525462,-0.01570422809631027,-0.008454296273839989,0.008068092213961868,-0.011232622204231203,-0.006556269245079538,0.0611017705237313,0.09351706263178536,0.011519034471956199,0.07044893685362266,0.2766644115683779,0.08642884368105228,-0.01833991371455679,-0.13844195801939896,-0.19976007566856815,1.1760990730705883,-0.4184853358345177,0.31009333282961155,-0.07985254348598876,-0.6655499350488387,-0.18219799603991688,0.06899609051805197,0.06889682343317624,-1.0487090718922818,-2.8457196484732545,-0.0324175125054528,-0.016631989031520765,0.35938489507971966
0.0,-0.028707090189566794,-0.017321102450370968,0.005297007528264927,9.282463935179983e-06,-0.09480274683806617,-0.026108489954234922,0.2225570425998649,-0.034490465792675645,0.011427599688277707,0.0914644934676506,0.23158467573870933,0.14926398066480842,0.10416782615906002,0.2602512141336388,0.8289479827686462,-0.13230064886632753,-0.06888426877054309,0.807500591935833,0.014599405481970815,-0.37405528956321826,-0.03530354588566137,-0.2362262376009132,-0.5401572702724035,-0.49025004625548,2.3165653214271296,0.11957416204602364,-0.0353591602342955,-0.7862946352838306
0.0,0.005937853072878395,-0.0536653875362273,-0.011759065313778226,-0.017281297258364133,-0.09734793452109976,-0.011471821305445454,0.0880794615344074,-0.004213090179318859,0.13843335849598967,-0.10026078454457653,0.08555958980155187,-0.12665504760203328,-0.06318795565023254,0.1036253738438975,-0.30127163098919585,-0.7123334595890154,-0.2796469815994258,-0.06776385240491052,0.333745438653912,-0.30638407313748434,0.19477846882259375,-0.057575431654830624,0.4122844427928743,0.9366953907512654,-3.6618696449965706,-0.10855727551289421,-0.0010679317079993586,0.34004824055588545
0.0,0.0,0.026381599009685442,-0.004263551450676894,-0.07281798702240881,-0.05926727208374629,0.0021448481109076285,-0.10360042768716779,-0.07127358902337601,0.094060838356057,-0.007397256850080282,-0.14040629370563065,-1.241125490644351,-0.02068370274809636,-0.0014881019919772834,-0.13213823194862803,-0.3112589558257762,0.2801584900107534,0.0687366299346253,-0.3447616234876513,-0.6261921614370461,-0.27277461303997386,-0.03557014552611237,-0.4796538740997345,-1.0749849837030854,-2.6241930465723784,0.11207746543047636,0.007885727112024999,0.02566327704586596
-0.01878779976005137,-7.25868246665871e-05,0.026532938269269994,-0.007846237949163667,-0.26344807892568933,-0.047360509035939434,-0.015765500048833286,0.09719384913928354,-0.03045221789326338,0.011781443735883461,0.6714790275904176,0.42202067269176746,-0.10838893320791966,-0.08425702650353051,-0.05601627257109998,-0.39794038041910357,0.28672260105032693,-0.28289954503291764,1.8902928661585714,-0.6300807366116965,-1.2371112767220234,0.04408114027082532,-0.33842812923148186,0.3575185759192477,-0.6045085236749799,1.053441982974974,-0.10091320237409837,-0.029427827781757822,0.6040335091635751
-0.022981086494590606,0.0029346735182111997,0.012217558255972948,0.0027354039302805583,0.104844416999326,0.057832266470901214,-0.008467640552355708,-0.04424582281710377,-0.012972123553070725,0.0009239802871074654,-0.1838899714631556,0.16838393863722836,0.012078050594712664,-0.027322101806178715,-0.022113669420430204,0.17931010178178908,0.24958108666339746,0.23700824615203092,1.4144383266478175,-0.5902387036991152,-0.6094355055440177,0.0692579347300104,-0.09507628341551994,-0.36331637517260723,-0.053024917789416155,-3.2539050135452396,0.4743596429149368,-0.009281846878773852,0.0430968482226211
0.0,0.0019801057468304575,0.018062359760231166,-0.0209413417604315,0.00816447975185907,-0.08808928016037332,0.023656705661849624,-0.7855486566124585,0.01883903386872645,0.06181441122758526,-0.0043105469661823765,-0.11404682468456753,-0.018619526070300138,0.0028448040267301687,-0.049921567206481166,0.6613225178897015,0.6309391372735291,-0.4426234698422392,-0.8112471936151355,-0.13758879643303007,0.10018363667040844,0.1146498205001081,-0.33672209994143104,0.4376539661413326,-1.0495658228087676,1.97295659306663,-0.13049779111315968,0.0020294347979981906,0.06380777827928613
0.0,0.007827007840374468,-0.053610544183229525,0.050287393396755385,-0.0013347820870389313,-0.006744931439291166,-0.010709808197683215,0.20765097243582878,-0.1299502059081526,0.09607935038422895,-0.18051587617511394,0.47372574324392913,0.14473920862590417,-0.161105941900738,-0.22069552525199987,0.43359158953499843,0.7719952756248669,0.2868443117032804,-0.4228069434813357,1.134421520172727,-0.5324833105495075,0.09041361087889682,-0.20722814872367068,0.5544643507105066,1.5619319771999425,3.1677169746339375,-0.0703605252345994,-0.0056652612794277826,0.2494740850413561
0.0,-0.011667305477106605,-0.013192923016960116,0.000530369353069448,-0.09721925055474485,-0.21525632495005784,-0.0015639649882896523,-0.3088873674239279,-0.04494241754757815,-0.0233349714885037,0.022557879126953957,0.1258577766097433,-0.14219010905583657,-0.05092897770086859,-0.4975368911710234,-0.6576170518268908,0.8647542703999817,0.08785910639020615,0.42662336178603416,-0.1765918385875315,1.9325781643368611,0.0646019949572794,0.022195118133025948,-0.4749538185580181,-0.6807978971404959,1.77488326431799,-0.18530799777944437,-0.023546570857673896,-0.32681150255554847
0.0,0.0,0.09790685083352427,-0.03108348849751897,0.04318335547076195,0.07607006220621129,-0.016580584355252725,-0.5124578823417473,0.10523143239413019,0.00587481136852145,-0.06485587682555582,0.02951873055754391,0.1139718984888879,0.02737991048910137,-0.13278505918326858,-0.5249706506765279,-0.5522304924981978,-0.4519379889181977,0.4853153283523029,0.1325229026600668,-0.9192200287812126,-0.42973544715084716,-0.03955428325874089,0.3261475850695007,2.2780985880355873,1.8421461705014863,-0.024316132363591068,0.001231603515134693,-0.078073485926594
-0.00996759881859202,-0.004898908551093,0.02257201752631628,0.003046692904884782,0.04379952105543646,0.029029996923188663,0.006402402198319905,-0.24907127022920342,0.25931264854898883,0.00941642934163207,0.8124726386479737,0.1224233914483658,-0.0029377240461003267,0.1587240523142355,0.094788421365711,0.021150816668927444,0.475330398714925,0.41509711889866713,0.16534985277273556,0.0760714455310428,-1.114882322371068,0.05460600699893814,-0.15137974627561915,-0.45698844169677205,-1.078382620617803,2.0480411276316453,0.9864290507643468,-0.031184430647614704,-0.6890339290378698
0.0,0.0,-0.00560621975811562,0.02491547827968625,0.1834305957519431,0.16877689779189609,-0.023839740695199216,0.9714388827885774,0.15849403463108347,-0.007478024505675716,-0.03508890211145549,0.10878163550046117,-0.008806681130330611,-0.03838852172989352,-0.2184226560205957,-0.26067379957606035,0.20546268015434235,-0.4071579807586396,-0.30220290659531623,-0.09807192056370029,-0.37291164614361366,0.13671045813539198,-0.020284534777929616,2.055999362469891,1.7015364890065339,2.5494305277142697,-0.020634469995063454,-0.02299975362455718,0.02466486263146751
0.0,-0.008164550570679094,-0.04456707911561765,-0.04825464649493283,-0.012403912655930082,0.06594746297261722,-0.0023741434261521166,-0.18658380908090097,0.006224024158642199,-0.045546602747815274,-0.10564839273586574,0.11251977515570336,0.07770868292642161,-0.013578653586724226,-0.39630494564528823,0.03049223727277161,-0.49118908079545187,-0.18725652051252928,0.4198400784754028,-0.19484377369542744,-0.45336962924782864,-0.040840299043988004,-0.3162975972496011,-0.2750689900585617,-0.2830789376457697,-2.8443195656555775,-0.09480073866857375,-0.0008844318760030225,-0.6248821906808681
0.0,-0.0026728350658643085,-0.016075015881076102,-0.021537117240097717,9.894264688637994e-05,0.08029227161711412,-0.009719090136592974,0.0935001447853113,0.023352690986452027,-0.020914569961019047,0.17785300397280637,0.2004859488079965,0.02305028863705589,0.005581174888578039,-0.025116798490239987,0.00047105649875341885,-1.503786913919418,-0.07791613042869226,-0.7681503670787808,1.0642452423209265,0.12491175217218324,-0.06955643321337275,-0.24266562108933803,-0.23033297978271638,1.764769036671788,1.7172175696588825,-0.13825804026779553,-0.008770011885388306,-0.7519775462588603
0.0,0.018784773489768862,-0.009184441718982556,-0.004446841270726712,0.03185213643356718,0.04791830042858414,-0.0076872306744448435,0.313453550761606,0.011187421414034315,-0.01682207727644265,0.15287778271909694,-0.6038230321025275,0.11753573353085443,0.23548517314334413,-0.9250053265503776,-0.5342635103838754,-0.9252088512181555,-0.024149245062546128,0.7590890019616625,0.3177949362694092,2.1313963252291837,0.09413111090502202,-0.03288994560751691,0.09101926456362215,-0.24032054622350765,1.7008739554483803,-0.0971429512060253,-0.0268473213611351,0.0914939796261535
-0.02331990881749429,0.002937359279963214,-0.006104089440554422,0.008444253228140694,-0.28370141424014794,-0.025217340351864216,-0.02968320085744427,0.12850403614611217,0.04473629154854995,0.009388143593562812,-0.20394861922984756,0.20904861964020433,0.031001851325439724,0.005015658641968312,-0.0426158339576701,0.4017293408459516,0.3314501043318917,0.03491688784382521,-0.7540176352846469,-0.02218615761249658,-1.1588229097569613,-0.07097080914743946,0.03181231945758191,-0.37419856368944737,0.04645680484813935,-3.2388754517314577,-0.0548029179331611,0.0021675507054718423,0.6347650502126742
0.0,0.00636299080432239,-0.015828111570002013,0.01114647011470934,-0.0015674088687422157,-0.021857142684645985,-0.007381168896487784,0.201161902932859,-0.0815411210352683,0.029046683167347393,0.09471917045451744,0.3202942777872174,0.09872875801824009,0.0016449689788033436,-0.09581770377049527,-0.25594261346073083,-0.1149778023906875,0.2680150789985905,0.08176763822265898,-0.09497484996561521,-0.561448346988173,0.3315487448065991,0.07596965090840066,-0.12643644865551165,-0.22554357677554215,-3.4245041459100514,0.7071867039791423,0.0019003160950830415,0.06467554195541063
0.0,0.0,-0.008600861246262267,-0.03889548749790144,-0.0008779119637766996,-0.01218654405880655,0.06702269141202168,0.14488741125003454,0.049829193885406096,-0.04952398456203764,0.13635096396212473,0.11164615715121894,-0.6764770811183451,-0.0339306018071182,0.06527080586363782,-0.4561165486642399,-1.1278414499675988,-0.3690295048270833,0.047048251203586466,-0.5456485609746756,-0.44331263743645116,-0.08002290355692629,-0.026422363553513496,0.11817924539684446,0.7878849693791515,1.541639455842539,-0.025363552654399494,0.08310759104486791,-0.13078913760499244
-0.015542006315304809,-0.001996529346022593,-0.028753225215567724,0.010940817591139807,-0.24249846213925166,-0.024580224528260468,-0.027649251704268008,-0.2179845806365431,0.003940385638412183,0.05612494943650392,0.7923925625707134,0.1613860591155385,0.025849026105241153,0.11230699811615931,0.1407655977492467,0.20142050492380148,1.1129563458869514,0.08685794339422882,-0.6340207266217682,-0.4526878143152146,0.016460645743153136,0.05079360666675049,-0.5412248748168452,-0.26059665359793355,-0.8134286510763267,1.304918498356497,-0.10264517907423305,-0.035891871995071,0.6314361396917213
-0.022916567768610844,-0.03337413461528077,-0.0258262696052331,0.002184118851532299,0.07221897568016668,0.012355115499370427,-0.008734512623551405,0.04033660369638585,0.010247091410406119,-0.022772916552607006,-0.15768949125121332,0.10158694449320563,-0.023444127794637188,-0.031596314035530745,0.05592602725798308,0.3336961736937457,0.21363694651030102,0.12099158815291661,0.45449912594652553,-0.26589512611520294,-0.9125992454889357,0.05376399282195024,-0.049954233790436293,-0.36841095299968163,-0.9277861074584909,-3.2116779922193857,0.6156840831574378,-0.01519482846400957,-0.3907959903431703
0.0,-0.0017490934097002375,-0.04626260280451301,-0.026972363437490463,0.01771075416586439,0.12885299987434815,-0.002604150146529282,-0.15131666692894485,0.0633835395869015,0.0013872020534790221,0.41024283053133515,-0.04039792954174676,0.028846667697895206,0.008846530601320719,0.028026625979691997,0.8151935604727051,-0.0011844370796217699,-0.051015619293217164,0.8867122116164432,-0.28993753682417894,-0.07601828956013439,-0.014416056355241591,-0.2959813972289235,-0.26286812608783755,0.8626438213625139,-3.7831781877092143,-0.12337038904068852,-0.005214975813807912,0.3599437440037337
0.0,0.003025851017959595,0.038373518531681916,-0.03412307995662427,0.012097958822877697,0.13782840761474252,-0.0033835538237967436,-0.18694827080757506,-0.002339868581557614,0.2386152159899822,-0.04352628222874487,-0.787863675638945,-0.46968872057773603,0.013073018341977731,0.007997842890740531,0.4674880410967308,-0.26415009560875924,-0.22569992793699747,-0.26220492520862343,0.7489449006002515,0.2978981208745576,-0.09956845778369766,-0.05147015888828808,0.041994940062268955,-0.23383539908817685,-3.164474417040134,-0.10689530244576521,-0.0029207550759649046,0.37976888596898056
0.0,0.012245034441794186,0.07309932749381248,-0.012411744927842992,-0.00827288428881916,0.012764129101492744,-0.012081887605550632,-0.2475692427749294,0.12819875332003383,0.023386467418509204,0.03214529432501526,0.37346532681163547,0.11465111168587301,-0.027377748942056038,-0.21426892940241293,0.7178512239046237,0.36324506568880555,-0.4037621821781975,0.23146256727201103,-0.3096670211212938,-0.7933301465641726,0.1972799205090321,-0.6093333734624676,0.04876049616502861,-1.0944598858159662,2.0136177563902584,-0.09910610460768583,-0.006532139724721584,0.495948191344634
-0.02413940564401312,0.008002395257371146,-0.002522204009114087,0.00885631143306788,-0.09837889845294066,-0.019835562604163966,-0.01514880006151672,0.29522392372494594,-0.012437855567648525,0.0006163383121572637,-0.18100796662378235,-0.7836896759671758,-0.2071880632268782,-0.0700030323125512,0.05486769989816963,-0.02382304552613776,0.5422881678601276,0.3121963271712428,-0.558604692860547,-0.01920815173695216,-0.45031056194713565,0.08435208158795797,-0.0039863784646196904,-0.3580189596949866,-1.1312185527385437,-2.969123971876959,0.5456734526317675,-0.009000182830209218,-0.2576739999573159
0.0,-0.025130100903084086,-0.028805889742690206,-0.0043556562247309945,-0.005038574728433446,0.01281147073882538,0.022603548973207536,-0.21827032043875566,-0.14525273569759367,-0.0844641341554139,0.012843055209776756,-2.171416753973092,-0.05032925351977637,-0.012319159553802021,0.09617358945520027,0.21705589138676742,0.7679557194076957,-0.19838905071069451,-0.4688841381978016,-0.5011035323857294,-0.5491717403572582,0.1598059087666677,-0.41007191776777074,-0.32088039896532977,-0.6326570776521899,1.9977812751362065,-0.09618618075540569,0.0006328907403682152,-0.8986600745995315
0.0,0.0,0.038531820930095766,-0.004390341217790263,0.07488359743593026,0.08618551896087764,-0.016841737171719544,0.03665047484318226,0.16769781040461496,-0.008560749732657616,-0.029293925640935053,-0.0558836888610587,0.003970409284223328,0.019000325202746936,-0.22959258703239455,-0.5373026028662187,-0.08269209608929222,0.4225423162342991,-0.4124962385096134,0.17225503298977224,-0.7321333236087111,0.11190361067331903,-0.07237184976593003,-0.8140864816282256,2.0280292579004615,2.1163443204258656,-0.010590486985950527,-0.017206877501803726,-0.20255825831422838
0.0,0.019524506874119434,0.030134128759719055,-0.028124407867558078,0.01198576766760494,-0.07237587738671127,0.024425650338001724,-0.4135189209624994,0.005146669558651067,-0.08928481996153119,-0.24491579306457997,-0.3842754877894083,-0.31314028282420076,-0.010921161818084594,-0.02870889332119934,0.3771122199135433,0.21166440077202586,-0.15363429439394452,-0.29337997865062965,-0.10369390756700617,-0.5704705911399491,-0.05638581552280128,-0.3014096658553289,-0.22567695655379783,-1.3216209327803745,-2.7405335514370233,-0.10154107386418797,-0.0048794134505064715,-0.34304181640988757
-0.010913469529525833,0.0010812491783780812,-0.002706154692941632,0.002714950572187746,0.12841179909209047,0.06379956440264288,0.009230814772362128,-0.5559395368483379,-0.18007587390676422,0.01271039797326916,-0.18953894914628933,0.0533128525101338,0.0403324862688774,-0.13162742549671613,-0.09212827862137135,0.2756458627329797,0.7336157306896305,-0.04330857319049747,0.8979093869080429,-0.2690606950491848,-1.092056189731693,-0.04931554171044581,-0.23908857605615003,-0.10526043149462859,-0.4893820889366042,1.5507864505573263,-0.1099207332361445,-0.0064331102233804935,-0.5924638368079609
0.0,0.0,-0.009700289894654377,-0.027555627713527528,0.0621172308374338,-0.0341445173337729,0.048028390330212646,0.08649735176375754,-0.20814904186394245,0.05083295933580506,-0.054233457443923425,-0.05868226266607661,0.0695469459818344,0.059293537658963266,-0.3132133993311383,-0.7029183682026476,0.18518502590209374,-0.29716520525514706,0.18308751902269657,-0.08607835455101016,0.002483943237320214,0.12365238192700719,-0.4178373036328447,-1.1866338703387513,0.15546412009901836,-3.4238498098131886,-0.019578905371218147,-0.016653550180749415,0.25788061434371834
0.0,-0.008164550570679094,-0.002453832192337182,-0.014218496440048169,0.03023440956100729,0.12286541170832518,-0.004795530889435765,0.05558237863569892,-0.014231600906901606,-0.030141558153414832,-0.024804900316772,0.035739062370852406,0.024332210446208515,0.016747074638419884,0.5785901781459285,0.14560492511126066,0.3334526784648784,0.4680012915048152,0.6741379205278968,-0.21410375416740865,1.6308204112474802,0.10631973841139018,-0.3609844129384094,-0.3385476873087832,-1.8241232766942437,-3.4312870071863695,0.7048515285597666,-0.004267733642129304,-0.4466275110236224
0.0,0.006728762444894257,0.013317064006252518,0.030215697213846277,-0.010184356374268476,0.0317682983238516,0.021374655765169656,-0.14285594276466793,0.043323659576277776,0.023866242467909752,0.10985503636968559,-0.4969339907059872,-0.7367823509576126,-0.0857783008756798,-0.18410902032107154,-0.20592847565494662,-0.10539652466240347,0.16771720742104548,-0.11006295942767086,0.16938097165581859,0.9389876069330076,0.30377212242619506,0.06240167940656325,-0.14608301082506925,-0.5046879885346777,2.1197489428345127,0.09778668537123772,-0.01042632027739215,-1.1710487853433738
0.0,-0.020372288347156806,-0.05749878422235162,-0.011758856774270712,-0.08760012065832391,-0.3565367162888116,0.005820225684504338,-0.00926755892128563,0.09471389190362252,-0.03028722319018016,0.0058396841384996245,0.054088407352519866,-0.34318346890990375,-0.04975371347223085,0.15747447802538916,-0.5387635487656977,1.16606552389953,0.24021368105813007,0.7550228451566164,-0.6817698438397064,-1.626498059779287,-0.03174619342434975,0.9636883651573445,-0.0204839749571241,-0.36378136443343945,1.7585021739254374,0.14750137927326293,0.10077237534654071,-0.025180029184782085
-0.021172666664665617,0.0032810530229728267,-0.013172609300089606,0.0022617923545352556,0.05278111395490497,0.03952118246958645,-0.012574309357217886,0.5070904657531924,-0.00898851366304412,0.007272289705267429,-0.120208105903218,0.06721144562689467,0.0029555776095929603,-0.05480286504245003,0.08898136663738564,0.06592808897551429,-0.5541968252588249,-0.2737788163950245,0.34065822161208803,0.28670450087438476,-0.8122452206443407,-0.25405521718155205,-0.13176105259120313,-0.3465529997829727,-0.3919784618432311,-3.2840070882078067,-0.015583037586417894,0.045619909849667226,0.4138417826745367
0.0,0.007532217662748049,-0.04899600561981256,0.06327738143976272,0.011701680042729205,-0.019547994441412395,-0.015112872010564918,0.331574836204283,0.028667481786172906,0.019270299205477088,0.061096691350880666,0.42123732850925083,0.12103601184454578,-0.14780348413919006,-0.2821711188851332,-0.17320233136640414,0.7631596985352149,-0.14448520748737484,0.18690505807209676,-0.01597283376816594,-0.8570670575712738,0.1836564646931832,-0.2349961704337987,0.7321666717252714,1.2711177511496445,2.6703550803411207,-0.08267511762387963,-0.010225117564523292,0.4197018682266135
0.0,0.026099695775479784,0.015195011247370237,-0.017423490073207284,0.009699269526678139,0.04152137757872726,-0.028170446928116936,0.14299379767245046,-0.2139887770331372,-0.241410643306485,0.1462380737045454,0.5006796456903192,0.1165545402338776,-0.008457918714033454,0.4321813650051096,0.5268753216236537,0.16784511896888724,0.14687301774084752,-0.1477489655634975,-0.07758425718162891,-1.5409657938495962,-0.03451156620495388,-0.09730799906550079,-0.30269264570709287,-0.2943070683657025,1.8007374800720384,-0.0006130005528336393,-0.021293272870983634,0.5000126299421354
0.0,0.0,0.0014058928908498515,0.01873194561698217,-0.17746093296092547,-0.10256697438568077,-0.018419476552900167,0.09038298691286,0.0648921748729149,-0.00888728220673534,-0.0576535626748156,-0.7388282306333874,-0.4452343886586819,-0.03954860162711781,0.015368623238495782,-0.11155860149601428,0.5128281960129325,0.35564875811983365,-0.5114296874575941,0.5203844357246294,3.3319933067435623,-0.09200450227426869,0.3617521369583122,-0.17284583914495658,-0.4020493845800179,2.435585334314756,-0.015644672782472814,-0.006820501617858565,-0.3016856803785615
0.0,0.0,0.0523889164453588,0.0003523737133175807,0.050691832920944674,0.12831974767625123,-0.0052323668740815,-0.04031411977233712,-0.15443223142212406,0.048388882367047636,-0.17341048777123358,0.09454901922539687,0.32005033365897717,0.029268491629748535,0.2773111980672494,-0.1574420542085295,0.08369346437980439,0.38721750206465316,0.5623841378478419,-0.36792041482341437,-1.0628311216735253,-0.20481228719428302,-0.7069073763008155,-0.14012793378923216,-1.2522254648549445,2.9616173383446704,-0.016643396021130016,0.0898073826657838,0.6300771585317522
-0.021440118860745868,0.0011242592441845559,0.004455666942670521,0.003955614328991647,-0.10320914312369324,-0.03213227164106302,-0.02019090514108189,-0.43734970530473855,0.06992641111637883,0.016951566596160275,-0.16987998232438617,0.08635640670981037,0.022449786048831067,-0.03942818618850794,0.06811870133796358,-0.12579108273559012,-0.40527660650553127,0.3300076957431258,-0.16766317579683862,-0.9759101519508332,-1.0703627248859602,-0.3112958803876033,-0.10021879165670501,-0.20517112440845076,-0.5216826407092439,-3.0443635011523393,-0.06885245877607826,0.07877993684267123,0.3983274003425574
0.0,0.0,0.023693512388121913,0.004638867417883734,-0.13827836941246516,-0.09885050840457862,-0.011024200840567901,-0.0962010523785126,-0.1568431489979951,0.04525910871290882,-0.02119598051950935,0.07832495952612856,0.24452840456046943,-0.029208069194642368,0.13576654038095937,0.4457125746138179,0.3001570578797209,0.4941263250206578,0.07957405879711121,-0.12199579991254464,-0.5069124954536806,0.16258605083181357,0.23663362658887213,0.17838017101215864,4.523433162560288,5.110676364543581,-0.015344275280536708,0.0032644487746380187,0.4622477166933785
-0.012552314431619103,0.0007687306787866621,-0.013829684944605767,-0.0012669260155660379,0.15311368558697516,0.058270374842195716,-0.010350014678033766,0.1889321525957474,-0.0008231985697994592,0.016128236317776413,-0.14957333820009747,0.3540655525664707,-0.26575841293252955,-0.054026265420253454,0.01417914341245495,0.1087364094633372,0.5382027089902766,0.810396976429306,0.43696711731624954,0.4519920442263309,1.6815239003496707,0.06192585024650146,-1.0069047751222338,0.5239399537019799,-0.5840531551307525,2.014440128369327,-0.08566199642248751,-0.024598163616307702,-0.6617524280618678
0.0,0.009242887438504642,0.03211205688770818,-0.02764617218008688,-0.004794648659868723,-0.07058265678235483,0.023214644302601988,0.18823321888342348,-0.09585275256212222,0.15556343531479394,-0.2554562594383283,0.10399356805758958,0.037964370760340496,-0.005729925017857162,0.45809539466692106,0.10481838701369715,-0.007630451640027258,0.13514280863875644,0.3817009531397162,0.0004676164482811532,-0.3400672183776596,0.13392123540545875,0.053127570970126915,-0.27510880567788726,-1.0607178364959102,-3.2067298080361746,-0.11243407619863381,-0.007578388872920869,-0.5025837054722883
0.0,0.013410860843317175,0.030499438287130764,0.015712427336830335,0.015641141098125994,-0.09121636716133008,-0.00715995955245784,0.1622186355813662,0.04963718134350839,0.009078531742000233,-0.008643299956822222,0.3454528735487924,0.08571001625416787,0.38648724817047414,0.12168455959599454,0.21635969559837176,-1.3944660564319673,0.18739476589374307,-0.09605375346865369,-0.05805068765940141,1.8451410672336221,0.21708342109353912,-0.09450476347908987,-0.3710184092305216,0.017218911947271164,-3.527893152477308,-0.10248932706660187,-0.0017252523207390382,-0.5317015465297862
0.0,0.020801656877570317,0.07138725547568237,-0.0025034837323244467,0.004372844742726344,-0.1522168778868649,-0.008074030896895292,0.05001048046163444,-0.029763418812105494,0.01101448903227681,0.21381373984122348,0.2634312544623618,0.11430369616178764,0.10029307195767635,1.1492742238984122,0.526246506859133,0.6358481323612798,-0.1638758882523025,-0.3360018514006351,-0.14002354324749874,-1.0358539958528055,-0.04192955658054314,0.8424818922552035,-0.010786289997567223,-0.39532431284263436,-2.8616490780683126,-0.22523457943223257,0.08122325648307685,-0.0928679369534919
-0.023374878204259347,0.00436843445568109,0.01691900150723993,0.0037610459121108003,0.08480111941888378,-0.04943237152284872,0.04424822457336092,-0.524358632293074,-0.12804330287878188,-0.11841614464123783,-0.128483470153732,0.019222379591361704,-0.006447155741107821,-0.09310290066463606,-0.011779667462508341,0.02680654807960973,0.13752916456808845,0.2771097898245417,0.16462710049451415,0.09089911852491088,-0.8531414788605808,0.013020547762661053,0.1565253885863824,-0.004001094752793351,1.1318076161952058,-3.878765802449903,-0.026320906376757262,-0.006245357096358513,-0.31772907741282524
0.0,-0.008164550570679094,0.09411171700532285,0.0509038937859077,-0.023483009682526285,-0.04419690636662415,0.01052725038303147,0.09373262510481987,-0.014692694372930262,-0.006455367452046005,0.2169062369212831,-0.008820596656223277,0.0331784221555616,0.024344629862325932,-0.000768827531141051,-0.3870011832258129,0.09054931275151899,-0.0012101566179683189,0.6703060635611785,-0.11423265170689474,-0.7776808501135606,0.14343704159359233,0.0797847576237799,-0.0957779962726585,-0.15101987327328453,-3.179172213536291,-0.08553987220135081,-0.006861227311319908,0.3688632473372594
0.0,0.004113700022822646,-0.05975164483947028,-0.013991138383855248,0.032530283861584394,0.029244048703180422,-0.012447818508823455,0.0481524794439943,0.10246870328658546,0.028075540142405382,0.057080120772733514,0.24328062286882243,0.1027733724770007,-0.05465051774657779,-0.38535903002720495,-0.31287281961045893,0.7504080123629665,-0.6471400732806145,0.3819281317888169,-0.10923968527976863,0.4794370569458074,-0.36569068422035295,0.07757589250652698,0.09450689881720829,-0.8211133369968945,2.069127803692624,-0.10643849710042529,-0.004966001251686477,0.4526813952090096
0.0,0.009242887438504642,0.05675891425002585,-0.016002114736137343,0.0171413694219045,-0.06600503417530305,-0.0027599051120205153,-0.14980838829654178,0.011343554302311563,-0.11292580186053547,-0.27153380542694494,-0.6187119863261642,0.014511952057867924,-0.015485293916843527,-0.06927929948556817,-0.13921164927213886,0.1449260655555912,-0.02253839172241732,0.19928709250151205,0.2816326834213767,-0.4482082939410195,0.15701787697108216,0.12459797616593331,-0.3851820784711321,-1.200222714135639,-2.9766235111461894,-0.08600203540823649,-0.007730150612391564,0.22559253442175722
-0.023697697291954086,0.013509102477788328,-0.03539114054842778,-0.009244261552083785,0.13001312904463116,0.03272041628686095,-0.035946496531825405,-0.026927868117201534,-0.18080845288169844,0.03474538764775576,-0.16373860321107744,0.2942813161942359,0.10116989741061849,-0.09328113259954002,-0.07096991623124031,-0.3371336718947211,0.10969232290287967,-0.0954990969513995,0.512296849180702,-0.05308320802069245,-0.34454639384806474,-0.09812718355222373,0.13632399252611188,0.5667730580940924,1.113748488584628,-4.1052635424104205,-0.04529303759179065,-0.0011901902061642862,0.40800975828769503
0.0,0.0,0.08942647667924197,5.832522845010212e-05,-0.10931313865317989,-0.035691811848409465,-0.023767972619752484,0.22061290560045213,0.10616351816941556,-0.003496079995536691,-0.13538076547325878,-0.003660326910440256,-0.020079780751092787,0.0386377354802546,-0.20076608835341395,-0.3667576883702982,0.059059492976513826,0.06409651577508159,-0.35447632633328874,-0.5513341247775176,-1.3805170503719253,-0.05499721966450091,0.06441847353801734,0.983187802600464,0.9851764824146719,0.46961750966863625,-0.01534825941713717,0.005527564824370993,0.6208173696227309
-0.009904486755849998,0.00392499863251731,-0.03786265175384904,0.0036134588813065173,0.038188697931331395,0.04695871031991698,-0.0024560203896983692,-0.14583648618981399,-0.0821627662701734,0.04304005591676593,0.2209619006608284,-0.9533598045460829,-0.38261318381164683,-0.03198940055336671,0.08073704541310342,0.08958085933840607,-1.0007982080825093,-0.9927314726195496,-0.7066078110019319,-0.7879221645078355,-0.6190448884420905,-0.005343188882806684,1.373398675839506,-0.07875386575918189,0.48478521840444966,1.5705913867547812,-0.05172573232264479,0.0674572182859963,-0.0948378039674172
-0.009317283037087024,0.0017071699968554308,-0.0192885435449958,-0.009046565889125061,0.06843516253954154,0.03649309830726072,-0.0006394818166116643,0.15930478028638323,-0.0266543615870834,0.02129372084222134,0.10623219136808043,0.16530572410592065,0.057895305704826004,-0.12220468481529043,0.02382829124424343,-0.3162498545351919,0.4817186728258326,0.360182058207641,0.4741515013134104,0.258044554790207,2.160313365595763,-0.11548439999817442,0.9979400695629562,0.14265094570380968,1.2776410054731613,2.4882177979412994,-0.16855235954365996,0.0500777336212311,0.20289730445132928
0.0,0.009242887438504642,0.09602561494121337,-0.01579008305850209,-0.007733309114818774,-0.14573968193328013,0.031711913019859185,-0.18178209248979807,-0.06350379229443344,0.3048697692424412,-0.07212864940504303,0.1859737988476669,0.07148804550293118,-0.02894905326409428,0.7934046531026375,0.44537967667122846,0.4547918988570262,0.11263859399053523,-0.5101187615326043,0.1679366968342589,-0.9055769006306241,-0.114769525084256,-0.1910992093771081,-0.062230569079010443,-1.4766083306594984,1.5449757831379003,-0.10110015784400783,-0.015568691903559794,-0.7756470393759618
-0.02015456106085146,0.0013330632678579275,0.0656044971642936,0.013746112154355136,-0.388211179335883,-0.03749882925262432,-0.03781227636617332,0.12939369080078555,0.04637040984333412,0.04056504113452609,-0.20687422073630823,0.04556919171238969,0.01574852422330449,-0.09379590306069786,0.016241832384891387,0.07275103652208123,0.4547313373749511,-0.24572582907425483,-0.519776498469403,0.5010878128599289,1.7360180979405169,0.06145105788208103,-0.8223150742966245,0.058711773582037254,0.14878117980604985,-3.781063681874861,-0.06441074839116429,-0.025093174132634344,0.5446688142259407
0.0,0.004657269244263157,0.01291190037959132,-0.010872142868756873,0.0003917256262797694,-0.11114865762399663,-0.006071700392484876,-0.05677953058825359,0.0949536180961646,0.00968139538799766,0.05347654239502077,-0.9691788998748276,-0.6756116504982036,-0.04588419524811839,-0.09427537317780613,-0.32601220236429934,-0.0328237166623703,0.009805996458607125,0.022972387708535266,0.030636289139090184,-0.8927534685172523,0.12726462336907032,-0.7330900625783138,0.6785320795929765,1.7415534265561337,1.611017888863285,-0.10128003404223378,-0.005977515347107779,0.2986765437798425
0.0,0.0,-0.026786057962261602,0.016974103518606464,-0.17224705707191937,-0.032258744778557745,-0.012947150172153057,0.3107696585853659,-0.15682880718002948,0.036247278615199045,0.1669091971749849,0.20932236771372184,0.24719808048686906,-0.027058982298534682,0.09664411054609108,0.7360345800250416,0.4395542522963641,0.2482209936094428,-0.4620295365818812,0.01427060895042346,2.5799656021843087,0.11576162166946419,-0.2349586920252307,-0.13994853280889633,-1.713243094076361,2.403593466047908,-0.020647775409281116,-0.00042623448036825835,-0.017401845180612704
