size_ETC,size_LARGE,size_MEDIUM,size_SMALL,gubun_신규,gubun_재계약,firm_age,avg_salary,entry_salary,industry_salary,company_revenue,operating_profit,monthly_hires,monthly_leavers,employees_ext,hiring_rate,attrition_rate,rev_2015,rev_2024,rev_2025,rev_2026,rev_2027,n_contracts,total_revenue,first_year,first_month,attrition_growth,hiring_growth,headcount_growth
-0.0022913136665269757,-0.002844838932463522,-0.11329422735745268,-0.0023289677781473967,-0.1488473014504606,-0.034730929146860205,-0.02886354169826726,0.026246841491540177,0.0023594749538006377,-0.004073017235863786,-0.44704106230425955,-0.21595755185137155,-0.08692183344106261,-0.08964289345731996,-0.3821032697822122,0.14682284806859527,0.01131842083101641,-0.01720781378452172,-2.1412400390648982,0.0,0.0,0.0,-1.304686201349574,0.025548682606246223,-3.6587243934179203,-1.203264297288858,-0.0815876652551952,-0.2124523460626107,-0.39438021766439724
0.0,-0.08322350902071052,0.010268056039064883,0.004882268636262247,-0.6829212581682498,-0.2729468071420438,-0.12342151802252013,0.029767626008872276,0.064501654515404,-0.02889270168057225,0.15669713115103678,0.04002507506431336,0.21938415887523544,0.08081152715861896,0.4405569629596819,-0.8884191570649723,0.032313746250209566,-0.06246493408363403,0.48310813368550237,0.0,0.0,0.0,-0.5692733314502276,-3.964814427144165,-0.6096834163798125,0.35828777798407624,-0.1729409161500803,0.12975764756766145,-0.8774451420171033
0.0,-0.014918953318841133,0.02064584181926948,0.010927162973230514,-0.8049707195891203,-0.5668481842405522,-0.1494054994045608,0.022477047300005878,0.013269862901261368,-0.022569536157283143,0.11673918920341451,0.024787198887923547,-0.15119072882561568,0.16044493910803317,0.4501489443341826,-0.04659661437498329,-0.033449981543503364,-0.04250026643314158,-2.2391748400496585,0.0,0.0,0.0,0.41151492110715404,-1.9985560453978501,-3.5899378771766735,0.326131978372432,-0.028744879231974104,-0.22322602820517057,-0.39742049695239384
-0.002533290919613488,0.009042231940015806,0.03646604575170792,-0.017747721099194095,-0.5150468818038936,-0.19229157850356932,-0.17162433079376296,-0.1639126106024938,0.006288036527415988,-0.05982661884445818,0.1173488791317445,0.025599514960737972,0.3588410267560474,0.10931175102972333,0.7837019128263893,-0.1628814344756343,0.2505039153751145,-0.06046742167030948,0.5787515317181091,0.0,0.0,0.0,-1.1068109992430277,-3.1078553844287833,5.965157838949941,-0.6532088110357485,-0.16794902851024546,-0.5154466382919546,-0.5859438237469389
-0.008382141831743586,-0.016965229292070446,-0.018600114687758632,0.022818489113574328,0.4688986633244785,0.22861534130419506,0.010668136159557546,0.04033977396354695,0.00118995491921438,0.016278540948428556,0.1108620595319283,0.016148270886731732,0.24478319075828686,0.2204111500405736,0.6019426326825028,-0.03944209010117347,0.4243195455669062,-0.05378885600537943,0.40523622219110667,0.0,0.0,0.0,0.6861537882968832,-1.559916249198532,-7.3013054961696895,-0.057588127632165136,-0.5129866481005616,0.22237224684845242,-0.4963914804533448
0.0,-0.00042010892762050605,0.025884018408669874,-0.06379725500385487,0.38946958761049594,0.2071562513035322,0.1125965658893866,0.05377951927316776,0.03332417906126628,0.31941466841619287,-0.008387687827146354,0.0578796548443757,-0.022303388122632446,0.024873004666171945,-0.7045880135316471,-0.004457026623296882,0.1622124394719479,0.29933972885126486,0.8302607674751515,0.0,0.0,0.0,1.1407050279450421,-0.18617472332316504,6.858643954360357,-0.72422751736179,0.30181186368550517,-0.11754482338438862,0.939812902734193
0.0,9.463731037669338e-05,-0.015070794101288698,0.013598013906914088,-0.4983445119485437,-0.1938992823708309,0.18707096438133097,-0.02161079806972272,-0.1088988792972451,0.8629537630840196,0.04629007967667114,0.037310502797717665,0.05268215425703474,-0.06876685495409239,0.2602744124821743,-0.7489073330278578,-0.30940081400014446,-0.01769971151578828,0.5741462317779249,0.0,0.0,0.0,-2.4509654587662513,-1.9562156925231646,1.797639368999931,-0.06064395186045823,-0.1999788531893537,0.22685591968730892,-0.5184594403838799
0.0,0.0006449978704176366,-0.014208125491458955,0.02602115341956249,1.047276107606749,0.5184220265834989,0.061276559771807154,0.011492392052627158,-0.08768783187918304,-0.06370553169004448,-0.2557900233974815,-0.6514969541532569,0.04363978843115333,-0.005645525568742104,0.8100303227876405,-0.05562337084708333,-0.27648896427398567,-0.010894618084110824,0.6806227661684774,0.0,0.0,0.0,0.8332502823475932,-0.39716988618611165,-2.8077114464841193,0.5573238217445012,-0.06010131789055925,0.03987914564322744,1.1133712562192004
0.0006850267891656147,0.004397224313242591,-0.0003583130002014645,-0.00012400626548033863,0.541891117347375,0.17700268075195738,0.046917289319373084,0.03798882357017528,-0.013473709841782672,-0.06078478219698412,-0.2031119167343254,0.04098251893889998,0.019845027786280386,-0.008435846872731972,0.07508406714943792,0.12700783958199524,0.04234398331072746,-0.014848135270882926,0.4694304283669949,0.0,0.0,0.0,0.7786622250009446,1.341184370251745,-8.89814831541035,0.2618152549292201,0.017455228786562842,0.4240891345681606,-0.31041148811184904
0.0006127156933489311,-0.0014917999251392894,0.01095739752562236,-0.009102596557404592,-0.3828697703415612,-0.2142261699141503,0.03355359284421624,-0.04522936196893319,0.02649664940502277,-0.1152419113785176,-0.22354632590176338,0.021160677189611708,-0.03173176104639294,-0.12265508652188266,-0.5740543461890141,-0.06031586591866114,-0.040932684295942386,-0.020181708930612885,-2.162642092783709,0.0,0.0,0.0,-2.118464974324326,-3.2086663276225984,1.3313758429592668,-0.02446602229952534,0.1117537813317981,-0.14693490515593263,-0.664243149786277
0.0017023979239259852,0.0059928620499332,0.017823142284970516,0.002454247741371745,-1.0787638282695544,-0.3965406251995873,-0.06680944604069497,-0.005403175549684789,-0.10706768596465036,0.0015952916839151836,-0.25370005524867645,0.044741750951939836,0.15382154356727346,0.1769994928328233,1.08575697834185,-0.1845700956155513,-0.05766694119854167,-0.019413682570222423,0.49394341694774163,0.0,0.0,0.0,0.449439057725573,0.06835272741470945,-3.89069742092242,0.6110037725073734,-0.13670147548796072,0.36079386047211043,-0.7061052573239301
0.0016342202036348002,0.0037183368894376447,0.000832283649861969,-0.014088630522261553,0.47795182247597834,0.15595235233128116,0.22321880422562967,0.05049685342301794,0.01274443321878956,-0.009511092752856535,0.09518373733981554,0.11769338217983437,-0.14141285868189993,-0.1472664690985028,-0.8720211829983525,0.030737268918382032,-0.11711423977923115,-0.01903534937964472,0.5885257179718423,0.0,0.0,0.0,1.2888617317322206,4.485861445185743,0.8925401868293064,-2.017300474720961,-0.12151886290858471,0.09735533393998387,-0.17383095109832689
-0.002179220310349467,-0.02105528134394555,-0.008141270679525378,-0.001119923152477591,0.21605541488045285,0.05160221742902244,-0.32517873960497284,0.005214806266485447,-0.008919490575290729,-0.046090446755739284,0.07941238160348975,0.03158173117084207,0.23796151320913855,0.165171066292402,0.47143486747910446,-0.784974120402183,-0.2434137899074176,-0.025476545733134057,0.6396911294336664,0.0,0.0,0.0,1.6272013466756898,-0.7536899621744277,-0.5090358356319028,-1.941116783075382,0.3078405254491918,-0.28113857453359115,-0.44343657584257506
0.0,-0.010061146210619794,-0.02857795489851487,0.012760882546406945,-0.518283447457974,-0.19389391504627332,0.0380004779170808,-0.07946401810346157,0.06879708639531616,-0.21382049488782315,0.029586189521063257,0.04020507806474572,-0.057705275388766325,0.004693783271316278,0.2570865881898644,0.1495788521228968,0.1346514487246334,-0.014539055973232391,0.6037729519829249,0.0,0.0,0.0,-2.2975663017745367,-3.9380345667028616,1.5597948802836445,-0.34274556048440136,0.5277050737442577,-0.04887746208285558,0.17183232574891588
0.0,-0.0009779066953208948,-0.025332407128754432,0.023185159584611346,-0.5024002880447906,-0.20697221383752032,0.13360019578025847,0.06476055855884551,0.048345006097985796,-0.12027304091476927,-0.004378823117628884,0.02218465832807804,0.5558618712615441,-0.03047286102682265,0.39651876730521823,-0.3941091834297155,-0.22194640444258942,-0.02258475458868703,0.5756051480852968,0.0,0.0,0.0,-3.749691888791676,-1.775461918766255,1.6746047056188935,-0.06138354541644313,0.15720610703239735,-0.07300895763381016,0.3890798534636122
0.0,-0.017427779948458174,-0.001528785990776695,-0.02085849937928781,0.6130949873543731,0.32437444885126593,-0.0433440683563224,0.11100803173877527,-0.2858378045710161,-0.001741401726384277,-0.1531887049001442,0.07204418066405882,-0.15859735077701365,0.07084446440475171,-0.41423004210134806,0.06004352696506252,0.31996586267202776,-0.049133601440669965,0.6340382740893092,0.0,0.0,0.0,1.422297441396562,-0.4993734560527891,3.8665301277515103,-1.0300458371677796,-0.04910403667650066,0.13610750794772883,-0.7620315917380337
-0.0012155375943617233,0.025744531713191104,0.04377184245547529,-0.001119923152477591,0.1455822597638627,0.035862382244240036,0.007352353941917876,-0.10815023262202614,0.0659648319310224,0.005694690765720926,-0.21482534636474226,0.030663498234362197,0.1199625384714557,-0.0409724109001613,0.5178369235799609,-0.481282751564239,-0.1225596381318546,-0.017287334427299836,-2.505947410072437,0.0,0.0,0.0,1.253734154459162,0.4278522385278095,-7.00264346342722,-0.002744844608928734,-0.03222062774282055,-0.14239421335961114,-0.049999360385339635
0.0006963374838316604,0.004593794514870027,0.0011856355690395533,-0.006225621814043271,0.5700865612878978,0.2035380131467207,-0.022799492636025327,0.023366746546473312,-0.09178224676898804,-0.035343604152313725,0.09868072435022532,0.0938766712175928,0.007055534713106789,0.11187891700947733,0.2541700153800105,-0.26852354842721654,0.19567868725518642,-0.01344810245863586,0.4683616744076719,0.0,0.0,0.0,0.9918708094107052,1.925347264859663,-8.53017944179325,-0.14680666889958133,0.055890124086065335,-0.32527012325828253,-0.529307109817074
0.0,-0.0005938253405270565,-0.04093837434668359,0.018212616253453627,-0.5074325114020849,-0.23344561668964736,-0.2811703198063475,-0.043396374799298275,0.036505769569217465,-0.10954871287853772,-0.03158063764441998,0.040604566852300156,-0.034877154178924834,0.008759783025752484,0.2206021372906509,-0.16516883377854671,0.172279913773617,-0.011849927766725055,0.7984751052227478,0.0,0.0,0.0,1.2032768317405704,-0.8441852190530261,5.791033976290583,0.47134590474606336,-0.12657040044210605,0.3105041149791463,1.3720296195331398
0.0,-0.010061146210619794,0.09361947644846938,0.007444884141559579,-0.4862345278759624,-0.17342042795992835,0.14250130483295315,-0.021247870885620364,-0.19831755488609906,-0.2105589595210433,0.08886392389520861,0.04000036186799559,0.0827299486940423,-0.07089695093941525,0.8277131128898584,-0.19423168621552622,0.35686832093937493,-0.01601280381504094,0.7663856590456614,0.0,0.0,0.0,-1.1003317131441188,-3.5779114601450455,4.579630666408271,-0.3577294577966888,0.13463971462453883,-0.0677992036471338,-0.1825660353229568
-0.0020347110971822933,-0.005624456550391533,-0.15006439630588525,-0.011296799096804432,-0.38726555918009453,-0.08524000754670726,0.13957711143615417,-0.05420235316145348,-0.03839046126075249,-0.03485013302070652,0.1822581569661746,0.054480049364141185,0.00014760996847498872,0.01637889273804495,-0.7013898105782231,0.01657821666409639,-0.055417199377657426,-0.01974225705708762,0.6439877189325636,0.0,0.0,0.0,-1.0195670610601584,1.7307684010590263,-3.810171030760124,0.2260111471655643,0.6252820864142595,-0.02556906286342497,-0.3761657318552627
0.0007942552275486,-0.05035993753883436,-0.11219526054089837,-0.001297708079332424,-0.4559193939636182,-0.18571623532357093,0.16376107656240885,-0.20959614800630813,0.013785509119101027,-0.07637029611493336,0.11924128592804631,0.08791625809390588,0.05201300115431795,0.1853758391202938,0.9525249271704446,0.17837032748992657,0.18613917511315178,-0.02286728714767011,0.500610346592269,0.0,0.0,0.0,-0.9791669470362304,-3.7206121082410784,-0.30996235184225296,-0.3334841876312651,-0.5305034186587897,-0.515509555042296,1.7464847920259745
0.0,-0.01738828315525763,0.030085016913520182,0.008297826929087945,-0.6570040068917999,-0.2643872882049041,0.14236300113047595,0.10710513316807443,-0.3513182888167146,-0.00278370112313941,0.05531945954577376,-0.015712359195949564,0.20667937273363485,0.02374017768633143,-0.21520592002809596,-1.201377919971156,0.2185669043830446,-0.06421612305186683,0.45200255445976845,0.0,0.0,0.0,-0.46662621132950516,-1.9750043940258544,-1.1544478276098764,0.09317858865028389,-0.21893415055884005,-1.0781826406720438,-1.0301055218538095
0.0,-0.01898195764507358,0.0051174690451285835,0.02546998804342346,0.936573849851716,0.5375554380740742,0.04319459016254992,0.04802147437090621,-0.003513935928936261,0.020615513602176776,0.08737657131114719,0.028543277386012773,-0.11491070833236634,0.15312795009166524,0.7385546462621894,-0.030709572764267803,0.3506652703072189,-0.039976828426209234,0.607623610464291,0.0,0.0,0.0,0.7702368680171668,2.0330997961924933,-3.1814623104559927,-2.104904081357716,-0.21353014667836273,0.08145867517734875,0.904692728542531
-0.0014416220955175043,0.026485001636912704,0.04101146223089521,-0.002822969518858184,0.17955535325945243,0.031049481683143688,0.03406490029286649,0.052047659776931855,0.0004864532683895662,-0.01565278564484094,0.13348418858303598,0.03217837163499468,0.05347648508690004,-0.08869677531532136,0.7186978961334575,-0.5040505874841394,-0.286917840757186,-0.022794969210784936,0.5973265890084619,0.0,0.0,0.0,1.4046660304261673,0.7435345472195519,-8.604264889025274,0.296432924991718,0.10410938695137849,0.06724268004553595,-0.0851442483045812
0.0,-0.02342607570615688,0.00915085385068917,0.02592237668607778,-0.482695147981906,-0.2505986048661552,-0.1806814246869408,0.0325767416251373,-0.03202518957929988,0.011636296279768825,0.04363367392108587,0.014791647874727887,-0.18785730255898403,-0.14427024011470227,-0.03230020587713487,0.0014313146026625723,0.033598341768742435,-0.0512606536766965,0.6822991295991192,0.0,0.0,0.0,1.0941305473764042,1.1344593458947088,5.835358876446688,-1.164260187658307,0.21373075918113463,-0.019746723338964007,-0.1483596539166432
-0.004893441793806668,-0.01663565943177471,-0.04909532708344412,0.02624768926031948,1.0980862327965324,0.3827383968753341,0.036033249610787105,-0.027168882956391093,-0.010007393768291295,0.2765989849079337,0.1907789029696111,0.02280869594956663,0.10053625403393046,0.39469100872689944,1.4384878408555801,0.2595986298830056,0.5719192847061675,-0.04671848227983904,0.579197219959191,0.0,0.0,0.0,1.0083505063651101,-1.7564250206930825,-2.4679533042959947,0.5952343849755997,0.48778716701077046,-0.03972628314542442,-0.11132775778553139
0.0,-0.014320738577216136,0.01675226594972638,0.01730344818165535,0.5392161650811539,0.2959171975231125,0.12163207710337463,0.0948988635779864,-0.3743366789037437,0.17450390291795906,0.0416595214314535,0.0391842309266596,0.08135541285278525,0.04566819805031226,0.11976871860564042,-0.8723962880060917,0.28934706346875155,-0.04036304331753708,0.7821718322846206,0.0,0.0,0.0,1.309794593591598,1.875154580221666,5.54141778658657,0.10981533767648134,-0.08405269434067268,-0.04211733150711384,-0.04703464767633261
0.0,-0.010517711599006626,-0.011430551172363617,0.03755566649238822,0.729921284303806,0.3006926499095695,0.030091230000871935,0.02500251716435282,0.03413643674131898,0.02073939943606009,0.131479313083046,0.028799181680677133,-0.20889227408384606,-0.13965274880472442,-0.7745671446936475,-0.025442885182374038,0.45505286657159427,-0.04796519639582602,0.6178560974499171,0.0,0.0,0.0,0.9931870618997715,0.3905516108711961,-0.690505840677264,0.2674908936380605,-0.17128421281213732,0.08367801788400345,-0.1402645318947713
0.0,-0.0007524218960151642,-0.000949961575336203,0.016844602827714026,-1.3496284178835742,-0.5804516647176682,0.3337305092733056,0.03826371829977056,0.020057988410638723,-0.07292797409178155,-0.08735978178162228,0.06478511157496611,-0.0309329862934536,-0.050883742036138664,-0.09504777777294428,0.11709176456034542,-0.10462673123759025,-0.015799175959755024,0.5522106254538087,0.0,0.0,0.0,0.21890679565074667,1.3940309866335712,-3.9453004661523434,0.15780500689541063,-0.3599168670154432,0.0928542796316748,-0.6720470136995538
0.0,-0.001089609210456869,-0.013451518576893156,-0.042342369387575594,1.4553086266855413,0.5760434841091121,0.22596755974191504,-0.020509816321985504,0.0008783137117213528,-0.05340277218910445,0.05746454580731308,0.07257878843725235,0.023016558866561912,-0.08455185279432906,-0.9705104333880644,-0.006778454582380904,-0.506765297489379,-0.009779171739640234,0.7146373206190823,0.0,0.0,0.0,0.927521487551729,1.7337146610027534,-1.3736741573530642,0.763733682081757,-0.31872328914405745,0.06300971810353845,1.184140238001394
-0.0016492632236150516,-0.0046748909655434795,-0.11872828052591178,-0.011296799096804432,0.19007732591084842,0.04971198633821914,-0.026708746939260546,-0.1789986717933375,0.018979295800194886,-0.006136347969612277,0.15898352477893601,0.05137955910243903,0.008022513596740905,0.002872971342998344,-0.5779382455162295,0.045782994917518874,-0.14408002289724797,-0.02163284040589877,0.5759450403433345,0.0,0.0,0.0,1.3239392880556398,1.2669929898831538,-8.898881902798099,0.4344059934415913,0.05550139569744181,0.14299824621763035,-0.737587470130302
-0.04088651961926143,0.004724559166431952,-0.021476275783973372,-0.03201899636092916,1.0127877550075015,0.34143130172986436,-0.33212990946524057,-0.1531364703484378,0.006366924196322222,-0.12299032400373436,0.08432187376261188,0.09345860637117098,0.004209351493819849,0.09104001700301197,-1.4004072718653326,0.19465915813725232,0.1775242737635639,-0.01702271341454027,0.5630879781889002,0.0,0.0,0.0,0.8231587813475016,1.7053546936436468,-2.2415206926233653,0.7412724102117392,-0.47450916694896556,0.06529237289519134,0.6357968955697075
-0.0023564773435455493,-0.026637491209295865,-0.11319858946319902,0.004118743044287704,-0.5003773493079934,-0.1940411508890405,0.2302205850581464,0.03525739377305812,0.016330638545706405,-0.05727434900479784,0.14237085155526605,0.02114304995018546,0.4411893271786243,0.1674098778083662,1.0004707921863016,-0.7633247985002969,-0.2943598404004971,-0.04693798370567793,0.6428873845787538,0.0,0.0,0.0,1.0508328698764866,-0.30580035488698043,3.8816211194330617,-0.3457867280177448,0.06636350290462022,0.3375274254301943,1.4022374380993694
0.000843398421836676,0.004012681646348196,-0.008936727305861545,-0.04409844234157124,-0.6362266968101512,-0.17181359905981863,-0.059099260079337204,0.04569605279680011,0.01293936209290689,0.3529999497554993,-0.1983225657639259,-0.15520690778395294,-0.15588289268461053,-0.24524392094631672,-1.462963915965137,0.12933935007847341,-0.2168205974307353,-0.020854222094595715,0.45941271678725304,0.0,0.0,0.0,0.45664706029926544,1.2981786579288315,0.15674597299797804,-1.4713975919638862,0.11021278584506072,-1.225343054833978,-0.43001040873025326
0.0,-0.01137294253753967,0.00486473418360621,0.0153310938130559,-1.1072917488788336,-0.6622792773099956,-0.015594419607526278,0.04498888414573117,0.03353594296956104,-0.007613463382950331,-0.1490606706650277,0.07195222258710167,-0.1251680291154456,-0.09780468985103485,0.8890134650231957,0.8677211257747625,0.10051267577979447,-0.039706254618407336,0.5476244557368517,0.0,0.0,0.0,0.3681552885919547,0.9505772874384031,-3.837329824570372,0.11045046447584299,-0.2088951866311065,0.0769813463094286,-0.09683301324678473
-0.004963955523472006,0.022720365538001327,0.18288219426510097,0.03126477110055604,0.7936362528982898,0.3197445312391655,0.0695627723859535,-0.051087013288528486,0.01147745635040911,-0.05068801313948453,0.11711905629239393,0.026864242215544763,-0.0019218191753983735,0.1741628298973342,0.8858599539946301,-0.0506449414329111,-0.18408039584611105,-0.042134791921445064,-2.4838892021314023,0.0,0.0,0.0,0.9043795834582331,-1.0936841074951003,-2.2830748232406015,-0.6461307225606244,0.03614378930817386,0.1168799285152528,1.3752565218749533
0.0,0.01565294115314755,0.010792699234410452,0.015544204679753221,-0.5500073118431354,-0.19390563656201862,0.044619978918274496,-0.0261802851076498,-0.07410418709759645,-0.2222557000830284,-0.16152431170582854,-0.06490246091161322,-0.019110237048914944,0.06884381065269796,0.9361257618052649,-0.17697593880319645,-0.1169887433326101,-0.01835237840608509,0.57897458283232,0.0,0.0,0.0,-0.9857868896713428,-2.749049851924115,-0.1557764569123926,0.49164615837749437,0.16641989205853622,0.21960566927199215,-0.04101835651982298
-0.006609883837359766,0.0031856767304858998,0.026292756678682902,0.03388334091415544,0.49016166972130404,0.24210076950567835,-0.3248694315941042,-0.11835508122821342,0.007029166946910326,-0.03950579184262448,0.08054021440424967,0.030018941759317224,-0.05610227650501704,0.026641307579746337,-0.2704387393148391,-0.08671120892836123,0.3048784077753148,-0.05462575478765064,0.3846873114877138,0.0,0.0,0.0,0.734682337876146,1.4907258185680563,-8.561017130739472,-0.1487980774604966,-0.23062699278471901,0.10184365862361332,-0.4303446947910441
0.0017299378801998262,0.011895663838314812,0.003457895086494991,-0.0016483630561088703,0.5832258446341082,0.12915499594136276,0.31405354024929866,0.03852799407363622,0.01428957488383409,0.011137765150417525,0.14854196885573087,0.14316520306929736,0.06718494450616715,0.2762706626142699,0.8966477889676068,0.126553539239418,0.00531061058558179,-0.015504493715527892,0.6730234450749476,0.0,0.0,0.0,1.4073974779341378,3.666732071226144,0.9891067135393384,0.6764269956993771,0.22082263980214728,0.2999719204920916,-0.47597178010140334
-0.002543034047387086,-0.0055297721422341364,0.07443498805405066,0.007531199397869623,0.18271245948265763,0.05649515823269773,-0.10096673366857466,0.06503580486625571,0.01005017454897515,-0.012559276671051419,0.18587282340464623,0.041220870920716524,0.04214189954153733,0.15637635052421575,-0.36419071865449665,-0.2549584134445274,0.1527247901866458,-0.021229667909752996,0.5381495418662142,0.0,0.0,0.0,1.2800902984112177,1.0897797228076482,-7.849541317773498,-0.8023601223116903,0.003862936546487317,-0.19712122310159216,-0.7095812268318584
-0.005542730710075368,0.002625696151157112,-0.0062393359670815125,-0.04743526185899495,0.389995788604093,0.1768297382628953,0.148286489325267,-0.09260094253089478,0.018808728741854134,-0.06188312836947922,0.05151674841231414,0.03776933755486794,-0.041622660754432626,-0.1860496763518678,-0.7051236563218883,-0.08554771308116979,0.10217158877728845,-0.04593628298771612,-1.890678613631386,0.0,0.0,0.0,0.3763466636025917,1.664485058041408,-6.996007063730188,1.053971630443369,0.008624161121858404,-0.2522262568901433,-0.15962607074129095
-0.0007306154233532661,0.014301392234354381,0.052119182083261356,-0.0014867360846267926,0.2211454400698594,0.07833584462708203,0.010010135906713513,-0.1394657838694404,0.036099576319850606,-0.06901257030780858,-0.26746937247138297,0.014299223384505073,0.10506367651762091,0.2063788046074361,0.9083979310859543,0.22076859508100902,0.05086964652622514,-0.017330148109718294,0.937210013514215,0.0,0.0,0.0,1.8265743471040075,1.8674928379648805,5.030932016094702,0.42966844200637677,-0.037008134214994604,-0.024391290959110586,-0.14155737106471306
0.0005727710394404752,0.009756465745353599,0.08002287789945907,0.002301031598219216,0.4038766536495895,0.1586473043850172,-0.04254379101833745,0.0030001318014771503,-0.01752909440051801,-0.07434306502151025,0.1184332166202273,0.08565338821712189,-0.013999695625902697,0.1544044617463693,0.4202029932334756,0.18765418950169513,0.1724198887096593,-0.014131060771457156,-2.215148553533021,0.0,0.0,0.0,0.4243788129246409,-0.9657965728680055,-7.160602236104429,0.3737080333200393,-0.2376258448886597,-0.1413779777296152,0.7451526434226793
0.0017888861527322981,0.0020803318384568534,-0.009166632247937383,-0.009017511814829876,0.5063602978338473,0.2775303510903564,0.11385487584210308,0.02965108135577906,0.022507183826224138,-0.10025099482528231,-0.00588598279805151,0.03941693802149338,-0.027417839205871198,-0.12924970523458681,-0.5856978995416253,0.013877295556665828,-0.07255776564156512,-0.012899587515227606,0.6699110028264351,0.0,0.0,0.0,1.4792296689994928,4.330246516731955,3.4032444362298206,-0.17685849795998224,0.06091191948539734,-0.033783022829053655,-0.11757573142547702
-0.0022742756073266457,-0.004531023171140184,-0.024012705784576992,-0.002822969518858185,0.30663767366788025,0.03860694885291561,0.037983803529364105,-0.029868070959689432,0.009570256194988958,-0.04111142123789166,0.19338034681420596,0.03903569973893087,0.04465382755484239,0.25366017380043004,0.5331515621508142,-0.495372344874714,0.16659304985873571,-0.019129241000488354,0.8056669162105435,0.0,0.0,0.0,0.5177424960527004,2.953432615102288,0.8238693507577765,0.6550742635998626,-0.0012260398646777775,0.10362947156346394,-0.4320678480112066
0.0,-0.021628307556435685,0.0005470971252449986,0.037863914012796214,-0.5553483144662383,-0.2758262020375329,0.028552145342324475,0.06487312018542078,0.04021275737748803,0.011213556916851318,0.018013128567861077,0.1077832875058673,-0.11446860613006647,-0.05279877166774489,0.21566974538036982,-0.05723292948606422,-0.19489659097708,-0.045290572190527054,0.7122176828442586,0.0,0.0,0.0,1.0777482275992871,2.2139691096103964,5.447548864904216,0.23771590831766612,-0.09108806314933736,0.0029692065854594572,-0.1105685855901569
-0.002882135487810853,-0.0050447596340843755,0.049589711312915445,0.0015526451854315977,-0.27535643104678753,-0.08599050411837719,-0.0348879262206983,-0.08807671234458152,0.014123024609873204,-0.008196176722447462,-0.17601735942699454,-0.05261704275930515,-0.03817181596497493,0.025851792081762033,-0.823443830098266,-0.4528722011519427,0.25900323765328415,-0.026005400982968767,0.49590729521277005,0.0,0.0,0.0,-2.265286309833939,-0.7674659741517468,-3.5032826963669677,0.1572946297168821,-0.3914041957989861,-0.210227601335731,-0.4959475405800637
0.0,-0.04744538124505098,-0.004105154904394034,8.777647879878623e-05,-0.447955290636295,-0.25339135218967207,0.44390766821242916,0.03054194019386966,0.07661009196297264,-0.028430878881313307,-0.22068296211341665,-0.11592852676564121,0.08351092623924442,0.029717574842425605,0.19779975893555604,-0.013016534191706678,-0.0009533100709300162,1.6755587396533063,0.6986163657748047,0.0,0.0,0.0,-4.104266326082331,-3.6040804845146734,6.432491923896624,0.225050615578063,-0.11900881903543001,0.12605087464863418,-0.2856786275019338
-0.005059504592377834,-0.005931336728194648,-0.04032763107886171,0.007827414002902804,1.056495099217747,0.3806744433312518,0.32412728444294636,-0.06867049299735205,0.01614709734511075,-0.11471680413311616,-0.059714745033444656,0.008051850412378589,0.30912966030972466,0.33575603373197066,1.0910090463675832,0.07664030451133588,0.5320353811206062,-0.04999271937486849,0.5532958904500013,0.0,0.0,0.0,0.9657329033720824,-0.05357898274535267,-2.519754493975365,0.3154437967165716,0.11355608676100391,0.02337752602812198,-0.30430869407552863
0.0,8.778838790333911e-05,-0.0012673162099626108,-0.06528325039684385,-0.6334993578939812,-0.23844241574454347,-0.8828945235534229,0.009239334450185595,0.012510604795155193,-0.05139053396347964,-0.013487125698645668,0.04616291590380438,-0.03219694288623335,-0.11464077715239028,-1.4926951255970102,-0.3895690106166888,0.17966957495590657,-0.01149890371512377,0.679719347800753,0.0,0.0,0.0,1.0416467584844715,4.049099061604007,1.2941706335472978,0.21330027214671765,0.06997617766543528,0.05071011131975035,0.649280795976953
0.0,-0.01339004897132093,-0.012501176573553412,-0.024343470393485285,0.5811874608567374,0.2827913263790792,-0.5701929939666422,0.08894790496626744,0.011005150268289353,-0.13319033112878784,0.031110594844378107,-0.03651499810743654,-0.11457497988956747,-0.089068457853,-0.12467071088833181,-0.05568796355450853,0.364369403272891,-0.035455045853649364,0.7042423914717182,0.0,0.0,0.0,0.9123681967371909,4.267538264968393,0.8055355837042429,0.05945771644242994,-0.23361973352614604,-0.0735764053495742,1.2797526453481702
0.0,-0.0007524218960151642,-0.0353562031100015,0.017166127285089382,-0.4559352578817777,-0.22628708146121584,-0.012986398433627998,0.09540279181982235,0.0713969147869918,-0.08307058643183249,0.0656967317197645,0.07073023501599705,-0.07249002454384437,0.0021101502154360005,-0.5542672345093895,-0.11020080690431792,0.1416068994911303,-0.01884125673203329,0.7209058546248422,0.0,0.0,0.0,1.0781275876683722,-1.3381236595374801,6.213699551868489,-0.004184348112114169,0.35447828380750224,0.0018623082062341903,-0.37579526946143366
0.0,-0.0007524218960151642,-0.0022826704473517733,0.012974788066613783,0.4436341877614677,0.23369837387686004,0.22306833780560065,0.052612227023329225,0.031761933441678596,-0.061175507416447145,0.09802913917105785,0.06337207014817885,0.013734243205747301,-0.05947135676888822,0.3248793687661927,0.6966311262260738,-0.21081569404538375,-0.013889509971671054,0.5278515071185118,0.0,0.0,0.0,0.8131493754568972,1.0346239433313908,-9.111485024749689,0.10633994707256175,-0.12803398376934588,0.13437802610398436,-0.21538524676872645
-0.001959636865051984,0.0011907897748482956,-0.0009791113726303892,0.0029878607005857836,-0.6535208823060025,-0.2411622249982672,0.09759348065751858,0.08905967962850833,0.019945060308643146,-0.06295877029523446,0.0787459283942617,-0.19899775539436806,0.11497049527491393,-0.018725185398695342,-0.7837322643410217,-0.6582238660371932,-0.19961029464290855,-0.0692202306270227,0.4335601802639337,0.0,0.0,0.0,-0.5732138115028896,-2.45855804090452,1.7099310573393471,-0.05168207177342865,-0.17733041239466688,-0.9525569306378807,-1.0696115058433986
0.0,0.0010719412564052593,0.006812714260957202,0.01768749598038327,-1.1255414586668995,-0.6517254780852088,0.11234717375766061,-0.008472144777281867,0.00440328812002148,-0.014861207793496343,0.051258431563168255,0.0535157502568577,-0.07124327101940836,0.02141464400340736,0.7942836005787465,-0.05852185011122916,0.31486528503436617,-0.010616134965133731,0.5788907432795631,0.0,0.0,0.0,0.38621004114825025,-1.477188158248627,-3.9764734601997254,0.5495154882383011,-0.010438398690333521,0.09917241250646508,1.7987246929106646
0.0,-0.0009829111838494278,0.0040805761164483525,-0.021282334179652213,1.030633482834548,0.3735527526134077,0.2213423625030655,-0.018230877861608485,-0.011981007066867227,-0.08272584163488032,0.039251020644992786,0.0277806489476734,-0.04306399893042314,-0.07899030606481089,-0.65719888308806,0.08418426034977239,-0.1891427909920104,-0.01068707573783214,0.5701197145788154,0.0,0.0,0.0,0.8296787226936353,2.7415189921342065,-3.2435135434356157,-3.063545740269096,-0.001058130734352592,0.10784503185852577,0.05101107115447921
0.0,-0.0007524218960151642,-0.0046016675315515565,0.018283131571526206,0.416961037880129,0.20438279733198075,-0.14757669359959877,0.02453758565019092,0.03564115727106125,-0.07018118082950307,0.07220475326742874,0.06489703057405932,-0.048331847564541314,0.008772868819697362,-0.03428516589095513,-0.27326176248933653,0.24295358648086718,-0.013349265934181589,-2.1995118278082257,0.0,0.0,0.0,0.684353436658492,-0.6255924216900293,-6.602101434457077,0.314956257435181,0.06722156283643137,0.06460433864849473,-0.17196722434536335
0.0,-0.013571745193158603,-0.011745438286502489,0.043057054240832046,0.6665147701893087,0.3568760990099437,-0.030480257167555196,0.06042422791629049,0.00876081115991406,0.026195040154654917,-0.05037360503778383,-0.07955203063557732,0.24427505496615548,0.12591287986686273,0.8080286075404512,0.029345703638824588,0.39536874456988524,-0.030566244557665906,0.726505859061781,0.0,0.0,0.0,0.9783757949282913,2.7914845165259767,0.8296981566785071,0.23341456984349712,0.04633697137878233,0.5259353895378275,1.2265921855317021
-0.0025092553264476525,0.00024260541634802259,0.02909367946593216,0.002606121972365473,-0.40468992016481037,-0.17479988868666285,0.044465582230558395,0.10154931111884864,0.013796101173520956,-0.04686288289525615,0.2061024071179423,0.02400031755534013,-0.06769909688929515,-0.10426019590381512,-0.4809956174363442,0.9963378732316301,-0.0032200938310859386,-0.04630287936496556,0.6181922103862431,0.0,0.0,0.0,0.926015553643442,0.3797706657249015,6.004883324093254,0.12257143231411086,0.29329192966305506,0.1034724797822106,-0.30195636336186965
0.0,-0.0009829111838494278,0.004248422605811174,-0.05003546417192872,0.5902490338966769,0.21259461088397894,0.21435906426504206,0.0029924222328186457,0.015467837431402195,-0.04463089942394305,0.11020404284381266,0.06516170618654579,-0.02402859345856878,-0.1318499437192659,-0.7206161617264135,-0.0010436368857707416,0.09041769047954683,-0.015745715220325324,0.7080091093582052,0.0,0.0,0.0,1.2887540784143283,4.742117063235269,0.9458519795786239,-0.05486605068115552,-0.23619029671533726,0.011101266832409232,-1.203413552724737
0.0,-0.0009829111838494278,0.09072844719417379,-0.025726630460411334,-0.45817044401742296,-0.15138872284417523,0.2793339040347784,0.07023972634805624,0.06200058227205009,-0.07412636794358872,-0.01316740487256864,0.09695725521687522,-0.05585753455202383,0.05396810565850214,-0.6628119423603871,-0.8678017983965166,-0.07088366046826604,-0.020316623905287615,0.8045667277911944,0.0,0.0,0.0,-0.9608529078625913,0.19942051831561228,5.418593747506822,0.3969563620053365,0.3685248933842565,-0.07059243019663713,-0.26602875946923665
0.0,-0.012171176835072017,0.020648968517722206,0.01826588660213462,-0.5646566496725182,-0.2605401872948357,0.08458385645983868,-0.0016492201541722703,0.07572317588413116,-0.003701142892229189,-0.08231687619098371,-0.07343449207048497,-0.1507482323837671,-0.12779344444433186,0.06422495177338952,1.4814719598703774,0.10740529405847628,-0.044876570024641925,0.531990383710691,0.0,0.0,0.0,-0.5091891298242093,-1.6406154850733283,-1.124247822649799,-0.23373963969044198,0.2501788404677897,0.6190526030550867,-0.8650607002877554
0.0,-0.00019211792904105449,-0.01571083104542613,0.016559695488319044,0.5163402585658046,0.26124957676425764,0.12620375516693164,0.028576027425397697,0.032299113041373326,0.3655062878571426,0.08437349083410788,0.08412628289003223,0.0013070377291017957,-0.05636553379489088,-0.1495516524411492,0.05536456117475175,-0.045843488363444374,-0.01325245548698208,0.8422680357788845,0.0,0.0,0.0,1.3869232935677056,1.9855178695009859,4.97358619202248,0.5377479672159826,-0.19519502242172074,0.27355935764999895,-0.1415918579228148
-0.0011767668099582596,-0.008361975561136244,0.06549445361605007,0.0015526451854315974,0.21763464623010653,0.048201498705548095,0.07405885148480779,-0.017866135177301328,0.047388516015742115,-0.009933310739295561,0.0993607263197036,-0.06431890938378029,-0.13143875074700082,-0.10566353295402196,-0.7610331215560471,0.03784336273555058,-0.16289086455674856,-0.01826895715032043,0.6188353784576027,0.0,0.0,0.0,1.2700933023350607,2.894769119375014,-9.351395501724499,0.28657659358669674,0.012108655412376112,0.05793134464308246,-0.13208253732450037
-0.0011072256379900725,-0.003907276514816517,-0.061631229326257725,-0.0023289677781473967,0.16170512884600202,0.04338666937515813,0.06285942617206529,0.07472886871849432,0.0058882538359905905,0.0030927874305911136,0.1524347410316458,0.032780623965950044,0.048476589298553086,0.1714312228419487,-0.079765988022255,-0.3028061862331645,0.1630614831748266,-0.017154653925118966,0.6349389538996036,0.0,0.0,0.0,1.365858483958989,3.07288261927274,-9.27410873223874,0.2615626688063063,-0.23628088310631437,0.06607050677387906,-0.03519437388388126
-0.002681878275271541,0.029615659007404895,0.02510062717091145,-0.001119923152477591,0.32963673576341834,0.058506484491367,-0.05348530757939499,0.038030031593745975,0.0021926861202264366,-0.008397449988173654,-0.571376914883687,0.02072318567269006,0.17120548610314723,-0.0018934808932606615,0.6916349546884062,-0.9551183197426826,-0.13462949701711635,-0.02335039460876191,0.6556290031344143,0.0,0.0,0.0,2.176442005824149,-2.5951872637450184,-2.127677270420805,0.322559075255592,-0.1833793820216229,-0.30350772774919343,-0.09323763277995668
0.0,-0.0007524218960151642,0.003701538943680066,-0.03218780110551066,0.5971774815755568,0.22998422607708968,0.1314537587213163,0.07063870454499271,0.03611028399974431,-0.06205852689516769,-0.330876838987374,-0.00581374940963096,-0.07120431093531031,-0.0018635236324496662,-0.7328981737936298,-0.09024801498938706,-0.049748792550908194,-0.01621230873582133,0.7677082072958735,0.0,0.0,0.0,1.179950627640058,4.307460758616187,3.426268406561454,0.25219533146326933,-0.3295705194078374,-0.006325067485742696,-0.14003034927638805
-0.0022517001486299835,-0.00633205043395637,-0.022463554188492725,-0.0045148611015817745,-0.4501315524824867,-0.19877587690637635,0.38314886257686853,0.08281731025202896,0.009161174902996486,-0.1577863373508019,0.07855709728655033,0.05053681000806735,-0.06261152905810706,-0.02137635531311786,-0.19800785513889602,-0.22965811675408968,0.12569633313322767,-0.04904835809673164,-2.660488061017235,0.0,0.0,0.0,-0.6032476036216585,-2.9470873277697534,4.4170605924618345,0.26057669996915617,0.03361562193243188,-0.5188211886236747,-0.16167232348908703
-0.0009623156744694282,-0.00798922907495406,0.0848630865091942,0.0015526451854315977,-0.2730006243188803,-0.05150975376292203,-0.07444304841549544,-0.17403486824683054,0.0786215696268247,-0.005297070737909282,0.17190185253740461,0.02858566472005079,-0.06117002532069372,-0.12985567012894353,-0.6976954217648291,-0.00782977694845085,-0.07056260837043166,-0.025757936563328452,0.6618091508341973,0.0,0.0,0.0,-1.2875341778111797,-0.27210886472016593,2.474259061150861,0.5099959303854055,0.05028868479921609,-0.740074886168726,-0.8456452112029154
0.0,-0.0009829111838494278,0.03550043945955206,-0.053058401170764866,-0.404886584065142,-0.18636794350336996,-0.19698738466924345,0.05853553108671707,0.06322645816523705,-0.05818285396689308,0.21858516690071914,0.11029296579127874,-0.03742839099668885,0.0003155832995856314,-1.2378791734766805,-0.520178839068763,-0.113406186560501,-0.014782502220713605,0.729126286150111,0.0,0.0,0.0,1.1251740684906704,1.7567114853608403,5.280807946036146,-1.3387299254418659,0.4222355386367402,0.21058816239779307,-0.04130580606733277
-0.0020524336976531126,-0.018737074287165166,0.005338917842710486,0.0022039319427544844,0.23502937729356982,0.026215036634359038,0.05583791194533647,0.09762491098369933,0.0045040686906891916,0.0023955794362644743,0.17412262011751017,0.03309002167725221,-0.042846099576147545,-0.23336942059082097,-1.1960454484979166,0.2226745971024308,-0.21409107615914208,-0.017117482895188076,0.7974136877917064,0.0,0.0,0.0,1.65745097141362,0.32241392286769294,-0.2985923975638442,0.40847299402632503,0.16006228851099089,-0.21388868773318587,1.6729806732035144
0.0015597588184690053,0.015488887307219517,0.026004837240763048,-0.002962704799986947,-0.46343415810870164,-0.19099183136628592,0.334001789346168,0.0427522560259416,0.033120898970942794,-0.032608401539262775,0.0849183802512303,0.08134618525289297,0.09908934809196834,0.11789699298651189,0.8015713948694707,0.3106815886759353,-0.2696367785694635,-0.02300856429864847,0.6755550921541149,0.0,0.0,0.0,1.2150852049320782,-3.483827880970424,6.12848498862768,0.4534486609113808,-0.6003805347175181,0.25817606392992903,-0.11510059847346217
0.0014595024233913447,0.005671306872450518,0.009607853227354938,-0.007871610373628457,0.5244383690493326,0.14559730078315633,0.1756342390932987,0.06731957282998446,0.01846733235319513,-0.019423861975049268,0.11655085440581726,0.12639406163109265,-0.06962252950321318,-0.023239960050428034,0.2650454580429762,0.11443486525601095,-0.0269335837964828,-0.018616483318988138,0.6056139217576642,0.0,0.0,0.0,1.3241991742456638,3.5349938344582332,0.8294943204274406,-2.1004441517799965,0.043073840476469255,0.14974750150271973,-0.22055999719568395
-0.0024453693721445966,0.0009477239160286462,0.007821441394520321,-7.149033872973871e-05,0.5319838599668465,0.18369405037731093,0.21099294180898767,0.09081147659729288,0.0254019983701817,-0.03150597544084202,0.09883455177954857,0.08192837161691664,-0.07699746784797096,-0.2362991025807779,-0.7090266971885001,0.10935982452942623,-0.11683858283341347,-0.04258697669339222,0.6767128861669337,0.0,0.0,0.0,1.3058814552704257,2.5463427707204054,5.754995718220094,0.5272410111492456,0.12669692873490399,0.19927531357959852,-0.13159016581456487
-0.006215900443217971,0.0044449526157712355,0.060472287059643415,0.02716608742013291,0.6442698271995616,0.2202848132018715,0.40594243969486116,0.03628933363890797,0.014728833598846264,-0.014239836629139822,-0.03383255985807903,-0.1722325728547585,0.10455028721740497,0.04280106724469484,0.6283664070761235,0.09736664577504918,0.05949818877981276,-0.03946191229525428,0.6513257980564451,0.0,0.0,0.0,1.131339909970079,1.6805813602975082,0.8978495158235484,0.5637519106714088,0.24955548138674233,0.1735768991168813,1.579768490707497
0.0,-0.011895686973951063,0.006160670373687889,0.018754390956787766,0.5224057635051477,0.3377553785366932,0.047546381318748665,0.04669228211893447,0.007734860589677716,0.03746945039508605,0.09371355363486714,0.038962356405858496,-0.054312556999595335,-0.09202102291712005,0.08626601432312468,-0.008474008135833613,0.21998851338638625,-0.03395740834701162,0.5058688682522935,0.0,0.0,0.0,0.6637247947029952,2.9483121651336215,-9.416388528044944,0.44855445143425365,0.010713050671852001,0.10709370618002068,-0.3553708915430434
0.0,-0.00019211792904105449,-0.00832846518937963,0.01887327504787187,-0.41409432140529623,-0.16879835360637147,0.008409720892725072,-0.3116043542290849,-0.22758610544295602,0.34582362755084234,0.038329809566127845,0.05327503864534467,-0.005041114383948404,0.05209568309870498,-0.06914843318561713,0.2773599421148807,-0.05313555829871067,-0.016125254244213724,0.7476291328103524,0.0,0.0,0.0,1.160457622648216,-0.574194037827614,6.212320502929391,0.28212856837803907,0.456029397466902,0.22005883426034034,-0.918138271658472
0.0,-0.0009829111838494278,0.028091713677653774,-0.032001996854001236,0.5014079954265727,0.24762586721671107,0.20575324725601496,-0.031094170572693636,0.015450787007862392,-0.07394036239586088,-0.0058409587413603805,0.07915988871256738,0.030111556334906128,-0.0620610342938518,-0.7769120294518796,0.08740823077482004,-0.0292018633730485,-0.008343419437068636,0.8469076810688161,0.0,0.0,0.0,1.3187676960221641,3.2441277339191372,4.616641562114103,-0.008837248574412149,0.1882583673577047,0.25686558665195286,0.8284720187161186
0.0,-0.13696422063443098,-0.013015442554852945,0.012136112038282234,-0.5246893236243628,-0.26966291229973516,-0.1539538086455417,-0.07312676787405877,0.11057146955349459,-0.08846760683640294,0.10509809973089494,0.026544101172682473,0.22444824561681562,0.033931458561673775,-0.17461269458556813,-0.6347306412637237,0.0003784290188701317,-0.06344967621689725,0.6814643085394156,0.0,0.0,0.0,-1.334996041465714,-3.2614591682927276,4.06922096891467,-0.5442067439039985,0.33101555953759404,0.05117806125125458,-0.26255272073871105
0.0,-0.016054395007987422,-0.004201013220702942,-0.030355412926364914,-0.9714001771368976,-0.743143114927221,0.17570851136128607,0.0628204513519058,0.020765612517844815,0.026588956820824634,0.06459373009937085,0.039131054789409196,-0.1187728010255982,-0.08534703032270186,-0.43472799005929813,-0.0033199680135279183,0.6130058123388489,-0.0408784154924118,0.5457915011819925,0.0,0.0,0.0,-0.3132577248191091,-0.546225687576781,-3.849379760375656,0.6438817857182338,0.018830309332164518,0.06894306225896023,1.194227512273366
-0.0005711243697629459,-0.004571871255374881,0.016537614629629,0.0008322902211359568,0.2636312918962087,0.05981552652248263,0.07881202107608028,-0.029489575597835525,-0.13733784067592036,0.20768562534254265,-0.1923075145849121,0.004053323842184677,0.06322957541368897,0.14928249196098492,-0.36757437917047586,-0.5357461400730701,-0.18335950986201158,-0.014419352924462489,0.9464475785499182,0.0,0.0,0.0,1.7864898451321807,4.295547209716889,3.3593702882898895,0.4554180787256265,-0.39215531034990425,-0.10854885212723663,0.8780646689701468
0.0,0.04505953215654239,-0.013933779646878135,0.0032242818884614523,0.43434209845462585,0.30064560168540444,0.0072640674019391685,0.010211449953905839,0.007891321905817272,-0.01297355681972311,0.09721104988382039,0.018526906387570163,0.14746556300271707,0.06606922871835463,0.36515035138999663,0.020233577640948856,0.22793165094107723,-0.03162924245453928,-2.3400643395913074,0.0,0.0,0.0,0.6057767906466577,-1.3366807136128447,-7.405587488084701,0.37315124440568004,-0.1315906343821842,0.07715219250409086,0.6835191464861121
0.0,-0.01863026859563015,0.012124827554814656,0.050151965373656085,0.6255441787301416,0.37305021596832405,0.09458153247197963,-0.11155485993059445,0.05968669340270996,-0.10191163326242156,0.06184329550350575,0.03548645350728034,-0.07063745752719904,-0.04105907120075517,0.6479299074129702,-0.041430252614848624,-0.061882145114798,-0.03722954888484426,0.7766861426558912,0.0,0.0,0.0,1.2808259104124027,2.6284321790324374,3.5015968109570488,0.01905532750687247,0.10415919196665557,0.15897630995162298,1.3348487232686594
-0.005328482475206421,0.0046039170056154455,-0.06884860843622623,-0.0382019433872994,0.5980914396632538,0.18285472200590983,0.2388726381272903,0.07835373615664758,0.01313974516720132,-0.02174247341179623,-0.011883518834145092,0.05302245064045497,-0.03200231353276745,0.055921872085669726,-0.7533516530955966,-0.3927970678432386,-0.289959619590769,-0.04918288933350147,0.5978646050740463,0.0,0.0,0.0,1.0750260237463014,3.1132463343270373,1.0363453983249364,0.32170264531207265,-0.6530492564492432,0.329357179770906,1.08242184096166
0.0017744611671957054,0.006013667978172967,0.023421126247348625,-0.00701786060478392,0.5662333425829597,0.14120131538729266,0.1827626455989524,-0.17197904592980007,0.016095384801744005,-0.06866339146844541,0.07606229326246355,0.12588601524445564,-0.009644618417453572,0.03273272939374979,0.42416343550138225,0.03695695796869397,0.103838595280437,-0.016380681797728627,0.6805302449699095,0.0,0.0,0.0,1.3123775589930557,3.9989825464618027,1.1966884671619258,0.760651927216512,0.19211491736891045,-0.06919190311972093,0.36054559832429967
-0.0010346874221514421,-0.002427283890106881,0.02440695674824991,0.00043299694185662654,-0.14834045199994056,-0.04188322419913528,0.11955833578597969,0.008092330325264763,0.040963770735561324,-0.023591470033454298,-0.24328173656563254,-0.05284462531797008,-0.01735764576344008,-0.04031611212599456,-0.602379841044813,0.10945951755752444,-0.11707483173894331,0.532380908069474,0.9429292828949621,0.0,0.0,0.0,-1.4692242093097299,-0.7910412673469833,7.974642545063148,0.2826982005691863,0.1447112773179294,-0.21637449781266024,0.7782627502093877
-0.0004876826080723715,-0.0030875454313063298,0.02230623453776258,0.0008521500159295545,0.17021973857326936,0.03550003612646571,0.08737161261869736,-0.016410834115936235,0.054772095798649265,0.00457205197841161,0.1222371780215042,0.03236512832422178,0.0017035051443851118,-0.0005172690554048507,-0.32766073240458204,0.07859503650479917,0.13401453296931712,0.12477668852562254,0.9882575823790613,0.0,0.0,0.0,1.4480886262495498,3.2653526226418297,5.893296136104146,0.4951869945584118,-0.015003065987956764,0.06652980714283868,-0.37370240908345026
0.0,-0.0007524218960151642,0.0028172281126999424,-0.02467932923701214,-0.6317665176979191,-0.23266087902818597,0.05589232480023704,0.05980585217282727,-0.21341599611074394,-0.15193886130610987,0.0880354361063298,0.039000357316884435,-0.053866316142107046,-0.008887326516260247,-1.0102149472650772,-0.1347719351674691,0.15087665659675747,-0.01942424641077295,0.5714987607232592,0.0,0.0,0.0,1.0345990729246592,-2.8220626869802956,2.217567461588494,0.17302596145898758,0.22636005736584902,0.10271454649593173,-0.6444237924871622
0.0,-0.016220415276800453,-0.0012205201718403142,-0.014776058412469971,-0.39568884354039613,-0.23572819536240705,-0.003419864051136307,-0.14486758668947106,-0.3040406747771796,0.23204102798726597,0.01654857593228167,0.008941459079963758,-0.06222919223898478,-0.08514766615966962,-0.24498297568490088,1.1753893583009423,0.16332029164785247,-0.035959443762775295,0.7762016407135197,0.0,0.0,0.0,1.232553525678663,0.5147400953963278,7.28166636142658,-0.12208406749660915,0.10851524239706466,0.5486272557491014,-0.2624166698954132
-0.002838600364593712,-0.006496639232420818,0.07991787222494919,0.007531199397869623,-0.2757940815193813,-0.03139927988700702,-0.15914827579875737,-0.07600916890798914,0.02757936127118365,0.1100034218649253,0.14432039983126857,0.026997810911208037,-0.019368838768293407,0.015221055829518021,-0.8707045518708016,-0.2783671121224116,0.33821456014309176,-0.026663188927125468,0.6056605685780826,0.0,0.0,0.0,-2.130124334277467,0.6606068465857025,-0.7052835229332233,0.3630887238448864,-0.7010655067288497,0.31109931085976494,-0.29860322910416487
0.0,-0.006416240210389126,-0.004445638510120439,0.014015043639110143,-0.5903951364863056,-0.20764961631073076,-0.33727429768339146,0.03075563800994095,0.03861457632300152,-0.14233768246732995,-0.011685720458475749,0.027664205189962886,-0.07036121379534002,0.004093817140264189,-0.08612762237247328,0.26666144589481694,-0.23423150247038374,-0.013031717004075054,0.6486121278987879,0.0,0.0,0.0,1.1311751298717974,-3.452643235050885,2.4895152546737664,0.5526836437613527,0.3044055707583285,0.2712224152606807,1.0363606409306807
0.0,-0.015818731837307212,-0.010887249155925427,-0.02888680622147457,0.5192328391327263,0.2924985498724144,-0.1283569862105351,0.08783771809237019,-0.30749697184044417,-0.006672480307995007,0.13865310528182676,0.043126368465845825,-0.11015724923499699,-0.06973219767307473,-1.1150947655618375,-0.4410766603138825,0.4318943416173827,-0.04780378114647156,0.6685915528153878,0.0,0.0,0.0,1.2768119330311962,2.424479532399072,3.453353458433672,0.2843366358111044,0.084251638958053,0.03845067811751114,-0.9424306946889562
-0.0032912548669367893,-0.013230800262015676,0.11783885341961403,0.0015526451854315977,-0.2413825411218671,-0.060415980499499124,-0.03238712303144255,0.08953585983767243,0.03026177463306584,-0.01134127835869921,0.1460558157617626,0.03397234180256836,-0.012497065893846094,0.10790655807595342,-0.6559503259418156,-0.5306687425466596,0.05234399242272606,-0.025547055239693126,0.5386967464142085,0.0,0.0,0.0,-1.5753384689012206,-1.5230208950406567,-1.3246494209584443,-0.06673072500015977,-0.20030339459724333,0.33681619304351185,-0.564041089324171
0.0,-0.017561767646292067,-0.007738889633842383,-0.012863719732290682,0.5957745819306405,0.3335604565301801,-0.12495613579209633,0.03820185445855648,0.01486865127874385,0.029104607892084737,0.028404299455873507,0.02859392707965526,-0.10052704426344176,-0.09455237052357957,-1.8358738318248007,-0.002684977479403251,0.13917967165229234,-0.03732298728592867,0.7365072452765755,0.0,0.0,0.0,1.2794665126991445,4.267997493969668,2.961140522036645,0.1141729651872213,-0.1762317271847475,0.2677861450114916,-0.3449957510213361
0.0,-0.014223592659782219,0.005457278236545984,0.02566662117762346,-1.0286100852742568,-0.6831532811423304,0.005073132599545421,-0.06567527214365558,0.04876391384896434,-0.09926170171324436,0.05558314330955975,-0.22395260968097988,-0.16709883736750153,-0.17349669593428868,0.10187502137379606,0.0028446731525764305,-0.06757014335523519,-0.046182455935426456,0.5234157404350166,0.0,0.0,0.0,0.3645415813735031,-0.8377142745257449,-4.71554208752334,0.21805523845096697,-0.05273773812072263,0.5292523056920233,0.8305767258850953
-0.0022283367296953554,-0.0008088954787064034,-0.03186466647865609,0.001085035401490247,-0.41643508472425667,-0.21222762177264087,0.3161993049736679,0.09863715054861716,0.02597699884294625,-0.07676155320423483,-0.11205810016369018,-0.22296200384932802,-0.09639460367527969,-0.02425025234749132,0.3462990968106568,0.2582689982490112,0.2750963205550558,1.7281378742202533,0.7228339725341888,0.0,0.0,0.0,-0.20250574866257284,-1.2413475018224296,7.2258888232665885,-0.7238183116307377,0.08963038895927247,0.13937361565161727,-0.32550322593404396
0.0004918811391378321,0.008114322535550583,-0.016244525738531194,-0.008066913574998098,-0.46692394913888513,-0.2535527943451075,-0.15629199094535684,0.09801529734193211,0.018067026009740562,-0.08360143838979717,0.0644908251509306,0.06613377289225167,0.036788894042331995,0.10110933924904163,1.409128199232357,0.03774774999949,0.35037501921788716,-0.02431383518077115,0.5460966569870116,0.0,0.0,0.0,-0.7407881641502936,-4.233302575747025,2.3359669357221806,-0.12375484350351844,0.06450257274832379,-0.44134012839967696,-0.4603514498830493
0.0007775220567783198,0.01669780709267942,0.06554411547802806,-0.0035307574830527677,-0.8399392526630896,-0.33545485115686335,-0.31561657730772347,-0.19174209582017382,0.013520211045700802,-0.05481000453298262,0.11201550715407631,0.07639742128639727,0.09441690271091402,0.1178679376238971,0.7969038946150319,-0.2896632435628114,0.21477302646023153,-0.015568603068635159,-2.1317291179114135,0.0,0.0,0.0,0.4145500318461738,-2.063744715344652,-3.2142620587545854,-0.35622266672841696,-0.1742330725326823,0.39785590243528934,-0.045740433029752225
-0.0017328994656152204,-0.005137040092116125,-0.08675902834080466,-0.011296799096804432,0.18109901541449624,0.04381556719428993,-0.14207232343700593,0.06041760197402549,0.010405025466272283,-0.015232471431254455,0.19115720225342578,0.0447502342667282,0.055460033938451454,0.19451235844720519,-0.31264795886248037,-0.2560446204428251,0.3226992504267686,-0.021025173702353944,0.5666561200591077,0.0,0.0,0.0,1.3534485994806298,1.5661065467127566,-8.5513313375233,0.08582131643945616,-0.08583421957394739,-0.15018068346510807,-0.781733651169366
0.0015059736437237914,-0.0022279997638103826,0.01265669605779503,-0.010914481814085301,-0.42037477829071146,-0.16077702175081335,0.07037693642514756,0.036746066394228685,0.028408920427097636,-0.05601449036431723,0.04303676301401747,0.057771865031439475,4.3804536292193315e-05,-0.059981251283277526,-0.7210563311387557,-0.032687348235006373,0.05524051588395301,-0.024453598640362385,-2.938140521677347,0.0,0.0,0.0,0.9730987545805223,-3.2402736498947045,5.877372104425919,-0.8269567089426567,0.17634779034659306,0.18468761165126168,-0.19235603816305316
0.0010920401600662984,0.00500768757855225,0.021611760222659177,-0.008865324257596974,-0.3510836706509492,-0.15175063696522387,0.2899968880648559,0.08547292632544627,0.05206869637566821,-0.0466613731692062,0.0714328074002909,0.06132842408414373,0.04697942009687665,0.1370809362127262,0.3856601561465815,-0.3409544317919161,-0.1809840450177849,0.7514792090788835,-3.019753395292129,0.0,0.0,0.0,-3.2326516996644985,-3.2185490238395333,5.215341577159065,0.3138724948107256,-0.40397835115132447,0.06537046538357116,0.9162601054889349
0.0,-0.022715543473890633,0.010196480772485523,0.03713056097699507,0.4615252200185046,0.28064035151159406,-0.0017751698841282646,0.05343450787683239,0.03589398961125266,0.025863816155809717,-0.31306244002383826,-0.28597088269772586,-0.09342664869961186,-0.10019606177105196,0.528650022683018,0.14124118591966442,-0.1453957593319129,-0.0338107254822863,0.7728432468034392,0.0,0.0,0.0,1.106070945312277,1.730497633069373,6.039359243644879,0.09746236244228722,0.23858073554535036,-0.8271514895899744,-0.12572206394983326
-0.002082797255138576,0.00025389463687292143,-0.01854118230351315,-0.01913423427969034,-0.4252827874187371,-0.2217771998342826,-0.9038782210137332,-0.19740531576993803,0.0120579858552839,-0.10168978031112731,0.12712302247644183,0.026429530430565732,-0.054989397490399626,-0.06671867769976794,0.6424768314618696,1.0232703575088906,0.24649138752126312,-0.07416178418980182,0.5528943923826938,0.0,0.0,0.0,-4.011216735550249,-2.1208118441868127,4.752477941771428,-0.6772634777645163,-0.21725308933396176,0.16938614163615795,-0.21268111686544172
-0.002249872280834376,0.060765713813277555,0.0586037845894397,-0.001119923152477591,-0.21580515984657303,-0.08007956046577518,-0.11783144350674533,0.0707173867662391,0.004588888587726584,-0.006032927079776965,0.14372626217642806,0.0360543821370082,0.21329968921944467,-0.05561492079825209,0.5351586699465071,0.19829614072002325,-0.06741595189724921,-0.01668225854774298,-2.5279723929096503,0.0,0.0,0.0,-2.4642516503842327,-2.2617111550870734,-2.469084621161634,-0.02376300064436083,-0.14332683559154907,0.2163339817492827,-0.12552201026075985
-0.005584886737351489,0.004253123276390472,-0.12075509638366476,-0.0528118535018474,-1.0551275307840995,-0.5062879679501143,0.19489069696466396,0.07677165025316798,0.013125502677033362,-0.015785789427611083,0.031535440014941366,0.02455728138317936,-0.019348633051894087,0.01835906177655738,-0.5191436891974571,-0.09999678713955316,-0.20025433998808434,-0.0506555256256116,0.4897074855307963,0.0,0.0,0.0,0.20323445505105092,2.466966408728503,-3.403736384416868,1.1073173284022453,-0.3310402782605847,0.3755393064085783,0.9120631099903779
-0.002145887462710129,-0.02286769202513484,-0.0026365165441923234,-0.002822969518858185,0.2660232004399383,0.013190623621372093,-0.009615485735852816,-0.16827488444899183,0.09856330063604238,0.05602974708621805,0.16256175072674453,0.030770597527772378,-0.05835040902806922,0.1707450635414386,0.9082406905836362,0.08843173317340794,0.01709445271787904,-0.02067548589661113,0.7166685585970283,0.0,0.0,0.0,1.7460292814957938,0.6933531881812315,-0.557741346986222,-0.9269880609271666,0.051274418949471406,-0.15696832686291654,-1.1394132240311854
-0.00745554348126891,-0.010057254963940105,-0.019840256253927064,0.004702296665194975,0.6925845802058724,0.19458262332584111,-0.8842453876309276,0.06768728681300747,0.009191292657850588,-0.035005565827253636,0.14105003926652132,0.029209004880743798,0.07230673214776333,0.3630524968429137,1.504649831522961,-0.3888103422615363,-0.1043692022505579,-0.048069221072949246,0.5625286045420069,0.0,0.0,0.0,1.1005766789291949,-0.06549382568070938,0.10690559751316646,-0.11159672170608997,0.09995893132071704,0.1486790176393953,-0.19495735654629642
0.0,-0.01866385050176477,0.01978428353879596,0.038538356125683175,0.6458999892385371,0.20775021409455396,0.010566618166100822,0.01889941238014491,0.042064393832808814,-0.025652080443323268,-0.33750622412656606,-0.03642484914988165,0.2592715359873408,0.3914051525655358,0.943372551756753,-0.4360551309621767,-0.2849026661627773,-0.037004502573583724,0.6705233131627764,0.0,0.0,0.0,1.0499281508125395,4.240269490197823,1.037154610514308,0.08214062015577477,0.010226926331865806,0.07871178891917961,-0.294247125808179
-0.0009712542840859308,0.11506101231203704,0.07061056360628963,-0.00076790460071412,-0.17789389568594388,-0.04503266652113513,0.09096231760739114,0.07994089072148905,0.01676059316608646,-0.03418664347349505,0.13044789141604868,0.018344665448497947,-0.007002492015207217,0.003130847961307189,0.7193533395109142,0.8793103734901289,0.04326214358601321,-0.023701060073886063,0.847604821620623,0.0,0.0,0.0,-0.8550617302574316,-2.5837447759593846,6.46461429540328,-0.11665041425853605,0.0185839087507388,-0.6979039560675973,-0.22742227896267456
0.0,-0.02829210285906827,-0.005689340702302519,-0.012982609351809948,-0.499453149422041,-0.3061500351966204,-0.18029855475207257,0.15919436222827055,-0.1255168595919628,0.3735233255308394,0.016636415777623377,-0.06925977277895012,-0.1689152545814655,-0.13389336118738643,-0.47768857161930034,-0.11331393564196081,0.1334764416285941,-0.06072567690498406,0.5738166977749648,0.0,0.0,0.0,-2.312074644182691,-1.1925004082075787,1.9493063815991258,-0.006574693020112687,-0.3854408593549242,0.14010605891489142,-0.3639389667632667
-0.0009968201451364463,-0.017554286295232476,-0.005845747684411052,-0.001119923152477591,-0.21463683466234662,-0.03318424317721719,0.24532750604403827,0.026501588526021032,-0.10028287428300434,0.3645940365885234,-0.3317982824424823,-0.007756223821852745,0.1132530021269392,0.11203849334976121,0.39734563352135743,-1.033329560377241,0.03851382495782175,-0.03292918865505346,0.6207724676017726,0.0,0.0,0.0,-4.135482061029358,-2.733456040537729,1.863193230219301,0.17234292114778937,-0.25424477948342916,0.26319185446909077,0.17258457897158952
-0.0008559305375171929,-0.00763727536541887,-0.015493031803601716,-0.0009458014791056865,0.21281457696122874,0.057211161934688455,-0.09518424721091201,-0.01928690319811518,0.06206454350733066,-0.06730261639777786,-0.6012181651052015,-0.42199984010758695,-0.07483528746747085,-0.14419017631071657,0.3913954335201983,0.5327076879242858,-0.004497385677093291,-0.016253190709581953,0.9228352941553447,0.0,0.0,0.0,1.8020045087467675,1.756890308384147,4.867900905701281,0.42373512022389553,-0.3008226100346718,-0.24010559061960957,0.7987113937345797
0.0015626973285152378,0.011829858951720736,-0.02992041541862382,-0.028707385862245728,0.6290797965810128,0.21215649345444532,0.07703084350284586,0.029045117718845548,0.019790749779890652,-0.032765231442900986,0.07777760425173123,0.009661227590510682,-0.07434371943673672,-0.05880763310084262,-1.16396192314463,0.04475189732389809,0.038602825631905945,-0.020631835978804604,-2.0727884145696063,0.0,0.0,0.0,0.7168306520716787,-1.4953252452319312,-3.107421704461653,-1.7159653425964305,0.1379270101755754,-0.2323188890957152,-0.019093810783323617
-0.0008468287891513626,-0.025452196713768867,-0.03685349969260927,-0.001119923152477591,0.3569285724846143,0.08054551386671291,0.03823221576282392,-0.09759153655813674,-0.057840923201405645,0.16871146321499855,0.21725541863140113,0.024864620504737575,-0.09995024006166908,-0.13211518172238298,0.4077294325231236,0.46137606254354024,-0.020243477114988927,-0.021132345374797103,0.7427644732520835,0.0,0.0,0.0,1.7994952729162337,-2.4649520434405776,2.1334910760689363,0.6093365949478697,-0.0012217154329571024,-0.835602249293849,-1.1348773313429583
0.0,-0.010286631009925525,-0.046043031791894604,0.007651747832411182,-0.3961658288825712,-0.15949933183515277,0.4389593233434708,0.04787347577529278,0.0701278996424572,-0.07402471394045383,-0.057467395429088144,-0.46201947092212287,0.010925183531421653,0.06779297720633468,0.18192534737159236,-0.39040626117709076,-0.11700131746137257,0.4456198284477603,-3.317295864523202,0.0,0.0,0.0,-2.6500753263991466,-2.2662068250543634,6.612819881177174,0.2962131801476389,0.29679147016474516,0.07350435288496342,-0.35238605655918903
-0.0009974867567752255,-0.012227692500918102,-0.015983294481751044,-0.0005711419642238277,-0.1370702754902628,-0.03741132894602101,0.14608430491463917,-0.1659370671820178,0.016147020827197704,-0.037890948262751634,0.15056104837497122,0.033968620304229674,-0.000682446957904484,0.14469256612919426,0.42753170806550295,0.29312277770402295,0.17088210719076735,-0.016750763613237567,0.9152380011049973,0.0,0.0,0.0,-1.0568764852554107,-0.7057058923326682,5.261361559210733,-0.08029042407777984,0.15239605238639736,0.30029082853124023,1.1190137374195674
-0.007228961547357395,0.0022217482773311654,-0.013401150765922356,-0.00868880419045582,-0.42223409134216733,-0.2819165870699542,-0.48959027625344054,-0.1255168376253546,0.005738218491898463,-0.06777923207519275,0.026388360527542922,0.036788984218889896,-0.05498388963688312,-0.04566074076658322,-0.6303401728516002,-0.2703042823151111,0.17991372904598912,-0.0515658588704703,-1.6463159010972555,0.0,0.0,0.0,0.3208841443207994,-0.3287305788755586,-5.848299567745346,0.8266032985637378,-0.409813882303376,0.11221571650109274,-0.24858251342424353
-0.0009546847342483393,-0.011416588209833826,0.11529580146232761,0.002282580257870751,-0.16546981164604796,-0.045229137560252465,0.009319215200617613,0.07003548624318669,0.03626943762664208,-0.004384055480520797,0.1622774227892302,0.0277645075720339,-0.05950545952128848,-0.12559817784904992,-0.9247346347111666,0.46504966389593916,-0.08290511042690064,0.18641928810043157,0.9321951559051344,0.0,0.0,0.0,0.6000471163165645,0.8050906855439102,7.7918443404042765,0.42048947011923765,-0.7132144008266095,0.1830228820585677,-0.1703662424058801
0.0,0.002892484104215504,-0.0024911325432870335,0.06672161821249845,0.6180510372868343,0.17524031440000667,-0.144964770268688,-0.018357113630511675,0.04569845265953278,-0.06083839795705047,-0.10703679603830753,-0.1279867388335379,-0.08956567718188468,-0.03928727819228816,1.3770028652191624,0.011347866563267615,-0.14187280331545696,-0.017918140463957077,0.7085289660172306,0.0,0.0,0.0,1.366285617992617,1.829139185461695,0.44563584371918696,0.07872148051885133,-0.06872074229784726,0.24967224694678192,-0.33266716855158046
0.0,-0.0007804569382338774,0.06246542291896335,0.008098041087572025,-0.5338646521776902,-0.20370475237889674,0.03492729070231461,0.04732166791448157,0.07264662125235395,-0.1714854984158776,-0.07791306193035785,-0.17652725202063116,0.05521268714266584,-0.0648433262304937,0.7161217748733375,-0.05025773936466807,0.10040440818520648,-0.026150599408436982,0.6475524177488339,0.0,0.0,0.0,-3.34962014265412,-3.0304315555117447,3.769994382759126,0.301047743588446,0.23100431849950673,-0.2772438103642919,-0.2796028142435561
0.0,0.09148223581240615,-0.0032912647357246317,0.006106392753727396,-0.7567546900448862,-0.424777514112187,0.09734972591546259,-0.003237264550686002,0.02155803000804901,-0.10102460619260653,0.15068368015717734,0.011975153836485513,0.38866744517414126,0.5575628835614923,0.6248843088598199,-0.016680166099015317,-0.1143492244379457,-0.053842676242685246,0.4535448721091241,0.0,0.0,0.0,-0.38500475314752536,-2.4079376501678236,-3.3464681489430714,-0.965085448743569,-0.09091395382633077,-0.24795920147576408,-0.1052082079290171
0.0,-0.06775248351294205,-0.0031884695195321254,-0.0010490229770032558,-0.4749705834142399,-0.2670860889351652,0.1431098789298723,0.0417914865581095,0.10312434648213271,-0.0316597912077016,-0.02260988814052645,-0.02094456933232075,0.23813640063205885,0.054964803935007044,0.20163156837217414,-0.1865412774579923,-0.03264990176963453,-0.07365736642532657,0.6656864407240619,0.0,0.0,0.0,-5.191548536261177,-2.85029749913943,5.19640383330483,0.23113927702572018,-0.045371677461696694,-0.0047641183013757225,-0.21419644039039049
0.00048176887557394997,0.06781386304048899,0.03728415948942848,0.0007596057544589565,0.455993639487256,0.16662761154279807,0.1892079758006648,0.030924647855289863,0.011671899619520842,-0.0900615357847026,-0.2955394475021973,0.046744892402843206,0.07119859861437375,0.15313899515771753,0.8515366008013235,0.18518197019568378,0.09872496257609917,-0.020341898408483907,0.4449716207229959,0.0,0.0,0.0,0.4740270164418073,-1.1720291451804519,-7.80922980308675,0.11757885356180678,-0.10124069114246312,0.15116634108336138,-0.5092071848249278
0.0,0.002892484104215504,0.00735847046836588,0.02994742478530116,-0.5088448895365988,-0.20699294988798528,-0.3585138079805128,-0.06101257032677662,-0.12609622816247965,-0.13537821274826511,-0.013101326569273415,0.025693743120480155,-0.09681376125148049,0.01222343754214706,-0.3023427095842625,0.04700045052636285,0.0804635346412982,-0.018183923617162867,0.4856372611359633,0.0,0.0,0.0,-1.5337848552236835,-1.8514493991171546,-0.49275480489081047,0.06628500712023859,0.05810559965474235,0.04940014582324252,-1.2660015177039916
-0.004796428543290727,0.016526337068806775,0.02521586369487429,0.0030937768870042365,-0.8404831901367043,-0.46899562451917465,-0.10834852030027407,0.0752919605458059,0.004129147888950408,-0.021100936967731437,0.20760333724510405,0.05635888961614142,-0.10685032038601135,-0.08051779564280455,0.49716599148558743,0.23996873090291085,-0.15283973314555643,-0.05443290101619799,0.4436973291140669,0.0,0.0,0.0,0.2641101488694184,-1.9119712511637021,-3.616903249542899,0.4313186380388396,0.13026822891493836,0.169892043968917,-0.5193563557715324
0.0017624075756888851,0.00854912796308334,0.04094089185303377,-0.005973871065474931,0.5167959857291587,0.1454543178413177,0.20358288008753384,0.04648287739465732,0.012193765923613811,-0.08551372979516063,0.15472203347614277,0.12628025838450427,0.12560826896165042,0.10733214284799464,0.6869290588706953,-0.516660221024653,0.08054635529312619,-0.01162328943633119,0.701191269785264,0.0,0.0,0.0,1.195748204997703,3.9806660890752608,1.2457643592740615,-0.20156448715397157,-0.09067349072499939,0.18050840608697935,0.8500721655685812
0.0,-0.016072157821328148,-0.0006854388504553369,-0.05097656281703834,0.979718815443195,0.6001905831200283,-0.16968660168756214,0.05700100525542323,0.027605938446500222,0.009263879273656867,0.10268948395864795,-0.003848480117225261,-0.27510828650699937,-0.07412905738331879,-1.288007192116447,-0.09930792955698203,-0.416276487695838,-0.0435247860627254,0.5673253187981461,0.0,0.0,0.0,0.7757289910466413,1.6398659962587592,-2.1389177050816732,0.960553304730948,0.01844974417141579,-0.07486931077446768,-0.20647536732203914
0.0,-0.0007524218960151642,0.008692777239573337,0.030223017015696674,-0.5673205160213559,-0.19350966477043155,0.06881538188280349,0.0007506372716816497,0.05293123528842036,-0.09709649146435329,0.09495167923904707,0.017883158203741284,-0.12064421630066591,-0.021471437857557094,-0.17100766112637097,-0.04763576231794328,-0.20307406872200087,-0.021145715591785564,0.5119296478298926,0.0,0.0,0.0,-1.0923603840807725,-1.751262411831778,-0.609886577784677,0.42132259912113357,0.14421763171123725,-0.1813940049419916,-1.411591439640929
-0.0022742756073266457,-9.537503654680722e-05,0.02390033594678737,0.007531199397869623,0.17289328449686578,0.04976765636277682,0.027900330781947674,-0.014405986877272837,0.010123122696828663,0.005566312837855439,0.12777452677203482,0.04098533709845892,-0.004421396844109033,-0.019509566274404422,-0.43039161749961363,0.10602935097743267,-0.09456045969094258,-0.01943962218233823,0.5584102164348264,0.0,0.0,0.0,-0.159437067750582,1.3802001801514554,-8.909734742099527,0.414355321509088,-0.08586302772061823,0.058019795270008716,-0.26122180276260354
-0.002077058911899542,-0.000395852295577832,-0.04314592461474295,-0.02472403408408269,-0.525165520303527,-0.18068539695083538,-0.0546577666285695,0.10082299465304707,0.027476680434118786,-0.0491895486824027,0.08428930006685162,0.05421050636897648,-0.0897046109061197,-0.11087631180625124,-0.5130800917825042,-0.20577588998159382,0.06281907489302625,-0.0699045934789423,0.5720046670258924,0.0,0.0,0.0,-1.5934290545943905,-0.7976688575746157,5.273211763963212,0.19924254879415892,-0.37326852067814387,-0.04107896043207515,-0.8734545544034272
-0.0012067918044734287,-0.007718993270425057,0.0946535136325593,0.0015526451854315974,0.3901738848877058,0.06372607092269643,-0.1896002101501754,0.1346217000487142,0.017554585682802423,0.03331343276507097,0.17128307188306258,0.05578433255178801,-0.16625500809109692,-0.20172244595379826,-0.8273174730641287,0.1276369521396702,0.3004515091268239,-0.018730317834398245,0.798996422559502,0.0,0.0,0.0,2.3603824854090174,4.29265928802282,-1.526001451273687,0.7808095262698039,-0.09579170220061275,0.23854216860977148,-0.2104944745074359
0.0,-0.13042018425950552,-0.0063038146677240284,0.005660272688155469,-0.4713053242397379,-0.28641822302813813,-0.11019002822474637,0.05948661121902397,0.09191183538116991,-0.0032119468360433147,0.08213514057557651,0.035279188280651276,0.1595078648076015,-0.019463592832155985,-0.06810243529419456,-0.7740344114232894,0.008478373393416354,-0.0593373221896464,-2.7662691608439105,0.0,0.0,0.0,-1.281926599618433,-3.1909863798191545,3.2640265821584435,0.04861034475711226,0.16863913820428025,-0.42344826698142873,-0.3424098693200325
0.0,-0.010396924079767226,-0.04093637492492,0.007339012768923134,-0.47216763899136277,-0.2000315749095495,-0.11132668126649678,0.0877260438114119,0.10074956063613215,-0.16095952944211803,-0.012088150279939773,0.041410149152107875,-0.030326432701220745,0.03529631945988397,-0.21092119738871887,-0.2564392080221166,0.040530547994373965,-0.027422271981114764,0.7134433169347899,0.0,0.0,0.0,-4.055278968965832,-3.156588085301465,5.347041980121161,0.32970527802053556,0.2930264727912805,0.1028101529446282,-0.12231053422647037
-0.000571675797963096,-0.007724440864351977,-0.10700377152042959,-0.0023289677781473967,0.3332580934497932,0.07756512677110534,0.11626776631753313,0.09456931524738606,0.015135616591982226,-0.018455438829049,0.1755727159017521,0.04093678495823772,-0.004923096875444189,-0.08936536670148716,-0.31548674480011374,0.017751682276242922,-0.04420594621446339,-0.017235658294858687,0.8936279596008471,0.0,0.0,0.0,1.8431933811162557,5.0484231228159775,3.225619363690156,0.14010578526826828,-0.04408251526230832,-0.4399042172574127,-0.5276889839365532
-0.001700766169181848,-0.00444512865628264,0.0016065313963523112,-0.0033058979141317264,0.2738110552449802,0.02929122685669062,0.096212668591229,0.0624597128169447,-0.016788865465865256,0.15920576371239606,0.1441938726941799,0.04322794676050252,0.04525967549181549,0.25820547371940006,0.4455580324255898,-0.2721798778017405,0.23434669451387755,-0.013181803474435844,0.9167138593781279,0.0,0.0,0.0,1.9595703890506206,3.6574704218375547,1.3478522548066623,0.6657377120753816,0.13387652610275882,0.2788176715665991,1.352785046514326
0.0,-0.027531662072082835,0.02330141671881216,0.0059859204726840885,-0.6904738348339516,-0.2634581033175758,-0.09286189225393249,-0.0887708697379911,0.08165438266518582,-0.06978582544662654,0.0510223137619138,-0.04799757529114466,0.2878583865515285,-0.0009868135102896794,0.3434144697707002,-1.2132858227481669,0.06682872239885262,-0.06764879417994485,0.5035235579353705,0.0,0.0,0.0,-0.6434577236464125,-2.427528982672887,-0.5414848043806259,0.16149682752007505,-0.23171525858724776,0.1401126222195087,-0.3681801716890481
0.0,0.026705869608281634,-0.011062967287673064,0.02711501971926709,0.7572765207293323,0.3133692522984383,-0.04078471245187936,0.04098879172787982,0.0316021795068722,-0.12649267082582671,-0.4134733822376422,0.04201816812494938,0.32715569455792654,0.3286637924238656,1.4155197669060156,-0.008976633948766547,-0.034751132039790376,-0.04219712614204699,0.6278442516902487,0.0,0.0,0.0,0.9879399770942989,0.2259204797196901,-0.13410855002121105,0.473498874939113,0.2845214559489776,0.18434389485133926,-0.8171579094275642
0.001900702862795001,0.009509114522965054,0.0671410384832771,0.001933702944426019,-0.9242102649566277,-0.39175095847633173,0.23500018277128826,0.01973813650610395,-0.0613745321219806,-0.017580078399913705,0.1253410285660149,0.04868460613882862,0.13246082396698583,0.4093042605289506,0.5079993160224898,-0.42025431612366493,-0.46261177937937836,-0.01617568299162247,0.5259448774234519,0.0,0.0,0.0,0.2754220607423589,-0.07761970863974987,-4.009558204622757,-0.1522749521555292,0.48257186731457385,0.2832411595749698,1.3507192402670658
0.0007606627254981257,0.004333956035264288,0.019255977899847322,-0.008982660424754594,0.5099991627735405,0.19437661015562635,0.3061191077265531,0.03364981828964527,0.004052179810347356,-0.016347406226865407,0.08443518355812114,0.11244864114816108,0.002769783204007655,0.01586286060086512,-0.33330060015471313,0.12241939517674517,-0.004442199818715903,-0.015009461715086006,0.4903510273932935,0.0,0.0,0.0,0.7051248190039654,1.5508214079837175,-9.200335171547176,0.26389090661356535,0.2623378809630311,-0.16536200527603614,0.567438554969222
0.001711528728248153,0.007094597131700793,0.06895694853485701,-0.014828104174470353,-1.0899167344547367,-0.4245576644727437,0.010916531188830327,0.001497076031510918,0.004853909455755521,-0.01285045956407456,0.05277611421374936,0.09441305020719512,-0.03461759110152179,0.06583043591561662,-0.9314868686315814,0.062392370217123454,-0.059193192511593114,-0.01797316849219123,0.4869125694827123,0.0,0.0,0.0,0.3318348380559113,-0.05416018919432395,-4.243991399781472,0.2953791843071212,-0.05906705151209804,0.27489936299632095,1.054584717200376
0.0,-0.07714039900387676,0.006175204073489125,-0.003167931964054259,-0.5138132208003362,-0.32619634701865285,-0.11039749522624079,0.06963786923366541,0.07512607135133736,-0.019072106293668477,0.103500295332957,0.01772703676378384,-0.14996399949401149,-0.047441105950960134,-0.32736367175650016,0.14838682117724794,0.23320201207004265,-0.05673061188890574,0.7899781887182533,0.0,0.0,0.0,-1.4922176661225086,-2.0714098814187976,4.4257648641236,0.0937739040004887,0.33691500380550654,0.11304131032905726,0.8465660182151986
0.0,-0.00937224303667177,-0.0051689013566499796,-0.01450414725444193,0.43046179908032095,0.27656936026701373,-0.4068054977856183,0.04961583880117579,0.012975610741484487,0.007673828703944653,0.09573140501291524,0.03862197069306979,-0.12370582715004307,-0.14275459691037523,-0.038140356796576416,0.8356894008133965,0.15216087733066008,-0.036738458645533094,0.49212806603388637,0.0,0.0,0.0,0.4469160059037441,1.3609287349103942,-8.99732115729571,0.2794818962094135,0.20902565867715436,-0.031004188603885013,-0.04645206975277466
0.0,-0.0009804128945946158,0.009780185055953492,0.045873298651589615,0.6994746615187075,0.19586897877683787,0.40824290910884226,-0.017442462262183194,0.023415121761884945,-0.06857542288823118,0.1087679011553019,0.08179661181830901,-0.01091368232067406,0.12875479630482478,0.5596935729409898,0.1479888550988538,0.26093203850308905,-0.00884920150628297,0.7996663499933506,0.0,0.0,0.0,1.4232143099196586,2.4843936684832757,1.3779493187982546,0.5967285400762411,0.4380154165222265,0.13627051068553378,0.7002465818275765
0.0,-0.014328869609657569,0.0034107970135335234,0.014006487498786536,-1.0631603308495567,-0.6729672362265914,0.0025792662338032357,0.0036251125159177896,0.04200748827293302,-0.10269921232493343,0.07800215868862456,0.02014347496747278,-0.1826856422934218,-0.1275269832458287,-0.3063200504276613,-0.14967957796240197,0.19260796704803407,-0.05190494029338903,0.45779359430301336,0.0,0.0,0.0,-1.1930092593735278,-0.7611249349196728,-3.9450773575189535,0.020470262020413403,0.020071906373808915,-0.2560396164760466,-0.1477485651022173
0.0004303837697469686,-0.03636866134755751,-0.01623758317988571,-0.0011624150414684328,-0.44716586120191804,-0.21942087141388086,0.11688027598088233,-0.2022833489528602,0.012012002871226,-0.01494639446278691,0.09745532808860234,0.05922092244814696,-0.052710815017453,-0.04507603137469649,1.201781867698111,-0.006433416986524058,0.18770148534094536,-0.013628385602003353,-1.9485250222044905,0.0,0.0,0.0,0.37335893647244334,-1.3266983456261097,-6.816675624425657,-0.38619679475040153,0.026500243515023447,0.17082021859886348,-0.44378228278244136
-0.0006868268271304693,-0.007471167094675358,-0.0328843416920944,-0.0009458014791056865,0.16792662258763566,0.05591830902648815,0.01844249821350621,0.08705660009375282,0.017028592738015318,-0.07969548029511334,0.15125002901856294,0.03025642937259128,-0.0005822457133610422,0.02444693312042494,0.6711374563648053,0.0918188176173273,-0.015394906168521969,-0.012726347320517837,0.9677097579699314,0.0,0.0,0.0,1.821989021591964,1.8573178629580323,4.669886144882442,0.2562729687681505,0.3907820108710449,0.13260821582073995,0.7400215759601587
0.000609354144339087,0.004170380935782154,0.01763686908316233,-0.02605612793453556,0.3934291508507612,0.18242890332732034,-0.09306962473627847,-0.2215131121503983,0.007741861623308477,-0.038123345262925726,0.0585473522630729,0.09069897091093777,-0.04284534884947827,-0.13995970056612783,-0.5582851526676887,-0.10105032069110317,0.04581187601109379,-0.013638877795096515,0.43979355995518526,0.0,0.0,0.0,0.6950662535745641,1.5237661520900465,-9.114648485412967,-0.006556777387410567,-0.5444955161940049,-0.13702870256915708,0.1552734739560992
0.0,-0.0007524218960151642,-0.002041063529915972,0.06007953085506733,-0.4670081967607774,-0.1815796273625958,-0.1365073704227952,0.05885695463433671,0.048287705398880894,-0.08593062928594211,0.16125739707121511,0.0694024350277876,-0.14928796965646177,-0.045088633216468325,0.34820169580797405,-0.05070802906279807,0.05014771533596157,-0.01599629052089493,0.5725778746891287,0.0,0.0,0.0,0.962255985450624,1.1338320707487088,0.3282925467479471,-1.1307864875943643,-0.41928189554334655,-0.012906171194399881,-0.43865836804331704
-0.020585252779613743,0.005893180662416535,-0.04635094961030118,-0.026033345689013734,0.36370038301601193,0.12988723122236523,0.06822599789077491,0.051420944702871174,0.010744073877529193,-0.013142766204546406,-0.10888955540429138,0.10022563533465856,-0.07692922276269433,-0.30164206937135246,-1.4972102027521763,0.03870050424436433,-0.20653726794367,-0.01661310673688966,0.5898184497536171,0.0,0.0,0.0,0.7600349614590838,-0.8041907652293501,-1.2966290964468015,-0.21838080986759273,0.2527656121330314,-0.07778601275466566,1.090235037477253
0.0,-0.0009853555929482634,0.019564171821283317,-0.0370386395124987,-0.5065764963683096,-0.2884043370220753,0.03945820005326556,0.031243127197722487,0.009005811113468857,-0.033345004862666824,-0.14218863324167438,-0.25745823006854845,-0.03747676385282287,-0.001348231450271532,-0.519896836249975,-0.24429583280670408,0.23963832003200233,-0.011082086218039694,-2.147027403251228,0.0,0.0,0.0,0.40331352622594774,1.3490894453308089,-6.48418041343336,0.4133691949568665,0.10407852743548789,-0.5103736748585085,-0.06527304526338838
0.0,-0.013372673501691086,0.00436284402817641,0.02566662117762346,0.9946719610946767,0.6628752205535708,-0.06483527981595999,-0.08085652411366083,0.0663704997269121,-0.10641728127637563,0.0476600290772267,0.009179259528653977,-0.12290945897544395,-0.16312175296215967,-0.2096174611785914,-0.1180717893459683,-0.19794862858011242,-0.04752507964094913,0.5967503694437768,0.0,0.0,0.0,0.7329229233128893,-1.5401999346615596,-3.4161843963229352,0.11563923358205237,0.1329522775549126,0.16839638052204062,0.9781250767760225
0.0,-0.01561597168939654,0.026313544728324697,0.021182167117322674,0.5961813662630937,0.27366417957772954,0.11383148372312522,0.022719580511577887,0.027761525669551743,0.02018282845972244,-0.0664995333780996,-0.02401936476911025,-0.20490152622367616,-0.17513503660245805,-0.005664882260913806,0.021690759761084553,0.19972536026120827,-0.0427734417881784,0.7198307381512042,0.0,0.0,0.0,1.386695992325258,1.1475743428001557,3.7357922379456343,0.2808300699106737,0.2808312128494269,0.4533665500267534,-0.0883481620665419
-0.00328875849986551,-0.007906315668367215,0.035269103447598815,0.007531199397869623,-0.22598664407741195,-0.028246640189907066,-0.022890241820558776,-0.1907592676354279,0.0519086353974746,0.053823188645455676,-0.24349930083162272,0.013572042805989577,-0.026661429122773528,-0.1545694594811131,-0.8293734408363213,-0.038311895061662285,-0.11495244460938618,-0.024241454599778618,0.605048621322982,0.0,0.0,0.0,-1.7535236873937317,2.033448488452843,-0.48694702423665054,-0.6891796127863368,-0.08339161961052705,-0.2447720189005,-0.4489846649535167
0.0,0.002892484104215504,0.004260716112829804,-0.01587067293741755,0.38106847868216714,0.21628105473739478,-0.2360609580477387,0.03049351602367314,0.027172640140562667,-0.06062035797309316,0.013199002868882485,0.03583684096922917,-0.06611571043561738,0.0017868510086316508,-0.6049269378230432,-0.05564085675461743,0.18774688852001914,-0.013898418604168907,-2.0757111314039762,0.0,0.0,0.0,0.6279664284673667,-1.328624093454887,-6.257246283741668,0.3908594324656313,-0.18251861296624572,0.014546209600101832,-0.49054883393884957
0.0,-0.013077403592490756,-0.0023949455800438293,-0.03054114446764966,0.3826091237062752,0.27910129111092474,0.01866555154627118,0.03933285491499098,0.006647404466387742,-0.07713522783450874,0.001656062283453354,-0.12794423935297197,-0.10030574682207276,-0.15267328831974258,-0.7287441626858958,-0.10100350459787177,0.1546462921796869,-0.04130279413196594,0.4890086365126431,0.0,0.0,0.0,0.6382737950021652,1.549431700397467,-9.155971101738615,0.4331156404640658,0.25724779805886083,0.15929748556404152,0.01880249201899656
0.0,0.002892484104215504,-0.01926991639766136,0.03347395348315463,-0.44517173563331414,-0.19745230630746757,-0.06957382289955755,-0.03096795346261756,0.02891635481370602,-0.12176369155788165,-0.06427462051258792,-0.36763610137023006,-0.02072233868979686,0.08147542419923623,0.7047874880907588,0.17621688503804567,0.03896149980488246,-0.01981706356111403,0.5661157233146503,0.0,0.0,0.0,-1.0731808630642918,-1.361382991625917,-0.24597729314698802,-0.33076146901346387,-0.14591731806813457,0.26482721959517747,-1.0714785216457061
0.0,-0.07983336342535705,0.01234381324034616,0.009631068202213275,-0.45309165543357943,-0.196701097810617,0.02316750182275344,-0.031094333666837354,0.02255913108749266,-0.0523762454506228,0.04458775643556019,-0.047746606089098295,-0.24579542170680818,-0.18130514586900695,0.45928722230333624,-0.101623710968007,-0.16235229454615988,-0.04827997027298546,-2.1366668718424635,0.0,0.0,0.0,-0.46331710621236744,-2.5892094565438177,-0.3436019338002304,-0.6201079188916125,-0.11527317938500169,0.012042975995348284,-0.5390569506998055
-0.0014062165572669583,-0.004489185104432762,0.09525769230755081,0.0015526451854315974,-0.3827058586349881,-0.05749304614758206,-0.06154392207378506,0.08893971607405715,-0.12522554591902835,0.012994969616922621,0.16933467214095624,0.0539789881831889,-0.07667653678800941,-0.13622579537216584,-0.7016762161598337,0.028029300822401022,0.23811921608618372,-0.016291084181679644,0.6968616615013407,0.0,0.0,0.0,-1.0137662243302827,3.879192857416544,-3.714115828563908,0.3764760250099367,0.01123719155884481,0.29632737138295834,-0.13142387148722873
0.0,-0.012670606231839125,0.012749411464424484,0.05010573796267778,0.642011632973103,0.2840400824735258,0.040233908799129,0.046997805647317065,0.017094212930749378,0.013841355622189737,-0.152712190342229,0.0864517858208349,0.31870844882645316,-0.1291612640180316,0.6607692442715738,0.011235019058031414,-0.26511614245494264,-0.03710598214269628,0.65809410442856,0.0,0.0,0.0,1.0675168859358821,3.1635936880990068,0.25884321949224615,0.2229888603103727,0.0895398388870419,0.21913343442542682,-0.2354970139797392
-0.0009509471228345339,-0.010152511013418882,0.12579469546591507,0.002282580257870751,-0.2120576868746746,-0.03827123592240248,-0.16358545909544855,-0.05276155190311082,0.03233992554892856,-0.041806754043344045,0.1886577980709736,-0.01428207292287097,-0.05074802016776134,-0.15300153820690393,-0.9981522632124492,-0.7659015068838401,-0.09440115174866413,-0.023048683185431077,0.8019933867630121,0.0,0.0,0.0,-0.9033265664268372,1.7356215910180124,5.2764344821727605,0.37042129993405604,-0.770076102119473,0.36376916423641886,-0.14148898207242855
0.0,-0.0007524218960151642,0.002791788705939601,0.011346517074903379,1.358678667544683,0.47834803698534223,0.13685411163357764,0.03359156027712325,0.037732763087082136,0.0700922985088422,0.08779036531772487,0.05390749666574123,0.06837395850624339,0.16759927367949995,0.49821968194119265,-0.365187330785626,-0.47033336556510225,-0.014120037113560305,0.6934053442563495,0.0,0.0,0.0,1.0012703805012735,2.639448549045578,-1.9431289100357871,0.5855651103271898,0.005990008831682172,-0.12466776676597376,-0.16281663785053033
0.0,-0.0009829111838494278,0.007987766953005215,-0.05174335124390708,-0.5188353448573207,-0.15906319108941244,0.15737987822237914,0.003088001822590812,0.027263041895466987,-0.11323109273149295,0.15085518061656347,0.08072742312892896,-0.019709368752622598,-0.0665913587150236,-1.4671696097251965,0.13190499740135592,0.0775093235743357,-0.01566630688719689,0.6661851614658052,0.0,0.0,0.0,0.9346297139176821,3.0300087846324555,0.7775041012999532,0.05487830558567965,0.5343397540236063,0.14985716742923927,-0.43876782734300296
0.0,8.778838790333911e-05,0.004366308566831222,-0.01610528881990223,0.320582374418167,0.14295085811073743,-0.5485983893687993,0.005987087953159645,0.019123158785638653,-0.06405953889203937,0.18033233381605937,0.01687943411656323,-0.060244339705903496,0.008858235433286774,-0.7344221946172789,-0.0453678842838123,0.1161896091433081,-0.01145625838029969,-2.099114472168887,0.0,0.0,0.0,0.38272235190655624,1.7222887499600337,-7.405567267141356,-1.431313760245632,-0.10304471469957222,0.02253377783334461,-0.10894593077441359
0.0011366405856591197,0.01654515692974218,0.06705800222652465,0.01735662947099911,0.3388675342608661,0.16173596256930534,0.14989274686165116,0.08897734168366178,-0.010436907868022772,-0.02956704616809136,0.17920509845832674,0.1115198231348082,0.3635306743328014,0.4937720321549174,0.9603215818028774,-0.455263182776385,-0.11617806147628804,-0.018352776889198924,0.6008550493649155,0.0,0.0,0.0,1.21448895257234,-2.0907828572318548,-0.22557529223685913,-0.16805929001972084,0.4316324029155778,0.3162370446354297,0.17016107060095412
-0.004731319925254701,0.0026793064115671135,-0.02993366411395856,-0.058636027498916034,0.4564302068721868,0.20732328852647128,0.06377722369180834,-0.11134162256410249,0.005359964014895021,-0.06214687874766246,0.04759888207709529,0.03421768565870261,-0.1030983514864751,-0.14879561167355718,-0.8895031343714982,-0.18020353271407646,0.33372539768120446,-0.054810147121327334,0.3987610191598512,0.0,0.0,0.0,0.3549245139641709,1.892225838122324,-8.358478159365687,-1.251745222442324,0.14474039221353088,0.11792566684108391,-0.3033157593377927
-0.0024510800129196363,-0.03155914134801185,-0.03615477963257142,-0.001119923152477591,0.3948043708929155,0.05305156971317855,0.47068452404543176,0.04664014808545624,0.008862702457675724,0.01970784435764804,-0.3428722535353958,-0.16269771556107487,0.09049206683773327,-0.11598478210506293,0.5536722610843409,0.2199975967065231,-0.08213917840972586,-0.020482427934544988,0.6897590871378834,0.0,0.0,0.0,1.7996023521381075,-2.771073086428141,-0.6990490413571616,0.6409576186317879,-0.2035617874400206,-0.08196325309713344,-0.37125466129071494
0.0,-0.04210696508791819,0.007680525501547167,0.013820171832568682,-0.5824795150709003,-0.3008289991397737,0.020715093186980362,0.039156869600807796,0.026493304279130332,-0.03630171952385852,-0.18200343558977322,-0.05976094824776549,-0.22301364458256193,-0.11372314688574495,-0.08623446609646927,0.05061283507425607,-0.03092880024424485,-0.05625701353036629,0.5922891257218301,0.0,0.0,0.0,1.2939811578631844,-2.7193148038264905,2.8818090156139866,-0.14933501341788197,0.4645636650880162,0.9007352230641367,-0.18968380875128388
0.0,-0.019496628219349638,-0.006722791686566214,-0.04534368859096323,0.5347038247001772,0.2938130144825956,-0.07424833166242438,0.012401035490985559,0.037847981305733525,0.014578078948282223,0.09402103250848529,0.039604653400634834,-0.15317586682626946,-0.103105989573502,-0.34642651975762057,-0.022863364398585707,-0.0910399339061991,-0.04448053518791128,0.7188422442232699,0.0,0.0,0.0,1.0913897675268287,3.555091222095204,5.1254878679596505,-1.7988345495268852,-0.206329386508881,-0.12658247029230027,-0.09984098324336753
-0.0009712542840859308,0.1310255453709067,0.042843867553939693,-0.001119923152477591,-0.2685712368622796,-0.049002731702804524,0.150109342738663,-0.26374735416150685,0.01035927075534039,-0.1079147538591428,0.15333581803151247,0.02161387651239502,0.022436867262109965,0.12600934063340757,0.6059408791139749,0.45130146632196,-0.07326504811744018,-0.02427751051589254,0.6185375409456795,0.0,0.0,0.0,-1.5156393716237087,-3.704259028751081,1.677466590274017,-0.13259374967747484,-0.10580281135549006,-0.38247788850292863,-0.8414721784982934
-0.0007668624459255697,-0.005690920589150168,0.03559333691944616,0.0007509887619083031,0.19706181411380294,0.041913860299867316,0.2551342073152127,-0.1276753011809043,-0.12953692192003335,0.1408613803765688,0.1157862126732439,0.023746858603612933,-0.004626875129576915,-0.027401188994419193,-0.6340092352323803,-0.5362492207197713,0.12931282015899515,0.42272666947193926,0.9409394327575205,0.0,0.0,0.0,1.4748812544361156,1.3025498865571614,6.309219456815952,-0.816435690252544,0.12856323316573517,0.07602293474435938,0.7339193884374637
0.0018536114665129158,-0.010614329981468168,-0.031741703014274494,-0.0031319698638943177,0.5524102381038639,0.14095272068352294,0.11640872023876186,0.07238729943546325,-0.041454825919465886,-0.13455622673517387,-0.29592214826593916,0.07836888129989766,0.4262469698469865,0.494606913689723,1.2306607991608525,-0.21481714687288167,0.05031284522276,-0.015513046998008208,0.7049724226528856,0.0,0.0,0.0,1.0648979613515543,2.2964165232431495,1.2069619831327976,0.6396798396460147,0.11126019543648535,0.21364444412741054,1.0207835263019969
0.0,-0.0003578672950897635,0.0012464716384839585,0.01917084214595755,0.7326160038644544,0.3528983715117638,-0.009133121233409763,0.0480969499783191,0.0396234353872123,0.10232597463035621,-0.25019490811263184,0.14005248886731417,0.029482044234189556,-0.027593386047517154,0.9466259420965837,-0.21449929359454448,0.2008807607058936,-0.01841166471415204,0.5460851729398776,0.0,0.0,0.0,0.8221892176904072,-0.06935895844725702,-3.45638556136248,-2.1809671057255433,-0.05079926853044036,0.10136929814869673,-0.4318969326082059
0.0,-0.012749908045653124,-0.0005269058465979653,0.01192157822250998,-1.1111235488964157,-0.7249583010690994,0.026712916004344642,0.013326038761254036,0.03177735435421113,-0.12269871564336132,0.12476115125901006,0.031868077097238975,0.26265867133051124,0.10214221305766358,-0.3325157971563271,-0.04000597975148971,-0.032348617155895154,-0.0520146901640936,0.4539833891140143,0.0,0.0,0.0,-0.38882293515393374,-0.6885910638514506,-3.845623728263379,0.32235867296447807,-0.1126759474001939,-0.5200574464260925,-0.8652072545664627
-0.006232136296487961,0.0037157776016651244,0.030665839644028334,0.0267249986536791,-1.150844279755108,-0.5895684852156844,0.07730219212121499,-0.18646877141052823,0.02330271022456571,-0.07998661105556124,0.04051520901538238,0.029063653235983162,-0.058543526256881355,0.03723394430397811,-0.43360156971133584,-0.15497048429085625,0.22253208138988786,-0.05826273638382053,0.4328068627763071,0.0,0.0,0.0,-0.8227360876193504,1.2079958897012124,-3.4005922055675173,0.08733438155762885,-0.09043437941045351,0.04493600818197223,-0.3786234742593637
-0.0015677922025795178,0.04918929603567479,0.003069965182478019,-0.0007546162593607661,-0.183477434639345,-0.042012416401513,-0.16849654491936553,0.16167174748394364,-0.027927822102983387,-0.03353529109418161,-0.3656719321635177,-0.013545724825662533,0.026028143471005065,0.20100632889806794,0.4224907029321599,0.09557530332677996,0.0543223642171798,-0.013337249131403604,-3.1754975432069914,0.0,0.0,0.0,0.5378823994382436,-3.2742405700606056,0.018540626684572507,-0.244749679502087,0.09493271648203491,-0.15974984101383913,0.9184830242865772
0.0,-0.0007524218960151642,0.01847016018959665,-0.03287840322856938,-0.5312964507971956,-0.21475227832931415,0.0013586864842437612,0.08415754953705756,0.05449549250979177,-0.13428226846827276,-0.00897833911814102,0.024277141195178525,-0.03437932232474847,-0.04619899929146662,-0.8061233139620106,-0.3291992206040154,-0.08194271703940936,-0.01977835044476641,0.5385133979509774,0.0,0.0,0.0,-2.2870190858028825,-2.831981357075143,1.1832165416879408,0.02174215657118287,0.015559564639677458,-0.38626183824835253,-0.3288712100748545
0.0,0.03590646528395623,-0.014453591393722987,0.011343392189359166,-1.0260299805606836,-0.6403046727430801,0.07881547028446877,0.01408770609872178,0.0019017520305321884,-0.018749614912480526,0.05928321063799989,0.017509403642485644,-0.12398612177516478,-0.1533953746630797,0.4188299922246288,1.3361287814120588,0.11066389191819737,-0.04494136519355962,0.5093231746469403,0.0,0.0,0.0,0.4250209050705399,-1.6980642583990215,-4.23704996783502,0.4619404503951163,0.14053436127845909,0.26363560784656526,-0.018393538056728678
0.0,-0.06034301294987972,-0.005773449831697882,0.0003066453650733405,-0.4701469438267238,-0.2699437064273138,-0.24949270454787814,0.12202148454473058,-0.11351927248560466,-0.044609302227335314,-0.16666808100279976,0.06292603083019646,-0.07129821484441286,-0.02628960785361213,0.1242691645424045,0.26341786862926414,0.13300114859176643,1.6857925661105042,0.6847348162362056,0.0,0.0,0.0,-4.167373252501641,-3.488016405125279,5.948006588200531,-0.26025932089205994,-0.2199876763791737,0.32796226850808213,-0.13794370194751915
-0.003194665354986126,-0.003956365736709724,0.004086879634551614,-0.001119923152477591,-0.18817326454707436,-0.048923363639612805,0.32089224021447127,-0.04971195759936688,-0.0024985429440573413,0.004332450146383689,0.1736388217141468,0.017887561355371964,0.03423566124606696,0.13534588499558714,0.5128606504617976,0.19834158107389155,0.09412397750703937,-0.017275127778088453,0.6034580541863636,0.0,0.0,0.0,-0.48225907421563796,-0.0626094624058485,-4.4696080830027,-2.0584069566181773,-0.14631170095514223,0.17651803106878955,0.6672306280486716
-0.0044010629520757115,0.007666749924937186,0.02443331409090675,0.013151623696438833,-0.45932009368601023,-0.17086263403927943,0.1792545307512615,0.06956260441927191,0.011392437264928579,-0.038764829147374974,0.10915230072989951,0.04109733774649897,0.08645411111920091,0.2283471359373029,-0.2571070084408781,-0.45433409621863297,-0.263538024693751,-0.06244206870922403,0.44683523217830595,0.0,0.0,0.0,-1.0426558166743043,-1.7806924856958724,-0.19417876366974146,-0.019824754549178945,0.19265364719151695,0.045589785954510575,-0.9302380558371641
0.0014110478503892836,-0.004656853858324788,0.011007908792776886,-0.004469549454352288,-0.3727958727812608,-0.18529782492602756,0.07760950988492381,0.05315651409380681,0.05296931283540261,-0.0857783922475822,0.1069229196580835,0.06789254994404884,-0.2236420510495977,-0.04334294799595897,0.6678526868674188,0.05941530952984261,0.47604995727847577,-0.028955982761471773,0.7448509015971145,0.0,0.0,0.0,-1.567419775252684,-3.0878371496826027,6.4748300104684535,0.3277280198969307,-0.383444351282377,0.5982888208409617,-0.36591540778126613
-0.002249872280834376,-0.009662580929191337,-0.1188516795387988,-0.0023289677781473967,-0.21368275999668163,-0.06956770705431786,-0.0465523764653495,-0.10556297028237249,0.009615592184453682,-0.025806499348932883,0.16898367482488738,0.044350497934609746,-0.029714912091257345,-0.04365794727073997,-0.4442476896722709,0.021021635345591237,-0.07621994855344788,-0.016909331978231818,-2.59828018226266,0.0,0.0,0.0,-0.5137013420552777,-1.5327672345741399,-3.3781586969345385,0.4421015661293154,-0.044316203920199436,0.1610949012165848,-0.25282070653176314
0.0,-0.0007524218960151642,-0.005091041320548863,0.041041193418729215,0.671980809862328,0.21907422748328925,-0.015729969087573865,0.033563481670882835,0.020232334630965427,-0.06507839868131375,0.07390787270322483,0.07436017059416611,-0.05513891665250161,0.13576598084851313,0.05045369051893938,0.08524074044642731,0.038576781040487666,-0.011100687173982982,0.7599051633106625,0.0,0.0,0.0,1.4693095630165616,4.055207501872128,1.3991818576521637,0.6826309840677087,0.011880800022822963,-0.19168134466852255,0.18231918254875368
0.001275724554646508,0.003905807167392021,-0.010362506701944212,-0.04580395762780443,-0.614065604722837,-0.12141218619472653,0.1926862075663092,0.05096640646144631,0.012080236462748308,-0.02292396084778831,0.029145690568823514,0.1045154285005597,-0.1716258994946564,-0.26945842369919637,-1.0234826299326187,0.09094976902378087,0.34161509193578427,-0.020310522629174262,0.5696862695307564,0.0,0.0,0.0,0.8405644396695189,2.2492338986744014,0.45839137124940915,0.37625858670248113,0.1442886378565454,0.1624974404812113,-0.323016501144567
-0.004620693110592544,0.01270832874683179,0.03175405420749131,0.007109480270862737,-0.41378587107951725,-0.18044470989879483,-0.06340416682534629,0.08438399971948511,0.01607323094745547,0.0037986304698296963,0.10873351945971568,0.04321319221727324,0.09772529748606255,0.08442885140850726,-0.36200362541155995,-0.5663386857176915,-0.1984651288143137,-0.06371137400377634,0.48616745292935337,0.0,0.0,0.0,-1.0143096147030906,-1.5534090543831947,-0.3066808951093454,0.4722836638053739,-0.0002369067894026928,0.18504080744613052,-0.45543684908839654
0.0,-0.0007524218960151642,0.05400796264835265,-0.04260149620304607,-0.46361252090812205,-0.17809971698732702,0.08173913430304836,-0.03109927587331844,-0.18103600578871315,-0.0972629191115611,0.22760029493566342,-0.06452751352304958,-0.02210859810470307,0.03837362635135203,-1.0033075420541493,0.46680818143013225,-0.055334432969815585,-0.022277650105896087,0.8027220241643072,0.0,0.0,0.0,-0.6330847409679359,0.20696843500701684,5.991324167689706,0.31634455944081513,-0.5279407584014877,0.2995307774499014,-1.1040504466813612
-0.006924940488239127,0.00442310493278172,-0.050013586732294335,-0.04491839015442856,0.9013269648274355,0.32108528137194664,-0.12874652841711326,0.06907191106284052,0.015749846160042318,-0.004888779913432729,0.006232967827703161,0.04028356402420496,-0.03865018071666154,-0.018546222316588656,-1.323368949600635,-0.21611843366417288,0.23883535029746605,-0.04927863666531484,-2.378688530547695,0.0,0.0,0.0,0.879243163624204,-0.03587831545684294,-2.7084008689012933,0.26737802417215506,-0.2063673869959649,0.02751882666434487,-0.14616517759031833
-0.0022241672054255828,-0.007916420997633393,-0.04403379563488509,-0.011296799096804432,0.18962036270705276,0.031185026512589923,-0.10548269553911188,0.024499400612784796,-0.046764882455310734,0.019634267872768764,-0.22597936311998945,-0.025877719678234084,-0.14035347136495707,0.001418679161228541,0.05387468184495253,0.05921411189970767,-0.2946487037922353,-0.019520404224336093,0.5558748023121968,0.0,0.0,0.0,1.254403397593754,1.3164007904425923,-9.258482830230967,0.36708999193913383,-0.4683233299048059,0.07526270860452086,-0.27816809950628063
0.0,-0.010923197220861132,0.008392579207059854,0.014074543862634502,1.0047606612935103,0.571774481545443,-0.35526349067682716,0.07469392454103665,-0.17957015659188963,0.1323973514322436,0.08607779061314115,0.029966954383128318,-0.2020823001457661,-0.19926721229442387,0.8131498872950638,1.082779698916456,0.04937159214760429,-0.036004452484059805,0.6055250089413136,0.0,0.0,0.0,0.7860744429428087,2.1183395210332177,-2.4574493952563903,0.39222370632625775,-0.09029188395312206,-0.016255180278848452,-0.4257982448259498
0.0,-0.017271003328997246,0.013413015338911205,0.024499282437990703,0.5928505758538538,0.3466661788815684,-0.07925106075137556,0.018100913316792408,0.025902534956149335,-0.10844691945008368,-0.14810143074408272,0.0032068749755274745,-0.11526627522573464,-0.09265830852294918,0.5169788954023796,0.005365150834409239,-0.1439463772101603,-0.040498246985268785,0.7267138253485739,0.0,0.0,0.0,1.3742987586718487,4.082077642471472,3.801411327064107,-1.0077069566858796,-0.05110473185634991,0.03496656255173661,-0.2880700958487451
-0.0020862515224470586,0.00232198121277869,0.017677051349462743,0.006216042068621381,0.5273265469825154,0.20412315913433,-0.3318041276786515,-0.13664898301626766,0.02170615322483151,-0.056001582999213366,0.004553863186443365,0.057221722214021734,-0.06106921893560084,0.03716274578847409,-0.06383794359672185,-0.07247059093773037,0.23122867546537673,-0.04086557239957894,0.6837624485990731,0.0,0.0,0.0,1.3203468223508035,2.5187595450278604,4.70200366628586,0.4839922779738095,-0.2916354120076265,0.1875898657238882,0.13181848880857064
-0.04179335598274834,0.0012416108442756325,-0.008161683928578859,-0.04295703670049092,-0.5548560787307442,-0.2644568051546733,0.19447524600891625,0.09819947508080401,-0.02290498573926202,0.00022734425936826014,0.09267634187105298,0.10858657290817171,-0.014540166177071195,0.0035410556115726467,-0.8313161356663417,-0.39080532711167343,0.08684248178280397,-0.01421780436410737,0.6504110292572968,0.0,0.0,0.0,1.1491253981756966,3.634558979700235,3.650475347731805,-0.307205083555067,0.19494489475993654,0.34472653399432124,-0.3781572940550907
0.00074158866862235,0.004333956035264288,0.014956516764861847,-0.005449180928538991,0.4590657253925685,0.18717163900638562,0.10289627444063584,-0.19804060990297712,0.009896252862407825,-0.1005245804708512,-0.20518262570059448,0.034491407126775474,-0.017969271597537015,-4.741076158934303e-05,0.14341025793828485,0.11961724157347996,-0.15360818184021283,-0.013371964810831843,0.4755514183672496,0.0,0.0,0.0,0.7686124864872103,1.602608064787525,-9.345956986667664,-0.0331264696947487,0.18337990647998917,0.10073102100030255,0.08660517912290572
0.0,-0.012476172338967605,0.02100451513084494,0.03201359812820907,0.729806030701595,0.2573225776939361,0.12135427530829102,0.046397634869914356,0.03541812155546223,0.013040085076751673,0.09067117682948762,0.03356172365950178,0.20703329950869642,0.22996737580183768,0.6236538568738299,-0.47533592785868606,0.16135683499181583,-0.032839572618164475,0.7270508135448991,0.0,0.0,0.0,1.0082694801228365,3.7305691610788325,1.1254301163868567,0.5623266243275221,-0.118350346202535,0.35861147703991464,0.8029457196036065
0.0,-0.001311786244434838,0.004399161661538935,0.0219987781058221,0.43265412930617736,0.19375843074415738,-0.041174462207225294,0.032801967752622854,0.03769684815198771,-0.06680484536089044,-0.2470812243007935,0.14822291810033494,0.4233837674181577,-0.0959217405279092,0.8256599617318492,-0.3789890583256457,-0.15717123839052877,-0.016911264224086793,0.4744284814990792,0.0,0.0,0.0,0.7218353264626668,-0.15347092325813738,-8.319031839277518,0.31928395227958367,-0.10631157463012118,-0.39439365964457507,-0.1519494217269443
0.0,-0.020372972144951318,-0.006146097997505188,-0.027110178280572682,0.5699084262391618,0.28915796087753676,0.013964925367550757,0.018730594889580916,0.03988030186939756,-0.006439275383996677,-0.20508847331505883,-0.2815386653321316,-0.1217893316900373,0.08940981943810926,-0.24365314977125635,-0.11145881579230914,-0.4739514714185208,-0.04016930245802944,0.6913989224634872,0.0,0.0,0.0,1.3162202770437141,3.9717407279707424,3.8547381106552328,-1.0652708540584441,0.16898116622860743,0.06108832315500748,-0.4809535548509839
-0.0007555650692798968,-0.023473241546526753,0.03431888984391489,0.0005973012940174902,-0.1306422032169764,-0.03934211563570743,0.034195910575348584,0.011891360287760286,-0.0664490174328839,-0.007348105078786855,0.12272564761091513,0.01585667027660427,-0.0705282414126763,-0.04223902687899457,-0.9260134623211987,-0.1239576561313746,-0.2357063928894057,0.13442780655795822,-3.473176138906744,0.0,0.0,0.0,-3.5821822164244623,-1.683576760996903,5.8165479402431,-0.003107329122344532,0.2761751147870174,-0.24103563017190582,-0.16053154675413317
-0.0008849581076646657,-0.019394848708617414,-0.044554471371070346,-0.001119923152477591,-0.24483786118457218,-0.054887459174461396,0.12279409980240891,0.10652596183538744,-0.22960477887068723,0.44114412611070863,-0.25589975813541066,0.023516598702244363,0.1345643172464109,0.09344845044311009,0.43199566881513735,0.1382868559491968,0.09941882717831285,-0.02541190060738552,0.6260351128621293,0.0,0.0,0.0,-2.606612973985771,-3.4506855701368613,1.4579903414683684,0.009025133529270323,-0.0027350553136124165,0.16790355483403674,-0.30572862662755645
0.000499308846397081,0.004383971048216908,0.009193454456728634,-0.003012821058347269,0.5398543408944293,0.19590025276121492,0.031184915585661076,0.05378579600202763,-0.00618341981759324,-0.02423731114269782,-0.2164031620340215,0.044841846142753335,0.0157181844631299,-0.06572688266868466,0.23390196759057377,-0.3201067668611496,0.19876843837562688,-0.01814557735617012,0.4296095836499881,0.0,0.0,0.0,0.9344122863523189,1.2501616434114997,-8.005680505685987,-1.0378712861179553,0.01808774512993092,-0.27140624127521223,-0.4501608565490371
-0.0011153960286878672,-0.0077741417471186396,0.049524221389043686,0.007531199397869623,0.14106531443208375,0.03734789110669864,0.03396727000183125,-0.18081986038420245,0.03683346806501272,-0.007920637928798773,0.1764478338924054,0.040599819985484314,-0.11020382497627916,-0.12535516677521405,-0.7958914652428183,0.04466873038757011,-0.05391786686128105,-0.014986043498474884,-2.6400179193545403,0.0,0.0,0.0,1.1660760575353513,1.239257623933242,-6.9824291305521795,0.1900669998856334,0.11532501390516044,-0.12251678684172948,-0.22511354092158495
-0.0025848731078105085,-0.010949296671778843,-0.03750388783140036,-0.001119923152477591,-0.21373486609256645,-0.038740052228538935,-0.023500829351305333,0.13372929776945808,-0.10567732661407575,-0.070371871761066,0.25621935882926383,0.03360259855542193,-0.07014963976118602,-0.11394318389690612,0.576205430523503,0.12388576972693054,0.06519376985673342,-0.020706735042578153,0.6504754062397418,0.0,0.0,0.0,0.5517995638437256,-1.9561192227641697,-0.839127806020301,0.6572889281312404,-0.16909389694086494,0.2666399588902575,-0.7174794571141421
-0.0070278200282265675,-0.03937696420247623,-0.0644106473725663,0.007471007003639011,-0.9088210396319498,-0.49110968620883066,-0.1438047055872617,-0.12443959714171673,-0.0017000119506636311,-0.0009876060960965344,0.1480737375104384,0.02477677788647276,0.059989477485783274,0.2065642002707054,0.5693716338878955,-0.12402892505025863,-0.12842224855886186,-0.056471783556861076,0.4313360322712252,0.0,0.0,0.0,-0.7076267359842275,-1.5644138491972106,-3.6693527663782066,0.3995690943091947,0.062330749231913556,-0.08432276009984745,-0.1271268729926507
0.0,-0.0007524218960151642,0.0001743910512925117,0.020916657803821768,0.39139001002442236,0.20048477064876072,0.31513828027720875,0.026924725551405525,-0.0741536218803305,-0.08693678528822608,-0.14837254566823285,0.09692952946946749,-0.0738427097475839,-0.009242776593437549,-0.13981336098162084,-0.00252868453560818,0.16838207022792734,-0.008428298168888081,-2.3676339978954783,0.0,0.0,0.0,0.36947918115694706,-0.7429756314134411,-6.937163747576332,0.3329928448539594,0.0117342051491271,0.0456830211777019,0.9430524193382496
0.0,0.08019309869624393,-0.004526432003651356,0.010037703097038256,-0.6290343537815748,-0.22291559301133382,-0.2021870184154027,-0.015424037886189686,0.05284795516702532,-0.11488238756557163,-0.41851939580569175,0.03046128896979393,0.3164574996897578,0.17923470221414736,0.40126564342864984,-0.432493392100822,0.11482470815220001,-0.05724310823506665,0.5103036644641847,0.0,0.0,0.0,0.877332380236338,-4.219705660191203,-0.3132991278805996,0.33804305000675505,-0.13101151634074926,0.058626375013940794,-0.210868777177445
0.0,-0.013385415571094522,0.008162638836531646,0.007366602707286234,0.5218264532115908,0.30342432873839253,0.12851183344146525,0.034589645941845305,-0.00383041818394933,-0.009243815992252666,-0.18964289873849605,-0.18737951505339168,0.18642431254306657,0.4887738742970372,0.5124610678925332,-0.6583280158443143,-0.22565673067690453,-0.04472987607646192,0.4860686128618397,0.0,0.0,0.0,0.4982756955172598,0.04885364103206634,-8.481582875400287,0.12852205353683807,-0.1640560423110087,0.12281747589245409,0.6456451419549972
-0.0030749022683428107,0.04138406351646328,0.022998718557153533,-0.001119923152477591,-0.25905586242452006,-0.03774062932525931,-0.0624733911148513,-0.13355520182265385,0.04850924238435783,-0.054968076660339274,0.18001392489944174,0.02087276497964083,-0.04988975947260699,-0.07974079821651374,0.7417654643926264,0.6242982074924392,0.013967349717483266,-0.021859227134431117,0.6104838911831334,0.0,0.0,0.0,-1.6014108669808726,-2.9241650982873852,-0.9763897524781728,0.45288902148806826,-0.28825723178925877,0.14098594129230477,-0.7695290438673964
0.0018727605469867857,0.001917158491533432,-0.008363431554479958,-0.0037381578526135897,0.40907214740479786,0.13053862636191327,0.03501466368303801,0.10138618207073379,-0.12384439961664254,0.3394812409744112,-0.10919530721810126,0.08616309897957572,-0.08321247918542295,-0.09580973423980564,-0.3691165642028718,0.15468462130441527,0.01071644718601941,-0.014445632274627012,0.7744163651399208,0.0,0.0,0.0,1.2546655742095731,3.2546006363027398,5.374201216680697,0.5258838755375442,0.37068954048906166,0.3663704089184562,0.5431314821031202
0.0,-0.0002277357019040676,0.00667605703951715,0.007562719848627195,-0.9130398255452282,-0.4330085479951824,-0.2635981462240246,-0.020714909651341453,-0.13366151624336545,-0.09370982712285926,-0.0956057936419766,-0.4911052220037919,0.11942556034335532,0.13093991198209773,0.7017703443022525,0.0377854148287514,0.21472034350895575,-0.011782767242116524,-2.316981076292659,0.0,0.0,0.0,0.43230316496987975,-2.5906158204735985,-2.995017409612041,0.2691029781540201,0.3607475812051231,-0.09571770117510842,-0.13361419864614602
-0.0011072256379900725,-0.007941083097757451,-0.04824961970334321,-0.0011199231524775908,0.1884783961641113,0.05169945658008064,0.029271610004246315,0.06913685124802482,0.017234802801080275,0.005759587007497151,0.1889693741735144,0.03585674770789022,0.06308757218286468,0.14163737560194586,0.26336668246997047,0.1366168501112411,0.10661788287954407,-0.017148267130561407,0.6400163499050809,0.0,0.0,0.0,1.3710148211168742,2.860360871720518,-9.580381337283173,0.2854700400037759,-0.15377420298671313,0.09917184690415509,-0.36781556016255446
0.0015626973285152378,-0.0449763995916518,-0.04379709366257512,-0.0006599970388862037,-0.31639647681497085,-0.1083889980763116,0.04931987195550155,0.11891825151792523,0.026601547049389666,-0.11913446961840318,0.08238922070596733,0.07059332337889414,0.028596138029203477,0.25766983069385724,0.5284641140777505,0.06213158890893044,-0.1435227810595671,-0.0231834792300393,-2.445404063245953,0.0,0.0,0.0,-0.6651592358379516,-3.397069292386376,-0.2565978254231258,-0.7442836049292466,0.18935007187160957,-0.20030034091935714,1.330916469412317
0.0009081267977872007,-0.0038859053900365485,0.008141517839793218,-0.006187407601859008,-0.33570625654923214,-0.16633094391794348,-0.2943037906082042,0.10356003420281032,-0.042037734762367655,0.5196992140630549,0.0687619730183024,-0.0019064756097864311,0.0005365585083771411,-0.08126220726191984,-0.04873335262179934,-0.006886191112540195,0.4120916153659879,-0.02195757935374189,-2.7216707575019954,0.0,0.0,0.0,-3.5774718764200104,-2.6216614876820574,4.230044831948644,-0.5180174294969305,-0.13341117991763138,0.3222102161926139,-0.2777633140277857
-0.0022605381152248707,0.001338023576836105,-0.013136847207927198,0.050435891087961274,-0.4722268477898025,-0.1783845540472763,0.24176813248158743,0.005601764360236833,-0.11641768136227032,0.3318983064644474,0.1553971780284984,0.07531801476331776,0.05211999645191631,0.051312731632292885,-0.618874305862059,-0.6032984842147202,0.011172299895869823,-0.06361980315518607,0.5536882647195607,0.0,0.0,0.0,-2.0849416753530314,0.3349417805281472,3.104951556191258,0.5583415857112133,0.4407280327852508,0.1774532401840164,0.06047152416876506
0.0,-0.01528673653480332,-0.007133814918140045,-0.030210640295481594,0.47793372401125994,0.25134623514520743,0.07468619138398895,0.056686644219732255,0.02239570864710798,0.03515869514628744,0.1624200667637782,0.0336877595199077,-0.1791049400262861,-0.06844144012936337,-1.0745144824301907,-0.05162153703482675,0.5347353858082692,-0.041152262415044855,0.6380074820250378,0.0,0.0,0.0,1.0363971806499086,4.059981266923443,0.44278734743482623,0.37484797573508605,0.04851187984593942,0.004712357027289748,-0.30119457967379726
-0.0010750923415567002,-0.005403054114021548,0.07273195980466077,0.0015526451854315974,0.19517678412572534,0.05366444274564981,-0.02294153677680558,0.06538764219078458,-0.058085550583411,0.008605650840603057,0.16282516873102745,0.046781596726875,0.019854418584581035,0.027717333740221912,-0.6392824101143317,-0.32593681447134437,0.15460393427390975,-0.019376277267361703,0.5985208674506451,0.0,0.0,0.0,1.3380047317181656,2.8610608219223312,-9.11791424291353,0.2441982989292079,-0.28305933776729164,-0.05167170791685226,-0.09620146690853991
0.0,-0.0007524218960151642,-0.00950915536942684,0.00984365833708343,-1.005346948067399,-0.4868241391862589,0.050356095841346434,0.055546682618928665,0.031147182098356454,-0.09425132391374495,0.013756159510158236,0.03288601998524941,0.17264740201157033,0.03924643604920825,-0.32904011114315207,-0.3101688970570606,-0.11564415461739212,-0.021754721915144794,0.472287760919005,0.0,0.0,0.0,-0.7962390309877799,-1.7038684906167532,-3.6177119375310944,-0.07747186554842256,0.06970715769064584,-0.2562981361663375,-0.34752283227928693
0.0009262828497367316,0.0045594305770460634,-0.026146246051391053,-0.0086668621725263,0.9668635328500325,0.338317989641051,-0.9119649650620386,0.04877788770042728,0.007339156693187815,-0.005564466380140298,-0.04864424083971235,0.08025813130596782,-0.10726804139020368,-0.2946200112486935,-1.1623042166120106,-0.4459708955166886,0.20580844630328246,-0.013150217034108597,0.5507810682334268,0.0,0.0,0.0,0.8621310807776388,2.2996545091006544,-2.5723316311287046,0.7058851489209734,0.03420917532610847,0.1735555528513917,0.5661875813109986
-0.005480908187082859,0.025807097539987015,0.15989315827373535,0.012602509354137485,0.9266361931583251,0.3534732411500716,-0.34707315499879277,0.0499780819582203,0.0056499045473795756,0.0002940330016897033,0.0856358918782172,0.029400543110815375,0.06445256761164382,0.22912464430325222,0.6368009878116424,0.0037158289003894024,-0.23139022005601084,-0.044440207310380626,-2.7711511211133235,0.0,0.0,0.0,0.9821231697970099,-1.4342915019806814,-2.1998895904621176,0.05320865148988831,0.6048059006689132,-0.027950793398094097,0.9219045652657812
-0.0007541973904931256,-0.0396843964866253,0.07875391430744334,0.000852150015929555,-0.16520255016053684,-0.044778776343300276,0.4970028777687009,-0.05477336927136751,0.056461724114785616,-0.014012891027397403,-0.15565238023442468,-0.00537805572032633,-0.0029730587173880368,-0.0039331152453620155,-0.2952283230400816,-1.0503547814100047,0.015503664474285073,-0.025360236129108607,-3.314493111324583,0.0,0.0,0.0,-1.6732711898843884,-2.7321443860243817,3.825602345691376,0.18388100981942815,0.5117471380944295,0.057292830042599475,-0.5036656397807762
0.0,0.003725996058515522,-0.017158377778361718,0.017166403466313693,0.5461837660412451,0.2246210101619943,-0.06652763793365943,0.08052460251772871,0.04428001149668437,-0.017364936098038606,-0.14248705057046582,0.07928103656254484,0.03445475671745518,0.010262407331947415,0.00574382363150714,-0.3598739996710918,-0.10043074583904742,-0.01559147598031359,0.8330365393913549,0.0,0.0,0.0,1.4424781062053413,2.2332095281209834,5.490067112818392,0.4659571789095808,0.18920788103202368,0.28553050713618167,-0.14328810918804102
-0.0011231555624732596,-0.005024532955692632,0.009718440447734417,0.0008322902211359568,0.341974419288194,0.03619111210985722,-0.03736071376553831,0.09654500321716136,0.006492194763964329,0.008261151853372967,0.14249781216987617,0.03238937163933923,-0.20130293913699054,-0.23123003452532964,-0.9079277579871692,-0.16937955113129038,-0.2466022110318065,-0.014629879140301866,0.7989401950841952,0.0,0.0,0.0,2.2960487136141414,3.712719026261918,-2.3311643321740787,0.4509153978355586,0.016320361040544764,-0.031217653493566987,0.613467662790047
-0.0021633908620071083,0.0138290719292313,0.02655957576568084,-0.002293141175752899,-0.5444898957556595,-0.21960593525757985,-0.07474872951790926,-0.1312807945175969,0.007175156651395025,-0.24221421827159978,-0.348176691279652,-0.044689788792426216,0.11703072265860927,0.11475487983174122,0.41163639886318265,0.26306237367060414,-0.23443577296953358,-0.055068451317437546,0.5688907544304465,0.0,0.0,0.0,1.1459423395305968,-4.2069857726801,4.797683054060174,-0.41563032688052287,-0.02060494032187679,0.10880509422600027,-0.2115865644989958
0.0,-0.0148701082574859,0.023285751767184382,0.01407621730184916,-0.42091028664492625,-0.16200325698931525,0.01311686159170734,0.0330728910110999,-0.07396279484728467,-0.12252820851354777,-0.04928202061810058,0.026037720724922633,-0.011972640051726779,-0.0051937500502322745,0.7757877821942087,-0.30614446565956704,-0.18660935326046532,-0.015482687310437922,-2.5162970312497364,0.0,0.0,0.0,0.7707996641943792,-3.649370166141726,0.13802308200557045,-0.3243074514103048,0.23131186778817986,-0.2531013058337574,-0.7960830615154354
0.001039531026223901,0.001139767255196595,0.01565806836825074,-0.008792624297736812,-0.46614716994532046,-0.22562314607852002,0.409243918473852,0.059103928574196725,0.05936551834849556,-0.04823721235200203,0.10256981562440276,0.05677795283526131,0.09006677706553086,0.040820694828673613,0.4494471070206553,0.018033531036357315,-0.3002645643416252,-0.032943190965797176,0.590490215860999,0.0,0.0,0.0,-4.437557305101579,-3.3071960224195105,4.976129039063226,0.41347316373867976,-0.5495906684305696,0.031866027391779135,-0.6393213703319292
0.001445366662797341,0.004752660763891009,0.013685952621640473,-0.003917139307579957,-0.4085010077039075,-0.1977124447473042,0.07853832603581329,0.10789825276274147,0.03794743851121618,-0.030286877065719787,0.12134161454031654,0.08535429218250551,-0.2145993058473563,-0.03793174983241998,-0.009940686025377902,0.1436345548467984,0.0635174877206064,-0.02097225981682599,0.6804343961024581,0.0,0.0,0.0,1.0951045884814097,-2.034968743854538,7.052729772819885,-0.16705678082663203,0.21689989652539768,0.20332051804021747,-0.4869358327106916
0.0,-0.013284423630325701,-0.0006188478019796698,-0.05403840270476903,0.5325136326783376,0.2609281665964493,0.03571254118314686,0.05346648190508798,-0.01158631512977972,-0.16177302572486837,0.10994677142519124,-0.013471709852288695,-0.21940293818289935,-0.28403820891133535,-0.358768132790784,0.07096041632449628,-0.5598346921195485,-0.04628557026577532,0.6113640810409167,0.0,0.0,0.0,1.004559333362144,2.783638704650569,0.05622090829721264,0.1863998840141159,-0.10773502535736389,0.35937772544890795,-0.5065727007205997
-0.0019713355596348964,0.004326111424551381,-0.030965875876071424,0.037327984952070487,-0.4599153278961781,-0.1735473049592383,0.08449905805160778,-0.2191563097940665,0.013637378248200431,-0.03690097637476725,0.12051901865656342,0.07201349691840427,-0.11652080540462134,-0.1792829241419577,-0.6037282495175312,-0.010851611228396821,-0.14593555558349597,-0.056887040110730515,-2.38181062469572,0.0,0.0,0.0,-1.9171691722886308,-2.175147181610638,1.6814287215887092,0.4311121750049155,0.6954790935502492,0.0844118447509583,-0.43266888711866375
0.0,-0.0007524218960151642,0.0025923669388483424,-0.017340848167676535,1.2247936482807251,0.4856731067789913,0.08380178449063215,-0.1247033579151482,-0.03529717962644201,-0.05238268439352711,0.12105413361199621,0.0815076909842454,-0.007643179080329229,-0.09402220544865822,-0.5833790036422003,0.3815189227671958,-0.08968406609619528,-0.011141605511215208,0.6801493553566924,0.0,0.0,0.0,0.8774825171611556,3.230190815967222,-2.6239992060535475,0.6840737712961641,-0.02281997719609137,-0.0006141669815618114,-0.7056964261750793
0.0,-0.0007524218960151642,-0.004023751708508567,0.010925424372283193,0.4160957719363744,0.20289075131251602,0.11611352998760194,-0.0027855079584120507,-0.002228569325510969,0.11520995976416343,-0.13446843830401142,0.0066624774222689455,-0.07184559089232756,0.00913073093203677,0.5521415324422531,-0.04172560083714352,-0.20773335885825206,-0.014240064012649418,0.4896750185046565,0.0,0.0,0.0,0.32808328761820466,1.4345579655917013,-8.58596690671238,-0.7406271964660982,-0.19768303023819295,0.15569975577678397,-0.1638212220805988
0.0,-0.011413488726030431,-0.01429430120460877,-0.06612153188439338,-0.6151165414423704,-0.21988785042440337,-0.4422673501277129,0.049678552862151684,0.02255584676545721,-0.01844740424450697,-0.01030275964577965,-0.06721166530515287,-0.18106192717449218,-0.26352674489497796,-0.6202461418667203,-0.9236610952820183,-0.2652601341474687,-0.05404250515369046,0.5403873082057621,0.0,0.0,0.0,0.8629107566505784,3.0714906094426873,0.3404556030936779,0.3678750670484401,0.1963878200370386,0.08708834036546921,-0.2717376693483702
0.0,-0.001089609210456869,-0.04844065427429285,0.04276133747976847,-0.4603318646887016,-0.1895066115437482,-0.10088479456895376,-0.06397048739987313,-0.14740952750153585,-0.04895799342687482,-0.002630063663439261,-0.011823778448910843,-0.009750037286816997,0.0592661565126224,-0.06318840921618638,-0.5098456248556064,0.0016319412307979127,-0.010965541686056995,0.7894200624044339,0.0,0.0,0.0,1.361857890689567,0.4393633402565122,5.245299777794381,-0.06773400218098798,0.1022412183206098,0.3009652206654953,1.4825258335968374
-0.003223254416982966,0.016385511636320762,0.021956550830681862,-0.001119923152477591,0.16380250474247046,0.05403250783227047,-0.1352278029360631,0.02201351639219352,-0.00011401558516018504,-0.021769075826417492,-0.22100645767581473,-0.026545866672208464,0.0847497355730886,0.05229815785498415,0.3394376362062613,-0.5547411528903909,0.17286385249244804,-0.022082483996526424,0.4882162376032405,0.0,0.0,0.0,0.07354578213201084,-2.15385268597515,-7.35644030463212,-0.0575016669329881,0.07116172325010042,-0.2353536114116579,-0.1504756723251373
-0.0018192015472515979,-0.006410675703423726,-0.035546485927587045,-0.0014502041301042144,0.3479228197325847,0.05668994255639834,-0.2686557844997603,0.03825451439080561,0.005816932370118055,-0.008115168337806535,-0.5500205242982326,-0.6719758858088318,0.14882523847749463,0.08465808627210732,0.4860400949021413,-0.4957219547987216,-0.10602376461910037,-0.01715687182336701,0.8235664195647906,0.0,0.0,0.0,1.8422496163378517,2.5646187647479572,0.8177320331744012,0.590561727544046,0.07515264933895448,-0.2949192326476127,0.9419010566961525
-0.0026554674987899467,-0.008297392670347382,-0.09438875978777875,-0.011296799096804432,0.3826812425333465,0.05608967480658372,0.003353694539100751,0.11717152260202361,0.015100167343259653,0.05998962539608711,-0.38902215408283075,-0.2723422124709751,-0.20642920620031427,-0.3364902697651338,-0.02748160481768288,0.42688174437222515,-0.12690249417886773,-0.02297416885482196,0.7105195333765231,0.0,0.0,0.0,2.3531493608741223,1.9610823306064105,-2.1886809416907256,0.48909213694426845,-0.16878937497962632,-0.27083365478237625,-0.4491488739265039
-0.006698724463249913,0.028823924635469417,0.025324076032635902,0.01253856394453964,0.4492456397998045,0.20903451199364287,0.20346087189667417,-0.07815025801109989,0.020606976098566453,-0.07490240846050562,-0.23972720740180753,-0.10750066060244841,0.32108634663967184,0.14265643559005928,0.49523535817676073,-6.663768956984787e-05,-0.2530503757586593,-0.050328494637488806,-1.7157381996038261,0.0,0.0,0.0,0.6470050272054659,-1.4468500374924667,-6.048642042813078,-0.37820524020778273,0.09369500070404353,-0.4531085122908767,-0.6005009127048683
-0.006928626181174966,0.0029494388588026128,0.012826790531035614,0.03252122371020577,0.4895530407738553,0.2160810001345776,0.16255369750376175,0.044787484127974626,-0.003715625095449015,-0.00446039385840445,0.08259425708159827,-0.09485203808336883,-0.06461652612644041,0.0169576201924473,0.10279254720964208,0.03283792889432162,-0.11527013681866528,-0.05153282263508547,0.40138040616780696,0.0,0.0,0.0,0.7491420069899736,1.6349171799654776,-8.771569583344492,0.3659805030064374,-0.09154747717252554,-0.5047530214271231,-0.265791405231304
0.0,-0.017717870042806942,0.014622574175495435,0.01924298704838678,0.5706554006553519,0.36881187627678536,0.04665583081063668,-0.11390172608715729,0.07604271095800755,-0.13397604120425194,0.14189199983013245,0.02207327944302422,-0.13842058873641686,-0.048365489888692034,0.6121030912849704,0.33146944908772796,-0.19974894971152685,-0.04223142454823078,0.7278065573487613,0.0,0.0,0.0,1.338684585225237,2.500921048102916,3.356633441851733,0.4211431155290507,-0.28893850270601207,0.21619892162659632,-0.29021099061554245
-0.0030427689719094383,-0.024774223807593542,-0.07888310090610519,-0.001119923152477591,-0.2919326926729977,-0.07317369902148538,0.22012901589666675,0.23247845890076882,-0.05686052401326226,-0.08268087814545001,0.22814650215135263,-0.11007484825123313,-0.07543570654380355,-0.13795323917094166,0.32535940655218315,0.4386620604829139,-0.07493188636085019,-0.020267752138223384,0.5510142031518795,0.0,0.0,0.0,-0.7146100851142279,-2.584800880840855,-3.8402556992042385,-0.1686265462700294,0.43133202804454573,0.04390984125120029,-0.5525517030947695
-0.005427712844130888,0.003742389285765858,-0.08005864059298286,-0.059697625814486815,1.1543789014883914,0.36312178840600184,-0.2860139794201865,-0.12863215739165215,0.01383135519069351,0.017063688872807247,0.03475251684071398,0.046475514086126005,-0.09617906483544726,-0.28454862445333157,-0.9936754521860133,-0.13196089372445097,0.19855176362497978,-0.04995100815235276,0.5335521377073528,0.0,0.0,0.0,0.949173516778783,3.0049808879571693,-2.279155071441512,1.2747671173616215,0.1587617402580023,0.3106496674954664,-0.23507457719730732
0.0,-0.04350487718072619,0.0015559276428919048,0.004227604107994193,-0.44250700448529867,-0.26102109125981715,0.34449506228070736,0.036169689457327944,0.052169875881740546,-0.004803580028514413,0.04143159243781402,0.03241594509499459,-0.10457050448476966,-0.05016578123855079,-0.04848831812623149,-0.03831793639220449,-0.09910994705992832,-0.0660372634872643,-2.794138660636386,0.0,0.0,0.0,-4.099319483263566,-2.6258490618784727,4.546422580291975,0.14480094226222623,-0.22742648381091646,-0.44654995969201494,-0.3514346380493259
-0.0035024392426182024,0.023631010072479777,0.12216760793929435,0.020175748989930065,0.4061273562301782,0.22090871877277832,-0.008561766762014365,0.034479438731113345,0.0053536828984459585,-0.01568199593699268,-0.06384977887508596,-0.11527165808627958,0.03273541233430958,0.022735048503865457,0.523638902749695,-0.024435593611464905,0.15232108523730253,-0.042728054477846444,-2.1937366783836305,0.0,0.0,0.0,0.6798011920200409,-1.1121651168980706,-6.684854174477171,0.339727786484918,0.047015710209014475,0.3732099449710979,1.2413748535603137
0.0,-0.010286631009925525,0.06836164386975792,-0.014096065402612216,-0.3929220927702958,-0.17444965554363057,-0.0629168661572336,-0.020268762606549515,0.0952535972814533,-0.08873577545199739,-0.00408410323975334,0.0435637799549907,-0.010422056141971718,0.016904768450479064,-0.35012181807663373,0.24651214675964891,-0.0030580428353181102,0.3051448989762059,0.7685960835727924,0.0,0.0,0.0,-3.382571960921075,-2.457687087167314,8.087653124680513,0.4469698539250003,0.1875432652257541,-0.19795535825267763,-0.1742701463615852
-0.000985815352553449,-0.009772420065977349,0.09782982062025301,0.000852150015929555,-0.22958521113643188,-0.06689928868458253,-0.19945441617353474,0.08683412758564495,-0.09882372246927901,-0.024488347255280467,0.10694187725443313,-0.07940588335925412,0.005686777214047568,0.014833038874545432,-0.8615164822784449,-1.1040519834784832,0.08041449638734421,-0.033278354235016204,0.6941463224085117,0.0,0.0,0.0,-2.1514627312047017,-0.7113974372594258,5.1886273270281364,0.3376289007925985,-0.09020807499510784,-0.7325514128371742,-0.3652742392334399
-0.005688046591826516,0.002745638882941811,-0.02618999509063559,-0.022691873727500915,0.48833862185628546,0.15375260130905705,0.17829907585632737,0.07823304211421044,0.00798035654014101,-0.03193605588372363,0.04841461638188061,0.06028133049129284,-0.1527658985411011,-0.14592501871779176,-0.7989661847717614,0.06727763951150473,0.13438805118617875,-0.04728883739120701,0.5449024333031418,0.0,0.0,0.0,1.1921115691532607,4.098360045742729,0.7710242782693059,-1.1601897475277603,0.041393086596377485,-0.11279366992397008,-0.5849984794463994
0.0,-0.014478970635255646,-0.018336071665049254,0.01016582151515355,-0.7679244754184843,-0.5441996948035751,0.19582299152638946,0.03767360530970947,0.011289042533546024,-0.01838824472719013,0.06245070529459719,0.02509310928337689,-0.18867165335894326,-0.21368237673475782,-0.02532709851562842,-0.09875210821341293,-0.08360785247860059,-0.0424977631864792,-2.293424078272412,0.0,0.0,0.0,0.4229943274719261,-1.7042002097595002,-3.5539426009526207,0.31204966876808976,0.20298267548728205,0.006037445613488113,-0.07002552693908902
0.0011514094409857435,0.003305393581534693,-0.048245486219981204,-0.0045687002965133705,-0.4479021189398405,-0.21974952447789217,0.15287367213790193,0.010877892142575335,-0.044588742060431584,-0.1340459874380981,0.06932006978267484,0.07945950216169241,-0.27079420813702554,-0.005205414912790515,0.8315492349750201,-0.21349556163002853,-0.14924250466868563,-0.023839966093263876,0.5936203761213735,0.0,0.0,0.0,-0.7838609518305535,-4.618503214697535,2.5478765209888117,0.1755936179186856,-0.15116463842404115,-0.3404994678029548,1.328819479414828
0.0,0.002892484104215504,0.019464133493606428,-0.017669685182193483,-0.4959497016863179,-0.2882724789568119,-0.5810202125508929,-0.06318835638164727,0.01981827635811921,-0.04220639323643279,-0.02430341670824803,0.03995592044654101,-0.02483225212471181,0.017464034068640326,-0.6150130303136805,-0.24271650554663105,0.1559728866536273,-0.012870808094622347,-2.0419221568900476,0.0,0.0,0.0,0.33762206625701874,1.5105463133853343,-6.199340510181463,0.3461664512256826,0.08490538540335911,0.16979020639691936,-0.7332478601811968
-0.012133171933922816,-0.004235915849704588,-0.011290078324027291,-0.024470788473783835,-0.5417982601531743,-0.26526191051505627,0.27498360788092885,0.053744522104937464,0.044384291654514074,-0.07423704118683717,0.1073405249008771,0.04883274088387658,-0.038127713100555786,-0.06525881223892811,-1.192059443888096,0.2591415330278433,-0.009885959321499865,-0.033154374160842486,0.417156215712804,0.0,0.0,0.0,-2.904190479611929,-2.4542799754454636,1.549449385405286,-0.46669278843333295,0.06241448403223455,-0.9037941588372216,-0.851394967161323
0.0015430256476987251,0.0011752720489166175,0.03038016474948399,-0.0028785955430806935,-0.44414199555078826,-0.2065808267148516,-0.08433061882548215,-0.17688231963811327,0.016884940704421807,-0.0876645958898281,0.06836543054087799,0.03670871678330543,0.01170124101447283,-0.02425791585840478,-0.6994582898277679,0.08717588649467077,0.1069990947848813,-0.026160994751397826,0.6754012004742012,0.0,0.0,0.0,1.0138318453347366,-1.8480996535711425,5.9222841494906255,0.0734768050772514,-0.19997980247932431,0.30631384368196357,1.1163159313401323
-0.00119352771962645,-0.006876099458422765,0.06044114608790292,0.0015526451854315974,0.30155784075444164,0.05732309312568161,0.039283336928210205,0.10000612687090964,0.006951459687881581,0.024187537466958568,-0.08953185618974717,-0.07201211379221135,-0.0008560365324522992,0.021361729105023416,-0.5126601843431117,0.10556587561772815,0.31021043398246406,-0.018096458290144207,0.8742696816746791,0.0,0.0,0.0,1.7849810073387384,5.573658702317163,0.8811315643330125,0.6732452173136902,0.03404770206185334,-0.28709797109810203,-0.3890856591414427
0.0018333591006981613,0.0012416108442756325,-0.005186158171362037,-0.007227117488887439,0.4674376505085219,0.20909165452876197,-0.12986779330117149,0.06923457260112251,0.02559192905241781,0.008600489823816426,-0.34399119790795757,0.037246751970859186,0.022157070209257043,0.012318178164778705,-0.5739166964279393,0.1434164178441032,-0.19798862130807504,-0.018901708131077877,0.7484318750192426,0.0,0.0,0.0,1.3381504867596907,3.2325179728053666,5.554705598171512,0.6691862371202923,0.3242439970976988,0.1973078960935805,-0.4235555769177359
0.0,0.02920833075994226,-0.016394928963843154,0.00823363783053219,0.47492788351236764,0.31793112368396736,-0.2730354872108458,0.023001400777818717,0.0011179279489632447,0.009733312586459535,-0.20799661619470894,-0.000959481880805231,0.19785077583316613,0.11804462865372162,0.46012866308372397,0.05020278679524702,0.034674782216674825,-0.037463119163431285,0.4973795518634578,0.0,0.0,0.0,0.6337722395329024,-0.9809861687773751,-8.399066994951909,0.3525820211454661,0.027600586059930068,-0.25534588932516067,0.7643128434352005
-0.002166614423162156,0.0062859490415911115,-0.038473661534464354,0.0013885341318981333,-0.5441941654722264,-0.23575629084239408,-0.271361334194817,0.0892153837137618,0.010310954018380636,-0.09109756964333919,0.12233732256354413,0.0634587232843953,0.05742769131874243,-0.006385121941679093,-0.12161067301518812,-0.6408208049787131,0.27609911228102557,-0.05600655317020637,0.5897685710394112,0.0,0.0,0.0,-0.5447470452527527,-1.6648270268049175,5.007698180565159,-0.33571031637060467,-0.06952465935063822,0.14366125483296605,-0.14667208275996985
-0.00276606399765381,-0.0031829974575242597,0.07866954963708367,0.0022039319427544844,-0.3164654348881093,-0.05138461238247114,-0.2829497787632218,0.010215386145419876,0.021518639990908032,0.16804595529837416,0.14235600183251268,0.047854718910593085,-0.02129678497190301,0.03728451976809344,-0.7947535276546145,0.19642644510951085,0.33663968870296684,-0.017320312702294813,0.8204444175032897,0.0,0.0,0.0,0.4580867051034231,2.249969717878902,0.80825754390207,0.48645701135630703,0.06113609061783952,0.10175190611954794,1.432675943575336
0.0,0.027424807302251216,-0.010682879435281765,0.03792447290266045,0.8291910092189643,0.3504889283698812,-0.30626827586650646,0.031679433704213555,0.06507045361269266,-0.14367272862507624,-0.1476265922115512,0.05522021918056394,0.23819297036992546,0.20747591303283178,1.3227482815945997,-0.05600218109235525,-0.44264041309597124,-0.039826090234583264,0.6483147733344299,0.0,0.0,0.0,0.9237287687196227,1.235773270388235,0.19927876215573084,0.27892057253591457,-0.23022151698984783,-0.2818754614526519,0.541199523180224
0.0,-0.0029039972265846982,-0.07352649169999767,0.008785505318575915,-0.403362010679256,-0.20599152465378462,0.04535645904118568,0.054006926536381415,0.07372528563883668,-0.0992916727665607,0.012598387666045378,0.03547792924411282,-0.35801474112650494,-0.21100313987769348,0.29560948687728306,-0.3810659672398269,-0.3582887145639774,0.31962007579073043,0.7653098949860258,0.0,0.0,0.0,-1.8953313834226801,-2.9645821553978116,6.895767357480122,0.0038143658083794976,-0.5871787632813236,-0.21794369299511082,0.5084281954433417
0.0,-0.0007524218960151642,-0.007316029850075738,0.01774533743134688,-0.5295433119962821,-0.20660173368026896,-0.08088181658062829,4.527815851462335e-05,0.046396739858442136,-0.1379040914531803,0.13974391474778095,0.05401835185046785,-0.12527706527577126,0.0046796891247944256,0.8856334021632054,-0.15513680833315907,0.18245245630318302,-0.01618085469260226,0.5796799394727989,0.0,0.0,0.0,0.8378965093785969,-2.9424397211146256,-0.020659824401301638,0.6294615287426467,-0.010583230701977826,-0.13708561244604558,-0.24254547317692043
0.0,-0.017802769617235606,-0.006727225674697629,-0.0333410966459597,-0.6605718001367512,-0.2710831533003878,-0.047732974407681636,-0.0024900160860385663,0.00034127270786487814,-0.12556370178419554,0.060257074895584864,0.012905962105590847,-0.17799355707198605,-0.13846234438891206,-0.209670165018828,-0.03445584026868083,-0.6006033505805891,-0.050039524062091986,0.5790344593275866,0.0,0.0,0.0,0.6891114102802653,-2.062879786245889,-0.7320495111169295,0.23292922503242555,-0.3443133866204978,0.6568168487087227,1.3291583117353925
-0.0033051038933341083,-0.0063750729608615464,-0.0009225206029314752,-0.0012484353317039354,-0.22150821425888823,-0.04550205055921049,-0.4030901341848034,-0.02160665393210355,-0.011276658900810413,-0.0288654868875923,-0.19907164304418246,0.01697259030579625,-0.07519409114820798,-0.04670961013725254,0.2780520315046847,0.10870594985904912,-0.04698342353983281,-0.019976828093521817,0.5465691648085735,0.0,0.0,0.0,-1.6834172282216633,-1.3215816207066515,-4.056022950027588,-1.0090432698990242,0.18379914827600452,-0.29804794897820575,1.0710546242769714
0.0018293614707660544,0.001326617441581597,-0.0050594323033541656,-0.009580066118930393,-0.5490114537367458,-0.18476027980804255,0.15534747735333201,0.06294209482670417,0.019307884969199853,-0.027628808397525927,-0.06298212793340564,0.040751283368769986,-0.14660692803862094,-0.15076264552664806,-0.943897871726574,0.06626648433257833,0.05246091805853666,-0.01877754300516758,0.6832285970841727,0.0,0.0,0.0,1.0672738994192619,2.954211443028751,5.865580669405247,0.43341858931484795,-0.28884340883145654,0.40201465408535697,-0.35610810812939886
-0.005258989938432537,0.007714495687883001,-0.016502003544426855,0.017283460682315295,-0.45839772623930497,-0.1638769605115262,0.06555116361089236,0.06565747958134076,0.009743530570792202,0.009942014309711136,0.30648573156019887,0.1451509885117905,-0.08177056727107083,-0.1921297978874974,-0.9485630396365694,-0.13445207900244174,0.01026349055341386,-0.054994087364514666,-2.1819441548230976,0.0,0.0,0.0,-1.4229610541014983,0.18660548776870908,-0.019125669409358274,0.40370864821502134,-0.1303013319442001,0.49357855302044135,-0.41392832166341664
0.0,0.03233424253500459,-0.0273082976580861,0.038656379720142,-0.5924209835244589,-0.26280234087579785,-0.18547894825275682,0.027736786270188826,0.02035752753702075,-0.04158281180390722,-0.261715275577552,-0.17258756626849972,-0.17750031788815504,-0.10130417297774834,0.9579144543194751,0.3506011605101411,-0.35675612881337865,-0.0528544607550493,0.6149160613813017,0.0,0.0,0.0,-0.43132433251108304,-1.5145479627569411,-0.7934496087857218,0.24432460732436662,0.020522060314391695,0.3586042117856133,0.5027939370941426
-0.005170782963680986,-0.005685565085004434,-0.029092445682019092,0.03726284656020203,0.4839025055735888,0.2092918420626499,0.23370881634346397,0.009825579673307447,-0.014181540458282113,-0.012518483457499993,0.1173295717675792,0.01878476188013757,0.07602274091726485,0.16465083863342447,0.6387184932873035,0.1568252409062889,-0.11731102441719382,-0.0493293871031782,0.4144802515613335,0.0,0.0,0.0,0.7596579937200143,1.3201997696143728,-9.029970302192579,-0.41847558556188963,0.00316880404168175,-0.08914878111795867,-0.2930892078065896
0.0,-0.00019211792904105449,0.003104212417432449,0.020441098943809095,1.3068861713571023,0.5213433834306354,0.1648993048863813,0.03944396181567832,-0.0391201066298652,0.34606305789534597,-0.16440532366933927,0.026668789720207052,-0.03972206575479785,-0.11822108461917369,-0.09649340927903699,0.12432997129937584,-0.19378097070854008,-0.012335796353106172,0.6943111559951972,0.0,0.0,0.0,0.9015882303418835,2.4650622583499517,-2.0452088055139632,0.5381198510537848,0.1633707821162943,0.09545494175461317,0.10823170953727117
0.0007775220567783198,-0.0015936911692144796,0.026579595528886175,-0.0036926438744058995,-0.36431448791917803,-0.20027837286649192,0.06227896235712544,-0.20479680852888837,0.029133902811078128,-0.1315733156940893,-0.19545008173926884,0.038000803540487973,0.0958249107207716,0.049003204586212046,0.4648932488387353,-0.17029913435424376,-0.19041147841582143,-0.021529604655118464,-2.616514431061603,0.0,0.0,0.0,-2.072028377064354,-3.3348820209790957,1.7769947029768784,-0.5781618341101066,-0.24905260244036515,0.32973585956238843,0.9796547593604984
-0.006121052617101448,0.005002445975407636,0.14298994404578128,0.03094226592895361,1.2597444996005915,0.4139086830422552,-0.07225879992170647,0.039234094220951046,-0.009664831791421646,-0.06432064394231567,0.13244330534282886,0.024107237472569935,0.0074159382898140655,0.26360746089271836,1.1066984123242878,0.09739026270544263,-0.31221812190469284,-0.04610379142223297,0.5708985310658433,0.0,0.0,0.0,1.020443275614091,0.9243684513322908,-2.181696038552171,0.40961491650601467,0.23498048093691576,-0.016660987430009055,1.2298629435199915
-0.000985815352553449,-0.038903409985480406,-0.023414258015794203,-0.001119923152477591,-0.271109290005198,-0.04998217435405334,0.7350065272412871,0.021105674882769602,-0.04181769355884206,-0.05619740846822831,0.2046107685739004,0.03483432741970302,0.0980686327291504,0.22527174633250316,0.2511950039197421,-1.0730478499176712,0.061785971614442214,-0.023253468575461816,0.6925426171976246,0.0,0.0,0.0,1.1117804491620888,-4.256121891709972,2.4642886518651967,0.3077328653971473,-0.12093999782072376,-0.6477304585863339,0.14356598889574068
-0.007307112724775156,0.0022657374841571713,0.014638083900743568,0.018524120237896107,0.8049274895506193,0.22929429666383033,-0.13976223480936187,0.042234903151547834,0.02897828030085903,-0.0048573888960262105,-0.5287480656545896,-0.14169194785926728,-0.0369706224235628,0.16715684222561908,0.17508648188823628,0.042630712860019654,-0.08896371851462084,-0.05360044403436539,0.49489915798874584,0.0,0.0,0.0,1.0673589912832906,-0.06546879252954224,-0.28023771835956623,0.48661434900875095,-0.21950962961261922,-0.8770313076709688,-0.5320882874313162
-0.0022120469163225648,-0.011009190318173432,0.005596957820165531,-0.00792998093023648,-0.6196997631499102,-0.22811490794038233,-0.1358435639237201,0.0927248373615236,0.009345133014606388,-0.0871125743251407,0.0382107360262488,-0.0674052583199117,0.1068235093940274,-0.04265329026994753,0.27430318167714574,-0.1184748108504919,0.2494275222545824,-0.06268335682936822,0.46820204801798126,0.0,0.0,0.0,-0.6807872371755842,-3.0976726687641665,1.844240984123282,0.2101078212566625,-0.4046379987947388,-0.7411389851455265,-0.5295213243864665
0.001738007305291566,0.005105006078497034,0.01651842018200163,-0.008061953236970967,1.0646196216781263,0.3519541913165597,-0.37634122735143793,0.04515278337941428,0.0040417233875780405,0.0008539590166152679,-0.20433593797413788,-1.890365011584112,0.059982939932856284,0.1483603797750541,1.0429065588264264,0.16847723480826238,0.13176087828899696,-0.013011141976298927,0.5567193039515798,0.0,0.0,0.0,0.8471333909489908,3.021404821214314,-2.4399933153746955,0.03234310496397262,-0.05507117962299774,0.13220031158957105,-0.13372983949991898
0.0,-0.00042010892762050605,-0.016881209103474605,-0.07718894849500871,-0.6374041801138463,-0.21590877103439304,0.23222776604820558,0.05334723416051067,-0.005388587442380923,0.553239705868766,0.08408361580510315,0.07992163496011537,-0.0017905540583642878,-0.08056684735150675,-0.8740178590367865,-0.09780682756140593,-0.22485893869492526,-0.008004168365824783,0.7165322211004379,0.0,0.0,0.0,0.9999641721251858,2.2498061901487088,1.0582372392026904,0.49844973940676773,-0.06652367521117956,0.14959213381683883,1.0546596737734504
-0.002201273106521543,0.002789524545899145,-0.014566363697102283,0.05179722562723946,-0.5329650922674556,-0.22733619305916758,-0.0815322180846283,0.10333983014468938,0.008444199052783014,-0.048159689145914564,0.10984150555778274,0.06080843175555905,-0.06041076502819217,0.011693369731719607,-0.5735014786690678,-0.21300806798051086,-0.11525500090805366,-0.08415837506558227,0.4551929727654573,0.0,0.0,0.0,-3.3704157178300114,-2.5900264804586195,1.8702816093202768,0.12397256214548343,-0.4110416482992477,0.22890719992365272,-0.4884947923587376
0.0,-0.013813557269451254,-0.0019833822071871434,0.02269284256702487,-1.1124818196826174,-0.7449144003723688,0.039019938727511,0.01997161962473129,0.005432916083609293,-0.1298072900097194,0.10066820767544608,-0.0008466314481370652,-0.06440878478393691,-0.16039174919031007,-0.14491030406868452,-0.0062101444899154545,0.2685458517068054,-0.04153573782516528,0.5798189492683246,0.0,0.0,0.0,0.33228290031058577,2.028030053275488,-3.9106081429275275,0.4909050231187977,-0.12320090029403345,0.3154837442027085,1.501124491032927
0.0,-0.1320944399188368,-0.003429621069246741,0.0043501508801248165,-0.5969604641619389,-0.2965162717881132,-0.16656046711069286,0.048702325462875916,0.108561943418628,-0.13539862824475674,-0.23494774990696096,0.057334662260053376,0.20207688120057948,0.05667789159857077,-0.05328863064270808,-0.6775828638317862,0.5810737145847195,-0.06546823629632559,0.4990636053595565,0.0,0.0,0.0,-1.8594782203095606,-3.4773786210903754,1.1843423673829427,-0.10846394683207475,0.12824403023931047,0.09460690125951042,-0.5781414197522143
0.0,-0.00019211792904105449,0.03273966917000908,-0.05288945633674891,-0.4355192139058143,-0.18129255213080192,0.4405877077203023,-0.05604151188369635,-0.1000917815504085,0.4590794774905263,0.04818091545455628,0.06969327795979169,-0.03207438520578591,0.03500781239223587,-0.43227417566164217,-0.4717624467748486,-0.0014478502115349307,-0.014585669516759606,0.8164793931612457,0.0,0.0,0.0,1.2354992793916657,1.7304461144075352,6.545524707147567,0.47525596265808306,0.15433446614735363,-0.046129591054265166,-0.26461488252906334
-0.006137914396110488,-0.008380941855611125,-0.09848888602038462,0.02714157651630196,0.43252568563185,0.20585079767987646,0.057850561997233096,0.027302063626630346,-0.0074044797864122065,0.014127810449339142,0.07211973204323334,0.013944786353277132,-0.03989693990008033,-0.2067881320911951,0.18152933874429283,0.5675364070141589,0.19846408764885562,-0.04332991350876142,0.4755258315264763,0.0,0.0,0.0,0.7383593955968304,0.9832406601408112,-9.072107491021095,0.4008382747124136,0.5184361398894203,-0.055510634606839485,0.8870569243849528
0.0,0.004173230281450497,0.00850115240994934,0.01971198867790251,0.5765669471111967,0.21903932153096692,-0.048873914258711154,0.01598514333953057,0.027313452703834975,-0.11836020714953778,-0.26750435269321465,-0.6696510013076564,-0.3322316413068506,-0.012685937515269792,0.717964716557369,-0.3624274749287499,-0.02654839165321514,-0.012379378183042628,0.6460038377170062,0.0,0.0,0.0,1.1297361237285561,-4.023705985047582,0.3580003094736352,-0.2919661572568792,0.05088052287748994,0.1576552573568681,1.3822357016182343
0.0006921843568159752,-0.039900162233282896,-0.04820540298381376,0.006546484085475411,0.45336104838002245,0.19947615336673255,-0.14870400835827544,0.021364419068206936,0.030735285366156447,-0.06990787229602301,0.12862010374840066,0.10274137206013598,0.03183019533068681,0.2286989861370323,0.9926173211910614,0.012905579287385732,-0.03624779025813668,-0.024667131165607446,0.5730889713124431,0.0,0.0,0.0,1.1456635172349332,-5.437241616070791,-0.7152655661063855,0.5014311477165193,0.23034486304078203,0.40189002465424184,-0.5831744982198692
-0.005472695087500265,0.0030690529373978716,-0.05237527366306695,-0.05552470151623847,1.1519730637845116,0.41159215992108605,0.03683444775839253,0.08823304199082825,0.008071069281410513,0.018392487907230616,0.07623714100230053,0.05192348400384316,-0.034618486873815295,0.03559645127161429,-0.9488688642670032,-0.22790451950553786,0.41795905124045346,-0.04892772566406136,0.5468376823852068,0.0,0.0,0.0,0.9226641136343186,3.1230301875832613,-2.7382352233512166,0.5279945067234266,-0.24139262680451729,0.12333845121129819,-0.22356311898752818
0.0,0.03062540121793845,-0.001504396168878755,0.007034995034727458,1.0342439273686512,0.6113549146680216,-0.11037539775710721,0.050264987854718945,0.044574164201029415,-0.09647487733572813,0.11259362009227217,0.019358764867962026,0.4016945014833301,0.20514894442069886,0.5788529099996004,-0.06541448872287042,-0.052555689832366546,-0.04813989676655883,0.5762553635407291,0.0,0.0,0.0,0.7299861350697712,-2.301328093134713,-2.7299037207260946,0.11258926826429069,-0.25976226492426396,0.44495099954309275,-0.10300669010689062
0.0,0.035528297060794384,-0.006758646409256332,0.0164407038045069,0.5875714395634802,0.35976755358123735,0.12087984520059489,0.10287217181711802,-0.023391324602220497,0.0026423351778783744,0.10784433641220077,0.027388526094398877,0.28172843573979095,0.10392733632678627,0.6951611803801403,0.18883929976546063,0.45452360942450365,-0.030335879628425405,0.7804420346401286,0.0,0.0,0.0,1.2556891479387235,1.7175921363133697,3.4859313583618015,0.017494454046312304,-0.1860999777473705,0.35964797890277167,0.8260141914491124
0.0,-0.027843717664568023,0.022616818584251994,0.02893708865421512,-0.4595071980939338,-0.2603842250002651,0.11823487030115468,0.04145062369445491,0.03366437289488817,0.014056822721859373,0.06609938008067733,0.025215995968796957,-0.10768366943450872,-0.12000303700302153,0.4561421166248323,-0.015791782749873806,0.06795639883958142,-0.04816043363919825,0.7559066804690857,0.0,0.0,0.0,1.224271675258952,-0.2269881463032558,5.960750554307093,0.5307011759164213,0.264853338501063,0.28495830401677036,-0.03477272884920317
0.0,-0.014807929411378427,0.0073763452534502255,0.019724045218670935,0.5204068510502057,0.335527746063788,0.09716125713290327,0.0330213350061085,0.02041834560262282,0.022027658179250738,-0.2267209747929164,-0.34878319355911214,-0.12435142622171842,-0.11100299538211288,0.3535001270998733,0.010786771409312827,-0.14715492856832385,-0.039505277427503024,0.45768850553315865,0.0,0.0,0.0,0.6447260898909927,1.3112096925842927,-8.905963521887093,0.20248303247116178,-0.09919875708399556,0.145952278055367,-0.41399530506725024
0.0006243564774793145,-0.050175436906726864,-0.0582654971398001,0.00268229368764183,0.5279969566875229,0.20449163066840226,0.10188224103352077,0.034339961564304196,0.026345822215551096,-0.04579674259938621,-0.13568970079282516,0.06932398768985408,0.2736871768175681,0.3774017813022213,1.1612326404703526,0.18493639194888165,-0.1250373958302904,-0.0230597032292428,0.5575045668733306,0.0,0.0,0.0,1.4068403810652412,-3.6228679842941136,-0.5029882980128869,0.5974426199190405,-0.18690224742354153,-0.22875295870008372,-0.6782120874679761
-0.0009297103877586628,0.06573149583147692,0.014018416279346833,-0.0007546162593607661,-0.19336113937820446,-0.03410836796419358,0.11545760412976099,0.048286672299840676,-0.04128942808376398,0.4800037133341659,0.17762716385269106,0.019554208301504634,0.24181462783714353,0.05979970327125692,0.5899577489824552,0.14156271584460622,0.04584725580624535,-0.01756845763415476,0.6985114591486508,0.0,0.0,0.0,-1.4951641369076896,-2.9283595192087124,2.2068596036075765,-1.1148904472790928,0.08728139725688992,-0.36603560226741716,1.271277734118473
-0.0032139288382262957,-0.005325285365273485,0.04124333090283551,0.007531199397869623,-0.2145118779525502,-0.049778751255110894,-0.009697747139142749,-0.11279672598944336,0.02827218608004127,0.008423201020334795,-0.12516097051322117,-0.19609772501511963,0.029530545357596562,0.11291182923874243,-0.6059133767017314,-0.38358336231934914,-0.12165256561591477,-0.022019660533929966,0.5081665230567375,0.0,0.0,0.0,-0.5152082648601908,0.40106189389362,-4.482664941651339,-1.8620506982598588,-0.2216909605475541,0.2208738379226392,-0.3112156957473906
0.0005853401580607245,-0.04001011973411101,-0.03399784262244578,-3.404119675577829e-05,-0.8804379692348391,-0.37888426437823397,0.3240052611036716,-0.002122478730242624,0.008528820098323831,-0.0946555105010259,-0.24864739727030663,-0.08402048742361946,0.1077476439159775,0.11449688204831561,0.8237987125086809,0.1572392444568718,0.1999757498111345,-0.024131455706293402,0.4092834632695021,0.0,0.0,0.0,0.4547709585275897,-2.921263900710975,-3.7790501971502586,-0.5790989907137594,-0.2389434643581941,0.05636126105820956,-0.40037452743638696
0.0,-0.0009829111838494278,0.0011223150963700843,-0.01778194084759032,-1.2637854437789504,-0.5213084766875612,0.12257583128863764,-0.16097158006382026,-0.10369546345928676,-0.05935504030511442,0.14593924931587118,-0.023504478980564767,-0.029146603643330375,-0.08974668853139442,-0.8514642523857212,-0.050512692077530466,-0.07918947394220774,-0.016341192411414143,0.5427823127369192,0.0,0.0,0.0,0.17294494105799804,3.213689326422669,-3.6193529793932053,0.42512476131314686,0.014646260404936159,0.11848748872565017,-1.1941148524501046
0.0,0.002892484104215504,-0.0010096943930768504,-0.02397860499258331,1.155930492318879,0.5293151769259994,-0.816166326706037,0.009264640195767318,0.004909278147734286,-0.0670789790792885,0.022820978264522635,0.06500263230301562,-0.06342004086361724,0.032362568137938814,-0.7941219074705271,-0.018048781005630305,0.5323388524019077,-0.015264267297690806,0.5983229799291099,0.0,0.0,0.0,0.8627347194227898,2.052817600221498,-2.373551975582828,-1.3843059003596265,-0.043840282616881596,0.045468242710663874,0.11020254336795174
-0.007732531218909058,0.002674233121599721,0.025006901047212583,0.002825119731147066,0.6483710689358418,0.18529083086234685,-0.11395254768611235,-0.07808604570532024,-0.0014478565121223425,-0.15602913205380783,0.0824125691276499,0.06465258059338395,-0.05481396529764075,-0.04070936315575354,0.8905608680071921,-0.36866140945753917,-0.110182941533835,-0.05264320889588898,0.5289153312327394,0.0,0.0,0.0,1.067779777124798,-0.6071662056072277,-0.5055117633331258,-0.310333269993578,-0.6019940304822171,0.32018259575319435,-0.5175104972667385
0.0,-0.0007524218960151642,-0.009444819149812666,0.01741609340892522,0.538600586580515,0.24452426482885506,0.11835644273683049,0.008603554660502432,0.04008715722531962,-0.06084861663180116,-0.05950271244176624,-0.11620346660394622,0.014980513630003004,0.09582959230262642,0.004917258742519017,-0.12937648103107913,-0.32589247758314904,-0.01526486867471086,0.8118094874903263,0.0,0.0,0.0,1.4448472556504572,3.606761236140192,4.929979500263266,0.2224616810256461,-0.1868960200279449,0.050929610769032845,-0.0739211927304915
0.0,-0.013751475255798158,0.0067029766251965545,0.0074629865156352485,0.4283048941567349,0.2988307166249741,0.11210046267855896,-0.06909657238279501,0.02528367260704343,-0.10647614180669504,0.004732862448301754,0.026344724731651673,-0.10363786207987105,-0.10487744278626752,-0.06112573661469383,0.7199626055828953,0.03785071656990355,-0.028836865609648918,-2.4063382794180495,0.0,0.0,0.0,0.6207157575759668,0.5794215179312238,-8.017141382955705,0.31766333499639915,-0.16470044062962758,-0.004866870252426795,0.6983496272401924
0.0,7.223292357485427e-05,-0.0004004202992906548,0.08184369929809729,0.5933425202451305,0.17657055153869436,-0.4431063442441002,0.0645725902948412,-0.10340818709039282,-0.08250877933101002,0.0279054600161034,0.06434639971956418,-0.07662447652964419,-0.04033964284234657,1.1014675479555123,-0.09111988882811774,-0.23506183398873207,-0.010716070427586015,0.7559595740549482,0.0,0.0,0.0,1.3992481159974322,1.59372379730421,0.646394699630425,0.6113295413397908,0.5110497818317911,0.11503375594205527,0.21836232020827312
-0.007350082210374355,-0.02791341643143337,-0.017250122840658577,0.003958751337965805,-0.9976366341571147,-0.5104786524201413,-0.09648787340303996,-0.15279891489762829,0.008466508453202546,-0.14938749535448226,0.185783178799323,0.017905059055303565,0.32085922829903835,0.29997666903500464,0.31063442145918013,0.16412017278582205,0.3938350712592272,-0.057647166510963244,0.4163215206189073,0.0,0.0,0.0,-0.6894263114338129,-2.43035775926273,-3.1046125477974087,0.02274618478380087,0.1397484849224403,-0.03296633271723334,-0.37560668384018603
0.0,0.002892484104215504,0.0068095630755150675,-0.021506432469035795,-0.7986555449038609,-0.3899822851909065,-0.4919820532642074,0.03283527496293159,-0.08943158211632268,-0.06552125652217859,-0.028978297697231658,0.04174174528608387,-0.04404532907335728,-0.03766168708943892,-0.6064114226375673,0.7988287592477822,-0.07216498679771319,-0.012746722051999268,-2.461392239549338,0.0,0.0,0.0,-0.5439877125046151,-0.14640061602343973,-3.424150858770704,0.050323706250364086,0.10031622698490358,0.06221975142983217,-0.3033317385012144
-0.007519064449958026,0.004067596071643998,0.012308480776855616,0.02093820532943978,0.4501216881834382,0.21119865551932057,0.010727492585173184,0.010349589915751812,-0.02241408574344489,0.14597026175048916,-0.47219505324126654,-0.03321158282522761,-0.03768560738682566,-0.2087623433465989,0.11607661841125219,0.7861884974413239,0.3109482054957044,-0.0443269452400749,0.4596582901172051,0.0,0.0,0.0,0.684549298511644,1.2901408384884199,-9.219791196587298,0.35964914813613463,0.07561324193486217,0.04515869614125426,0.5692982349471191
0.0,-0.011176567603334976,0.02046582023135063,0.017753286840850594,-0.9915571075694184,-0.7010240804344137,-0.08879078152481235,0.01858896814901497,0.026974748613708875,-0.1475124243772478,0.11322035515901123,0.03748382446632342,-0.12351453046044963,-0.1724676853797443,0.2752920136468931,-0.01341430320320126,-0.17138844185316104,-0.05553000299165236,0.44502980372708895,0.0,0.0,0.0,0.32121034707338936,-1.7915254241041034,-3.9704621666682094,0.31848980478165334,0.5395436026883083,-0.16553523252472563,-0.6515655074921458
0.0,-0.0007524218960151642,-0.003445707752283295,0.012784605116242869,0.43757443466244933,0.21972766096483146,0.15246446429421723,0.04145000321920858,0.03713563553879881,-0.062135809256758594,0.0930007719244638,0.061556454771247264,0.5207115396532047,0.07203068045287428,0.888615572853825,-0.2910618110926481,0.2467428709398749,-0.018122199454806868,0.4869905248594793,0.0,0.0,0.0,0.47785947019454345,-0.20217587838849266,-8.604577497828387,0.33038328609500045,-0.06446039554971425,0.1339301441634399,-0.4935748191363198
-0.006020208829427871,0.01116102368791002,0.13281637923482148,0.006030970668452684,-0.9160495101057661,-0.5068986119296333,0.052823953055801495,0.05764627239617809,-0.0012825419073458104,-0.03244962527791579,0.16658929649224963,0.024890270787499714,-0.004282047342488623,0.06699060151865696,0.4768386926926031,0.2015794661038442,-0.18853845660066973,-0.05331897390083783,0.48808218006143245,0.0,0.0,0.0,-0.668615671773082,-2.317107296543873,-3.2062155762171494,-0.036560472265984814,0.13543519339578663,0.31806176117328394,1.6165754362567748
0.0011366405856591197,0.015523603455275797,0.042823331638081504,0.0011256405451186271,-0.8666936629475142,-0.4031284896775006,0.08021343451113119,-0.1758085166402797,0.01625468416027178,-0.10312518905310375,0.12689820339947272,0.08592016601446593,0.4908553611709383,0.3729245547735371,0.6841165027455933,-0.34480502617955383,-0.1278879188649996,-0.0187103188738565,0.455753028522125,0.0,0.0,0.0,0.40294852663649117,-1.5789021628923772,-3.930494910386626,-0.3604376040264751,0.01090700494718305,-0.43376870054322597,-0.12540522006920948
-0.007066442335920565,0.0039951680400092445,-0.008116464274564417,-0.02368970230446841,-0.46678392395766993,-0.15206556715171968,-0.06922711685473742,0.11956670827035765,-0.021609633331369185,-0.04968253607518903,0.1321304674855202,0.041412148740302086,-0.1234441825426573,-0.05956503507845754,-1.413505503820083,-0.09315636477465251,0.26387974862217645,-0.05834699297334779,0.4781588732999182,0.0,0.0,0.0,0.7067071711485732,-0.4872116092815919,-0.2753642255569832,0.446583934778745,-0.10064697907416252,-0.49278375718516904,-0.4013920459085014
0.0,-0.00019211792904105449,0.04774460546219851,-0.08182735590748741,-0.39145093940450704,-0.19803741783684778,0.14123280186483597,-0.008227362574397493,0.04329973968724111,0.37488614724840597,0.008773592628422148,0.06273287401212263,-0.06356375793288685,0.0327748505892996,-0.6947076649619014,0.06664578857464887,0.16783771947688786,-0.016714146336966187,0.8264440625488509,0.0,0.0,0.0,1.1804407475387333,0.29202284281812596,6.852438983508917,-0.008869591253944095,0.25508055822021486,0.09933240789940302,0.11548830124673021
0.0,-0.01899249503492165,0.007215147599412939,0.029280956037887988,0.5358417556809258,0.34524692396028056,0.08017538750779528,0.16782926654108166,-0.042734196555151226,0.31328138956238916,-0.022098316973974557,-0.07718206708904299,-0.10770135736512806,0.12465977219017277,0.013887253581870512,0.05231503061042085,0.13469433396614527,-0.03795935897637454,0.766314482736422,0.0,0.0,0.0,1.2183979707347683,1.6588951114837827,4.541323452204642,0.17482104123686218,-0.08990459246693061,0.29899916961697537,-0.4427826307229128
0.0016322185351226714,-0.0012418894329036345,-0.03669647022386337,-0.007540003475037194,-0.38793575839606215,-0.19776268686410756,0.15891563432441425,0.11185580643500045,0.04015360738862625,-0.04459917621284743,0.09957027091252077,0.07050561657588211,-0.05112990036223365,-0.14565626392063966,-0.9397862570603932,-0.009401821545171742,0.27639412579294637,-0.022678534262717983,0.5985278961911581,0.0,0.0,0.0,-2.0276787414116035,-1.9371641123735353,2.5011412694017894,-0.191723728583558,0.3880727940658277,0.1931171164247133,2.163705771156304
-0.0020660377617767564,-0.005017120916659026,-0.06443380747172829,-0.001119923152477591,-0.2150798064850933,-0.08639375841001201,-0.11551753602997425,0.06455553503623672,0.012549125533962681,-0.014656435278230597,0.13820801132668345,0.02612851546217189,0.04773388562210451,-0.00925019932228715,0.39852132560851494,-0.6010314553238376,-0.13887837174227682,-0.017813404838630517,-2.518138554375555,0.0,0.0,0.0,-0.564924344094486,-1.593436084272504,-3.22344929602199,-0.004672201922413871,0.45754958159159326,-0.0289425181825706,-0.4247019227092908
0.0,-0.012669178218764196,-0.005233258591940888,-0.028351247702183106,0.4276792751596973,0.27781853845556503,0.16682222661229082,0.0783569677262204,-0.03310668670195563,-0.006168185142045964,0.11777144198555707,0.04285064230338065,0.1578223736495622,0.24969308354532593,-0.7141299061078337,-0.23322220533334964,-0.5341490172152942,-0.0376172596540472,0.48229829324220463,0.0,0.0,0.0,0.6269412187624482,2.530924085701683,-9.207416653985838,0.29710036672233014,0.045538552960643484,0.021757209562547463,-0.3894858891685045
-0.03482015089898801,0.002004319953497975,-0.007351729276950182,-0.010607035672266877,0.5548290298710378,0.2624900045945143,-0.18901291681630392,0.07515970107719568,-0.002205011284065015,0.0028016507020080317,0.0588910393582319,0.1020751725652679,-0.03627190971091425,0.0819727696477579,-0.5151029186355076,0.11413634892733876,-0.025977820977130184,-0.019209490872463642,0.6490247198272694,0.0,0.0,0.0,1.4759800951455018,3.2745444030489455,3.849649936301195,-1.220446655988604,-0.0035116757596939225,0.17205579157665843,0.011748327659883213
0.0005078395250041828,0.005239589475120251,-0.009325451591397879,-0.03300000894809746,0.4109280257803171,0.1623328672104034,0.12203641113465666,0.03960809711813538,0.014023887941875564,-0.011243927477115672,0.09964716465514341,0.07147579822552805,-0.06901143209463853,-0.06301002438106051,-0.767229103535774,0.16042365534352554,-0.20110919041393874,-0.016395849505163637,-1.9755118110685375,0.0,0.0,0.0,0.7807812113883309,0.2725292048171834,-6.822182307790146,-0.7151585202617403,0.10509137644845899,-0.3046834006957755,-0.2427607707875057
-0.0015756238181414677,0.03895477486493677,0.035152622605776965,-0.001119923152477591,-0.1809644321376315,-0.040028699850441274,-0.1394495614839195,-0.12310872724315641,-0.0054137249457962095,-0.022623191763831815,0.11124633783144264,0.029118299018701575,0.19743508016291889,0.11061933045449876,1.034547284968283,0.08390551046855249,0.09789122418662662,-0.013983956788618362,-2.9476875290406968,0.0,0.0,0.0,0.613502096824749,-3.2161914824703572,-0.225788891036777,-0.31058111111611963,-0.08616684142537472,-0.19671978090493764,-0.1395757558172087
0.0016969183432630915,0.007994526374607477,-0.0378097941991749,-0.018903968331633138,-0.8210635090034257,-0.3547164889124561,0.12074442091598683,-0.27707861746525,0.02063769241238226,-0.03350007997833749,0.08083719064401026,0.060277058607528654,-0.03345361514676528,0.017892869105514814,-0.7070862358651407,-0.008061713058991036,-0.0691182181603483,-0.01714631256093372,-1.7985105260888388,0.0,0.0,0.0,-1.3150766931705105,-1.9117797845388287,-2.8449053743755197,-0.07543340759022105,0.0025607408905965784,0.03652286897800238,0.02181027234405363
0.0004276887564871602,0.0050896693932225125,-0.008849245627866568,-0.037805153308348514,-0.48471145031212753,-0.22662032093142262,0.10288316817641374,0.07547486528258454,0.01696524695446919,-0.018225720121923472,0.05395265843451329,0.07734596217258367,-0.07336508537794832,-0.10980528916060935,-0.7512053024484223,0.044355338001168865,0.2145401469532079,-0.01243448950360772,-1.9596787523329469,0.0,0.0,0.0,0.3801179506526321,0.12642876402043576,-6.979390772501804,0.5035098806866256,0.2482989097783348,0.16556153022952683,-0.11475681499519783
0.0,0.0037157818861317453,0.043575915862188404,0.008647044607691558,-0.4193948036030713,-0.145079671922658,-0.16526469147661338,0.029341214688768436,0.07341791829076379,-0.11949218913680139,-0.20146526104170984,-0.6302233001325616,0.30187350394588724,-0.21572857945587187,0.4953066308355764,-0.0066382916013973635,-0.21632532473930252,-0.018668450437685374,-3.0357277830515508,0.0,0.0,0.0,-3.4983522128749787,-2.9572577134178837,3.0908297968956906,0.19409933792323106,0.301869263848884,0.3120427838719964,0.0072644426634959815
0.0005320341528071012,0.004542647308567507,0.016081037815613607,-0.0037136765298180665,0.4547478827230076,0.18885774540032688,0.17977933245509048,0.057392529417154226,0.0074700560767830115,-0.02130765938128059,0.09422997227549634,0.09719312583691443,-0.04827527656775013,-0.0418467320634889,-0.5029072410397786,0.17430715605461572,0.20418620081648556,-0.015440091112860042,0.4369454683166227,0.0,0.0,0.0,0.7126397685073003,1.674030594059974,-8.955774952788888,-1.3567253591505937,0.000218464727037218,0.10686147807029177,0.4479716222537362
-0.007122140245492032,0.002213917717512818,-0.007645451759051958,-0.054847499231158545,1.0581618100392964,0.35024161604623,0.16430931558247272,0.06758296434493871,-0.029109215280189955,0.010306380095312151,0.037428743227288126,0.0012834960048110108,-0.11272777026216226,-0.009076793051242284,-1.0643097830780854,0.04125121848513499,0.2760863331773771,-0.046415408368313905,-2.4170268589575303,0.0,0.0,0.0,0.9233237994217744,-0.11378480526145408,-2.1248959167324215,0.28217185849400656,0.21250371633419599,-0.13372050511383277,-0.3280503357200182
0.0010423478125350543,0.005072129957155676,0.01680631155376332,-0.007686297379956813,-0.4197179004120077,-0.24036231278999615,-0.2257659636633763,-0.16462701026216625,0.05838432979322862,-0.15024979440950448,-0.34953006675869436,-0.013322220596757901,0.07044971410632164,0.07623351736580906,-0.11753143846900777,-0.1178391700918027,-0.5683501266323985,-0.0341069833322674,0.6081015096225378,0.0,0.0,0.0,-3.948185802506204,-1.7805451663011171,4.4799564425764355,0.4580117400256849,-0.3053253920506867,0.1988093636222001,-0.36137695208880116
-0.0007054632163910631,-0.0052612596001706735,-0.01262866219456225,-0.0016770327537680117,0.2297417145995286,0.05114257684590024,-0.04673302276643953,0.04948447457839149,-0.023951956698244552,-0.02915755582928832,0.08684066376533857,0.03897405380677654,0.06498083357675934,0.15074429767216438,0.42095410944635114,-0.03599896809668112,0.1787060153271534,-0.013973279894901361,0.980032007170458,0.0,0.0,0.0,1.8967300718909503,1.9868341524257285,4.944113733144115,0.4927898406275624,-0.4762652645457571,0.2751952467468576,0.5638976176606864
0.0018727605469867857,0.0017993928897874758,-0.014223140847803128,-0.012055701715392038,-0.4142624271315422,-0.1622331494769281,-0.09190295453869164,-0.053270324731775176,0.021303069349463365,-0.028102495569728908,0.06373289925747856,0.0760873058671109,-0.10118391124688626,0.014724067538718381,-0.941251115805373,0.13162727735749546,-0.016546162655687126,-0.02100721013973778,0.7933839515158405,0.0,0.0,0.0,-0.4088183878295177,0.7006534081466768,6.139938034870838,0.5273265343412346,0.5195810800090586,0.2095650598176709,1.2284618268548226
0.0,-0.016238544150141383,0.026449540760463228,0.021287415832750217,-0.4177538457949341,-0.166232027778604,-0.49369178893497256,-0.03331031929493341,0.025963325475288474,-0.1610391134283223,-0.02586209921453276,0.0227171823320913,0.9409587044711368,-0.020800649476288645,1.120529401170173,0.29789388828822866,0.02524312164517451,-0.014816377428901533,0.6289639427359633,0.0,0.0,0.0,-1.0354895671795268,-2.1567837244009125,0.19546652340960982,-0.4026472536524738,-0.0065666439909679904,-0.41993422187511276,0.39802254905996315
0.0006935574677727166,0.0045896423149931745,0.010044712088023348,-0.004578853301437375,0.43826957507065856,0.18776261681641748,0.08121884581173781,0.025709403618218992,0.005609399712214127,-0.08756640318148948,-0.14992481149955764,0.0772995011359094,-0.022247693051762208,0.1483476437547452,0.2547908006712427,0.11807438172494072,-0.40773615560868265,-0.014043731387353833,0.4600174812085592,0.0,0.0,0.0,0.8113259235774785,2.0728008017363946,-9.250679980544696,0.09026907553144935,0.11593602812671715,-0.12064720271374967,-0.3561159743950311
0.0,-0.06047829346891508,0.021336723888009924,3.3281770913729712e-06,0.854526017865709,0.5335712256164612,-0.2920343462199906,0.023575091544561052,0.031677307315774644,-0.019783495465202687,-0.25251848364393437,-0.019233841020869245,0.2145191401059607,0.16732061444114008,0.39107586279486695,0.10079568823219191,0.18885930588586242,-0.04043925173158656,-2.5285997505759714,0.0,0.0,0.0,0.7299008315743706,-2.9171885531949155,-2.2444103232271435,0.5514346141262982,-0.09440184098290272,0.04999991665923857,-0.6587250704460206
-0.002231229654577657,-0.014406202331636695,-0.059258769751472984,-0.008580469723453504,-0.5747784042718451,-0.2666796111316307,-0.20535317456900634,-0.13646855935003924,0.005598489189914276,-0.2296235746854906,-0.4564298140027817,0.034217432247795686,0.047493339003239224,0.11420879477133736,0.7083035917745383,-0.9280185423591579,-0.28846433500732244,-0.06389314304466727,0.5225021952024105,0.0,0.0,0.0,-0.541993268952347,-3.542904124953862,4.55044698183884,-0.05486484837803563,-0.21254789174527405,0.13827535452437287,-0.22361453466207876
0.0,-0.0003089210789274375,0.017923681944349006,0.008571645934905359,0.37193224465974545,0.19094689172412926,0.04385979027451282,-0.016627333817272275,0.013503976898915731,-0.04621569750395204,-0.2133405554076098,-0.5302621305337772,-0.07790462981610337,0.0415639484721079,0.5552528082865447,-0.10979023154476061,-0.1865189668417205,-0.011789176539470212,-2.119272910888855,0.0,0.0,0.0,0.6508532598150424,-1.28433254214009,-6.554399701360886,0.085383992496108,0.03675696879271008,0.03978107509733382,-0.41952736409534086
0.0,-0.01609446622047055,-0.011868495697942192,0.02104202248103712,1.0055076437836943,0.5829426548840483,-0.11148102929918992,0.00878675577681705,0.019335215797573618,0.12116455194946871,-0.22268162703335045,-0.30894111363342114,0.08415096872186134,0.17072997643716453,0.8632858231835231,0.03531203845000178,0.4306508504219606,-0.013809990378557327,0.6611199156569214,0.0,0.0,0.0,0.8360130302390137,-1.6095067578173166,-2.513489932745334,0.48958799222426747,0.010671980211830459,-0.12021918121389145,1.0311974081906878
-0.0022152737832738588,0.0015062904636646722,-0.030058083799912337,-0.004567103116720792,-0.4753590067922461,-0.20951128243831157,0.4111251350617939,0.13692252295331434,0.008142830277215584,-0.12268314183764076,0.16650805212100292,0.049620462125300024,-0.05969307874546944,-0.013846435063386033,0.5336813007479132,0.31471703057830613,0.12156980360381602,-0.05203868241453923,0.6895359115824653,0.0,0.0,0.0,-0.4362934207912368,-2.9584107203688528,6.588326690203947,0.3999459811587057,-0.02371213621210398,0.23547603375099765,-0.5102973216264562
0.0011366405856591197,0.003575781166455175,-0.012633422996605356,-0.011098785012272181,-0.3300960736696005,-0.1490021234092519,0.03048026278929722,-0.0358102244054295,0.032814577821450246,0.3826853169002444,0.10395706949703187,0.054563625540916774,-0.05465641147748168,-0.12546173935471677,-0.8965270442829019,0.015831096902990515,-0.019239490957519468,-0.019289771096988744,-2.4668658135445884,0.0,0.0,0.0,-2.17551120860673,-0.647890952982239,2.4734463365868278,0.48395839196531126,-0.4036662326743115,0.36898102094440927,0.29318414289131955
0.0,-0.0007524218960151642,-0.002949017573569994,0.017132208946097155,0.5287707140005499,0.2083602437005109,0.10207402402429622,-0.41139571280338905,-0.10186872467745689,-0.04798294344080573,0.06676085827832155,0.06837582034880998,-0.0029085235368744725,-0.06462658654130247,-0.09430130684926218,0.5697917834287015,0.03199666078575128,-0.010689519590236073,0.7743270448030057,0.0,0.0,0.0,1.6170151399716595,3.7356962947015786,3.434480943342628,0.44635850655381853,0.00973037614320044,-0.015097271836155082,-0.5946426514000409
0.0010071014136590502,0.0035238897475979615,0.013189514461995712,-0.03864430234758981,-0.34002969696609436,-0.19196717276351968,-0.16766131007931148,-0.050471442166502976,0.040325421224488005,-0.026832618134853797,0.0617282977745924,0.04368094953203808,-0.0040382039166544734,-0.007218675253018535,-0.7468037786428471,-0.35780517082299645,-0.49757959741642493,-0.029329609949991363,-2.604859660020773,0.0,0.0,0.0,-3.5776228470697755,-2.4683829995475532,3.9983721573537956,-0.45390985637400855,0.2509097630269917,0.32122719465368615,-0.24143844280226304
-0.0024472961803530644,0.009176297523039388,0.06843379567770086,-0.018554084054431135,-0.5528842208563344,-0.18964180833617553,-0.006105976480195622,0.07393761223789856,0.013866816742193278,0.4862218758541085,-0.4439671433631097,-0.09912617191018952,0.12359313409265749,0.027773324472686333,0.5325445033048539,-0.6949734947939279,-0.24528024690824934,1.9223084020828316,0.6495241677522285,0.0,0.0,0.0,-1.2747799031572498,-3.164334925785037,5.743828244385103,0.28114475887873513,0.004946550684783377,0.11306371522229465,-0.5144184662224004
0.0,-0.013372426941094135,-0.007966281392121778,-0.03667922789432095,0.6621606018196112,0.2735288039908558,0.06604794989707126,-0.36053257487777113,-0.04332019182321151,0.20641820479738432,0.07043009146917803,0.03167914686437631,-0.054945536371112005,-0.1018819090820237,-0.14052796406574924,0.11053183968672425,0.44638535961162934,-0.03348518251339669,0.7139827943135791,0.0,0.0,0.0,0.9873437127874203,3.753525510915577,1.2196656928837093,0.5810085021355693,-0.14431614095353107,0.451977328120174,1.0165181653780446
0.0,-0.0009779066953208948,0.03465819095155226,-0.03471914272177142,-0.463107663480706,-0.18518983477100626,0.016098794621805808,0.06307354390044924,0.08269101813518961,-0.09127358166567734,0.1953413516478586,0.07175025704956577,-0.055147307885240374,-0.14678954784953926,-0.3342155682432099,-0.5740953609822871,-0.12202931487846505,-0.02369626992335754,0.7008120552162316,0.0,0.0,0.0,-4.138360359792723,-1.3760210973700064,5.16704559523615,0.4020134640476062,-0.5621235027414495,0.22064205518709182,0.08148775767393107
0.0018536114665129158,0.004724559166431952,-0.02034012719737213,-0.009328819999178967,1.0522868581903118,0.3607791167364913,0.12674146280850188,-0.20846302619711407,0.0038503612154433997,-0.12453250961293848,-0.17903732537318834,-0.2515408482210532,-0.035973689915597296,0.013719470085280348,-0.7957311533537861,0.14480994556273027,0.24219192262141082,-0.01250790270709397,0.597555369957453,0.0,0.0,0.0,0.943994463109935,3.621307789431984,-2.383237000489338,0.21456877279529837,0.19623788365778852,-0.26919476589202684,0.6980955079394912
0.0,-0.0195493595585013,0.017928510205263072,0.01772645230459526,0.6835198688101916,0.37516450913713956,-0.09896670363169188,0.06923067517917895,0.04632855754778673,0.03667659209595599,0.1786845077763275,0.03402807899547832,0.2631943527548871,0.13223097097290143,0.17085318835940183,0.06282617252530491,0.2658507696017899,-0.03788051965188301,0.7023220686941586,0.0,0.0,0.0,1.2135107668127885,1.9588231369005977,3.0357750003433663,0.3248260234643444,-0.08694535607908285,-1.2384051880937426,-0.23803659830462934
0.0,-0.0007524218960151642,0.017080045367824145,-0.04331629063938025,0.5708198635805076,0.2103361854507423,0.07002477689252119,0.10128811003074734,0.05915368925056441,-0.057649847016438445,0.04599292787299126,0.04745116765952318,-0.04396570704285962,0.02117132864267272,-0.6932586889966752,-0.6593326967792573,-0.138672999024481,-0.020275674281162743,0.7265270807998667,0.0,0.0,0.0,1.396264938209493,-1.2272086830835942,5.745177383840524,0.18629720675519093,0.0396089230532491,0.25517665242042015,-0.250879661732516
-0.005358774021330489,0.0043769534259789755,0.1358219113424481,0.03081401759914298,0.4696541878539739,0.23145137854589964,0.07313024369614952,-0.11215902046094021,0.015510692600403607,-0.0492506062717258,-0.014557496408944662,-0.05561189282937779,-0.02657257816424664,0.02242817723618432,-0.16892711434782615,-0.048382805247545645,-0.0019231111659344085,-0.0455215810082019,0.4383606618485904,0.0,0.0,0.0,0.6992496947283116,1.767484340362856,-8.80309248559683,-0.25988608982563105,0.3869042935897332,-0.03513172042629863,1.0992948895930446
-0.0011153960286878672,-0.0016675853877649444,0.02087366294368329,0.007531199397869623,0.11335944932945703,0.03319914558921759,0.03291560264753038,-0.006784385282569829,0.002112156455140851,0.010908578661279535,0.10847993227759611,0.03184590437626771,-0.10782713925049477,-0.13114071620379508,-0.8565776973578958,-0.07049458660158599,-0.20050400565119456,-0.015110948636675049,-2.5828779541883033,0.0,0.0,0.0,1.141892244686112,1.1458608464998727,-7.531869865720872,0.31876679579301215,-0.2181841630195545,0.09200635777391153,-0.3173672262564947
0.00042087099710871406,-0.038650589802272976,-0.02424172220732436,0.0018074041834279643,0.40758180720334597,0.16794385392237907,0.11166017934719052,0.00044467241200214184,0.021142322708910668,-0.029102609638432583,0.13305394573920995,0.08058914711531204,0.646596944692431,0.349228677493012,1.1462317981525514,0.1000403469475848,0.1982457052222502,-0.014230269369953854,-2.118970817856734,0.0,0.0,0.0,0.7153501725327549,-0.9596330347132894,-6.856235412046689,-0.30949757586686233,0.22291608149058953,0.12303440409244928,-0.23253917764857918
-0.0005879762023078713,-0.010989156544163029,0.12073906281685415,0.0008521500159295545,0.17230198230208169,0.05233843232371303,0.026484806888824427,-0.02676074083184021,-0.14656353810364517,0.08947783360144836,0.18129539542152046,0.042834533416647995,-0.06406281235991786,-0.05320616612199053,-1.1064605291934795,0.454245592340208,-0.11280446593858448,0.08792489071328943,0.9873510002400256,0.0,0.0,0.0,1.4422540122132335,3.191191914980246,5.896164656483456,0.4087033686150263,0.05453303485389453,0.25457614948473406,-0.07190011451518623
0.0,0.002792367946117799,0.031389422251975135,0.008829877270918057,-0.5602554266839397,-0.21622345619554048,0.11157580163554108,0.03974641172666482,0.05838194341237142,-0.15635051772667477,-0.17315310214479684,-0.5825974996451232,-0.14333776423453057,-0.05152906543187084,0.5788681374879443,-0.5139668314422282,-0.3152810359664344,-0.021898856575989903,0.5396825362482645,0.0,0.0,0.0,-2.276137833979549,-3.7233585746961864,1.291790213339427,0.08328355553005351,-0.29424387344175745,-0.14599731912902644,-0.40628392557572096
0.0,-0.015877346432861844,0.005721733376059828,0.016503026529377594,0.5495343850718164,0.3567799254762999,0.05902027588300988,0.04509424875644173,0.0317292392674676,0.008020277792817764,0.10179191313234892,0.03141781362941733,0.1880407447862027,0.04980100281163691,0.2569257022681078,-0.20120850231543191,0.18130052298646035,-0.03047984385003915,0.5433637023253389,0.0,0.0,0.0,0.6863443093990422,2.3008061218039786,-9.241405058989988,0.7547287218961796,0.05434488520617778,0.08317028729762918,0.8925898173306586
0.0,-0.0007524218960151642,-0.006317836763157748,-0.022840987087905797,1.088001109784672,0.45358037871249,0.13862515155054295,-0.003304858654526746,-0.00962534721887054,0.0976659343798514,0.07284026182614335,0.060942742544407964,-0.04517666648232081,0.012664226705363617,-0.688727585944203,-0.013606751780557416,0.3791169848032429,-0.008299135621919931,0.6025643422104036,0.0,0.0,0.0,0.8125054265975233,2.1754459176513103,-3.043902207820465,-3.1340717621779577,0.12198887719726904,0.11189674659814783,0.8223375675531589
-0.006768263391078581,-0.038053771213065336,-0.022961637600081946,0.01671451980889003,-0.4736907540943193,-0.1974292683438015,-0.0008127871311217344,-0.11689509045753332,0.020581887129617404,-0.1194529499294435,0.15838865326841672,0.014058455334069948,0.6098999858488411,0.29354980150204274,0.6073438943661845,0.11037607599898201,-0.26099959088182095,-0.054811296044393915,0.5197171593454954,0.0,0.0,0.0,0.7306846582244974,-2.004270815746636,0.43146408335100195,-0.2741809001916475,0.17670270479555647,0.20128232274480015,-0.22251399274364692
0.0,-0.013822356590689706,-0.004768859461849913,-0.03322252830892103,-1.1430409887712512,-0.7472841492354593,-0.5274670474278026,0.02764569918249939,0.00488929539859655,-0.09824127003312291,0.071237223317617,0.02505871220584852,-0.1329605969320727,-0.2454359923749348,-0.6596993826518424,-0.010804388716609357,0.27102847575361105,-0.041016588239784386,0.5609528921678913,0.0,0.0,0.0,0.3052088349455031,2.803723404460916,-4.333090047007909,0.49855964075391906,-0.09739965741295617,0.060913748829007935,0.54239772386209
0.0,0.014699022203802477,0.06443571972478218,0.007645272249731138,-0.5533535003681379,-0.2191411362628066,-0.10744633884146887,-0.015312717899181991,-0.1986516398490014,-0.19336377914495703,0.0489442852369932,0.022728254887946258,0.05250874230521991,-0.030526760712151543,0.7300263907007666,0.26144683309160055,-0.2726000039307008,-0.01778700215019147,0.6954711762139666,0.0,0.0,0.0,-1.0281759948119535,-3.526572783097946,4.4961635448046025,0.307308185877526,0.27146170514491563,-0.06343138546162123,-1.2204626831392564
0.0,-0.0002277357019040676,0.03561678581797917,0.01104092301334765,-0.4771257530952514,-0.2036840236405365,-0.10841301593136746,0.022638913009811554,0.04070902772264725,-0.13989167621032697,-0.20114509381431725,-0.7636405437443898,0.051035765129664575,0.03806088502399892,0.8883049979804338,-0.10446781767328503,0.0017281597213344552,-0.013847786613400675,0.7680329830578231,0.0,0.0,0.0,1.1327345689552684,-2.2596833563625083,5.676677381844821,-0.019255199713885885,-0.07554201270466653,0.2422642206879077,0.911682984189458
-0.0008361285138127612,-0.004315013656922444,0.01439898760599313,0.0011180218358453414,0.1888945883325878,0.055061280259003406,-0.015086157211678351,-0.0036463598590563903,0.012440268345322688,-0.07705433774854976,0.10466112767128084,0.0005779848917788393,-0.05460465291446819,-0.09798496167770646,-0.24686487669154444,0.3889464513667004,-0.310594912034496,-0.015128362716991568,0.9365906430399359,0.0,0.0,0.0,0.7678312140338953,2.9390858458508027,5.959786450959439,0.21804990091652673,0.03024608286701635,0.025133703223044188,0.7721729675043298
-0.0006313305604383477,-0.03493395339275066,-0.017317612999513857,-0.0006017082564808774,-0.1548112744056048,-0.03621353036992744,0.018581699362135086,0.0156133974399488,0.02065308424927079,-0.08031236024900756,0.12335588319132429,0.025791631610597623,-0.006357694558289458,0.000428542097741923,0.2827238170635951,0.32543721386247054,0.014197365078077201,-0.035128106177867935,-3.218257452275846,0.0,0.0,0.0,-4.4294171943527925,-2.8579237351947713,3.9871907849338384,-0.07716314113160708,0.26057517086034443,-0.26871980515344607,-0.1509043764329334
-0.0024734289539263734,-0.0207613943787008,-0.005949060564496853,-0.002822969518858185,0.3565514352684487,0.054382379737093464,-0.19565268670675837,0.08606904663471554,0.008138337322681665,0.053705685502881545,0.13219308067549584,0.02939395623880634,-0.1869647676162159,-0.2647091602531472,0.7664353134777133,0.08640580554554983,-0.07954818785461563,-0.019159643826419624,0.7473920612536366,0.0,0.0,0.0,2.429218252528585,0.6175748861680243,-2.500928153719292,0.6539216083508769,-0.0985260885886106,0.18926786612824453,-0.3296405825005109
-0.006399067315961775,0.004995996117942794,-0.08800190771087049,-0.05795899650634745,-0.9224833862921034,-0.5080275930207543,0.035875463879206884,0.08843543277330645,-0.014978386877451767,-0.07361803633286432,0.052091651117274956,0.02005593403278143,0.008355558568036308,0.1659105679133591,-0.6741974346933964,-0.13707003832602785,-0.15996348501257757,-0.05414639269221557,0.46055121913026925,0.0,0.0,0.0,0.20977989902567495,1.4816708372738612,-3.810900741380419,0.2678814321219924,-0.3935387409087549,0.1572340328084996,0.8953456145912981
0.0015457641294807267,-0.008824783623251016,0.012074180016637407,-0.003778061731347581,-0.451955794765059,-0.18357853629966533,0.3276801085107083,-0.001767429091051743,-0.17430463046549285,-0.0980126681769256,-0.14086532924437287,-0.04133639321979023,0.026469125685249315,0.0068097450394666815,0.4405972864955092,0.09653714455553979,0.4735088494813501,-0.030587753876512733,0.7192019468649719,0.0,0.0,0.0,-1.494918342353699,-3.3840849933238593,5.679207235396125,0.0657485130369324,0.4973179694009415,0.6651824227950316,-0.5594506514137522
-0.001805435832555123,-0.02139608817299372,-0.014077226792970998,-0.001119923152477591,0.3691201413249537,0.05987825720099594,-0.049179945850894316,-0.1632441041283275,0.0733249539657657,-0.03731202127385892,0.2067985050194601,0.04640446737261072,-0.004837497625855586,0.4076341486843009,0.5177633098952708,0.1798713996109599,0.2569288213026587,-0.02071256552490894,0.7693614826255558,0.0,0.0,0.0,2.6270064361148795,0.10574023913932644,-1.6164203703265756,0.7974235221366313,-0.05855464897857931,-0.3200225003388938,-0.31078657074423693
-0.00629288132876953,0.013074583646213393,0.033964412546023864,0.012504090476144473,1.0511793295240088,0.4262466981119341,0.12663179425676746,-0.09561668929396902,0.022831143291326513,-0.11166126322633202,-0.36122050063105643,-0.06252472819959301,0.07338271859096497,-0.02787863716978657,0.7433744009079788,-0.06344443235162317,0.017221967725244175,-0.05916998559695764,0.495716532993779,0.0,0.0,0.0,0.9297347566704979,-1.8538225596670468,-2.6956789041793434,0.397489934789071,-0.4516560832609637,0.12486615407149144,-0.5831218766339152
0.0014179065540008422,-0.0099055251444477,-0.0013956532846959814,-0.0045644889100723935,1.0043661730632136,0.2761775195298902,-0.15860293798947606,0.056405862229545446,-4.658861564502809e-05,-0.038365331272686654,0.10218247363936965,0.09138047330288458,0.7786344706025593,0.3814203717183945,1.9757378519484172,0.17534186761660495,0.1028410676718752,-0.015127661779432328,0.5605696883004875,0.0,0.0,0.0,1.0469063675056611,2.331184087202215,-2.5124279661236217,-2.3160414425023625,-0.034859879188515935,-0.01582120144559319,-0.17024481636561622
0.0,-0.0007524218960151642,0.02604311280434868,-0.0799825379750658,-0.4900697989855765,-0.1917444873677442,0.03964035244671767,0.07063604012807252,0.06280266123395993,-0.05958446124316213,0.03639986074437973,0.06391587358904975,-0.02261731703323897,-0.0006685470855782395,-0.4528517985046025,0.08832086421493578,0.05138419559327488,-0.018606409812848772,0.749803275175357,0.0,0.0,0.0,1.1576097448372773,0.07288362596594314,5.79932921514606,0.37362310385403835,-0.022653807476882698,-0.3029836058555875,0.07219071069350684
0.0,-0.0007524218960151642,0.00874224605460391,-0.0709306891200838,-0.45214241407357636,-0.18001428863172314,0.05723918602378868,-0.12960996522605261,0.050860228463722484,-0.13277516764673125,0.03497786773902484,0.028315823292638966,-0.08819953506024143,-0.047277127367424114,-1.017702841496207,0.11180882658641637,-0.1678511716609819,-0.021112678469341492,0.5272855501236607,0.0,0.0,0.0,-0.8957948464561782,-1.783706292518465,-1.1075697960587356,-0.052281761178779494,-0.17922021369137447,0.35518802398308064,-1.038323480061149
0.0,-0.0007524218960151642,-0.020224992472288175,0.01108611728622459,-0.4618520881396666,-0.1783171773998753,-0.023219041903114253,-0.02971308162103017,0.04459841474959059,-0.22191348150077353,0.07153688892077134,0.03234666031062857,-0.09475665136856387,-0.01224925838960721,-0.2662469256862796,-0.10819538346204813,0.16301169978848165,-0.014139939315034312,-2.3453009185002793,0.0,0.0,0.0,-0.9083293340816404,-2.492153590275422,-0.5325135422672533,-0.270334212380145,-0.11071515763387937,-0.15971192127952272,-0.587916745779899
0.0018284844272083887,0.0025010442616518907,-0.0032849644071084177,-0.004087549018905961,0.513035823364126,0.1663406832712355,-0.1825695381554515,-0.05848893774579031,-0.17326351982055568,0.08613245599722565,0.06285757270915988,0.0892179269200876,0.08714671467107159,0.02453936168872633,0.09420909057056127,0.19719313361761842,0.09917112268406453,-0.01539166634816112,0.7035382506403384,0.0,0.0,0.0,0.8367291354409742,2.1346663002785733,5.616312930522147,0.4300685446789818,0.101882539356922,-1.0837287488405265,-0.42152980505189885
-0.005983435568604029,0.0057886814885850365,0.01859307845204753,0.003951272543884611,-0.5391813485512266,-0.2111315281697613,0.09339206360772208,-0.21125972565060316,0.0046829328235526635,-0.19592919313907647,0.1888399747434329,0.05137341179271573,-0.06155189195825358,-0.1264196181352486,0.43464918477296693,-0.21229636811813554,-0.12991906123834204,-0.05586611812513383,0.44699908009393935,0.0,0.0,0.0,-0.9090683242765564,-3.14773057535616,-0.6161185915686866,0.4972448251889305,-0.3400764868928149,0.2803305759635677,-0.605103613457549
0.0005713616419020598,0.003347387797488638,-0.002013729244674616,-0.005187999053461686,0.38301273565327687,0.15978312623776003,-0.31656976183664837,0.027814088831569654,0.009145315920281361,-0.0013119114933231877,-0.11676480228313209,-0.0042495378394646,-0.004720916645707058,-0.026056745563906927,0.6126269782209577,-0.12269638904075399,-0.07656626309315882,-0.015497817394546913,0.45212496275769154,0.0,0.0,0.0,0.7296698579431757,1.8624940007418396,-9.66142069049255,0.18681292895707585,-0.08119008079746325,0.06043672601451369,-0.36872055259643616
0.0,-0.0003089210789274375,0.0025001407134829273,0.011407968011269276,-1.0066510686030492,-0.5261278836189993,-0.04803821747688616,-0.01912825824355384,-0.1742277714169931,-0.09463210851055097,-0.3183842600861741,0.18468167331688506,-0.11790108768515767,0.04555348199758949,0.9528366876903681,0.15388066747230777,-0.17428527893244894,-0.01695701772510063,0.49087989078006433,0.0,0.0,0.0,0.2873852045270507,-1.0690356026240526,-4.408190394863157,-0.04775559823895883,-0.16695052360010582,-0.4861503137368816,-0.48806105970375896
0.0,-0.0007524218960151642,-0.002123312191731239,0.02058848650958389,-0.8158184855087286,-0.44920817152211756,-0.04986230301581544,0.03323118616155564,0.029154894607431144,-0.08445602655844112,-0.19507688230167203,0.0060302450866876805,-0.11009318461315759,-0.029811532401918004,0.3819370634609308,0.09277825730266853,0.18582947779194808,-0.013527861178893074,-2.30117471450314,0.0,0.0,0.0,0.3007991166999199,-0.19676422086585083,-3.6479657333198494,-0.5120271870173283,-0.1183867461310293,-0.1976984944986541,-0.6141202616426701
0.0005853401580607245,0.03189031414619675,0.017516124664316613,0.00368495121785931,-0.357607806813261,-0.15068872935071057,0.2121230825982491,0.005243000078323446,0.02675442106333474,-0.06938600776857039,-0.4865583717449275,0.04887715495876382,-0.07701844462682135,-0.16044160875107588,0.6236125695189347,0.1384230812582793,-0.0982683197926548,-0.022652744978717495,-2.2778723474649376,0.0,0.0,0.0,0.7276820513475561,-2.0351266417270644,-0.2827719283179108,-0.3959944099600384,0.3794056222569498,0.24939724745364347,-0.6295023815759048
0.0,-0.00019211792904105449,-0.014408354657626004,0.02030273396238012,0.4744459495260968,0.24708179421632104,-0.15635805542294287,-0.08482763879485676,-0.06917478532696145,0.49007272967196885,-0.231913617102204,0.0400506458752504,0.012494188412944885,0.0817092953885756,0.2932969590198787,-0.03694937686926189,0.17984331047549143,-0.013903169674264557,0.49632361411433956,0.0,0.0,0.0,0.7229927254726027,1.3710448139332143,-8.401269794123783,0.3619135529686057,-0.12096667957956012,0.01183474590543367,-0.6480758789404988
-0.0021212227693992143,0.023106756693332616,0.05151361919051419,-0.002822969518858184,0.1406300571609502,0.033184319132605125,-0.02355728625469575,0.0455422111149177,-0.021940140155263074,-0.0066012488763349565,-0.4395934134814266,-0.40126839249268775,0.24651264459516561,0.1619731695826103,0.8610989794161494,0.004694101712903119,0.05993325089582015,-0.019615457015666124,0.5571996048782776,0.0,0.0,0.0,1.361354180267812,0.7635318323131424,-8.65821989846538,-0.4991514545792037,0.029512080710643655,0.29941264657316435,-0.501670366359353
-0.004622489233886334,0.004251863020473116,-0.041050221449001334,-0.022810504306759266,0.44338179180903076,0.20290596900724214,0.14520818015483555,0.034411906173051364,-0.05179794084651009,-0.047894907371524346,0.12747564667961903,-0.03847335673675796,-0.030952462366616015,-0.13395756066797165,-0.4302876767939639,0.7298271372702173,0.3808082975785948,-0.04126729329373799,0.4685599982167181,0.0,0.0,0.0,0.6622910110531348,2.649490310471891,-8.878476086110572,0.30626121827019476,-0.36119462437021077,0.1968231137771844,0.6861978375614193
-0.0023616764178316083,0.0026252507916371365,0.021428924872823038,0.006110813988355236,0.4990281872403079,0.1573723963333226,0.28934400591421244,0.05078487862991069,0.01673470559574515,-0.02721926248895581,0.1961536984875731,-0.07137946255926422,-0.05828222245670805,-0.18467171050637252,0.12697460923967116,0.10200780457004013,-0.02130480322184164,-0.039204459946117536,0.7153616251611087,0.0,0.0,0.0,1.3190837673392979,2.1363654981482685,5.806643335703846,0.4326656390857179,-0.16726110154721507,0.4054259193346057,0.12178911248099682
0.0011514094409857435,-0.003529663773796528,0.04410597633482659,-0.0084932781276088,-0.5029815512942547,-0.25479417956623374,0.2935458560927864,-0.1743219148068187,0.02085564331927203,-0.12953824706020783,-0.017512504381827457,0.03155383999283963,0.1554148080164568,0.2484314452066292,-0.10006841730032978,0.03443020625082504,-0.49772417470118246,-0.030625122479944436,0.5325312303048078,0.0,0.0,0.0,-0.8320605367420519,-3.8930906799001583,2.2615609472388662,0.47395272868081456,-0.13194565653699067,-0.17946239568781666,0.1088801953765282
0.0,-0.0007524218960151642,-0.004978799299433964,0.02180086369206229,-0.48144229789782167,-0.2360985715208827,-0.08625158006688573,-0.010658483831123052,0.035469226178746094,-0.02279707742195532,-0.2339455829715198,0.12659367306296943,-0.034653938254549654,0.06053700490210178,-0.004008629515986317,-0.04396008037501344,0.12294797483493274,-0.01105067683944666,-2.0473986924487835,0.0,0.0,0.0,0.4239568313595473,0.736200534730649,-6.586596970579937,0.18793125212560438,-0.09830078699591273,-0.034190432928690354,-0.1115528085041054
0.0,-0.010061146210619794,-0.004608317138859749,0.0180231071240409,0.5700504650939744,0.25336554531850775,0.0874359924803637,0.05715958202961307,0.04826279499900632,-0.11616409383808299,-0.39320366699311476,-0.44446674217686866,0.029749242190882833,0.054036790737126306,0.32653951842580453,0.11476909741663714,0.18291264681520075,-0.021335360037464737,0.5685004544381189,0.0,0.0,0.0,1.0414293305426952,-4.343796727724499,-0.3868021370107207,-0.10676026074495176,-0.3304520802244797,-0.32514897729502656,-0.6554164614015132
-0.0060618573747600645,0.00197161353946499,0.05773333852063385,0.029455209935463387,1.143932750301944,0.36247579436582833,0.004827315671275225,0.05291108353936228,0.010352221265599426,-0.012352000436778544,0.0022788084114187027,-0.12651858061840282,-0.09176756930358193,-0.016935130995040633,-0.2043759451917011,-0.005623107074690836,0.317770486234838,-0.05895165917981642,0.4893551862844307,0.0,0.0,0.0,0.8860294483692226,1.7006790304141448,-2.770908536348572,-3.125798816300055,0.29071029717864566,0.17311267112141673,-0.7135282584526315
-0.0008849581076646657,0.05414427462678786,0.057563186393649296,-0.0011199231524775914,-0.2344829921880046,-0.04972463654525616,0.02186038024320515,0.1465060523130419,-0.22688592596661775,0.39105178709288657,-0.3484168839582423,-0.2053535845349808,0.11888433736972799,-0.10018133890659714,0.76628054982743,0.16424465384608547,-0.0025542158698006728,-0.02144603682945102,0.6339251453532647,0.0,0.0,0.0,-1.435314188839006,-3.8635074638191638,1.7443178360000962,0.4080517328100917,0.07508627866902495,-0.7036502729104419,-0.6813783211771476
-0.0024873655995253704,-0.00339199761304971,0.078297200213882,0.0008322902211359571,-0.2793985622234076,-0.09099994474532269,-0.19619313140414169,0.03571851797826984,-0.019850851515772792,-0.012786093415788546,0.11302158559591775,0.02914154586515008,-0.014590998573781117,0.1669940749734452,-0.15182882365434605,-0.682264952897249,0.017955172594709676,-0.019387780818062,0.5882838072748641,0.0,0.0,0.0,-0.8424443220717152,-1.6661994865499867,-4.063635136796,0.1171859323185433,0.22955722372595122,-0.00422753693899728,1.1107224061029743
-0.006986319739691578,0.013420698506896549,0.04888711105925627,0.021501504974363667,-0.6295664697701377,-0.30086994750512586,0.07172913194590295,-0.15481936762592188,0.008333524421061033,-0.09783386536037202,0.14635029779615805,0.048452644232524086,0.20799021374314328,0.2643719260862864,0.4895209713603997,-0.35139758523269543,-0.15861714206168767,-0.05127388257918019,-1.8607679838655895,0.0,0.0,0.0,0.32790160392540385,-0.9000683388114765,-3.48195042179505,-1.1001758990287278,-0.10305912057007825,0.1020463208737831,-0.5712226126373439
0.0,-0.0007524218960151642,-0.008352823640503132,0.015518595349954045,-0.589344402469692,-0.1997433894538033,0.10061514470048556,-0.09388864609971476,-0.1107493743956451,-0.1440736580037561,-0.1944437033217281,-0.5947734605989865,-0.04345588527999253,0.049294674323817345,0.41697452572290544,-0.1689094763033998,0.053606796435409984,-0.01940706240778504,0.5799853285042297,0.0,0.0,0.0,1.2097156403448088,-2.41443004470569,2.5587940357139543,0.5096262215313039,-0.23410327277873363,-0.05261481466953861,-0.7899452495766847
-0.007021530939359128,0.016035997403568595,0.015476382867894985,0.0018828539310328332,-0.4154276443700005,-0.3026432378846123,-0.0795469837114935,-0.06596108078670543,0.022184811441919593,-0.08934657531238543,-0.46259607095323424,0.07226778476309688,-0.08358730202779613,-0.05667284731401709,0.39112895794555425,-0.23637710045585014,-0.0008124782526342869,-0.04955168450365202,-1.7181973144024678,0.0,0.0,0.0,0.2987588938522254,-0.9357495220257014,-5.843298497205259,0.8191556363757021,0.4382556166339809,-0.11928479979379214,-0.3144569063915426
0.0015059736437237914,-0.0010290320396948583,-0.010569156337777936,-0.007927621919567241,-0.3760740187420326,-0.16136512323741647,0.12508437010444956,0.07608601619836372,0.017802167750138702,-0.09550704960210771,0.061095574595465114,0.0702584877355483,-0.16852435666227988,-0.08442093471371524,-0.7565087029629833,-0.018903067611973308,0.4171838329169674,-0.020454047458342495,-3.1851996838506906,0.0,0.0,0.0,-0.5088068405519571,-1.9441293787932625,4.985904717858306,-0.6642129426435288,0.329001774678698,0.1598798780414705,0.11224521803110035
0.0010423478125350543,-0.002809811804428448,-0.012844981015275734,-0.00577573713675562,-0.4206285505701311,-0.21796245077129414,-0.2673623057448039,0.03459438666148496,0.05280393466107068,-0.05810547027605787,0.09473698338792799,0.06329732606030355,-0.2479546151365779,0.05938393984434251,1.3173474903872222,0.16575560680338064,0.2403365169540639,-0.02928670970667203,0.6591135331518415,0.0,0.0,0.0,-3.9511275089254823,-3.7048443196881045,4.911782626308201,0.06172598970709635,-0.3141593048270886,0.6684233329236647,-0.19551290809536978
-0.01068475645680646,0.004213426538723717,-0.024150162630333177,-0.012031348189220322,0.4048012105482491,0.15134350835429244,-0.8261178711604928,-0.0007232512503206013,0.0043241512407415725,-0.08798768949830743,-0.1369108339347761,0.08149334908134004,-0.008505370722324185,-0.009161929090204489,-0.7281187777639269,-0.007232702050251574,-0.2738258878572442,-0.0156877315726038,0.4394564649286499,0.0,0.0,0.0,0.6617238922153517,1.8836890447898342,-9.45378292363323,0.4282467175750259,-0.12684045286522988,0.013443087418536294,0.4642746420575331
-0.002024143232989578,-0.0047679738641227916,-0.07534561565337672,-0.0023289677781473967,0.11642676477485724,0.04675412563926271,-0.01700122924920352,0.055425111074314366,0.0014468187548738413,0.011510484358116626,0.14030214672504243,0.02987818344210541,-0.02667954024830152,0.09020054751856603,-0.21103248905339475,0.09140857736858726,0.1819660059934127,-0.016567150941858982,-2.489205291578749,0.0,0.0,0.0,1.1760993221370328,-1.0641579509814498,-6.892704919048303,0.13853447758810022,-0.12333191152021115,-0.17354817297202915,-0.20485617291727967
0.0,-0.0003089210789274375,0.0011198500137889946,0.042761337479768464,0.4851818366807152,0.21637577018901724,0.07445932582340048,0.034619877601253846,0.04314911934649588,-0.03341690650792149,-0.18010897902802503,-0.3068082375931939,0.02448646504557353,0.0840637221896684,0.8734073581666474,-0.06087201913814054,0.0566707372463113,-0.012634522133313654,0.8607559234021,0.0,0.0,0.0,1.406982562114493,0.3457000816287352,5.774137974388875,0.4059762223235333,0.06298301947667627,0.2127673321537823,0.6278684507455863
-0.000638162079706476,-0.010976715556256155,-0.04729419006890931,-0.001486736084626793,0.23403800617040088,0.045612222390324524,-0.07798280336048992,-0.11615804938524356,0.07111755223324646,-0.04593779512029231,0.05842708919096865,-0.16657553567241967,0.10699018051536827,0.0024605530461660028,0.5670816198922881,0.1207463520117826,-0.20618188706233556,-0.020320782861981142,0.9215223268884963,0.0,0.0,0.0,1.8767130094376852,1.4946397826103288,4.938430898018171,0.5597685755140197,0.3386523457375882,0.33628824566340937,-0.16873679472102276
-0.007963401703944686,0.0027743515351333348,-0.012685858192597408,-0.02622786108331946,0.6321859763987638,0.19247915946231653,-0.37303878287071013,0.05596565085856101,0.0015353782980318405,-0.020015986653558363,0.052677530644972326,0.06558368518246288,-0.1498981124090751,-0.28231406275514404,-1.1287127707095135,-0.4099617522730431,0.05728340510925666,-0.04980790307478945,0.5350376874538356,0.0,0.0,0.0,1.0470292420405536,3.230732439487765,0.4561129021270114,0.4918111940737229,-0.058900468448524326,-0.5403712179747995,-0.890728363287151
-0.002174705166455636,-0.011598399871899522,0.04004293754871678,-0.015222012929652083,-0.587920627154007,-0.216931828319199,0.06174091438095469,0.1070238577926677,0.004883809850336619,0.6988718719327917,0.12894844282525103,0.07564365798927242,-0.08638152928861705,-0.02900088996923973,0.3186365658827163,-0.10129803419450373,0.15726263335904936,-0.062134931058947615,0.5478915847878016,0.0,0.0,0.0,-2.0547675010946893,-3.2824538048363987,2.0350022399896184,0.5307098800018338,0.38601132088103346,-0.009006723720871315,-0.014894782960441588
0.0,-0.001311786244434838,0.003866924800043236,0.010376489925413655,0.4080160598806541,0.20978371035468377,-0.04474353580477839,0.037312536574209514,0.03402529099517111,-0.05044601761467256,-0.27001706431100997,-0.5472885154390216,-0.07630862759633579,-0.0900752422358883,0.7533000365470417,0.042346127353257115,-0.35001132512980465,-0.019293503774153117,0.43431752953807673,0.0,0.0,0.0,0.6437081195598618,-1.2491045710525606,-7.320158381974715,0.3815047553943571,0.20880186867994713,-0.3526380816272285,-0.8058416529595074
0.13694848019918757,0.002472847749126389,-0.03002461253729776,0.022650536766235074,-0.8811695115586163,-0.4145218909795251,0.04773513734009518,0.050496972629476826,0.017273118962588034,0.0063280752050368224,0.08125554937728492,0.025609462332198334,-0.0743103852960925,-0.22903085094603057,-0.9622213653954471,-0.06454865742222364,0.12455686841817566,-0.049050713216398895,-2.0384304563114974,0.0,0.0,0.0,0.2771637547514878,1.123381189891463,-3.107962948013976,0.3034578640671928,-0.4197400413513596,-0.05084869515599087,-0.721842200027991
0.0,-0.00019211792904105449,0.0031264552761162486,-0.018150965646533672,0.43017090704264865,0.1764954382141773,0.4676261961913722,-0.0745941047835969,-0.023405156552219863,0.20668881173083928,0.09261786639114669,0.07158888199552212,0.029163900598924958,-0.07250976497096076,-0.5238725714762258,0.059162228110668375,-0.08812929203489225,-0.010574210875074725,0.5341808806292698,0.0,0.0,0.0,0.6632409485121663,2.232012752729428,-9.12958932157826,0.3399276489069089,0.29669165948656046,0.04438721912514135,-0.042043059454640784
0.001022797855453621,-0.004297447729735132,0.013976670382390324,-0.0049045286667788925,-0.4593072154096504,-0.22566538144933895,0.3750095143697264,0.1596449096344522,0.067413225211775,-0.1422300490773888,0.10329579495686539,0.05394776261495326,0.03248806882984022,-0.006527054813911558,0.027369366458027053,0.051404321739071286,0.19755814856097764,-0.034996564705229126,0.5746725938142236,0.0,0.0,0.0,-3.6845740084529424,-3.5093909966646035,4.558500290205005,0.3111093170596588,-0.5632969183580907,0.23825362975758957,-0.3794138283042949
0.0012083512665947867,0.0035210080991460568,0.0007444522144958586,-0.006786866300786821,1.12143386259749,0.33371917150329844,-0.3301807118172013,-0.11314250829753261,0.017986113598739202,-0.05573523154067664,0.1174457296186533,0.10379454214257793,0.0012289703889410324,0.0407443768871368,1.3587660159726092,-0.2165927919270525,0.16045586810238896,-0.015284005204622258,0.6026111634421332,0.0,0.0,0.0,1.209415999732647,2.848151029600165,-1.9728500307254158,0.7935620176401871,0.07872965460068254,0.02061143730624324,-0.23332445991701836
-0.0008359095078574741,-0.014358408070441475,0.024813846971363674,-0.0007546162593607665,0.24653512846788866,0.0689588020153807,0.1335519089206622,0.019537525338683054,0.014440377761614383,-0.005617669743029036,-0.2514114477978772,-0.127580724449505,-0.051900507189322286,-0.08004440655604259,0.3715919986416394,0.15096652708069128,-0.3916887728571887,-0.016231913359356025,0.8441082873405337,0.0,0.0,0.0,1.8756249545518269,-1.8932472018196393,2.9423325596311214,0.5925989616674892,0.012649769472245179,-0.1910733808404015,1.5100949714822043
-0.0026486609587379664,-0.017633721415192594,0.018989222944508017,-0.001119923152477591,-0.17565765454820367,-0.04541765847986019,0.5375694081241411,-0.1515623198089799,0.049936766776149125,-0.08053183470790415,0.12831949533840092,0.036303133895637794,-0.03820763707107439,-0.05825567507215155,0.5153945230331293,0.2414403132795596,-0.0019051340986856267,-0.031064536496372256,0.626902732469886,0.0,0.0,0.0,-3.92800394365753,-1.0422139362796214,-0.5479863920625817,0.2966721483279892,0.5924736388593834,0.22120846113227682,0.1432802734489603
-0.0019932423667858644,0.0031604402472622723,0.08870128025511576,0.011390248254955403,0.5760722452419889,0.16944521999173526,0.03028647726012885,0.053489042961255465,-0.020894055017971907,-0.04484227991568539,0.09930351709994825,0.03867165660616894,-0.07756416971022968,0.0033852836304072292,0.9209051790030035,0.16367153228850168,-0.10474405227341727,-0.042167558396118174,0.6513214860593407,0.0,0.0,0.0,1.3856912575535594,0.9666390894474786,3.6138137830022377,0.44280974715891375,-0.1130473765311341,0.19240354267466458,1.2507740972666486
0.0,-0.012373040681511448,0.006657929070453203,0.015044988377992079,0.5136559299813088,0.2880715164000286,0.10608027413918446,-0.293989164726627,-0.24246317542995707,0.10193930764090224,0.06928413263477862,0.02363970143562343,0.16941340288528273,0.14677621231156124,0.5523316859150094,-0.2503304541796087,-0.1852160108225457,-0.03702084202734636,0.4819356687940518,0.0,0.0,0.0,0.645457215809174,1.4708255763452904,-9.35911464397853,0.27175587755195224,-0.08921484230605913,0.4474112534631564,-0.05596496965101337
0.0007177520955756351,0.004423250005376835,-0.013715496453641845,-0.006030552077440035,0.4324948081680821,0.15775938016248067,0.1658394057793366,-0.023902965811567107,-0.0761981640912991,0.2187931593607917,0.08644020368268365,0.10901239568553721,-0.012570741382579692,0.09459624659706153,-0.7596865584657182,0.02593290087409155,-0.16902809767588864,-0.013707876114489448,0.4619124551348701,0.0,0.0,0.0,0.7481010421934218,1.759296975335239,-9.225336982854277,0.5237190270890738,0.02156406908715759,0.058814413135677944,-0.19061953463044723
0.0,-0.0007524218960151642,0.006398096268524029,0.01136368100593583,-1.0257830629128601,-0.49462236200800735,-0.3134912086063554,0.0614510011841965,0.02006769567550404,-0.06304607900233665,0.03392908223877507,0.058838598166173255,-0.1176100035261867,-0.06985307039135732,0.09376358124039946,-0.14681311508979952,-0.21593745186270683,-0.017233930793662623,0.49950560340413974,0.0,0.0,0.0,0.31253125908348917,-0.7669494107723412,-4.545172769946034,0.06210532302132649,0.06437190518782923,-0.2724180079229605,-0.34455571657194195
-0.0019865464683451505,0.0165687739529148,0.11394268952554637,0.003781328244368267,0.5669874310030999,0.24842685087696467,-0.0438369881517988,0.07284932702369498,0.005653473170838521,-0.028053173669586054,0.13031795393098172,0.04994525151124887,-0.10875643839960777,0.10225688967076199,-0.04628087925373676,0.16070571548728166,-0.15257181431297506,-0.04723322677257379,0.6659874250704189,0.0,0.0,0.0,1.4788938199892425,-0.9199519402337095,3.56775514686613,0.7586213075318302,0.8065283679482533,0.37565916957171,0.8281731476687982
-0.000677855638105553,0.027582893246497493,0.0524062939888463,-0.0010210351225786844,0.1861898895633403,0.051380704882662276,0.09260632506251493,-0.10228636293273845,-0.05745114864888004,-0.029097848455755162,-0.31683591632691216,-0.37846833010689457,0.13035275571459778,0.16858908812108486,0.7997059989885796,0.11776301561594561,0.06349084509669257,0.5018584817059962,0.9745969896419043,0.0,0.0,0.0,1.5867572391691975,1.4369112264436992,6.293290138189024,0.3822928231169031,0.09820677301783132,0.31858543974319325,-0.04104787130661221
0.001849083805155807,0.003232214977372552,-0.009261635530463525,-0.008702216837848152,-0.49888135922698285,-0.18228383481921293,-0.19142970140117332,0.05556634582454085,0.02731845264446201,0.002424800153211833,-0.05019382699281624,0.05539684810198753,0.008446341349608777,0.09380636259321969,-0.5150025324896356,-0.5555634939913265,-0.49788846663443304,0.552545481881241,0.6812412984026798,0.0,0.0,0.0,0.9286478904509742,2.3058261479067057,6.97008275892221,0.05877337956607586,-0.1937570656761965,0.5770969046136302,-0.1570994013118737
-0.0008311115512901458,-0.017600698035444957,-0.04251895976408395,-0.0007679046007141199,-0.1974404827898137,-0.05410033429698231,0.2292398988140693,-0.16597062120481068,0.0795974986707564,-0.07769326032498228,0.18327506889478726,0.023053354936123642,-0.019589248972557986,0.017856018700681736,0.11040142292561572,0.6434479284367395,-0.07847539837392285,-0.030556889641811445,0.7619385506288211,0.0,0.0,0.0,-1.642666030772861,-2.6543932448328036,5.577494206614489,0.08340687599920187,0.4084039841382607,-0.40316376303323687,-0.40513448057161155
-0.001941605594310967,-0.007549371487223614,0.04399824812379128,0.0015526451854315974,0.19894967243283393,0.03936960251842012,0.02087462773726916,-0.24753716125637923,0.03095449798060568,-0.024690277979787133,0.10556296165470108,0.0301215216058508,-0.1690649384880685,-0.07534008143229738,-0.6540879113355443,0.5671786670753186,0.190477529885176,-0.017282933438089655,0.6831572999465383,0.0,0.0,0.0,1.7777613630479732,3.577366955993094,-3.3973536448711603,-2.9597500039692988,-0.09735683055953431,0.13913423189641613,-0.08441791841367619
-0.004222244829971308,0.0034239503499696624,-0.02780691644292375,-0.033083864294153977,0.47146517267690075,0.19123309002487654,0.10518334050011433,-0.03146912438419101,-0.08714274160186214,0.01079148351374268,0.10083841456815297,0.042968857663600285,-0.07998195909572638,-0.26932790085141795,-0.6990321975369982,-0.18824356566914466,-0.19687861410602717,-0.052581992158082486,0.41627777739262994,0.0,0.0,0.0,0.6822221607294332,1.317273320010773,-8.756113918398473,0.38066047135628295,0.3186976182078716,0.057932471513334104,-0.2214152333892404
0.0,-0.013635608195038626,0.007515347181357674,0.00599462454438614,0.4426678740737423,0.28287861246292084,0.03264885506326483,-0.06736060787435355,0.046538766778700974,-0.008729125800574765,-0.07090374526599547,0.027969289698334017,-0.12915430841027678,-0.09655104290354302,-0.11958374782885067,-0.10691612706624923,0.27918749966283246,-0.03932079780040824,-1.9580910849504802,0.0,0.0,0.0,0.5711248878842649,-0.9613264950575685,-6.53641099236427,0.028797184850957745,-0.0017254505130588917,0.04813990583095211,-0.49055693962123437
-0.0022387639944538348,0.003352431063036157,0.06337283467839172,0.011606700972137297,0.6234237260241297,0.23492650648660526,0.1808920848993517,0.06154860758638186,-0.08116014660363825,-0.07650204367854176,-0.4394062463644363,-0.06106173040367269,-0.0807516892585183,-0.1980784290709614,-0.05192671354842338,0.36228700460834345,-0.021786429350330056,-0.04285139623174404,0.6675939593411181,0.0,0.0,0.0,1.3651948190596568,2.7085558963473138,3.8965011245947534,0.5728603876290634,0.20892001833335727,0.008095047367671505,0.2671402269962375
-0.002042181601430352,-0.002943228005473996,0.03598194197136915,-0.015329667658422473,-0.4092391909110985,-0.16455073170431062,-0.09238137354698306,0.08156342496242085,0.01773295584759038,-0.07915465271019838,0.09805639866125072,0.041179387302086076,-0.05233114904273519,0.03548542153958954,-0.09711453463656924,0.27914124166426835,0.10582112019169099,-0.056976885391511294,-3.0207838599469174,0.0,0.0,0.0,-1.5510044997623196,-2.0608203284988784,4.728152001831219,-0.13873532526564367,-0.39222771984686144,0.02829040124789188,0.9255033719782138
0.0,-0.0007524218960151642,-0.006796146339364178,0.0131084149144243,-0.40415217329363456,-0.18901887861736752,-0.09176425229413618,-0.03716929952386388,-0.2058517834948499,-0.11568903057591215,0.18041397253996877,0.05302972103066296,-0.09217034888096222,0.003480960583484243,0.10890031127259762,0.10105264606299429,0.09331236070174805,-0.012221225911162184,-2.4457983449900875,0.0,0.0,0.0,-0.8572233958551251,-2.060816096075007,-0.4356379388985094,-0.07812263937111225,-0.06307178086305959,0.01347459303569316,-0.7200980483685652
0.0,-0.019034851721572387,-0.008383158030282686,-0.014413106658091852,0.5345261352647572,0.3300976736927901,-0.35368317627394347,0.08148592479107522,-0.03657729707231036,0.02495036632080363,0.024966738527247918,-0.020714438715481755,-0.08720908884495791,-0.1076004231729939,-0.6221820646615939,0.0225660320476134,-0.14778406412665512,-0.036205897424987914,0.7533914264631454,0.0,0.0,0.0,1.2929090933774114,4.051960649611414,3.729103881804915,0.5384792247545434,-0.0053141747066799165,0.049769344601002144,0.878461529853148
0.0006748849196488353,0.004397224313242591,0.0006568429193653446,-0.006579778214316648,0.4930764266723954,0.19258465386040066,-0.41370002111712284,0.022144350050824983,0.006962272872274628,-0.04935714844797324,0.0787335602776809,0.10020017782193073,0.015615737330159337,-0.015528804653888404,0.28357567038757253,0.00931780769386719,0.11744549978307071,-0.013072058287602557,0.44382394848714324,0.0,0.0,0.0,0.7467960050036127,1.8191046762800467,-9.27175980282521,-0.10556642692057552,-0.2466065309310825,0.08671316395052993,-0.4379457845650875
0.0,-0.039283230380942454,0.004454749524376722,0.012901899792014861,-0.5078985514242373,-0.27171842081293934,-0.05521885561890486,0.0441930538119383,0.07381036212783393,-0.01807879532563121,-0.004090211534041869,-0.05855250584666439,-0.13123959182654782,-0.04939842759668862,-0.8136772509607278,-0.15355298377720678,-0.19289403481407327,-0.0766491672484792,0.5970364704405376,0.0,0.0,0.0,-4.116235762603811,-0.9849446006539077,4.424511693846734,0.0656756651405912,-0.2099797987540995,0.042145070523363165,-0.42579140767076934
0.0007775220567783198,0.008470244768959748,-0.018451128526752274,-0.0061698694486569585,-0.46663897562989626,-0.23443285089910554,-0.07757213210708869,0.08964997662715027,-0.16222620291886983,0.5262317772966226,-0.03239467121453839,-0.0034101497121231906,-0.2518442541567046,0.11520252505604399,1.410254383532914,-0.142151526714304,-0.011357582061433964,-0.019143435299595182,0.5126346189360175,0.0,0.0,0.0,-2.5309063313321345,-3.4486154458007086,1.6203680154967606,-0.3235277097619661,-0.49106553789666146,-0.01327578529921753,0.0430716055016295
-0.005204759258200693,-0.006228460965440037,-0.09486733445882463,0.038637803521780915,0.41745480821441555,0.17361541756982082,0.22189764059510267,-0.0527903816195269,-0.05361928563564445,-0.019836950420355,-0.26971501893420086,0.0008722602117709719,0.04392065874938273,0.1557263241830801,0.8002959096801608,0.0700399014006043,-0.24011146404402486,-0.05232427815373928,0.4198019082723822,0.0,0.0,0.0,0.6590019785306325,0.6162177623149312,-8.40422153617805,-1.6374533571527543,-0.13671836945920424,0.04214848106548677,1.1620494406895412
-0.0029686589534687912,-0.002872321221329531,-0.006534746742220679,0.0008322902211359571,-0.1970028641473465,-0.03783491336319413,-0.2732417655770497,-0.09237476497287815,0.00397246392227634,0.29109317450144934,0.06895202645743788,0.005534692948953523,-0.04189687880436494,-0.23116759315975208,-0.954323400112087,-0.05516933054583654,-0.10119862448943574,-0.018541515396725713,0.6803410248735066,0.0,0.0,0.0,-1.7385295859545276,-0.157099650612061,-0.6203221043409689,0.2262833296812578,-0.3151801617550364,0.305326206447596,1.6364696854497047
0.0012421546345809042,0.010412789931213369,0.032292916002358514,-0.005860509142909021,-0.43903331929762063,-0.21715136462329157,-0.20413743386798525,0.13861270457958735,-0.08082721726583653,-0.10303002483919854,-0.09637768395541355,0.028140087324512987,0.041443137704231865,0.12908988945207236,0.37669673150628713,0.3144446108851341,0.20640774338127255,-0.02325022079254035,0.6399867607428582,0.0,0.0,0.0,-4.1505794805670035,-3.4086743870791394,4.612587812184957,-0.04512239338958313,0.5866641054628909,-0.3002108057200508,1.5779416354540667
0.0,-0.012680918628895059,0.0024552076274602045,0.004745842270667333,1.0942851622078602,0.6508987170051892,-0.10522455237581052,-0.06604736871943366,0.06880441445455414,-0.08884616883296369,0.12065685509765693,0.04299039033432921,0.2611882206369243,0.14711455798202527,0.03502230784994513,-0.031621691009307874,0.09645204820255178,-0.048107628495413675,0.5373833801172603,0.0,0.0,0.0,0.7238931623434531,-2.1840719045287815,-2.522613185060828,0.2078820928470655,0.29371277113980043,-0.7316852873150915,-0.7323967215863515
0.000666806842293176,-0.03937799964095188,-0.030855329212943445,0.00626801334410434,0.35495945945517104,0.15030624447137383,0.13051782712496565,0.13651146079771712,-0.0015637861279463585,-0.10340139685960194,-0.1055916452558164,0.06138670511513763,0.3823022936100618,0.2976522150086942,0.6450408766283374,-0.2304865620073745,-0.29056291898915865,-0.013151776547797396,-2.1570221213097374,0.0,0.0,0.0,0.6804631262579108,-0.7814794102710013,-7.049158722539312,-0.3456567688698705,0.01842051628929574,0.0016843671794867414,0.07104499087520066
-0.002260071084491974,0.008023556071892243,0.03632300393670892,-0.01560687506484606,-0.4234713698538693,-0.16599280728258983,-0.05098426205818689,0.09430676325118204,0.000706927772476257,-0.2263333499084214,0.12893033939337215,0.044129607876251316,0.13560215595828742,0.026554700539609382,0.47641461835389776,0.11366825970220283,-0.23425937555593124,-0.049693763769209524,-2.6759482450197845,0.0,0.0,0.0,-1.4380558759439679,-3.9411933606886222,4.0801640450691234,0.03169589289263279,0.46752266711366963,-0.11931983066421376,-0.17850196925444692
0.0,-0.021749371041827795,-0.011216222156341603,-0.01084439316498412,0.597652388183154,0.2932326419859983,-0.2736975064335863,0.03293386607283311,-0.0746099003882917,0.21713007093679873,-0.015192431647674934,0.0559045006366138,-0.06091950953291867,-0.052693862334073166,-2.3490994390313293,-0.5835695466123627,0.12521695351599205,-0.042643876344963604,0.7440770226890062,0.0,0.0,0.0,1.0977217224728693,3.2743461032972427,4.290377458063647,0.5102255564471819,0.3659629061505585,0.09889146284775784,-0.3212825731835516
0.0010632766157513962,0.0016805805567087827,-0.013411405456334895,-0.00871067096933768,-0.4325907251422137,-0.2265547906580546,-0.2545683819470292,0.0885583469743113,0.05318263901807173,-0.06266406151265352,0.08468322823211266,0.0611216126276076,0.1666108995477131,0.16999492994867071,0.5027359429629812,-0.20415437751830273,-0.24528688513537786,-0.025337042009626276,0.5917202456683999,0.0,0.0,0.0,-4.466702278616842,-3.8882261871686468,4.838593306981046,-0.07521808225759632,0.4922112202542964,0.12357298614656038,-0.4781328260226879
0.0,0.07307210116610877,-0.002251813948190925,0.005562693351553621,0.9009482491061032,0.5782090016822072,0.00839954877237444,0.008465555757899822,0.029580750544240343,0.1737764544904759,-0.22395791106784846,-0.17039014335240632,0.17077114916143057,0.12788522496803065,0.34446962286198307,-0.3557357166176206,-0.2116447808908315,-0.03912622754941473,-2.762840188015437,0.0,0.0,0.0,0.39978614260177137,-2.6827382835182094,-2.213539402734828,0.48437068942292466,0.1412538472179251,0.4329999821874594,1.1123807996662758
-0.0019372993612916875,-0.0032070014272341054,-0.011010767126071554,0.008341962101607718,0.5567614925879716,0.1784680596966958,0.10609019927926637,-0.11769459772723675,-0.06117734580394926,0.28628557239298996,0.09724783860796847,0.05065946758326289,0.17083789739577773,0.10320369320119488,0.8576915229916587,-0.13524394877975673,-0.3488566112632828,-0.037495857056897355,0.6965734196683092,0.0,0.0,0.0,1.317530710189951,1.8941920956560157,5.385249963265902,0.09455617719401839,-0.1179404869061827,-0.0605695786333455,0.9634721834371804
0.0013519545813204775,0.009637855026910804,0.017583732468000185,-0.006019457002726167,0.8238054206533599,0.2784752334762498,-0.4150221376167156,-0.006138205453251826,-0.047290115509979906,-0.01139113925658924,0.05985924288271053,0.10398054934736159,-0.1775013725172142,-0.16356931542890923,0.8434825693093203,-0.18156395545617598,0.015985601068351108,-0.013921405158497218,0.5274724645607272,0.0,0.0,0.0,0.8143298716007361,2.584846984327812,-3.3885667765662295,-1.6828091121865614,-0.3316334887261641,-0.04600870935471638,0.6342605382491628
0.0,-0.0003089210789274375,0.004339158806579343,0.01047676191818103,0.4502602442521895,0.22838610515671706,0.33640211124244895,0.04714288807966744,0.013861507081445469,-0.06244982549349598,0.11116310126141327,0.05851747377129411,-0.05048105693082444,-0.003113062310615578,0.5274953602276709,-0.10767465442680417,-0.1483898891175087,-0.01122601726722345,0.5233193059781853,0.0,0.0,0.0,0.8144152915595461,1.7460769442156874,-9.142416811962246,0.16666695006064255,0.20952125272359945,0.1486102411611937,-0.10585547594983621
0.0,-0.1224758959393652,0.0012169993185396411,0.006157002508171704,-0.497609979426113,-0.28398940318718063,0.0831538370678342,-0.4949404807736062,-0.3289182946576618,0.48765466912001415,0.039437503562261944,-0.06657910075987135,0.16375331836525595,0.03876102661753805,0.7374364791789116,0.12147697984821215,-0.07452433783338903,-0.05263341993900852,0.755539595066834,0.0,0.0,0.0,-0.49356826701847517,-2.689223554021284,4.698471652302106,-0.1610995952969444,-0.14043107349926948,0.17040600884460194,-0.36524220008656155
0.001943688516315586,0.001832151894227467,-0.01126256009127783,-0.003504532417231745,0.48919155576410867,0.20039721991591322,0.21750183004515058,0.045883646237264986,0.020434875774516584,-0.028515654519484675,-0.08426571705355049,0.06310704398655402,0.027283740089674092,-0.00906255978596279,-0.45912276190144485,-0.4832828763547263,0.022614489864722167,-0.01625327855594824,0.7494238579170414,0.0,0.0,0.0,1.2520307705747529,3.137783960141815,5.232706474840958,0.1964394892044343,0.3548575394261531,-0.14116761015199128,0.4322732004758754
0.0,-0.01474406570069536,0.001788712356827372,-0.008403960018707819,-0.8053568332309641,-0.5452897205942255,0.03863830352755239,-0.08791380013807115,0.037668354092473974,-0.13821712754648488,-0.017432686284269285,0.02333316424641579,-0.1266709088028402,-0.154316519392159,-0.37273272641225424,-0.1719728861864344,-0.372252997881689,-0.045600440520296215,-1.8491373424326272,0.0,0.0,0.0,-0.8862970749667469,-1.2139406730019406,-3.0140119874105746,0.013852134075888454,-0.16911841622666896,-0.15825702406343561,-0.22874064070481245
0.001738007305291566,0.0048142548891032125,0.04157641249221373,-0.03740763644742369,0.9038612117766749,0.29093599799388503,-0.4505116011700664,-0.00907586895876969,0.010700272585468924,-0.10626255106408185,-0.07509601827567107,0.08942653898877588,0.01991138290086316,0.20166642201630566,-1.0049724068743229,-0.38609457063318914,-0.27429587746121287,-0.017039702806588904,0.5775751944101951,0.0,0.0,0.0,0.819764407060163,1.8714111812431895,-2.9687755316109126,0.4656043978696212,0.4672566602158892,-0.08238993074095892,0.7180786155943567
-0.013016764445848667,0.03690969209767323,-0.046355317007755165,-0.001826066284158053,-0.43867025031923307,-0.15090784664962617,-0.07715858293032839,-0.04843064255300158,0.03335036716877292,-0.15044764040844094,0.11959085104109858,0.07744850991492652,-0.05440740520702871,-0.12750719537358948,1.0188853756435663,0.01586801968270054,0.3919801188093528,-0.027302148284221485,0.5067373138037786,0.0,0.0,0.0,-1.0695147179923579,-3.879191640994317,-0.7747274952718636,0.5043886586205006,0.07982888682733073,0.5044100529179371,-0.6906873588018401
-0.002838600364593712,0.003506191520472965,-0.12800512624898075,-0.0023289677781473967,-0.3212849175675201,-0.044801883326197466,-0.08156356628289312,-0.06374617924680276,0.026640224775401383,-0.008615528951148031,0.1553032558672394,0.026141711035340638,0.026231421127826837,0.27990793759196,-0.1663492628130013,-0.883817272899496,-0.10140006592971694,-0.026486942092886216,0.6021486516804836,0.0,0.0,0.0,-1.771196961279791,-0.1298882226017493,-0.7791278428142572,0.4842459372865217,-0.030215939342050233,-0.11797436210948836,-0.5797688351511239
0.0015676115472802983,0.012595284440874063,0.04440442441771753,0.003800293983180121,-0.7703674443658167,-0.24570575624658136,0.3616214428324846,0.05294290294287456,-0.06449873198829607,-0.0014526864970199128,0.08156087004958328,0.09094888821631425,-0.0600869239760885,0.14965327383358468,0.9398316014385373,0.1771866373309512,0.10800057239129722,-0.016392637612109306,-2.410079617579237,0.0,0.0,0.0,0.3577234569280647,0.20828325916358054,-3.6946284649772303,-1.5214364149486415,0.20803711084579674,0.08737257598688329,1.3084416633399152
0.001002419570911266,0.017684232216715737,0.05250790953019458,-0.003413237835068267,-0.368512742481911,-0.1416625303403002,0.002799121352924796,-0.11241772609157591,0.03193016832369388,-0.05495779305290176,0.14865474740935974,0.0849819204230259,-0.054720642427561375,0.06072367119608088,-0.16380305237283452,-0.18430993461249506,0.01288953213390931,-0.024610981026829775,0.48483749238251084,0.0,0.0,0.0,-1.1089525569365517,-1.6100527958048652,-0.12801179365904486,-0.6601376312186243,0.40613684464219957,0.2728552872701185,0.10272215576666922
0.0,-0.08410150350195518,0.01790700809261796,0.003022262431084442,-0.5823749267587435,-0.2608699631817737,0.10859598027384856,-0.010888966511633107,0.0362825792204725,-0.0825401313203921,0.15391271359142275,0.028395450891836628,0.3004153793065645,0.15033792236091312,0.32527486693881713,-0.0018903451596993244,0.43108842743086573,-0.04834871073608356,0.49926351806661345,0.0,0.0,0.0,-0.48710100481847834,-3.475956902446912,-0.34976418839508483,-0.29406512026773546,0.39687440888406983,0.11596173077663675,-0.9434854313956853
-0.006856604768298608,-0.05294478481412745,-0.0921582412002962,0.016672906118988137,-0.5348137089050894,-0.19757985936472328,0.022998310405304496,0.05138497572030918,0.002657488697036924,-0.0894218238328207,0.1396887274720751,0.019256903067837925,0.032925387236045885,-0.0740039303048027,0.6905187810331306,0.17582047855847127,-0.028145000617982734,-0.05153096268712587,0.5522941693366059,0.0,0.0,0.0,0.6320054438870901,-3.5094454787863847,0.3804231948182867,-0.01259410794365658,-0.42254516616493637,0.07292063933472707,1.6153981283293115
0.0,-0.0003089210789274375,0.008605283768948875,0.02933834798909499,-0.5358032274496817,-0.21095438775579084,-0.02616935422933041,0.03239371629537201,0.03527092843521946,-0.10601123669894218,0.08234808642954775,0.028273399905246892,-0.10580798712479561,0.029769319956065306,1.131209473187621,-0.1741089263520279,0.1856798795711112,-0.015237657934222,0.6322696801388933,0.0,0.0,0.0,0.9087951470000621,-2.3877328082752425,0.3050277397621847,0.2266451099264542,-0.21283629652870611,-0.13046892502552826,0.4519249776959434
-0.006929337544643472,0.0024071063872448764,0.031903006326054424,0.021471120927090588,-1.172021491817297,-0.5337265948943838,0.2864281813026919,0.11488160516366398,0.0027537166438244783,0.005293525512377705,0.12202480209649258,-0.22692556921562573,-0.08869342331687853,-0.01230501697367804,-0.21485011482144364,0.037586838349082,0.24461325462024447,-0.056435482601687785,0.445684788541198,0.0,0.0,0.0,0.18602969159836794,0.1050404900694562,-4.058340214176026,0.15473593580196987,0.1440348604160319,0.4596230404832113,-0.45290472644551744
0.0005342977986299422,-0.04773014565958104,-0.028736702320546266,-0.0013331505363564397,-0.7149465259457626,-0.22479516898570295,0.05221013169156707,0.14230238590896999,0.011467976016593572,0.30219816085044066,0.1185273319494514,0.05369206725381615,-0.028259631377487972,0.1713691495521823,1.0873408736653976,0.12759118349709442,0.2110926527892022,-0.017734066818974686,-2.0346843129538943,0.0,0.0,0.0,-0.6205871656076597,-1.1651200764668483,-3.2350275610843853,-1.0297648618281388,-0.10253044698654719,0.26394926738277574,-0.3372709368311394
0.0,-0.015367961325069538,-0.006967055376381182,-0.02244516360982997,-1.0414064170359563,-0.6425116628856905,0.1457115618619213,0.06908362681751276,0.033069537059922695,0.014608294302283154,-0.07392070825794037,-0.04715999498345075,-0.18721910635568806,0.15385116468769697,-0.49445552914563673,0.01583961911464853,0.20051518134820406,-0.04628565951395729,0.4792021317732002,0.0,0.0,0.0,-0.373506115726183,-0.23458048803397605,-4.107321229938995,0.13816720295377974,0.22828096242843707,0.03317281877568923,-0.5021599423200586
-0.007860425584783087,0.0033572610208246682,0.0289071981196191,0.01637890646290274,1.1110493113821698,0.38436577039622005,0.21980517054437165,-0.09812656092601457,0.013053854597572145,0.14639664253324847,-0.20040983887895586,-0.10260384406026306,-0.13504153307159472,-0.36062235216712196,-0.0234749249825099,-0.2742387357399081,0.08718547512769581,-0.055287220087542686,0.5053923444819116,0.0,0.0,0.0,1.006326518554977,-0.15592330040164665,-3.2346073493875367,0.32614541712776285,0.27227307082444385,-0.1683698548524377,-0.3783865597744777
0.0009819797039407724,0.0037759247966766057,-0.017938245794140543,-0.00542667718799068,-0.43891837429811587,-0.21088833287004116,0.18186709694428635,0.09029508179035141,0.05686074072797205,0.17401533802255625,0.057139059058357325,0.038309705959771796,0.011431355266609431,-0.10943507401638772,-0.8722262789138246,-0.5797331499506909,-0.09371899239061637,0.5606975670950888,0.6291943609003101,0.0,0.0,0.0,-3.584502677304894,-2.0249842451662,5.795250861305955,-0.4296218665373663,-0.0379516184825884,0.24692455050597892,-0.29682480824950036
-0.0011231555624732596,-0.01078312149134164,0.08342391479413881,0.0015526451854315974,0.3866290439730909,0.04376499434969007,-0.1034054612026691,0.1422751506229981,0.013813338829249464,0.012389684276714242,0.21488262741241845,0.019249640618920316,-0.2107555562950966,-0.20003501684925504,-0.913545838873166,0.006576355115378994,0.00731084002778131,-0.016574236030643546,0.8240339702018192,0.0,0.0,0.0,2.4263274021145578,4.256979450642805,-1.5413607773119264,0.45934412933776464,0.09182636147575812,0.2888787631030797,-0.21007674778718538
0.0,-0.012498006548956699,0.0021549167329509653,0.03349305530406356,1.2727123572877637,0.6981581076614459,0.05878890159389304,0.04595634185558269,0.0045363721559724575,-0.10979280052058492,0.0782808401069185,0.03875576977078391,-0.08417930890640977,0.18645498173332903,0.2917082240200654,0.06837646667398906,0.44486287735776703,-0.036533994291558555,0.6642791198060708,0.0,0.0,0.0,0.8246146239121177,2.1358270921381495,-1.8862633931038362,0.5083144520304971,-0.002408730807960481,0.3165156885048004,0.579619119492935
0.0,-0.01404614301441775,-0.003598413329356001,-0.027794658890132114,0.4389425745047953,0.28737388971871697,-0.03650790001655907,0.027647915779924658,0.019559214087440817,-0.04799873822459013,0.05317405305697248,0.021135665344489428,-0.0607542903367238,-0.06917248735381291,-0.3987051456490403,-0.39642971811051386,-0.14289796203699656,-0.032607238511296405,-2.2534948423906065,0.0,0.0,0.0,0.39680554697570647,0.9444596915185688,-7.5848005610533935,0.40973356505496683,0.3058209741809528,-0.04625911636346268,0.9614284124935502
0.0016951044376569873,0.0025460874836123527,0.020948819587928394,-0.004289654389325466,-0.426241688125012,-0.21972684367722642,0.017750310323602254,-0.08239118936596758,0.022551167704818523,-0.1284987647889264,0.11877919705377529,0.08212932453876576,-0.00013684307161335976,-0.09652995904660909,0.5572270133172305,0.0971182616601051,0.3861890867912854,-0.018532125346197834,0.7522960037503202,0.0,0.0,0.0,-0.3942559755504113,-2.0388036735561124,5.995412562782762,-0.5285634781677069,0.3997885610347015,0.5239507844189908,-0.008042304003703649
0.0,-0.021439675661127127,0.0064298346492834176,-0.02002241765610228,-0.38289385442165763,-0.23269442801942028,0.04265287079295769,0.06056720369478649,0.050223301905431006,-0.08192324767726546,0.042285521955532424,0.09669413350781003,-0.0833096638334289,-0.06381445828104435,-0.6271544486193041,0.0038396831310035183,-0.2822345986278357,1.0837808454617488,0.9050860926384033,0.0,0.0,0.0,-0.05780023515709949,1.315107187137235,7.8898141931754315,0.31474812808111674,0.09553482411711013,0.22193166524428767,-0.04039560248711065
0.0,-0.0222966777166308,0.00965296442835694,0.02385106865296115,0.5710669530492469,0.31971069246273454,0.12624426399739788,-0.11484973429566676,0.09097341081845055,-0.14065264175902623,-0.10400101906376116,-0.1933277209147208,-0.12271209812352656,-0.13720184509280173,0.27650165582975655,-0.038053212346448075,0.011875455253436423,-0.05005383573340239,0.7689441483617822,0.0,0.0,0.0,1.2784857802696008,-0.7058778279499814,5.612234082525287,0.2387664493112841,-0.10067569895917927,-0.13623698424350114,-0.27536330794826547
-0.0007041784551441246,-0.01439609696284171,-0.07866619293802835,-0.0014867360846267926,0.2039687460032888,0.049647346906466015,-0.12882344514733862,0.14055669118547767,0.020499767336956347,0.001234483826086549,0.14851010419859803,0.036512482282243505,0.08342413833619444,0.14176971217384307,0.7964852641914593,0.11439125885171039,0.005532567221196703,-0.01721497287529355,0.9232054386360626,0.0,0.0,0.0,2.0012247905466456,1.5861561272239257,5.716165979117775,0.13004429112355284,-0.032027651449625306,-0.10152382373232012,-0.4360647106961672
0.0,-0.015791151449956384,-0.004659936447174892,-0.028576785472155315,0.4763863000460284,0.32480646933517104,0.16682391982878375,0.07990393533940175,0.003962317489900519,-0.11592456807334504,0.11674745175209385,0.03182490420822043,-0.10322247650581796,-0.08362471678420177,-0.16103540802964791,-0.04935294885250137,-0.1710425458914792,-0.03481672312222774,0.5249431036947316,0.0,0.0,0.0,0.6592645467596833,2.7858574100244113,-9.407779423106296,0.4735097383431364,-0.16202884831454303,0.06779043352472675,0.8154011644629933
0.0004821107923451141,0.012090533562718307,0.04545345184139462,0.0005588122187089498,0.38703669643016203,0.12774526393395724,-0.3385680633231201,0.08460323051445821,0.005392499454582535,0.36254208858177267,-0.06873865522895872,0.07012336660727084,-0.06246566698235588,0.0811732822472454,-0.6569716376752287,0.107922152069422,0.08376835621605683,-0.018012891384059326,-1.844516882951946,0.0,0.0,0.0,0.5997684632601421,-0.7958411507281895,-6.822020166623744,-0.7046281344294537,8.060828455255841e-05,-0.0949505955257708,0.27012480451522625
0.001662564592148105,0.005090646364139153,-0.01403099879478513,-0.06875838946070885,-0.5166231475724414,-0.15800449579286016,-0.14677635040719106,0.08421709613567846,-0.0875864604663794,0.3145340163932162,0.05626508056937693,0.07285097417329031,-0.14938860992445566,-0.01421019644121967,-1.7655121468914279,-0.045687018112269405,-0.01980518457699719,-0.019753788591292155,0.5250313946942441,0.0,0.0,0.0,0.661414828540492,-0.7534014670050235,-0.6339103061616864,0.6722697723947059,-0.2933469604053487,0.11702462291253517,-0.6026746729248446
-0.0009595828798641542,0.07350283574799686,0.067975489899347,-0.00076790460071412,-0.1756581243502917,-0.04292682642490094,0.07957499751920137,0.1332645145283859,-0.07918248381952027,0.2919077190465713,0.1667406878300904,0.0228195301190516,-0.001782766785128804,0.0923779010842189,0.6719132144418722,0.6980016971419435,-0.01763970379134449,-0.028084115438507095,0.8463815431273302,0.0,0.0,0.0,-1.7334242340220387,-2.4164192081339384,6.860561339383241,-0.13125025266950552,0.045676528918519275,0.3770107311032519,-0.6184564612575597
0.0,-0.012439128472425637,0.02046582023135063,0.01802536182717002,0.9451001656315615,0.6043480072038618,-0.1238261614083607,0.11668855851313217,-0.16557023768818127,0.18652884171402498,-0.17002339501862615,0.0409355682262314,-0.10345258831022285,-0.19077866170987962,0.38391695079488153,-0.04269386070545031,0.22066452252227922,-0.04827775056184929,0.579109584653666,0.0,0.0,0.0,0.825361030152639,-2.2838337378666087,-3.269494317353227,0.36035395370311474,-0.0012212589854328825,0.059417588040641206,-0.6459617574894324
-0.0021810444931536213,-0.0034807884298346217,-0.013696365594811032,-0.01444548048552764,-0.4278914623177772,-0.16880704394867665,0.33778637429966135,-0.014081301334816616,-0.034217486596600476,-0.09129618192628217,0.042104252216445995,-0.14263866222100696,-0.09684417910449887,-0.017406467691829783,-0.3976575066312092,0.16564706512427063,0.07328845425333087,-0.07184531576446439,-2.1294727542217444,0.0,0.0,0.0,-2.9566332044453767,-1.7303953225145343,3.635709470992165,-0.6583837075746791,-0.10631122310288893,-0.6447219448052999,-0.708820097145745
0.0,0.07442403923609871,-0.0011610994708822998,0.003762766284134849,-0.8869532931789453,-0.6010594085777915,-0.10429462938076683,-0.0530789269658379,0.08233811274820219,-0.004324255326787895,0.09409625696459717,0.0061459494439473255,0.29729881001279806,0.11005199347224649,0.4089320188976154,-0.5022491523295322,0.05408500842288178,-0.046492397914640576,-2.0682461807432855,0.0,0.0,0.0,-0.41423562935995273,-3.367913116077427,-2.1934683799920918,-0.06225366517665885,0.06195551374821038,-0.1368844692001761,-0.10786898634537113
0.0,0.07211021144642704,-0.002580801833154177,0.0033411523410312905,-0.8186050456876186,-0.6000390531636123,-0.14890088418268532,-0.0022089178299346795,0.01663192833147885,-0.02991180524956138,0.1458783600970925,0.009451966466241992,0.30291862974030026,0.15373401063168737,0.4069120685484554,0.09243334166847057,0.11263792784240087,-0.04052476582625656,-2.222672907650049,0.0,0.0,0.0,0.4525098594933398,-2.7951586315306427,-3.2680418358229906,0.3366667654035569,0.23077347039758633,-0.297105834592836,-0.055390901186855766
0.0,-0.015179709162369777,0.012633153988340168,0.022963332906801498,0.6911139753955867,0.3985261312732907,-0.06471368000569178,0.047580064469469024,0.04098136211920222,0.03378669851652108,-0.011145001438354925,-0.07930680919330924,-0.023609830402861878,0.06013474790293827,0.21653955253380358,-0.02827969325262222,0.06621288217770659,-0.0366242944902168,0.6811097281011557,0.0,0.0,0.0,1.2459887147579882,4.259307361127658,2.9121164328909592,0.46958653213742496,-0.2534999815017745,-0.7896127152887225,-1.0118622510586495
0.001268513092085748,0.0036738449239251845,0.012089698794729424,-0.03438419414697118,-0.9903701410660181,-0.38878235269254763,-0.06802860581314008,0.07634712866683512,0.015602579781512445,-0.002246427844818908,0.08704998983960334,0.09345882705839773,-0.12637834310415902,-0.31399222643366587,-1.0093338976438013,-0.02769655762751525,-0.23346408196215643,-0.016121728688458622,0.4682287865226308,0.0,0.0,0.0,0.2811798730590726,1.8796247644210449,-3.702601511064504,0.5728405196329651,0.21118053931106628,0.15301407318662802,-0.5835530647893877
-0.0008165764660709754,-0.004021323264036279,-0.02260451326905215,-0.0007212900796801538,0.20428233532535933,0.05494848068412505,-0.02044827496627216,-0.08644559779565157,0.038716613367627696,-0.04046647333120879,0.1309311350001829,0.022215045612499987,0.06813256025732772,-0.026757299507432594,0.551554438403641,-0.048075819731987754,-0.005303310220886759,0.4593427325950589,0.9602907649553851,0.0,0.0,0.0,0.5639295467586513,0.8980811253127609,7.1587980370461395,0.05693080917745851,0.19431349755738772,0.05593545022632984,0.6739574742273944
-0.005280363533161989,0.006113238799192913,-0.006848377096581312,0.043232982369039885,-0.3711133431651663,-0.13394484617935487,0.090102926954732,-0.0994300390395583,0.01656819860970403,-0.009972141113947732,0.0724884727069968,0.04371513278490868,-0.09460655623696122,-0.03658546527871046,-0.6168392610407034,-0.052927298646568435,-0.11113351128834534,-0.05551314711371011,-2.002741916428166,0.0,0.0,0.0,-1.345671121917771,-1.6495384172489795,-0.6730439405332447,0.012547908889561843,-0.21877058451684797,-0.13469915095328183,-0.38304069041697847
0.0,-0.09337224581481818,0.00454142078397362,0.012724839611310901,0.6499719931906669,0.3249555147501544,0.09918755436382862,-0.08124826490702983,0.11025304385584803,-0.17809908168472502,0.07593174966485684,0.029362524447921066,-0.15230910670876882,-0.0785223696486311,0.33168774119851374,0.023466239391303996,-0.168874007498824,-0.05537982099531655,0.7085119924216065,0.0,0.0,0.0,1.364031925056173,-3.332769406184767,4.775482837601811,0.26927906482203984,0.5058138214008385,-0.12474480707317544,-0.292455730086523
-0.0050872561871730835,-0.005123982195133548,-0.028132973975698968,0.01616685678364901,0.46569800523820326,0.2132855478186899,0.05134298526657767,0.05153206353275939,0.025082099150986782,0.01656227680812401,-0.275160520332391,0.010030057816597208,0.1361883509300538,0.15344095866156995,0.89900811981834,-0.4386324270424609,-0.28670431774319377,-0.0551448617999566,0.3972234849314005,0.0,0.0,0.0,0.7160508847044557,0.7342101088574704,-8.330050890826515,0.23665439252809553,-0.2116139148659021,0.14548958283798244,-0.30171565705246745
0.0,0.0006480923548774488,0.08313607967753242,-0.039200123324671925,-0.36985477422784735,-0.15215621971777687,-0.5756517304418121,-0.05716199671049216,0.05092842876166133,0.47474616281949467,-0.07131988612591665,0.023889401506377004,-0.027076656672999435,-0.012066658492619035,-0.8890632029233537,0.8943623114155012,0.0386968730428408,-0.020276817195489093,0.833673756707639,0.0,0.0,0.0,-2.0376811278217697,0.11837786086346558,5.9376313345914955,0.35462784710754086,0.016148746825025508,-0.003975021988029984,-0.24277739153982533
-0.00285000219137748,-0.009548757650975874,0.10707669348205147,0.0015526451854315977,-0.3092244671633722,-0.06711194806494464,0.022834704048449346,0.05899513242304819,-0.1472330098068553,-0.023072164985987617,-0.16068244972460113,0.015232259154880398,0.1007051467512382,-0.02221083721423193,-0.6493765010045985,-0.5219912520055188,-0.031771736659358216,-0.02231065839574192,0.552191230868212,0.0,0.0,0.0,-1.0782517720039735,-0.26529989937552245,-3.799637813362736,0.1615051835123487,-0.2597205338096217,0.023223611263362743,-0.684592933458042
-0.001907721363763654,-0.004092181145609256,0.014053071831025051,0.0008322902211359568,0.2769545994992277,0.04023033302475901,-0.02168854142113035,0.10637331101722988,-0.0037913482045914327,-0.009025388920161227,0.14164284172359395,0.04270054582075569,0.042210069709603996,-0.11431893216141584,-0.4158291229472068,-0.053412800913203315,-0.14046118220192758,-0.01407500920758386,0.797218771950511,0.0,0.0,0.0,2.2828165542735843,3.5511916541963093,-2.386320943068536,-1.2032941790152325,0.17825048979267927,-0.06975808064274797,0.9717733680037682
-0.0018352394994248513,-0.03153537312919021,0.0061940833228691745,-0.001119923152477591,-0.18316492085349204,-0.059722731879440494,0.21955599096387113,0.027428510388059622,0.0069112740214828106,-0.028988644734741165,0.13978716630822505,0.03942716586283758,0.04314536175343248,-0.020531737612010666,0.49851468083509837,0.11763354078358619,-0.1255438084812553,-0.016714483411373934,-2.5905718524160743,0.0,0.0,0.0,-1.8354742769316499,-2.623398875344315,-2.4460223352225636,0.44309626736718105,0.4645778470205844,-0.15792014196630144,-0.29507447757295313
-0.0017943081876387876,-0.010618308267503958,0.005185873404862891,-0.001119923152477591,-0.20152485329615835,-0.0424954438004702,-0.22372314599555823,0.024853506654665868,-0.06686475144953127,-0.02169963973688775,0.09871044379506672,0.02465808261686914,-0.04727973713052607,-0.03137963030037683,0.2902213643422337,0.1524401668133885,-0.031719751122923856,-0.018985935187315905,-2.509145071835133,0.0,0.0,0.0,-1.6860801972491704,-1.570932465864594,-2.7996717304005942,-0.3787099099950751,-0.13515762648192137,-0.1897147048245959,0.09310194789475541
-0.0021748562360477106,0.0014614491596086233,0.04188179055660699,0.004110539045245664,0.4168444177776771,0.21219400610731756,0.3845376585441474,0.050003362978341806,0.017393032595842864,-0.053221683709758556,-0.24127607754329577,0.06699851930833028,-0.08413715498834422,-0.022384194138843842,0.8653994276047076,0.27707577213618656,0.12917841755913198,-0.04429211796606251,0.6820693414664335,0.0,0.0,0.0,1.2657463133539213,0.17638500999146975,6.14465272506012,-1.3685301717409808,-0.07265098810712266,-0.1259779533590747,1.1369067457428754
-0.0033155565478082114,0.01672959862961848,0.013852351876444938,-0.0007546162593607661,-0.21884496840328252,-0.04406141998207825,0.06234936192740506,-0.04574044851232817,-0.005412159644359719,-0.030214309636096788,-0.2788272522465953,-0.2625980169682291,0.06393576082256626,0.019471398868144908,0.378891290116345,-1.0815366039761856,-0.02950738291689607,-0.016454795172370446,0.6778663869427753,0.0,0.0,0.0,0.6194157614599418,-3.4325970707290043,-0.08995013482682283,0.5269813483313284,0.04932766737770663,0.12838732841230752,1.3300831732888523
0.0,0.10324715830827602,-0.006327382036942636,0.008780954374561068,-0.5649286993903807,-0.2891203517355394,-0.05340552027530332,0.023164898674343716,0.03936405242674658,-0.07644604544271771,-0.43448435023590976,-0.009039272173351902,0.24817586241111556,0.46275172792441793,0.37343611846547764,0.10442719462101953,0.027839394650122907,-0.06026770429930342,0.5717692331650074,0.0,0.0,0.0,-0.6976793824499934,-4.231592775970104,1.7819587857751429,0.30511293944279744,0.39745290062390315,-0.2583054376776834,-0.8345398318106947
-0.0005313095137541965,-0.010094934991572251,0.08738256481227184,0.0008521500159295545,0.2356080238017922,0.058789906141101814,0.03545426562307621,0.07716101199183051,-0.052742177119567364,0.007639908911193543,-0.2738069970918085,-0.04457533438387337,-0.0068377463746020885,-0.003512775752097532,-1.1080893462847632,-0.5421181699243386,-0.21732906094347965,0.10395195877420618,0.9515067098329831,0.0,0.0,0.0,1.3533532654562825,3.397234811815779,5.410530903696747,0.3414839849809069,-0.08676006993275368,0.015957585597443653,-0.1588510774621672
0.0,-0.0007524218960151642,0.015453583467012729,-0.036065258472108626,0.4252017686766182,0.19947976150942087,0.09680033692421816,0.06816669710435369,0.02049858268083464,-0.04049284676039498,-0.08399326267338966,-0.8860088593707585,0.020908084789212793,-0.04611097758562014,-0.9056156545702002,0.16673071518086374,0.04806572208440468,-0.010427097342390158,0.8325530161680466,0.0,0.0,0.0,1.289221145777271,2.7894505916934764,5.798849743575712,0.10983415658427545,0.33825032141479383,-0.18303959473400921,0.09729972346964565
-0.007177667047235291,0.002917580031050876,0.015510964831104118,0.018186543311423834,0.3814340223131569,0.16769575886882107,0.008526609780310685,-0.027742674559325473,0.020713264213225002,-0.02467866120806064,0.05040002494861401,0.02611964187263147,-0.0914474277358325,-0.16307637527137905,-0.26141951356182735,-0.1286005057154929,0.13672092459852403,-0.04927958056956958,-1.9031295486666184,0.0,0.0,0.0,0.30180335941311076,0.5550451156189136,-7.192460381933506,-1.5334014680145032,0.043310344219468624,0.11836962952179791,-0.21467156482777067
0.0,-0.03566819471232525,0.020614624469698282,0.013916799288325456,-0.5378499904112404,-0.294307625316332,0.08405332221177556,-0.168324884101891,0.08258333059091036,-0.175273303305682,-0.34239186380136666,0.0031541636660724847,0.25423339698725084,-0.07770259993467486,0.43875740816313824,-0.013233972972698217,-0.23716289708942775,-0.05485135498265852,0.6107952497477671,0.0,0.0,0.0,1.2610398152628532,-1.684761577775039,3.0246412108405103,-0.3059633500226591,0.02239824403265988,-0.029141715695846036,-0.7275381162383745
0.0,-0.06616815146759628,0.006111591705305735,0.0014038244865612437,-0.5879925201999101,-0.3241037693418648,-0.07101082369929511,0.1069031986370801,-0.3398965515055341,0.5124337678485913,0.07282673511159628,0.019306760965261894,-0.13615240207674803,-0.10074363204382643,0.21983350522347772,-0.085883269798563,-0.11037900601098194,-0.07539258449686957,0.4597514121540919,0.0,0.0,0.0,-3.977849026016925,-3.6731587458134474,1.5027419249295255,-0.2721457250202524,-0.3559940905387879,-0.05852912628568309,-0.653954995580165
-0.0018311874187952994,0.0029768993899728056,-0.05364336890555745,-0.015871709365633424,0.5986189966300008,0.22163270339769214,0.15138788855773652,0.06935114729313738,0.008713050863164703,0.27744576373559027,0.023616794167959355,0.06225931153876063,-0.08720561353652834,-0.08432739335977392,-0.7022850982909533,-0.10226172381859011,0.0699335172534497,-0.04183593320169711,0.6504501555871249,0.0,0.0,0.0,1.2384302931970719,3.691886316923534,3.8779416940051123,-1.6198861299721767,-0.04958844967076177,0.25117526958133835,1.036704202481422
0.0,-0.0030353887324817775,-0.0074638467870583826,0.007650359113095312,-0.4226580275297962,-0.19512873020249502,0.4684126210894079,-0.07798067088989016,-0.17450241349077766,0.70337115273842,0.02357054866883716,0.03010981724661409,-0.023587787037229222,0.002621440567169851,0.3083549952632303,0.2866748927015094,0.08676875545174771,-0.017865362782020965,-2.551403658721976,0.0,0.0,0.0,-3.2093189055433373,-2.516904531294448,1.7877945398193835,0.3116307305736911,-0.19365713937326146,0.10913222007343269,-0.31624609458608877
0.0015626973285152378,0.04585633236276466,0.023575435554601388,0.0016810165732490821,-0.7283532068096887,-0.24594952985248714,0.08015855637130387,0.04076456724401662,-0.1246849048787817,-0.032214240397605565,0.15995364575630597,0.07600191716690749,-0.08261502786271616,-0.07292586332976059,0.6028912721189654,0.17061851153174082,0.21862132070480494,-0.016397453691899277,-2.0336997865722535,0.0,0.0,0.0,0.46714030316194927,-0.8483042070081822,-3.901043163282249,-1.141673078784402,-0.0677695010631543,0.25675085470332715,-7.518204294819364e-05
0.0017744611671957054,0.005726138819082644,0.018603412917644523,-0.005847211757738394,0.5880015192002024,0.1435180532316668,-0.18485569732189788,0.037774221744416546,0.011994068172851046,-0.029177863739016926,-0.21629568223162232,0.12023175588078149,0.018564759003268726,0.29530522505612594,1.046705624818144,0.04682571739482793,0.2079955255242991,-0.016767627664444413,0.6759131237872184,0.0,0.0,0.0,1.3297656550339554,3.506148706547916,1.1505626429943128,0.6578674009447348,-0.22077130891971417,0.1852629904188099,0.03530638117317969
-0.006607401403919907,0.006000697354780172,-0.011876115895045555,0.011414643148125623,-0.575114107658002,-0.16552176867322405,-0.4353166475482496,0.10526242621981373,-0.005270567502266775,-0.05709637124902634,0.0953565223329276,0.047338688347005185,-0.13276827995837862,-0.15151313008343903,-1.0938103033441449,0.1049354245336837,-0.05890570581067144,-0.07041814064130648,0.3687841140790707,0.0,0.0,0.0,-1.2225417494421105,-0.531008162544501,-0.3375505970329548,-0.6903514521959052,-0.15851285853350386,-0.8268241363391885,-0.8417175832324262
0.0006243564774793145,-0.0042114224172824484,0.017743477035469746,-0.004123092728236784,-0.5711491397120093,-0.30965079694833714,-0.0013941443409679058,0.05410810097403687,0.060406358720840166,-0.10075178205537283,0.14320504498973136,0.06173861706283781,0.05738979436602327,-0.06949742690486937,-0.11235485279435516,0.3245280908097869,-0.12203388769551024,-0.026545730163893885,0.44365123561383707,0.0,0.0,0.0,-2.476605293873679,-3.4437122671066436,1.2773520562784522,0.3687654276193961,0.04868852997596702,-1.159821139411635,-0.7584556715365016
0.0,0.044463608803581495,-0.019056788361772648,0.021162120196259605,0.6733411464906145,0.3798924320780977,-0.21354357274859273,0.026692069624301686,0.0345347718537146,-0.03857988624828886,-0.35883443730895254,-0.031786827592902064,0.24166134455517713,0.20579869622291522,0.8905546207670042,0.12208223006720839,0.03281936367999718,-0.0462611452953778,0.6818659966920676,0.0,0.0,0.0,1.339736914774424,-0.8451872799166663,3.423515452015505,-0.4004895868654083,-0.1355201224825497,0.21605064018663475,-1.10908258117848
-0.0052020319996099055,0.017866736912113323,0.10829732492353371,0.016395384463571926,-0.39466651386958135,-0.16766722295702277,0.13252224985178135,0.07795073916227024,-0.03537804088720326,-0.03794870599233199,0.09701569014897833,0.02691140653808777,-0.01894789061104041,0.07009443705992066,-0.08822911126235967,-0.40671767144543114,-0.10611402991355555,-0.05045894590395594,-2.458861167762429,0.0,0.0,0.0,-0.7455163570413958,-2.560758587518563,0.16433259051515647,0.4075210905402642,-0.2486377356654422,0.12776211702090906,2.121796790492054
-0.004724418915429878,0.004788477750010239,-0.06675706796109879,-0.03504934845480202,-0.7895847045163997,-0.42907275310632315,0.09534487447924313,0.04764714865557547,0.011565182137381386,-0.01704351628484954,0.026746598960733,0.027070775758449243,-0.0956021828172689,-0.2621877285407431,-0.6727448363126801,-0.11363678782655222,0.08649303220555281,-0.05485887333032132,0.47881598552159926,0.0,0.0,0.0,-0.5531372320329028,1.66994120580523,-4.116687395938092,0.3430040935791685,-0.1031710099261383,0.18067336160378972,1.307487413134054
0.0016718475701983343,0.005198729569245392,-0.014897341762155448,-0.03508326650542587,0.9427074739126607,0.2995442722827645,-0.4247036125611775,0.10274441593927969,0.021160191009665184,0.14812370480902481,0.06862166564193785,0.06745834799426972,-0.05384120909246594,0.014008831886277991,-1.3598160038225324,0.11080064391735575,0.07317979251580849,-0.016354940439392545,0.539268006972707,0.0,0.0,0.0,0.8314844221389327,-0.8526205601009882,-3.009529571745136,0.49234811009585766,0.21813521710459566,0.2096891373743846,-0.5556600354030854
-0.0007523601952092754,0.04320908526276648,0.10069291779401225,-0.00076790460071412,0.19073176150737733,0.0479851085429498,-0.05729437180417628,0.10159268273467424,-0.05075829803095377,0.23399114294394846,-0.4630826867292314,-0.2825681122768644,0.23982263305901083,-0.023571312777816832,0.8362645465380705,0.21231489342803592,-0.021683221731933502,-0.020504950379124202,0.8782201090997147,0.0,0.0,0.0,2.0052188578837145,-1.6472423163227488,6.202981848461846,-0.17684889315111574,0.1384397418050465,0.2290963091014734,-0.47992209691899984
-0.004587261588723616,0.00397138928078776,-0.11510320735859433,-0.05699111444785895,1.0115306876447092,0.3685048814040999,0.1501786596352576,0.052271331989902615,-0.009387374083673978,0.1794458213065743,0.044342381425285515,0.02874585846483065,-0.04151004349170155,0.0455837593919569,-1.0479221686659572,-0.03781756842311981,-0.49888666483213395,-0.04797845514632709,0.5475509732169709,0.0,0.0,0.0,0.8906591763887938,2.325618683122109,-2.7600124735204523,0.5130662282774089,-0.47089508318881496,-0.13087489651139095,0.8937583656528885
0.0,-0.001089609210456869,0.016494063196993557,0.022850590563918725,1.4824013964726437,0.6035916962181143,0.054874762766870484,-4.8882282120185114e-05,0.021452438348577508,-0.059392641124536,0.05897803788350465,0.06949181503190045,-0.0577559967572076,0.1336207592506157,0.40725450556435344,-0.01573614488531074,0.42234239635808785,-0.008303378668701419,0.7416321448059466,0.0,0.0,0.0,0.9748694328362438,1.9502803317042523,-1.2664678007501013,0.24793354616483632,0.619402061546469,0.36736410639817807,1.2297706857679152
0.04245072400811813,0.0007319217802402881,-0.005227619968732006,-0.007489752658277211,-0.58868174111655,-0.1902614782548691,0.13360368924197702,-0.12342498041398575,0.024366933882739295,-0.05541914849744098,-0.1488673358374949,-0.2254505788247271,-0.11593154014213855,-0.09897348788812858,-0.7788696699243325,-0.08779310056535891,0.0955470477402268,-0.06399668857726518,0.460316677434001,0.0,0.0,0.0,-1.8711675621325505,2.5827905257175376,2.285594707600565,-1.6357106902539595,0.13460969091212927,-0.6386158123516729,-0.9869479574829764
0.0,-0.010286631009925525,-0.021366089917817147,0.00946028888541257,-0.5620232959071823,-0.24095182086576913,0.19481465257698644,0.04386994902207309,-0.19720301903218354,-0.20743372790019093,-0.14079122066210673,0.23786704774605433,0.004327426386638339,0.040784925887805155,0.28769062092147374,0.055711656421473923,0.1279210959218221,-0.027150824404976626,0.5310053408347719,0.0,0.0,0.0,-3.6115085490064436,-3.257545853449566,1.4251181934968018,0.44006137885091734,0.18069325972347913,0.12418441173188446,-0.3971350381558476
-0.0005448490920947761,-0.005381750990731771,-0.012206793069191136,-0.0007679046007141193,0.19863830441754418,0.07241325116244104,0.0035464492580324553,-0.2023871086050629,0.03763954946212565,-0.04269368740534252,0.0562575599506731,0.03900425299342868,-0.0017123395903176847,-0.003678366728634896,0.48932240686802636,0.09007547149549526,-0.06353434152431263,-0.017332778512539854,0.9758164794878389,0.0,0.0,0.0,1.7717300378244774,3.414599091865462,5.406680756276994,-0.08960049310819206,-0.33314767638559084,0.08843208158475613,-0.0947205197918821
0.0,-0.016750267145364935,-0.008610487038252986,-0.03598220669601651,0.6167782019010464,0.33925163046119877,0.167681437797738,0.05101901013843314,0.023888474761398392,0.008937148119941642,0.062039249609765396,-0.05213233433099217,-0.1002550765010282,-0.06905067419378916,-0.7360448270864333,0.06303317493083448,0.22397212891261817,-0.03634349630259268,0.7560724991611093,0.0,0.0,0.0,1.3818562240856356,4.353861551065813,3.2978693726763204,0.5556116459688066,-0.013033510710124043,0.17981315868810652,-0.35787319005857277
-0.0033155565478082114,-0.00712675100932146,0.1286475391955285,0.0015526451854315977,-0.25518332449310166,-0.05617165176083697,-0.08065796228943685,0.07320801661694888,0.022501707696006724,-0.009760389211120633,-0.15911655768798197,-0.017846950141640776,-0.0458200543297733,0.07641862784269793,-0.787355294879536,-0.5907021483298752,0.21968213967336211,-0.025560875496052418,0.5721793000203967,0.0,0.0,0.0,0.43459734348593215,-2.5071115762921408,-1.1831414361050412,0.038630309677813286,-0.6631012875680288,-0.19203861709912115,-0.6448194109274232
0.001900702862795001,0.006713879548402076,0.020013938214098817,0.0039248014439260195,-1.158942230784047,-0.37967225155347856,0.2591319402296757,0.03562475573170207,0.025799213005265942,-0.03679611045652842,-0.27828846675054614,0.04180513791770239,-0.0375537969198387,0.08192870617647242,-0.038480181095610785,0.09734764217115136,0.0633287183862387,-0.01869252227692381,0.4869411269992242,0.0,0.0,0.0,0.35576281161813555,-0.5074990314983185,-4.107836855422129,0.35549657605652246,0.13724053470856448,0.15727279595783353,-0.2832756723890867
0.0,-0.026042060962159212,0.016035316605522012,0.03692986226918654,0.5466584418395881,0.3220636806214136,-0.019450050033663457,0.05295072895231828,0.04649925049450092,0.012871335199531505,-0.3119126631765144,-0.0733815346218776,0.20519624733306516,-0.05495610934845618,0.2892306788268159,0.029442995824822207,-0.20519520168644334,-0.03973752131351313,0.7568119446795126,0.0,0.0,0.0,1.161875199425615,1.6589003686117747,4.830710116450297,0.38359717572433133,0.24236913464345217,0.14208205482357722,-0.30558142086133366
0.0,-0.012202911166524546,0.00731781657255217,0.014300038918205594,0.5001090623775192,0.28784164487867153,0.05494793793776131,-0.2695261539741377,-0.22470079733248438,0.1051792452748807,-0.04434273690364209,0.04589187412747751,0.12235933603363731,0.11875235033040285,0.4665517439006623,-0.32431728213751304,-0.10812175279375855,-0.03434277934366603,0.48588602799902336,0.0,0.0,0.0,0.682949229338551,2.421603681223889,-9.438200819931334,0.3739117127929306,-0.05293415924562958,0.07037605515590853,-0.02617141917297899
0.0,0.002892484104215504,0.0037743082632124563,-0.02248934890072709,0.4508690754567013,0.21031241999152991,-0.2553671262439633,-0.005265354060771782,0.017282615240560757,-0.04082627225681847,-0.1310753645545764,0.09983345078008149,-0.03605990213637464,0.023155036342367305,-0.6567983484941442,0.006639359373726189,0.11036647856360551,-0.014084167754607592,0.5137464530392868,0.0,0.0,0.0,0.6758129049127074,2.1835542450937053,-9.026395719598513,0.33684819025460216,0.20010794474736968,0.006995073572276969,0.037963583565194234
0.0,-0.000422607216875318,0.005840321108174857,-0.05458683074835411,-0.3417167325543405,-0.11874845012020356,0.11925846901439634,-0.10919075280269466,-0.13780598888333628,0.7055399108782431,0.12777452771613618,0.009722238124315,-0.07951480330088799,-0.02885650401983391,-0.7325957147835781,-0.15138325524349772,-0.15556073860134542,-0.012762994699925753,-2.350313435703003,0.0,0.0,0.0,-1.4812816092292982,-1.1398490895398163,-0.2500170523276072,-0.6630647480294596,-0.040645373292261755,0.16478288073225386,-0.5254047728137571
0.0006963374838316604,0.008980568154257726,-0.002013729244674616,-0.002217591589990058,0.4757917480456492,0.18758007887975645,0.0362378178776056,0.02530231153148504,0.010047366361366154,-0.008446538232266846,0.12517265431520824,0.11449262634115243,0.008745296537942608,-0.022868963427238556,0.804874120288817,0.1423944058987066,-0.051967051901312226,-0.013354940078669872,0.4800497605756653,0.0,0.0,0.0,0.7927893564911687,1.7628321533731255,-9.340241536604378,0.010799048076752445,0.11112206552439308,0.3114287341590455,-0.14502499407873362
0.0006425749721021065,0.003592069911940989,0.01565872659727386,-0.01845551668513269,-0.4673765699449852,-0.22921085169203115,-0.2585411268672342,0.09270426843628461,0.05356321533624032,-0.07459842632754682,0.13920162876962472,0.05608095322520806,-0.051696696274079364,-0.08441201700451548,-0.8775903947718297,-0.05666516366531845,0.026726885338209036,-0.03206777939916702,0.4884942262343169,0.0,0.0,0.0,-3.7910794493238194,-2.2307008166689677,1.9068045602388473,0.46039292428135575,0.10423473789854226,0.3391114825695268,-0.9273478491244089
-0.0022057998183576304,-0.013195172981758478,0.013109897047955234,0.0003830643399077811,-0.47634436889080095,-0.21638361097638498,-0.15199418137548742,-0.023449875910759907,-0.03887142904575354,-0.054463496309298774,-0.4841420198162441,-0.13638756018161663,0.06494436918824718,0.04284776046759443,0.28436448799262615,-0.37310868067902203,-0.1753762762841783,-0.056452437793833764,-2.178211767439748,0.0,0.0,0.0,-0.6772541690423353,-3.5350918615630884,1.6849507496143046,0.1073579159784128,-0.03588809891830324,0.11716953292228768,-0.5240366862378693
0.0,-0.010286631009925525,-0.06265261809987265,0.008017672327498,-0.39089235391798716,-0.19098702724053265,-0.1698242010408025,0.0022113780924476498,0.08163380872665373,-0.14523074609531889,-0.054484312461571316,0.21258768373638143,-0.011229861477322575,-0.08366401511356548,0.1422445690982629,0.28336152842933243,-0.04704987688077453,0.6048375521363757,0.7323644505855933,0.0,0.0,0.0,-3.1729919911784616,-3.0155909827360907,7.557025417059432,-0.4268255338887599,0.22450286317720447,0.09045544935185144,-0.2801394698207884
-0.003259121570503417,-0.00012743335907959498,-0.044947390491845034,-0.0023289677781473967,-0.2397411452232983,-0.01979708501119036,0.005400830731227664,0.1034534842965198,-0.16518082415273863,0.09744540503391945,0.2441576135839171,0.034308603452797806,0.05122956313205322,0.19285816364089794,0.23148952765312483,-0.9023312367825522,0.13914358797543114,-0.023927689448764305,0.591996572750703,0.0,0.0,0.0,-1.841929248327807,-1.6577098290126002,-1.0478859760910126,0.5294745762708126,0.08309929121052975,-0.006263398411154917,-0.5736080318930629
-0.0016171299271816792,-0.0012501427520250656,0.007521307697189002,-0.001450204130104213,0.16498771009877466,0.04190922650559234,0.07294706541353621,0.05070154117852854,-0.020050233569731686,0.0805793458379008,0.18053277966017672,0.032743451197575366,0.016768095740810566,0.010552153807480934,0.36827155239225073,-0.05941112958704959,0.02476270171067034,-0.01325001554995154,0.6170186054795406,0.0,0.0,0.0,1.3434757886418691,1.6840394898724906,-9.565690827669306,0.06462490582717172,0.023762418658536705,-0.10220692421255748,0.9976268293535635
0.0016951044376569873,-0.007148910795458362,-0.02889637361616822,-0.006073668447018382,0.40433652927570335,0.20685922622679262,-0.028502451950542674,0.1135114155625116,-0.12920947032291352,-0.04179647901048215,-0.14896249215057283,-1.0409347154830586,0.0629379565675724,0.17071312824926124,0.6027798828148148,0.07060544528335,-0.04834049217275548,-0.022674092210292134,0.7363439167065526,0.0,0.0,0.0,1.341399132535929,-2.8524895364779126,6.226739375928047,0.4425008994076647,0.3907611278883015,0.1875409427409181,0.867991008231947
0.0,-0.021329456855781363,0.024912834455779173,0.028497860663367586,-0.5854440085518435,-0.31558192380865835,-0.14071992979319745,-0.13655349836522898,0.06568754736904953,-0.21340064263497968,0.07414739650632544,0.012640766449070537,-0.17206715356051563,-0.12967385904940942,0.46826294819314246,0.001100392967813173,-0.22147370551390083,-0.054991368525486015,0.6075845913088956,0.0,0.0,0.0,1.146222482491243,-0.2641027036921923,3.4170303763559917,0.28838298908440446,-0.3825036599002901,-0.3734556030924432,-0.9413896511810451
0.0,-0.010815389618891766,-0.00754347338402455,0.02596694860169334,-0.6720423173888345,-0.22874868390223305,-0.11917522331828292,0.020965242486684937,0.024924572789645376,-0.17945032539436234,0.2020802961186681,0.022079952870238798,0.6246943785954592,0.30338447809036334,0.8802419764599841,0.03665089090836314,-0.36532323771181086,-0.0491842044816126,0.5525936698316568,0.0,0.0,0.0,0.789451181310378,-1.8102118099535809,-0.8268241121393576,-0.2338777825186603,-0.1183448089621481,0.24228911969398553,-0.18449964999702081
0.0,-0.015460132449581537,0.014062315306081676,0.036133203896868964,0.4918178986958775,0.28216907544312425,-0.022201914444074645,-0.0279072572291747,0.07827789869698583,-0.09024354558454128,-0.14410540916808143,-0.20965086902417876,0.2897332049596748,-0.09983896594572143,0.1612821571117416,-0.25477827116818014,-0.07531465874890639,-0.036699646718830095,0.7515178817002818,0.0,0.0,0.0,1.0897519023549969,1.3946813382491583,6.533236652194901,-1.426154610805079,0.12687858912457498,-0.4700217933409116,-0.5304540667035275
-0.005666896163904622,0.029810178669137953,0.16046348789157955,0.014119257484445959,-0.33339945961475853,-0.18540105855711356,-0.43126984026505966,0.04898692138301623,7.979418594423007e-05,-0.05911402858828356,0.15149849255403505,0.028628524875991584,-0.15817461103719269,-0.04825809103882604,0.9361799564539967,0.24656999298751262,0.0673708342530784,-0.05198311797649845,0.5977438994858839,0.0,0.0,0.0,0.7014360538507324,-1.072829281799566,0.44781483888564344,-0.44269764058247246,0.3870079354311698,0.1939932779680026,1.6641939358312157
0.0,-0.023622495732123765,-0.009330089751261286,-0.012909861399197893,0.7096234181229184,0.4035061445617575,-0.5299383273479482,0.017373216197804884,0.018833890656223755,0.018715073139544097,0.09329569213278281,0.031060435187318755,-0.09735339667561545,-0.08663938325569129,-2.7033200328150673,0.033850273590807056,0.14349522089061484,-0.03663252606582434,0.6778968961581526,0.0,0.0,0.0,1.0598591077305126,3.2861972598757623,3.0561374986473977,0.3582640356206335,-0.11787262312754322,-0.8403404241987988,0.4241133749062867
0.0,-0.0005293052434827593,-0.000621832183298602,0.025838740223897472,0.4609677111254756,0.21977947075475596,0.2416262304050937,-0.04285859429716208,-0.021150110700379747,0.22770565919291505,-0.07317090169958816,0.12730904364576312,-0.011419611619046432,0.07329555348546479,0.13860306148788198,0.11650273258420578,0.3242200759916533,-0.00845522546606066,0.5347211621541937,0.0,0.0,0.0,0.695522651082535,1.2650961888272132,-9.218994387724672,0.35999385599140765,-0.10056345321690534,0.276486960205661,0.788314428452518
0.0,-0.018249028288524444,0.019390538857898258,0.023793057790724017,-0.45541946392128546,-0.2825340630985335,-0.1897331541251758,0.06216200535001228,0.045916458526989425,-0.024352897734245406,-0.36094593837123207,-0.03047594226717814,0.23534301322899132,0.11583132138399747,0.9737127585758812,0.17738860022138045,-0.17357662971166288,-0.04796856682760371,0.7081788927772739,0.0,0.0,0.0,-0.6598603677099554,-0.6805758661827289,2.903790138547359,-0.25901080757967543,0.5278677129589382,-0.11962902070698775,-0.13942644531169746
-0.005352687994421987,0.002755871288211144,-0.031049902878882558,-0.05218062767693866,-0.7127685898024396,-0.3084387409872365,-0.014647489359659878,-0.06592525879962761,0.010473448874273839,-0.039062772462486926,0.0548945813417157,0.03825280224927497,-0.08269114867379444,-0.07133905552829381,-1.1663582522630167,-0.2893505694103481,-0.16992308100303685,-0.06607605339509197,0.3823608009148372,0.0,0.0,0.0,0.3078275698230091,0.1065858328894898,-3.9322949356404684,-1.4368882884393448,0.2970038426461326,0.14535252734716267,-0.359857374579057
-0.0009233395445490238,-0.005191636147520253,0.0335658928002758,0.0005580827971672611,-0.1412715596962262,-0.06082502361669171,-0.10575450801027036,-0.12298335892331183,0.012812303909384651,-0.09296764407109054,0.08995102932238505,0.02381920442339193,-0.06188676155298946,-0.15534193676240393,-0.6310681783328579,0.3062955993630663,-0.05490295509776376,-0.019743750396639538,0.8931312996416415,0.0,0.0,0.0,0.8893072626881418,0.5512569489598882,6.298799424700645,0.4022760180230857,0.30447199365940175,-0.1614083398458927,1.1939378254746824
0.0,0.07196963359254648,-0.004883030780668036,0.011749205756888528,0.6630512640172653,0.42978200959656504,-0.272472037264602,0.023212107455862784,0.06869608211569737,-0.05364937642099294,0.14690361547991834,0.01960321567304021,0.2167078625229748,0.1483791711106909,0.5407502565605679,0.1503223193733881,0.08475710027658759,-0.040910289847719924,0.738958927829975,0.0,0.0,0.0,1.2610706808711711,-1.8196968417334294,2.9295385374842073,-0.24227257416031703,-0.15200709397295384,0.15541751199275353,0.9427684536213087
-0.0008194401470683693,0.12425928399612599,0.058436560800780094,-0.00076790460071412,-0.2247582390077679,-0.031821857410927724,-0.4705740701965142,0.026488952211971045,-0.10771097713878058,0.3483231634819617,0.13668490909921255,0.030423665360122816,-0.011509340444706653,0.002820053926069521,0.5391346846299481,0.6114211805608122,0.1679382987537681,-0.04165386122216272,0.7235718852644454,0.0,0.0,0.0,-4.8885726767897,-2.7527558682347646,4.914876806376096,0.20836067107327755,0.248899958671154,0.17913226670646354,-0.30452877648612
-0.002256916934856652,0.0018084931405610862,0.012062574301182178,-0.0034922335841730966,0.6366163501755224,0.20643661997824764,0.13069279645211085,-0.08389726234543579,0.0011113441171125376,0.0013350489578396224,0.09126302890485029,0.06874984598921682,0.05330849486183045,0.006307665865892568,0.7416015318884318,0.07653363847625615,0.15914101704272238,-0.039484118085059236,0.6959996321962939,0.0,0.0,0.0,1.4609819956428787,1.0541414969052536,6.005648978186182,0.15230928010740155,0.10899829011875518,0.16415792195995998,-0.28358920525797165
0.0,-0.014306779143173055,-0.004335018568285114,-0.014900745152197513,0.5407459668488097,0.30057202144067674,0.19435004160497854,0.05337048161250715,-0.11442906505481595,0.1227460552696523,-0.08044398879459459,0.0043357909394216125,-0.032733301893242105,-0.05998781016340583,-0.1572743131400502,0.03317367267071102,-0.08414405662369057,-0.03300623228281231,0.5168087446303675,0.0,0.0,0.0,0.6255958155327057,2.5330922480109432,-9.590738069195593,0.5615160345267846,0.019960383459024608,-0.3265983918399857,0.7422292957727439
0.0,-0.0007524218960151642,-0.004937511820315848,0.03786124721709099,-0.5153912912725797,-0.19860178172672266,-0.24646291872427856,-0.011373264978607921,0.05770987708860281,-0.09133868771413785,-0.3101881511840178,0.33531291119490075,-0.013973454177362761,0.055849191970391565,0.45840243069081843,-0.01499933093862256,0.21222695485758708,-0.01941926624803845,0.5760709055100496,0.0,0.0,0.0,0.9050873718724295,-1.4724466627047046,-0.05339159343448976,0.67196269188537,-0.0777768133562311,0.23094227385506175,-0.3917669897539493
0.0005579633420681215,0.03596608488280525,0.01768934462690527,0.00941563150378397,-0.40199362368994895,-0.13455165033459718,-0.00019866919010356858,0.0630865339858945,0.03196775702152317,-0.06895900628170645,0.17504564174325593,0.08785784939003455,-0.1026850816454014,-0.10503565045085649,0.7775469908502232,-0.1751270546799933,0.013206418133470666,-0.02288128883684532,0.47974932094593115,0.0,0.0,0.0,-1.1018500402609268,-1.4158545687892607,-1.3145777999749084,-0.5932763644340028,-0.15137819855694593,0.3933319641919934,-0.9350885944665879
-0.0017933449706376734,0.04917071805396424,0.0029692324254215526,-0.0007546162593607661,0.1222943813623052,0.03952224586061461,-0.03203497888726255,-0.084007030438904,0.05704985269396581,-0.0339313613859906,0.11088078079751197,0.026922275732107363,0.026815091555511927,-0.016689377722658737,0.2526928799316019,0.011366911639800007,-0.18511039229257506,-0.014577656672893392,-2.6369323787122148,0.0,0.0,0.0,1.174581826961378,-2.101104677403049,-6.583915093830544,0.34696373296477856,0.1422368494821736,-0.3207503384407368,0.6931249670774902
-0.0019975824259795714,0.0011639485818353923,-0.027380670953842553,-0.010157212980258621,0.7012470996073378,0.305066320209493,-0.3170142885219181,0.085743225906922,-0.011325904145119324,-0.06067621972616794,0.06800104927575173,0.07170215664488017,-0.09915091944259131,-0.1584445498881693,-1.413622711078123,0.005630661012636661,0.012678660467918748,-0.04749429551379406,0.6167457815152898,0.0,0.0,0.0,1.3058333885120696,4.367121049087161,3.6626215342648063,-1.0072819662568944,0.09167246585360099,0.304859214887323,-0.21485062192196877
-0.002161367389212419,-0.004304128256212622,-0.005151685726256759,-0.001450204130104213,0.2568806624456715,0.031786593326447676,-0.07274491694729239,0.01452389106305679,-0.017676813418019032,0.19516774577226062,0.12025757665749615,0.0359771493832489,-0.17028500889164044,0.025312270897038615,0.6171392731164773,0.1625656473154833,-0.012399387391046074,-0.01426814986861459,0.6984716376195436,0.0,0.0,0.0,1.9959461377927974,2.268880859695389,-3.0195977590272967,-2.9072100259666613,-0.17871620901950014,-0.31826802941581506,0.8156853444989802
0.0,-0.012678780503378213,-0.004127835814256155,-0.0242935195975884,0.39828988217603084,0.2914578781377612,0.14536997198541374,0.03651060022210868,0.00862780970379992,0.022059526223427176,0.07540824000445416,0.022030699995135097,-0.05543016001678279,-0.04884392437839955,-0.3768378865507244,0.07727565942227896,-0.019555763437654902,-0.026382462393270835,-2.421735367348852,0.0,0.0,0.0,0.6044057211270314,1.8752843157144352,-7.927903615209202,0.6969330498292303,-0.2003097678991061,-0.09066863427434416,0.9444123626992932
-0.007278798081823327,0.02688730567457833,0.030261091102581943,0.00021541329709580777,-0.5857151713363917,-0.23585849569712267,-0.1426337457295141,0.07299765672049793,-0.06625521675971924,-0.021421476404058486,-0.734971062085128,0.14871529365801872,0.09271381628356333,0.19472316256678343,0.6514719168088974,0.2555782141414723,-0.15698179497651593,-0.05984051656243532,0.4847025321608883,0.0,0.0,0.0,0.7301061062789793,-1.979676879797566,-0.033041864727062456,0.5172176151287702,-0.34862209435541575,-0.9739689577771043,-0.1214218673843052
-0.0024708210121731577,-0.009004988444305315,0.043124964505062556,0.007531199397869623,-0.26028258230181195,-0.0430648432719188,0.015073006013010499,-0.08271530953233673,0.007798317280120046,0.1393753156477954,0.1975401784052576,0.038899802134415074,-0.057690827696785664,-0.23262599793887587,-1.1980493103892909,0.41814004955700557,-0.19632985769511507,-0.019794490331667913,0.7138478133408045,0.0,0.0,0.0,0.6817909117669476,2.4692450325094164,0.20637087942875088,0.5292944534406225,-0.21343752737804622,-0.3161446586755255,-0.4969800297810618
0.0,-0.01208353554020021,-0.00453836240843066,0.023880912922758058,-1.2336081424088512,-0.692309435962682,-0.0121490166903256,-0.09480589312024133,0.0458689329108013,-0.07543635713617332,0.10748412455858107,0.03354842640237543,-0.16726695726492713,0.1522475419209766,-0.3073592548622179,0.01192433556126243,0.5175910156245851,-0.04454410471113877,0.48685882423731264,0.0,0.0,0.0,0.35630473718920175,0.9063587420445378,-4.274993091930593,0.1443702015317519,-0.00726120323660084,0.02548763861353806,-0.5085992253405087
-0.005649220012439891,0.0030229014305951283,-0.013511861105262802,-0.034291793312163976,0.4683649494734424,0.23945098500943376,0.06891441230121156,0.05069835371274319,0.012700047996345469,-0.01672470987433634,-0.3141722957438155,-0.07598184804712747,-0.06369435314389169,-0.0032402937454557887,-0.26313592793384094,-0.11619877101167864,0.301562370333201,-0.049967047302854485,0.4017962521359362,0.0,0.0,0.0,0.6679459189460967,3.3291970585942097,-8.328867277862534,-0.2249012688032526,0.003874773201657157,-0.38732654061061245,-0.2963990460536519
0.001662564592148105,0.0041351511186587565,0.0026116092747107958,-0.006665910211606998,1.0855829563486514,0.34907848325858637,-0.31560667140686666,0.09515640771454813,0.0279889684930323,0.0019312228025899275,0.11091976491356836,0.11816003499298279,-0.0032337329508591098,0.04681096807201188,0.4892174868197679,0.18069117813610264,0.16581163417665484,-0.012834353878180002,0.5944292711780347,0.0,0.0,0.0,1.0303712766040696,3.005300810165261,-1.9944878725309445,0.06822570878713718,-0.2925055415146193,0.13178902223145664,-0.09713392743632156
0.0,-0.12055252286359416,-0.0017747511008291868,0.004279568314717872,-0.5247837773631038,-0.32088211625408297,0.03127902364485112,0.0370669154915176,0.08078641102611225,-0.06022094499759113,0.11097454027717026,0.010125915689241028,0.21179921166622465,-0.04554739122945024,0.44100879013010774,-0.5043273142611664,0.22269282376203922,-0.058939216363501364,0.750911813427567,0.0,0.0,0.0,-1.4933082727683622,-3.787565611258132,3.549214244883739,-0.18743287076032278,-0.36456130281488286,-0.22893398093965517,0.5796878687055126
0.0,-0.024278237551762196,0.023083341811874963,0.01901998747802696,0.5554125740551262,0.2925056216222516,0.4378703208049106,0.01778724285064719,0.047990117136015906,0.00598060363371443,0.10529937196476746,0.02293966151883058,-0.10590449834956364,-0.06883981964015824,0.09437331748760582,0.06692363854586125,0.16795306300013355,-0.0455563513132073,0.7929290081019112,0.0,0.0,0.0,1.2663728740293365,-0.3690412615205812,5.297978196588608,0.4818976008797406,-0.1929900833078136,0.2178051087481714,-0.3517962077872466
0.0,-0.0007524218960151642,-0.004546623371881983,0.011775198077821692,-1.0586323583909347,-0.5114949958431055,0.037033500285027075,-0.0002819285691720404,0.024456385153787206,-0.05612506069617649,-0.250321620659076,-0.06732981189601084,-0.0701821676286705,-0.054333243824619445,-0.1812057637885713,-0.10324072221476453,-0.19850904273363304,-0.01769762691382778,0.4884816629614714,0.0,0.0,0.0,0.36762563974401813,-1.7431353587881162,-4.690722155076296,0.37245874648594307,0.02470315608070565,0.02838409913370308,-0.5685754147085995
-0.008451588347627074,-0.025492984344527517,-0.03117262115758356,0.0007921266923298746,0.45928066820734836,0.2370672585896985,-0.7976729328011307,0.054389662253663255,-0.02580371417246304,0.018265980594426995,0.14167775419454784,0.01662937629086628,0.08570679967655859,0.19297830594440568,0.4423447938597199,-0.15002183414416803,0.2411192801008486,-0.053595985909322685,0.3942752301291052,0.0,0.0,0.0,0.7286976569633948,-1.2694829298391654,-7.570224264135503,0.07157751119278226,0.06376983926447569,0.20650515447529966,-0.1652848238817794
0.0,0.0006247563438265076,-0.01777255381739019,0.025544851133421604,0.4246213409887794,0.24162895651717753,-0.10066840119667164,0.013846971237571544,0.025350973792913532,-0.06051401666747465,-0.12992534850466964,0.16663249709392314,-0.04650032695496789,-0.005850109411254093,0.6114575338110709,-0.051959640462208224,-0.28902458716707247,-0.011086935214686447,0.5177091453603575,0.0,0.0,0.0,0.7721610142922669,-0.07273483370019707,-8.827105267904587,0.4315537238578328,-0.15659749457844982,0.2605590475537472,1.0114713006973484
0.0018215525634777906,-0.011325716524116465,-0.026537600461051174,0.010295488305589351,0.42377546916416525,0.12780517324538143,0.24025459850517059,0.014268645539059727,0.01691411926670005,-0.02905132647492413,-0.15872064773445782,-1.8693250658262217,0.5767708144261624,0.3583603043653407,1.6759783640440984,0.1797265192011843,0.11559440167027386,-0.01633634121589398,0.6266258203609708,0.0,0.0,0.0,1.0294246007987722,0.7427009761234384,-0.10596805889371279,0.037178143080199184,0.22652616940666895,0.14895446358898135,0.9683425657186588
0.0,-0.010528710915937189,0.006897051825550449,0.007709629106118262,-0.45932748131874224,-0.368530104699588,0.03474229288248081,0.043089738722530906,0.017450209739255068,0.005662317867428915,0.046474827975076245,0.02478629676492231,-0.11639161582642887,-0.11026544407900112,0.5073968906832256,0.8779963377912844,0.16038805280856389,-0.03283285738335585,-2.0840846805326407,0.0,0.0,0.0,0.3918343081552709,0.14711804971692485,-6.7477947526942925,0.5762602085919568,0.3211483429327122,-0.4338713083797144,-0.38182821084286783
0.0,-0.010286631009925525,-0.031806649501189756,0.007061840814920416,-0.34027775932852683,-0.17635139672583108,-0.04718835830384397,0.06577906203122116,0.07117934658459504,-0.10748585263155067,0.050884112271378686,0.04260363626558548,-0.03122410478378426,0.09634735622099867,0.2742126338220145,-0.2438644511395447,0.22677911523814992,-0.020315061486146115,-3.33096343272481,0.0,0.0,0.0,-2.8886167060383885,-2.5898345322839735,6.605839284195798,-0.47406779997852067,-0.09576612285522598,0.08282537620693668,-0.11774117696191781
-0.0022741739617057988,-0.0007468698662083716,0.04534835015938471,-0.001119923152477591,-0.1994983868998763,-0.06298309689146853,-0.044155387313772866,0.054590220834223595,0.002599989615557124,-0.003576955179619735,-0.22521594360925246,-0.08682556663010736,0.32028319122909743,0.05897748368453629,0.5123890487144667,0.13667076042443452,0.02125417345741233,-0.015180951658496528,-2.7059745527228913,0.0,0.0,0.0,-0.5964570683157847,-1.7776890659305709,-3.021596706721625,0.007454682658662803,-0.24241974044376843,0.2384088168277557,-0.7708432040342436
0.0,-0.0007524218960151642,-0.012990104628415712,0.018039607736790336,0.566669535984007,0.2526859445323647,0.06879251747393539,0.017045114843598476,0.036073926896991564,-0.03732356768551488,-0.1729492210639513,-0.3792484380572913,-0.0531883368062044,0.02926232677101997,-0.15334244347086948,0.08322525206188601,0.16039391560920213,-0.01681065350553527,0.808092916410677,0.0,0.0,0.0,1.2780113382533207,2.0307553431385554,4.787802262183353,0.11168591469981481,0.04176886631318946,0.10315811977037118,-0.16921505981273632
-0.006788148523579542,0.0034366394434953607,-0.0337695651899136,-0.0695412998387388,-0.8725737479987006,-0.4175394114554161,0.07023477769104058,0.050988370285995566,-0.04392425373530428,-0.08118722338648156,0.08872611902441324,0.03985245203744791,-0.11083919299132579,-0.3787631541480826,-0.9706728442173096,-0.04289743161308681,-0.3376442882540446,-0.05703255912432327,0.44058179031742506,0.0,0.0,0.0,0.24032664033065368,1.1367654848122186,-4.45796644118583,0.42955293722756616,0.195127121654134,-0.06332286966609946,-0.3102305635009721
-0.003191121120549594,-0.008949657719061043,-0.02788748867913296,-0.001119923152477591,0.16148466878915546,0.04216393851106487,-0.18802044489975878,0.02425810405480117,-0.04130654321145028,-0.04235111360135221,-0.3509278260711964,-0.06875099301484745,0.04914544577396852,-0.03835271860157373,0.423378495502376,0.16480326314027458,-0.009937520093145183,-0.023022460590637842,0.5040546868944487,0.0,0.0,0.0,0.01410243170354562,-0.6393784938302288,-8.193233219593472,0.17110310939552204,-0.1270645558335456,-0.12862467539940795,-0.1770462232292652
0.0016828464839177407,0.001078437497352211,-0.005747115734872743,-0.008163604217783303,-0.5382867451808194,-0.21516532557408682,0.0029059639725753893,0.07778600980574989,0.025013022505775313,-0.15165092682228531,0.0988378591668039,0.10190027376413278,-0.07917203483913046,0.029192708354018496,-0.8839964832167545,0.050028788059223596,0.0864640257334345,-0.018850411960418385,0.6365200707159927,0.0,0.0,0.0,1.239749881414217,3.5474052311449515,3.943033836990767,0.6781369588723056,-0.4798329794267135,0.3125749806388932,-0.35258556305973665
-0.0019908126967225614,0.0008127627056013718,-0.029738840916476487,0.00018460962197386843,-0.4704093767323099,-0.1803243855498395,-1.0588972514052815,0.14096968469374727,0.010621958550099857,-0.23223777809814788,0.17900201454300033,0.030031856967669704,0.08220616786080275,0.08660913949603224,1.2376827622945419,-0.06361966169690973,0.21808247837334574,-0.051029328465609286,0.6332046268507151,0.0,0.0,0.0,-0.2584348852323371,-1.3980591566176328,5.297903401966781,0.27609854161000014,0.6491402349850381,0.02150608333949885,-0.22427322561808663
0.0006243564774793145,0.07486533628575591,0.0613961624852785,-0.00396369276397748,-1.057842505292271,-0.40506346724584125,-0.10781860376852505,0.0007985314146697588,0.02982585095538856,-0.08057156946455138,-0.2037237716811349,-0.05529273414148633,0.450717723666838,0.16416545318588896,1.1251206641994405,-0.21659123310472567,-0.03769108612516871,-0.021537875184236634,0.44120771781553275,0.0,0.0,0.0,0.2529600633217182,-2.0205061664665607,-3.1788558029009093,0.42754698935911717,0.024327862457478144,-0.4361758480411539,-0.7022403962445276
-0.0005702603440131741,-0.007324875114463116,0.10668722384129997,0.0008521500159295545,0.23870337034340267,0.048318279019069384,0.07392880869526257,0.08105131370421673,-0.019320985888954954,-0.013701123655835517,0.12577549823968268,-0.20808875298215337,-0.08243757883272022,-0.09382626400400824,-1.1712795034069974,-0.3492547754391961,0.017700470890972195,-0.017882543493520385,0.9242774060692938,0.0,0.0,0.0,1.5948703491330027,3.897125397375275,5.315554101415554,0.11955482300602122,-0.4564338730614181,0.1608365805680637,-0.2190166059030908
-0.002248891826576346,0.007993905549600664,0.007423485283841081,0.003122069228624728,-0.4505489176298715,-0.183386555341312,0.19896240184449743,0.0837509285320512,0.007240680831378736,-0.01842008206495799,0.10209203514235912,0.06812677201928194,0.06454799827294438,-0.0033664827761434265,0.40180779915800613,-0.6418619899266323,0.24649388637426373,1.4837133408676222,0.7427501555183718,0.0,0.0,0.0,1.0762500474932108,-0.2796579960726013,6.896385041276702,0.48030475576447534,0.4324654707788995,0.2334726426049044,0.0014676026638295596
-0.007465749247167897,-0.004957947245672451,-0.016934459314806215,0.004988541247662876,0.4510018831670449,0.22684479489587364,-0.03402967223638384,-0.10500762577977817,0.030014689817672947,-0.05128780814754977,-0.3812969911986215,0.009021213540008774,-0.03509649795569212,0.0050041309759510915,0.387578008668351,0.5162205084669504,0.2843525559486251,-0.04775443437879189,0.4355453889525943,0.0,0.0,0.0,0.7328762774286087,1.0950329833590766,-8.681519496794605,0.197170987101628,-0.3362906585672668,0.06895546085293985,-0.24584685366885814
0.0005808682671416449,0.003612938536795412,0.010366554809550949,-0.001172703617554318,0.3632427036769089,0.14059922531990648,-0.3394958284920986,0.028740699498892915,0.010465918443365509,-0.0185484056594998,0.06898717562565282,0.08980928140934334,-0.037257341438138275,-0.0387527929497922,0.7958040209482371,-0.07912602914851456,-0.14886681769233578,-0.016666952841526757,0.40682989174737594,0.0,0.0,0.0,0.6679402289376056,1.2282502811960314,-9.229226328000893,-1.4128559738346314,-0.06759868283684875,0.14563978953445345,-0.0940927476075675
-0.0020986796973008464,0.009290823152089664,0.01897167372891009,0.00038360340701358456,-0.48078523385978783,-0.18908109887994107,-0.10027197854901715,0.08207038392234109,-0.040755149870824674,-0.15846680570812446,-0.3904976253970234,0.04890897743164463,0.3534082757585278,0.1651276001051498,0.5427582373318169,-0.08385583797487889,0.19078867690937631,-0.05011519009741304,-2.4194328431705996,0.0,0.0,0.0,-0.5201306756830939,-2.851787387450914,3.9098482448518435,-0.37672023622698325,0.02675372347739995,-0.36480028528743574,-0.4927695430681493
-0.002303146297364764,-0.004102324614185763,-0.03425156174217468,-0.0012484353317039354,-0.2557816280329365,-0.0448672112548873,-0.03878558966031071,-0.002557561197502464,0.0016881925743683236,-0.008091414756751888,0.12141158681174005,0.03297979953497072,-0.04910444256710424,-0.08981667285849648,-0.1918396065021596,0.20694758306279643,-0.4741801657344097,-0.0201457834543152,0.5895942848828818,0.0,0.0,0.0,-2.6839030788648186,-1.5559401174419178,-3.747557247783051,0.30710951895248223,0.5390106541014893,0.24620109858687253,1.032222236347066
0.0,-0.01704871102917755,0.018078249722374033,0.026466132268613777,0.4975092276026212,0.2884950475807268,0.11789618507436639,-0.4755806958590547,-0.299518746376491,0.011163837134326563,0.08848137094907411,0.04254200120749374,0.11678632958908147,0.25004943075893277,0.037841950053360426,-0.06663697197838996,-0.28583814170628224,-0.03424994924106521,0.7833357311206286,0.0,0.0,0.0,1.155372934132625,1.3464550308026495,6.168321858046628,0.041451553653980365,0.003858128528069462,0.1163961863566943,-0.5936946836678256
-0.0006412792131611388,-0.00709651301142469,0.015257989846204531,0.0022039319427544844,0.25001519064150096,0.04083901080723476,0.10956014874433095,0.07584572481646559,0.011229679572682352,-0.017662442294760286,0.15942795060388684,0.032184160849084466,-0.023705900709698267,-0.1338343582453106,-0.5566760822611382,-0.04532095858097248,-0.4579015036304369,-0.014898570192470867,0.8878054810912482,0.0,0.0,0.0,1.7274693953667963,2.3113675420772513,3.4454508463341074,0.5494576383010458,0.13471096184027426,-0.2091769557646107,0.9674083324955364
0.0,-0.0009804128945946158,-0.05878086066705812,0.018071270469597896,-0.33491745568141257,-0.19439580230616327,0.07517454112016352,0.05956461920686737,0.0844793717583577,-0.014666860019581994,-0.005830966135885487,0.0526608693687828,-0.03771582704066278,0.08701894378734416,0.039455678618115414,0.36698094249871793,-0.11285734174643304,0.297792116653802,0.8598874599319595,0.0,0.0,0.0,-1.777972235928018,-0.2728174436136137,7.626822757759872,-0.4927200499808342,0.032072612587508625,-0.21393183539729052,0.7274262800885706
-0.0007171346206128397,-0.002451394913704421,0.00025326038595731293,-0.0009458014791056865,0.19398740503167786,0.04051843248870946,0.18329105421049882,0.07545175802749374,0.012968092110808592,-0.013259260093218973,0.07939948302989581,-0.18638694829509497,-0.006588189968318334,0.15885713948613786,0.647437147646188,0.1488598200838779,0.18573060952406556,-0.015503720983807274,0.9828410351426552,0.0,0.0,0.0,1.7949058271219052,2.715579370100047,5.350501038623503,0.24242698775035923,-0.39175008263725125,-0.14238292451943638,0.7460531588071523
0.0,-0.010294079907552893,0.024976104062032503,0.008810575570536744,0.3985983749943385,0.20628743688272824,-0.03216439753711839,-0.18000187407474852,-0.23732360275597142,-0.10225265787028535,-0.3078929869377226,-0.7121594352321928,0.24811869816202006,0.030670569650942593,0.7598697947434916,-0.17067673073854875,0.07851039201171742,-0.01776648752034419,0.7121726982660718,0.0,0.0,0.0,1.4296328468552941,-3.162825531423942,6.093604512444687,-0.8113409872591261,-0.140220088896142,-0.3806201183118055,-0.2825920200839537
0.0014575877120506608,0.008173860507164581,0.04170000814449785,0.003067145362383831,0.757324281893658,0.23179425936826678,-0.4318689157505896,0.049538371547109945,0.008058901666983373,-0.02023141525199082,0.046079355385116844,0.08960762753676572,-0.06349762924448905,-0.048030273311068336,0.3852145419332665,0.23563842759010756,-0.15715141540922145,-0.01801372830296692,0.49998201576747436,0.0,0.0,0.0,0.7545697650113505,-0.17422285687945674,-3.5044158183748286,-2.0542239092252452,-0.3039404218456437,0.13466512655144708,0.9291345162783164
-0.0022467606239095898,0.0012116571849859208,0.02091233353744716,0.006751596689908089,-0.5938770339204671,-0.2249474734661683,0.11548160307928752,-0.13635435614912045,0.022025572125471453,-0.08914794375584612,0.07831791044033362,0.07254532050052548,-0.07151911476048554,-0.16269848942367637,-1.18671183792253,-0.20909685670879094,0.22048369056047287,0.1399961729413207,0.6516134436472848,0.0,0.0,0.0,0.9151640264795069,2.207497213141621,6.190609799599494,0.38647450803561095,-0.00784509094967083,-0.1081594290069029,-0.8940491582091943
-0.0010325279706894154,-0.016808240011376357,0.07434157586568377,0.000852150015929555,-0.09356283228132449,-0.05788977927724462,-0.24009267627589365,-0.051760470983109035,0.049273305924071184,-0.012539592684463426,-0.2165988307912218,-0.006743345683977182,-0.07293185913726556,-0.08044406040384443,-0.6079527451841513,0.35076640991460944,0.22314794468794305,-0.022472143468483616,0.8172592625631471,0.0,0.0,0.0,0.8786268103568419,-0.13016052347564427,8.416350112966,-0.9953581332821333,-0.03281804699642781,0.20038776947003326,-0.25504130933922925
-0.0024267783320482137,0.04620893145251131,0.009720909824925072,-0.001119923152477591,0.27768410429524304,0.03997713815623631,0.7830077568691757,0.08505000937556571,0.010458614831153467,0.010216620704489865,0.19116233323590445,0.03607262774274899,0.06887729927599316,0.18490949110651705,0.9400914768944127,0.20848968957318528,-0.1226710659623373,-0.018315446927043632,0.714462074316971,0.0,0.0,0.0,1.7441113710292493,-2.6174871297631546,-0.6868749958522519,0.352469753822189,-0.3469343318481152,-0.11990102657562166,-0.692424665089888
0.0,-0.06615718018721092,-0.022232942383066497,-0.017646731295313096,-0.5668368611297788,-0.3062695787971981,-0.09572119000304401,-0.027067713136026805,0.09665817973750318,-0.022605547766413638,0.12595326351983005,0.026557511221779528,-0.2517560291388212,-0.16648595917536343,-0.5928424345773367,-0.09700472013739875,-0.33370760078124756,-0.06524931017323912,0.6121069117489952,0.0,0.0,0.0,-0.5921985858190238,-2.682478475566031,2.2938842819025362,0.5876393365427903,-0.059705426292958476,0.17771526295840398,-0.38789408533206066
-0.00607580973346858,0.0030690529373978716,-0.06156988494246177,-0.04699776222412153,1.0109253575692587,0.31035810338443537,-0.027476757874842966,0.07348049246952039,0.014968664013537284,-0.022005059864889424,0.08286343781219045,0.04311250979772137,-0.03570609226205206,0.007599698854188929,-1.3163338835034641,-0.009285502385752379,-0.18426326681797517,-0.05400041272650966,0.4434588528441083,0.0,0.0,0.0,0.9016168335630536,1.0384811919651504,-2.7354436460363454,-0.24887339174527665,-0.4686493300821638,-0.5937846820837002,-0.33010401507981346
-0.0020436636577431063,-0.006989055984556865,-0.05610287749779882,-0.001119923152477591,0.14800467130825173,0.05670304318331828,-0.05359497057020711,0.06625142998798984,0.019663896112390614,-0.0008798537505268171,-0.17750803167257678,0.020909926472984043,-0.11361658007235677,-0.10349029721358662,0.39876026536869746,0.26358107813583487,-0.07546850080751404,-0.016418901710794822,-2.538744224701642,0.0,0.0,0.0,1.2265824660892446,-0.2616716415800328,-7.002682577392507,0.1473002784166598,0.038880520778341233,-0.022597145926992444,-0.31959965541273155
0.0,-0.07628692459324787,-0.0031335614259893783,0.004894723206095405,-0.5210118193371349,-0.3275625911538303,0.04959883411139643,0.11553092501210144,-0.09557910271783936,0.5389256513957055,0.06719888476635846,0.010683658158397388,-0.09453669918848726,-0.04651459457483289,0.19458612349258297,-0.07096293868858423,-0.3189319865580698,-0.06597792137248443,0.6164846628481122,0.0,0.0,0.0,-4.413223602588051,-3.5971571836722243,3.4902894836239864,-0.1431383707938084,0.06941704483505243,0.07985068478925396,0.8306357556599823
-0.0009974867567752255,-0.014397198742130229,-0.11016094500810715,-0.0023289677781473967,-0.25408530375823996,-0.06691548371850568,-0.19259717766262632,-0.05916458733665003,0.028939745165226145,-0.020446183429639476,0.12605978836542678,0.03044424535336334,0.007760455535671674,0.11167733259032958,-0.29526623046719325,-0.9300595193958047,0.043494339871677556,-0.03028076871887315,0.5796989181088619,0.0,0.0,0.0,-2.922970179976408,-2.0828835606185288,1.5119113308115915,0.4226180079087242,-0.7200477042693303,-0.12376924100677697,-0.5454446394549793
-0.002305372177968618,-0.024050713934903815,-0.049607226860045615,0.0036862160488715327,-0.5261944357882766,-0.20449454166239506,-0.1309489024569351,0.0146294842358195,-0.01709753729668579,-0.13325306722863337,-0.40324440439986015,-0.05147893307453281,0.3943333383367115,0.1738651780650391,0.5999431695887275,-0.020191030895624913,0.091108651592312,-0.0572652523973673,0.5480529509593901,0.0,0.0,0.0,-0.8062607105569523,-4.254345769268916,2.244960109627135,-0.2792391116393361,-0.05184305238592016,-0.12126134187906229,1.7708637753349905
-0.0022751311597642046,0.012573200607834728,0.015802547955369176,-0.018188982556861785,-0.4526670651362732,-0.17524517863619124,0.4708826566327347,0.013820271860314112,-0.03447564784596955,0.6375016354837554,-0.3070493920697988,-0.052797483502951964,0.21267468170460005,0.026205209995655714,0.49972398445091987,0.026644963783740757,0.19076951119665192,2.0541622887133597,0.6915758594580449,0.0,0.0,0.0,-3.0430824352095636,-3.190991309652069,4.9257715803318,-0.16711278998763227,0.012973249977830958,0.12744603976684327,1.0321691266589024
0.0,-0.0007524218960151642,0.005363824483035213,-0.03029350191647846,-1.1174296814559692,-0.6098034179209403,-0.041592137531460696,-0.03041339503598444,0.01979579451870123,-0.010208079092575642,0.04468473798415958,0.04260882346344611,-0.09003609021496459,0.0079060889466434,-0.9403903149699131,-0.09661109789587685,0.09829923137206521,-0.02047494125215685,0.46080938832240387,0.0,0.0,0.0,0.25409294523198206,-0.5581433220104571,-3.757875986860194,0.3724964167968795,-0.12217310847947613,0.1944269411915075,-0.3336105725880169
-0.005487184898487649,0.0033058703293483076,-0.013401510171259673,-0.033574634527787695,-0.4564995510402137,-0.16684015768197688,-0.04103959026803263,-0.1236744470513366,0.01139589683138021,-0.05576582579913355,0.2479894817095867,-0.02554174210543488,-0.13097052894638492,-0.16664292505811304,-0.9869490493149915,0.04907988698382537,0.12152679854843246,-0.057400466572918585,0.4615165716533335,0.0,0.0,0.0,0.5799109699052892,0.8325272974590375,0.13479949256802579,-2.0977706349502556,0.23948382631950668,-0.1361870703392761,-0.6990031723924919
0.0,-0.0009853555929482634,-0.02344412676860944,0.01791584367221822,0.429789229949534,0.23166039203368702,-0.024658837324286302,0.06028269629722126,0.042344599592036895,-0.028160725534391425,-0.06321747363421813,0.24061257950851853,-0.042925144610028776,0.10104058804760606,0.0650203269383893,0.08568914398089987,0.14152993821434642,0.35934271673219087,0.846991688993239,0.0,0.0,0.0,1.220613319477507,1.7555848119973436,6.2647133404416095,-0.04020262287487333,-0.1321009507293769,0.24745014776488325,-0.10875526825550368
-0.002166614423162156,0.00015649970038163045,0.052342278060194196,0.051896787957788744,-0.45849373631316487,-0.2048524084212121,0.2671618433324537,0.0894430440144877,0.02167339396666136,-0.0418925804348033,0.1271076749864201,0.04809276839085893,0.026984961918629573,-0.05669884084123764,-0.37680574766231006,-0.26481671191317124,-0.36014029933922537,0.17657897662053398,0.6147409885828959,0.0,0.0,0.0,-3.8127444435120763,-1.4010740051133725,5.749346374116059,0.41387662908874323,0.125131056404815,0.07948762437443459,-0.32566482261789315
-0.0005711243697629459,-0.005243816646562799,-0.09164342268326814,-0.0012484353317039354,0.23088182431345664,0.03595164869733944,0.04130853809265225,0.14828782462229387,-0.0644487633234653,0.20353408855359437,-0.25907594618489177,0.01971718119147355,0.042020310792957254,0.14105467787790169,-0.15962674865846668,-0.5140861319855219,-0.21314231269680936,-0.012348469125505964,0.9521711223382427,0.0,0.0,0.0,1.7467730985341934,4.030519897648683,3.4080356383348316,0.5823886171520708,0.09635667498518971,0.3599646183226218,0.7927770491944426
-0.008004626548806066,-0.014132608012845653,-0.020354793093474828,0.008295726267638456,0.4006378248560861,0.21603134271960237,0.0815283571277112,0.04842533991372772,-0.003988322334608892,0.03626429504457436,0.08408234728013628,0.019007738743978975,0.2677383789749797,0.22533363143598578,0.6540635514560577,-0.06542043647331787,0.23715756394209986,-0.0459125619878622,-1.9438672728464983,0.0,0.0,0.0,0.6466818371811169,-0.8774039098212255,-6.74337023683605,-0.1547841654426576,-0.5386944120932675,-0.0518339422237219,-0.2998742054767539
0.0,-0.016919467324779093,0.0005724951447753841,-0.005704293315510445,-0.8280419578860148,-0.5590461746058755,-0.061653855939968555,0.01988853170898581,-0.0028242316439147106,0.0013891632695576107,0.03782263265288343,0.020885542397122463,-0.14215054900099244,-0.1966227529235745,-0.35942840247135177,-0.0175655339963186,0.12627729786804714,-0.04355301812209148,-2.1044872570812285,0.0,0.0,0.0,-0.3539636554591072,-1.7079244310794368,-3.200572220073007,0.4230154880050343,-0.19049594224672578,0.02920497318387527,-0.4766373832818246
-0.0030749022683428107,-0.014465152264134168,0.10873846807992751,0.0015526451854315977,-0.2667333754350794,-0.04847041878935265,-0.05410614500091678,0.0768327644459849,0.018605338711872598,-0.03651769543537729,0.2094475516217743,0.033586107714418695,-0.11957583744075034,-0.1470004132752302,-0.5459880757724327,0.5988826517818373,-0.14715131475086488,-0.020849844728124924,0.5323551682243359,0.0,0.0,0.0,-0.7258526124299604,-1.8894525861939264,-4.414731424292989,-0.01329818837243272,-0.03376407812252914,0.2699209282763715,-1.033087257410711
-0.002308595048453976,0.0009477239160286462,0.005959084334283172,-0.010320882835454617,0.5270874984184862,0.19483978639130356,-0.04022554583910993,0.0746795508889667,-0.04379263660135703,-0.07467648982214757,0.04963321741594682,0.059297213139746736,-0.0828333125521433,-0.2590320566550126,-0.9598041894049937,0.038711891561743726,-0.07669887783998774,-0.050274593177246606,0.6371539889958053,0.0,0.0,0.0,1.2443521989224848,0.6682730905059833,5.96044324407075,0.45169445347744624,-0.3433814459270059,-0.061841717345849666,-0.2223979055474133
-0.0020694402829286784,0.0011665918937040155,0.005145155071434433,-0.0008687297172184042,0.6537579932240422,0.2182690116338904,-0.0458641959890359,0.094651565245453,0.012107623307285412,-0.02951408875925762,0.1348817488265996,0.06695551823215552,-0.06904061286803465,-0.020485433547519104,0.7873497332576449,0.3699827646310982,0.04577086093837645,-0.03600456796794733,0.6814463722962353,0.0,0.0,0.0,1.4736158710922824,2.804523162592527,3.6861501437502624,0.6699934478422552,0.23191616492773318,0.11789585762648541,-0.1969411220132766
0.001320247841642387,0.00426438597387702,-0.018738420989092765,-0.008920074252613484,0.843981721759082,0.2910187995572271,0.3051492643397107,0.05257415972730905,0.007398400808523276,-0.013920287079934193,0.009113341047248053,0.07995424775263531,-0.13294006114709075,-0.26192843164222057,-0.9440593327923021,-0.07992195062520879,0.08576757521749089,-0.011438406232250349,0.5613754595709645,0.0,0.0,0.0,0.904611360718,2.19377095099818,-3.057430927801496,0.22001688073887968,-0.0060412886818146105,-0.22178080494051186,0.10209670602565701
0.0,0.002892484104215504,0.04684849739608224,-0.06252906897400393,-0.4711479052617269,-0.1902542413915688,-0.21171845066167674,0.020748456442933463,0.045557599360176095,-0.10211432998531648,-0.01147867497621668,0.04787679547392194,-0.0952543969187856,0.02655866994385559,-0.9940244470812856,-0.6638312088863104,0.027410103554015876,-0.016340057754096315,0.7183423601087607,0.0,0.0,0.0,1.1710855397896156,1.435478926411303,5.489335766015661,-0.9163460119127488,0.07614438207366375,-0.019604196803348482,-0.08903566741929878
-0.0009822590766689282,0.04744642236133612,0.047584424336664786,-0.00076790460071412,-0.16589507422301505,-0.06368101073993583,-0.10757689128869971,0.004396545293785333,0.011850800795655073,0.0152261652932031,-0.22624033982081027,0.024422144346759208,-0.060418622902995614,-0.032902556401855784,0.7319676084300418,0.47910667151463243,-0.15867017121853166,-0.021729345025416468,0.8803994710038706,0.0,0.0,0.0,1.1527588692281918,-1.187195895205834,6.390818065209671,0.33036788314109783,-0.06546152912046675,0.2017783393393852,-0.07148036248527889
0.0006127156933489311,-0.015608936015972555,-0.03458590875624109,-0.0028209041850153775,-0.8032135439172188,-0.3613584107062516,0.011876937221491118,-0.03839026747043405,0.023678239525563836,-0.07222134176648518,0.08697390043518143,0.0626413259209476,-0.06576204244158135,-0.016974058632327586,0.5189785906634338,-0.05358187238006316,0.21342638630359492,-0.026963283026422452,0.3960734690258966,0.0,0.0,0.0,-1.6063528220499739,-3.100328357365604,-3.3913660317636425,-0.018742974213639914,0.03095699480075936,-0.1443423052335294,-0.5948165205462239
-0.004967266383323987,0.009787425127339192,0.01527082910472275,4.6338556840017987e-05,-0.5757950919819137,-0.18699836592594998,-0.467218364714849,0.09099855465946301,-0.08787772979260786,-0.03927821142181857,-0.20409634618194525,-0.20134001164512133,-0.12053020978937415,-0.2087333875633158,-0.6082516491479419,-0.2784712064320269,0.07231046465770762,-0.0694169455537181,0.40074076969232975,0.0,0.0,0.0,-0.9073051564374691,-1.886776841265616,-0.7779563741316423,-0.15370803572582895,0.3569908938868546,-0.5543151538626467,-1.1140602241035817
-0.000985815352553449,-0.008392503169207931,-0.18418988208038456,-0.0008999984952254482,-0.1279139496985297,-0.051453163474042475,0.09107223211463454,0.05887748662122828,-0.08098513102286248,-0.027746584752753954,0.20488801775627233,-0.013129596426423439,-0.04552102075255561,-0.03498306891692529,-0.2900591739247196,0.1886854591081876,0.06358581067984935,0.5350482019634908,0.9294344840123822,0.0,0.0,0.0,0.7486849171861706,-0.39930466268113324,8.451205344497529,0.37623012232116165,0.2852651932185776,-0.10956342112619692,-0.44195280782490076
0.00074158866862235,0.004662775052549365,0.017600561655374165,-0.01667334856674239,0.46245037710908443,0.2014886341623815,0.09875835029253323,0.013620022514803962,0.003194711745999513,-0.06615382106242211,0.08276024952784289,0.09860776672216641,-0.021171499727138672,0.00408628055808756,-0.42503611992717566,0.1139500599974379,-0.05672991551299877,-0.011061152521944308,0.47790813467689064,0.0,0.0,0.0,0.6738580809509834,1.1191454037309576,-8.94189767159064,0.11130212443607324,0.018133519490291693,0.0841564565753886,0.5341133318974901
0.0017227264176390663,-0.010935567028394232,-0.015148798246275835,0.020299786674689922,0.5421113481120713,0.1993361323021296,0.09365736616366173,-0.2657311995273567,0.023046580821169473,0.0037004909707949447,0.08202922955582455,0.11614530600835327,0.17991267876269643,0.4158233660607495,2.0361420332377507,0.08080403790189958,-0.05199988724265168,-0.016915672657325166,0.6308550812106615,0.0,0.0,0.0,1.444452039260517,0.5480918798987111,0.0400890080507564,-0.5668928710931965,0.10020817379604194,-0.04436830989911307,-0.35271149226946175
0.0,0.002792367946117799,0.014135290024857713,0.013334301567092992,-0.5227058025600279,-0.2096025172252152,-0.09977706999541,0.03989013932689414,-0.14787250756790885,-0.14652369326063996,-0.14810329175736486,-0.08660032892753906,0.12236256815470457,0.007335629567917818,0.9149598614082285,-0.4379234224157619,0.03275864869908963,-0.021251765941908477,0.521050422958036,0.0,0.0,0.0,-1.1545130646278867,-2.9484832020991023,-0.049129114741760814,0.3223556362066563,-0.19225078773773618,-0.17614620466693742,-0.6346109360241159
0.0016828464839177407,-0.008951633886375555,-0.012702309440668517,0.0021798884560234777,-1.1369041023426036,-0.42282506324690394,0.11997312847291101,0.031205610143931934,-0.09468257362204792,0.2982317147224224,0.09060653845584087,0.0942564917886109,-0.020114317098775963,-0.005069130061873971,1.7558554758637628,0.14355478555931864,-0.04808427711669411,-0.01645380455426786,0.4738032748728141,0.0,0.0,0.0,0.24033261009302592,0.49329403810378974,-3.166940432436975,0.3500143339104091,-0.2402095776524556,-0.5368996303249722,-0.4958446048480122
0.019035722817469437,-0.009563580503594737,0.03235582290252984,-0.0023289677781473967,0.25562749345255503,0.058914916669681114,0.058801109889717484,0.07907688102271054,0.004967482680826807,-0.02151024217571375,0.15721095500424798,0.04104065744590413,-0.08140589347296166,-0.0354965186054529,-0.9161841359748897,-0.1108514463446924,0.13403427551208535,-0.017098185449604567,0.8304350001361722,0.0,0.0,0.0,1.646588926942975,4.9177070797167985,3.4584987209136093,-2.3355897792737657,-0.3032997787004529,-0.2054940919654047,-0.17801889801497872
-0.0008665704559870382,0.009510090955536897,0.004460772668061939,-0.0005711419642238274,-0.11041098546736777,-0.03470595734771926,-0.03827613340790423,-0.014206596261125215,0.00602953562573794,-0.07641889000846304,0.08626748572076555,0.013364999307329328,0.22746377629921186,0.13022785424306263,0.4142282125977977,0.15239002664425036,-0.19043226239205366,-0.02049040381484989,0.8926214918517924,0.0,0.0,0.0,-1.0562078682669327,-1.5429613520807475,7.950138778147425,-1.0697397759109226,0.07745265678378646,-0.10058881250253332,0.3398135005456866
0.043756981804653705,-0.02730974385915216,0.043430536673864074,-0.001119923152477591,0.38023234445736376,0.05660148852924198,0.16730977188627308,0.11578848866180011,-0.06294053699996582,0.015982760504069347,-0.6106582643551669,0.10666841693253476,0.15227792061060416,-0.0157031103943558,0.8103707833837779,0.21850090510579484,-0.12950289195807954,-0.019908969151995116,0.759632653418977,0.0,0.0,0.0,2.527697193362584,0.0643208473446545,-2.006922302444654,0.6878231091090862,0.38856373276979145,0.21398489217384212,-0.4460494947931417
-0.008201739782723618,-0.016294965750066923,-0.02021681021821187,0.01332511379058086,-0.7433391274393221,-0.39771082881159703,0.17266440090665386,0.06827941664315428,0.0037669019940725504,-0.020001662474809948,0.14336828076841238,0.016501562453063393,0.2917885061549526,0.19714562430199253,0.6608817107222911,-0.4160747055851133,-0.29875003938036615,-0.04739142905332879,-1.83224483797008,0.0,0.0,0.0,0.31240160072405093,-2.2541083654870424,-2.5297063990403448,0.21244742075937387,-0.15771484302483157,-0.4895972444462989,-0.5243878726463422
-0.0019400139747104985,0.0011412003194016624,0.008919831165421974,0.003225279051725604,0.5083614191866369,0.19736603491309343,-0.07323654320662976,0.042042715011663775,0.008905988805267767,-0.060266702019347376,-0.2840056798309816,-0.08772036685945318,-0.062265291794170396,-0.09730013306529532,0.5400411279792143,0.6192790011827987,0.3194830184321853,-0.04416937233497861,0.6525170631657236,0.0,0.0,0.0,1.3876350150501935,0.7607915877095541,5.009561324081017,-1.4543501415021838,-0.1537754690064166,0.3155320853996718,0.7182459314721584
0.0,-0.0007524218960151642,0.00299196189216613,-0.12062922056304629,0.4589761649448223,0.18681979660253933,0.08136332633456385,0.003190625165065821,0.05420558098858045,-0.07374978520528182,0.06864912570740676,0.05597309565460087,-0.10157101492625663,-0.08932006066578163,-1.8046944895185117,0.12015033299997317,-0.3049689202072745,-0.018195140164183065,0.5730718691836643,0.0,0.0,0.0,1.190318548944574,-1.123022767765877,-0.45509196457931134,-0.5560132544384095,0.09037473361296533,0.20729679744064702,-0.3950232287501
-0.0025598506303791254,-0.003605867500773365,-0.031058279635863398,-0.0023289677781473967,-0.25581108181985607,-0.052575111184920566,-0.09262259189518164,0.04006628804342962,-0.13794566266690586,0.09893036989217652,-0.26272395360524275,0.06898882930483378,-0.1068965495041245,-0.18301941339016997,0.02466808921822721,0.39759080705833894,0.015960766489207818,-0.02367809096758682,0.5379098371559703,0.0,0.0,0.0,-2.121690968989822,-0.5434480977085722,-3.9047900002182816,0.13187864794022444,0.21858197526484988,-0.24224438142289637,-0.661410364948971
0.0,0.11381218045169633,-0.0047889122332793925,0.004580041814135937,-0.45862771974461763,-0.24111301788504114,0.07743969644047358,0.014770716474762385,0.06661011330310047,-0.1314761407117844,0.11321176959687375,0.024591739504134503,0.21015029711290595,0.04371309575850856,0.37484912268869897,-0.7295394332874086,0.047304602885191394,-0.056688721335840964,-2.2097735675176966,0.0,0.0,0.0,-1.488505590371349,-3.6850792894615774,1.1767842943546336,0.0511138143822973,0.2516299946388468,-0.6457946282526411,-0.4573291994640636
-0.0024528054443730125,-0.014934592597983149,0.02298418746031028,-0.01730986788138862,-0.5175379009496868,-0.19174345294850795,0.5229512769311523,-0.0920579628780163,0.0040350736752944975,-0.14254384942700102,0.11926159358913856,0.02044873742521392,0.12173638076454626,0.04551921944452018,0.06175242221018564,0.16978827982404962,-0.2441819375657678,-0.07084299850329522,0.5913046304724436,0.0,0.0,0.0,-3.4144826228702096,-3.8774938839085653,3.6321045503487976,0.3124436174027648,0.1376682316364003,0.039432358059191076,1.6159006914756102
-0.0016492632236150516,-0.007027775618152369,-0.11069269158947011,-0.011296799096804432,0.29542132507024066,0.04040744820395815,0.035724482608444214,-0.0870333114777915,0.009546405174093532,-0.03882798885912883,0.15096205753217187,0.05754029656149064,-0.0802974366089103,-0.018074599554809542,-0.5946334514176366,0.0760975809848321,0.15985499763296324,-0.022465479345175416,0.7808022827522911,0.0,0.0,0.0,1.6996127554340463,2.7655882950476696,0.08562027126084815,0.143143940041438,-0.4261642177545094,-0.15525470196094468,-0.5317624716973646
-0.008188428318798385,-0.008904866053622658,-0.01533143306341103,0.0032117317934689227,-0.43766758831576225,-0.2741854355182582,0.10044457887576323,-0.105968764563865,0.005544617743410048,-0.19321777523361353,0.11807742241936657,0.018024161163707912,0.08663705618136458,0.20987850523951496,0.6028086217978058,0.04371392670295144,0.2076036288518725,-0.045598910726018384,-1.7956766954128769,0.0,0.0,0.0,0.3156477835952536,-2.1508783841101846,-5.167561703981772,0.5471245798227987,0.03795617441172691,-0.008648024293185176,-0.4997143966979913
0.0,-0.0007524218960151642,-0.01160448223540007,-0.03472632135986748,1.4331952019075582,0.583491113802706,-0.2522657742344057,0.025980082435351926,0.007389868762758251,-0.05951531801965567,0.22878391408695892,-0.0054231757022069425,0.016496747768822338,-0.0668878683418676,-1.07447543532368,0.07528453483280796,0.0991048186991941,-0.009488413118973821,0.6854639884464884,0.0,0.0,0.0,0.24664192449199906,2.0207114811329556,-1.7059613058015775,0.5307465959240267,-0.1111085156460729,0.08635017727861403,0.9139264327770517
-0.00178392622837291,0.0004628513893063214,-0.012606682103122062,-0.008361889280883715,0.5791699272020001,0.18212540585820727,0.11661853972734866,0.11759046844413168,0.014007110285024868,0.2720262250560751,0.21396947995676685,0.09429898449335788,-0.06390227103456167,-0.09554538672719468,-0.5739648625855175,0.5083234042695353,0.024877144213742385,-0.038070056283232304,0.6475927637653185,0.0,0.0,0.0,1.369902193333113,3.934053404497766,3.5377035867312996,0.39189930540607176,-0.18772607091662236,0.24958084770989325,-0.1472047067374377
-0.0005551050423666309,-0.005797720479002104,0.05458067110441648,0.0008521500159295545,0.2123267972962725,0.059696718625179765,0.005036939125258253,-0.24551299977976393,0.038813122642954674,0.004845269666354726,0.11884975999415724,0.040625927900293075,0.004588561578545001,-0.011457513735175444,-0.48504768671974646,0.026327813141244653,0.008502052062976204,-0.01953248095925705,0.9588951259620897,0.0,0.0,0.0,1.7809265840686104,3.7806306313363645,5.561856327501868,0.501891100808718,0.10666664798452499,-0.21511949921850018,-0.15048868682557867
0.0,0.051293922130779754,-0.01597455328672149,0.009763358826671056,-0.5361154189155082,-0.26362084477521924,-0.075441275491436,-0.047497283624901805,0.04048508340038931,0.48791751156615276,-0.37450034877927935,0.04323132762466029,0.32409643357273404,0.21346688201799874,0.6769059204529199,0.08352469055598577,-0.37289509699641626,-0.053226592645324276,0.5151099492994354,0.0,0.0,0.0,-0.4546459024363078,-2.686643817543085,-0.9020202893447291,0.2011629663902184,0.0016542097069346066,-0.2545964343522645,-0.2708731679128449
0.0,-0.02009799209768244,0.006774059446614569,0.019724045218670935,0.46062365647447895,0.2873356802945811,0.10945235218290969,0.06794779812539409,-0.1652142462605069,0.1158676764373104,-0.14872021544762923,0.0003004089647879202,-0.060204982616611655,-0.18346501151427283,0.15831044331527241,-0.0382217408815644,-0.423211333226797,-0.0373016040512433,0.46334723694058766,0.0,0.0,0.0,0.6662178158667167,2.179509258864343,-9.562866278019714,0.3098444481893032,-0.009893751465154142,0.06465504557501159,-0.3070001807868001
-0.0021985266303700527,0.0036534812094140526,-0.09150170852600388,-0.021273516196228432,0.5552287063995376,0.1775184657828335,0.2377105103775908,0.08665362717107776,-0.017112461954088366,-0.02480750813972652,0.040869145995609105,0.06370413997008939,-0.04407329197381826,0.15320747221397396,-0.4651204623267811,-0.09445503382693983,-0.2492441622839661,-0.03757810676988102,0.691393996936883,0.0,0.0,0.0,1.257439808701962,3.559821925388741,3.880071296265407,0.43871025197530406,0.2075065494521726,0.3218133148840372,0.8702514723387307
0.0004650137530131832,-0.0012797791458073907,-0.013206520465005834,-0.0030612505284063774,-0.4217618902750446,-0.19832244381956657,0.1978710806341475,0.07214223576989293,0.022223849133972382,-0.03368119872453335,0.10768396141241462,0.07530196570589166,-0.12662457601252353,-0.1427398055438267,-1.241945950979288,0.2534825032543383,0.09067039741906824,-0.02291093027811739,-2.484152419445252,0.0,0.0,0.0,-0.6469881107208301,-2.3463256002761113,2.2045822816289276,0.5101169112205765,0.24777102839910523,0.33368978497677204,-0.7114255713868869
-0.002358213801050316,0.002075491222939607,-0.08289600337718898,-0.002822969518858185,0.41008109782194446,0.04084067116474528,-0.09142390747610693,0.08160704181820125,-0.29205254844138434,0.12037778107663104,-0.2756697726157396,-0.06935396894790441,0.10116561050221766,0.10571762109863737,0.5510372565879621,-0.5125550434142537,-0.07799111131087173,-0.02104147208638199,0.743169271086069,0.0,0.0,0.0,0.32425309856850865,1.9083684040235542,0.423998382193604,-0.002268894378544278,-0.11222059077327463,0.05592165273662986,-0.394438732309685
-0.002423824623002182,-0.011817032697141579,0.025757507193915757,-0.020609851284007743,-0.4303801628379721,-0.201981816887439,0.5791778927540712,-0.2014894133258906,0.0256626981830243,-0.09168488654933128,0.09445806157439186,0.020737682428463095,0.021237135501173298,0.002869745819177401,0.35152226046431095,0.3413269841681083,0.2121854967143501,2.0993334261719077,0.6656642049682723,0.0,0.0,0.0,-3.1108139094715304,-3.3126554432682025,5.442386005277247,0.17192039330167885,-0.10100519560932586,0.21036580112204045,-0.1949384225851708
0.0,-0.0026760062280052465,-0.01042271192455022,0.011098160831523918,-0.43448208516310516,-0.18658414562987377,-0.08403956596012128,0.04120659867878183,-0.10195097192473937,-0.14053506156678067,0.023514394513511713,0.008779819750644836,0.10975281300342662,0.008349915884021574,0.3257492097367556,-0.41514815900765184,-0.20139543508481578,-0.014747466686879792,-2.26738293608642,0.0,0.0,0.0,-1.8468402528239645,-3.1346455421223522,-0.02892959022154565,-0.09625172553468005,0.10634703459511032,-0.07768744469110336,-0.42715373226791153
-0.0009968201451364463,0.08297960776293653,0.012290653443495806,-0.001119923152477591,-0.20209027349020117,-0.02427072164147382,0.7030565691683474,0.2214996847361248,-0.03513100877813675,0.41140416514400935,-0.2523849113965664,-0.11645899782016486,0.12437120224078427,0.11380565284857529,0.6570870320651815,0.5514331047815415,0.1609061847965126,-0.020614290811056934,0.7328404320959176,0.0,0.0,0.0,-1.3447524458623272,-2.7446646919366353,2.3468674418417166,0.5842537235549246,0.4272692556097537,0.10548718746584497,-0.1704068245127836
0.0,0.00010381096531655507,-0.004648635931289806,0.04178246307529057,-0.4786665668464867,-0.20937672448559733,-0.5082866138733242,-0.00787893973735519,0.041707408896061865,-0.06691051683622323,-0.0216172450682787,0.057357196647153955,-0.039885463958770656,-0.04558423223622495,0.3308632718095642,-0.15018105695206094,-0.04612525761546435,-0.011934349515847379,0.8175672157012328,0.0,0.0,0.0,1.1980284728546113,0.508561950566645,5.718746941076517,0.4220589132995818,0.38093653853458226,0.3027484089853706,0.9174385985918577
0.0,-0.001311786244434838,0.0036125267028262976,0.011222753010331266,0.47770243782446653,0.1886975393641027,0.0272887603599491,0.05019230142831679,0.04339433434639129,-0.05452397852325867,0.09040526360384761,0.0548836075330288,0.11429698825637254,-0.0748581336631788,0.4908596034127704,-0.27554770182200056,-0.16744066846094247,-0.012811036695066884,0.517422629539697,0.0,0.0,0.0,0.8284996252379242,1.6652133040757808,-9.120249631009305,0.3645946318528302,0.34943138177181077,-0.13563020576772908,-0.09930732855842654
-0.002091249152247122,-0.00047942458281569663,-0.022530805046552933,-0.013177714864778764,-0.40548870944885756,-0.1813568225226158,-0.15514977681387226,0.09739117017009445,0.022443503336289968,-0.07683653010014674,-0.47830310152019345,-0.07395090216547032,-0.01654306633280147,0.09678423350481911,0.8321838555042328,0.1957405699178841,-0.24187038099135652,-0.06249632622421507,-2.502793647082239,0.0,0.0,0.0,-3.477921167570175,-2.1852434972486274,4.196451265144456,-0.7499197161156098,0.14191947833120339,0.24753661076249592,-0.2817782453946151
0.0,-0.015931200766406153,0.024680041013146015,0.028622769124497703,-0.6241837869998068,-0.2595688053471674,-0.0911871551172084,-0.02341598712027897,0.0035518215263275724,-0.03180850412469209,0.09833356790521852,0.01940808551142119,-0.19395749762376202,-0.17798354194519364,0.5260646415251232,0.023354087461833883,-0.4429936266818098,-0.04709079932272082,0.6193096327318476,0.0,0.0,0.0,0.7183954864505225,-2.3673015968057847,-0.6468099965823516,0.5505384161771189,-0.045542711774111164,0.4309625904621701,1.016854543096965
-0.0065685589587394224,0.023193045162066522,0.14532408159023819,0.016832433143976616,-0.8982448396663546,-0.49419273459980345,-0.044018392947215594,0.02011911288894314,0.016066530724723416,-0.03378671919725114,-0.550359462229066,-0.1031491003913959,-0.10226973235881527,-0.06929259833222069,0.5095799596994304,-0.3469433887049096,-0.11837451297193029,-0.054848280496907174,0.45044999075699227,0.0,0.0,0.0,0.2635601614883792,-1.0885085811090625,-4.12027635705015,0.28991580085543794,-0.3462835614404793,-0.04906586350113049,1.945150473458464
-0.005318601187041697,0.0033791819448515015,0.12056005546919875,0.018431831310379954,1.2560279639982164,0.45407081835896657,0.09942598413970308,-0.16929571532337082,0.01581910322178558,0.006952708777145128,0.06479811625420408,0.029063320415682065,-0.07580532377499284,0.07183163229068343,0.27592453262480293,-0.29010304142396304,-0.009933825954326226,-0.04527391602836173,0.5478253810606056,0.0,0.0,0.0,1.0280901356428176,2.263793003536335,-2.073970790575949,0.39741108751928717,-0.15344997615997227,-0.06962030970617672,1.237608635209132
0.0,-0.015235678984633981,0.0012277259974899323,0.012931710952656052,0.9323020432065415,0.5223865134072445,-0.2663744219015887,0.04620968304905905,-0.09920465329998021,-0.06815354481043631,-0.08005464362898476,0.08838893774895745,0.572406137852724,0.17225729461135103,1.3608400321753147,0.12528503120222287,0.319384025436427,-0.018921432400308073,0.6185848287700894,0.0,0.0,0.0,0.8206576026832396,-0.7868173999470945,-2.782287576123384,0.13302660244079328,-0.03695003026213876,-0.006181359009276677,-0.9290962731319576
-0.0026047653564248785,0.00725071126055132,0.006166877863984904,0.0017817722372027503,0.5502229032047318,0.23304849439951203,0.2114250937318042,0.05630469549258397,-0.008745090504878135,-0.04693067468986322,0.09501963485380634,0.02656123744723804,-0.0654141017017182,-0.04213041721264958,0.7392576017419337,0.8007750671876466,0.28336553911994,-0.046351782544860595,0.6561637790768418,0.0,0.0,0.0,1.3740113761625412,-1.2778052709162797,5.696817536428763,-1.131640461492229,-0.21823707403755918,0.06751057706260469,-0.28787296325618544
0.0017023979239259852,0.0036738449239251845,-0.002628615863037174,-0.015162483416634747,-1.1246202391226903,-0.39145570964360865,0.13781365034130913,-0.1970472640625294,0.010728941151191594,-0.11756955850307135,0.06625887473092942,0.09856660876936929,-0.09433308514484777,-0.3041135407191955,-1.0852922916406833,0.06469021366364823,-0.2565627563783699,-0.01997023640208603,0.43578635493495227,0.0,0.0,0.0,0.3471927714372365,1.8508423405366952,-3.7806975541309558,0.17044781804064243,0.0011275816325339283,0.04611483546650293,-0.4318938933362094
0.0014748200720617571,-0.000556064697368209,0.017146054695037237,-0.006705401540586013,-0.4845060452190172,-0.201245167088498,-0.22284460213010934,0.061777786684702976,0.03340481159455855,-0.10024048564639126,0.10835998409295931,0.06679120121888349,0.09453107690188921,0.02964347043426828,0.4525910905562281,-0.4998993934556322,-0.2463183322268438,-0.020397707238672805,0.6643508590980672,0.0,0.0,0.0,-0.7215349365497722,-2.447410103386011,4.962396765793124,-0.6418040803825432,-0.6058214811325582,0.3334072947397284,-0.2384150243985684
0.0009154616651063963,0.00672566962068061,0.04170000814449785,0.014063036119706511,0.40479025821856107,0.09341460682009081,-0.14151058275053144,0.08698031517942309,-0.00470469498814354,0.4003125326047917,0.12686090969354494,0.10099342833769545,-0.05677301122749436,-0.07850912652990563,1.3111240987952903,0.23584339938913815,-0.25216452204683526,-0.015539599166001995,0.6132174195668592,0.0,0.0,0.0,1.038593447871645,0.6941629700161335,0.01865507322607019,-1.0916815543650493,-0.1943887740874135,0.23189816744606448,0.7004468078148977
-0.0008056884907123056,0.07928516440022507,-0.010288630768920306,-0.001119923152477591,-0.2449868752870219,-0.04130198896728706,-0.08835331603286407,0.10854577866584472,-0.10436209867440997,-0.05266532007075942,0.17113346485697473,0.03072000560402821,0.13348913747412985,0.12210770163053897,0.9370361974295264,0.12409421400031995,-0.06573212234543868,-0.025368713459198423,0.6328871904767378,0.0,0.0,0.0,-2.846979636459641,-3.557528779965527,1.477038333140167,0.4412669756553069,0.24438453923390396,-0.47606625180430784,-0.22848639570527976
0.0,-0.013481242273060513,0.03184157834064071,0.01522341511727516,-0.6131798588067079,-0.24897394199563,-0.204317177536788,0.05098828343263971,0.02579819704403302,-0.015225921195782926,-0.01787067455156144,-0.004874329632242838,-0.13933440938541816,-0.1554997578599653,0.07769605889651948,1.5967147641066186,0.022431398128510655,-0.050819314864918926,0.5203283303986801,0.0,0.0,0.0,-0.46637799620455356,-1.7632540592841905,-1.222125570514274,0.4782534136367042,-0.3190503694846921,-0.16955253957457486,-0.891131618600975
0.0,-0.010286631009925525,-0.05780391300195689,0.009268245763223378,-0.5038107000927259,-0.2134322500005753,0.12241465312344331,0.0429943631127156,0.07237559067581802,-0.15754990915668865,-0.010927140227403173,0.023164599977908124,0.01097170092232033,-0.039698114043365415,0.3542783751114289,-0.7281530275756292,-0.2994800096385685,-0.023669349859611562,0.6432541006354205,0.0,0.0,0.0,-3.7956553707332414,-2.5578283889092917,3.5938854597495546,0.3165262858379677,-0.20295874777499404,-0.3185984829006746,-0.011244110299902138
-0.0011767668099582596,-0.008721144593329008,0.032824801191176374,0.0008322902211359568,0.26042947137119277,0.0634934134291362,0.05001749336037935,-0.33989035332751916,0.041010297997852684,-0.08888491053872946,0.16235831454930408,0.04916183853336264,-0.07245626462396654,-0.11565638607164246,-0.7305948941713648,0.14917780883084958,-0.33513978116588067,-0.01519105276108568,0.8868085340041629,0.0,0.0,0.0,1.6761852964964985,4.777215691612784,1.2217251866842886,0.21474166836767866,0.04328200275513796,-0.15754402437399148,0.9523299412854318
0.0014185472214334675,0.0019171584915334315,-0.006295167899724342,-0.00785587963824088,0.4564815016871452,0.22144526306321824,0.11789043893781273,0.04116376549129358,0.02101349473338507,-0.06451587593830746,-0.09534221299316759,0.09484303681553043,-0.06304236443115914,-0.10221537755286789,-0.6019009623605567,0.20736314679273632,0.4616536916637058,-0.012768238426420645,0.729811949815313,0.0,0.0,0.0,1.4850065956800016,2.9937761401165943,5.3442674744608025,0.18975976773656333,-0.5646244634233044,0.2539296839683683,0.008556243198524535
-0.002416247434690731,-0.006583788563943794,0.05633343328697375,0.007531199397869623,0.2760608960049142,0.025618600125496434,0.028256657236543466,0.11777479246556286,0.011477446066973708,0.019530499493863464,0.2098783690195656,0.0393456736250246,-0.10563305249744025,-0.2800258797324069,-1.1112619029253965,0.1984467738680072,0.32957450229778223,-0.01920853869077441,0.750038723353473,0.0,0.0,0.0,1.6236396112583202,1.2787383543099833,0.08510876439645727,0.7343152693335625,0.1766018447954187,-0.19681464713568003,-0.5130806248617646
-0.0013794638045689631,-0.005136957737568408,-0.003360550061162492,-0.002822969518858184,0.15301796433869164,0.03406789527881235,-0.06540946995823634,0.017668193351246683,-0.2561070771342379,-0.006838530476419641,0.14048219410572738,0.026222596811062322,0.2275259460212435,0.2743295927224737,0.9247080459621965,0.08609087075661007,-0.20807078696986273,-0.015763098695985255,0.6145053696059246,0.0,0.0,0.0,1.4380672857952137,0.6760315815234903,-9.021968913281318,0.40828055032448485,-0.002546866363447518,-0.09590676006933432,-0.1447116337805854
-0.0026413080851153035,-0.0025744961335285935,0.008352137641404,-0.001119923152477591,-0.24668448022307243,-0.06180470311138136,-0.049988998806409335,0.009083360734539444,0.004742276803398885,0.025935363111816344,-0.516476009116054,-0.1711774144829256,0.1038088560499419,0.15332289278878977,0.7080442772225002,0.22017833905892667,0.06313049593641902,-0.01800578149320479,0.6041704533203851,0.0,0.0,0.0,-0.6980717558013422,-1.0165391852497447,-4.5245235220429505,0.6200019025741205,-0.047574114675344135,0.19894430547454658,0.030430758201234177
0.0,0.1453681725755692,0.0027838249418680725,-0.0009762314438895072,-0.5363850460956965,-0.30305887502222945,-0.37800275591399274,-0.09628462559093337,0.07409515830957561,-0.010046901240990551,0.06871855805598386,0.03151231354209386,0.16684199858884893,0.04176077445530617,0.4171492305281078,-0.011381326521475712,0.09731912259888297,-0.07037283660992956,0.6329549297325461,0.0,0.0,0.0,-4.109490039008935,-3.5697988724297143,5.126959799930458,-0.09605562432311103,-0.0616551246016888,-0.24263719445764362,-0.41834098786170854
-0.0008573440239794406,-0.03320927535956276,0.09343606676180902,0.000852150015929555,-0.24466443199750543,-0.05000106741561538,0.19447624598132493,-0.06568947425723395,0.05663197868081308,-0.01023229295409276,0.10082802306791683,0.020338955550145338,0.003509400658048734,0.055473359352308314,-0.23783550509310852,-0.4505426824143928,-0.14656211384070722,-0.04611995688575451,0.6431010057418227,0.0,0.0,0.0,-3.923114711840307,-2.817598758565734,3.803157249667367,0.027944385351858704,0.5856345098284186,-0.34139474860579117,-0.21744602449639805
-0.0019332035717891515,0.0006369223703406705,0.05643733617016054,0.04878560722355973,-0.4591824112827631,-0.17582874130922688,0.13124634117181808,0.08082116304033443,0.02184252675407472,-0.04836401020368061,0.2865201995246206,-0.10155782380673045,-0.06761809633335966,0.04302971415268878,-0.44646972377418076,-0.800801967491045,-0.22011356595008025,-0.06599485773713197,0.5559996642369445,0.0,0.0,0.0,-1.4471121650116963,1.7006455608447855,5.125350968299062,-0.20864845402004403,-0.41351746965660563,0.07028424522341237,-0.2581568824141288
0.0,0.003452788071189614,-0.0032163100936410654,0.01505364113000504,0.32587131255853974,0.17439541616019796,-0.47783857196955637,0.04840518352562799,-0.032361741001464314,0.31237731344264275,0.0278614343006565,0.0461283932750162,-0.05677759869944966,0.061328520735300596,0.8164476794550324,-0.0678098232146738,0.15356387549633774,-0.01563054001661854,0.4478103008716987,0.0,0.0,0.0,0.6489071987645367,-0.09387709926575481,-8.323319754768441,-1.3896518667449809,-0.06946424811265003,0.15096383412886644,-0.15094289537241787
0.0,-0.02292912877087339,0.005700466982434193,0.002464386051652207,-0.46922129638158744,-0.3525460396189314,0.02166586902823256,-0.05213456347435413,0.05128257957058908,-0.06736718183282989,0.08692844609528118,0.01935239810137928,0.2007697867795633,0.0559567759937127,0.16291612336554062,-0.38282326787739074,0.2735836891218999,-0.03882957871225305,-1.9846967295988451,0.0,0.0,0.0,0.4999719872084776,-1.4897775955028691,-6.077987189829236,0.4624364212423334,-0.08065596068098999,0.10474750574305983,-0.20140406756628354
0.0004549003301736841,0.03451583498549512,0.016299951016762047,0.008001148895147464,0.43367641051545675,0.15370329998052704,-0.289060539444217,0.02584149046618782,0.014190356748138911,-0.030827598965925084,-0.010478411835397853,0.022621646126240385,0.07413156509367658,-0.09296942221954406,0.45791588705087516,-0.2744904278203837,0.2870606350728849,-0.012957997202745665,-2.0103250190990645,0.0,0.0,0.0,0.3873547730302377,-0.6279528312622626,-6.95995887615112,-0.22454018480872792,0.149762576618101,0.1790882196591145,-0.19918218250659792
0.0,-0.011687064281466734,-0.003980982655392023,-0.030726910261991758,0.49429286316493076,0.33955421865241303,0.07811213531969859,-0.07536510941901138,0.036461523836903494,-0.10792224736084917,0.11660904737956362,0.02788916029628988,-0.06394318235561261,-0.11903360527283696,-0.050593265693006866,-0.02926003113731301,-0.1047337465578121,-0.035614430745515235,0.4869450206140925,0.0,0.0,0.0,0.6758385043897346,2.8935837320222615,-9.279919074712693,0.20823442117590538,0.13939389980972006,0.1264850148216947,-0.06237244717564154
0.0,-0.009188712227231593,-0.06276024346536246,0.009084497159163466,-0.4794636344033452,-0.20098814225626577,0.06322408883951582,0.013733306934112583,-0.17536424153312574,-0.19696719930535983,0.012703026697372341,0.03111565735032277,-0.012008283170318343,0.10898227818266973,0.6635489283278668,-0.2576812545328967,0.07869677469403905,-0.02127282288375783,0.6662195814675118,0.0,0.0,0.0,-3.5934554343715552,-3.7635220826613707,3.834728143350636,-0.28174991728001414,0.39337589817113433,-0.18524935494690037,-0.013224215002670755
0.0,-0.013190233108249228,-0.0037539094341374904,-0.023672948590601945,0.49934283776802807,0.30111234422621125,0.057407612518285085,0.024367379948682828,0.010184118148907077,0.04096771331571878,0.0352160780539875,0.010622281199963881,-0.06576557999066479,-0.05089599340534477,-0.21411694751651564,0.0713446455729799,0.3203099566959141,-0.0315860446622908,0.5368383510575678,0.0,0.0,0.0,0.6087845624370805,2.221294190392849,-9.31331628307331,0.4436926549428533,0.22231761346543216,-0.49381413364978566,0.8024092984522713
0.0,-0.06408804466500762,0.004941607748977218,0.0009063142751620224,-0.6021035930284168,-0.36338197379710474,0.2829587916324301,-0.049085500872630645,0.07210827937883406,-0.02989694695243854,0.13630358321298008,0.02262989958136421,0.204486866255093,0.1349158233231611,0.2571560314266552,0.046127191798655265,0.11009643131888715,-0.04182317694248348,-2.091861164297918,0.0,0.0,0.0,0.4557210997596326,-2.249032928267315,-3.385193857098738,-0.8864675273168056,0.4558064941419159,-0.22254244619616909,-0.5530471944146633
0.0014567463583088384,0.003179850887100126,0.009365710780123446,0.00041605013849007623,0.4062683068996147,0.17728668710159717,0.08006267009025152,0.09902561265292721,-0.028861442999884454,0.1472783289773175,0.044964652160066586,0.07987450002701259,-0.08604898276653417,0.025291203803584062,-0.42990574673676285,0.062429987729631334,-0.014096441039474676,-0.013383219363008871,0.7516062909419012,0.0,0.0,0.0,1.3326842843056796,0.9639717942348005,6.53400309604679,0.12096047870998046,0.32735514693809764,0.3448609034732422,-0.038350989830830226
-0.002061060147564974,0.002750341197142996,-0.02146996778086777,-0.009578240628658278,0.5322915254494986,0.1771785362468174,0.11786081711840958,0.0687564703196028,0.015991012170609463,-0.006428761776268429,0.09013339123721155,0.06149067518278029,-0.018717179513807535,0.04229848051985061,-0.16653851154710667,-0.023215832089676994,0.2191035649750231,-0.03227272842327472,0.7259012623138453,0.0,0.0,0.0,1.2262044515001633,3.389757281210873,5.503411272222278,0.483544730468991,0.2030546655733439,0.21016021890932654,0.6739430638502026
0.0,0.02084691267422006,-0.003847162610625613,0.005829774656259466,0.45446999449776215,0.27129504813962413,-0.09508771729928564,-0.014160073582358192,0.06233587346142072,-0.009860095567765183,0.1303371259385563,0.018034971133492127,0.2599609251720348,0.0989993929066293,0.6530374695346682,-0.21949613832868223,-0.22523526896476948,-0.045047038443095315,0.44101540127727323,0.0,0.0,0.0,0.62358397008766,-1.1367716112137807,-8.391908195612062,0.2648082141852983,-0.10829929530326589,-0.14443070808443317,-0.4822328235768083
-0.005119787805638423,0.0029751219011742093,0.06163653543840874,0.030051860346847734,1.104246445655005,0.386710011379762,0.16026119027721836,-0.171851494209638,0.02614716800115314,-0.04054450976724948,0.10340356513790509,0.043822185275905076,-0.036867159772759214,-0.33002775478746416,-0.032929736229387975,0.06217111655414791,-0.24845217233058167,-0.04777959894027668,0.5644221029859935,0.0,0.0,0.0,1.012894391915454,3.2660535352337545,-2.5980193716172377,0.5356500904043342,-0.09400453829802351,0.15270722826725996,-0.20443063152477145
0.0,-0.06019640724946099,-0.004569857628854411,-0.004468223063970048,-0.4905654344427334,-0.29060211791064866,-0.22589709064845814,-0.009255105361863141,0.06852058934316717,-0.04249198923029532,0.1120214344745955,0.03174259877774523,0.16059359105816487,0.003882421548473595,0.19733670047804777,0.10894699362741163,0.13407077132483664,-0.07105469525043559,0.6483054906921653,0.0,0.0,0.0,-4.651378196161086,-3.10072241797147,5.132550078621077,-0.4368085169480113,-0.2764303252107944,-0.018730503844622184,-0.4593265808885998
-0.002377220956308795,0.001820100251799052,-0.008118126252255175,-0.009184514013354636,-0.5677326958830476,-0.2177776748978311,0.03125479000665265,-0.12090266950768913,0.010031625904361234,-0.10420811360873497,0.04981511110458969,0.05162715935578154,-0.08626970359457929,-0.18176857979783412,-1.5813092211328517,0.8995404106843214,0.2287394676162658,-0.057631186809448495,0.4914162413416261,0.0,0.0,0.0,-0.6915022281111516,0.6813428461120195,2.8966999748380453,0.5061167545006422,-0.3280279762527742,-0.8976481525136175,-0.5486776423010241
0.0018871266368588506,0.0017386957767771636,-0.0028475554683093044,-0.008586918160772766,0.456506463784241,0.1959847302986856,0.1457009270885784,0.05579183569440148,0.025945147960016804,-0.0044410157643617,0.10599273377103624,0.11400186007234177,0.08331140901937706,0.14877009091420862,0.7239148800334642,0.13543006289756798,-0.043290986620349574,-0.015070480359995008,0.7485850161466034,0.0,0.0,0.0,1.4506689305855802,2.9256335802384257,4.898558420421209,0.3180788999683443,-0.23422534248093105,0.2171767640036244,-0.13999638128553293
-0.0009974867567752255,-0.008803056520193694,-0.10372502113037162,-0.0007679046007141199,-0.14487599506851748,-0.029411881714569862,0.13915048546203307,0.10049485527234593,0.036410711516454926,-0.018479409726576267,0.1688499331587499,0.033817733129938334,0.10986813855040509,-0.0016109025787515766,0.5211424323145447,0.2488525202971499,0.13412387733414308,-0.02281133441132459,0.8688895759162137,0.0,0.0,0.0,-0.8062582558749026,-0.15267560969743893,7.2952691074316,-0.11707092216687867,0.20697739524631198,0.30953796182751125,-0.1701610522870249
0.0,-0.0009829111838494278,0.004314634737304631,-0.03763967087027165,0.6078488920209052,0.27138651061797586,0.20437150936146983,0.07534065349196703,0.02211292893926285,-0.05603601055645049,0.0870065516861154,0.07901877127630383,-0.013727277886992184,-0.08105750582662236,-0.8980000686782972,-0.04361705981286425,0.22324272778255524,-0.011363951957228127,0.7543166334383674,0.0,0.0,0.0,1.3385241919192745,3.8322855563423923,3.5559100060668496,-0.7206773343000854,-0.18701475861647995,0.1497944579436509,0.18414934504979263
0.0,0.02616704974302293,-0.004232052273258101,0.017127710368100953,0.4652650802385105,0.3099115704600754,0.15777968643339543,0.03433802126772003,0.0342293373407378,-0.013492193603530713,-0.2406682486605081,0.012053877853239586,0.1333450608671988,0.24109270646599448,0.6549090507819498,0.05930861813511287,-0.024432502270951943,-0.03212077573124992,0.5100024703412366,0.0,0.0,0.0,0.6607212864395895,1.5634834384633451,-9.440154043445833,0.4252143621226256,0.051039216455754266,-0.2795961823145779,0.48389248600844853
-0.0010022998035147867,-0.014503897822412433,0.03749451851485,0.0015526451854315977,-0.24679262892980272,-0.047306050310332824,-0.006677025524020106,-0.13268207707083948,0.06737543274653016,-0.02553409712911808,0.09411941566280145,0.03393534604839475,-0.0262577604843608,-0.08584380530946094,-0.6593944628632917,-0.7440371214175865,0.11887961763454914,-0.03644372725740245,0.5673020543714375,0.0,0.0,0.0,-4.326429549267184,-0.7860863793527706,2.199106134578188,0.33279910000082463,-0.10025899545911955,-0.14678076959169237,-0.573296713256474
0.0,-0.013297165699729137,0.006792656812189929,0.02147044472671358,0.3945037245548329,0.2131568585927807,-0.5253228633089229,-0.0132402186262182,0.017580380842069098,-0.08298676058139902,-0.01605995247227593,-0.04954896409410906,-0.13139659165482684,-0.16332083294557098,0.3999628845456438,-0.11570004091162418,0.1901187613034234,-0.04046909231634129,0.48653378461166763,0.0,0.0,0.0,0.6079899266817319,1.032598417803904,-9.07945556075676,-1.867312997372804,-0.02979141067956273,0.04188179517372782,0.8862864992463906
-0.0007184109002928494,-0.008838217420877509,0.06108548643502288,0.0008521500159295545,0.13897773474992733,0.055715455240615996,-0.03478638617144498,-0.1951949855198777,0.00938154126884479,-0.02637573857678458,0.08936720510135222,0.028486700526571054,-0.07603949898150615,-0.051630858947909634,-1.6017206918510265,0.7712216716230732,0.21687798655130092,-0.018739502609901797,0.871758524822912,0.0,0.0,0.0,1.4804243461317368,3.6687403415248516,5.042900322651159,-1.6125036651245754,0.07335062980985453,0.1381308939601119,-0.0393864967027411
-0.0008024075558074709,0.05684310799196122,0.025794440805126325,-0.0004954813637561075,-0.14542279084189386,-0.044344762499749446,-0.4370186692357077,-0.0031713153298653218,0.017590362405450522,0.029407692476723857,0.09940093352891836,0.02117362002396141,0.1081064333138681,0.06516550167255303,0.1937615218575799,-0.44841396550263996,0.037199577939316386,0.5162573089281913,-3.4363756146172197,0.0,0.0,0.0,-3.72550403166573,-3.207933993128398,5.743353434564302,0.019376684105054064,-0.4381217680302566,-0.12518451139364126,-0.0816453898499259
0.0,-0.003815398511047809,-0.005968730935616197,0.025660420495051902,-0.5450833126341424,-0.20852926821001547,-0.35682217498595736,0.020979439822541582,0.025789658370189632,-0.09851929875238821,0.004006294505299339,0.0261751375125187,-0.10657290507626871,-0.03375786939139358,0.9897773083881118,0.5154795401426803,-0.11720310577547294,-0.012188193320118475,0.6734910507966744,0.0,0.0,0.0,0.896605598521852,-1.8690850774687269,0.46488538292212833,0.5717110373646856,-0.5680998393082558,-0.2956030981325416,1.356035691535434
0.0,-0.0007524218960151642,0.002408199031280072,-0.02311106861351097,0.38918668174606696,0.18472113788405053,0.09174435858774996,-0.02735697016112457,0.014853795904038363,0.10912777322086993,0.07722501884433816,0.06295996672104996,-0.02771611730437564,-0.048016842074148934,-0.7760918940653543,0.6462341319021752,-0.25585263428360294,-0.009456767911719156,-2.2523632893961656,0.0,0.0,0.0,0.7121317995439004,0.8788886542704794,-7.030160017165963,-0.5511770710093614,-0.11294042425516679,0.09537021809794333,-0.14187591426225749
0.0,-0.02349770111562818,0.005544584582506467,0.0063800466996850064,-0.3713788790919275,-0.23652858134639101,0.1011220976412296,-0.5221402807671773,-0.5629104665559808,0.19859412937593118,0.08976321516447527,0.03262194257902061,0.07930970790560987,0.019748673776824353,-0.05960024563268274,-0.5881862714622927,0.4344124359578082,-0.05108095650241361,0.8731350912035049,0.0,0.0,0.0,-1.0968288835120987,-0.5213427079335661,7.7980007589535525,0.11326158235903432,-0.11013429225964806,0.002921172245962523,-0.13582235677251187
0.05362870452780396,-0.011562871868075116,0.11795481194596384,-0.0023289677781473967,0.25072315429055086,0.04734871722587299,-0.04767406938939331,0.06126218712387605,0.019169259606718225,0.0007642792511730157,-0.549614288139612,-0.010540834733726115,0.023812202108245306,0.11401096770484957,-0.43324168261674434,0.07346363868009632,0.06848793537007022,-0.017043649593568497,0.6991803540390615,0.0,0.0,0.0,1.8619424809999479,3.6559500939290297,-3.050131655804235,-3.473843259103754,-0.013714219816431965,0.19082647417945273,-0.12521040261743674
0.0008889788336934234,0.004496348217343855,-0.014195314680074447,-0.011329887927678623,0.4364112452625724,0.11690436278951863,0.05953954677575496,0.04432619132743057,0.010784875560709258,-0.01725923121297752,0.0858935288999904,0.12346213413206102,-0.10820553994934376,-0.16153281361972494,-0.8609490919631858,0.11210061257129579,0.30626298914618827,-0.015685913615236653,0.621361807728922,0.0,0.0,0.0,1.1321157834052198,3.5266197154749177,0.6249399294604444,-1.5303424658014007,0.1687488793587127,0.14967412404494454,0.7847397663730302
0.0,0.02596136877268167,-0.004923889651468588,0.012161469427193981,0.489192166073029,0.31867781512990145,0.10559515736765793,-0.5160971902698022,-0.1626950389581339,0.10908798170562445,-0.05307542131076616,-0.06332319149304859,0.15428361369555527,0.3235372363146792,0.8304354556213163,0.0892556514972646,-0.037307693770455265,-0.03663877718153906,0.4596971849977699,0.0,0.0,0.0,0.5971262814645819,0.8266776121569223,-8.457430202462202,0.14656654674073402,0.3052011888519816,-0.25248760270841375,-0.46513893791219596
-0.002360577688963023,-0.005162100012693448,0.09126539919977616,0.007531199397869623,0.40776320217411993,0.09343087393565838,0.07572168261830335,0.08599733412478719,0.01927585007992226,0.012256715525139303,-0.22020080753657426,-0.024859195638022885,0.01077239769239911,0.0761824219048097,-0.8344359154944138,-0.20181865642093372,0.11482446068103964,-0.020361689210501632,0.6696086910923432,0.0,0.0,0.0,-1.1997816569332194,3.126484796728377,-3.4863681935545063,0.44067782230642105,-0.13100341616114988,-0.09404247388394699,-0.26577806982360713
-0.0006788741141139136,0.08167364298043303,0.021029763515661166,-0.0011199231524775914,-0.1680925774464643,-0.049640468777847016,-0.10027204273974259,0.1980740641465386,-0.03192922567867872,0.34237732879488153,0.12394143064621753,0.026446974863296255,0.16550875556025726,0.10726287734534752,0.8768348075503699,0.06628519395626108,0.129130435081826,-0.012427606943710657,-3.223816022608513,0.0,0.0,0.0,0.8795657880966342,-3.894240726105788,2.257440064467666,0.055443378676714415,-0.4751391033743238,-0.17024392684315576,-0.4861470422380318
0.0015152748515544598,0.004013890372498259,-0.008558804605263969,-0.0018091891409865238,-0.9545874906077663,-0.36580251584064555,-0.034905777272056085,-0.18086651113654922,0.00893218740008546,-0.08559177059018461,-0.22397328258038104,0.07274249520909497,-0.08406110159680853,-0.028072468863674125,-1.0029400649285853,-0.11075225137021767,-0.20311108328275576,-0.021783780410496063,0.4008861837608775,0.0,0.0,0.0,0.3667152851066182,2.0770262579162293,-4.461133392659512,-1.2757276138866598,0.06372884691449028,0.1652509256567106,-0.5084982824953315
-0.0018192015472515979,0.00048481583627193667,0.0038545289112882027,-0.0014502041301042144,0.17361834263196899,0.03965692406253177,0.032124054346118286,0.035715971231407115,0.007332251604962443,0.1473375281368961,-0.3238866894882304,0.010349390236600682,0.06372589134519303,0.17009747912151568,0.3228328557604389,0.1178643201812662,0.17429317665290026,-0.012047446961245963,0.6291604198813671,0.0,0.0,0.0,1.3215857064467278,1.2732932068774918,-9.600037025426364,0.288754326194841,0.33175783454848107,0.12880638915091253,0.8030284688136141
-0.00552845837149737,0.015657464769514007,-0.045222046981087026,0.020863965974355674,-0.34404580925812656,-0.12008800311859912,0.0718995857450415,0.08231170771886967,0.014697757877424592,-0.029744644082476363,0.11991997731242181,0.055899782645402886,-0.16701331965315006,-0.2122414178646459,-1.0184806463850167,-0.12721934886310632,-0.12273212788199844,-0.0717847434737211,0.48150597298567044,0.0,0.0,0.0,-1.510662943205814,-1.4490300523492607,-0.5823575406957496,0.5023674260742965,-0.1275993463368521,-0.13053418797826596,-0.15061616135913328
-0.006489859001752493,0.0033805352301680748,0.022315379130565673,0.018856528901490553,0.7920574678177191,0.2044322885536869,-0.07906022808976462,-0.11840423334250748,0.024962659425527105,-0.04698710259649929,0.14237895431102998,0.04261986376553996,0.05994586044541358,0.16986964738490537,0.054008925803559954,-0.3448899785802393,-0.10719503512825809,-0.04734411714169669,0.5460982940713449,0.0,0.0,0.0,0.8010363310530806,1.7161697489436234,0.5699628587644082,-0.25087603198723235,0.04666780022908492,0.08735007580419717,-0.44774601373034373
0.0,-0.017560431778032647,-0.012028856777736682,-0.010463780467278874,0.6883846415824423,0.47589524598647703,0.04352067793818839,0.015621088004253924,0.006101124067813459,-0.007807534524467313,0.004836543487894432,-0.03391405369985626,-0.1654757301756844,-0.2083461941416586,-0.8148267654325637,-0.28545501407339624,-0.49626101026061675,-0.04482629257225942,-2.5309209706227827,0.0,0.0,0.0,0.6632646027555189,-1.7497261049139328,-2.9720156787903322,0.334579224418742,-0.201003428850381,-0.065386766355839,0.5221130841275631
0.0,-0.015668590362747883,-0.002974646887168029,0.012258632755131131,1.151042460971085,0.6310643332915825,0.049372717733993945,0.03467357541750358,0.03541062537419769,-0.10120851588805979,-0.15127349282657399,-0.31513522519887505,0.2277909384438186,0.1406450184603681,0.5008584466752443,-0.5395435736354178,0.1536541278144542,-0.042942558135319726,0.5691748895855213,0.0,0.0,0.0,0.8034729357819242,2.505706579274883,-1.8176481119634,0.18843033990323552,-0.1708535596359534,-0.6030719927930897,-0.7177864113454562
0.0,-0.0007524218960151642,0.0030785370307811906,-0.029411438298135445,-1.157095600527145,-0.5377585123618728,0.0031504848176826727,-0.06386938731492534,-0.07389997408434029,-0.08022587817067167,0.09082948878116101,0.06070520439967167,-0.04691205646090111,-0.06750437479928231,-1.093080022207645,0.10804987661743737,-0.33252576933951933,-0.017202261954898247,0.4872291771710135,0.0,0.0,0.0,0.24154411634203948,0.2520145975105279,-4.348566096946163,0.09193040994004685,-0.08686123775926322,0.10275342058940813,-0.5111393795842093
-0.0018489709557722638,-0.0023979164471885387,0.01650127270062592,0.0008322902211359571,0.1653992416668714,0.04702425360442805,0.09443767756604449,0.006764399008998411,-0.0002195887447919069,-0.003409875098395914,-0.1763606580437854,-0.04887598054665671,-0.03321615628935184,0.008931291723929792,-0.24380564856121217,0.35926772569393667,0.2247617082253621,-0.01538574025504655,0.6041374036237872,0.0,0.0,0.0,1.3821753538079564,0.07683494729095,-8.743980116886235,0.46081813908430413,0.1575063335332203,0.3492492083177199,1.2257425977781602
0.0,-0.01301009553526196,-0.002511378297382702,-0.015243482964074346,0.5032042077888607,0.31161766362766535,0.08220400223389508,0.03943672285642886,0.01818050340247838,-0.11604772948583525,-0.15591703979183713,-0.3897702747804637,-0.06702008695563375,-0.060396205418594924,-0.1024687000559909,0.028749602066784452,0.39376271696946036,-0.04129712394738929,0.46133613561822784,0.0,0.0,0.0,0.687117784592349,1.2519476853545055,-8.968329901268996,0.5584440343472183,-0.05133003687175344,-0.1747932269756498,-0.07121233412617722
-0.0025361276886057636,-0.0016227008847111242,-0.08163223494876112,-0.011296799096804432,0.17650619174816584,0.07406422519089534,-0.05534182254463032,0.08925155484250864,-0.014889006135045091,0.013886811457023748,-0.15174605730392338,-0.0696129610096269,-0.01701890772527025,-0.16354821877930859,-0.4630191552675966,-0.0027462800840647185,-0.17234161320277697,-0.02356389076063874,0.553445885203773,0.0,0.0,0.0,1.3671738045894455,1.5052068295754073,-8.609531297083036,0.3391437216459297,0.008455696023411329,-0.24985704115132953,-0.3695584440310364
-0.0024889161889374988,0.009262782670603606,0.06754036810669994,-0.01834069406854232,-0.5967017784929344,-0.1813948159587364,-0.10531414109433512,0.10969814109248403,-0.006592497290121638,-0.23436872219446506,0.16127976377550254,0.0389350293582448,0.10773696061750629,0.06149295363989105,0.6209181171314719,0.23003981173807433,-0.23788854737294354,-0.05917267550159459,0.5339095174146217,0.0,0.0,0.0,-1.4112733104246427,-3.727011419029063,4.368756185321456,0.2464790190633185,0.3346606122946967,-0.5073475625750399,-0.6883740286612169
-0.0019573681252361115,0.002146560661859809,0.121999516416198,0.013590191005384186,0.5710260279085156,0.20544802537988002,0.09505116078112809,-0.05430602075736561,0.010834010805429645,-0.09714629021061218,0.20366351888868947,-0.08127574336898404,-0.0458655762675961,0.10088765619903652,0.7610992113090933,0.13212330661442878,0.136422020466252,-0.03984345117081544,0.6924137255635907,0.0,0.0,0.0,1.3706355607184229,0.3902489641707878,3.463215204064408,0.6387289757520302,0.8321890110703081,0.17838757194201038,1.8085639729084955
-0.0030842795435170197,-0.015265322120066236,-0.003236744672821562,-0.0007546162593607661,-0.20970124035515933,-0.02174029677910549,0.43875911783932503,0.18404207866283748,-0.047355953427415394,0.37807661594126335,-0.26608367296458163,-0.07406193146710802,-0.07328116324883228,-0.017152729059359315,0.3768754093310171,0.23395058478648761,-0.19399456611530394,-0.02125856701584874,0.6585677841829373,0.0,0.0,0.0,-2.418192959319068,-1.7789886483275599,-0.1589732641818227,0.29806187455440836,0.05796233462149049,0.07507169041981031,1.147875878342959
0.0,-0.0007524218960151642,-0.024717947293690118,0.016565488577935255,-0.5618960254147792,-0.23673100496549454,0.07121143335850359,-0.04540775366820232,-0.14130109084987738,-0.11414360977202188,0.13003277372831756,-0.05797068068304676,-0.07253279242087676,-0.002322850168646446,-0.4692815327506748,-0.3176884811492387,0.028153903754470865,-0.018696776314570767,0.5534049681205889,0.0,0.0,0.0,-2.214466620564049,-1.2568561684754795,1.4752457676781339,-0.23599649268908854,-0.06293339402679834,0.11094045632800278,-1.0950772712629262
0.0,-0.015835226535451715,-0.021843995024753936,0.006454549641547413,-0.5307248102338843,-0.31011930643773816,-0.03229874686839737,0.044562230458820885,0.08483869654344167,0.0017607591725767946,0.09164752687366845,0.037475306494036784,-0.15279251497016505,-0.09367889916823179,-0.6349170995778387,-0.07403241773280336,0.04837476468827681,-0.06930810538741579,0.5103525334824474,0.0,0.0,0.0,-3.6268252192452928,-0.739639980432625,1.992363017962734,0.29900078746841025,0.4633288366073735,-1.1481452931183407,-0.38188045189960174
-0.002077058911899542,-0.010948855988436009,-0.0461123908650169,-0.027238280394930602,-0.4357603904564769,-0.20086380806148182,0.0036510383294559557,0.1401362835748873,0.00805256110317904,-0.05918202442621294,0.11527201013664409,0.07088523018214211,0.074142732709336,0.002323378373215279,-0.3542659779789961,0.36685409985390055,0.26882403526397874,-0.07069850749570032,0.5802409385304389,0.0,0.0,0.0,-1.6333905684555752,-2.1812342224353394,4.770975020903343,-0.3434559654382521,-0.3300621514235023,-0.1804572387100441,-0.12087117231915809
0.035960181573717595,-0.007733520407796624,-0.00746572775950774,-0.0014502041301042144,0.2871194587386218,0.02518672679099123,0.3326774866878962,-0.13988172292462467,0.06816456403929524,-0.01951410690252391,0.13704962349360533,0.04228728654619939,0.08100273187012555,0.0054729422890411475,0.5084152181445477,-0.391598389184135,0.16593152708179015,-0.015484532712878463,0.8867486083208209,0.0,0.0,0.0,1.8928528154425746,2.270367555842302,0.9577949881804407,0.6359322743262261,0.05553616404393166,-0.16514954010303137,0.8460587917219777
-0.0025802904041396187,0.0004716097263697193,0.017032589451802693,0.00282379562071234,-0.5723340283139841,-0.2163153722578284,-0.1840089402809188,-0.1406176547603423,0.0169835670036651,-0.08808047711273523,0.12211415788737207,0.04372372162438122,0.07795870759104581,0.07804097301422587,0.47308107437271585,0.08779640408153812,0.15146021467532847,-0.05362235812372933,0.5237186112983347,0.0,0.0,0.0,0.8868993490096094,0.9235185859203329,3.4338790454543355,-1.674672740720833,-0.4551211614532693,-0.09428660854361141,-0.8754261754479106
-0.002249872280834376,-0.011995414959164211,-0.02838294007999513,-0.0007546162593607665,-0.1952264386631,-0.03633981404859305,-0.1964038811656328,-0.07647993926334129,0.0168736004256518,0.3200388470228647,0.14539781548390251,0.020440433188080368,-0.006355448508221818,0.08237012755275096,0.243522401521149,-0.9671069689017754,-0.030446687574139486,-0.018898736780036396,-2.8516053986636813,0.0,0.0,0.0,-2.050049647666675,-2.6468855799255198,-0.2088964337393339,-0.21168077781688557,0.010292520583605323,-0.11582728179872223,1.39845992279449
0.0006921843568159752,0.019038663123307663,0.03613426409552922,-0.0035866347335567076,-1.0647812939663581,-0.3829519081627195,0.1335164475914662,0.033531311305388056,0.024491319550840808,-0.034121376395678686,-0.06348172800350034,0.007819250572055314,-0.0422269552333433,0.08804985099155214,-0.060098675536478054,0.1346553216783212,-0.10678190190925811,-0.023785067314700238,0.43469913426540546,0.0,0.0,0.0,0.3823873486423305,-1.8042296025941176,-4.16576652732951,0.4108133062464136,-0.18576784850926947,0.2776391966578456,-0.8708293297996832
-0.006626922168118496,0.01621495939909688,0.026688513938956198,0.004391839286106956,-0.4583770067623676,-0.18115086331969787,0.0028931229614780987,-0.1184091522216778,0.010380959020790483,-0.1444308876595888,0.12752252723223545,0.0520521062141684,-0.12229717743582111,-0.24762357975327703,-0.6872218322851692,-0.19320283904733868,-0.07015682368316806,-0.059059282679494986,0.47797089210721366,0.0,0.0,0.0,-0.9817292659070992,-1.6753236798123492,-0.8224297700066094,0.5518915337567967,0.19084959324895678,0.33781715822674935,-0.7097900030071865
-0.0019733475105089223,-0.001152349512730146,-0.05763482526109988,-1.999580975395646e-06,-0.48054738064134633,-0.23153694741680544,-0.20554982197649893,0.11283167902987291,0.014708032825637712,-0.06783272685979129,-0.399230054956374,-0.18135046147473607,-0.05177420082179844,0.07806011472389165,0.3235230564779975,0.06847023899596655,-0.15551760682015345,1.826428515538124,0.696121596554997,0.0,0.0,0.0,-0.2660893676348586,-1.4485620972086763,6.224807297861299,-0.38330778798855836,-0.06756646642471018,0.055031205554731295,-0.3119782328849563
0.0016238099421362346,0.0067857835438290826,0.047682363641219166,-0.005890044609225379,-0.39477890937081916,-0.16492162351852951,0.11969205542338841,0.0425350303079364,-0.048474013738116,-0.09533035409681564,0.096570621079694,0.07564236291677286,0.09954800437722491,0.12279852287550866,0.0841428873913437,0.2863729508800261,-0.19244747468564108,-0.0190234820580151,0.7215175581341771,0.0,0.0,0.0,1.3046010743847594,-1.8230232387507612,6.263660858079186,0.3324204067486095,-0.6627631876443968,0.46875291462576824,1.1248191769697684
-0.00607580973346858,0.002708019063758637,-0.022747208188229354,-0.04458117051751851,0.5259503276907491,0.20217566484663055,0.13733932841908006,0.04506446121145056,0.014386067270887736,-0.006794533166646064,0.051769890594201784,0.03671475148112412,-0.04825878404378191,0.0063124494057767025,-0.7263439968105728,0.12320413987914601,-0.2563251894002489,-0.05352722305852594,0.37487148167719375,0.0,0.0,0.0,0.2704379971219655,0.8970848093997943,-7.750000423190637,0.36823176540275704,-0.16121862969074238,-0.570544770735035,-0.6064049571779406
-0.008071755520199075,-0.021764294290540193,-0.03458464141017818,0.02015145868743358,-0.9109458276502103,-0.4867846575248001,0.12437073585455426,0.06978513392058523,-0.027602153274799635,0.39284989972673556,0.179913817241346,0.022814542458052083,0.3024028601784042,0.21857085567058762,0.7818926242167477,-0.1127703000854932,-0.2780271100721615,-0.05409905946706434,0.4226173941216035,0.0,0.0,0.0,0.4119993125464776,-1.6163936884050198,-3.6048771977345595,0.39718356655525533,-0.2567690949846332,0.06088874631687881,-0.331698262548367
0.0006748849196488353,0.0045896423149931745,0.009727218925913361,-0.021754091166077277,0.4185900368378781,0.1641753424832985,-0.30269036095532637,0.04341308449862379,0.004954981467372516,-0.004685374537047636,-0.1611941165058669,0.06976447098683698,0.04531671945972919,0.3039579231265925,-0.3393214517009321,-0.037053557129904914,-0.46466003284517393,-0.017657336705103395,0.4509331781592153,0.0,0.0,0.0,0.7572745380649146,1.8323444732977439,-9.299980139801766,0.45074837027632414,-0.008675933571789243,0.03937404396198748,-0.2259963769320687
-0.0032912548669367893,0.004199507545360329,-0.014995367538924517,-0.0007546162593607661,-0.21635613663065476,-0.028503543421387213,0.2311151609255215,-0.09227860599975035,0.009785567181490124,-0.02043467669529116,0.18410238988606314,0.03553956687529766,0.13512387768903147,0.04694332749202791,0.31557243285802206,-1.1793224287567203,0.19371508065548107,-0.01856488254211232,0.669148711777482,0.0,0.0,0.0,-1.8209529108970552,-1.612014177730786,-0.10793624297888425,0.5061434082109743,0.32809881472579666,0.05897057352743263,1.433741294915429
-0.0023792408943367426,0.0011639485818353923,0.018877002692373798,0.015057401933494483,0.6617524528050349,0.21235054560166744,0.1350342735837543,0.04162222221341525,-0.03968545147143098,-0.03501881266552517,0.12071069737647713,0.08339043711890363,-0.10861036665903727,-0.16054835062309725,-0.026941718723849446,0.0021903899691138704,-0.05807272834388789,-0.05060653761432201,0.5890514929889977,0.0,0.0,0.0,1.4441880996674974,2.743916884986296,3.8233346635995753,-2.0398376785487806,-0.036099023187024036,-0.16114606945291032,-0.3369807561735174
0.0,-0.015235678984633981,-0.0022650108106578625,0.012676708840171034,1.0768813452785682,0.5594536512266238,0.006458911854873747,-0.011905298130458571,0.026313593777208235,0.03984367344581972,0.04360649390125042,0.05111953629065354,-0.04137373067183988,0.07558969030263249,1.4572056473963872,-0.049180658447115715,0.354637554438061,-0.01646528163345614,0.6431900289587004,0.0,0.0,0.0,0.9273966954471288,-0.9546120784570414,-2.704848570891749,0.6258450119997966,0.14613951342004367,0.18332962233999578,-0.06460838191599548
0.0006330073781039717,0.006397446566162555,0.05245796362259802,-0.006274130385916091,-0.4323339610392341,-0.19775906227707726,0.12386535119750584,0.03781318991869371,-0.008618450335002747,0.36509021326612345,-0.025482509167512,-1.085390818711521,-0.06161889844620538,-0.10827430195128303,-0.6047593957292641,-0.01008023800785393,0.24041362139728303,-0.013312988852669117,-1.8816406255077527,0.0,0.0,0.0,-0.3262356237503484,-1.1569231292302793,-6.403094957940378,0.2908670939792339,0.1575421778912232,0.13904143715019643,0.9635434753313293
-0.005951867837566912,-0.020551409716791345,-0.009325508676994314,0.0023101022254728132,0.5368838167287557,0.20922438476730343,0.11407157023497483,0.06511746114058352,0.013805183941378502,0.005614907583956685,-0.6094186686807315,0.04611669187777119,0.1536066457554265,0.28089502484351797,1.3051279358083625,0.1780890539863762,-0.19647596707584372,-0.05234771809568979,0.56197051151489,0.0,0.0,0.0,1.12454705543848,-2.7404907543781376,-0.24792933333233225,0.5584901265309301,-0.08071027295380674,0.07424945797577072,-0.4859716713331631
-0.0018215873505871482,-0.00048330972080473644,-0.019704368325986505,-0.012838092467389074,-0.4174361348098915,-0.1502398477185967,-0.04430789843295711,0.1011538686266536,8.329823894415796e-05,-0.0686188264711814,0.14488231924991896,0.026137678724637337,0.0448358580669401,0.12503505323625638,0.6719899482876812,0.23054037608496558,-0.15006467110582708,-0.059604326205980496,-2.5658737175777366,0.0,0.0,0.0,-3.5346499422854825,-3.139523974432366,3.7474093723938227,-0.8069204197767388,0.6407429841644158,-0.11518171279351817,-0.5967469592609569
-0.0007306154233532661,-0.012893095087447879,-0.09089773933561758,-0.001486736084626793,0.28664640247645407,0.05545586983029925,0.0657334237562285,0.09664604762730035,0.01518092513008811,-0.00867625268206988,-0.1432608831298105,-0.04603157959286806,0.07585844766488192,0.12157158716483876,0.40689249100158886,-0.719548280899731,-0.23892558699365005,-0.022519937239283864,0.9036577934458735,0.0,0.0,0.0,1.8769842692596999,1.659413716614414,5.523743755762642,0.10326218901367143,0.10060793692859833,0.09136892524116243,-0.3458380150295854
-0.001959900087149652,-0.012654804484239238,0.021487235422187185,0.0011721566950250392,-0.5859919365962005,-0.21179538920705412,-0.07201932934378395,-0.02092769304703432,-0.027645917791153777,-0.18907732915607908,0.21046132019884903,0.04180788170196536,-0.12071056825856938,-0.09954843537575961,0.49063520415735506,0.03225561841861038,-0.014700186267749108,-0.057607398441168016,0.48506660745953906,0.0,0.0,0.0,-0.9186377832310206,-3.76682025586785,1.7806939511337663,-0.7588031189767173,0.6039332846847234,0.03617515148915169,-0.7399739333943117
-0.0008192766812678356,-0.004404560309227193,-0.16215892804093232,-0.011296799096804432,0.30637671745463557,0.06677801006474347,-0.05620613466499996,-0.1647888960886708,0.0638674258184047,-0.046511422280220045,-0.7422442343137138,-0.4704800413630238,0.05015696668606937,0.24943535241588716,-0.28969596288236216,-0.2806467112555412,0.1461029365405639,-0.020739354346791028,0.8221324742283157,0.0,0.0,0.0,1.0287920378422757,2.9512268588662787,3.639638497527971,0.15481884967442003,-0.4318879164187018,0.12316125982606171,-0.42261227789520556
-0.0014388494634882492,-0.015002494966497975,0.056206265111635616,0.0015526451854315977,0.1345570549383189,0.05476421300896449,0.4356716562955696,0.03195050670230049,0.01439824770093107,-0.004992500223683824,0.1636864929237306,0.018720996552351883,-0.08335898065029859,-0.09225411176313109,-0.47839471976795056,0.14789650769260937,-0.058247261128283864,-0.01717448916322602,-2.395763701974068,0.0,0.0,0.0,1.1287388716187845,-1.2760690695200816,-6.090447704113893,0.044156161832451704,-0.09729815785914822,-0.2170790439122533,-0.41184333952412555
-0.002018966839393261,-0.012454354026058295,-0.015005525776451164,0.0008322902211359571,-0.1545421113645225,-0.03207837434501265,-0.1472226957929118,-0.12853611758480274,0.0915500720011436,-0.09462751637776556,0.09234945035364478,0.01860688865140102,-0.06425196939311825,-0.10815682487919191,-0.7303379764022505,0.16130866110199038,-0.3144643116140428,-0.0156999516326245,-3.1485650291435734,0.0,0.0,0.0,0.36788534943234785,-1.5569803372749114,-0.36656545789122325,-0.21732359342122803,-0.29477759897259126,-0.21153927542547596,1.3011146443852881
0.0,-0.013192209558125945,-0.015361351942109826,-0.013188655402175745,0.8947489808319802,0.5429784652506253,-0.3247818443194173,0.030168803761231024,0.017495043492311534,0.03658793277873444,0.03404560800538379,0.011661095340148286,-0.11635433087799653,-0.15192167450608704,-0.4486554110391579,-0.09854935311802733,0.22563955569264282,-0.03509731411203533,-2.700224628709833,0.0,0.0,0.0,0.7346957185833441,-0.04457344395675214,-2.5220603583613896,0.4293959841564861,-0.2546407875063127,0.34487693081159193,-0.30492491719050197
-0.008237299679266204,-0.01742376067197059,-0.07226301920442205,0.009698945232395315,0.7993585955336443,0.2594650716905652,0.10531050841865414,0.0015237851361616442,-0.01325236321695352,0.32476881188455176,0.06619182898298696,0.006786450297063709,0.02451227024484958,-0.03189710184028623,0.3402380639737598,-0.1505351221618592,0.08894695207751492,-0.04252543442535887,-2.4282756685030504,0.0,0.0,0.0,0.27393741054325815,-2.243931968590802,-2.535892063274365,-1.4230441161829124,-0.029573001849086823,0.06737656748921393,1.377674149406141
0.0,-0.013088543007244808,0.006170335734942148,0.021058188419950878,0.48717809232245296,0.3296185753225992,0.036584035948814646,0.03392884266584072,0.005985736331867293,0.020557667526912522,-0.14286313970815925,0.05810204046700939,-0.06945775487694184,-0.18008893044921231,0.02489001486128855,0.056938202445042246,-0.5383154099642457,-0.0358008662985664,0.47077326438077516,0.0,0.0,0.0,0.6565884042899539,1.3897101876483635,-9.158016465840845,0.47419777804768426,-0.16163943329891325,-0.18190768543447056,0.6447292037878869
0.0009154616651063963,0.004700897658717022,-0.012907660538824335,-0.048163421890532056,-0.41557178336490075,-0.13256843754267114,-0.24042308302514565,-0.2353646266215907,0.013162279623524257,-0.05000383585652962,0.07767163388550821,0.08845945184166244,-0.172276832639603,-0.19615288860540894,-1.4365742573762443,0.05196939442451734,-0.1533021839248446,-0.023447503619641537,0.47412562247311596,0.0,0.0,0.0,-0.9403955261376638,-0.3190560892930754,-0.9421667929153942,-0.8108937825154651,-0.3255316770187894,0.3145821295283772,0.023423291919251105
0.0005713498026048761,0.015247830247473022,0.04565752867139392,-0.0008259668890619927,-0.3589523667980828,-0.13114255060384397,-0.3161055512778382,0.06679551043220401,-0.12451207978841695,-0.042733917414378576,0.10775447197996918,0.0781865328500305,-0.06277598155322714,-0.023738696478832335,0.03234217086692346,-0.03420989126284355,-0.05270722625751787,-0.019496443353317093,-2.1885226005146703,0.0,0.0,0.0,-0.8855035307579454,-2.2330080190242283,-0.4902700315399782,0.09315147316735672,0.34359934654906477,0.33542887499599117,-0.6823843453308021
-0.0022598218743046937,-0.003074055648627184,-0.03934885459014779,0.0046533773878307625,-0.4030901042562598,-0.20436217652173172,-0.21110766028270958,0.0529996244761945,0.009356065450818648,-0.049357635868386866,-0.1253575030002741,0.04782429033862665,-0.05970781301654437,-0.011401579174342265,0.6474588417973854,0.6574359308005149,0.22539955252691024,-0.039845677148914224,0.7017189572895322,0.0,0.0,0.0,0.8743973046895258,0.6203182475015905,5.559120544652674,-0.1648129985631317,0.1710994295415018,0.2464487657796594,1.0592249331301167
0.0008085056042087836,0.004337187982253076,-0.010275548339043525,-0.010497493907651699,-0.4988276446942852,-0.2423947842252125,0.20070358201083519,0.06243390208064723,0.05741402135962602,-0.015365212598624934,0.05085783256633295,0.0548675616630902,-0.2091068774300083,-0.08480944933723072,-1.1938852286355601,-0.001048117090996241,0.35789477637560985,0.8800371658537331,0.5765877590032394,0.0,0.0,0.0,-3.02742129631806,-1.9868756981949836,6.369532997531199,0.30301665077741946,-0.23029525769865203,-1.0870119553181739,-0.4613270653077719
0.001510066470937761,-0.0019945861858713955,-0.016186447354568863,-0.012745989770977994,-0.4222632075494595,-0.2044043483538727,-0.1288662787953715,-0.2584502396627359,0.026547516259389822,-0.06213300056012948,0.10679884306039698,0.03904435338458651,-0.02264577372601978,0.009439458102872328,-0.8893394067985589,0.26347473932283366,-0.233250198637423,-0.028610271035071293,0.6591245967313433,0.0,0.0,0.0,-0.5085980403977856,-2.050838609477938,5.523611687367906,0.6215671533170787,-0.6654413148147178,-0.09532913431383881,-0.70545448722304
0.0,-0.018004153277411727,0.01772131845772317,0.00476215234835142,-0.4457245508609191,-0.20924394743974276,-0.05031395832920899,0.12110209409922808,-0.04772266976364597,-0.10700790620146575,0.09663766597214778,0.009796031284640247,0.2288737280302131,0.010471932872358388,-0.1369780607137949,-0.8195177506157106,0.3270872742909081,-0.04696201360361023,-2.77917292052558,0.0,0.0,0.0,-0.4266275394158195,-1.3517320813154183,-0.05979812485768558,-0.7273885974818256,-0.01586367826781184,-0.13326344202780468,1.172193545226135
0.0010423478125350543,-0.0016232139284629574,0.008715561337674623,-0.008445426312006628,-0.3768595292824281,-0.18972502386870713,-0.2973548570466793,0.051452964668852255,0.047007522772201604,-0.09066250990976582,0.10616560481944698,0.060139463998681225,0.024395249597628278,-0.024846793679012977,0.49774855711388233,0.0007816748007114323,0.14890379576979662,-0.028761707230220476,-2.5202669953385928,0.0,0.0,0.0,-3.8315692223859843,-3.09433288587909,3.8545729127561787,0.25413432322642254,-0.6180494873856456,0.08801565951822966,-0.41541152156513655
0.0,0.014699022203802477,0.010010563905488273,0.006017622779669142,-0.9348495025160879,-0.4966206907681445,-0.006681652526532648,-0.049407153344886504,0.04122774266675621,-0.13675471367351652,0.08758725256488054,0.026507776111457337,0.3063617048195901,0.07982489295422712,0.7135351542484945,0.18450572124189327,0.09640600444810497,-0.019675995856352543,0.46024468987496053,0.0,0.0,0.0,-0.7176937888055968,-2.1616261042984535,-3.148668520255499,-0.15905918901747626,-0.06943331532767243,0.26945148808614633,-1.0157858457854314
0.0,-0.014636404796390268,0.013863502601042505,0.02108585841128453,0.7873262515800925,0.30471146959556944,-0.05328815934495627,0.09052665507203542,0.040899302059069186,-0.1411347519077819,0.08239023740489132,-0.030465667074155073,0.4084637907864521,0.11893752747768373,1.1407536950783899,-0.016504239591510785,0.3502406248846034,-0.04174216355642665,0.6285591248687539,0.0,0.0,0.0,0.8522855741753375,-0.34961237694982894,0.09465475108212264,-0.7221774842642338,-0.04079429690681581,0.5793968735825421,0.03077949775360742
-0.0014083248591851621,-0.00658357359026544,0.07036150156119347,0.0015526451854315974,-0.3983137714471373,-0.06216948160961739,0.02738674148202985,0.08169626902591413,0.014291482933897438,0.006658837041504878,0.1852977403410494,0.05268202161440183,-0.07457961925931424,-0.1612444993220632,-0.8265050534003423,-0.06388676793897628,-0.12072192862176262,-0.017844477419022536,0.691291499057591,0.0,0.0,0.0,-1.0254655410483344,4.1125346403120435,-3.8791361719293205,0.23885690216127234,-0.06139541976016898,-0.03507445008802446,-0.0738563048408475
0.0,8.778838790333911e-05,0.009989149665056022,-0.024744760481303946,0.5152177061752891,0.2410781329532742,-0.7205831996717564,0.06819810168368845,0.04679869366828416,-0.03703146262398483,0.03840006504686103,0.05878168146299332,-0.020059308754751516,-0.03682187932506075,-1.09653425995322,0.059128205274736445,0.12719876987409445,-0.014127684297750836,0.7873573714056313,0.0,0.0,0.0,1.1850489789194714,3.2988620968419835,5.073357463551377,-0.8959983359498697,0.23024866467378857,-0.11765316941658514,-0.0743401773238603
0.0,-0.0007524218960151642,-0.00034092956860697126,0.017140731805381296,1.333838216470724,0.573935191541806,0.1194956429056965,0.05716923084509878,0.019722517752995404,-0.07159489835887115,-0.32134949892716186,-0.438784986540235,-0.013559349400351195,0.016780615589168192,0.017718951361857707,-0.05971807051183788,0.40341361746556775,-0.01539095146403093,0.6845430625145467,0.0,0.0,0.0,0.9019145568991184,3.2805412509471576,-2.3484983754322903,0.49157945940957387,-0.07755494986100608,0.1426892847459023,-0.7826221297844758
-0.0020799525958546815,0.0006132339212201347,0.013692256145244951,0.036940010934240416,-0.3990426272916942,-0.1860363228319483,-0.2114001382081883,0.06183605374048962,0.028112493699343852,-0.062481070815683444,-0.04638289257806685,-0.2385593480700976,-0.083820607133317,-0.11864802871477362,-0.47493939869727686,-0.0018067450520768006,0.018283523164164803,-0.07100693851697852,-2.612091331858266,0.0,0.0,0.0,-3.8437681888994337,-0.9438965105781456,4.813981128175032,-0.021209629677284222,-0.368001357935309,0.2638784483561292,-0.25928673027802746
0.0,0.002892484104215504,-0.002512076560202217,0.016105720192133705,0.4255825538246239,0.15617434925964693,-0.43713503777799895,0.01687510635933662,0.035385562286669434,-0.0521293630854784,0.015734544209936085,0.027862543250777975,0.06972731514110372,0.11331426260153628,0.6447965133200902,-0.2518951610628963,-0.3466646791122148,-0.020985562774752924,0.4670158743270297,0.0,0.0,0.0,0.6824391627332944,-0.158284589644704,-8.267427974100428,0.23409356743001597,0.45045070325336956,0.05474283756452297,-0.5977878173891492
0.0,0.002892484104215504,-0.0016232498846123972,-0.022948221203938104,1.3546388384267454,0.5290160666879796,-0.47899403251557415,0.0511405731035812,0.014695150151230149,0.05530083859177206,-0.14392702000977817,-0.11032428309970291,-0.03682365379390613,-0.12355879367592085,-0.7322920386834956,0.0019977770549020057,0.19624636789785932,-0.01637653999041036,0.6759471797970599,0.0,0.0,0.0,0.8801840356713737,3.2179795817523438,-1.8961562484860723,0.41766167396977955,0.36310564895756625,-0.20128377080711918,-0.08056375881085655
0.0,-0.017131446096911234,0.018594122498934666,0.018117406302303758,0.5838127895407352,0.3713942984586896,-0.027033095909908777,0.051875074105672804,0.02986509422101601,0.0008847266184644313,0.06334311741088373,0.025872641324802135,0.12084331480150044,0.100376689404951,0.2463082371177295,0.04389386514083594,0.13214480519592636,-0.035212215072831454,0.787500040427458,0.0,0.0,0.0,1.3023533653800259,1.9724385753328562,3.5759458929510863,0.48768019466167034,-0.24997464042811268,0.20505510274268246,1.1563932917552526
0.0,-0.0009853555929482634,0.01028531511795036,0.03350866205045502,-0.5767663603353219,-0.19309160810054013,0.16399629949743855,0.06004957748964507,0.03284607901082082,-0.07705795618098693,-0.2293361351882079,-0.054525458801280305,-0.08200842040207082,-0.04195189831575058,0.7507125362636127,0.03051883225934839,-0.15891488015620192,-0.016673003344561142,0.6994380844203636,0.0,0.0,0.0,1.0873768718668946,2.8286275246155115,0.9923347436974314,0.5317113079024601,-0.43269183928246907,0.010920911093008079,-0.43011648659554214
-0.0027365303716068165,-0.00307602055903168,0.00781445661064529,0.0018922062889516426,0.5728972847050857,0.22308844786293763,-0.11196157579274851,0.05155489591980871,0.027664273251388087,-0.10610214873239615,-0.28257091942709184,-0.07486237734414856,0.25109825207862674,0.17538790921079225,1.0764268521720382,0.04810067873530935,0.2541562297500906,-0.046616122103295826,0.6650553507118793,0.0,0.0,0.0,1.3919222048632618,-0.15517295783134324,6.5264075832000845,-1.2350220000068977,-0.2502086512207469,0.2724911622238424,-0.030801975455226095
0.001275724554646508,0.001326617441581597,-0.005452900992973542,-0.010191783311439268,0.5312532890400719,0.21014213583957161,0.2265071926276946,0.09091971911366449,-0.028731160997481773,-0.1187064160006092,0.06403869780738838,0.10435289279489733,-0.034371978951792455,-0.12792205493871436,-0.5492478842965813,0.059876164030366254,0.338060314098229,-0.01607797365888727,0.6962747182030403,0.0,0.0,0.0,1.578021942768723,3.7079846614818646,3.8637391168041915,0.5132066996885867,0.02313543501799768,0.2626410256487248,-0.23754632430193212
-0.003022270200953791,-0.002569902116139968,0.02496162952930989,0.0015526451854315977,-0.21611233238091151,-0.048273789588268036,-0.016737311495528342,-0.11220502564099609,0.0012305040726834325,0.004611590786386762,0.1741170449608157,-0.010846912071511894,-0.11868826297341181,-0.2989856727116343,-1.1585310455021354,-0.08144673482355921,-0.3546769285684409,-0.023257190167517084,0.6106059460132279,0.0,0.0,0.0,0.36691761857374633,-0.7472047015884351,-1.1880772137908766,-0.004787134585126061,-0.4800273866089842,-0.33187513499452126,-0.5651918964180924
-0.0061581519269102965,0.0057886814885850365,0.0035606345247819844,-0.0023682393518242753,-0.41663717415374846,-0.18311671739776472,-0.10769753344527035,0.10350844644406122,0.012680001733739343,-0.054815156471322644,0.17978039397033493,0.043542042713273395,-0.10826774907211173,-0.07857813747632299,0.5041907016792206,0.13700084609445273,-0.08816439788561856,-0.049508846913031215,-2.159189692815598,0.0,0.0,0.0,-0.8785517502338899,-2.8164458107833843,-0.30007134089478144,0.03808375550000445,-0.03589296383055075,-0.030829763799122424,-0.490406586703637
0.0006284282012148627,0.009246118893564501,0.01763686908316233,-0.0016349856527551557,0.40078387874479127,0.16844036274804744,0.2716548741226786,0.021127831844340722,0.00792363383327372,0.21990267315006834,0.07077228059240721,0.09713039052331622,-0.017628554253599528,-0.002921352382435471,0.48627218376403025,-0.12564923794696453,-0.0209878928811703,-0.009047776311093917,0.4974585223482933,0.0,0.0,0.0,0.7024678900795932,1.1239999967817893,-9.435691146576415,-0.09108161955083625,0.19854988684934852,-0.04793377979383227,0.9397679497225594
-0.0051745086902279065,0.0036224893518277093,-0.0087390494979062,0.0008284337508452037,-0.5742140176015079,-0.16543883545322222,0.03185392705068195,0.07534230007684972,0.020885117246095555,-0.021838610903412898,0.11152562965496843,0.034645346010260265,-0.11616138109118535,-0.17395720098045162,-0.9119966582722858,0.1769127303172206,0.14800703335954501,-0.07887110158694273,0.4576435229940973,0.0,0.0,0.0,-2.680415132393594,1.3888541915996417,0.47797801528506323,0.32705361943494016,0.026052052484310514,-0.1262187896170941,-0.9725260654355357
0.0,-0.0004250516259741539,-0.0033608048741269546,-0.04155862498333628,-1.4059368848292855,-0.6036889538261989,-0.138891838595889,0.01859904805077265,-0.01919267562087249,0.4752284673191817,0.025612788129307982,0.0689911790298594,0.004143540734170284,-0.09801639346823254,-0.9480584819406368,-0.031191998796422198,0.18386819046564712,-0.008747198960733352,0.5732692763589824,0.0,0.0,0.0,-0.7507557614778004,1.152807200833549,-2.992146778094004,0.1810149779428253,0.5715460182773691,0.21190001597526106,0.6067673201745166
0.0,-0.010061146210619794,-0.08929762772096211,0.009713511410190577,-0.44850425994824494,-0.2159298522860701,0.0010187655167115525,-0.026510378240712746,0.08258280196931851,-0.10525583171911554,0.038650965457507375,0.0474712786139072,-0.04912050376898777,0.08618919269301188,0.014436500370665456,-0.2568887631946524,0.11613953573755384,-0.015874557962904844,0.8475510623372396,0.0,0.0,0.0,-1.7654338508038119,-2.8795891863621654,6.18338057496466,0.478898016412235,0.10309166538296692,0.0267511346138426,-0.12027300548043808
-0.0020046861026671242,-0.004362913554316289,0.033304611804862064,-0.001119923152477591,-0.25153256411971825,-0.026339250341773587,0.033055004075756886,0.03964230044363714,-0.04034143795258018,0.14047760157876008,0.1963298876213465,0.032532179609517015,0.07685599627416892,-0.08595989376718062,0.619592886348082,0.19797642249141242,-0.08565336385632522,-0.01758861933485623,0.7244294587559651,0.0,0.0,0.0,0.5011076633584767,-0.19938853337436924,-0.2034252389589351,0.6120642993593643,0.6527879916915368,0.19564902513711405,-0.41793906189769
0.0,-0.01289963592299554,0.012570756373276587,0.035273269120464926,0.5496234500424197,0.2539759749533229,0.03145064154876773,-0.06956078376225719,-0.09428797152895532,0.006933610326131812,-0.0034100139314386857,0.01572203168521642,-0.10710019754975253,-0.0940277506222186,0.18403757453352534,1.1823928548858806,0.20843206032754127,-0.03262378468708963,0.665221437899058,0.0,0.0,0.0,0.9667124754648041,3.5991146806215806,1.2976598510502366,-1.8164826582280873,0.01700347101505484,-0.07074528739487948,0.9650639748379156
0.0,-0.012780779175952696,0.004829026402534312,0.017455052676952538,0.4977042971942398,0.2946143916649857,0.00636220648499094,-0.02705669668366192,0.035387320875017225,-0.01422638168379735,-0.08862206268890706,-0.05333900705919581,0.18909023704756833,0.3842888151839064,0.12336686944757924,-0.3561919549745949,-0.149508413183408,-0.03784879203766602,0.48431163324509463,0.0,0.0,0.0,0.6581951771373826,1.535142797713241,-9.11556680091704,0.4109928726977508,0.21257558561467027,0.04836759179896829,0.1328291539249734
0.0,-0.0007524218960151642,-0.002938287227938618,0.011270191755182424,-0.4208267527955444,-0.15726265160311784,0.06967540817741333,0.047829894250185176,0.03956349348356151,-0.12956265965153202,0.07301019983090828,0.033650875461863454,-0.06123172081881451,-0.04639054621618764,0.4527261105113856,1.2026381281507863,0.00860766356427578,-0.01370566292869678,-2.6992384400780667,0.0,0.0,0.0,-1.6511246155265897,-1.9777727392566316,0.07920836630909928,0.3346789226928482,-0.4144361042416255,0.20598770337393438,-0.7797667974697959
0.0,-0.035648315108465556,-0.005588726182603016,0.018299697209139213,-0.47089239825234586,-0.24449642911530983,-0.04647749801777415,0.03035881006945254,0.07143217366009083,-0.07897650348634985,0.0785537916690383,0.01393315121107285,0.1726311139345935,-0.07008666381102459,-0.2554820311451437,-0.781123829062183,0.0368463249617198,-0.06355871101965292,-2.177681758406026,0.0,0.0,0.0,-3.238621324891898,-1.2739197990193014,1.859674858642807,-0.4595072343537647,0.325072455037624,0.0712190834036197,-0.25154905614265194
0.0,0.039514197376514466,-0.012875652585922067,0.0164407038045069,0.6461630270767197,0.3395693794849237,-0.023976751537027472,-0.02812097127163405,0.06998611175931162,-0.09760942692868993,-0.2865466092572267,-0.22515311407996316,-0.12214268281429552,0.1289857527767971,0.7295315805433777,-0.34447876666525556,0.1632622852353485,-0.04010117183098353,0.7370924811565265,0.0,0.0,0.0,1.30346101355152,1.8399302281831127,3.372459944763585,0.42826180664358615,-0.06249959327653128,-0.0348654333158796,0.28543963826523505
0.0007126315246484923,0.003765902537444976,0.0004879728115827296,-0.002493353483997393,0.5332717241124091,0.164827733201737,0.20329750127543042,-0.01440665375759181,-0.09754645205348496,-0.01292814799972295,-0.46335784819162823,-0.010922944190636219,0.050369105318160565,0.17162957670118514,0.5645091915975624,0.13324821268910655,0.2000513610440485,-0.0159498386088874,0.4887423601283975,0.0,0.0,0.0,0.818589595419254,2.0238401442089415,-9.379693881867164,0.427219623364965,0.1629386043025442,0.3914711988637656,-0.5233849716702108
-0.0023200496923917787,-0.0038478623589041283,0.02254887675052276,0.0022039319427544844,-0.2960571563155157,-0.07141418329390976,0.04446203515531768,0.04657687533652708,0.007497343140527533,-0.009229320583566953,-0.07156246226711052,0.02697158437820474,0.006367619920318233,-0.19953444508505602,-0.7229761896012167,-0.2445141468554787,0.3028087872606315,-0.014022534130558545,-2.91098430755819,0.0,0.0,0.0,-0.8259130347097058,1.1116987330324923,-3.388407231061479,0.4308468249050525,0.19200121442476292,-0.04641921065631774,0.8789838907713137
-0.002465080898945168,0.007783881876093408,0.0143289286903647,0.004646159147642038,-0.4390111515315198,-0.2038540286993218,-0.12790953732137894,-0.08686926930665222,-0.001968004509207972,-0.10759756147921196,0.14093482960767484,0.03199408080326025,0.32976707188040494,0.1266561507404516,0.3037264369229939,-0.36893398614198464,-0.4173775588737776,-0.05100015301398217,0.6367508828439407,0.0,0.0,0.0,1.1361666206839227,-1.9023847156083664,5.879824133817057,-0.8613831162131109,0.132922134517839,0.07261235168983982,0.8461115782193877
0.0,-0.0009804128945946158,-0.020202726988305008,0.025820386635177026,-0.412804291185645,-0.19369642811266818,0.45461901600042726,0.012394255009361886,-0.13902962439343225,-0.09312158633192856,0.03565863849587036,0.07203479444711543,0.010668048395963789,0.07685619408189336,0.7106014437879944,0.3249800095301143,-0.01947512999940227,-0.011802247340243297,0.8266718351699155,0.0,0.0,0.0,1.1884187133795776,0.40090479335733,5.906755923998492,0.06777815527772774,0.4454014412861332,0.18787996297641082,0.6986114978821542
0.0,0.014699022203802477,0.007773195174666172,0.006674124421082334,-0.8764619470992548,-0.4344503042401565,0.098079642951024,0.050857250036411505,-0.1748227415425449,-0.11005983495106259,-0.14352436087631928,0.046202660584888415,0.08532537731011017,0.059911928718258664,0.5018783427323968,0.15755479542982687,-0.11086687641061652,-0.012293449089015286,-2.212680260805488,0.0,0.0,0.0,-1.1466980755305158,-2.133298662887881,-2.7563099839878564,-0.20842758699414973,-0.44044174843574946,-0.010936295260650234,-0.328656350099741
-0.0022605233248210923,0.01662322602327507,0.020334845397058734,-0.004396539196375997,-0.5229196495602163,-0.18715992062329304,-0.047458672572026475,0.10692009358685682,0.018890946059028933,-0.056472494607052885,0.13424904589501768,0.0565067188770827,-0.14447351761728724,-0.21124812417997932,-0.30665237393088124,-0.045418976761999796,-0.1711019745827022,-0.05165733583679087,0.5706013355624034,0.0,0.0,0.0,-0.7982736969970092,-0.8331240751171071,2.9886900521159196,0.5657078559837895,-0.10845120380018154,0.01977889253813425,0.019881814258698432
0.03085827220767507,-0.004803696576103703,0.01777741833557827,-0.0023289677781473967,0.16134896779671917,0.050159405345751945,0.015329957884517225,0.0782573589453705,0.008610512924240235,0.003588338907807228,0.11734533046681156,0.0060785162525304436,-0.11714807044999256,-0.11499332394756054,-0.6059800320864217,-0.08192905643230458,-0.4792804102903914,-0.01490750202071865,0.6380078579286893,0.0,0.0,0.0,1.2336699404351354,2.5553453049086823,-9.36246169894635,0.17002328253933302,0.15816091443306596,-0.2381937825354242,0.5518558628098629
-0.0020449048628752567,0.0013903348984252565,0.05434192212909122,-0.003926238800280628,-0.4645623262133374,-0.1758780171381818,0.036076341231785325,0.11230221553116981,0.01672039818969801,-0.037431628385747866,0.09032553548454736,0.06235008490501043,-0.0629503868896274,0.05010247715826747,-0.42868895869158763,0.10361874867911816,-0.08841958004406876,-0.05012850175827703,0.6376543903296132,0.0,0.0,0.0,-0.30394969393635546,1.7047153798201382,5.469244721862851,0.4567690566422095,-0.25485581166512045,0.45365847047530866,-0.3188754150361078
-0.014898407422918081,0.009574937910849577,-0.011865035748945603,-0.0021439930877371863,0.37890084309200045,0.14013574005777105,-0.16341043754494575,0.008653831735183538,0.002226842334540445,-0.03882807021048832,-0.149208449025089,0.035006490662208456,-0.045712896836153816,-0.03241431831621531,0.5137758628192746,0.11334105414228461,0.024603776668448325,-0.01705359522018913,0.4182897473736746,0.0,0.0,0.0,0.41190409099546593,1.2795767673797283,-9.428183657086784,-1.505870075771615,-0.20499568103694665,-0.22369947340145546,0.7025496397838111
0.0,-0.015235678984633981,0.0044063715520836575,0.011289695113200866,-0.9228073438142277,-0.5022416785050116,-0.39799371588770394,0.010431007471413446,0.03278774695159996,-0.0882072025775927,-0.13667427241529745,-0.6266004379024961,-0.023466180564620562,0.14100781428601517,1.015236338569288,-0.06829847226273611,0.22476818063582993,-0.018059972932570258,0.4986191875409925,0.0,0.0,0.0,0.4083264722505788,-1.2449205590757766,-4.518640157196977,-0.4681310113938302,0.1311180943232739,-0.1498630624781558,-0.11173666173192108
-0.001721799590554954,-0.010893467701560423,-0.11927810642604958,-0.011296799096804432,0.44349348589458315,0.05635967579518405,-0.03876226408622973,-0.11750272348900828,0.008570837748602313,-0.0371769707594804,0.19396638804588676,0.061741015974664915,0.04511164659646516,0.08786575840134359,-0.4494874692861997,0.006808372359078266,-0.23399295084761998,-0.01993647423729501,0.7433158245275552,0.0,0.0,0.0,2.3845151850234867,1.5245973740764953,-1.7474399116681625,0.49610674260119136,-0.24340972006414505,-0.004256762864822878,-0.2683892273953608
-0.0018304920267868847,0.0036534812094140526,0.09490272699775154,0.005387056164116034,0.5374571783331955,0.1866470191545621,0.08806828490472131,-0.10894611986467988,0.0154922116400596,-0.05900695741741966,0.09637708138757696,0.06316770225083103,-0.03885893622716237,0.12661434820679526,-0.1282366807549257,0.044560803274972194,-0.2745534249022015,-0.03956463391349578,0.676467664525422,0.0,0.0,0.0,1.3343063843230782,3.230486721027519,3.80517054532103,0.5241560579836766,-0.13324495452563545,0.27091943534038765,0.9556606707139015
0.0,-0.012508260768273185,0.005705534469451658,0.019113379278616335,-1.1626128513026424,-0.617125557681269,-0.08372598728330931,0.05384094941381095,0.04200053106131438,-0.002467600919713638,0.05536537096319966,-0.034159399453396334,0.2270979405691812,0.20671420865544196,-0.16173662432078667,-0.882995942041763,-0.2421668167561376,-0.058282210935634966,0.43453551914595384,0.0,0.0,0.0,-0.3709175021050084,-0.26126924027355425,-3.5114988256983506,0.3288348062163655,-0.13163694299814824,-0.18705751520992048,-0.7069133991241331
-0.000661836310709238,0.028894786977583665,0.07382556128023651,-0.0014867360846267926,0.21972891026715455,0.046904582782190875,0.04363257602382442,-0.06731657471754772,0.01276004538754914,-0.017314473382437325,0.13378078032910803,0.0488174449148608,0.10530583533889731,0.04760890963297634,0.6745186485424279,0.13208269300379413,0.05932032536599171,-0.018992889189288986,0.960995316425063,0.0,0.0,0.0,1.8963505089909136,1.880698305345741,5.50242207624495,0.06858289911114383,0.07831602293219764,0.24296438738347564,-0.04866379947041072
-0.0024088247357633022,0.0011477368337805736,-0.010619737689784843,0.002524640979080867,-0.5673700993061422,-0.20407249123676405,-0.06876976927981886,-0.1269555124301261,0.021426531135442888,-0.036371182793815744,-0.22624361020797787,-0.15909144370109402,-0.08924650276620015,-0.1887136607466456,-0.9873292089218624,-0.10198313220536273,-0.1742501550699343,-0.05562946785094498,0.5080970144677968,0.0,0.0,0.0,0.8886452466010761,0.8341307267273012,3.5702124580880885,0.0706238420789051,-0.45075774872001545,-0.08741268373423365,-0.7267920238690546
-0.006088731601646983,0.00333465087238835,-0.012316367564477324,-0.025682509487367906,-0.45101871058221865,-0.16036061513025326,0.12446540747417906,-0.08202929160600544,0.01642776550616297,0.17957306259060862,0.057750917379276054,0.03953940868371598,-0.09892947980537217,0.05243828069192443,-0.9213479793386136,-0.006369859109579935,-0.019880682068527448,-0.05256335216859755,-2.116199598174737,0.0,0.0,0.0,-0.7406455918987579,-0.13936683724363536,-0.2698158314578079,0.3040019127448196,-0.3630937917611068,0.16464471659354293,-0.8661019898678595
0.0,-0.07896469552651389,0.022905342489650534,0.014149291444364267,-0.5327575165189161,-0.1873871853315326,-0.14618647423679115,-0.006625831948368923,0.009656928712784155,-0.1334934974420152,0.07627329675269401,0.01729769860572172,-0.27324087490023036,-0.1823269419898129,0.6115085038146102,-0.11433776937860346,-0.2900409393531818,-0.04896608183749071,-2.1862913924602867,0.0,0.0,0.0,0.6583703704502677,-2.7838846775528148,-0.5692510612031814,-0.7644506083949103,-0.08998833752795904,0.1112037877087963,-0.540105048084613
0.0,-0.02100741396663665,-0.015633470966398437,-0.0029175201670932852,-0.4472787636414873,-0.20583210380147227,-0.19924029767205786,0.12329917544024811,0.04372062989904846,-0.14252469313009158,0.013339796116235283,0.023709133654276383,-0.16461335902960825,-0.1462632446344768,-0.7744649629232527,0.007978406146987162,0.3788014052536035,-0.04321774497124388,-2.4288092168853876,0.0,0.0,0.0,0.7245751858017606,-1.9366418994532044,-0.5789054816624587,0.3953209316967785,0.43244337370934227,-0.06186659275531827,-0.17974103171776643
-0.002838600364593712,0.007787937551481333,0.003873948197430082,-0.001450204130104213,-0.34459786177037405,-0.06506626830226567,0.33834206546495843,0.032064095780311434,0.010106907151697328,-0.024545150026145282,0.14511039311112847,0.02870914163661176,0.06700114857681692,0.3008820246859343,0.5795259417632725,-0.6723636454958524,-0.01783973513277367,-0.014579661492773266,0.6631739169596793,0.0,0.0,0.0,-1.0455755283312922,0.6988338786886268,-4.042640077820914,0.4708521666764404,0.04619912496664711,0.1903978479152356,1.0046101026460903
0.001662564592148105,0.0023448473667670635,-0.008921325261915948,-0.04031961994182045,-0.6521718475797211,-0.32446921454186184,-0.4628148382895724,0.07531963509636601,0.02060424055208999,0.004418744049978085,0.07763518707032738,0.050167848552167923,0.0039869871382410774,0.13246650037442395,-1.141823201228557,-0.47393520390199084,-0.44917472076487897,-0.017405147490335074,0.5201122346790759,0.0,0.0,0.0,0.6021598488116637,1.629785459532426,2.719343759315169,-0.14757092650737508,-0.029778600139225554,-1.9638523462468795,-0.34751380714471103
0.0016828464839177407,0.004326436118230702,0.012697141200825622,-0.039620627798313546,1.0367221822235693,0.35103601669107076,0.08408498660405084,0.07535903078246695,0.006619976088073019,-0.006742821803229814,0.10278442747865993,0.11187301673600974,0.024036585133635994,0.12445406403634739,-0.7054290577044853,-0.39180124541493316,-0.6149272739332162,-0.014861658619635914,0.5804878601656337,0.0,0.0,0.0,1.0407865024777028,3.4697903030186414,-2.2919499714959675,0.315328630452491,-0.02563327054199883,0.12680629718761807,-0.3125539039574212
0.0,0.0006480923548774488,-0.0052149993115169,-0.03086584403270395,0.534815262242063,0.2210333134892408,-0.7439062507263119,0.028324807284414232,0.019227330189077213,0.33805254111079575,0.025210483891689235,0.059276436084108756,-0.02125775437690641,-0.08399889912133365,-1.3844168981929326,0.13164676471426515,-0.10314994116505016,-0.014696625848498013,0.7498385067194588,0.0,0.0,0.0,1.456805982128349,3.4470706762766645,3.6917424932432916,-0.8095228621727809,-0.1808506234919679,0.12959754951477934,0.01048501771557515
0.0,-0.0007524218960151642,0.004663010163957521,0.03536368485745647,0.5361964598825425,0.2637283880482914,0.08374354581703207,0.03943377101616828,-0.13861198071324898,-0.07612875857531731,-0.18654513287442895,0.055099998599097345,-0.059726469416460336,-0.05975822236062978,-0.5101224299418882,0.10481694865691231,0.013063168975898957,-0.019222621781117492,0.6625600526774363,0.0,0.0,0.0,1.5494693869692333,0.36349797726191335,3.4657414085602474,-0.6152950106852961,-0.0091859567691311,0.01669479767322032,-0.34842125665825424
0.0,0.24110919743975098,0.0010895393686099902,0.004529100883313841,-0.46115170785609877,-0.22769255415414352,-0.2598207351758132,0.03144488784078273,0.03833929964350832,-0.053857725854251116,0.11065849483690594,0.022240009221074573,0.20611048045764485,0.01880123484816592,0.49647323528304194,0.10149904200449338,0.3448235994357852,-0.04639219559815414,0.7672172055441069,0.0,0.0,0.0,-0.5227169456895611,-3.9457938794884466,3.6988875306187894,0.13736799681119527,-0.3279588613127241,0.08217400452618231,0.5705550972404245
-0.002188089095073036,0.000577601564390824,0.05242049787785965,0.0009978400615857697,-0.4872820100812034,-0.2116496058774039,-0.02913746139602745,0.08424172297432586,0.0103787309286637,-0.10611040578411843,0.068787065615114,0.03381723094456778,-0.04827371121331518,0.09393854706019616,-0.14026392675134244,-0.12736023077653055,-0.19698395763577398,-0.052733736992553674,0.6573087057296408,0.0,0.0,0.0,1.176759186445476,-1.7714880221816793,4.625839867470595,-0.3836048004096446,-0.29532155161112633,0.01719528992875936,1.582286622588939
0.0014905165138563276,0.004634346373165495,-0.014982614050124918,-0.043560021047172603,0.3841304793091844,0.19796100444303327,-0.2345474890390033,-0.017388050669730468,0.040078412149213316,-0.058390867289022486,0.02082065701263676,0.07094929424845225,0.010263025694356295,-0.020253923934771788,-1.2484453345027222,0.07605295683954835,-0.07999674438499962,-0.02217508960486798,0.6411937857713501,0.0,0.0,0.0,0.977812825573262,-1.4377733962645163,6.5737140208525195,-0.49408743521879034,-0.4315901815890732,0.14355020004899602,-0.33497333426826126
0.0,-0.001089609210456869,-0.021818266405383903,0.0186445441930525,-0.5460020161737106,-0.22790818808253502,0.04172139980657304,-0.049304858387756285,0.05065271320894575,-0.1366656750382724,-0.0440168932238771,0.24458294735278227,-0.051690259138786006,0.019525738152347365,0.20843968054043358,-0.1478453616730949,0.17628430654318417,-0.011064916513640263,0.6666218357521045,0.0,0.0,0.0,-2.517041620960944,-1.916225433584455,1.814369748133655,0.48682547163110557,0.5584073909605902,0.3723988518597546,1.462087407137801
-0.005972040881447446,0.003104930135243503,0.019820446615533813,0.01755144458956852,0.4785462445035008,0.20953770319195716,0.0797222311489993,-0.09422283868790522,0.019136074452831556,-0.0548123282366462,0.20344690017461312,-0.21365304836729263,-0.044485670537083744,-0.2052110001091023,0.09560105710322256,0.8187128109629185,0.32344758414117264,-0.04629880938287513,0.4451875628757094,0.0,0.0,0.0,0.7532900790641939,1.5798490432607977,-8.72101415620277,0.29999833704941986,0.39494662766613403,-0.2634641239094021,-0.25282357483548673
0.0,-0.001311786244434838,0.002074219868674132,0.015846386401653124,0.42189554541765634,0.16543278272870754,0.1016600194553425,0.04260505807076561,-0.13264586343633947,-0.07095260745456877,0.10040845196650061,0.04109798859647055,0.14988263397662718,-0.061466544116348984,0.7934783478341506,0.11911582725812532,-0.19838437864967767,-0.01699792857159849,0.4681512611111163,0.0,0.0,0.0,0.708500109615847,-0.1677128679047405,-8.12080521685474,0.26494192200523725,0.09280356486599631,0.12914080897195238,-0.43678084379536036
0.0,-0.0007524218960151642,0.003999973588814746,-0.01616089233208341,0.40406491448027254,0.18108541552586752,0.024912893095797837,0.06577724182295527,0.0213000705821569,-0.060693454284301486,0.1258532930863959,0.07311375817080067,-0.02414843551584776,-0.0493390596391762,-0.6393397939712815,0.42484896960443846,-0.1443909850318467,-0.013033511845123703,0.46660419132381503,0.0,0.0,0.0,0.7126876149709879,1.329184583707813,-8.513405989042894,-0.9248174716333644,0.10244609080361837,0.23412146972452444,-0.4718022261119234
-0.00185016636739588,0.06068216612278432,0.029319951510890396,-0.001119923152477591,0.1305346798213571,0.0317707810926355,0.2708908146936232,0.1209668418668774,-0.018918173785518737,-0.011141342775005815,0.16937878847856078,0.030626719610503804,-0.0725069566142514,-0.06964130896449726,0.7422447839203783,0.43894198487332403,0.046077190513624224,-0.015280053517890193,-2.64006987951316,0.0,0.0,0.0,1.1307774465511053,-1.9359089567258088,-6.662281818641176,0.36212111013683557,0.2146635941293883,0.21507883090122465,-0.23738419677245473
-0.002122721272790376,-0.006889267385423593,0.010109637813939903,0.0015526451854315977,-0.16539364798656384,-0.033226427122080175,0.39849013202427147,0.03336532714249368,0.01570472070177124,-0.01253011622820223,-0.19014219223601184,-0.11274702504509206,-0.07342338014262371,-0.10987623442844313,-0.4326719841437241,-0.0010964861768342335,-0.32067607226637757,-0.016602475178149098,-2.6776948587928917,0.0,0.0,0.0,-1.4356460248503637,-1.1803057208242262,-1.0194784606531875,0.421735838403692,-0.30294851184073657,0.052638357637174234,-0.34283845063114715
0.0016460216363990469,0.003273405072987851,0.008471713243883907,-0.006500270576911119,0.3991438122162169,0.15229669432515752,0.20807297527784321,0.06452414890533183,0.02810410659175863,-0.0059173013490267335,0.05005868162092467,0.08864865726479447,-0.0008315626126269592,-0.010270147866657114,-0.3879772018990651,0.10368134644751766,-0.07155041356911948,0.49060641400373733,0.7350635714330337,0.0,0.0,0.0,1.2443032724125211,2.0761566108037077,6.874651420550743,-1.162446433454338,-0.1698551846096081,0.07444167696887992,0.44865734648662425
-0.000987706452183247,-0.005668719709022165,0.06380339230062959,0.002282580257870751,-0.1856187574542271,-0.06183634913728748,-0.025886148739230643,0.03652558520993039,0.01501209521500582,0.04446881758388713,0.10238514284480991,0.028388156855912023,-0.08483551638658558,-0.12345363068100668,-1.4722853830371865,0.0780835287219504,0.03847296998942281,-0.02453960914132221,0.7920625731749379,0.0,0.0,0.0,0.7429865721117873,1.0161239156154194,5.532545362531221,-0.7334060767193071,0.19385740735758214,-0.6865092850786699,-0.3168142891737742
-0.006225694829225111,0.0034239503499696624,-0.020120309736219963,-0.024856648196886245,0.42746850627611616,0.21505338088506545,-0.1389710305933084,-0.11781260822822452,0.02544467661143695,-0.0315356823967766,0.08515855426098712,-0.02491637880710491,-0.06448283802521268,-0.18670190756665134,-0.7385114007147696,0.07018019634974766,-0.10570485273615944,-0.04982586748472197,0.418078538817272,0.0,0.0,0.0,0.6302190664513695,3.4071272674792437,-8.426622458607296,0.21294046431768965,-0.5434285863358845,0.056445757871514166,-0.08768095919267618
0.0,-0.0009853555929482634,-0.00903758742349117,-0.04066715188956919,0.5654626880782446,0.23226964123920313,0.0932613033244976,0.04202591461896793,0.020706857892038705,-0.05491022635713157,0.03367995002097384,0.06469944066455216,0.025144543461725247,-0.036234212508897974,-0.953585021802509,0.7991650655897911,-0.06794049561737434,-0.009152152032562498,0.8190209940972467,0.0,0.0,0.0,1.497388665783907,2.8436422552183758,3.51214418295522,0.09055671658344559,-0.046282226293117706,0.044822174146013895,0.36328169631761503
0.0,-0.021070609617958567,-0.006015154481166021,-0.028007019933192295,0.46836198168100196,0.2961853365996455,0.17322117472007506,0.027391273729348194,0.02428823729888123,0.003857946113045029,-0.0818197169208283,-0.2671586000489318,-0.14377714011134005,-0.11099983264421928,-0.28100053786332213,-0.06117219579507329,0.12827690182809331,-0.04097963745634536,0.7556955160446941,0.0,0.0,0.0,1.1350505435789373,3.2064002078976594,5.274396471107749,-1.6989335514634611,0.11279949432072449,-0.036445397837213754,0.5742658850088006
-0.0008849581076646657,-0.032953413133543406,-0.049001697318663544,-0.0008959519410262349,-0.23277538264287526,-0.04991473224682338,-0.4582857783789949,-0.037319647505647806,-0.08472600123718448,-0.09427926930123727,-0.4505889535234689,0.014366332375912082,-0.04449346123189067,-0.0143199928355272,0.07039586138086455,0.02336592173123176,0.09212702463061463,-0.04575652425877208,0.6457395016211761,0.0,0.0,0.0,-4.608453514405639,-2.6881726724592117,3.8643043182091126,-0.12139456807168146,-0.5254429466768568,-0.2247209486905476,-0.8107653302848017
0.0,0.002892484104215504,0.003974512029951206,-0.016966043747431728,0.42065340945968743,0.20977259524970412,-0.27040955315342563,0.0016174364264349111,0.010747072128224499,0.018736015067797894,0.038231638905749064,0.05086827451419532,-0.0029901430954962427,-0.0812707276157383,-0.6950346412936231,0.6427325122692644,-0.029839503522690703,-0.012498569840739193,0.5060317153534005,0.0,0.0,0.0,0.7463328613929753,2.2678470534232478,-8.794071251099881,0.09724972137384655,-0.2394370166076073,0.15095960982629014,-0.020300420577410733
0.0,-0.0009779066953208948,-0.027187525311857686,0.006977242164206334,-0.3366176971317478,-0.16123190940807655,-0.10797662511986222,-0.0276903250210444,-0.2662693456722999,-0.14060153640220147,0.009952062438615187,0.16879311904291847,-0.032041075746082996,0.014131660387270465,-0.23389190922061545,0.9522589991834658,0.01595157201755731,-0.016935627756577795,-3.1353782697137285,0.0,0.0,0.0,-3.4931924399678853,-1.3325672473609027,4.095856508550074,-0.6692961678356926,0.11654905240846146,-0.28119463011817175,-0.30167662965532716
0.0,-0.0009829111838494278,0.008081258586579999,-0.07711058330727937,-0.4726698032134967,-0.19211136453136196,0.18966796188939647,0.06341537715003699,0.04647557617177801,-0.11909300328271318,0.1865986105062538,0.018892364589763996,-0.10469997156236212,-0.062346221944497876,-1.5170373294644668,-0.07628194392763063,0.16344158812731904,-0.023035064494240177,0.4903328915039907,0.0,0.0,0.0,-0.9637549832591434,-0.6340641203593992,-0.2597410014952129,-0.4997896546348141,-0.028145083284101653,-0.6115644748220554,-1.1153609855822524
-0.0019687974556529438,-0.024759698476024352,0.09134743975508271,0.0015526451854315977,0.3377265688197169,0.03476576693284472,0.0886998894524115,0.10894733114409129,0.019872668186844425,0.00856328568581804,0.1795875550917919,0.0329524787956901,-0.24487058658156383,-0.32623794385179977,-1.2421320186790865,-0.07469346045300389,-0.09794909913688726,-0.021490165755917622,0.696762795661871,0.0,0.0,0.0,2.3602179218233985,-0.5330449800679414,-2.3265869407518243,0.6871944383021047,0.3373182676759191,0.3345344557987211,-0.42281811558582777
0.0,0.18802032487926776,0.003247188880389627,0.007061101054113879,-0.5003242454627422,-0.28224172412035264,-0.03583705218529635,-0.48176387254545877,-0.3787490024332406,0.5129945886514017,0.08258450568945346,0.028187067400298492,0.13788747706346527,0.002486947890060771,0.32604063910981673,-0.08474042577756724,-0.12306582874330661,-0.054427502767353315,0.7270968755317425,0.0,0.0,0.0,-0.5108810027393386,-4.6983630029810035,3.9927070193912,-0.41518660682884617,-0.04547654983886231,0.06947216816207355,-0.1957149487361106
0.0,-0.0007524218960151642,0.01712594370776026,-0.06061156130503635,-0.49238375927299577,-0.18558357762697594,0.020975876881647485,0.10150949651222119,0.043682208061611445,-0.10470689522905752,0.02008721059268042,0.026570384501883614,-0.03185654849169452,0.02522827531632786,-0.9226736792395087,-0.4477500890840257,-0.04808766532081054,-0.022974843391365688,0.6209257677894978,0.0,0.0,0.0,-1.31674670834046,0.6063680425005606,2.4053051853748246,0.21061018829642192,-0.10162220418137988,0.18415058232590215,-0.778383531777977
-0.0020403177634779304,0.003340626638858607,-0.019280584162984813,-0.019898858022621462,-0.49300916799201006,-0.2003110759832993,-0.028948524469663832,-0.005407208864097543,-0.05432259246222205,-0.07112129771263698,0.20627839189581293,0.04555382648781387,-0.06203230269545584,-0.10170998879993115,0.3727237644589133,0.19928779448696826,0.0971550556623892,-0.07262673535061263,0.5903870596255093,0.0,0.0,0.0,-4.075837196765124,-2.87752298391055,5.134674024592043,0.2076639819585038,0.8231703864295773,0.3547289051776836,-0.5987721049068013
-0.002722978392266459,-0.009697680705970171,-0.04658509797698875,-0.002822969518858185,0.157591414086602,0.03724368950835545,-0.018103120920279336,0.037698845214716295,0.003185339068373424,-0.009037379731136361,-0.5031068173303858,0.017145119531499588,-0.08574605933907145,-0.07930993454685253,0.5049508761262066,0.3664501741471134,-0.025119747536054875,-0.02086955313578434,0.5385363585913687,0.0,0.0,0.0,1.1077511153009956,1.312879551324217,-8.380430535546422,-1.363035253403608,-0.5209845204344004,-0.13973111389664053,-0.1478169890784806
0.0014905165138563276,0.0035571404415907833,-0.012837339966568996,0.0007384047024676682,-0.48955729172779516,-0.22374837827517258,-0.005812289332674048,0.04594495639248046,0.019169515701095596,-0.09795083473723953,-0.17568560761630017,-1.0129602914830895,0.11493627888889839,-0.007954188496626892,0.9233084357589468,0.026558407645303032,0.3699538855149446,-0.024345337192655855,0.6467545136023956,0.0,0.0,0.0,0.9987834155136041,-2.5977155664412312,6.227755422914114,0.014183283035482053,0.21384857999897539,0.12416612951683888,-0.6053070867956436
0.0,-0.01606128001712151,-0.006491966453410825,-0.04901332105475071,0.5840141909224495,0.3499816559081752,0.13898385348246295,0.05875857561214051,0.019224981657165803,0.014758427688045977,0.10432212043130182,-0.04042916926791233,-0.15307044489857297,-0.19084750809644355,-0.604078068100668,0.047741166791512094,-0.39365181514435593,-0.037705634697400195,0.7270940439896012,0.0,0.0,0.0,1.077537360643358,1.6563684813562076,3.451868017473579,0.13948831749435536,0.22845510120112586,0.6470501363845638,0.8024407071928795
0.0,-0.0007524218960151642,-0.025673758304880948,0.03295800718661482,-0.37434787609642206,-0.19433566614954115,0.3311544033882183,-0.06183699941382295,0.058791836861767297,-0.08430762450601724,0.043873257492380156,0.06163862102522682,0.0013970368805835557,-0.0011463765926176955,0.19633386061462346,1.0008378658494805,0.03573107269733115,-0.016352886534084822,0.8367770678574982,0.0,0.0,0.0,1.1633655181001339,0.27586065224228573,7.081420142127351,0.013501850567695548,0.2260767760785086,0.207458051492137,-0.1286919689053109
-0.005900273339188047,0.002174542229108518,0.020567387807869295,0.03373303871958721,0.5263731536516761,0.2403076528342507,0.1229874864306915,0.04570087513695293,0.013330610429080045,-0.0027440337918578266,-0.0344179548127988,-0.11731652841077478,-0.06694784692720972,0.035958036957714386,0.4611308251272999,0.03882192956673068,-0.09702742151001668,-0.050568295273903954,0.42528452361291047,0.0,0.0,0.0,0.7560742312915483,1.6483453274405235,-8.70470470459723,0.441326841741819,-0.20162940189236517,0.05234242793747916,-0.5446173098077894
-0.0008516355650387857,-0.016585706229468113,-0.004045268043217958,-0.0007546162593607665,0.3108872694677152,0.0515966158071019,-0.08906710290297018,-0.02715469674626439,-0.0475265796279601,-0.02854751098282611,-0.1731074421510859,-0.005378726836733762,-0.06266453262388406,-0.04145775489480737,0.43877871693585735,0.580324563887222,-0.060519981245067044,-0.018005954789777776,0.8186041973124174,0.0,0.0,0.0,1.7807302770316695,-3.2699439231134613,2.4508814833362855,0.0010784153237669305,-0.18947705818738317,-0.19011653107285928,1.4315301947569683
-0.0016811015287598883,0.0032371350480794466,0.01301779709241034,-0.017893312330010482,-0.4933719033420825,-0.20019727511802157,0.5372503089206279,-0.09327616083980068,0.01232217287140893,0.46968817099328275,-0.32405400088112507,-0.11054577570908176,-0.06458638028480605,0.10669061959859127,0.3870464981015555,-0.028508522819888103,0.232581216767705,-0.08045446768171736,0.6271285963239346,0.0,0.0,0.0,-3.950862255308802,-1.244735871362665,4.080205818050684,0.2804364694514097,-0.13658965325562059,0.3466147172518955,0.962339240198656
0.0,-0.023049420815238458,0.0018667909186081656,0.01718428413506074,-0.4057068154479,-0.3126257679883337,-0.01991534823339561,0.09368830347037338,-0.4478121490390519,0.24469303637357423,0.05701677154622588,0.021834910124366207,-0.07683221729606379,-0.012638566251265929,-0.7833588726897135,0.10913893960138725,0.24415894650021325,-0.06541733903840423,0.6908320980838693,0.0,0.0,0.0,-4.527113126942685,-0.3536944835520242,6.042152603962051,0.017088894499054697,-0.05495186955757117,0.07610392870626849,-0.3477280170257943
0.0017744611671957054,0.0053985639031379025,0.042579665206476276,-0.0046117855592086275,1.021512384527554,0.3124804362044703,0.22767044074623322,-0.109314251379071,0.009213719378559327,-0.09175551671457101,0.10593255011359083,0.13166723501696895,0.17073946518385555,0.3716960419364667,1.1225225797463005,0.18615411725990072,-0.14764560014462616,-0.012823387967163053,0.6293923510762857,0.0,0.0,0.0,0.988341620906522,2.570613817817284,-2.351481762754872,0.468781461901841,0.1859710416672536,-0.033332674644744965,0.8127628421622641
-0.008636327493185502,-0.007340190078401146,-0.026823978146828853,0.008199852529725327,-0.9640363748187599,-0.5216996767652812,0.16463854491124152,-0.10615430697704878,0.0062161626088245835,-0.12425504779340608,-0.42230729877464573,-0.07364167174093522,0.18200173669805486,0.11689720998285905,0.9296679132838057,0.13731992997949888,0.04629097735301959,-0.06083563223818316,0.4118447707773728,0.0,0.0,0.0,0.2697332931476223,-2.690459283204624,-3.669181270251147,-0.06927133425304956,-0.056136904628412206,-0.12290224815946403,-0.42571283336662635
0.0006921843568159752,-0.048577771683118505,-0.041310108170154985,-0.004588154816505367,-0.77343506925271,-0.34644077889984703,0.09561474619712246,0.09715222178309169,-0.09638794467315508,0.3380219221616629,0.09011530237651456,0.06446165387173548,-0.18787770885642804,0.07192491873738902,1.288816190379469,-0.26950270903287604,-0.2683299483638904,-0.01296488897329921,-2.2281624511801814,0.0,0.0,0.0,0.39295075128676793,-2.3744414829623923,-3.1654313666761724,-0.28354156749156695,0.18679949736779008,0.3079302199544473,-0.6387845802054765
0.0009690126807084071,0.005097020135834649,0.01413641371694369,-0.003775135565704096,-0.5124186432747366,-0.25719274537074815,0.27476797408331655,-0.04919767431143494,-0.05780573496558376,-0.07019146267306954,0.10557184950270396,0.05628707587390317,0.07331665637139483,0.08773130886034117,-0.04426779507028066,0.3567393851765958,-0.34103708818758083,-0.02836099023421084,0.5397633941846638,0.0,0.0,0.0,-3.2114903076600214,-1.8820842730052239,4.516128981235694,-0.5377826445773777,0.05035021326176575,-1.1671147215369695,-0.4234266955543665
0.0,-0.0007524218960151642,-0.01781598020938839,0.01639802639720255,-0.47604938335192576,-0.2685371539337636,-0.01061055022227268,-0.013895431996498469,-0.08169603664781899,-0.049839072528034656,-0.013737936759569809,0.03495501004985602,-0.039152892927527945,-0.00872440968016581,-0.06586757733960998,-0.3204129549501701,0.22766231252273614,-0.011616609607354384,-2.1168631536129943,0.0,0.0,0.0,0.4296915717643175,-1.2336299242394144,-5.691070783129193,0.1314250109639792,-0.01941082235388456,0.06937680759139783,0.8602927248081286
-0.0008024075558074709,-0.04271669923973346,-0.07642270446146701,-0.001119923152477591,-0.21232094269006502,-0.05304218737081783,-0.20665348317963464,0.055648130927234765,0.041435385009888026,-0.041013703325236156,0.1725693956444687,0.02382234113495976,0.032711618861806346,0.09550858772067061,0.1908501710195171,-0.22349738417138024,0.004557463305486817,-0.01935610113476092,-2.712761365249193,0.0,0.0,0.0,-2.1245632547076396,-3.325446210361793,1.248267739571378,-0.14561580145617825,0.5235017638992406,0.16124041572393327,-0.876088450926132
-0.0020251131336324504,0.0010907004317956392,0.01729505207955681,-0.002201436669387215,0.6938567613934162,0.26165231363563973,0.008891962749833166,-0.11001130321153145,0.034760573081785394,-0.07924889427197357,-0.40560363538749067,-0.1854038286459356,-0.07972709199951476,-0.20423010756187826,0.3202667113850022,-0.006921516701984616,0.011284319214029928,-0.04750502440152522,0.6321249908081834,0.0,0.0,0.0,1.461013753579338,3.0693526855912356,3.913885356722565,0.3692523883486105,-0.09630504980896364,0.09657368414590314,-0.1672973194922569
0.0,-0.001089609210456869,-0.017086443697690086,-0.04954014331649611,0.4998484619407495,0.22609973696979993,-0.04354378717279725,0.01002924464101137,0.008704552368934804,-0.0595986297987346,-0.19789746426907187,0.061451084782207434,0.005660002572512725,0.05439940225090353,-0.41422282419557116,-0.2806999631771306,-0.12929675161339657,-0.011333215965753358,0.494738767184692,0.0,0.0,0.0,0.7812965128369243,1.8343056666014925,-8.976156470804968,0.16388976354031592,-0.19590070980568702,0.1618458419224652,0.5960829028552468
0.0,-0.0007524218960151642,-0.0048108643333167585,-0.04341244586432,-1.0732170258728269,-0.5118237491041364,-0.1963256624908704,0.020918059904249033,0.012667828770306588,-0.06700021843358021,-0.09561210763536002,-0.09213869346395448,-0.09863826526815905,-0.08892669029489875,-0.9717401273808985,-0.09895982815647815,-0.37397975069807815,-0.01340846516431387,0.5199611873816855,0.0,0.0,0.0,0.3123705136193648,-0.8361080863039729,-4.24218397423571,0.4408565209545386,0.20893996533121506,-0.12246163542568497,0.8440467754323826
0.0,-0.00019211792904105449,0.036717435989578336,-0.026481146552903664,-0.3622196667344786,-0.15312083293812268,-0.13630362002661592,0.01193448305519615,0.027375604973801343,0.3868897402770417,-0.12931598896319624,-0.3554677573359531,-0.028672928303719078,-0.08193159529000134,-0.8794418807852209,-0.03309150569285252,-0.1116477369724026,-0.018421159822342027,0.7556557366403633,0.0,0.0,0.0,1.0199620432434107,2.139381543505693,6.038463363749778,-1.4300514843337087,0.11631828528461119,0.13353292478308626,-0.08219695981406609
-0.00285000219137748,-0.007112484914713014,0.13387097423442576,0.0015526451854315977,-0.34788813434454313,-0.07146290198979757,0.04262133633136581,0.0400680611462121,-0.05884181810813778,0.07984074608196132,-0.24053255418188416,-0.08428741802584094,-0.04589000900218733,-0.05571748333472969,-0.9972999868404242,0.0749527189893958,0.184184805431129,-0.02218998502718171,0.5429111525982916,0.0,0.0,0.0,-0.9311416195034691,-0.4628789688253411,-4.006542011287247,0.06658319009696527,-0.09407287565285342,-0.09375471439656774,-0.6842340737437781
0.0,-0.037387243895872946,0.005473682344629945,0.007294931069714443,0.5608870485466387,0.2953863252427396,0.007506024556966693,-0.047838320371174,0.04527437775807158,-0.0760815596008457,0.09084707859344703,0.017884869590288406,0.1490853167962552,0.08431646580605112,0.30349874389744036,-0.8412344165244617,-0.1133911274493208,-0.05036472456299938,0.8000245850227233,0.0,0.0,0.0,1.4121711253218496,-1.9034506071564479,6.505619626646048,0.3319554922132752,0.06495342389515525,-0.13926950041576996,-0.20525251084095508
0.001510066470937761,0.00604694518537284,-0.015204173947786845,-0.039493587302966135,-0.523812835183023,-0.2460581083775586,0.05142944618238666,0.0413689414832869,-0.21226823184162688,0.21086796249859016,0.05179514223156941,0.05331606358612732,0.06272746204049517,0.05756755189882827,-1.0620480088388322,-0.05282699816939501,-0.6423185730809543,-0.02207798570350083,0.5618054123133048,0.0,0.0,0.0,0.7962418645849905,-1.172727824584913,6.200669188398583,-0.3572767451119281,0.10581162310395142,-1.864675441803615,-0.509792722321667
0.0,0.014699022203802477,0.029922542747862244,0.009326108324270483,-0.5417913758933184,-0.21943824976197288,0.008940656057685329,-0.09672977177587964,0.08147883811815716,-0.1973517370161888,0.04845163211845837,0.02778201023351816,0.23209293009806672,0.12682901954121797,0.8808346264201063,0.2725033551054029,0.1809512450410517,-0.018498133846154,0.5885292869695452,0.0,0.0,0.0,-1.1297729154915248,-3.966706824269112,1.656638923958626,-0.4043054872082612,-0.02790197677130659,0.4502807943824012,-0.5483703907846325
0.0006112947799488756,0.012881428145310146,0.06033241681822868,-0.02776208333484049,0.46317756043064995,0.2069134397254514,0.005196884555352523,0.055815883776766044,0.019607000034504565,-0.047663008079293356,-0.2676380083401863,0.04905149846914498,-0.046746285628055884,0.07252829615592996,-1.1063165247125961,0.10993780617515615,-0.12924152032115027,-0.023980673318343797,0.44994273723635836,0.0,0.0,0.0,0.46196143719043586,-3.7262113234911003,-1.2704416093972681,-0.48614312873662396,-0.08997952862196455,-0.969377233774234,-0.9504792274652963
0.0,-0.00042010892762050605,0.0015675633970282515,0.04795364607355845,-0.5562302933971962,-0.22571039975686047,0.13544509406275923,-0.062450793270810705,0.02363572924159312,0.7563799251700656,-0.1586750456924954,-0.31175018462162624,-0.06506343073903958,0.01649089815446345,0.31196326056097595,-0.1325158234481936,0.06920404585773719,-0.013513183035371319,0.7573852894231963,0.0,0.0,0.0,-1.064749034685609,0.34341764723148893,2.960896786125577,0.38410373696892436,-0.3569825425225542,0.17851231857842897,1.2888107575377574
0.0,-0.0002277357019040676,0.011875621091074332,0.007991429851028315,-0.45164093133259414,-0.19443245587826727,-0.16827319379089897,-0.05375874868795273,0.0489675703833072,-0.14262138999411952,-0.19354287102593123,-0.44107652303516043,0.045329855382692505,0.08837899444635715,0.6204222845606704,-0.21550905141758028,0.06329951568195531,-0.01652148058407602,-2.5846357583905086,0.0,0.0,0.0,-1.794520381202682,-3.1202494534974354,1.2457504461615447,0.029529181434946074,0.3924144494869815,0.01895498650761519,-0.8092627810963199
-0.002091249152247122,0.008351601117599774,-0.0025540077977356033,-0.01710511045759728,-0.5880687012833301,-0.23399842723711353,0.1742933656993212,0.08819204083628675,0.001438668881723042,-0.01934115116339586,-0.5305716556224942,-0.10420678973274912,0.1162257204975751,0.20907227314160515,0.8772977327136435,0.1626648117915198,0.11332663565908617,-0.073628758274958,0.5208052585773719,0.0,0.0,0.0,-2.4940942898311036,-2.2996678583238617,1.6723067400346212,0.3699669410704125,-0.030892246154573637,-0.09886798762035952,-0.5998811072847247
-0.005338595882739113,-0.022967343720226723,-0.013767083518335636,0.0009594962120142146,-0.4924908441311225,-0.18178196018392356,0.07671326441464452,-0.21203277098810547,0.002588096335961304,0.6212588283593315,0.19113443392088156,0.026494882130222372,0.3570272507949182,0.1381864224775097,1.008963492454122,0.023733759027705803,0.012153094685483814,-0.053832742500298125,0.49315228983137194,0.0,0.0,0.0,-0.8565700835339479,-3.3204899683689857,-0.2597797347948439,0.077779930853666,0.8881865442265199,0.1334680342806951,-0.7229751687667341
-0.0018732465227572596,0.001428515003692976,-0.009670729121177956,0.024038702664977075,-0.5345700846854545,-0.19604646117812544,0.18749337791515608,0.07308725322704254,0.026907820998852687,-0.009522313149652606,0.19762789762921926,0.019506385540966998,-0.07563606969707654,-0.1191480970393113,-1.194130118843415,-0.5352320683295143,-5.9660809940784046e-05,-0.07103586287341569,-2.2776788879068985,0.0,0.0,0.0,-3.0266459619592836,0.9228562748047106,2.3737676088525044,0.3867412823727277,0.5111153376923173,-0.21058418270666995,-0.8993510900417788
-0.005725446270267634,0.0036623378496620216,0.0382642468604382,0.024539042847486727,0.4856836322109128,0.22834920210234935,-0.14653849691207033,0.07603028726644859,0.01308654693148051,0.000721398376950411,0.09791477417671074,0.02208878133126051,0.06860615679229604,0.20871567972358487,0.7055534680647362,0.06953355199492968,-0.2869453440881809,-0.0470038364135826,0.4221851074811868,0.0,0.0,0.0,0.7647957099281985,1.6154262650360738,-9.043244431741202,0.23121010083273308,-0.2752788469962571,0.18302911160069424,-0.41255573257160755
-0.002707938875552684,0.0015520436412649885,0.021754633348572413,0.0011271241683181747,0.5200954399889167,0.19011682788715698,-0.11119520563825203,0.0600502012595441,-0.025626441727637235,-0.0514474916907191,0.08273957996044952,0.05629719581115845,-0.08356602916263511,-0.10381960844568465,-0.7205255305623683,-0.15146593854404364,0.05282362864136895,1.3886521955329467,0.6950582063135194,0.0,0.0,0.0,1.2105416643595994,0.38652859853363347,6.757818429711818,-0.11734321972093519,0.1470119302592171,-0.18948127066367387,-0.23834690836837802
0.0,-0.0010910190897082876,-0.004437407841542509,-0.16349604637000661,-0.5755141640319041,-0.2082011360350858,0.20372103854181747,-0.030857149803751843,0.023101224361150124,-0.12042411918886912,0.07207339600989371,0.07002339462874502,-0.11712248396526115,-0.0115032520869764,-1.1220681082295618,-0.01153028791052738,0.37919301345000966,-0.013273842113503683,0.633851778078752,0.0,0.0,0.0,0.8217557668247302,1.194139926768606,0.24147232464665352,-0.128927061640479,-0.3988794187874854,0.15724546028049333,0.311480856332447
0.0006391253328059383,0.007524585408839184,0.04582259811933541,0.005738421686168018,-0.4465865984451171,-0.15444493359593903,0.37944800562580006,0.029008972329698905,0.024626530865621776,-0.07125491970533339,0.13972011792628627,0.09887849888238252,-0.004928455867709678,-0.08315746166069339,0.7042213979081883,0.050454233171850126,-0.02354418926395793,-0.02529156001496836,0.5255799003406462,0.0,0.0,0.0,0.8518865194204784,-4.646303970235109,-0.24869061170759302,0.6997979156421581,0.09675388972008866,0.2693538608339229,-0.7854090561479709
0.0005853401580607245,-0.04980386859182374,-0.02918911814611082,-0.0018444153540464413,0.705456763678258,0.24753194155943115,0.19915642798699687,0.04956811676196697,-0.15999381037061924,-0.09534669660064363,-0.2172619237065017,-0.10538118352806863,0.8148350168756943,0.3525665954378883,1.1649457974357966,0.10721650451066966,-0.08691590091591546,-0.021169972386965323,0.5083850761912703,0.0,0.0,0.0,0.8700806515256748,-1.7872482956322724,-3.3795939532389374,-1.36804094176062,0.06969780571913019,0.166108901743413,-0.6025677383567174
-0.008158457009483335,-0.0043598147856488126,-0.012762321682207955,0.01163305676032755,0.644517518035071,0.2272475255724779,0.035724026139688725,-0.044987901549058455,-0.05354698134322029,0.22658195748021245,-0.4503336008401469,-0.05010620088898615,0.039362160566251254,0.19652663747733393,1.2882353615354916,0.5712198493269459,0.20064621608270425,-0.04824229105711186,0.5894560277768306,0.0,0.0,0.0,1.0421749503050382,-0.642330113856787,-0.3266724329423603,0.47498257877295336,-0.6427977521680693,0.2177908093084477,-0.33011934335442705
-0.00802848362071229,0.013845662630745383,0.015867214982522568,-0.006241534931614905,-0.5160244335786279,-0.18828301435981928,-0.03415046933428034,-0.10172533169665053,0.006264959762949013,-0.18270630766397375,0.13460270640925023,0.03808108562571727,0.37934839116893015,0.20457708364516888,0.4509475823021565,-0.017616572836926917,-0.26325152037148525,-0.05043143771458441,-1.9238651095569168,0.0,0.0,0.0,0.6250067628828576,-3.5830673122417305,-0.16534703996256303,-0.1924819821733394,-0.07517392730493104,-0.2757546978405706,-0.7558272730100478
0.0,-0.00019211792904105449,-0.003176306032942837,-0.03731205435278152,1.3861768278820017,0.6002699839046185,-0.13761867369341443,0.049239593121274135,-0.05915316329136591,0.30207841475740366,-0.19445350544156126,0.0005551992806827276,-0.058338635569089255,0.02083587788103436,-0.027290281684123743,-0.13664364203966362,0.36623387541985913,-0.015944623140616572,0.6817293334421692,0.0,0.0,0.0,0.964771603975161,3.4249299068602492,-1.7192965151709576,0.4548471261819912,-0.32492847599008784,0.20694626142680506,-0.0858101344995825
0.0,-0.0009829111838494278,0.004912456943461177,-0.03520189366688101,0.38545698667581246,0.19692230874485603,0.07945997413159114,0.04088032221153074,0.03062506197567836,-0.07376129190921762,0.08531125575617277,0.04724158048655228,-0.018052930618199972,-0.0215504545328258,-0.5087039814041902,0.09616300238165756,0.19898325797379757,-0.013152087556790456,-2.1949792876355545,0.0,0.0,0.0,0.7003285947423123,-0.970422094159115,-6.594311680234935,0.25310926152293745,0.04774724392596961,0.08760602639644317,-0.004723281400803736
0.0,-0.01529683574473098,0.013730785821284593,0.03972239943938329,-0.6906035225067343,-0.2747152954414316,-0.06317510349642559,0.09873207301125574,-0.14465658384693308,-0.015338725932760906,0.12005099722914776,0.020651241208729562,0.2237535165273938,0.14321917344146018,0.33173986177913684,0.12066433226609008,0.038195840187480914,-0.04240268598139409,0.6532844597636703,0.0,0.0,0.0,0.762186589839781,-1.596927053239284,-0.49017866497336,0.5154344981736559,0.08113707084767635,0.5828206002505363,1.8265005681629898
-0.0010235893959899035,-0.008176839895649763,-0.09987821540183385,-0.0023289677781473967,0.20279320425362304,0.04179163382459909,-0.034209891946709516,0.05667401149796528,0.011833571236989748,0.004045630819903557,0.19227302118381925,0.054353946191840856,0.015521216843837749,0.002175630580509104,-0.39776900470501464,-0.06875216446510812,-0.09716917560625811,-0.01789885491519997,0.6264006887098177,0.0,0.0,0.0,1.3482837503290475,2.8003792899492024,-9.625242048214474,0.3756882612292073,-0.08482673765517475,0.19668588624583674,-0.1442888723785793
0.0,0.015622436143816424,0.061581339403693224,0.0074932940487668544,-0.3917435000525454,-0.15429456502834926,-0.11428755350438852,-0.08359043579213653,0.05254106984111243,-0.1264578483654992,-0.15387704300333283,-0.3902526044060156,-0.03883911746016846,-0.022057465078133578,0.6170962326204141,0.27786351201576537,0.22277870915134654,-0.01961890477910592,-3.084354275164437,0.0,0.0,0.0,-3.39978119476074,-2.53683212122194,3.5074941162413245,-0.17257708022938067,-0.15769672298215662,0.6353693552386063,-0.2550520304182154
0.0,-0.017612898793867446,-0.013065240819013361,0.04406649455738006,0.7054327593186094,0.24190925954232514,-0.09068553476013376,0.011340016891646433,-0.0770694329501212,-0.0128522438118328,-0.14535149863254673,-0.022789897167205135,-0.12161393658293505,0.14763658862838694,-0.39697441118421334,-0.7526366157269251,-0.4076519493768994,-0.04487472814460782,0.6201270306084758,0.0,0.0,0.0,1.1511089119243822,3.959894739808352,0.5977771771241095,0.613435934122183,-0.10481107957931993,-0.024089094739417803,-0.24401534617966147
0.001530995274154103,0.004645308043399895,0.010883701059905038,0.00879219169860055,-0.4316862706412106,-0.17965679915420896,0.030191062465440545,-0.19117947405761396,0.031841301737962575,-0.02556948300063351,0.09702591503506376,0.09124478087221485,-0.01865352328802418,-0.046450014894683304,0.16385895624372865,0.10213212278090306,0.12687117529337089,-0.02193201490544701,0.6783364896365744,0.0,0.0,0.0,1.195191501415735,-0.5855393164057126,6.729475697686434,0.6429221613963121,0.2309373854235186,-0.06242028947222584,-0.5987550468716912
0.0,-0.05882947776896611,0.014472251250101086,0.005859995490815138,-0.5628620207779259,-0.3197283684177282,0.10221335030867294,0.1925089414904614,-0.04190507632081818,-0.06872568949662085,-0.22279862594470404,-0.02926182997701294,0.3991537768911675,0.34734215426618004,0.726144759375647,-0.9280125321826707,0.22420426029993465,-0.06096826566057848,0.629571190439524,0.0,0.0,0.0,-0.5901358972312494,-2.2967901841582687,2.1066802739608446,0.11122367349672636,-0.15385275514509414,0.033476079549467706,-1.0540572867346438
-0.0031786567017399255,-0.00653922334749255,-0.04093768932354482,-0.001119923152477591,-0.3082933351940097,-0.07015234050725896,0.11913739066594888,0.011927000124920326,0.010563857507204236,-0.004059279428160155,-0.1355177164111054,-0.012554600652207962,-0.1314215403040937,-0.13347020472179805,0.3458214757818803,0.29588862533901245,0.063432240680061,-0.022852471893817863,0.5371375358264786,0.0,0.0,0.0,-0.676142467126983,-1.8187910243020968,-4.103398330249896,0.05099137925808265,0.09208254157490707,-0.48959641296824524,-0.7227031663381909
0.0,-0.00019211792904105449,-0.004572244455321311,0.06929374117574198,-0.44099923895878634,-0.15805759834789848,0.1461128210756063,-0.1077615806173774,-0.08127944739213276,0.6288542803897516,-0.3141819999076393,-0.7813582010006762,-0.12961728384983423,0.07245941331695328,1.2584114067721486,0.1410288550110533,0.08038586504740164,-0.01501102250806764,0.6028860340542168,0.0,0.0,0.0,0.8297262244042527,0.32258179364391104,0.6146907158246387,-0.6316554465666673,-0.01884997955741995,-0.39034918631187726,-0.41720896362259297
0.0,-0.010286631009925525,-0.052720528384918225,0.008017672327498,-0.44793301534079855,-0.18564207771053104,-0.11866856649475457,-0.05477905897567183,-0.22057836626316116,-0.15269361779232898,-0.08932469350922699,-0.510694860944673,-0.03681637553136689,0.061116128603881034,0.11264721037882691,0.3617240673303891,0.2084662503638761,-0.026124163614009915,0.7377583057995829,0.0,0.0,0.0,-3.9811916995391505,-2.655577031069914,5.640232277824093,0.3870987419956181,0.21274792014492014,0.07181285876867509,-0.24360401120769504
-0.0012067918044734287,-0.007512882896369606,0.03372236996373434,0.0015526451854315974,0.36043573925410277,0.07501804263482525,-0.08458977049106932,0.13242718008064858,0.008217382849096207,0.023740849218588066,0.1386761304251535,0.039807518392811395,-0.16467523088229663,-0.200868840586807,-0.7374414241499444,-0.19721870026216304,0.2728826587204202,-0.014906291421630939,0.8099562711105815,0.0,0.0,0.0,2.3702438658505334,4.18640381476773,-1.5216542825535273,0.7415757678109872,0.16360365285189227,0.04470105945563716,-0.22393318564783296
-0.0033470039518693376,-0.008286953104576443,-0.09502482042257038,0.027262831314939895,1.1958388958582458,0.41591472977310384,0.1446119373181044,0.039806672368305006,0.0038931906143459378,-0.01266804269451616,0.09407398758780217,0.019701474703556304,0.0759848483480247,0.24471840486489202,1.104120110137862,0.08841440249691866,0.427823429100881,-0.04338623430370818,0.5864168767654228,0.0,0.0,0.0,0.9972688318386211,1.4491843813249121,-1.8987397334474567,0.5601864370579428,0.04504358416711174,0.2360402490924586,0.21526192225189386
-0.0011249713270657363,-0.002663412588225389,0.015064542038309085,0.0008322902211359568,0.3459211477362226,0.03573297562737658,0.08664765704681647,0.03149379119578505,0.003665048431033016,0.005828278721478813,0.16875131206581495,0.049808872925561104,-0.09667181916142048,-0.12368619671855408,-0.6962903735940633,0.17507948176661559,-0.2329701296278012,-0.013454429256810658,0.7422383160435608,0.0,0.0,0.0,-0.9825187242536433,3.431938665990943,-3.7311106553035223,0.48789923954839715,0.44870480097293314,-0.2257842984438547,0.4670112104190561
-0.007677515220771143,0.0007471026666904302,0.006718118012506586,0.00411016579509252,-0.4309312630052529,-0.18858444472923205,0.04024424353334056,0.09498926930611026,0.006559746364370278,-0.05010462345194954,0.14457538053923638,0.031220516770019333,-0.12251447639108866,-0.06810407791179195,0.5707671208112958,0.1537326677590489,-0.015996557854995656,-0.048810537674485246,-2.3157458084689257,0.0,0.0,0.0,0.5945695051861101,-3.274188221531032,-0.29488092017474327,0.01764822435509673,-0.27664467516121505,0.002429234033631166,-0.5531866826496653
0.0,0.02722104046552767,-0.0033013316076618148,0.010117981133155369,0.48086420164001664,0.33018767413747235,-0.028330924098809118,0.031284883308390576,-0.00028348533981645247,0.04035867772211037,-0.10019715232235273,0.08440837764524033,0.13548328116649583,-0.08695007742982029,0.7748428154016705,-0.13501149074856783,0.042198111578534876,-0.036353047994795135,0.5084959982321786,0.0,0.0,0.0,0.623935874422107,0.19499964218704374,-8.777035495135493,0.19340622604892777,-0.3493952485444409,0.26211258906247026,0.8344079885012974
0.0005558707258538162,0.004662775052549365,0.016081037815613607,-0.003216137235174408,0.4190076401954097,0.14642479327407404,0.04233477782124721,0.07080149814643888,0.00836699177089765,-0.01807251763009762,0.09304439477982367,0.09770045866448447,-0.046650019579663596,-0.03167312647806135,0.4423844821752034,0.14471705750182154,0.015726100347001455,-0.016119257508661614,0.46120512569251254,0.0,0.0,0.0,0.6838388821304109,1.3011154069288207,-9.34916013594046,-1.9981495578291049,0.16864711839296426,0.033494738232260214,0.9403560560007802
0.0004650137530131832,0.008935452591809848,-0.032916875244540254,-0.03926902713783278,-0.5170801949827338,-0.16852648495230513,0.17717587269150523,0.053034242255133805,0.021930028657390237,-0.050022844578277,0.1413821736759728,0.018423135498359184,-0.15889856954597098,-0.023593085088573346,-1.4003560640273796,-0.03029141434493491,0.0012790372767878886,-0.02787951467388584,0.40240607679618196,0.0,0.0,0.0,-1.0913592322584014,-2.178967397129787,-0.933252836177757,0.3022691481502669,-0.18415062837782983,-1.0066549683248207,-0.8574489773011817
0.0005945616091785955,-0.0500147195857234,-0.03346292067249281,0.00711622300129428,-0.8382911353646695,-0.353887039496714,-0.24243519907552516,0.1148908698673115,0.023868071262916235,-0.09646917293995119,-0.24862099093891368,0.04698196274596377,0.530440137501947,0.22065848448029535,1.182347711757678,0.13613545576609257,-0.5845281488807648,-0.02412239097708031,0.4499689803690394,0.0,0.0,0.0,0.39586766148707747,-1.6944766944744871,-4.1904008458631266,0.33283407920383123,-0.13475596060466777,0.27984402488143095,-0.4709045327013594
0.0,-0.0003089210789274375,0.009293101654097483,0.01650133662790992,-0.5017732959940326,-0.2250014433881688,0.058524534400470896,-0.048369338205034605,0.04715306074720836,-0.14168034108253663,0.1411577490811264,0.04671477784032588,-0.041441578646111345,-0.011257515325509018,1.1899671112146608,0.03907537015719521,0.26896679096458515,-0.018623103280092923,0.5971513327449606,0.0,0.0,0.0,-1.0781573860231806,-1.8736346902898986,-0.13078936845259959,0.44101699737221084,-0.13930556581639167,0.4080264191078249,-0.8111926784504034
0.001711528728248153,0.0023292368267289983,0.0208908535208448,0.003027160925078873,0.4208143267031816,0.13956575945259253,-0.31817645890763735,-0.06129490421697993,-0.14409306581417916,0.014850522900884728,0.051901522145916465,0.08895272269598095,0.07592155667046901,0.3087096004368157,0.910299022467164,0.2613492152402726,-0.0015651824368409924,-0.016568921412490834,0.7037190520704593,0.0,0.0,0.0,1.300727287031346,1.8167859985647914,3.642697785194474,0.5505992727087886,-0.446236770156583,-0.2955771780753442,0.7944120741787641
0.0013858219150234472,0.002437433730956952,-0.005303145555652907,-0.009542151917804392,-0.4785930711564823,-0.24836184337806438,0.033717054391725516,0.09867356391097283,0.04349810815231677,-0.09485109112301675,-0.035389529528147494,-0.10268435794975551,-0.1600847349102526,-0.09012038766264752,-0.7651083786713612,0.12983398084484998,0.5697772389356115,-0.02001618342689892,0.6520001899530112,0.0,0.0,0.0,-1.3911763102051966,-0.13989788041737744,5.871678436845596,-0.1600208718380958,0.30818956428916744,-2.0665111882867855,-0.595426553645165
0.0,-0.020325662294332088,-0.005737683367201983,-0.01990960039832194,0.47899769626445415,0.3088681446718531,-0.2468959688852224,0.04557877440368664,0.024306615191129373,-0.008751735782986231,0.060491937690162714,0.026046826184640912,-0.09983816940294105,-0.08921479382633395,-0.005419277339601958,0.30559409089626643,0.16000258850973673,-0.03086963284465545,0.7974197029157739,0.0,0.0,0.0,1.0905766797895098,2.561232528966228,5.946067339057431,0.15136934967259572,-0.2706813419509815,0.08768452911124211,0.06347064083435452
-0.003331606601357172,-0.007083263478536089,0.015169863450480185,-0.0007546162593607665,-0.19329035719756021,-0.03178115588688959,-0.08325766592551676,0.13936779234851596,-0.12170623762736758,0.3049034651292816,-0.05770009529643024,-0.026213670098934046,-0.03920467433294772,-0.12849676097220525,0.5018881248801056,0.2824563916432565,-0.2665942523913957,-0.016622294769562274,0.700256501447975,0.0,0.0,0.0,-1.665730259080658,-0.506185458511467,-0.5322375350884669,0.1474432388877558,0.13652894125838186,-0.2832153431193706,1.7010641859244628
0.0,0.0037157818861317453,0.02138955087725678,0.007277570319899199,-0.43164623416414233,-0.1860409076586174,-0.06233119421032774,0.04042962085490883,0.04745641477944604,-0.11190531670132337,-0.19403598414644477,-0.4675910417112107,-0.20890790484587338,-0.07481312899143082,0.6129436725868078,-0.3105709377308632,-0.21678859037625792,-0.02184540479503659,-2.4313717344452046,0.0,0.0,0.0,-3.0965941580238234,-2.9045456209588054,1.320917538681316,-0.11378288973045961,0.3043435706677383,0.27154317151417356,-0.30076772719491146
-0.003259121570503417,0.008779401584844169,-0.002305158048345513,-0.001119923152477591,-0.30601271296418914,-0.06718046295695324,-0.4247193414420778,0.019086734617525268,-0.03315612572020959,0.05072459000386945,0.092516923511722,0.0304037177998255,0.03674404469847455,0.2647908364001876,0.46326396446451606,-0.8167195201177216,0.11145803263637237,-0.026432765562582707,0.5647240580166004,0.0,0.0,0.0,-0.6027939206190583,-1.671847531599649,-4.190759795200065,0.022772803351111644,-0.2709324016797614,-0.2980689686522217,-0.025910274980189437
-0.004837920288237906,-0.037866891842866006,-0.11335720709800479,0.033708535911011556,0.3946562026213312,0.21660241206605127,0.08496765586010223,0.0252324393466202,-0.004747327610662257,-0.017648213542684425,0.09973679346187592,0.014746691376992848,0.047862976534539005,0.09353722943389978,0.650335002305325,0.19933364545574184,0.20523086461382536,-0.04281059013330104,-2.1383749747520717,0.0,0.0,0.0,0.3495584486162957,-1.1173118960795663,-6.557295080279318,0.3319538306539686,0.02888296587668186,0.017385135681080355,1.1005473680569968
0.0,-0.0007524218960151642,-0.012708904345799544,0.033434309472755705,0.45550341060408506,0.2214323148834145,0.1503664057113966,0.09898314732526473,0.06305877254975813,-0.06761708685466787,0.05001287765300088,0.06355307124526038,-0.005587897265461113,-0.02521791845419491,0.524582484066946,0.8166902590370323,-0.00408817524323836,-0.015168241038401978,0.825084912153751,0.0,0.0,0.0,1.4140813052226677,0.5829830372745626,5.76538682984927,0.3884177629674685,0.19741763976064697,-0.20597674529008658,-0.13160079352220427
0.0,-0.017610423639819513,-0.004352973783846864,-0.007444375062433783,0.3843461245968443,0.24299102646919574,-0.020952682337341436,0.006057379504814344,0.004390789146285847,-0.014249548519710374,0.06606104195313627,0.022146257003095117,-0.15619769415715568,-0.14529048927167806,-0.4629801991583702,-0.002137808161018463,-0.28982880798916283,-0.04378045523682173,-1.8663148875610993,0.0,0.0,0.0,0.5637314358403034,-1.2911465504676267,-6.680954909870182,-0.8153577077135579,-0.10223482198061225,-0.2643941424726349,-0.18123760035171804
-0.0021744255908313415,0.0035926591163691433,0.04629079192646493,0.054447374884213036,-0.5384407264545217,-0.21096441221482012,-0.20958475649420252,-0.19943315794694053,0.01814297542034123,-0.05791396994576883,0.10611707943529008,0.05287179397864667,-0.05877592538683403,-0.10330019396965943,-0.49626307619132937,-0.0021393120269098975,0.05583657078453848,-0.07665559962413947,0.5317697141585118,0.0,0.0,0.0,-3.8634008523705607,-1.521509671183987,5.3206258023177995,-0.017484987906403456,0.1323885082147082,-0.7252594002844764,-0.5260284179911457
0.0,0.04992608036437651,-0.01389228153415659,0.009014850214235303,-0.44859639833450105,-0.22518762635414288,0.6428030599459204,0.01752033874717022,0.07312335174888913,-0.11049665165844988,0.14405788917017934,0.013667923430010585,0.2599099516006831,0.38621990313925664,0.8682337421197622,-0.05180211448423853,0.5575215610903973,-0.04471842226367584,0.6431490885993982,0.0,0.0,0.0,-0.35566852858484194,-1.9254851397168777,0.383661422868614,-0.38019253986430046,-0.0307469231717511,-0.1585088803593114,1.3735597446161407
-0.0006415469914318022,-0.003973344395148367,-0.004372337483093216,-0.0005711419642238278,0.19042714675652825,0.034346967361861686,0.10957901943371483,0.024202911707206582,0.006468706512616399,-0.02392711886565982,0.13519939060272057,0.03053240730687879,0.0478048709518631,0.08858543033352918,0.5922727966120764,0.07937806477004243,0.010998423676782313,-0.014388240641934339,0.9288178169912886,0.0,0.0,0.0,1.6235180598704562,3.2160974198969265,4.991297407414474,-1.963484246218824,0.09884890870878553,-0.0660689439926243,0.5578840218835799
0.0,-0.0005293052434827593,0.004479155294727937,-0.0489587546495872,0.45435399494013023,0.1561358047741044,0.17044039286481244,-0.036969151930921894,0.005449480897386259,0.3113603904412121,0.06532296594288667,0.025734340492965576,0.003712464983997985,-0.07962642684445875,-0.8839654519472998,0.4721898324449302,-0.1432551043064395,-0.007596666736992505,0.6954699313407038,0.0,0.0,0.0,1.2027694561281053,2.6446966248609676,1.2067027139835256,-2.1056520648730204,0.020787088878821858,-0.6030495491321674,1.1335893990420032
0.0006250349260986472,0.03740880463824873,0.037438059266779906,-0.0003837865029366554,0.32485585890659335,0.14245913608919675,0.08885571884948118,0.08088009273308985,-0.028835881739526996,-0.045697921108354085,-0.5733092994747155,0.044266396773000684,-0.0600301917611785,-0.05173514048518225,0.4070585813659988,-0.19002580136345348,-0.14322138255436417,-0.016005983119968308,-2.131060114787069,0.0,0.0,0.0,0.6655449624751335,-1.0498051019158494,-7.238275951310367,-0.14098084953996168,0.18701016543925078,0.10113978987876622,0.053452158317514646
-0.0009974867567752255,-0.02012065526493231,-0.06673201487196828,-0.0007679046007141199,-0.20981421782923795,-0.04127413611324313,-0.3375842932073127,0.05209526834242836,0.02789262503767832,-0.06521067651534296,0.1572063063057394,0.02338033522260676,0.03556724556395728,0.11032746914350527,0.380486792883421,-1.5205987237380454,-0.0076244717553948845,-0.0275023906286257,0.7304443854032447,0.0,0.0,0.0,-2.091690392694342,-2.920763727291901,4.674453956522994,0.08409803521628152,-0.07995940263679668,0.030050254603776663,-0.7733873850736206
0.0013993981409595976,0.0019171584915334315,-0.01703984520092601,-0.0032526211443267526,-0.41229396096082255,-0.18439118917548752,0.13284261328662328,0.11909767532046517,0.020324298132518,-0.14778230583896595,0.06985515335723344,0.09800932554065442,-0.03303578113373994,-0.11505588127105375,-0.5609338592500817,0.15597413968226623,0.3260858056719683,-0.015136946631976579,0.6853498956276326,0.0,0.0,0.0,1.0718741859928678,3.057853552785253,4.412386505164018,0.39533248650959363,0.3189747905293229,0.12559895937938315,0.8336881830937596
0.0,0.24110919743975098,-0.005395514499016473,0.00828266177980586,-0.5377348230984912,-0.2738462107472241,0.05937581605014946,-0.008382509501108068,0.027780954676935476,-0.144149352427004,0.09205192080630814,0.013521394378706883,0.1725089584932098,0.12270611563308784,0.39521051164836984,0.05682616115702214,-0.11020448374825575,-0.05057533831095664,0.6862255276790522,0.0,0.0,0.0,1.294847098343316,-4.83848194695987,4.317934085633174,0.3980437036725529,-0.1895197768424954,0.012319025735016637,0.6648173693166874
0.0016828464839177407,0.010351507487283897,0.013328504771643199,-0.00881625912218546,-1.357162089391153,-0.46509145135873053,-0.08106408705106273,-0.15813538913975916,0.017180879463026738,-0.08402178637515682,0.12339301588770919,0.11720799550896352,0.015447045494641392,0.03192825511281941,0.8070668833991471,-0.0022166136901708607,0.14534196217332965,-0.017072964478207747,0.5117571238877693,0.0,0.0,0.0,0.4299541603873288,2.769493891846188,-3.6833464954390345,0.6261849777350702,-0.02147307185041784,0.28124438808546265,-0.24083621331144942
0.0,-0.029718576779806768,-0.0022178072799533413,-0.032119702404373014,-0.5144153214310511,-0.2896489113867014,-0.4373050499365793,0.05912841093708685,0.09371930954567866,0.01384842407125094,-0.24820883484378076,-0.045165229030251844,-0.14281808109581545,-0.11241441941414733,-0.31588476332754106,-0.0964403572485652,-0.22940154807445146,-0.06327659904245897,0.7146449816988218,0.0,0.0,0.0,-0.9423721552273024,-0.5092120744930245,5.0613590907832355,0.028916612141599136,-0.23918878790592937,-1.2507627103205767,-0.09793994577275546
0.001100750459969456,0.0043382678213443005,-0.03953536640821331,-0.03609980178193733,0.45706197621729855,0.25071007297271325,0.19274002247043684,-0.11052231988492311,0.02724289788154817,-0.06428535172840454,0.0928660208216171,0.08858516467938526,-0.08056061682589413,-0.1428812421620958,-1.6650477619008073,0.02577984478803151,0.1709941756923147,-0.023792519869692438,0.6095125896074306,0.0,0.0,0.0,1.1534509818954364,-1.5700316550534807,3.6309948145577278,0.1613328107480005,-0.18670569327593095,0.19851108661969374,1.142282860119453
-0.0009038673861609544,-0.004784502219449913,-0.03353289259077239,-0.00076790460071412,-0.23026535057922856,-0.0411718543462792,0.5256122248362252,-0.027244844034686782,0.012832347778583728,-0.03677654427627275,0.10020257603758276,0.027538243427347196,0.15509225998158335,0.26835547472588805,0.5857919478578064,-1.2886884138714039,0.1647918552390383,-0.02151130689115743,0.8972493696468837,0.0,0.0,0.0,1.2172087067702668,0.7303529192947138,5.341359857789732,0.48357457739439286,-0.8100298309526524,-0.05692589766004196,-0.05984340906925122
0.0015457641294807267,-0.002784816451663077,0.01667322428781755,-0.0067101838106393445,-0.48874755582336865,-0.27036304786879134,-0.022248686838588223,0.07358638437028277,-0.21586155208038704,-0.13339328916408977,-0.06731088028880694,0.026766083502686208,0.044196900845546776,0.05695902417824933,-0.17765909499468796,0.2929132760656607,-0.7109424452580718,-0.02975507342047193,0.610451511055286,0.0,0.0,0.0,-1.5741797742655435,-2.8732141490263503,5.161714775587402,0.14089261871993403,0.506961468443119,-1.409359358561864,-0.5461702407390062
0.000666806842293176,0.03909354711342746,0.07931232145136562,-0.0005823909273077637,0.3871173796015276,0.15323663734800086,0.14942433432212102,-0.005982672722147557,0.010595286325165714,-0.03404950510502227,-0.2757185939560807,-0.2974357389365894,-0.007425153939183609,0.13239573575512453,0.5440841533712467,0.14980025219319884,0.1814785479158928,-0.016847379270846702,-2.2114385917014254,0.0,0.0,0.0,0.6015769518320502,-1.21673932167497,-7.0367291146943955,0.10499721976554277,0.1331591933308085,-0.3654072926574795,0.8492773342804916
0.0,-0.00019211792904105449,-0.003211381946528571,0.01724976590691843,0.3458448599363436,0.1585430248013844,-0.05063768513276149,0.03335491129254925,-0.031522284974886454,0.2884660150661843,-0.13629266042340601,-0.6056159399910376,-0.04309420156783584,-0.08621471618105266,-0.1629317059080002,0.7393718871481024,-0.14818393331387938,-0.011224290513084212,-2.225465821568639,0.0,0.0,0.0,0.43817507642390807,-0.1847617140752191,-7.3002108495698845,-0.5739000449147772,-0.1403053944858249,0.09627462675942794,-0.03490201148478686
0.0,-0.010061146210619794,0.005358378975880791,0.015984205872902526,0.503257232112926,0.2712915084119098,0.00688003239807715,-0.0038853112669279223,0.04107558948503009,-0.1080580408812126,0.07357972962371584,0.041304928616682016,-0.13185734678246908,-0.020586949201021814,-0.44150481325983887,-0.03284874511233536,-0.1190045172080227,-0.021507335461874853,0.5308861188712298,0.0,0.0,0.0,1.195313739690377,-3.244398203852985,-0.09603747995359256,-1.029846734434481,-0.1269067164513375,0.2538450053278597,-0.46683360657266953
0.0,-0.010281407012036274,-0.001706270173536076,0.017591546316405603,0.9441698982487468,0.5596647821049286,0.138084956151949,0.08097675155236933,0.027323588286539746,0.11608388697935404,-0.18545942678920602,-0.3294946023042167,-0.21170452962563785,-0.18698791769040718,0.4210008058259025,1.0720308612090526,0.2512827377094301,-0.03662178244025857,0.6034513577406996,0.0,0.0,0.0,0.8303543431297329,2.2978978067923572,-2.8700483669729295,0.13490235868651654,0.061043311514174636,0.01003941100609675,-0.38853965947533864
-0.006150667901920594,0.0020302367667297794,-0.04453244493700182,-0.05674848399292377,1.1727712798633596,0.38372305447503247,0.09232863283330804,0.06688677346318354,0.015014619825810017,-0.0023814776964326155,0.23426437319873622,0.03321225322236526,-0.0557667131151478,-0.3729903537143666,-0.6186093345259844,-0.1369055119860778,-0.1651640178498609,-0.05385489615736422,0.5260719079416349,0.0,0.0,0.0,0.9574845710216067,3.085152313866147,-2.5977996647365553,0.38175874806292753,-0.5251866230830212,-0.03870096031541838,-0.47735389309393406
0.0,-0.020977750154251542,0.03411147850309749,0.015394278719792357,-0.5159159341222787,-0.2558729419709614,-0.0997913870796225,0.02411310450931353,0.0187549751453327,-0.03368533118170831,-0.20153504611417203,-0.14854742912215438,-0.1369070202898742,-0.09894365566635914,0.5783466184285481,1.2330422341983212,0.12845145185992624,-0.041810075407197445,0.6896554988790932,0.0,0.0,0.0,1.302113250410048,-0.5523884722918965,3.6090275938469016,0.5720493153921825,0.07937044609330288,0.4358581915724675,-0.03841477171002912
0.0015457641294807267,0.006258847141081107,0.015988951365684314,0.004091978028093842,-0.4116627749955054,-0.2012300467369932,0.054496498709931625,0.0661940652253095,0.0341960271100282,-0.11481380459198483,-0.2739104534788872,0.01240641532923055,0.0018358697659779898,-0.05163371760790593,0.013764635895182765,0.07616015863827376,-0.11946736825709418,-0.024294731758477357,0.6719376148602106,0.0,0.0,0.0,1.2128923300122205,-1.0162650323658955,7.2856677702369375,0.25599204413924664,0.24967575040023393,-0.046057870295761756,-0.5577270701958044
0.0,-0.016147288653191698,-0.005941579849483044,0.011741168319090547,-0.8439728251678746,-0.39432314953788455,-0.07772450495885605,0.017286776679844837,0.03416267619668106,0.015296656273029398,0.1006465290214711,0.02539302759537853,0.29093305906425004,0.20509717486073054,-0.02190434743114051,-0.08140693933568413,-0.07167422623835899,-0.047566639370817405,0.47404736893301275,0.0,0.0,0.0,-0.2663327226691294,0.357073569753283,-3.9974274831887664,-1.5462648373889691,-0.14810439031411393,-0.5491733556179242,-0.18759320203694227
0.0,-0.1228892359167443,0.010218680613757304,0.008828756918603067,-0.5477197829349816,-0.29524631020872794,0.24300709258640982,0.03541728094405147,0.06086775789748372,-0.029124011851053587,0.12384827820264276,0.03854667929170637,0.3384368645523303,-0.1271546246404042,0.8225941714331743,0.012155004149423103,-0.0860772459645681,-0.061313611616852046,0.5241960947326502,0.0,0.0,0.0,-1.7599687377161435,-3.038775882351243,1.6530388731494103,-0.7022689528551648,-0.05853421166594084,0.27112220000994847,-0.5813023910016462
0.0011366405856591197,0.05157666492621844,0.09512161295314395,-0.0033371580085832025,-0.4004057465032091,-0.17547375772372392,0.04805335041695315,0.060626430647231895,0.015430206963704667,-0.07723023765277309,0.10086917924303211,0.08822294966912098,0.20810491284862345,0.25911428328531033,0.6784455769397335,-0.3004923898753809,-0.3919987961127896,-0.02355869049969843,0.4794653646463729,0.0,0.0,0.0,-1.0115415986138594,-4.029954610296095,-0.08321279653304244,-0.3314987137039147,-0.3188250536599606,-0.34267539029927524,0.24302131538252578
0.0,-0.0003089210789274375,0.005920893733718804,0.0079749591149298,-1.005737654671378,-0.5090610446391309,0.0015935039681883008,-0.08043359610235457,0.0311359898159739,-0.08952424077011784,0.07454964196052853,0.04578727207159883,-0.1072440584537939,-0.03603167353478348,0.7076055662816598,0.8737241334179133,-0.14277914036644668,-0.014925881320251353,0.5161110720836734,0.0,0.0,0.0,0.3064395217542126,-1.8072143495426605,-4.8131801005261305,0.4052134046224473,-0.05563491216847439,-0.0660271061240626,-0.8012226914925523
0.0009154616651063963,0.006549878596630843,0.0171601317307923,-0.007852685343442472,0.49760693439796994,0.17212974179599327,0.03241061227063728,-0.13404938020716828,0.012358489190779757,-0.0880490921658581,0.07809469777658382,0.11286014664266387,0.0901794694371545,0.09033746668116185,-0.6752652906906875,-0.07163239165760288,-0.3483575667563138,-0.020316961164545597,0.6092991982970829,0.0,0.0,0.0,1.2533910820188288,3.73995826322598,1.3108148786856577,-1.8856285007074312,0.37933511352679133,-0.10204257060359088,0.1303239819893383
0.0,-0.0009829111838494278,0.006344838619719735,-0.031044778725504603,0.5890873308333338,0.2191737572723559,0.10038860585876715,0.0037779359514401585,0.023919369928140637,-0.09234419603253384,0.3201859728199898,0.0985421174169347,-0.08315242618043293,0.03580413983241783,-0.8541151122029774,-0.23643199528858408,-0.053543087884252695,-0.016955376503126746,0.7516221529597483,0.0,0.0,0.0,1.5537010974643695,3.668753763380864,3.398071866433858,0.10551630887197566,-0.2949123070543695,0.22171858650143497,-0.13148770929091486
-0.0008024075558074709,0.06732737049879405,0.03860056337065944,-0.00076790460071412,-0.18153894765283368,-0.04847262343464992,-0.006282649613021397,-0.04948729580072693,0.02059755082802193,-0.06044198651780247,0.10683282842222852,0.018779159243745066,0.00983084839170341,0.07811652563963087,0.34790677063653713,0.18623741891863246,-0.02087477761940071,-0.02238268858414583,-3.350679848775372,0.0,0.0,0.0,-1.8824506116583206,-3.0693851999777064,3.790754363628554,0.3325143165852602,-0.37909589766079205,-0.39095544204040866,-0.21956136939394502
0.0007374926706681325,0.0027619319595485418,-0.008351897083089284,-0.05249579689485008,-0.6688845228724528,-0.3046919215854733,0.1593904729950636,0.05425116668881002,0.02273309046109566,-0.0160840635982736,0.07508189195677377,0.0738560356174336,-0.04001921272037014,0.06749232572219716,-1.4908576804236737,0.09958278809650727,-0.48402717066227263,-0.022713635678599665,0.4724470973865522,0.0,0.0,0.0,0.6093622587778827,0.16827743147345817,3.0403912815399434,-0.9785391526220575,0.04606553643410825,-1.930608947439087,-0.535461313322431
0.0,0.002892484104215504,-0.01574901152956893,0.01646612579206312,0.4922253972597637,0.24297396726451978,-0.20585787808581132,-0.006861087489532771,0.03967338960828177,-0.04286517303765924,0.012018268542108418,0.06344008056720915,-0.014355882374344903,-0.058706595006572306,0.05305497702400871,0.021573198729441162,-0.013286278654930173,-0.014908806368796202,0.8161610079671208,0.0,0.0,0.0,1.3886669667093194,2.335193005277408,4.8723915530631965,0.07760682754376652,0.5737785988196729,0.0697442487036942,-0.04696046715099519
0.0,-0.0007524218960151642,-0.007439896705828765,0.011625440279834115,-0.5450907086006278,-0.22524270863900217,-0.04780086873945853,-0.08611267049020817,0.03334790985809702,-0.1326556133022138,-0.19614568134140298,0.0076082338215276895,-0.031889254282961486,-0.05013289777207453,0.356383163254825,1.3626748143604774,0.17045530560378463,-0.01777915554541345,0.6389452140477342,0.0,0.0,0.0,1.2127960000128408,-2.22834786952607,3.084819717560096,-0.20588747033893745,-0.4414167029684857,0.1136358614704406,-0.9822438577270273
-0.005970092432037666,-0.01136331830180335,-0.024580546275517295,0.0019004731815439832,-0.8182981992246535,-0.403544129360703,0.06693126410341915,-0.18466799975256126,0.013953969975887373,-0.00015089916782065691,0.12784346837289395,0.014224559743589495,0.3657426745215909,0.10124006932453401,0.518943187178658,-0.4181189536177586,0.26833438368007784,-0.05029958523911366,-2.0152815002491082,0.0,0.0,0.0,-0.6801113037969077,-2.234092345304681,-2.124862718761778,0.6799376431156572,0.6233877126431833,0.01464779955703503,-0.1705843955471753
0.0,-0.0159504971801935,0.01796673541993818,0.01362468726653014,-0.549374543904329,-0.25812848930272136,0.06493931079304946,0.13866365462034902,-0.3633784138792384,0.3358762241518665,-0.332623130585697,-0.037328550467033206,0.2703098589337083,0.11697039726573923,0.30941009873254605,0.1473446447644882,-0.00011639843504008507,-0.052956463028241585,0.48406738296965973,0.0,0.0,0.0,-1.404763215490056,-2.297884971862353,-0.8144039702299507,-0.13847164625552863,0.7266325429237975,0.11265041395521022,-0.6819039619163995
0.0011366405856591197,7.598238787274558e-06,0.04793908639098899,-0.020745225454644405,-0.39710591808906526,-0.2250018589201194,-0.03666137708003811,0.07875374838987946,0.03815688873805317,-0.0647222827248021,-0.35853132668019183,-0.38859504667146016,-0.04421225501510441,-0.03155627739664722,-0.7830255175724169,0.048703794384530055,0.04504468225454978,-0.025288334368026348,0.5595225569505768,0.0,0.0,0.0,-2.2506431556012205,-2.3903147257890818,2.140882234167614,-0.15607419067166428,-0.4236861929643425,0.1939112189221336,1.7926139129052707
0.0005760411523457272,0.003905807167392021,0.0009857957412747623,-0.014088630522261553,0.4094381022869363,0.11169079626675676,-0.3718051894449936,0.05249923271872455,0.008688832039703494,-0.005288288381073678,0.10540786894083032,0.04148875995801541,-0.16292885899154677,-0.1493018253456001,-1.0632254696507255,0.02255428833206064,0.3897053565877356,-0.018806991336500753,0.5720247383270157,0.0,0.0,0.0,1.261358122098261,3.5646545806530314,0.540394688549877,-1.6245424671234983,0.11427703576259342,0.039878337746198575,-0.35260348617247395
0.0,-0.020521036203362132,0.014445069063128417,0.0033488043789551844,-0.5641254531757336,-0.24023208590903022,-0.14541485035889323,0.03519880440772246,-0.06813590716658822,-0.03072333686698721,0.00843101951173746,-0.021999733157748124,0.20473823012829512,0.093421102595202,-0.08741801414190452,-0.7791844740085766,0.26900442193589025,-0.04190986520188183,-2.39867244511597,0.0,0.0,0.0,0.8223501375956253,-2.385318654048595,-0.5909346504874254,0.4371864538919605,0.3379771004889417,0.005856799887645341,-0.6749816734226952
0.0006157223103955459,0.0019171584915334315,-0.006782674208659003,-0.008406451284279587,-0.5491445903334272,-0.1817337666990412,-0.24134322377564082,-0.015005738174159839,0.01573181111372435,-0.012872411414973688,0.03489337312099811,0.09285796228619853,-0.1309244987599655,-0.09560138080661514,-0.9472716071901758,0.22641770836300637,0.45607601734224273,-0.01740220807414889,0.5964524469794433,0.0,0.0,0.0,1.0221622095035652,3.1353175559169855,4.268670354910814,-1.3532050410821002,0.12962263433625304,0.2147099773735696,-0.16710374426551808
0.001475996864002334,0.005631762630734266,0.010053226016412193,-0.023471070191878895,0.9374068880934596,0.31616903690802933,0.3028971637370707,-0.18831691102747178,0.012117354900736635,-0.00554635635889531,0.12143257405220587,0.09552816126590535,0.13114711732940307,0.3968105566601722,-1.028461522066194,0.028073690011572634,-0.547480658207047,-0.018860241086646155,0.5064079976154797,0.0,0.0,0.0,0.9612671189086862,2.299511506201942,-2.9430067503296917,-1.6645123795018637,0.016493766889432507,0.2741894494312474,-0.3196335381987641
-0.0012067918044734287,-0.005966642194233406,0.06038786348372545,0.0015526451854315974,0.2063574123844579,0.04294213328192409,0.1475377737952335,0.06585748694656356,0.015932781860848306,0.009462562061927658,0.18300726032638076,0.04679305829682914,-0.09365365700190918,-0.10652846227745531,-0.672810343564802,0.000589740234949783,0.25664772017788945,-0.0190433749057296,0.6064315820125636,0.0,0.0,0.0,1.279475703365856,2.8681358647807107,-8.768851303848152,0.10802837053051709,0.0010337418328521565,-0.10749968091304049,-0.6092909680709387
0.0,0.08852056315362603,-0.008533908450953323,0.008820966850786769,-0.4934822254651476,-0.2491037831169048,-0.12088472996132678,0.20615218352553694,-0.21110139408733203,-0.14985559580960206,0.09121115887761312,0.02166180741035571,0.22612921816627063,0.12743074216490427,0.43472283143325496,0.05030591511399957,-0.05973418886286786,-0.045461157965473245,-2.4047893660723676,0.0,0.0,0.0,-0.5419731719523377,-3.345330809400202,-0.2417276337180019,0.2977668378781922,0.2755070468057998,-0.40937531373045927,-0.08451177622585512
0.0,-0.00019211792904105449,0.0200056035915052,-0.032001996854001236,0.4396236778006785,0.13636604855172477,0.10349082854272681,-0.3785433102129455,-0.09460043408277719,0.37561069281294457,0.06918775592474835,0.08558705611383918,0.008361720430392953,-0.0690553188815495,-0.4766294771950176,0.3304512047871972,-0.015341579525570016,-0.009154998010931038,0.8510384974812912,0.0,0.0,0.0,1.2905417671923707,2.8083166274997016,5.116024730310542,0.4301297732906773,0.11563569861207904,0.2536649987323035,0.0024899957750666437
0.001900702862795001,0.0037641693026138584,0.010991635555535409,-0.007355580809837278,0.4742543608468056,0.23465108934837803,0.2797566387242922,-0.006027413308966502,-0.14930376555278688,0.1919970514079509,0.0697462563495432,0.10878122751434054,-0.025986665228512895,0.1304056107918224,0.6222143480996255,0.07590702126102114,0.01956437751110867,-0.012336955153940642,0.7055465371681398,0.0,0.0,0.0,1.5242847320562987,2.934220230572089,3.309411744245714,-0.09291427700278439,0.25104110478139186,-0.1872671714886036,-0.1516264348712947
0.0,6.907609089785906e-05,-0.0019792769806477937,0.018710931856758692,-0.5742796877592801,-0.2287427950181119,-0.019710748276224863,-0.02212321929276621,0.045087421526833475,-0.11394593906631843,-0.27955569178373985,-0.8259119653400827,-0.26314945166484616,-0.08613428934166072,1.004706091638398,-0.11155422536641743,0.11915301165260553,-0.012535905956022907,0.6808619661111112,0.0,0.0,0.0,1.1726904322835336,-2.3059019153196525,2.8527710154178063,-0.15214321924451793,-0.038310998117790304,0.16587339716085228,1.2443285104251596
0.0,-0.01617390928428549,-0.008311487551682099,-0.04837242253795231,0.4565029899894001,0.34445166826636014,-0.024276106183359382,0.05420416135619236,-0.043187682826202396,0.014641719340654768,0.09247527009161122,0.030572741008861593,-0.11759133781695023,-0.013024456457200935,-0.799525497612637,0.07464069720420219,0.6544455453963732,-0.034551946334337266,0.7563049037586449,0.0,0.0,0.0,1.2696106138036227,2.274178311999276,3.641643022160863,0.6224034307725588,-0.14911298927830965,0.47891637097917944,1.273390290617559
-0.002661856923347085,0.0028920972270112763,0.029877008998084882,0.0021801613751838995,0.6203622096607098,0.19584955585420682,0.13910194826818473,-0.05944676531504702,0.01160881565255198,0.2869594132594027,0.06285375446074276,0.03303854663889978,-0.05829998992745433,0.013501985530457367,1.0283482242404163,0.8106147166839415,0.03919344647276407,-0.03655585890662996,0.6646105831358563,0.0,0.0,0.0,1.208780286638053,0.5705466697653262,6.138975414743287,0.25867847729609494,-0.1254353448885028,-0.5556075643432724,-0.19825041609047508
0.0,0.0006247563438265076,-4.269313863209913e-05,0.03428560885722964,-0.5437482730243075,-0.22886454054493238,-0.028948638001226504,0.048658458468712966,-0.13508798988877155,-0.1276361978199524,-0.16599094297827555,-0.25739976280660504,0.8296993969762595,0.024075423957552383,1.0772365805073456,-0.4376251040153361,0.2413172140001811,-0.012505637084912428,0.6651715964852775,0.0,0.0,0.0,-1.080874561663811,-1.0595923951071027,0.7072973229672531,0.466788011534959,-0.24298337023693292,-0.03818852473170909,1.6937129804184587
-0.0021651509459502984,0.01455242722080235,0.0014541626980555146,-0.002822969518858184,0.32285247931796335,0.0434369666536246,-0.03864610690855879,-0.0020093881217161436,-0.0059542003789738,0.04090225072516225,-0.29366376825699453,-0.07637603973811158,0.09633953927121741,0.15913668393704608,1.095900902105293,0.058090818910569504,0.11412759930184653,-0.02038650295123535,0.7610025356586694,0.0,0.0,0.0,1.8176901566264654,1.4172878241220568,0.10437683016614388,-1.0108308159192103,0.22256634687766663,-0.31719413422465403,-0.2688359887934864
0.0,-0.06649393208700735,0.002389976143546908,0.009581711457211694,0.5132091449021172,0.3193267251025265,0.005768214882877285,-0.03508165564068651,0.09207868852844983,-0.08326588440125676,0.0805147162576865,0.015075763707119336,-0.11361416487198374,0.11188619204683826,0.3624858427285993,0.016449583934318827,0.0073708040526630795,0.991364679902125,0.7785075763850123,0.0,0.0,0.0,1.0320212065683712,-2.3385526928855027,6.801485266316732,-0.7270375664899063,-0.047982916794862655,-0.7586455249874943,0.4642788529684271
-0.0022470297571298655,0.0005882502021321084,-0.015256013815602959,0.004725962424670464,0.6941119171040621,0.2399505234204956,-0.06356531985943725,0.08234746410427067,-0.022291488989910194,-0.023451146480961547,0.06419729092012653,0.07399028268938543,-0.047056751972342874,0.05326127492992774,-0.09825064122069886,-0.10855372416478129,0.3048607007673125,-0.03941714948895209,0.7006237397863772,0.0,0.0,0.0,1.3383503465269964,2.289140954993833,5.574682988285011,0.09164806734694383,0.24316963805556846,0.16580651323198303,-0.11006620174931762
0.0,-0.017712526990264803,0.018264685782842544,0.023054410280643565,0.6463410372374642,0.30899766564836156,0.017719703515576196,-0.06334151243096689,0.03675128303771849,-0.14456467657940567,0.08086708027547031,0.012832532968755424,-0.1286816741119886,0.1259005941150699,0.30358916279462067,-0.029535971027595337,-0.014895914037630006,-0.050215448346990835,0.7516482899306635,0.0,0.0,0.0,1.2911888395062237,-0.4659283078273289,5.590597958818961,-0.613255624714789,-0.27179671053425664,-0.10973733907533806,-0.5274886291463127
0.0,-0.009188712227231593,-0.07816561775708913,0.008104710126342719,-0.43808294696075634,-0.1789529573288358,-0.056920881030884295,-0.02200671631917761,0.05068240115093915,-0.18613046005412026,-0.02060174241668226,0.011086432366391268,0.04303480751848528,-0.005713804318798268,0.2156152159467899,-0.47080963776106916,-0.2989639050417305,-0.018582627833990773,-2.738477607273092,0.0,0.0,0.0,-3.1451815130765315,-3.1139023641596615,2.928341254995242,-0.35269238463000635,0.1615945479166289,-0.37947050008831973,-0.0814950770067482
0.0,-0.015726658334109463,0.005010876480043393,0.012744666514026259,-0.9705011891536233,-0.641486526037352,-0.062041403114830106,0.04214301516055454,0.03993339335626862,-0.06514372367680764,0.01900399700793382,-0.23342324988646074,0.25615752042106904,0.38989373216185436,-0.208491224111297,-0.12758077438231813,0.16980373243616553,-0.04548728843197202,0.5334895436483345,0.0,0.0,0.0,0.4185071170917652,-0.44427949245380477,-4.592023896887138,0.21253705437787415,0.008644690450637477,0.1671695554992446,1.0927535166093858
0.0018333591006981613,0.002004319953497975,0.006077749344167862,-0.005350158121109638,-0.531199964942445,-0.19371778454795122,-0.24968740104969664,-0.014520114967453044,0.031885639301211396,-0.05018241406553323,0.04995978685386797,0.1074485759454529,0.023659518035572584,0.12997054607899133,0.3606671474767456,0.07908680822119094,-0.04925379251047149,-0.017281711750517594,0.7233127113908123,0.0,0.0,0.0,1.0694894736194565,2.8206783175700654,5.711524880486238,0.6012345560333091,0.2398830947773286,0.1642834360002207,-0.35990215424867295
-0.002171847620523348,-0.005091693230442031,-0.03322642416676296,-0.00509595515910811,-0.5161125761943578,-0.19639237595893336,-0.04540525346614213,-0.14220083942203798,0.011414174040771649,-0.05246433076133288,0.05393791672091445,0.04277955865071819,-0.06687338949581409,-0.10984142366606342,-0.2621210537253453,1.1622512941453904,0.12920070355500496,-0.047014592175615946,0.602770651069095,0.0,0.0,0.0,1.0194859890321104,0.10731810299133661,5.611016869597652,-0.2624009403310839,-0.043435738179561194,-0.06398414410791226,-0.6842573236837959
-0.002530540958426325,0.002816862063385286,0.03341986710390236,0.006707714877966728,-0.5023070511974855,-0.19505734938052446,-0.12149758823869104,0.046830611207336496,0.01811986821321576,-0.06232132559653752,0.11634086625996551,0.042491270374829956,0.00958306447296422,0.14411743962293305,0.1489974143705021,-0.7470333845282876,-0.24893794071263153,-0.04354469731948092,0.631268459396788,0.0,0.0,0.0,1.031919227034461,1.005977109303219,5.880645992177188,-0.9093072270205701,-0.08514056914838654,0.33560647896156687,1.1206764233699227
0.0,-0.00013039160348525764,-0.006130800833073375,0.019040031039778478,0.6229684890237333,0.250356719642534,0.020894835595751202,0.06800062843043661,0.036390372414457105,-0.049437404732782915,-0.14735649876882911,0.25435780736283364,0.05094117985942702,0.1889507306976912,0.41480154090590915,-0.395076177123168,-0.09055208491495016,-0.01369705626334886,0.7880976493874078,0.0,0.0,0.0,1.66511884503955,3.4390564293705226,3.575049772626481,0.13410193231779063,0.24186124641258705,0.16737428969642265,-0.15078377853488104
-0.0020428969574146066,0.01128646688505619,0.016901571188571964,-0.001119923152477591,-0.17516089305870433,-0.05422468342323449,-0.11859975050034753,0.021994934596515768,-0.023947211093262345,0.18459484079587588,-0.3171448919078714,-0.2526758581769992,0.05136862787770293,0.18968444683950064,0.579825431477459,0.23464678402425918,-0.08255174885872822,-0.013727696123366169,-2.5478843073833546,0.0,0.0,0.0,-0.449284859763302,-2.679244279671255,-3.197519562221432,-0.060127324183718765,-0.013076224398330717,0.06205082759009053,-0.22850567069595562
-0.005105970251320041,0.003916734613862933,0.10093271825885791,0.029591487113259658,1.0325125703073863,0.350629286581768,0.13902730947368555,0.04418320984185179,0.005993936837899577,-0.007970452447675535,0.14005924559605695,0.03761405010696634,-0.04261576993467209,0.0060240155746760305,-0.09051787193867152,-0.09435444851174284,0.3475506489446936,-0.0511810115554902,0.521260885986141,0.0,0.0,0.0,0.8834850034008782,2.274132664729561,-2.8507702076673054,-2.6618725509695516,-0.2159312318168792,0.12418695747861364,1.1885682974983967
0.0017540106540656509,0.004769051131944411,-0.02026300910917527,-0.013191730492838765,0.5321095232946015,0.15926632127421855,0.24062527025390393,0.03260875094999457,-0.006090831258410337,-0.004487102944645677,0.1027171311942712,0.046030843658236856,-0.09147632437068853,-0.21254457550869363,-0.833275763153959,0.1978613581859707,0.028238275706454964,-0.015829322729236033,0.6677617755510448,0.0,0.0,0.0,1.2016190684387689,4.811850230117618,1.29874974192607,0.39794536387290136,0.13671067152195263,-0.024349248239092083,0.9264105837511409
0.0,-0.0009853555929482634,0.0011713753265496204,0.022921432127494343,-0.5410388926256707,-0.233206982185854,0.08240480064397229,-0.07152407160499827,0.04809228916581301,-0.13675310243870256,0.008573550264332383,0.031185006897996123,-0.05465452783052791,0.041009656461848086,0.27027673559012283,0.2576825015194534,-0.045080278979533255,-0.013956552070339133,0.6643156611365402,0.0,0.0,0.0,-1.1799941237507183,-2.1145849524497553,2.053598597403105,-0.01042736221730535,-0.2856364643091653,0.29104856848924077,1.3248504086240274
-0.0032912548669367893,0.006125692439920261,-0.046343154283029035,-0.001119923152477591,-0.24068644156226024,-0.05332014686581125,-0.07626712197893186,0.039206707984165194,0.022443011674746136,-0.004184078801386441,0.1910650107724155,0.02175856930873043,0.07189805137829092,0.057646146486324414,0.20281060471186949,-0.9633588151527472,-0.16055001162585333,-0.02636865406378949,0.5476487526303431,0.0,0.0,0.0,-1.665539173108818,-2.0202873926414116,-1.215252062322994,0.21146087678016595,0.05546450884147969,-0.7097329276838653,-0.6770288490880922
0.0,-0.012213312430200364,-0.00386251129304289,-0.0029816626021775903,-0.8057574860168917,-0.597769711136682,-0.13085162992745314,0.03919446687683674,0.028325496874145047,0.01196676977145099,0.06241896648753115,0.020486655728489928,-0.1703220503676693,-0.15412349005839382,-0.7339119072811983,-0.06797962679572235,0.18344111062784724,-0.0427562939084236,-2.1047710148774277,0.0,0.0,0.0,0.34617633502126516,-0.9753791824405758,-4.039414651159316,0.25744406084554844,0.13007963382274787,0.025566561873233886,-0.5680562691401364
0.0,-0.012525362157904995,0.006843072839779755,0.01603880741763032,1.1969688104524305,0.6919705065196406,-0.07765892166679987,0.028755875910604852,0.028535582825805362,-0.10862785132159751,0.09393431694390407,0.054551824893382624,0.18187472463124105,0.14068501619257429,0.8759041007145303,-0.011935833533856669,0.14573453014961718,-0.03753246118035335,0.6348567053678952,0.0,0.0,0.0,0.8424895891859742,3.625984607081812,-1.6920693881824296,0.6025337509846564,-0.19085693195441775,-0.13756164875209204,-0.580605060711117
0.0,-0.016147536636332727,-0.013158221941882223,-0.00954136732430565,0.34432428408142796,0.20657446670685786,-0.07752850535946522,-0.02641997686310939,0.009467761388023705,0.16651289879510112,0.06222954967911479,0.015024816736957563,-0.17664019704441788,-0.14760092524453464,-0.4961154185870241,-0.11270178330188639,-0.13776406612338135,-0.04143650774774631,-1.9550152824820073,0.0,0.0,0.0,0.5187409613272033,-0.663456196377213,-7.4035763965310535,-1.4434344599917621,0.015790573381556882,0.018250250111005485,0.5025629229758078
0.0,0.015622436143816424,0.006633510048676808,0.012110268113542176,-0.526611470877676,-0.20624526932914541,-0.2809771119498582,0.04872555398998077,0.0496061320260372,-0.17048675942281927,-0.17102616503029985,-0.0937739053768041,-0.0767310202758915,0.04252527454849023,0.7731142109711023,-0.1999140851160284,-0.09494017484726926,-0.028049716082383082,0.5137170889104413,0.0,0.0,0.0,-3.1315518726773295,-3.26072034897641,-0.08440914898648028,0.35984552504193723,-0.5796557596558964,0.08837642644987437,-0.45828126817864634
0.001662564592148105,0.004223713839151378,-0.011527423989132507,-0.01051936488259278,0.9575960759203419,0.32753409842734627,-0.6153976096794644,0.05560998704781982,0.010475965241590326,0.18654255457904884,0.05268294195643893,0.12558387717271308,0.1399922091480924,0.2043935156646071,-0.8553919646589933,-0.053171470527126376,-0.33181635985814495,-0.012886994973279728,0.568968662661367,0.0,0.0,0.0,0.9525549450584323,2.6902381725385918,-2.522654822101271,0.7153529142255416,0.15675196167617278,0.08654119629353756,-0.06684645371029217
0.0008754026077572732,0.005202129267528912,-0.005395326625646836,-0.005908429842985464,0.6119877199635438,0.30092272206632703,-0.02632541276950218,0.0398895014746797,0.02035659809856893,-0.024648696740714803,0.0874848719438845,0.10694362570755801,-0.028948392480781883,-0.11719464118929096,0.9825760951464184,0.09520978131414316,0.39734200414084686,-0.01566346030556028,0.6834466864857334,0.0,0.0,0.0,1.620688267390449,1.9694040201205454,5.1228665672857705,-1.2413063987249222,-0.21353814141499083,-1.0450566430382477,-0.23207860164183908
0.0,0.002892484104215504,-0.021219617893953154,0.01118664555657427,-0.6460768713926917,-0.23388528307490009,0.01516331168638227,0.04876665544931733,-0.14898088949936897,-0.17201226993627583,-0.11491672643083148,0.3370102601130582,0.07356864018899671,0.123342774569935,-0.24830495252621798,-0.5026426801548174,-0.23509998202632507,-0.02061358278864307,0.5683685193801098,0.0,0.0,0.0,1.1309974143433161,-2.5531433461790445,2.5295729436566985,0.4829826204449804,-0.007806494883659241,-0.9320359694494517,-0.4116196339164624
0.0,-0.0003089210789274375,0.02481504657797495,0.035323553565754576,0.5932182872067865,0.22679466053639036,0.0179794405565162,0.004502721873012139,0.059218154191350035,-0.16169054822609066,-0.21396714972192973,0.03707898604520704,0.04167171640585128,0.10166742285704662,1.236707955838222,-0.051366231973672585,0.17116915225212576,-0.018728609990501608,0.7355733033480639,0.0,0.0,0.0,1.236792594548944,0.1597527015858272,4.588544140881886,-0.22100177947101987,0.048455135977314975,-0.655455790276608,-1.1136448780030714
0.0,-0.0007524218960151642,-0.004688895240415005,0.0383082682008517,0.6357362126432113,0.23473351966332756,0.3194159087928222,0.01876607427201693,0.05906828786467351,-0.04657922528581791,0.10605143108723551,0.08626702319980524,-0.009118945857848827,-0.03240905537929226,-0.022438077284680297,0.2172689980227934,-0.023922521404839265,-0.013188241741307458,0.7741916777856107,0.0,0.0,0.0,1.564468502378927,1.683060226067514,3.420618613037351,0.23940348908829578,0.33006625262762884,0.2006000850785093,-0.11919748231990866
0.0,-0.0007524218960151642,0.001759344319340499,-0.030442762518771798,-0.5265880340598772,-0.18905634590244302,0.12504191928449965,0.08487156067501361,0.032704982711197934,-0.04397669524608253,0.09194897390335607,0.08748760038727264,0.0032616819759977355,-0.06523525626382033,-0.9857401044620213,0.3831689752118024,-0.0016975470083349302,-0.0127556242354993,0.768934840781056,0.0,0.0,0.0,1.3930456979143,3.8415589269262895,3.968219621616784,0.41683529480855197,0.18741955569917224,0.19766395564578934,-0.07712623138127403
-0.001990420254667026,-0.0005334639513454798,-0.03203246022595346,-0.013725555579395558,-0.446910346631728,-0.18762452790539813,-0.1212869547994603,0.05793786838826381,-0.020228811358801363,-0.09617440034130167,0.095677436570349,-0.23754082895455983,-0.02011775252526714,0.004131902240246845,0.3422720395812456,-0.7259961963130563,-0.3409026806126461,-0.06023962259803791,-2.4076891933342717,0.0,0.0,0.0,-1.5991205868465752,-1.3796615954646865,3.9635737079241666,-0.7126263358698,0.002556591581429112,0.08272285928775935,-0.6520850439329564
0.0,-0.00019211792904105449,0.0031212504016897465,-0.019340593755843908,0.45019921842187366,0.2296874514503131,0.1267815219736558,-0.09784435423669134,-0.03929549238203733,0.05398273773492286,0.18779251735161945,0.07853071713245476,-0.004149508154314157,-0.09681102493212287,-0.42352940626165037,0.05514373018480079,0.1693363813626226,-0.011746625913711601,0.5072627975317995,0.0,0.0,0.0,0.7064836536975947,2.4295899967685046,-8.531422560225295,0.37027622160678575,0.12344277878937006,0.16070934621106037,-0.01886364117797935
-0.0025277202351883373,-0.0028633142495623964,0.031018713000360153,0.0019390031750895305,-0.647171265712677,-0.2527887010800622,-0.07072891923408206,-0.26853206547807323,0.014125237344880973,-0.21304474455941394,0.15285983676058326,0.06425508582014795,-0.10866939126930614,-0.04070169099821838,-0.4517815705935702,0.05883586658017758,-0.04468700538878892,-0.056422542250624104,0.4834852692729782,0.0,0.0,0.0,0.969626613718127,-3.6665956055972653,2.2010733868635373,-0.11172081399011385,0.1828854412663684,-0.11024429112327605,-0.49280431006486436
0.0016623959707876865,0.0030789129345556603,-0.003957305217153784,-0.0029418690164872783,-0.7366856909772307,-0.18463887105685955,0.20733174239364696,0.002182428308043032,0.00987985294896108,-0.09335091169459715,0.09220647449341302,0.1029965550717251,-0.07010549309437383,-0.15878889938877958,-1.2328178432333243,0.14306610861587277,0.019368652143203578,-0.017584048372857965,0.4835885404027163,0.0,0.0,0.0,-1.630415510273143,3.888707575715136,0.6222536824426418,-0.045781425851880886,-0.30752291185160363,-1.1209008708243755,-0.781238802194609
0.0,-0.0004675789179269625,0.006097578140178636,0.028094181782865393,-0.44963555436831976,-0.1812691262859709,0.15456506243115953,0.019903836408193144,0.029620916781172527,-0.1170520362873389,-0.1351580000416632,0.28985168179444276,-0.03635596398947286,0.14312339706981697,0.41927676799564007,0.039713413997104055,-0.1857623106507363,-0.010368160601920466,-3.1424731929877527,0.0,0.0,0.0,0.7035496017938512,-1.9759323393479098,0.46856910403293744,-0.27193968329846196,-0.032410751625913295,0.4379044734157764,1.654699295208161
0.0,-0.0007524218960151642,0.013437508772585413,-0.018265019186272425,-0.3438915129210447,-0.15327922827303772,-0.08868997358194203,-0.03634617963408735,0.051146738311700295,-0.11870085252756768,-0.11827735035662314,0.17903382469516815,-0.033707525750221366,-0.013159644230421175,-0.8188097250674405,1.0507279380619658,0.005532508124223614,-0.011901642615342977,-2.845952430814213,0.0,0.0,0.0,-2.02959502227904,-1.4264682871251504,1.7858918577156957,-0.6063961872680472,0.410206106880659,-0.20106991016520623,-0.08822263107214916
0.0018965971200335008,0.003508669904385203,0.015903324419868373,0.005348197578756408,0.3756451271079398,0.19830691751608273,-0.37700286898331,0.08163753218260819,-0.051388856916332985,-0.006618737402447939,0.07173204516264162,0.09420493309222543,-0.018254340078905203,-0.02919646788078416,0.21641067273304124,0.18192727594552474,0.07050531065311205,-0.013490512787333505,0.7726968315003384,0.0,0.0,0.0,1.2904692151305983,0.4952178637912753,5.882264141379606,0.013045158665514672,0.5709934358459889,0.2994265615620697,0.9366349307143039
-0.002758485109236996,0.005755793689742298,0.011842199004509958,0.004005301699667749,0.6504096058207146,0.21478222894773508,0.24752733537203706,0.07596141660374317,0.022147689758041152,-0.10489849475624057,0.11572096113077911,0.028860144298114843,0.37645905760898196,0.18788528378622274,0.5930056778885349,0.057034171335898526,0.07760329998346929,-0.047054145688174155,0.6675389368979181,0.0,0.0,0.0,1.4151656262860048,-0.36102739929281175,5.471113485154143,-0.5094933111112924,0.1337081347344002,0.3575587087014767,-0.3421830467612001
0.0,-0.01609446622047055,0.00288857237823044,0.010218141752558483,-0.8865745437191128,-0.422804708968803,0.10199185363013331,0.06302687012801862,0.028856441060613865,-0.08285522366228813,-0.06566457335098977,0.14627169236786522,-0.11699862610140668,-0.06878750949136916,1.2677437887128251,0.3267008355190698,-0.11320271241474712,-0.01616629659015069,0.5240715744233426,0.0,0.0,0.0,0.41167731947856673,-0.2924181172349436,-4.750410793953545,-0.6574833495874709,0.019447726330557392,-0.12680033576955577,-0.02344404901682364
-0.004936791259505985,0.0031122141586933847,-0.02765877736436032,-0.03169900901992885,0.42583932807288627,0.20107035993065178,0.19708405089311487,0.0706034747043108,0.026168412796627082,-0.014604269527197122,0.06049961507479081,0.043177279511811745,-0.057161799546678986,-0.16297068693928068,-0.559189849585315,0.15335543172841795,-0.15443950631141753,-0.04710170897443754,0.42042190740730534,0.0,0.0,0.0,0.6482792445175207,2.8300403209687306,-8.726656083152482,0.25931663635958385,-0.08092934643410384,-0.07085695539404442,-0.13583133732859806
0.0,0.032887667448664,-0.006997422725742065,0.00520258875429068,0.4539659608412286,0.2631140499705209,-0.12344388369898218,0.06543589347230713,-0.015781022459406786,-0.048972447350608746,0.12063448572245056,0.022725620342174215,0.2452773853862355,0.12012713188664519,0.4521522800203429,-0.45240149079819714,-0.1257133719598072,-0.037912715944907666,-2.0302850363733405,0.0,0.0,0.0,0.6016119275651146,-0.9311226088181812,-7.122194212156247,0.25726479088146836,-0.06994736536497895,0.04906502510017828,-0.07295851795079938
-0.0023203551881009234,0.07056457553076766,-0.015980674446325602,-0.001119923152477591,-0.22764745349403592,-0.017916572498047748,-0.05212755893069308,0.012812188483766484,0.013709328823554889,-0.040135212883099916,0.18926330658951646,0.03156896342883133,0.015724841083539363,0.11617088924769525,0.8643989792053856,0.3644187885865939,0.04287915666993691,-0.0217487662962998,0.6042074393307338,0.0,0.0,0.0,-1.733295779077435,-3.5552477613332982,-0.7478992907836958,0.5020854060263433,0.3909547027344864,-0.33166382552425683,-0.39334894004170723
0.0,-0.014008419572575669,0.006947317759599057,0.045196925842841656,-0.6711277836702654,-0.2770241364416027,0.1600271294237473,-0.14682188590971704,-0.034132526114089276,0.3404151491658607,-0.05391034999152875,-0.022384016330468146,-0.19976134424639377,-0.18295065288799814,-0.24603353011878595,-0.0061267192409868625,0.24905039583973665,-0.050125513945191394,0.5756793035268464,0.0,0.0,0.0,0.77046378218537,-0.9804028938701561,-0.5621489969392804,-0.18872869536884215,0.3848226407958289,0.2657671967559152,0.18295078712661497
0.0,-0.0007524218960151642,0.009201196886639285,-0.02632012991827099,0.43911324749153335,0.23192292995049485,-0.0022237174723866607,0.10233016304901793,0.044722701208474006,-0.02742089998209336,0.0445829126346854,0.06954953411134793,-0.05456879579800257,0.03376153620051979,-0.3544929753214003,-0.01327915468325278,0.2052144550983562,0.3094380970827437,0.8815667133884434,0.0,0.0,0.0,1.2250719782412318,2.7787358930559183,6.357562748432377,0.4610282438202295,-0.36361171336909043,0.005728325187507783,0.04997987373508934
0.0,-0.0002277357019040676,0.011822042146827447,0.008280971438051675,-0.444949632105295,-0.1716161648470362,-0.27952833880299177,0.04846013386965452,0.029770277502320655,-0.20791934035215925,-0.13731138830629938,0.3362721207041646,-0.028583569774314442,0.05529409096309021,0.6778346588954506,0.19772083161047715,0.07993097366482425,-0.013562817850294093,-2.7921305363304945,0.0,0.0,0.0,-1.184652671406125,-3.4216210773612494,1.7626760424665262,0.35283096598895447,0.13488730933090368,-0.15071113116991094,-0.507434477469237
0.0,-0.000422607216875318,0.010539604641068269,-0.08020504349514884,-0.46807263427775364,-0.21369553524229146,0.5187377420780185,0.014176897891543033,-0.06644654666804337,0.6791311050456998,0.07811739142550732,0.05868692951974281,-0.07671816492774337,-0.09788134106034088,-0.9974831498653641,-0.7586132539613364,0.06947674435651353,-0.01939157003327922,0.5413640226959086,0.0,0.0,0.0,-0.9608987468729975,-0.1956759358693702,-0.07577486197371405,-0.5980245030634876,-0.1525936568383551,-0.04448421391438072,-0.44779372799745454
0.0006980533933112758,0.008394249530280319,-0.08341830507050349,-0.02699771897448789,0.36869059641140184,0.1281213284178362,-0.029278177828673795,-0.13389478720070974,0.01869415541767732,-0.10187238233711723,-0.09649801391092377,-1.33168614261713,-0.10172803898866074,-0.22385775290241244,-1.0980802631380318,-0.014548283367600175,0.2343847218694332,-0.02688621381730691,0.5260162185050201,0.0,0.0,0.0,0.7842919738370526,-2.7310775672151353,-0.9811842900470773,0.38928968233179356,-0.051740999832129736,-0.23811627382773015,1.163817940672657
0.0,0.0037462868954628737,0.05478523426993166,0.009912346710369764,-0.3402912974048229,-0.17585165088398177,-0.0034867515534131813,-0.02316746311790978,0.046363497225657184,-0.11582260619950291,-0.12223909004767486,0.037140446571332704,0.6403126984303572,-0.07905683205316531,0.9256925721185273,-0.4899709576522902,-0.36650519398255427,-0.02064613346893893,0.7364241523316715,0.0,0.0,0.0,1.3369848297113403,-2.0749721610526306,6.568178560807697,-0.5765907993795767,-0.05596387543484333,0.0466101937792845,-0.15870292263567248
-0.0009811023761970333,-0.005555182886105964,-0.028716054040902824,-0.001119923152477591,-0.2418622687150511,-0.05949847265512672,-0.049482870706422336,-0.02657739058625092,-0.005430117406193525,-0.05724044547712173,0.12854937560624421,0.030561383839418158,0.348945272314398,0.032359530772389,0.6952923424948558,-0.762868382856211,-0.34073970938611176,-0.02411389680832022,0.7447580336619747,0.0,0.0,0.0,1.0732886716406123,-0.06615637030994821,3.265013252486168,-0.43086328992171324,-0.5110918514242283,-0.15953588575183045,-0.39910982333811507
-0.0009974867567752255,-0.020809595904303625,-0.04014980493797483,-0.0012782250238943323,-0.17569861868654624,-0.039357127397861826,0.9365043663828556,0.038592535104218714,0.021126629760893384,-0.00766015845415679,0.17181993879258822,0.036695074851279395,0.03469848879024738,-0.024156211836014754,0.2551661515445262,-0.1809470700389499,0.0005012608253748089,-0.020785378208562303,0.8341718559531207,0.0,0.0,0.0,-1.1618942931267882,-1.0486998087650536,5.179764466807627,0.2771233890564715,-0.9014769206994989,-0.05863466664744499,-0.09961678274407304
-0.00309211115907897,-0.008453305896624377,-0.018359041005200433,-0.001119923152477591,-0.26521111772219785,-0.08043481780779153,-0.14896253335488233,0.05360235828864904,0.004610721885589593,0.0008023320777116765,0.14174367514865716,0.030841997172570856,-0.05831273066227324,-0.04128164274034409,0.5997780968773273,0.13484975154684492,-0.13469099236074283,-0.019773215429518414,0.5363861963659101,0.0,0.0,0.0,-0.8677304363799975,-2.898848563665851,-4.038228321402302,0.034974144116681455,0.08837078391583846,-0.40381753157961864,-0.46466401787054235
0.0,-0.02521262767202862,-0.0030482330003472396,-0.020486489741966502,-0.45806741998850997,-0.2922152807730229,-0.25379200357890047,0.01296882007160035,0.07999480131282023,-0.17420196836343602,0.058087379908265166,0.015938055996491726,-0.06782018073986022,0.0014465095254760502,-0.19757043610045175,0.09648193860454102,0.2283978204592206,-0.048495243057790606,0.8112891958522208,0.0,0.0,0.0,-0.3884657731066076,0.7676731224337097,5.64004888996403,0.5431767590126645,0.08916739405199631,0.08221570147542961,1.0890895420655011
-0.001942587157413988,-0.010166864255119411,-0.1260221972569034,-0.0023289677781473967,0.4298301892433478,0.06174857234016567,0.00820846733529126,0.06411931167564575,0.015166775351972282,0.014529258740339095,-0.710259849323345,-0.06453226839954912,0.016340136040802117,-0.22708847286432773,-0.5477437717548577,-0.12743042788704648,-0.23408770127982206,-0.01878836028698034,0.8138145139102275,0.0,0.0,0.0,2.4186982569598316,4.273768662341838,-2.0354935445850906,0.645504214117421,0.15604348168570972,0.03474050364483672,-0.1512948282397059
-0.0022021670242138437,0.0005901085308895559,0.04716563643023584,0.00890511177310875,0.6715150945963609,0.2174882742373004,0.08158239531408303,0.07653024849460618,0.018773798996712453,-0.03500075867908529,0.0488126455275975,0.0819717745081458,-0.04359657237817286,0.004555922271213899,-0.6427367326174187,-0.4513066457731265,-0.414127611815811,-0.043095863864394006,0.6243478736368778,0.0,0.0,0.0,1.2096000745622066,3.3625643987225065,4.9535248193298775,0.5323479779327032,-0.2618076093219637,-0.9482736938824678,-0.34322251086382005
0.0,-0.015719266969177196,0.020080199025700053,0.0021691201064165623,-0.5219372866079834,-0.2431371550622282,-0.15929257314849177,-0.029594735098295445,0.058395579211844524,-0.09277703918464505,0.12812949919885855,0.024917029736361482,0.28445682647283255,0.10147409660790199,0.2464331971491143,-0.1601385455772769,0.281306296912632,-0.04013213215407212,-2.3844437362406037,0.0,0.0,0.0,-1.2374917249535755,-1.99136782364965,-0.4989892332781887,-0.2760146322115839,0.27858384394843555,0.09637964201206363,-0.22956389458771073
0.0,0.0006449978704176366,0.004099138967945376,0.00916992875094207,-0.49016139473826226,-0.2629318289513087,-0.07205375043907375,0.007166062080480602,0.022352689733451295,-0.07481158685936015,0.03740582108910636,0.0476084559768573,-0.027309244360721262,0.051881950846659974,0.5189351938584028,-0.017292144087763434,-0.10677304286766172,-0.008787412392433221,-2.3325537875798332,0.0,0.0,0.0,0.4197480127582131,-1.4805213396633918,-5.985131568806945,0.13806774412786837,0.5399439538772327,0.14080525319804837,0.6890349824737406
-0.006558850582752344,-0.006979815807711057,-0.020758634569476537,0.030421604527381706,0.48621321794935896,0.22626647515644047,0.2105457408175255,-0.12199032691057168,-0.0019274862793722178,-0.11339685040871893,0.07671687072334664,0.01336286702669084,0.2539217479805444,0.23709134901217013,0.5822107678346893,0.04336813939998213,0.3709865399941402,-0.04915471078270115,0.4354121879827267,0.0,0.0,0.0,0.7139466387395353,0.7766870287228419,-8.55153878889408,0.11939982693366197,0.1924092062869552,-0.06541296565001349,-0.23465305349512333
0.0,-0.001089609210456869,-0.00593841061873416,0.027589748620334868,-0.48682022880643583,-0.2744132318522347,-0.07115812568475761,0.031247798142274498,-0.07802852312048225,-0.07746698676713482,-0.12192839151399953,0.12588347400656952,-0.010961196003270307,0.035899411024610535,0.06970474342614259,0.04692192857600925,0.2850108111974224,-0.007173379760108735,-2.3545900357039287,0.0,0.0,0.0,0.38965387478061503,1.0029073571281908,-7.327409602547902,-0.025297674045420195,0.03264771526189233,0.22815306919741574,0.9947695698033799
0.0,-0.012959017562865872,-0.006673220660942746,-0.02343616379494502,-0.4683203486932921,-0.20047384325009482,0.031738242131878924,0.0376643870850368,-0.037916944269371096,-0.028495620136548567,0.008614930060838135,-0.0036161836142414275,-0.24384891052205188,-0.11857471483119707,-0.6649997484995204,-0.22971967305852886,0.026928264903270032,-0.047634137634273516,-2.1465962445567905,0.0,0.0,0.0,-0.36604798213651024,-0.4884400107867932,-0.36743597289032126,-0.8920213009764302,-0.1406441175746165,0.09377700589293998,-0.8565741844334207
0.001002419570911266,0.009196434333100382,0.07245130327024625,-0.01749410479578981,-0.8369674082133621,-0.3567309450970796,0.10827008180445095,0.033284880853234236,0.008848969942959448,0.37417618816680964,0.05671767213782355,0.05388141993151258,-0.09394202629358968,-0.03167617548783515,-1.0563993479013436,0.1767580603248836,0.13947117158449446,-0.023103809369383776,0.43366440305578263,0.0,0.0,0.0,-0.6528317890608292,-1.1122316857516663,-3.7652450566904814,-0.9484190868426695,-0.09773979701395706,-0.12906553623148692,1.4369067519747274
-0.002143205787784499,-0.0007037504461272934,-0.0015966166209365194,-0.014254373262688665,-0.3376025845404277,-0.15909920023930868,-0.27705658835089425,0.10766475057265822,0.012732693138042176,-0.08382379917460435,0.12472892619119112,0.055380077329458946,-0.05649483919281078,-0.06529626208417304,0.24835898608163398,0.8591538770459406,0.26285521891446006,-0.06591132720731778,-2.6258699254426725,0.0,0.0,0.0,-3.5291021965074543,-1.4668845524711451,4.64229866164038,-0.7315897222012344,-0.1901043252342124,-0.07412892697722609,-0.28951882735988493
0.0012421546345809042,0.003720319561963208,0.011469432564921531,-0.008382012531414107,-0.3732753398844927,-0.17172850478304966,-0.1656750287104138,-0.3011365792710894,0.048414685601751384,-0.07582464591138025,0.05605811401366218,0.05446270167848002,-0.00436561505092517,-0.00047532063950714906,-0.12659459304135026,0.0018303811022476139,0.05426641887606831,-0.022173849617700712,-2.7110336999436453,0.0,0.0,0.0,-3.5490385565732017,-3.639031237694429,4.299520088662508,-0.1523460117104111,0.3982782204426932,0.10307365838415929,-0.16831661569917827
0.0,-0.01300950718993076,0.006942509913866163,0.006967468861772879,-1.0084899503202067,-0.6748080855682529,0.4490054569333392,-0.03803617707640649,0.029964035318096487,0.016566327409805938,0.13421215662984481,0.0008652993997549093,0.35227019854801767,0.41038050476637655,0.8630915761577597,-0.8067281012651163,0.24352819695562375,-0.045784255899532555,0.5608258370288725,0.0,0.0,0.0,-0.3547723720296019,-1.1692231709686947,-3.7380347817141404,0.09843967809937725,0.09546080714577793,-0.014239182227255405,0.8389084956564254
-0.0017328994656152204,-0.007481770748375861,0.04909525030286502,0.007531199397869623,0.18600744763193885,0.048486545468937686,-0.1905047103838473,0.08680013352490534,0.009846494611120317,-0.004228758321170105,0.17814415730722108,0.04799030115826375,0.06274550425456805,0.028514288363894046,-0.29301292738244406,-0.3847293723081261,0.25853631165100066,-0.019932539898449314,0.5813359583781467,0.0,0.0,0.0,1.2904139761556188,2.047981897627176,-9.391589625694671,0.24177522725202918,-0.09711262497362413,-0.12163474845407751,-0.2675784358255832
0.0,-0.013017937219809452,0.005161918946972989,0.014341824570677559,0.5325102897639187,0.3390339579586188,0.0807401895008227,0.033044695991984785,0.006079233481963398,0.04720299341582086,0.06014588309158972,0.033413073476563575,-0.07135746508038618,-0.0771120327792983,0.05552449080937224,-0.0024813879970888475,-0.3306573274311654,-0.03667240531325046,0.4974961135981113,0.0,0.0,0.0,0.640018084164499,1.1113616922234633,-9.158161961354146,0.5668247889569655,-0.13189528820818994,0.15069779179297202,0.7253709624801274
0.0005448878140122704,-0.03814451882586292,-0.03411482986380485,-0.0022860537490818895,-0.8554534733170539,-0.4251767440619039,0.12132529470370539,-0.2148079600334362,0.01944930119493487,-0.1119763884597219,0.10597643821748427,0.08103289413175586,-0.09375783702646465,-0.047566336993252016,1.48480273504063,-0.06150192224133291,0.12876196909966625,-0.018758904198283532,0.45151510355658714,0.0,0.0,0.0,0.41343422847642236,-2.2237012147011255,-3.956875389783272,-0.1834876834912133,0.0485105073994523,-0.07759943707664926,-0.550680415370459
0.0,-0.0007524218960151642,-0.014974945060503689,0.06419342853370166,0.6032189593076513,0.1940014774446562,0.07276257445504451,-0.06652446784285374,0.04900590620658341,-0.1022838919000236,0.12429642729162242,0.04761077141848727,-0.050501141171612876,-0.02479672349342276,-0.39069399717148673,0.16448811124791776,0.13479786322175139,-0.01604063679252197,0.6131474692521628,0.0,0.0,0.0,1.2525554362885292,0.4735017079895929,0.023181393499576985,-0.12307079412117401,-0.005177596206268201,-0.35900976077468644,-0.6878221963243906
0.0010632766157513962,0.0019675691440253773,0.015124913567902906,-0.04039273791535841,-0.4148109211196498,-0.21088599820227796,-0.1124142340372831,0.08583945072735646,0.056501167030049454,-0.0354366281980038,0.09759382229434477,0.05822126462791,0.06021888565522608,-0.019637017689709397,-0.6801911711165287,-0.22517105103767945,-0.05865771337534718,-0.03245221814944623,0.6098078521757669,0.0,0.0,0.0,-4.131594686822951,-1.786458159711585,5.01371622053593,0.3033621736729293,0.3614319233436244,-0.11597689266124973,-0.412694252551171
0.0,-0.011420378486592815,0.02046582023135063,0.01802536182717002,-0.9611783302368223,-0.6625996655452782,-0.010081956740405218,0.0210028628385713,0.012585127744814323,-0.11201848900740177,0.08851647838009695,0.021376861040417663,-0.13119587489493378,-0.1630061009978567,0.4135093037279389,0.2791140618950426,0.02655497410654004,-0.051811363290386304,0.4973835916085243,0.0,0.0,0.0,0.4223434928323278,-1.7605814930661037,-4.475528720189902,0.2955753481999501,0.4991683682579406,0.18240286776027606,-0.17788691602645995
-0.0033155565478082114,0.0057432027444989965,-0.0226897310560437,-0.001119923152477591,-0.22870241296303565,-0.05188157165120329,-0.15041432491215784,0.04056410764349204,0.011467123327685408,-0.03142910918374214,-0.38283533497418665,-0.29207279475548387,0.019442163973477866,0.015844744412858203,0.10425617094037307,-1.0959461833873967,0.0021962513523088164,-0.030239923564341444,0.5143161724319532,0.0,0.0,0.0,-2.3183865305544553,-2.3819902888868616,-0.656414672648907,-0.054407090661185695,-0.43658358750489046,-0.20456889287899732,-0.5614108453785744
-0.0020480759044248105,-0.00029633976714814813,0.037450861933269554,-0.000620938459481551,0.5521345601745838,0.20766815713613512,0.021866917929420148,-0.1234318996330306,0.01934018768306455,-0.11847062875776003,0.046472629294904054,0.04651057291841889,-0.05917112833553665,-0.0031575228194202234,0.0939932782271635,-0.20700458003184158,0.07047646116613712,-0.045624790532604986,0.6594659629628834,0.0,0.0,0.0,1.4152639256118573,-0.7183917496991292,5.171481545119898,-0.48995496311081466,-0.2449684571624342,0.22178248832250358,1.1275226290102807
0.0016828464839177407,0.0043659803599469535,-0.011729285468155104,-0.04214723620659778,-0.6208936362142694,-0.1521578207993069,-0.2631403617151991,0.06577733491498901,0.013060410705588065,-0.03263260812559548,-0.32333648526796643,0.10067694393268839,-0.05850995828006504,-0.37334022845355336,-1.2614483439031863,-0.07004772778619478,-0.1960079321486832,-0.022459816157753967,0.5535527953011856,0.0,0.0,0.0,0.7015290068999447,1.9647621832560815,0.1919969341266264,0.6160013500511259,0.04691457069099272,0.35344327153841787,-0.2786896375526534
-0.0051618846387094675,0.00478847775001024,-0.07006035703939595,-0.04235994945405941,-0.8079110863832655,-0.4226633741541539,0.15721454953677053,-0.0870589405603559,0.013498687001395754,-0.06570954041650251,0.2073957952328148,0.057727242625576894,-0.05531071453678187,-0.21699154728158007,-0.8382477803292354,-0.09769475367510808,0.02926412224637399,-0.05590171842218127,0.45125003588659784,0.0,0.0,0.0,0.2918613809958705,-0.2797414149118138,-4.214620725428409,0.2988589831401249,0.09433029307728126,0.42752960672523493,0.8577578090381707
0.0,-0.016742314277615664,-0.00573236044118232,-0.04901332105475071,0.5517743296667601,0.3709107180883259,0.05757234457084465,0.054879433809373906,0.013016662152443388,0.01895512893416256,0.09148115590233029,-0.049842570017740555,-0.1109573953737278,-0.14310475856672572,-0.16027002305989707,-0.09087326368388929,-0.07177175234095888,-0.03733590491135328,0.7493266330499605,0.0,0.0,0.0,1.1723083557284073,2.4081646189971013,3.716948404663949,0.17971003071405267,0.29189616608332747,0.3745424902093052,1.1873058979296038
0.0008027599833583367,0.0016586954370571096,-0.007641529522544259,-0.04025447595069432,-0.5757629432996361,-0.20400121800803803,0.18347036092407878,-0.26292514866418437,0.022237267580820005,0.32512455145239516,0.043432378713769634,0.07936302192732067,-0.125033662520783,0.04143387023228772,-1.287479760275461,-0.010053629975989933,-0.03221532087971328,-0.019334351905699956,0.5772171610589192,0.0,0.0,0.0,0.9490177698292179,1.0466872786419215,3.73327211449755,0.37798337181633057,0.12361449812515905,0.28731833531134765,-0.9193678671073037
0.0014919789547355128,0.0032443563960454862,-0.008032345704423322,-0.014811702864298748,-0.40387227477240706,-0.16721335157288997,0.016078247136859222,0.07185035363793671,0.04821333068414449,-0.04482357405057751,-0.22518710388197818,0.01723171195622392,-0.26899387163983446,-0.11595691605045798,-1.0642542633997234,-0.057341270706076086,0.08169384587307119,-0.02988474157478492,0.736464401175036,0.0,0.0,0.0,-1.103191711924136,-1.623875675342135,7.134750161732526,-0.5835622659896137,0.5242389996189173,0.504601890907124,-0.35241677894485723
-0.007648266453926228,0.0073873483664614265,-0.02685922925428213,-0.04283810710322533,-0.5009169534403949,-0.17859478186015076,0.1125989882207865,-0.11421357208990282,0.004048515317025225,-0.0660241119625942,0.06918004504322293,0.05868200403421457,-0.1358348946945003,-0.2519555572819957,-1.2071696677484682,-0.028926707874122874,0.05004827332010182,-0.05882241204856351,0.4802502561889269,0.0,0.0,0.0,0.6211029434418165,-0.15746128244991725,-0.261838094627844,0.21998462917514927,-0.2660123686088236,0.269037429324491,-0.6647129148833945
0.0006935574677727166,0.003765902537444975,0.011643730028980365,-0.0010451599493287293,0.4220968356280903,0.18290150209098918,0.02464193061810881,0.04698410827426583,0.009193178326077333,-0.09725085203943662,-0.15560576631290757,0.08101439406880642,0.20885666421281904,0.283756614103747,0.580235113524029,-0.370271629081933,-0.24962286952997761,-0.012686625141196872,0.4621067828200696,0.0,0.0,0.0,0.7757723210469036,1.5482568302016857,-8.905436347896755,-0.15724200544520922,0.09621625625931127,-0.08676742858893356,-0.49229819324797064
0.0,0.03420782510757931,-0.01454586210756263,0.009216589950394967,0.4775751305206549,0.29264540890508883,-0.29607477649825764,0.040719966514676464,0.01612737372510235,0.026895093229979107,-0.21836529401428678,-0.031295628308981756,0.1529848562779796,0.1327063992750812,0.7629414202862508,0.5496526097961395,0.15612372536856295,-0.0397556497704489,0.46583332079349227,0.0,0.0,0.0,0.6291232536595197,0.6597964612066005,-8.914517638688519,0.17457763746839852,-0.06233210463043904,0.043550741595052206,-0.3678973078687955
0.0012083512665947867,0.00531999031540589,0.014421905573210454,-0.00040157716082788695,-0.8937963275014876,-0.3605825276117924,-0.1180395439575456,0.05615428174681989,-0.08933621354326872,0.2753583889104677,0.08559433930449653,0.06502394219499841,-0.17395019483720228,-0.005545404650439681,-0.017434911641753245,-0.12427126966362219,-0.041593668340983,-0.01671871871001081,0.45835728601794806,0.0,0.0,0.0,0.3559209731919991,-0.4311508324298688,-4.319405949245119,0.5636982651126259,0.047829399617504834,0.24101969468171297,-0.5118875472103344
0.0,0.0034251496049242623,0.0036198081783297966,-0.027412849625053665,0.3972455810106261,0.18343785476778715,-0.19233453834430025,0.033891262599992956,0.027531645310222227,-0.05094036157939928,-0.019983060934381208,0.019955750450180387,-0.013291932453005683,-0.06760250050060156,-0.6194442400200983,0.6786265438196494,-0.11406242762241314,-0.010850754129482615,-2.312095112527639,0.0,0.0,0.0,0.6642351029947919,0.718259827885127,-6.754941124340298,0.197657165234099,0.14987356185090034,0.32372858906396196,-0.3429977513897213
0.0010571719221920757,0.010462956291728831,-0.044852084036102864,-0.02610535270185734,-0.6697872158291297,-0.29157415457953706,0.04641487779778327,-0.1408564113588361,0.016125938128353955,-0.051595275883964814,0.09700755468464735,0.04667638934609049,-0.09894060752725517,-0.15118228649213486,-0.7732864916796313,-0.04943125270540713,0.2317024268431334,-0.019539257697730378,-1.7996858124053343,0.0,0.0,0.0,0.42694348198662935,-1.9097947577900107,-3.3147385802632274,0.15631146461698775,-0.3969252058649985,-0.21294409915412849,0.08538217646771616
0.0018331609533828615,0.0017514486237173155,-0.009707255632538452,-0.00246169351990491,0.5917192684308062,0.29345997855145495,0.15757472137677167,0.06724704526061652,0.02445998187567548,0.004422044997722483,0.07297216565718105,0.05599882197574341,-0.012211425216057316,-0.11498048541161057,-1.3615721141981436,-0.18226694335106788,-0.17856242297217587,-0.016061538605931434,0.6776273440745068,0.0,0.0,0.0,1.4265089669233821,3.780556984275992,3.5828685317960476,0.11339912186990292,0.16828777025227762,-0.06932475317366736,-0.139108178877682
-0.006071351975880653,0.00825430903060158,0.019225879911931712,0.0002516768841522667,-0.5399947653765863,-0.23781553617750031,-0.04588879261620851,0.09693495328581875,-0.03365685731912114,-0.0070468488747229534,-0.7659408669263853,0.16189192481380518,-0.11481312927240044,-0.08057358407114125,0.3220717050181391,0.045685329439439454,0.18456207785554632,-0.06071239570134363,0.48238980576490365,0.0,0.0,0.0,-0.807611821001112,-3.071883474241318,-0.44028683108911226,0.2101389870996905,0.19068755158247852,0.0003743272327722891,-0.44773939122663337
0.0,-0.0007524218960151642,-0.07311138410380082,0.016689476191468,-0.44706056496727836,-0.20563726840195218,0.6321736032295434,0.044919065030747884,0.05503208573828811,-0.15749786627390258,0.011334443575847715,0.04939364736878763,0.03481138383707933,-0.08197833955649217,0.19676716076824574,-0.6861880884900077,-0.35119664745746204,-0.012433585624192297,0.7639081108897015,0.0,0.0,0.0,-2.3491782066435,-1.155914920848923,4.606368603365038,0.01973836172941201,0.4932981647005154,-0.1382538842394349,0.7163141331284869
-0.00074548198650766,-0.007952933657717662,-0.059169391523880316,-0.0005711419642238274,-0.16057424794788866,-0.04056605938664857,0.034425856301117386,-0.09085976706144079,0.07151997796852592,-0.03025379490310939,0.1617788682554159,0.03172154177940239,0.10295878449525225,0.16495474847415162,0.42499851990876847,0.18368678502204563,0.10688582596759892,-0.016721808357233497,0.9223436223842187,0.0,0.0,0.0,1.137638753825642,-0.13227638715271572,6.478204987212606,-0.13731231625438844,0.40720707674399936,0.22390342786007666,0.6313026356801231
0.0,-0.0007524218960151642,0.015962751836873085,-0.06464341046682946,0.35139091306645676,0.2178253733680757,0.07299908214797189,0.08617176202482174,0.056983438297169016,-0.03897910401817362,0.05521026375410943,0.04828237092614446,-0.10877122467436287,0.03812590959440297,-0.9649257308154374,-0.045642823231146754,-0.10425683791589116,-0.020371850746736152,0.7364047590139509,0.0,0.0,0.0,1.2300734645374098,0.2816004258243967,6.636293569392064,-1.2929741009991178,-0.2574624159879101,0.13712481661819037,-0.19825576251731206
-0.0021311352124437307,0.003352431063036157,0.04742163983952998,0.00481242488506234,0.6032360916354699,0.20877784571770466,-0.5257562625904794,0.06390515199924054,-0.026732764838335907,-0.05259648567377917,0.19331948314518047,0.05679767449441199,-0.09951848385653399,-0.20011719445680143,-0.27548065585169906,0.09908968263392716,-0.055791927089703035,-0.04683009078628277,0.6046375392679837,0.0,0.0,0.0,1.3051612394707908,1.3353541522762158,3.728783531237246,0.4893075476045378,-0.1457139756382267,-0.15262603533703534,0.279060562816966
0.0006243564774793145,0.01296063713009698,-0.015153422726993724,-0.003778061731347581,-0.514247852322381,-0.2789622588702601,-0.10091567399546864,0.03698499003673425,0.04902302436848878,-0.12151737833800214,0.09495429392540264,0.06578887852660559,0.21850590603906103,0.17848683703660423,0.7054460429769932,-0.027717836411699982,-0.1589734502293548,-0.028676347971527006,0.4923496383345759,0.0,0.0,0.0,-2.526282381209241,-4.308027404026117,1.423096924957961,0.08000068447515148,-0.49753144634954793,0.1694617249485352,-0.6432068750167254
0.0006425749721021065,0.0045632955198231405,0.01397130034203128,-0.020351093142743068,-0.5358530744197504,-0.29110533496379365,-0.020012600837359208,0.1505603799026383,0.06184039358567574,0.5272236475166989,0.11579992278757173,0.050423360413490714,-0.03309983059552035,-0.16432671004985405,-1.0709571192867686,-0.10292586863824206,-0.010602871117613252,-0.026312471349487724,0.4430741293403987,0.0,0.0,0.0,-3.3601182094908375,-2.2000193910638988,1.5397992122115414,0.14786371359575728,0.25170376676410866,-1.1842071982003233,-0.8981176621409304
-0.0020144461809784332,-0.0005112549772158273,0.024730600956800127,0.04617666895914856,-0.40515261468007463,-0.19559950862198097,0.1952469334413691,0.11252970677402872,0.007893826381638975,-0.07118473953095356,0.08821604474038057,0.06557429357718748,-0.12346084971404701,-0.004347534165878067,-0.679731063488874,0.0472638338654177,0.21204628324369545,-0.07042615603664908,0.60842706627073,0.0,0.0,0.0,-1.4694372583087938,-1.2669698158578375,5.422987259991127,-0.6669040473910554,-0.23083131748598631,0.12404725807833136,-0.25937670876282465
-0.0006078284071797313,-0.007034450758907159,0.026556811091024344,0.0008322902211359568,0.25016844557159024,0.03930369346460333,-0.02271681712395139,0.06874500628664135,0.007744821973027813,-0.019727624698054443,0.18201503223315213,0.04079365158151189,-0.057404666782367414,-0.03816281947721199,-0.10448926902508983,0.17884636967991943,-0.056033816176632535,-0.016085597855606648,0.9518531977613681,0.0,0.0,0.0,1.7967135992209056,4.119633793576827,3.5963706173768255,0.5102679278451411,-0.5083644184123136,-0.07899198294845348,0.549050279138478
0.001919851943268871,0.004138155242446994,0.008763218141340361,0.0030844098787164475,0.4508136629086261,0.16385822392544516,0.2773092089844141,-0.049197332569231055,-0.20038146346645147,-0.06760126184202636,0.0724099981713378,0.10424417958541524,0.09444314679958137,0.18303793117748804,0.892429647983715,0.15196725713884066,-0.028474764996753475,-0.015033074165813003,0.7465760731141425,0.0,0.0,0.0,1.4497725555892917,1.6839773122607846,5.261491375565955,0.1287785975593451,0.11756190419257241,0.09769113328351436,0.09652212318215954
0.0,-0.017127257538068437,0.019099727442183436,0.02535398833446449,0.5626964961614753,0.3294852356186863,-0.22113009500391692,-0.03386593317408244,0.04685094007345899,-0.11826455390094259,0.035264269726311644,-0.02260682310735024,0.12784446903038238,0.10268770136108468,0.21959778821262999,-0.10538341297095132,0.22066184329442087,-0.03454149945726797,0.7542249455197618,0.0,0.0,0.0,1.2662467712997327,3.1848817383525057,3.624192082251972,0.38491935274967637,-0.01699305350056308,0.09583071165753625,0.8019488834532826
-0.0008573440239794406,-0.016103254436368383,-0.021663918683529536,-0.0008371241957508916,-0.16097378486093605,-0.048104148708616234,-0.21570558235850498,-0.0029069761083709757,0.00852510818583427,-0.07201484830939961,0.18244212220930126,-0.05393749196612244,0.04055978724116728,-0.08409123617590529,0.33437063306945064,-1.188452525109502,-0.008397083988236628,-0.020664709448962305,0.8765367947496164,0.0,0.0,0.0,1.2601315937561939,-2.558093144338558,6.144782309133842,0.4722768509094108,0.26584574119192994,-0.06916638335946176,0.8358607369411623
0.0,-0.0007524218960151642,0.0031455505426169882,0.0398945350871669,-0.523631033894744,-0.2186148347342213,-0.08506253888585788,-0.03226786993631795,0.03829152992185424,-0.07762513457357607,0.07856979020840792,0.07584145180388667,0.014815578137196616,-0.050051810959062686,0.21472132609943778,0.07322540624490145,-0.0461354467987487,-0.008265666520427012,0.7909757531649985,0.0,0.0,0.0,1.3276729311616322,2.1638071888935912,4.02624317945417,0.10829212711661226,0.1673022174965488,0.2509975303021554,0.8545785148281364
0.0,-0.02118331607427415,-0.003551875911451007,-0.03054114446764966,0.4774088573860025,0.3058369717245845,-0.23900995248598905,0.02513049486778614,0.009474671103489846,0.010548388036170347,0.11293423556263818,0.02938159311441612,-0.1206436494871261,-0.13693595641743042,-0.4673245050492128,0.02438509815887379,0.06268201909015887,-0.04160689054415586,0.48842870502695396,0.0,0.0,0.0,0.622587728331628,1.292052590825036,-8.589904410906506,0.510378218668103,0.0061348170103408435,-0.01598400624330175,0.0012783425448537097
-0.0010023537204306469,-0.018444732251015908,-0.07655534516797001,-0.0007679046007141199,-0.15007579851033545,-0.043765721637000134,-0.33034700037243003,0.058118339885323216,0.016970879971073896,-0.00052684240847397,-0.6334690128450152,-0.22111993921678985,-0.1075591009593595,-0.09597046431173849,0.3345776066186006,0.7106335735071947,0.0011676466449891943,-0.022799323361594258,0.8496419942007246,0.0,0.0,0.0,1.095188194941328,-0.09680867610856542,6.701362553488142,0.5314707474231049,0.1998638815806979,-0.048609192702225065,-0.890526219332338
-0.000885624719303445,-0.035522775723661096,-0.04053566915079889,-0.001119923152477591,-0.2720183531865767,-0.04527354323335824,0.17044493521854404,0.026177208274256535,0.026201142906422597,-0.037575175687694584,0.25841736470030624,0.035395752320134005,-0.026371770994771615,-0.03770135384069492,0.18685458635133945,0.08902227165189869,0.06591180229371968,-0.024818037863602226,0.6621865294812237,0.0,0.0,0.0,-1.4804661919353657,-4.02708281690676,1.5993551827862331,0.3565024874366364,0.09036662307696067,0.44735324023782835,-0.5546024372540478
-0.0008051499057227518,0.017618321649054792,0.055601874193205496,-0.0005711419642238274,0.23848416416713106,0.05174796115040757,-0.1567275377016398,0.06761088728556522,0.01683450904641198,-0.051928999477211926,-0.29782019659940195,-0.013589015887741288,0.18075453237911396,0.1353110395788998,0.7033598088404842,0.13605083767354845,0.09816066465381956,-0.015399807158283686,0.940297457362331,0.0,0.0,0.0,1.0330426723066795,0.8569603594083658,6.153629380985037,-0.04169274197990095,0.08619122897255767,0.2584765039562313,0.4803318848725508
-0.0008563932921095919,-0.012863653973715809,-0.08311733099952559,-0.001486736084626793,0.22341942833853973,0.06189546101368835,-0.17603963010933962,0.1000646327873587,0.0363690990673564,-0.015401182622215992,0.17052778850824857,0.04609754135753461,-0.005469213843898919,-0.02183502859251353,0.6334956856904493,0.33614444001319116,-0.03054326028513162,-0.019349176954173167,0.9304788970574054,0.0,0.0,0.0,1.9070884623777327,1.8264822581974618,5.8967337877408275,-0.4922136585347458,0.10788373877581747,0.2624337363657064,-0.19716195765377756
-0.002205985905282067,0.005244243355582317,-0.0014669926205443712,0.0009652528774217852,0.5358730592732904,0.18160695966662732,0.18170272166448334,-0.0973902789746502,0.02147244379404612,-0.08575735714220692,0.2013975158509616,-0.17343872483750558,-0.025043919004114026,0.03794335385159544,-0.616685118265511,-0.38132842867487493,-0.22707818328837656,1.4835520158898972,0.7379587523678827,0.0,0.0,0.0,1.1946405681149352,-0.6870520297762499,6.241985839088404,0.18011364941431382,0.22632775601057628,0.24686855876567987,0.9481740379847724
0.0,-0.0009829111838494278,0.021334246624247943,-0.029566133478215826,0.5005646737905316,0.19918414275123686,0.079392772620986,0.0225221456285317,0.03090422882509907,-0.07133852189776997,0.1346185101865096,0.11118776305086715,-0.08860307800901697,0.04546192223340775,-0.7196879451390646,-0.07861202435469557,-0.22394920728790924,-0.01351964003449245,0.8104883153788213,0.0,0.0,0.0,1.2489028309371615,3.273238078389844,4.995912264808373,0.2670746828992509,0.09883164638572269,0.13733344364437627,-0.12330599374825404
0.0,-0.013477242550702286,-0.0036223213616902324,-0.04972306445035937,1.12175778965768,0.6335193471956507,-0.5314827731876316,0.052194857330346,0.014481511083690569,0.1681271410718016,-0.11919357510603648,-0.045794180142125294,-0.23926015351859825,-0.09351310755483808,-0.30219411863270307,-0.0715748174726809,0.05645669774993288,-0.03521784475943539,0.6541628794594915,0.0,0.0,0.0,0.804019510973096,3.442813479747153,-2.3628482200389027,0.5664034895120308,-0.003811561611799974,0.3881659621807345,0.5080266623172389
0.0,-0.05136734195770793,-0.0024719509593043388,-0.017077151924131704,-0.4385906925453757,-0.2283405129825309,0.49091041139002645,-0.25975184388018063,-0.4407622868482643,-0.13278369316466113,-0.0178149932465695,0.010390090144747014,-0.20339668340877662,-0.12930308061166176,-0.6457833658268488,0.06548276020520993,-0.38065461294443004,-0.06381648254086683,0.7092955608430975,0.0,0.0,0.0,-1.2134313623961763,-0.6773568600708202,4.962439230854177,-1.1175763749665981,-0.16773920267182513,0.027045631095073103,-0.5348674702343884
-0.005650378225690271,0.0018185967227961055,-0.04745958034058472,-0.05173066386719811,0.8746623564293944,0.2876183365215151,0.036888661868970135,0.06262763809868034,0.012760805811898203,0.006455337179043092,0.06342782909425825,0.03635731813351195,-0.11558699624654402,-0.16846662008997032,-0.9023211558829191,0.007779707351380633,0.14383304232304917,-0.053072562134466636,0.47028745962966784,0.0,0.0,0.0,0.8084950098668182,4.061079737483196,-3.3128652946517767,-2.5974860243551126,-0.2524810292139598,0.15770991706101276,-0.4451874601096387
0.04866651883976775,0.0017635155834049964,-0.05469888760591807,0.0043068423769654736,-0.40013538090284256,-0.16700229851977966,0.22092781884263654,0.05824722610232547,-0.01674407146495759,-0.08583718195337683,-0.019361288486704653,-0.11975363805797302,-0.06463369235871819,-0.010781686572078363,-0.2546227762622324,0.0863930832631633,0.11648401947576718,-0.04929158202974202,0.6700282066715094,0.0,0.0,0.0,0.889045396560507,0.1988335956222435,6.674521036195409,-1.3487039039848834,-0.11345562665822637,0.4549643260686826,1.2433025335272372
-0.0021405746362094876,0.0018156108938599037,0.026611329122537337,0.006989585399436768,0.5699022854616866,0.18083409928816638,0.05570793019313713,0.057706059883361395,0.01914239448072466,-0.05421924325978535,0.07535079800428801,0.06503591111696488,0.014255245111491224,0.10078618721050024,0.09731208623775622,-0.15937273086050457,-0.23113490963038785,-0.04121877753441112,0.6630212125565818,0.0,0.0,0.0,1.3779490258783398,2.089034299172702,4.859215886912711,-1.1746003180548448,0.006286926559571354,0.37594421593458627,1.0448549250248118
-0.002147055558130859,0.0013585827094779001,0.004152265815438885,0.0022324022792662634,0.6784676667338755,0.20417146309890738,0.14056969237795763,-0.061709325046559356,0.023188367064846994,-0.028909677733217457,0.07624529815412255,0.08153506711273578,-0.08168952790728588,0.016840527107592755,0.02895173153090426,0.09042237685555243,0.003788435132952133,-0.044586447147300895,0.5959537266907251,0.0,0.0,0.0,1.3696640818631707,2.778424384208055,3.4138614981165802,0.4801123935669591,0.026507880561179423,-0.8526268050838293,-0.5509004945132646
0.0,-0.01290980492136121,0.008078674218948763,0.009799194307104735,-0.7851817169779839,-0.5918936405187892,-0.06346249770733214,-0.10185360849386799,-0.007127968564094064,-0.037355170792213684,0.03351776832177863,0.011320583761419322,-0.06343762950336142,-0.08553579732704975,0.3417866404915535,0.9990267602948165,0.017049423460158412,-0.034615987729136356,-2.5307622678711437,0.0,0.0,0.0,-0.32168830958159456,-1.4010667937890309,-3.0866587330956867,-0.05830923091857868,-0.3932179991199981,-0.16493094214462822,0.8147315627451166
0.0,-0.013647715947974804,-0.0048847494083611815,-0.026498640063328215,0.47210421789954393,0.29671964331772877,0.1082142970794378,-0.028680062837929846,0.04458779484957404,-0.08829297906586957,-0.006339054148868151,-0.005101731677386779,-0.07447021113196917,-0.11722348702439166,-0.25371224508872453,-0.07794905285979317,0.17646768423043196,-0.03424009631815379,-2.27598482443629,0.0,0.0,0.0,0.5763294358766884,-0.31142027842338393,-7.762971213638284,0.3445112718494028,0.009893139144098161,-0.21629290922828154,0.9793725539365405
0.0015457641294807267,0.0014282072261911024,-0.012641932367379621,-0.006071792706737656,-0.3943187120414269,-0.1965208479159631,0.21244850475154453,0.11041296904141214,0.05937828052240613,-0.02577595013708835,0.07237732788407963,0.06547504446069144,-0.11969744618036512,0.0009853607969983475,-1.0249826889126104,-0.010576011570762052,0.13140758256482787,0.61985429505951,0.7496470291029471,0.0,0.0,0.0,-0.9500092595396334,-2.8523388891490473,7.680678495536953,-0.26640150854552924,0.4922177799496897,0.3824576933089084,-0.6187030162978501
-0.002150147991847843,-0.013164764875873373,0.007087308574147393,-0.0048891998727208395,-0.6588136836042123,-0.1968628722634413,0.04078633097423041,-0.11087502000836742,-0.024239062984403488,0.8160857228423608,0.16001647422661847,0.02499542645845908,0.07051143575504405,0.1342404239797877,0.5596663630091938,0.313975721116283,-0.3196196266499592,-0.056021600986816016,0.49821777544391327,0.0,0.0,0.0,-0.5912989258433043,-2.868742724331374,2.062381229603707,0.4806659929195069,0.051998023486737904,-0.8155113888108961,-1.2716166183791253
-0.002130614504364328,0.0009897558630623383,0.018857187123417853,-0.010587706755246453,0.5066331209861649,0.1891590556517441,0.1875430039009056,-0.09554489022052204,0.027926740052824774,-0.03626258522392948,0.06613949768731477,0.0724108743233673,-0.07953975187768791,0.0002545845124748835,-0.6474094061492712,-0.008223903826070264,0.26135951153528214,1.3795676858554422,0.7136947568911278,0.0,0.0,0.0,1.0718820526244377,2.3497891922598857,6.1711630377213655,-0.9453373769316471,0.07481395193024871,-0.033980940061069775,-0.4259715324779008
0.0,-0.013191776464083713,-0.004009436945435024,-0.027305464580618333,0.9564309175913439,0.6693845585909813,-0.0778102820780717,0.03809616982687487,0.006137292974308308,-0.08578832099224618,0.05986528268614406,0.013102005748582408,-0.1813419333002024,-0.19171275588433426,-0.4323525596639914,-0.20563462349500056,-0.6360944945999207,-0.04855800600062809,0.5773758587616048,0.0,0.0,0.0,0.7305119335798272,-1.8427684091312317,-3.1006579997089907,0.2338694364079224,0.30597274412914965,0.15409608339118214,1.3608021722195855
-0.0005702603440131741,-0.008479949382890017,0.028001386554768706,0.0008322902211359568,0.21314563047991938,0.0506373780496848,0.3956658125681066,0.1499461472448991,-0.04865000913441337,0.2632522976390864,0.189718943969444,0.03314465831771769,-0.05108055231739474,-0.10128154382140074,-1.2008903919397813,-0.4017915018401552,0.2721167851092979,-0.01301957928190359,0.9602290168827231,0.0,0.0,0.0,1.6883117202931988,4.094704374752764,3.449834878982925,0.33282161244336655,0.5410109457797384,-0.026356071326623477,0.9608396855380887
0.001662564592148105,0.0054393446289836824,0.014442777796659402,-0.008387729946191861,-1.1691698272399427,-0.4108551239162512,-0.39944511269227395,0.044290384520550743,0.004633475170853102,-0.013496984251606956,-0.10475392660179514,0.07238124141595124,0.04857697871139827,0.001535738237994294,-0.5940851090168068,-0.3942252809404787,-0.022365834888135757,-0.016688062890807633,0.476341409818451,0.0,0.0,0.0,0.3356395924518119,2.049052074596282,-3.4859260474773412,0.059502151849092674,0.09094461215030263,0.11105105592383513,-0.2947087030550042
0.0,-0.0007524218960151642,0.02406369779249886,0.013598335711329883,-0.5258306048932945,-0.20230051895335735,0.011783658027555715,-0.09608227768634685,0.0675223467283584,-0.12357777140913048,-0.0005671634284359025,0.02881690997333239,-0.08020444397366414,0.010522433598411329,0.4505173605671858,0.13103958006278804,-0.005732354004561726,-0.01821372211161318,0.597935256606254,0.0,0.0,0.0,-2.553919296091841,-1.7235532121822026,1.7067713535967142,0.2143829202452094,0.7344750726836088,-0.41146170197412196,-0.3279541435281851
-0.0016878759528397155,-0.007963246444061042,-0.004312203943549387,-0.0007546162593607665,0.1416365836095116,0.03158855432477962,-0.11308039393202014,0.029563901762082376,0.002644462299923405,-0.016081171814521303,0.16432746080513072,0.030712230689292304,-0.01705606539480377,-0.017309207087967453,0.30505328957761046,0.09754777790224871,-0.14700487969520426,-0.014135535094666514,-2.9047927665434687,0.0,0.0,0.0,1.1718267186752136,-0.8729429981984371,-7.355651773233435,0.3684202466091087,-0.049624475425495806,0.1693469576797545,0.7618565181045375
-0.000985815352553449,-0.007800412638865123,-0.006069280123063752,-0.0005711419642238277,-0.16825134795003246,-0.04544918526335103,0.1659288567843561,-0.01630156382863931,-0.025334966868606684,0.2961233021028074,0.13695324377308257,0.028072946797052536,0.07701273802409912,-0.0632082073179306,0.7225474950229717,-0.14466004138734312,0.012075148838212925,-0.015227645143893792,0.9036405095732166,0.0,0.0,0.0,1.1432864288064715,-1.296347538806801,5.232011511158327,0.33431012183155984,-0.6842387884906211,0.18223869498392165,0.7711096038128464
0.0,-0.0007524218960151642,-0.06057490076624039,0.012561797238858228,-0.37519149849604433,-0.19609944680187227,0.03136157078978932,-0.08156046567033548,0.05277278932136388,-0.07039347478248559,0.05010106337854812,0.05113731346936574,-0.017011112745472987,0.000423204671766271,0.14273633209899095,0.7877847825587161,0.054339805184381765,-0.01645712975856932,0.9173647068362331,0.0,0.0,0.0,-0.8282034351927335,-0.23746957143024133,6.815727368486781,0.40908771973353136,-0.15127043306490345,0.17983889188239996,-0.1384908334015475
0.0,-0.0003089210789274375,0.002414041492413858,0.016492031796840046,0.4103996274364174,0.20838320129440213,-0.09779623391598946,0.056406953323300715,0.03590329187973923,-0.07276202090324098,-0.253353835954606,0.02094568823686639,-0.0673151002531002,-0.01561341919053098,0.6484178081769306,-0.12009325859873549,-0.2660494848810263,-0.01922335045046191,0.48217312363397,0.0,0.0,0.0,0.7638625038988495,0.37383973903845336,-8.78987432430287,0.028038456184656054,-0.31789786396652997,-0.09509554972723978,-0.10339879356669011
0.0006963374838316604,0.022134610276424296,0.012876948994680712,0.007974975687424326,0.49734379980864546,0.18619069295426333,-0.03278026442932848,0.05178482462046424,0.007301492019994568,0.12083527893740667,0.0779591279370017,0.08379907757408807,0.10198117990326717,0.20939176951185087,1.2375485056863889,0.10505011803082312,0.20494937296546575,-0.011442110074324139,0.4840355205969634,0.0,0.0,0.0,0.7708066701804053,0.38820845659881675,-8.553221367514979,-0.005641111036082284,0.16024388334239703,0.23582923682365534,-0.3042347873923714
0.0018727605469867857,0.0027623645417599353,-0.008389754439626378,-0.009907718584675103,0.43454810891639484,0.18077210600562382,0.054937673386517935,0.04738904762407195,0.02746235760025274,-0.01629672385783633,0.04911838500190455,0.10949888271628143,0.021072758972158052,-0.13047001563982563,-0.5464267753341275,0.12422544515423027,0.17084854442867714,-0.015919012360397944,0.7442692674745933,0.0,0.0,0.0,1.3954552426652989,2.7395343048029,5.676570818225777,0.09118570742467091,-0.07667424127701068,-0.0037783082964494667,0.5030375848226815
-0.0007879526879165524,-0.01289223405981038,0.04445221202890819,0.000852150015929555,-0.1374948617764425,-0.03764724541738647,0.03197632130182147,0.02577473070989027,-0.05325110044249115,-0.04004435239580442,-0.0199348935251986,-0.07476678189411887,-0.05277226866535374,-0.033603042099939674,-0.27246697634234485,0.3559581652938546,-0.15665130188237733,-0.021462618567591768,-3.366126040011547,0.0,0.0,0.0,-1.6471681050034066,-2.3527186994871694,4.852958297819027,0.1814819374354855,0.03125710447789,-0.23313242184591643,-0.1742581901651383
0.0,-0.018234559755366378,-0.0059209168969621044,0.014666006637711606,-0.4426404476899944,-0.24211247537019137,-0.011894301330968225,-0.3458406379512466,-0.3104488653947761,0.022103111081107973,0.008781910959386926,-0.00013039804257845004,-0.14383195715439362,-0.08534133460994732,-0.11240678686981402,-0.046063959938063816,-0.15086409683550073,-0.046484294396951,0.7453816959703807,0.0,0.0,0.0,1.160434473804795,0.07510198333022276,7.97626430061219,-0.09219337424597127,0.10566985315336203,0.08263860480508659,-0.2941544256740145
0.0018284844272083887,0.0012416108442756325,-0.0044501701296760995,-0.01324850573193832,0.48944217809496193,0.193554304046763,-0.379131526595306,0.06770771711801658,-0.0038444206930925286,0.1110968265386744,0.031559548707991776,0.07557442179961027,0.054386861109348116,0.0007112119051880044,-0.6867452955619852,0.15975126857832178,-0.30683464816568295,-0.017259393577126116,0.741558685449966,0.0,0.0,0.0,1.3765013983704752,2.994234436796168,5.31640901830646,0.4524280440143372,-0.13340478550983753,-0.0034249710399547654,-0.12931161961765578
-0.006523242550278876,0.002491754309050931,-0.014492829218809714,-0.010810195833599058,-0.9279968327794282,-0.448510073973689,0.22044914389493503,-0.14168170679593026,0.019754204400099135,-0.03262874424789791,0.16460242889826643,0.061307077221470045,-0.09008586185191152,-0.2143503546682976,-0.9054917086763398,0.04827559271410094,-0.15961587778687436,-0.062109286613814894,0.40685131611860664,0.0,0.0,0.0,-0.5888933073109637,-0.19570257386378354,-3.89262430526419,0.20951349853361848,-0.17224874471158014,0.13455969877153082,-0.44004922233945537
0.0015248353262643849,-0.011986397602399518,-0.01265960025731554,0.006829358061039987,-0.4911684350531183,-0.20915958738401294,0.1027270053694222,0.05592856362159212,0.03484413358379911,-0.07965998173156044,0.1180631710275471,0.09065120898912371,0.11410616640842218,0.11226916207733624,0.9395907622425202,0.035324962547638554,0.14657583321777545,-0.023935298708823282,0.6610488547990874,0.0,0.0,0.0,1.2880750169176314,-0.7734284937679815,5.9785883681601035,-0.014456411051258188,-0.4404957175396232,0.23827682266921335,-0.48555669797480555
-0.00496069355924124,0.003485364781626942,0.013625375915162314,0.024642265488867873,0.7046779537149402,0.23701128879755387,-0.05148195288628503,0.0668655664174487,0.016492611095039363,0.0013159725285738573,-0.5674508634944023,-0.2512084809156856,0.04063416493211343,0.35756917062263016,0.5742503069988046,0.1266074568855196,-0.19614439225992075,-0.04674651722285045,0.623447320133199,0.0,0.0,0.0,1.31751530609424,3.4094634644307926,1.3120264226298806,0.6678488948660103,0.16594365772736944,0.11909501574108532,-0.3022449321473454
-0.00569016300092632,-0.016898973833140617,-0.009516423634603994,0.002904437166956058,-0.35232571874446267,-0.1487320835109797,-0.06791563919968165,0.10186985842196267,-0.04453139593350498,-0.07403176195205594,-0.5233416886622652,-0.05924150478873545,0.03717342703343151,0.21938559826691717,0.7898103175294976,-0.19332985563616903,0.14866853951896652,-0.04567958031746859,-1.9428996436952723,0.0,0.0,0.0,-0.7374825730374038,-3.131775381528528,-0.13410904962220613,-0.5625564547930443,0.2613236534570988,-0.2791046213502028,-0.4298801175818845
-0.0018975559323818115,0.0011971462286931977,-0.02490164117037412,0.0005165177533806641,0.6555456288645105,0.20624268951296923,0.12139855892632154,-0.102774346950837,0.029507050005098463,-0.06527590796324574,0.0664225010950119,0.07374538869466825,-0.019162341585445816,0.03044483799386329,0.1768813641484736,-0.018588342523915283,-0.07478762900706121,-0.038560176720721026,0.6719817405591281,0.0,0.0,0.0,1.4652602751866468,3.306699408632597,4.681328599441037,0.5735830030743158,-0.1632184133269481,0.03176563498896843,-0.17816598847732865
0.00074158866862235,0.004333554282705575,-0.01343715349153355,-0.01058548696899953,0.47394420522706854,0.19070610011684974,0.06726363859661212,0.06605632036362047,0.008691426712683433,-0.08938174502504108,0.08630004184654268,0.08523505829186351,-0.023056670430180982,0.029362762359898834,-0.7517384621552756,0.10459530744303225,0.09399929612938362,-0.015411914720109499,0.45917377709382795,0.0,0.0,0.0,0.6885514216731096,1.188731722658712,-8.747924949475873,0.4518686379571209,-0.09555443345390444,-0.13418187706125867,-0.03616282337535052
0.0,-0.01312360392677539,0.008937287564258392,0.013773748681934121,0.7823543566441563,0.3144801830956513,-0.11414731465281783,-0.04133496319057035,0.08545221290037322,-0.04699856858803834,0.10268198556691574,0.015291422573686065,0.3110493404834902,0.5696269384194717,1.079695419783174,-0.37602195789849624,0.6415101302166591,-0.04535950894929571,0.6380424589618553,0.0,0.0,0.0,1.0198005033885744,-2.131185434669108,-0.6575985113489258,-0.2844166013423816,-0.015400770749521403,0.4703504922578447,-0.1491482677902086
0.0006921843568159752,-0.04061922995932701,-0.04736951919412978,-0.002318994674677596,-0.47626387062116354,-0.1742791192149784,0.07454316756735435,0.09052070839571842,-0.20537599137663023,-0.16552261550203,-0.39398585068553305,0.045998796732539246,0.03602005287344803,0.19975018314870532,0.9859720984279698,0.0574648657508309,0.05650848449374606,-0.028964856854719473,0.44090079064458304,0.0,0.0,0.0,-2.249149283507004,-2.9441993154328845,-0.9171472770467746,0.4094061834138858,-0.06969895900567515,-0.33805697002124574,-0.8620122162531751
0.043440174550954246,0.0013585827094779001,-0.014749488257683747,0.014242050550306607,0.5775470794483721,0.1881131704258722,0.040431013332565574,-0.155934640902684,0.03358681020416723,-0.08935687053264395,0.09548564264718296,0.08780492114683087,-0.07363485031261456,-0.2532136834659075,-0.8671937182561947,0.00441491790644796,-0.1285700719422412,-0.04329052532122595,0.6446083264463341,0.0,0.0,0.0,1.322842443213449,3.144041263104618,3.7434916377266734,0.6140900792996558,0.47800126133902127,0.14349181114080622,-0.6017862132118716
-0.0009233395445490238,-0.003649848609372082,0.0310299873445343,0.000852150015929555,-0.1504040616368336,-0.03675660963925137,-0.12901819177043677,0.052078868242169,0.015061490235753497,-0.01908370907316791,0.21975764092101324,0.07646472738831667,-0.04364769692940143,-0.10084285705175482,-0.9468651085003723,0.03276126603552223,-0.10880941616196958,-0.02433329131232383,0.8311569250498264,0.0,0.0,0.0,-0.9264005369016363,0.32088776150508114,6.509208312327911,0.24847180552123002,-0.7444830472600971,0.07734491118767692,-0.1906883707656579
0.0015053580475871697,0.0026049048780269844,-0.012719039910614988,-0.015892057905721416,-0.4200884946877276,-0.1857969353066347,0.07820248133005475,0.09628359317934551,0.056859992264877326,-0.022896922260806665,0.11868261545328537,0.067281811852288,-0.17570528471873698,-0.06961297961857026,-1.730063237459665,0.27943640305369266,-0.2284356199835996,-0.027277261747164917,0.665653064692603,0.0,0.0,0.0,-1.4207528492501638,-0.777138518451114,5.5443673210214595,0.3388426641968937,-0.447849584047983,0.3794483548608413,-0.3474836304968914
0.0,-0.0007524218960151642,-0.004827673143961511,0.05348920057281304,-0.48295738267400073,-0.20539702668216775,-0.01610003421276728,-0.062119503631175764,0.03776345758427862,-0.11708047587557688,-0.1664381709051856,0.19498764665352175,-0.09549161041302345,-0.0691572965952011,-0.2588505223384654,-0.03517474273586987,0.09236398980968331,-0.014799293471123435,0.6035151057382414,0.0,0.0,0.0,0.7531268091163361,-0.7846646824166337,0.16790074601930347,-0.03110679313948117,-0.002523328767148908,0.19038139351778113,0.41898834196200313
0.0005880829733751562,-0.04114599942215588,-0.041576003423726804,0.002617654043922609,-0.4296451792990476,-0.18481865703413475,0.11709865287155927,0.16187103326756813,0.0036846624085523595,-0.029118589126560658,0.12389248449822048,0.07900356823832982,0.2322668956095527,0.24289272921296073,0.847988133703538,0.17151932868733757,-0.37538950404596183,-0.017525255474129333,-2.199462572757499,0.0,0.0,0.0,0.5439589722181432,-4.0308406679306215,-0.24068887265175581,-0.13131393722447243,0.012923455039883932,-0.5540220426641396,-0.5784111584577444
0.0010644954879790553,-0.0002792654646636538,-0.01258221903177963,-0.00733367698326974,-0.3524704537435757,-0.18851895998812293,0.11072238587074072,-0.02389356811261797,0.029387697272792224,-0.07758084885017644,-0.4184206585274628,-0.11563044136958449,-0.07534451914357741,0.09933603640909879,0.8116981229839564,-0.039792887704670196,0.09364226346066623,-0.023626781286207283,-2.4597264177779823,0.0,0.0,0.0,-2.3081570612667957,-2.1641557253813146,2.1199488870833956,-0.6052476911816533,-0.35886052211855246,0.17847767149473923,0.2833339962492289
0.0,-0.01541536773725758,0.007050591136586348,0.016389501787151872,0.47867158825023715,0.30681825533109686,0.10723736613695545,-0.029106769630584256,0.029747551043280075,-0.06017026017399958,0.05228172495871454,0.03642143286722652,-0.13282799893113867,-0.12295798996213583,0.18941355245623506,-0.06839435964148237,0.2074448966483752,-0.035468995261437986,0.50803670008331,0.0,0.0,0.0,0.6387126500806817,2.441163948482208,-9.492038463142167,0.3785293251538531,0.13992119330866207,0.0369507875948078,0.012264553117741255
-0.005504312451721362,0.007026463670093332,0.014674221785548636,0.006210993115375056,-0.46029782929692303,-0.1647028549580867,-0.13911315723727444,-0.07677361062479851,0.018182020769830453,-0.1457227307177517,0.12741900679681753,0.04355644671253381,0.05413083787873304,0.22019442036746717,0.24341925102552361,-0.6670120259801441,-0.3462968605865755,-0.06494680206478175,0.4279689162550927,0.0,0.0,0.0,-0.9637127162937427,-1.7323148013030651,-0.355688342909647,0.3866322385614014,-0.022278913827042453,-0.9656802538923733,-0.742667619366692
0.0,-0.020386430268031597,-0.01101779081362689,-0.051903989615392006,-0.48860046084298053,-0.28025436374926893,0.17552424871396613,0.035188121008231064,-0.10829092078725923,0.008298443624637107,0.08206166418480926,0.03822202319916153,-0.05503311073034887,-0.028042716312570628,-0.5677718041135841,-0.644652028494101,0.4449989739927987,-0.04221072705217504,0.7066267573540441,0.0,0.0,0.0,1.2356866632257628,2.4503208700810584,3.976272283588594,0.5136194691555566,0.4178229553515477,0.35660443869906444,1.4170427468259457
0.001320247841642387,0.002080733591015566,0.013954677732466695,-0.008368399234609386,0.43016968552748563,0.22619924180083859,0.1549392074394359,0.047970272968406995,0.020594001187957577,-0.01570139423104361,0.10929504669378413,0.11915042553344436,-0.03905429727651494,-0.12333322873118126,0.26691467125056356,0.07292167126115227,0.25995363284738565,-0.012580266444927884,0.7358324805174522,0.0,0.0,0.0,1.4271551777805007,2.9265646040782936,3.899225979477904,-0.058541763366831735,-0.0933726227730526,0.3339642286123479,0.9732232490483472
0.0,-0.020079936362696466,0.011557311850367041,0.04251070602320266,0.5693841921891513,0.3292027058537061,-0.00918135061483535,0.05505504303180912,0.008887570956899394,-0.006506126958065329,0.10975001584660089,0.03666315774500658,-0.11332490565549086,-0.05818144804338289,0.7464007371082213,-0.009925557879046247,-0.02718888718658078,-0.03928717240733168,0.7468436612757072,0.0,0.0,0.0,1.3376846368888655,2.91150427253738,3.3548216779030233,0.03562330923894081,-0.01713683856898763,0.10848371157884895,-0.34677932023484287
-0.0009699661017939914,-0.026618818185385716,-0.006832887243487559,-0.001119923152477591,-0.21828172616934702,-0.036642692128519276,0.027815896532571625,0.06705537605706342,0.027740521545288586,-0.02965192758206039,0.23273906803846225,0.03721632812348221,-0.06872722685926219,-0.07533058077253275,0.41973206225078946,0.4439115864352317,-0.1321372692018562,-0.02264746300149141,0.7294569293171507,0.0,0.0,0.0,-2.625636195895085,-2.036157578690095,1.9630511075258021,0.029223879553335323,0.03188792576924705,-0.15455446294861488,1.4819239599448686
0.0,0.000632536890548964,-0.007739276876806455,-0.048765282459950224,0.41355002826932524,0.12765379877690683,-0.5524265183977262,-0.1780789851688104,-0.10276101650744174,0.24928558448610094,-0.1224570926408931,0.015172303740106332,-0.047936356688967466,-0.09699005386075782,-0.9071497783298464,0.07538008999961969,-0.10611544387177996,-0.01341128629972195,0.6272454085256258,0.0,0.0,0.0,1.1384090212649378,3.6943531741347053,0.76875797066573,-2.158540469279535,-0.025763442247559463,-0.11008006385095702,-0.3161532730008402
0.0504797762985913,0.002020931066400794,-0.011555278381685337,0.004223961367990409,0.4863425577459941,0.1637534205859619,0.06460847608245752,0.053329595354848096,0.018812026672449703,-0.03306986101909951,0.03527567025682221,0.06002172635613713,-0.042502279897298774,-0.07293470665608727,-0.3008905407075883,0.7179097372397735,0.28861384738144563,-0.033027383212189794,0.7214319600178156,0.0,0.0,0.0,1.3260863983593363,3.072385528848822,4.912050770882948,0.5034039105378539,-0.010262539459193261,0.12527150723764657,0.6558476578159422
0.0,-0.015235678984633981,0.010232764274658808,0.016716807806335388,0.46284716772793616,0.20385970010638463,-0.1289257894442612,-0.08467437366197135,-0.09982631937816923,-0.04527257450566614,-0.13106578796990948,-0.5340982884691555,-0.0009457135633331858,0.0967856313483587,1.0754769402174371,-0.05791022823046896,0.1437556246900021,-0.013699313778305595,0.8084762041868369,0.0,0.0,0.0,1.3147174346200199,1.6234479249793126,5.861988606624958,-0.6256897221712051,0.12236192722323389,0.29460743431411823,-0.31076341002014823
0.0,-0.017588645612451916,-0.004891529144305853,-0.024492349736017677,-0.5419640028434237,-0.24350140963135375,-0.25516674511054893,-0.14848539834605715,0.06937638617336472,0.008254411771515749,0.06199913791195276,0.03510867882703878,-0.13422385787545021,-0.13165879921493828,-0.5445139547731801,-0.03862827397103201,0.02683337566217507,-0.05072592778971653,0.582869715341083,0.0,0.0,0.0,-0.6214496289018858,3.3698976410341492,0.36606718885178363,0.14770752678990226,-0.26318116044738515,0.013400106703414226,-0.788678786031892
0.0018485659191838674,0.0025010442616518907,0.005946317856964076,-0.00805154714998817,0.4519954325950863,0.1753069722168569,0.04098161927861101,0.0998566834647351,0.03800244781101088,0.013152430898224524,0.050989588381693304,0.08532823273324679,0.017003543765905915,0.026753114290461975,0.3108522473212016,0.14547974411804282,-0.0404485506113351,-0.015021906122393871,0.7686797582137137,0.0,0.0,0.0,1.3557078994883722,2.5252378763686254,5.727655453912004,0.6018149399779236,0.5020530826985643,0.24103217057349277,-0.21830326516215895
-0.0007748869008262367,-0.02742491820953347,-0.16616538390730803,-0.0008371241957508916,-0.13822454966770584,-0.05450385069215318,-0.15152335973156894,-0.05115340636141701,0.026424794545155905,-0.07478130756657952,0.13508641129008564,0.02611586106058176,-0.0011443231672352463,-0.036105430221324765,-0.2173375274752022,0.6293734000713788,-0.14317340823149155,-0.020636149485340337,-3.9068209590696856,0.0,0.0,0.0,-1.066761963335482,-2.6932566491236054,5.145493967195279,-0.157956234196699,-0.11822601424690103,0.3576190256269427,0.8003938314930298
-0.007388737398809848,0.005058035404628655,0.05833852312396628,-0.0048082476009254985,0.9726498636017867,0.28252007277375263,-0.07688200044899239,0.0822365465371497,0.0048834267252849456,-0.02874936345757935,0.04668939846556277,0.036976686484290616,-0.1130884185634634,-0.2745042680723926,-0.3437339633903836,0.000592728796455912,-0.20336058921980882,-0.05272477331289753,-2.322291982949508,0.0,0.0,0.0,0.9240206320859539,-2.83926195075623,-1.5043982265767832,0.8324994023384815,-0.16166512290379867,0.070447570611602,-0.20974000635510373
0.0,-0.0007524218960151642,0.004399742462893149,-0.0678769862129829,-0.5311654370566409,-0.20030921900119403,0.022153553297986732,0.043368479997939614,0.03539909784389,-0.08004457607170021,0.15765600403765975,0.05221567520689141,-0.04753612931488009,-0.12924040550978227,-1.1484743390100844,-0.22990386078757216,-0.43273359603697775,-0.012275084837058026,0.6325019289924556,0.0,0.0,0.0,0.9691892442429406,2.3214950700055583,0.8228844377988676,-0.8520043751900868,-0.2280489242577895,0.3305471687009598,0.09860704790827185
0.0006748849196488353,0.005774481511740308,0.011614320275156527,0.0031663000204806904,0.37833833541754575,0.13843781599317564,-0.02059684172945389,0.06972355767911187,-0.007836130786177741,-0.00514830932369892,-0.1209928257088923,0.04474425421836931,0.07318579589956015,0.30037080403308736,0.18820527595557274,0.00784421960863693,-0.4733179324668859,-0.01772716701393759,-2.0919499429318598,0.0,0.0,0.0,0.6697184490403756,0.06138114133357578,-7.748830019373931,0.4085352118494818,0.10913310839636263,0.09555591750983329,-0.3393276425706034
0.0,-0.0210126337136269,0.008722348466248685,0.03564811997801411,-0.39587580035741354,-0.21364070886174308,0.0035655098243506157,0.028744055490605967,0.010514001545211413,-0.029976953965328935,0.02284684688435659,0.02574149679345257,-0.1529416093187843,-0.12798963244177022,-0.023358625801792966,-0.005313967839784169,-0.005393145169517074,-0.03845363181168958,0.775212984080072,0.0,0.0,0.0,1.1089753831896416,1.308617409558877,7.272593173134692,-1.4736892833403852,-0.026375821190192467,0.5316559456429604,0.5858714985054738
-0.005675907546836558,0.018706575926688118,-0.07897743361906404,0.016762967129698384,-0.332574006496647,-0.14932412259651853,-0.8118215775512442,-0.11495725747457294,0.012783297221729675,-0.07266927978163482,0.08322112031451738,0.026186839984225486,-0.08106900716775127,-0.13825215625564033,-0.531816865930211,1.1597204119521527,0.2168497964005727,-0.07052450213507219,0.5305579235414718,0.0,0.0,0.0,-2.736681420855234,-0.9884211883907518,0.48607769048502986,0.42271435344732833,-0.20398090278282735,0.2553643989522866,1.5878571433382442
0.0,-0.016057265648847328,-0.0026580355749230055,-0.02925278546451355,0.4940160378872856,0.30244660495978404,0.008369905532540804,0.02350516252256317,0.03470694211013084,-0.023238902203359245,0.02913968117795802,-0.027188052779355983,-0.10200085512478166,0.028623131968751735,-0.25766803436920993,-0.18629196239525164,-0.5584941704309714,-0.03944513618267041,0.48854668427569337,0.0,0.0,0.0,0.6345360607324361,2.6165583507434027,-9.103179498433626,0.21524878092531144,0.027119971599570095,0.013633108879787142,-0.02893582312186171
0.0,-0.0010867808414418189,0.032857063286147466,-0.014103979166376512,-0.47276752236061204,-0.2330396378145772,-0.030434176216012642,-0.07589449060633328,0.09284249832303508,-0.1367285250435656,0.004624544163482807,0.035392173535601576,-0.026595026931965072,-0.00023090292175885225,-0.7174754905157751,-0.011857772391064093,0.01819740907756323,-0.030883624877349372,0.6833478075786977,0.0,0.0,0.0,-3.6932715040307817,-1.5644550954817675,5.412083685711116,0.346319001737596,-0.5230553226219604,-0.6354353677208588,-0.8957809672767805
-0.005160046505539037,0.004995996117942794,-0.09376493892922552,-0.07259733512430774,-0.9099823934342431,-0.47979854302628117,0.14944967385352503,-0.12211997423403897,0.020400509000842896,-0.12820685864994474,0.051010701439041906,0.025362341034630007,-0.06278091120136078,-0.2971303447145721,-0.8840067927707631,-0.16904282468273152,0.04534327072083321,-0.053325914575689255,0.4776491723483011,0.0,0.0,0.0,0.24787024013190595,1.7550751686089912,-4.5353279529270765,0.38833077382231257,-0.3103896235071701,-0.1596908674563638,1.1943913509309552
0.0007942552275486,0.015744292990748497,0.055336924528577296,0.0052627489819002445,-0.40007393433461225,-0.21336470465438154,0.011170569746028225,0.1321999488674999,-0.11287778895362702,0.4166989368172998,0.10234265567467671,0.07257851148508795,-0.03182873087270216,-0.04651289520769392,0.9618312062931266,-0.015107905541961085,0.12588524871485815,-0.014904810490006876,0.6417416993101942,0.0,0.0,0.0,1.0701014215628677,-0.8809241451335313,3.714597973822545,-0.32771454779355086,0.22412541534246555,-0.13192991476123297,1.2179501336463587
-0.004213089384658803,0.00397138928078776,-0.11249273327276277,-0.047237438517196466,0.9513444092510063,0.30235761283312834,0.24829032362059922,-0.01602221797535469,-0.0636284278646287,0.18706803555801044,0.03367566860429269,-0.024603576775991506,-0.029440816130340237,-0.24635340926596225,-0.9311083941063479,-0.001533479986499943,-0.08243284620630022,-0.0470743403156623,0.547330357117713,0.0,0.0,0.0,0.8061052322968387,2.3297507161147393,-2.933328616032392,0.46708528118602005,-0.2570606684563051,-0.03869606765410541,0.8224680332448924
-0.0023030153621221806,-0.0025125869538511056,0.01689179901252084,0.0022039319427544844,0.16853214227850388,0.03448925579750587,-0.09661129825486936,-0.09736075034701439,0.05197108450005402,-0.03860123039528347,0.10609127203501925,0.03433155409725235,-0.08710658463261281,-0.10408007496024924,-0.6651691963161966,-0.026273216655999965,-0.18476904200095012,-0.017445192847680445,0.5492526676518321,0.0,0.0,0.0,-0.04595733961511333,1.1450622633313068,-8.59331010012066,-0.4629382486894796,0.04657155159234765,-0.23271664382409793,0.8969826890305631
-0.002231229654577657,-0.0006791820599241313,-0.0153815559410467,-0.0268878919403231,-0.6328266956535278,-0.24596273053622889,-0.19729610995719205,0.10329677826980586,0.007768907517459865,-0.24581105056988928,-0.6594200526358596,0.05375509289711528,0.09706176769851374,0.15413096780364827,0.7821213639086466,0.2221419838226327,0.18787756188096752,-0.07515894287833462,0.4667722985089313,0.0,0.0,0.0,-2.225429042858828,-3.9884191409057754,1.4594453752090562,-0.1530942021103129,-0.17384591070002947,-0.14486757288506974,-0.5653006218574261
-0.0060374595176358545,-0.007195512345702272,-0.11267481708746911,0.031126722800255677,0.4607075377892743,0.2193900956478948,-0.0415833856355637,0.04312854946999724,0.010594038966436735,-0.00545301410632364,0.10259288505814763,0.01121348884507428,-0.011850264686581949,0.1813157239306891,1.025118923712065,-0.004414459587529406,-0.09832327512695034,-0.04656192174372245,0.4555620439830445,0.0,0.0,0.0,0.7511059147765106,0.09816165516159857,-8.242353620622632,0.05929191546401126,0.14919901449801368,-0.01643293198003163,1.1158492453631255
-0.0017328994656152204,-0.004330987745350627,0.042351204084716015,0.007531199397869623,0.18571627260563792,0.05347138479766257,-0.22346939659930262,0.05175667431374016,0.008044027587194729,-0.000397295984694531,0.1720795514188175,0.04663954339068736,0.020323998549095477,0.018405315274105185,-0.4306256167730446,-0.31867197624831173,0.25702399391294695,-0.020769138848876934,0.5746250070342406,0.0,0.0,0.0,1.299162386301343,1.5857152870627458,-8.803271216348232,0.26349986291556093,-0.01369619787626992,-0.3273935486399969,-0.29392981059956536
-0.00099922267989469,-0.007551048251708378,0.07481219255570677,0.0008322902211359568,0.3917893011020026,0.06772163052884031,-0.25891228015101075,0.08487595697875652,0.009787191725346355,0.003347208100585909,0.1491373836735731,0.04244019779659833,0.059510278221064306,0.06156234933436063,-0.5538885421905039,-0.3455092111235797,0.2687885898306901,-0.016404261385761006,0.8515643483958816,0.0,0.0,0.0,2.5101498580321917,3.802908407389086,-1.4428090488168848,0.6193040961362756,0.33094818560908407,0.19760107485388942,0.42033818360335473
-0.005401067664026609,0.0035360265066089647,-0.028523055630921394,-0.026723555241788693,0.5244422192968787,0.18547724859804454,0.08499760611395507,0.09984736644737065,0.013368599183392183,-0.004339095314373573,0.27009622859928517,0.056647212109579646,-0.053815369414097196,-0.27548814814409395,-0.9072945567640062,0.11811441655553868,0.032680350075616545,-0.04746302055595834,0.6052715588486925,0.0,0.0,0.0,1.166538936618218,3.3993077092324357,0.8367312251947616,0.45690747473616955,0.14423896343461073,0.26157532915342047,-0.09190657632441983
0.0,8.778838790333911e-05,-0.005784107925977402,-0.07851901690424407,-0.6443680250479489,-0.23485010798080397,-0.7939909456537031,-0.008048811184366747,0.011852807166931522,-0.0782482764831253,0.14943755687651272,-0.03813837823292395,-0.04043843118197914,-0.016651322921340906,-1.1904224732811945,-0.025193438108251497,0.23193525446512372,-0.01313873778101359,0.6825177576769245,0.0,0.0,0.0,0.9487926034223712,2.385419734890761,0.9207194151780963,0.12937344023647296,-0.40451164090772995,0.04823251568722228,0.9518677814864627
-0.0069120744458385204,0.0045389869142664265,-0.09001593339814651,-0.03066377859355358,-0.9031581838494289,-0.4955318427412792,0.19341020732201525,0.05243724416469527,0.0027979801251749896,-0.0017759062961295116,-0.015292101339338672,0.019488570717912747,-0.05261242777710037,-0.12837221654682113,-0.5867086835933946,1.0935505243194372,0.2966684043210112,-0.0481987528755576,0.49597911518188753,0.0,0.0,0.0,0.1613543356206377,-0.42726045986814204,-4.275023821151836,0.24005617124575312,0.14444246389384852,0.28588950242304284,1.444178812348543
-0.0008392418163616945,-0.004680223995605452,0.07517933718495505,0.002282580257870751,-0.14614530382655064,-0.06432261259096937,0.004716887630383777,-0.27628873275687554,0.031742255165765336,-0.07906733347918068,0.12622619827922138,0.01575285199152183,-0.07149021050033742,-0.12813237386040807,-1.9977657611455006,0.02238585770244694,-0.14580617448924674,-0.019392063785900547,0.8673402873816961,0.0,0.0,0.0,0.8661909117685647,1.555868632399141,6.302022272931582,0.16942284374600083,0.3472357339655851,-0.21031917650364118,-0.5971826839488991
-0.003223254416982966,0.0020641072465917994,-0.023173334413480445,-0.001119923152477591,0.2457629970270283,0.03946562852142489,-0.25477071721490174,0.11188078033995283,0.005052868083566012,0.116308387942194,-0.18928337667672926,-0.11732460148555907,0.2251987184453435,0.19838770880216575,0.29377859299831016,-0.996388880981312,0.1664500637298905,-0.021392543014002775,0.6863450370645593,0.0,0.0,0.0,0.6519441064318902,-1.9826170200391475,-0.5396563035229682,0.635118516043785,-0.23493994658244402,0.13340494951408657,-0.14826819607697106
0.0007862655427473475,0.001022328639614722,-0.008159108906019546,-0.01892314659321784,-0.5002292470975696,-0.18110682978611436,0.10720250581388738,0.04099371276358105,-0.05947465522377484,0.18283142946052866,0.06262754372781157,0.05081299528412161,0.003988348990537098,-0.004505114998752102,-1.1907780696371868,-0.3263918013760861,-0.09147256624054202,-0.019446937396884426,0.5592847842863569,0.0,0.0,0.0,-2.3418008243490216,0.1760940815593284,2.5276191417947285,0.49215742785156935,-0.08107565043772134,-0.04219893656195053,-0.4992423546385943
-0.0020676832872716065,-0.0018859423804479943,0.02855650248567593,-0.01952631760631622,-0.5610240289560244,-0.21331349106597888,0.07495626746316476,0.11578956873414177,-0.028381898756879062,0.561710831184414,-0.014824847766235258,0.11521011609554557,0.05887366607807679,0.037488178313211225,-0.2010306394598837,-0.6634224278698553,-0.13018022365227658,-0.07206265096319536,0.5021150615359261,0.0,0.0,0.0,-2.3762067260393085,-1.8827520771310402,2.1033865293228984,-0.34101228341245254,-0.42937862415586514,0.4624308138756678,-0.36057964564748485
0.0,-0.0007524218960151642,-0.026603137405783798,0.0161437434692957,0.49501422115720994,0.2618141503731781,0.01736054410353723,-0.11687108824870279,-0.18788267330063302,-0.04127604195121915,0.08271313634601915,0.06065015249817208,0.018098267515062466,0.08922373203564889,0.2346813921025199,-0.012457592296678494,-0.0693238440687475,-0.012082343573334181,0.8295421080068843,0.0,0.0,0.0,1.4636792262931457,3.1797378353925705,5.309600442364648,-0.10905287193093136,-0.07895021824448568,0.08775397314924824,-0.1493125073944987
-0.0022302490271350756,-0.01297824459589176,-0.07164314710680475,0.0027765533333574894,-0.4841036568117638,-0.18014839890553186,-0.6304122884533117,0.06384945694947365,-0.030809089524691705,0.7406783051792452,0.12197827453279232,0.015034115291279808,-0.04770013891335713,-0.1202074864119231,0.19165819505206222,0.8752701534397108,0.17508324802257744,-0.04789297704421574,0.6295537741774355,0.0,0.0,0.0,-0.7657655709465181,-2.965052095567029,2.739460020263311,0.3859135854014155,0.43114861281142736,0.07400729499646491,1.7920697110731567
0.0,-0.0009829111838494278,0.004490462554268516,-0.10762787562257631,-0.6097018200346578,-0.21154339603045128,-0.008813804758977134,0.03858824972767412,0.04729142666175044,-0.06418736177671588,0.0232216853480272,0.06381413866301311,-0.02128528780193844,-0.11769117668940864,-1.189499938703292,-0.21086621970562563,-0.03313240273204997,-0.01692930888696086,0.5907978454694386,0.0,0.0,0.0,0.726397415220645,1.5179189479389443,0.36749144619624513,0.413627500095958,0.10364216842175407,-0.6297304196314527,-0.5338700383442296
0.0,-0.010438194233889428,0.004331791319283759,0.016641961459864338,0.5348866985148762,0.3363082817360455,0.031881108431552486,0.04950127343666112,0.018739665950347303,0.037033777327184866,0.10689825235268183,0.04160168613068852,-0.0807842125856138,-0.06081359777716495,0.15637942136745148,0.09300797674400914,0.25839023057851346,-0.03468554214807988,0.5012395842310511,0.0,0.0,0.0,0.6838418258271504,2.6688818474272122,-9.49532275514382,0.30198051587338276,-0.06364149622096828,0.08810248212154947,-0.21584367196478774
0.0,8.778838790333911e-05,0.003042008289350162,-0.0472734147901122,0.6313684196226037,0.16923250615889057,-1.044969733235848,2.849401331983146e-05,0.0540260261986198,-0.04066271807526866,0.08218389579700253,0.0625295978562459,-0.03820238855748234,-0.1350660242502798,-1.6512565833878108,-0.04226334279175565,0.12362314193721484,-0.017240580097981874,0.7123148272506993,0.0,0.0,0.0,1.1818612172765244,4.4672571566699775,0.944826129772384,0.48206445582786583,0.35543439529341536,-0.3348390470377672,-0.6769402763363882
0.0,0.002792367946117799,0.006732407434588121,0.006961608359492125,0.43192297994168055,0.2286237966578646,0.00799048386865026,0.03240835457301708,0.0396945739077609,-0.0595512053698986,0.06969350960846901,0.031171450454288197,0.0799993658810078,-0.041826136517028045,0.6845851504016595,-0.04995916602144858,0.22020861441403178,-0.013064897758036124,-2.1134632118624297,0.0,0.0,0.0,0.43221187017154994,-1.635282755013007,-6.260670960695965,0.29989612625263323,0.16990290629699414,-0.12224621448891214,-0.5601065224433865
0.0,0.002892484104215504,-0.01625855972311494,-0.0996145053911358,-0.49513631669724784,-0.21891429820301322,-0.32258357164713475,0.03996367632289464,0.04782472970167226,-0.09707977923719996,-0.08179480358092063,0.032933927196722876,-0.03074831885653782,0.03088611397708929,-1.1443447088515988,-0.1069067751733263,0.1169645863541231,-0.014054352750364143,0.6565344287325969,0.0,0.0,0.0,-2.731215845252765,-0.07301380706060188,2.022805499449731,0.3711233557596054,0.09413147251750884,0.2429323829381367,0.9612758314576887
0.0010632766157513962,0.001139767255196595,0.012546839987081065,-0.006492268395125685,-0.4005034493045238,-0.19901068021656707,-0.23610043313560516,-0.2548428811828774,0.044824247170036705,-0.07443787612291498,0.05472346392263,0.052121045650683547,0.0169110934030381,0.005274777665700146,0.20316022917132578,-0.2560649400084734,-0.16687194531093782,-0.022253715437690905,-2.5035798906663924,0.0,0.0,0.0,-3.906601530602385,-3.5802125532668465,3.8324667697903236,-0.17782598772883815,0.32573666296654635,-0.2593338489283948,-0.5355790240399948
0.0018284844272083887,0.004720460349091311,0.0055449082621999435,0.009918097772771696,0.5118670100793757,0.21002576475695162,-0.13352992891333737,-0.0009238192971644033,0.022936399578956473,-0.005824564607210363,-0.037781395836451875,0.07339682199064487,0.09563190705520262,0.01200503378062335,1.2023028665221653,0.1066644176354753,0.2918825493201597,-0.01761004879777002,0.7249147100483366,0.0,0.0,0.0,1.3060804696980222,1.8480685810972484,5.032131050621994,0.24488450081041216,-0.39282773654882924,0.2859225883175871,-0.08993567360548271
-0.0008072745194628922,-0.009165294146338796,0.02350616508631694,0.0015526451854315977,-0.1806586304097257,-0.03894535545578551,0.36062059587894757,0.021340797789349025,0.01558251433404411,-0.01831495567626552,-0.0061726819190440155,0.01028867806947534,-0.0877603879559296,-0.06976455606624882,-0.5604400629300778,0.5082472205206581,-0.17378639417860522,-0.024745621118399598,-2.8917983292592435,0.0,0.0,0.0,-2.9330463935296525,-1.7871263347708661,1.7880552676918302,0.32212369994089635,-0.41488350813186775,-0.2654154752079423,0.023966291645073384
0.0,-0.011752658414429667,0.005968959962870437,0.018606699189755712,0.42921687741947556,0.2570461303241825,0.08470073119235286,0.04373812154688056,0.022907825440411707,-0.014186002817418143,-0.2909716588868697,0.04657545610358491,0.14855136647655726,0.42118256895283174,0.5356625699891477,-0.05659250268028375,-0.2941165306852329,-0.03753677625116694,0.463651981242161,0.0,0.0,0.0,0.6229069807716178,1.4163005887089253,-9.221842153291067,-1.053871195007552,0.38549969363271847,0.08243023388403249,-0.2887542143636596
-0.00589360581008857,0.0021192709165495567,0.020062137888839527,0.006111549241887611,-0.4563161094189609,-0.16949880925200564,0.12167111487141155,-0.027536695207863237,-0.03455658980905949,0.5616840956240184,0.20520100345461875,0.017207108373738202,-0.12936658517133826,-0.11334538766202998,1.1134713023561422,0.010870659792189711,0.023969376252594404,-0.05483667995991739,0.4644035846372783,0.0,0.0,0.0,-0.8935204158253649,-2.3932497876156824,-0.5502785885788857,-0.7054900940503962,0.06897613835188153,0.2022191365504167,-0.6241120787058911
0.0,0.05734287495069036,-0.015715577648370248,0.00805032698883608,0.5959266366201413,0.4012357903656418,-0.10935233743991221,0.009881390971976873,0.03296743240482759,-0.02776665635451414,-0.5091557926377099,-0.016216967088414542,0.29422163450236793,-0.003027733464348625,0.41544368682506605,0.04157269568637183,0.25118131584123343,-0.049049753787072804,0.6662771252057634,0.0,0.0,0.0,1.3935402281608364,-2.1107578683271115,2.8344296429989653,0.3559501477640051,0.16296850023988532,-0.1904476239429112,-1.1393709911407184
0.0,-0.011210935871422101,-0.003446363630481551,-0.03630189716336328,-1.1778987436704689,-0.7862409515998018,-0.47288059566514684,0.06324383068070615,0.02881612244958222,0.010880856912822976,0.11911322074104941,-0.05610911659925083,-0.11961548349984713,-0.09080436875969673,-0.32816188142242203,0.006083817760701633,0.42853716762602667,-0.04120652271346115,0.4768405615749736,0.0,0.0,0.0,0.3154671491785523,1.6640476291660684,-3.4978706853914074,0.2425658596738158,0.2969002361785067,-0.10898227356972662,-0.5609043972799092
0.0,-0.0007524218960151642,-0.02737081303893039,0.024913365800860617,-0.30096172182514164,-0.19065407145464644,0.0870728438463728,0.08246360722941225,0.05594504150073807,-0.06046934093558449,0.03712197477251873,0.052704105709413536,-0.0019268086996414673,0.08919144409966884,0.5009546538852951,0.03523149578438689,-0.20946731371436855,-0.017353687671497767,0.7770557139737456,0.0,0.0,0.0,1.3321779165351129,-0.07069280190845714,6.6776187246044305,-0.8982830521161385,-0.1450069021430541,0.04396515575176294,0.17890826961960726
0.0,-0.0026760062280052465,-0.01144795643631648,0.013254479705121575,-0.404403503102631,-0.1331814929924448,0.087461991523813,0.03658628638433409,0.03572376087151039,-0.14386369513520478,-0.15824449944562916,0.26590930596316154,0.5005281264878002,0.022947334703036296,0.34151030594845944,-0.18468113976873707,-0.17463164068772868,-0.013511382050257594,-2.4318902044193806,0.0,0.0,0.0,-1.6246724963772465,-3.2917514505112266,0.16409192674771916,-0.2362271176191828,0.11021631842814884,-0.11970045707324091,-0.3772935049402499
-0.002288221891667551,0.0491580152205214,0.011469253762994628,-0.0011199231524775914,-0.2782915416240229,-0.046540648927232815,-0.29845245126047343,0.028947301416518703,-0.03536962397365155,0.16806798906306192,0.1222969156713376,0.03431641936899824,0.18899286563813228,0.05743577707559144,0.9348775004966597,0.284745583568746,-0.1271506070444929,-0.0180977082503281,0.5880321917077366,0.0,0.0,0.0,-0.5693495357112309,-3.141944514525508,-3.845256432735175,0.20885632643906143,0.30466631334499406,0.315225845104385,-0.06572990352307148
0.0005407764344333816,0.0077208187871037,0.024723031981125323,0.00019889421970763855,-0.8460727190853076,-0.35932064831348753,-0.1905958034069706,0.014995007505018693,0.01779486633844063,-0.03684834819127492,0.12475871809007916,0.07788054766181282,-0.0904722845185101,-0.07630660542999429,0.6766456707801881,-0.09163325597099657,-0.11466430054203056,-0.02401686068415736,0.42369599144515124,0.0,0.0,0.0,0.3798075810890379,-2.092194095503773,-4.287611670498101,-0.7135337315427865,-0.1822954948478052,0.33049597093009714,-0.5171490114486497
-0.0007845093982427353,0.044247722754713836,0.040265852946571576,-0.0014867360846267926,0.2309959330477374,0.056461172745631165,0.12438374402577543,-0.1730047960197594,0.040529165073995274,-0.0710483893292054,0.178522604623655,0.03848901426224161,-0.016909754498346353,0.0026770145227250045,0.8152623560601692,0.309913382524227,-0.02855627938919598,-0.016642202738533604,0.9557126464422515,0.0,0.0,0.0,1.8214558333010826,1.297537842878625,5.277836313711316,0.5742413651126517,0.5003715324141141,0.342458405964928,-0.09502172863021491
0.0,0.00010381096531655507,-0.0014985855693327157,0.022387869002849954,0.3185263695251089,0.21190384818169722,-0.27466302304815293,0.04981161333256689,0.031970270129013253,-0.034122801127878445,0.04214171546084602,0.05702878338982242,-0.05362255240445878,0.0034208776386685747,0.5502895066075085,0.1317675765157345,-0.09552320078212886,-0.0098124260883696,0.8441679784767895,0.0,0.0,0.0,1.121200237742766,1.3836680807962445,7.019695083641059,-1.2938699413439976,-0.06897154054509336,0.2620417816104053,0.6660902919235994
0.0,-0.0009829111838494278,-0.0036694579559563645,-0.1705865316782332,-0.6776742371210257,-0.2523969717132131,0.01918319960310478,-0.036731268687250594,-0.1351803126098262,-0.1062353995332218,-0.2821712763044044,0.0035718695804386634,-0.025841170295797505,-0.022411755355797505,-1.2967219196970001,-0.0402857809583963,0.3468428886406959,-0.01078080929370959,0.6674546514828842,0.0,0.0,0.0,0.7905437977903333,1.0242132321755455,0.26287342734525043,0.4335754413189814,0.06514746487368872,-0.1374295177591744,1.2612878919260238
0.0007177520955756351,0.009664633633520837,0.015633490642732267,-0.0044858787762413034,0.5189406586778709,0.2009918267743386,0.12645621860613207,0.058640291921428486,0.009630150680941404,-0.003123575520666878,0.11180563516484092,0.1136701797794041,-0.033368159300011656,0.12897238044485326,0.4148315393586238,0.1582327975351949,0.07359797879898185,-0.01098021012018651,0.48339640716877463,0.0,0.0,0.0,0.800265464654134,2.2366806447536938,-9.210566724213507,0.07539118797891504,-0.23270269011583036,0.23129688339976234,-0.006753672202315852
-0.0018189459612570947,-0.007119960860505347,0.009521160419718287,-0.0014502041301042144,0.18376296769879016,0.053009621388367845,0.054607645980663526,0.06428910415275299,0.00615706753913988,-0.008165247061833894,-0.37736772420859654,0.028624689231406444,0.09667302078733403,0.1906253602169259,0.4005227370635355,0.07954433697150366,-0.12611878557414494,-0.013829936140479763,0.5908947469378503,0.0,0.0,0.0,1.3946181362380354,1.0303618673356703,-9.288328701017656,0.14014264962914294,0.08586618784186487,-0.26684203994671374,0.7700121028484566
0.0,-0.0009779066953208948,0.0010156205984150572,-0.019899009435520858,-0.423168830821646,-0.17758091474875448,0.17657717849028856,-0.019746960534594234,-0.11554765443506572,-0.14373780331878527,-0.011332953656244458,0.02114916167653503,-0.0600474114895606,-0.0163445344201147,-0.8487510491432461,-0.06430149633553521,-0.04815252917780663,-0.01951857477731092,-2.487756930115586,0.0,0.0,0.0,-2.900964232602018,-1.7726018682278342,1.3436912787148296,0.052520614198516606,0.3477713229080719,0.07280894831834951,-0.40733881464258725
-0.001907721363763654,-0.0049182386272549694,0.0227463637020432,0.0008322902211359568,0.1508306623645542,0.040225259573237505,0.08770168027894755,0.0641300950629034,-0.0034055062310171668,-0.020058692819274956,0.10794097319842441,-0.06366874291213125,-0.07050920415088723,-0.08016909893019973,-0.9406410267465356,-0.08010382039076507,0.0006218467821312822,-0.015567861351962278,0.8133782140726706,0.0,0.0,0.0,1.5156452942453047,4.3279340010885985,1.1214447618331884,-2.3414218498850143,-0.04874056686881604,0.2913548807383074,1.1283011758605774
0.0,-0.010061146210619794,0.02314966256774726,0.007797696080165088,-0.5498439094767965,-0.20904166630449278,0.678905729240807,0.07114142247558201,0.04390022372506295,-0.18644822584076978,0.1030318343081717,0.033316708286716255,-0.06775929518136249,-0.008418074878930653,0.6814214515722645,1.2189800421445192,0.18842758775566332,-0.01506860717918608,0.6417429792751157,0.0,0.0,0.0,-1.2182490581917056,-2.910323212645513,2.041104428646729,0.37430632583957807,0.25014927139543575,-0.21909633667280726,-0.619455317472389
0.0,-0.011819586083558374,-0.008259377683773682,-0.02658453305105731,0.6034542323686989,0.25014423311559497,-0.13946442015884308,0.09364786152154665,-0.009465604304381932,0.017218433627718167,0.14682323775666498,0.027295684473729504,-0.14527030776812383,-0.10271435947257407,-2.413599766482886,0.01576992653023155,-0.12060124059699169,-0.040181822239135453,0.6568438243535122,0.0,0.0,0.0,1.0696247394258735,5.0077629521143106,0.7173541065721217,0.17156705558405627,-0.07664720463697516,0.009455370153977703,-0.10248814090986309
-0.0024796860972015654,-0.0014479184896583498,0.029325584346879603,0.0022039319427544844,0.12456162510821894,0.04480142313811835,0.062267690127948416,0.008417295580673365,0.03452495386297205,0.1558978466731736,0.11614383943244466,0.024014062678276386,-0.0020803752724539225,-0.016010785758861196,-0.39310977981777157,-0.023826671790654817,0.1348891635125761,-0.014127018255776105,0.5597927808732857,0.0,0.0,0.0,1.0774551337304838,1.1717662770123598,-8.65780514571327,-2.1415896898268185,0.07225089123238457,0.08093653369454909,0.9343532061529688
-0.0014062165572669583,-0.002172128348670207,0.02850799786215624,0.0015526451854315974,-0.303138158472695,-0.03451124195637421,-0.03993485572180917,0.10020150478995772,-0.0375155611117551,0.10455521122303743,0.12732341045133436,0.09063863924425325,-0.032582106156000934,-0.09542803128114041,-0.5639379451410532,-0.39178642466304026,0.19505359127834612,-0.018793738581266515,0.7741691607938912,0.0,0.0,0.0,-1.68405033162104,5.719130702600163,0.8211779221964624,0.2597817515212598,-0.3344745173839523,0.20236874555508813,-0.6513217627440175
-0.0023146786778331756,-0.001193288657688966,0.024032719375059665,-0.001119923152477591,0.18517957714984093,0.03193858994866921,-0.10139107016679473,0.08775989117630793,-0.01824594853540082,-0.02333390314707934,0.1049918879093088,0.030729671039942334,0.20655255308211837,0.23324839395350117,0.9795151642313569,0.10422093626106428,0.09303042903098167,-0.019793298849272035,0.5580200636340137,0.0,0.0,0.0,-0.14500607322970452,0.2772375186203728,-8.607390248693843,0.42147596778622637,-0.05350293426450966,0.2426259279890996,-0.6132065521795372
0.0,-0.016162451404325623,0.005230854508846863,0.017591546316405603,-1.1086325467551201,-0.6784634946324144,0.271399328606361,0.07266678729779348,0.012684499959224358,0.001104736680117872,-0.20589179957372908,-0.05256434914168807,-0.13390484140339096,-0.170281934062557,-0.13433765855316684,0.943012208298631,0.24366833777561656,-0.04351778518760559,0.5172435720115092,0.0,0.0,0.0,0.33206177808668774,2.1306758014447658,-4.0094460941399,0.23899867037426845,0.1344740199025251,0.06770733494652761,-0.39503118602044895
-0.0022464758383861673,0.007505676542995797,-0.01145243282811908,-0.013430884505932146,-0.39891172207007514,-0.16816974744303165,0.19362337240455124,0.06188122155093215,-0.006111556718202376,-0.0916445529509057,0.10524664020877449,0.040717801250094804,0.33445934917864967,0.06398323204722363,0.34014876595378746,-0.10460631256965429,-0.36138015976467175,-0.06973268019776761,-2.45505283577851,0.0,0.0,0.0,-3.3867148772969786,-3.249183555475582,3.667398225303102,-0.4277548529235573,-0.3470896219491766,-0.026205336154488845,-0.26907432832478906
0.0,-0.019721028911585267,-0.01218648531424679,-0.03905723777988076,0.5936338461213544,0.28171335650447255,0.10495450385589022,-0.10830900454817201,0.06500639895909871,-0.0020553753736808128,0.11139664164648742,0.02729120964753234,-0.06461505260027892,-0.015344233438903126,-0.6920494603588677,-0.4388923340692055,-0.20638606064601603,-0.03747419255563078,0.7271217998892395,0.0,0.0,0.0,1.3612374922132682,4.091470260664411,3.6741341342366636,0.49168072444444666,0.023655192918793876,0.14270667354042735,-0.17912231992097025
-0.005352084889292419,-0.0066232410482127664,-0.09827443995666571,0.03473661438749508,1.2513107018904932,0.4255320711712142,-0.8778726079707873,0.0575478622820062,-0.021307399530040468,0.19959274914540495,0.07607914788538798,0.01918805550148198,0.044523299965202635,0.2666169525831908,0.6223497467116736,-0.021880864594027147,-0.15082825420558366,-0.047911672490275864,0.5695564476509801,0.0,0.0,0.0,1.004123098525155,2.1014522474693806,-2.276756901066192,0.5855323193506738,-0.07910831218631457,0.03866819938246418,0.9694483026459232
0.0,-0.013161261744489679,0.005642156477026835,0.017154312854154894,0.530259408787776,0.3337885021786403,0.07946420432986874,0.025032231744819975,0.040090722612386526,-0.06195429913829124,0.03712897379003545,0.02340561547248796,0.19453743343945434,0.15610341170884007,-0.12599202503296567,-0.04654139797220728,-0.033959210884339563,-0.03771966337377,0.49606073540920226,0.0,0.0,0.0,0.6100923141724596,0.009460202140288998,-8.857992441390943,0.23543680388540947,0.2712027919630293,0.4436371735464846,1.068230430438887
0.0010571719221920757,-0.037323138199889465,-0.039687573448947494,0.003745355372161966,-0.8478185586330372,-0.3849717722383214,0.060289630317560086,0.013903591145514068,-0.026403724875018002,-0.13613289997639344,-0.3354099683187787,0.05322639166089464,-0.0526229981166342,-0.0907928008776165,1.0902986785318116,-0.10530793342821589,0.1350351074892222,-0.023793927952516978,0.45402349766600714,0.0,0.0,0.0,0.4683987202701034,-1.3992729098895307,-4.316098327102226,0.10690364530132564,0.23545177365813327,0.1332543513170377,0.01817337324969579
0.0015597588184690053,0.01663526869383702,0.016098766361762665,0.002312107249091091,-0.4700100260916829,-0.17800656188779948,0.3321932124552958,0.05349604820471924,0.022289020926410257,-0.02607233100185438,0.09442770578727712,0.0758373344081754,0.07350400657139193,-0.008184661650104794,0.7762268359763947,0.09069705079437437,0.0939347069125039,0.54511674079506,0.7120820076050521,0.0,0.0,0.0,1.0359784765219173,-2.512595776116558,7.588268927811342,0.5864911570624056,-0.42104892100162533,0.3037878987403565,-0.10089924969536763
-0.00505678683278658,0.011059056156652064,-0.10489387904840367,-0.04741424997191814,-0.4166621438771924,-0.1447353319360044,0.232068704143538,0.06091030883771424,-0.0034239199383557985,-0.07952646250405164,-0.025550668936730875,0.01237208256152428,-0.07412177134280352,-0.20643127375832926,-0.9528585762881356,0.1399081335261514,-0.010412383278961818,-0.054160669254797796,0.5691677866104379,0.0,0.0,0.0,-0.6353539079305802,0.20712838024813265,-0.06607099387988828,0.3586769003268392,-0.5444432319179238,0.37236021400172237,2.016265966075942
0.0007368261524514108,0.004333554282705575,-0.022161973419154442,-0.009920287471957945,0.4970619337375418,0.19570125601779811,0.2933511437582314,0.01547379682430804,0.005175860206288313,-0.0801743512753066,0.09358589853500567,0.09881212766415816,-0.010548887965623931,-0.13192731938814678,-0.4882566383947287,-0.33315857739516586,0.20612367675949575,-0.014165584526699363,0.48597172564981594,0.0,0.0,0.0,0.7165318949247979,2.4956652455181936,-9.060460865062817,0.40311360245118694,0.025540214902308112,-0.10229099791282678,0.479201209568484
0.0,-0.02486788465692659,0.013246543061266844,0.037989591972170826,0.52333624735827,0.29500067346522946,0.13702587244901648,0.09331702227839256,-0.03160812769555539,-0.1170773243741063,-0.2647636045035257,0.07991594562048517,-0.05254698232748693,-0.16035597564544116,0.23258131346242897,0.07458420819625308,-0.3222526750952791,-0.036978009980443795,0.7330516810382984,0.0,0.0,0.0,1.4070731895015531,4.237246939040066,3.5668536234858865,0.3616169569966258,0.15205326559833746,0.11301168600491787,-0.23076369373755465
0.0,-0.020319122884405644,0.009282630244340173,0.0271621542998178,0.5153131244555152,0.3482352893794542,0.21683326744639103,0.04797570050198165,-0.006737439648388492,-0.0025988436825657036,0.11526849872659606,0.015371039208737029,0.113331874263448,-0.04916450151038883,0.3381774601217387,0.08531400636940634,-0.24850651440740346,-0.03883967346143987,0.8067641505620116,0.0,0.0,0.0,1.3155623225734636,-0.42352328871131656,5.313807907460749,0.1675072810472845,0.35539534236461345,-0.15081582738160337,0.9239231987420464
0.0005851595165361686,0.0039048301964753787,0.0012439928887870843,-0.0068949603678131206,0.44769977430553715,0.18238649819078367,0.17269864431115264,-0.20364787501715947,0.011869145698436456,-0.10466252787925812,0.05127072299961904,0.10208123985197168,-0.05537773267434271,-0.13896606957969979,-0.5828300625457732,-0.04091846680528155,0.290791320259915,-0.014975030685010224,0.45462241049839525,0.0,0.0,0.0,0.7510023082086283,2.1613931490244958,-9.343965769897027,0.48516386002076933,0.043662740833646824,-0.044571531788290215,-0.11972434387222851
0.0,-0.01834576531539212,0.009569712006852851,0.02876990841721823,0.6844772058349181,0.3851476665944133,-0.04395041297320996,0.055408156776218714,0.045909657554036906,0.016522086046910675,-0.18792089058717323,-0.010733141962094803,0.17328108362495512,0.09669650725775263,0.2290575990365503,-1.0176817496353192,0.12139057314994907,-0.04519961442314781,0.634114662018143,0.0,0.0,0.0,1.1973582573959765,2.84506372213098,2.621733958535669,0.10680437925656512,0.20134410086024493,-1.437756520354651,-0.7454686564199483
0.0007041008460413904,0.0042770965692607325,-0.0003583130002014645,-0.017540894422665015,0.5382212253548674,0.20166775270921192,0.21951254660841796,0.0928235576565208,-0.00220548683281951,-0.039059521980744576,0.10277907833808309,0.10071401193242271,-0.004431656497533578,0.007043891102046579,0.2114438833239142,0.10860865470990262,0.11774607030843302,-0.014779640587908403,0.4924287267378205,0.0,0.0,0.0,0.8110968577001129,2.116849163979399,-9.137310705222031,0.2675737244898854,0.08278060574450082,0.3439636540808868,-0.2789606648009077
-0.002181773414260845,-0.0017265206467989244,-0.025573826913714154,-0.016908085418093615,-0.4229723780119918,-0.21183630000881692,0.22940755102007854,-0.22707303885667865,0.010219111361352264,-0.06670967552395764,0.13461599545715272,0.070750164176684,0.04109122812862689,0.016130612897750217,-0.2973528978331683,0.3250130629149778,0.23251508929611817,-0.059933375422415794,0.6427307702913131,0.0,0.0,0.0,-1.2716681679056834,-1.7175758141811635,6.876695234681666,-0.6160650268076798,0.26740982416363396,0.2629268746354926,-0.30609355682478034
0.0,-0.03752901360393569,-0.004421820073047848,-0.016463173878133824,-0.44220782954619514,-0.26010700243692986,-0.06565024015932175,0.031008972352136243,0.03278108973850404,-0.0683782078688991,0.010163342497241813,-0.03889949732145286,-0.09469197699341145,-0.04027559294474727,-0.20467239045302885,-0.3495770703265514,0.34796776746141234,-0.04345169441968703,-3.0780910243197397,0.0,0.0,0.0,1.1814790493102854,-1.732661739709326,3.065867752679328,-0.16461019501398275,-0.18496104781231554,0.3254999982656571,1.209734018989528
-0.002024143232989578,-0.007993303313741118,-0.015487407782369499,-0.0007546162593607665,0.13287389404533748,0.03603273581677871,-0.059368227488735985,-0.0265569851977632,0.10214574181413073,-0.003348632176336624,0.17855923066448817,0.02852356915783797,0.04724788160198533,0.11607802172621352,0.2946607434950735,0.15841937003750986,0.11104322574809034,-0.012310724532135168,-2.8875209322722566,0.0,0.0,0.0,1.21670046886074,-1.084967142291387,-6.988315326829224,0.16983483004297698,0.09720893762171591,0.23625349160476342,0.8000552579360679
0.06058793840722958,-0.006897121964152395,0.05817422526106552,-0.0023289677781473967,-0.314674284736237,-0.054282764117765725,0.42615517292792787,0.04808881703004521,0.02365398997155894,0.07964074543115608,0.15066497145981433,0.01529050763053837,-0.12257445334930693,-0.24572685227347282,-1.0347009535681122,-0.04014825367310149,-0.19644517668801284,-0.02229132694647132,0.5401157647313757,0.0,0.0,0.0,-2.0482574753843705,-0.473494674216404,-3.59358981795785,0.0024133531598253253,0.0888298007835179,-0.1767263048645536,-0.4253094148658206
0.08050826044587023,-0.005088823239432305,0.07847608799302724,-0.011296799096804432,-0.32696367736908416,-0.04129233331125868,-0.01639089102678344,0.06760491445612402,0.0340412805966722,-0.03912522285527671,-0.3967338306336343,0.1130277475273436,-0.08610330562371744,-0.23020837625024776,0.024150368930794898,0.4759535599184019,-0.013522241693056445,-0.021343448418868507,0.7411780641304618,0.0,0.0,0.0,0.5369928020623754,2.9176593894263183,0.37475357367792417,0.3814232502512046,-0.1402563765211318,0.13027834908905025,-0.4062548349608782
0.0017624075756888851,0.004320132182986117,0.028019914320248612,0.00301688643424588,0.44483443862216715,0.27180218561508696,0.12961180398486014,-0.20077726968117263,0.0208717833020174,-0.09489720652055954,-0.2369523472269413,-0.04735824757688193,-0.02973401514029426,0.10658747326597905,0.2693939505213252,0.16762963571940295,-0.13816211991441274,-0.01805652310370428,0.6832768877446721,0.0,0.0,0.0,1.3130295314560814,-0.010666205231940167,3.5336494245562586,-0.2995624752249979,-0.19316364496284047,0.1770473495074437,1.343510067958886
0.0,-0.018161200560885493,0.010465898231112438,0.009103401564522823,-0.6034008247809352,-0.24849972849674712,-0.21549485878518848,-0.012701078558787798,0.0326382154835882,-0.14928390689408605,0.1461799573401731,0.01459007968552534,0.3738480731296169,0.16183475824536872,0.3815692212690101,0.015925624736376896,0.398260943896687,-0.05215237252172378,0.573476570245951,0.0,0.0,0.0,-0.5825773575626821,-2.0631970917310296,-0.36721076066784536,-0.49912406306031715,-0.08642514176714598,-0.13079387730091516,0.00814614278415431
0.0,-0.021606664984413618,0.017095328606280824,0.01856779276844967,0.5487760702782416,0.35751580781155956,-0.05486582791666809,0.04340628337071087,0.059148399226866225,-0.032353515642565514,0.06889432030305802,0.014770859079672129,0.18283686098874696,0.11103741172799918,0.01444626555098805,-0.2986038006965519,-0.2142581132177825,-0.04489813941044604,0.753579117299424,0.0,0.0,0.0,1.1973735418356228,0.5897437189618531,4.825907943068924,-0.011167632633008141,-0.24492828211054954,-0.032366018550133616,0.6436474071014194
-0.007924568520906273,-0.027246037390540802,-0.03387856622059806,0.009283582596252605,1.1284067133576285,0.3987115404327554,0.07662488757263679,-0.07835355030145143,0.009465766508799711,0.028096767521630227,0.13806039674815035,0.01791189184384538,0.24208862273331855,0.20969473004265846,0.5765600026330014,-0.064230593634257,-0.47362211724380826,-0.055546380213658285,0.4863216332033562,0.0,0.0,0.0,1.01241077942418,-3.039237927124994,-2.0389040246335552,0.16547130864289386,0.19910800821991415,-0.4692839589096607,-0.3281799548897378
0.0,-0.014734177848420668,-0.012001102790098465,0.02566662117762346,-0.9243007362595907,-0.6092476516579216,-0.13132418145387104,-0.0708006245855662,0.07209168968829695,-0.053206592403728735,0.09862509400992477,0.023604203449893783,-0.1432707018617454,-0.17466316742308385,-0.07794209412370326,-0.06272639571766682,-0.4756355315479608,-0.05354030686222751,0.48730376783924484,0.0,0.0,0.0,0.3988254367671933,-1.4196839888717077,-4.537002574785598,0.39483545872161224,0.03347322997942275,-0.22533132968065556,0.16609026636621677
0.0,-0.020475572373871476,0.04350428578355604,0.023336454195590255,-0.5172186746022144,-0.2738356129253752,0.35960666892145227,-0.029024707315299852,0.05081877841999982,0.019836064124042145,0.11268987951183389,0.032339934545839596,-0.17291044011246742,-0.10765544333423117,-0.08830028525829889,-0.00278806568425372,0.1251606967555427,-0.053742718206536755,0.6737949326792367,0.0,0.0,0.0,-0.545960690379127,-0.609760192146208,2.9005037182935074,0.6344175739650999,-0.18656437974139575,0.1856766049483856,-0.7139880400247789
-0.0028064670681603398,-0.0011439450835777328,0.008513224210645681,0.0008322902211359571,-0.3210452663105796,-0.07159223343984171,-0.2264508801578162,-0.002369189474578919,-0.03828240788793706,0.1592129755536606,0.09856698986401648,0.02851551270273204,-0.046484510642617556,-0.022342834645653804,-0.6519867036145518,0.2790438509713319,0.3551222281682831,-0.01607065647026429,0.6324178476346932,0.0,0.0,0.0,-1.0194104016201628,-0.1650840609183836,-4.001869920657676,0.04836658553476121,-0.4466408017007142,0.2922867571027342,1.2687431706068348
-0.0008408399536995043,-0.007528430845333209,-0.04632001258828666,-0.001486736084626793,0.1542980975192814,0.03628570539824689,0.02382588897748651,-0.12728826167526666,-0.03179519216646446,0.13488109199508805,0.18557582569967562,0.03785446197377738,-0.00966928262974871,-0.03721453121272269,0.6947075040873673,0.34614327282826396,0.02272081630461191,-0.01992434545907792,0.861593063962502,0.0,0.0,0.0,0.9087411380106487,1.6984605123734962,5.802385199769544,-1.8470420281392144,0.4457275825197627,-0.2092371148877515,-0.323744672743339
-0.007785599341709129,0.015575525432783382,0.07572305711424845,-0.0026571562827811942,-0.5159505783089852,-0.2302850741917883,-0.20074447784478366,0.05407251270353442,-0.013448319262506647,-0.062347197450438055,-0.010729347728138997,0.0764547466638503,-0.11584208541690826,-0.07186297240328801,0.500000188669484,0.12343157653065054,-0.0368065865248888,-0.05418327719051762,0.5549590513346264,0.0,0.0,0.0,0.6026259514188643,-3.1559601505342916,0.05074773680067616,0.07081619526165746,0.042141963645271896,0.19537790051194892,1.2005550286361646
-0.011201457348803753,0.04555400961821733,-0.015510379290787944,0.003615071188972014,0.4033184284085181,0.17858496980532615,0.23277438059878275,0.022114244063895786,0.012857973805648315,-0.0690309552056324,-0.2417661137800722,-1.337126509257836,-0.019755728259596827,0.19964616653585085,0.9898477577081347,-0.17440952338325524,-0.06081747954639251,-0.022566376720137133,0.4175619456043725,0.0,0.0,0.0,0.670494883125653,-0.7303693866721976,-8.38334020468012,0.269918579246597,-0.1203347347157004,0.24292388834585188,-0.3465658038751633
-0.002047445758849131,0.00018692940413070043,0.01016993827525623,-0.01383414479363715,-0.472555802874665,-0.1985557393024983,-0.3403322606475622,-0.11110205340468235,-0.06196140276032112,-0.10387409013558585,-0.25551349010817176,-0.22375396339856085,-0.07234721714092786,-0.11881865506659314,-0.3876097938800668,0.980530040421033,0.1168009558780012,-0.05072055955393723,-2.3080224895053614,0.0,0.0,0.0,-1.7907854290225367,-1.9946608417926746,1.4939562415964425,-0.14883561625713623,0.3429893656212403,-0.001865677496467575,-0.5881080763074888
0.0,-0.021397504976204768,0.004684025876897166,0.023212105423718425,-0.7069294761333675,-0.2667362015841723,-0.10154909454140587,-0.1732074194568087,-0.25959449412045604,-0.006136363034915832,-0.12804650932067,-0.024257821982848968,-0.21224518752805047,0.07338226469116706,-0.127290586691253,0.06114737648628636,0.3864196970396086,-0.048542814552390096,0.5151913943436945,0.0,0.0,0.0,0.8501561465614373,-1.0658224849301565,-0.8053667980717366,-0.5725016223922129,-0.18522761000522125,0.02135906898537482,-0.3337968653487191
-0.008775839092889719,-0.017515264270281855,-0.02475493185101838,0.0009786970567524822,0.4683563504499517,0.2085326134190537,-0.06538542491262822,-0.09272917690056745,0.015024441353999404,-0.12869610118877228,0.10526942638885543,0.008927268693338557,0.24724621451981738,0.13577604527794354,0.5157166567287467,0.05781207725237934,-0.40091920530199443,-0.055411416248351913,0.3830908794068724,0.0,0.0,0.0,0.6793768094812496,-1.381813103111165,-7.306720030062307,0.04701176137637858,-0.4790257135787993,-0.0020206018187000994,-0.5710856553149622
0.0015430256476987251,0.00018899968438845045,0.04101979048527849,-0.005947411336031696,-0.3873767210342954,-0.15551767487641704,0.03680603103264134,0.046102844685694866,0.048939389487821554,-0.03781228138279726,0.10913998825347808,0.08736944475410356,0.11281597389842228,0.04538246458753716,0.633824189009985,-0.27805461839847545,-0.10339060759505782,-0.021647390699551093,0.816487189990471,0.0,0.0,0.0,-1.5212831152216781,-1.4018464009886216,5.787452182409368,0.5059853528105615,0.6262908042289486,0.31106201804733435,1.4057003908548291
-0.002722424105539149,-0.029592045985273478,0.05220893651296331,0.0015526451854315977,0.2439113534240647,0.024212199883585105,-0.07582507618489484,-0.16067779580769811,0.10719331325497676,0.03492148161066134,0.13282674925215063,0.02827309355185239,-0.10531111898139817,-0.180016998078288,-1.508307855827469,0.13125085407825843,-0.18303817616420623,-0.02413567357122085,0.610107127846416,0.0,0.0,0.0,1.540318982376018,-1.4513478932512087,-1.2580490653211176,-0.4538437725752405,0.06014294894957435,-0.22023239864983687,-0.5489424431586672
0.000573604918688361,0.0036738449239251845,-0.008259168468853021,-0.01094629703233632,0.7931605966487743,0.2180913890734261,-0.572540505547213,0.0516873718441288,0.010830227466510023,-0.006166679228717314,0.08349484903485065,0.07481253888614363,-0.16051565439468635,-0.2694842143429316,-1.258494084238735,-0.15003018689959477,0.221586242640434,-0.017875899535605387,-2.521060584025515,0.0,0.0,0.0,0.7875670804872393,1.6201575764641645,-2.4161661806418167,0.35594782870923125,-0.28965138337155044,0.33394008999802566,-0.26331466405535897
-0.006368471004163869,0.0036623378496620216,0.034131365507903036,0.03407123543981739,0.4926580773707823,0.2432538588296976,-0.032113836574397654,-0.046614480349508144,-0.003070238038644196,0.008444535746548514,0.12367467862573459,0.04335541487493899,0.07824765138056611,0.024271021040485848,0.7659095143634881,-0.024358788280786334,0.3635802582484565,-0.04576246100064816,0.45231516900993585,0.0,0.0,0.0,0.8005337027112015,1.6767844439986272,-8.915533722416452,0.45163150440436267,0.15208565131620272,-0.05328282550436102,-0.4282914682310903
0.0,0.04618202695722102,-0.0130352778710368,0.007258722273442796,-1.0481286815755098,-0.6969189234540005,0.14379765648373105,0.04082850989871501,0.02666134396346495,-0.013259225014562885,-0.3838932445521483,-0.06142997579316704,0.26441948005178806,0.2525222864922738,0.5617190496574285,0.06006156833913319,-0.014778440860116787,-0.04819997939616129,0.45627923830395317,0.0,0.0,0.0,0.4124120351229473,-2.0470609988111645,-4.284169486375518,-0.0346403536935174,-0.026671758620811663,0.058522362148146004,-0.4316591486598915
0.00074158866862235,0.0041703809357821545,-0.010895197462618843,-0.005802650127312257,0.4839901179878522,0.20208121152601255,0.24012326963581065,-0.29314745435656814,0.004332482991355731,-0.05631789964538674,0.06695316326726995,0.10152922371519366,-0.015442505145349845,-0.11268158027718699,-0.549716176171367,0.12147044746708927,-0.1671265313428207,-0.014097127844990726,0.45021524195729995,0.0,0.0,0.0,0.7594645968690871,2.8935137742032238,-9.036948074080527,0.08548610015634489,0.11443846373041656,-0.12429058144214529,-0.14999422752221664
-0.034528203611269806,0.00986308841048057,-0.012362281319168075,-0.0035795352424721,-0.41393929383140887,-0.19284582349189217,0.29505000059399955,0.06138127779260499,0.026292418971172446,0.2804111352872791,0.10507472315058065,0.07269959230270348,-0.20116064076513085,-0.07431080876721469,0.7776614111757615,0.14281655386189723,0.4132969459995485,-0.019781249440734807,0.7197241514441012,0.0,0.0,0.0,1.142139187048887,-2.0547614874893547,6.875379494255168,0.2450833666809459,-0.5107205091866532,0.41880626654199016,-0.3789023934605005
-0.00208387101207496,0.0036534812094140526,-0.06681260752136034,-0.01707845132643152,0.6075737589216372,0.251990355522926,-0.11906286316940207,0.04851991007465285,0.022302342017281502,-0.0631838025451838,0.04083945995108576,0.05722044509816671,-0.0672665024052948,-0.16627425175979227,-1.2147007850544675,0.07088915898445124,-0.3926997369464647,-0.039653849091067214,0.6538246796638024,0.0,0.0,0.0,1.139325184588404,3.600611506056423,3.7118342165277847,-0.12508099527098215,0.18900375486610313,-0.2111817271417064,1.3997778013314752
-0.002249872280834376,-0.00494729007345314,0.04913841330489069,0.0008322902211359571,-0.16965934015187628,-0.04516417740590198,-0.16594503605094377,0.015070094307299739,0.020986003239207573,-0.012302201111050806,0.0954697176141192,0.03581618561404479,-0.03757213382180794,0.004791702194941698,-0.26565524514572797,0.4705920586718801,0.2078737745966026,-0.015168567541120283,-3.324722257561031,0.0,0.0,0.0,-1.558038755309859,-1.0339513479993245,-0.4537891659140525,0.2822082499872881,0.21134740661168488,0.18539990143265908,1.542611688409964
-0.0009116681403272472,-0.006919632487131149,0.11371453858859913,0.0015526451854315977,-0.2675968395911037,-0.06618544936955732,0.03633113525851334,0.12713117051404957,-0.06502601209927347,-0.039228116376033385,0.18042913423084986,0.018846852920254606,-0.10153670533752217,-0.22598093859345553,-0.9719982783486623,-0.04480851896164955,-0.048899330772301006,-0.024198948112304868,0.7215714407322026,0.0,0.0,0.0,0.7815143118996274,-0.048192929969834895,3.161422391026097,0.0649924271803742,0.12383501821385001,-0.5826403975236432,-0.9031375547394977
0.0018999626525965391,0.002105278052910023,0.009754916592614743,-0.007620754973715903,0.38467709595132943,0.18607077424547833,0.13931288471853867,0.031868812877403244,0.019212054948991503,-0.06730133771797991,-0.06437221421875058,-1.6236441241766502,0.0027141185604565737,0.017614610000423785,0.33917340831166937,0.24379174625337582,0.13563197086352793,-0.014089686509994356,0.7303908885215791,0.0,0.0,0.0,1.2948348477614633,2.197651584855513,5.381847821972657,-0.08415074459980054,-0.2272573949192468,0.3213217919490956,0.8131808824487383
0.0,0.003452788071189614,-0.00632742272866753,0.014042445982139305,-1.3415874524808364,-0.5993558774809433,-0.3643026400584699,-0.13961692111939542,-0.13192871005055523,0.4120754469558499,-0.01661068678518482,0.05109511867055729,-0.019352429142064916,0.01676421797459888,0.022726547136629128,-0.32839207695627126,0.21986877732621102,-0.013412116738100277,0.5532979604858119,0.0,0.0,0.0,0.3036472468681159,1.827821574329378,-3.921698684825253,0.19570319626650604,0.3231915141088673,-0.15851708278545282,-0.5203455216718272
0.0016623959707876865,0.0032966307182334203,-0.008359529268703356,-0.006613691505977308,-1.0496472436700692,-0.31485224287940894,0.1721181177632834,-0.17844832573416192,0.004773799232413822,-0.08085281224981405,-0.09821802797612897,-1.6513122648116128,-0.08451901108908794,-0.14955979658126778,-0.8853912705977208,0.06794627898146269,-0.0642358808605326,-0.015204654480350088,-1.9543433683463458,0.0,0.0,0.0,0.3930502032455441,2.428665287531133,-3.1686397526480157,0.020179784501453517,0.3481414264577289,-0.002959498618802677,-0.42566186943752093
-0.0023284443925296505,-0.0002591822585454439,-0.07082215757011646,-0.0033058979141317264,0.3788334199983632,0.046282407349919924,-0.005577705751278476,0.002338927654973489,-0.02652501296421027,0.0021022979561320272,-0.6163603236698623,-0.2249695519008429,0.011243339628490542,0.2837595787728227,-0.13541609990626538,0.05864772668517079,0.35008540383698117,-0.015299676939476587,0.6916329883715082,0.0,0.0,0.0,-0.9640775414953557,1.8413688303310733,-3.8604511049002252,0.35764462885090686,-0.042445331851141146,-0.23015155252536607,1.179195618564506
-0.0008566774123406613,-0.007255583271015289,-0.017499547548639683,-0.0005711419642238277,-0.17741066981850542,-0.04995165584102961,0.05169256777054801,-0.03972095849403183,-0.024299928266733595,0.24084590865521954,-0.29423560638223256,-0.12575339263062627,0.04137787482330225,0.16017126436756804,0.4514686426764646,-1.2557959920759572,0.10048250731046866,-0.019774239455907765,0.8701789405541651,0.0,0.0,0.0,1.0764693236645348,-1.3684213908920804,5.328535077462817,-0.16104201724337225,-0.1078523893200172,-0.2353850018165818,1.1530504504581238
0.0015430256476987251,0.006433878689201699,0.027784526182160107,-0.00397403654493927,0.3722522675498107,0.12495695839206962,-0.18733319202168408,0.005640422860905436,-0.14897512229336649,-0.021696446120092226,0.0646568795569839,0.0709269199173324,0.014753218220323643,-0.03516585093888588,-0.7126455126761871,0.10805689037339158,0.12050754632499483,0.6341279965841902,0.7718505068954592,0.0,0.0,0.0,1.0181158230431662,-1.820628811718252,6.922242352191368,0.4599524695443038,0.41192641577878725,0.25390945841698015,1.1047398206042645
-0.002513018944840904,-0.005127790311114101,0.06878884189939986,0.0022039319427544844,0.16432081316059785,0.041497146796832536,0.07679215230777997,0.059013551649646674,0.006527489619276959,-0.012029021906730095,0.18134640992981585,0.04601703063860953,0.015239771367059304,0.012196460413756495,-0.6023735323072498,0.0017622548475024413,-0.01615991713821899,-0.016227692415627874,0.5979827318981554,0.0,0.0,0.0,1.2805899386159951,1.629648961439863,-9.054161035257648,-0.671338805821462,0.07306582750000924,0.12349824602452616,0.9339583061096293
0.0,-0.013388208540760655,-0.0018884773237590386,-0.0454285053282682,0.9435026223583206,0.5066948342136316,-0.18087247235554826,0.07686570008710875,0.01655579524341953,0.027303348242636714,0.07500215389406437,0.041455705757269395,-0.22132328889354813,-0.2408983069986853,-0.37909787518659666,-0.08711097130140084,-0.05119129240937419,-0.03755730081241965,-2.807039578636578,0.0,0.0,0.0,0.7720829188770949,1.6304026482750282,-2.294014169732131,0.7554985576776881,0.16445885621968587,-0.03293396038340042,-0.32393062768469977
-0.0010258271568846546,-0.004569321689048365,0.03273529433851271,0.0015526451854315974,0.12967305360686526,0.030973860330372395,0.0660766114013732,0.09192961255093694,0.009714397280958995,0.04465082231866374,0.1560239759765582,0.044972685375196886,-0.090143892611618,-0.09726022107022199,-0.41310566222674283,0.05808374807183805,0.236572936178966,-0.01353033571659288,-2.804529029047709,0.0,0.0,0.0,1.136439154963684,2.1557891091011907,-8.028161511149985,0.27943719356586605,0.04920132966222064,-0.11593897650902923,-0.5820426325754561
0.0,-0.0007524218960151642,-0.015510725028612636,0.029225967262636158,-0.5485456748022893,-0.22278947805567936,-0.017539021455843795,0.05504589029439877,0.03927106338760745,-0.12406775201055079,0.023320505256472262,0.032081615134861935,-0.0601182777124468,-0.06232915322838155,-0.2393074585877737,0.05487152067226751,-0.11460256692385652,-0.01560720012875826,0.6528289495549774,0.0,0.0,0.0,-1.209519847183624,-1.6099564702001963,2.3237832210821954,0.47990193283103866,0.3837198200816813,-0.29179100997574225,0.43989870141059395
0.0,-0.01609446622047055,0.014287969831281094,0.01573849012558129,0.9505375312853739,0.5288922889989822,0.06748137029363005,0.05968289358014191,0.02820486275087795,-0.05952577014333393,0.037144765705889954,0.043085573599898924,0.14981122890634102,0.10491709029837144,1.269877704081431,0.02769595583822244,0.37340680797862735,-0.017350485133046017,0.6139442703057427,0.0,0.0,0.0,0.8113298574934492,-0.37179465055705574,-2.4766771415553173,0.34137976154032224,-0.013968006027830014,-0.4341835262167138,-0.6760437694640333
0.0,-0.0007524218960151642,0.010714879650636645,-0.018390969337781008,-0.9612954277440883,-0.4950547373756644,0.11688128827712742,-0.04522135433605935,-0.05537324606599665,-0.10018323084809387,-0.022993586056128907,0.02761563179409536,-0.06456798233597567,-0.040849765074292776,-0.7392278838731944,0.5589268129825047,-0.12379486181109874,-0.02168280714291517,0.48730195970609613,0.0,0.0,0.0,-0.725996818535539,-1.5077440077480628,-4.0576332874413765,0.010635606436021046,-0.09934448933356252,-0.3574482836203112,-0.2525358283250074
0.0,0.20974907648050778,-0.003630902315059447,0.007397479206594486,-0.5837929279297082,-0.2833835992588547,0.05694679486291536,0.011345070116641017,0.031166570430475497,-0.1440448942409874,0.16536471163915206,0.027942655421269735,0.4112382992929574,0.12672053446139653,0.6158048077418119,-0.17469815809127237,-0.13164529104081418,-0.053056460004592604,0.570620937607997,0.0,0.0,0.0,1.182514769623185,-3.8281650820453756,2.53241098290823,-0.4139457842370581,0.20519984075741285,0.07920152139917601,-0.7961592299365977
0.0,-0.0010882019874433565,-0.007830149220173686,-0.047281589799338775,-1.452710862762245,-0.6948311122647749,0.22372074114313062,0.014511993313704251,0.0237028436344429,-0.07201295735395162,0.23203354555094527,0.10047478955332444,-0.025543715845818077,-0.10169935775961965,-0.9215818580909465,0.09882111685160323,0.39102002126689056,-0.010776229797543252,0.5714016388012911,0.0,0.0,0.0,0.19154633360111273,1.1877488603110247,-3.695018956567568,0.35915991916695617,-0.32703542484911985,-0.11234463076275948,1.1861843880934961
0.13845810130168895,0.0036913707837688326,-0.0034454064232790882,0.011028337972796889,0.5956743254930312,0.1819580897310015,0.2062856079205689,-0.1982363042174829,-0.0365770997512335,0.17126833473656675,0.14212217476867442,0.056626157733472855,-0.09530687053546791,-0.23133178944313512,0.6992845054740714,0.6716043032251166,0.35101364233184135,-0.041408928513775874,0.6296522905237802,0.0,0.0,0.0,1.2690578776670562,3.0802620019637486,0.9966717224413524,0.37998500982815786,0.29261031785576247,-0.24532624606798392,-0.34460617280855
0.0015430256476987251,0.002833710642231457,-0.027741051027867496,-0.005321148382528879,-0.41050588944229954,-0.1927629569744775,-0.13430805450127858,-0.14056452810698347,0.021828528158892687,-0.09224154901898707,0.04722371784342423,0.08840266860751747,0.27748671752121784,-0.06177314737337999,0.9398920741172232,0.26686794411623904,-0.1873732412920547,-0.02205350200220447,0.6905598625673767,0.0,0.0,0.0,1.0662632608290852,-3.305283524065855,5.716753819754054,0.4753841089522333,0.3297094754008496,0.06655229441071159,1.033345864316849
0.001002419570911266,0.042972529300746236,0.02481193837505483,0.00021381730124805622,-0.31554992705898216,-0.10278060965695393,0.06783319751286582,0.093674882153381,-0.0007037373573481279,0.4681794265519508,0.09565262306406896,0.0654991784176687,-0.10668073656508029,-0.05076466417796636,0.8016503783782566,0.09348221300404325,-0.030634653554682204,-0.016193854661973612,-2.2462144281877308,0.0,0.0,0.0,-0.8688553894611912,-1.4688442438274179,-0.16338774784392338,-0.8522568678015068,0.28686918382183624,-0.31030835696770376,0.07056310423886339
0.0006850267891656147,-0.008345740347194038,-0.009763305243762094,-0.002443924831650768,0.506148401665446,0.21359863490750994,0.09307782534822322,-0.09259777621966435,0.012466840775715131,-0.06370229083708812,-0.22202202560858944,0.09562553468754077,0.0841258231429783,0.13812541502026354,0.8470138883860452,0.10951642798328014,-0.5153619706130756,-0.017005602962375133,0.4634755030998653,0.0,0.0,0.0,0.97088261289517,1.4895077900147744,-8.718265755106534,0.4515704881467548,-0.0484387916789842,-0.1839986512190351,-0.39828676667066354
0.0,0.02685588841018888,-0.0032953447706927466,0.015008632984922892,0.5578672978515317,0.3275547434505616,0.11166397704712967,0.03540459840597867,0.02357563672098195,0.02227504698181633,-0.23252959136468154,-0.12336625173622057,0.18960111921079773,0.2831935806298716,0.7158943103395288,0.06840831976524772,0.0953556153091194,-0.035929715494368374,0.4574476143624284,0.0,0.0,0.0,0.6205027402265684,1.579353238359214,-8.826924279753761,0.23533660885075647,-0.02994254793193016,-0.5710912048236374,-0.5539569419495113
0.0,-0.09595601952684846,-0.00380290289607624,-0.004077322048424655,-0.5776503156787514,-0.33177439322359764,-0.005606140991192567,0.1253914534777165,-0.12019248857744075,-0.0012745746621051798,-0.0233838701224458,-0.06073343667830696,-0.10219475214945789,-0.07563416734375353,-0.13191323561605445,0.06369659615603979,0.046617852991911804,-0.07270167749087002,0.5395685075989448,0.0,0.0,0.0,-3.5888154731821467,-2.7895745293470577,3.788132835204939,0.3880767702922788,0.22515908522727274,-0.5302394902649791,-0.6358141125915221
0.0,-0.0009804128945946158,0.00571225828087968,0.038480319966501496,0.6417520068463232,0.25085947285621957,0.16014904371506042,-0.016349741824072398,0.040519732570419666,-0.0727900032428259,0.04592726048935078,0.05681655309775132,0.03458596075466085,0.012866445009855332,0.44147034729611406,-0.5762351937222947,0.13984414849354956,-0.011184578866615925,0.7748932949860234,0.0,0.0,0.0,1.5970081398536147,-0.8978293368400481,3.143087866245234,0.5434747997812587,0.11593466934687166,0.019554424973724734,1.8655519952467665
